timestamp,equity,cash,open_positions
2025-10-18T06:00:00,1000.0,1000.0,0
2025-10-18T06:15:00,1000.0,1000.0,0
2025-10-18T06:30:00,1000.0,1000.0,0
2025-10-18T06:45:00,1000.0,1000.0,0
2025-10-18T07:00:00,1000.0,1000.0,0
2025-10-18T07:15:00,1000.0,1000.0,0
2025-10-18T07:30:00,1000.0,1000.0,0
2025-10-18T07:45:00,1000.0,1000.0,0
2025-10-18T08:00:00,1000.0,1000.0,0
2025-10-18T08:15:00,1000.0,1000.0,0
2025-10-18T08:30:00,1000.0,1000.0,0
2025-10-18T08:45:00,1000.0,1000.0,0
2025-10-18T09:00:00,1000.0,1000.0,0
2025-10-18T09:15:00,1000.0,1000.0,0
2025-10-18T09:30:00,1000.0,1000.0,0
2025-10-18T09:45:00,1000.0,1000.0,0
2025-10-18T10:00:00,1000.0,1000.0,0
2025-10-18T10:15:00,1000.0,1000.0,0
2025-10-18T10:30:00,1000.0,1000.0,0
2025-10-18T10:45:00,1000.0,1000.0,0
2025-10-18T11:00:00,1000.0,1000.0,0
2025-10-18T11:15:00,1000.0,1000.0,0
2025-10-18T11:30:00,1000.0,1000.0,0
2025-10-18T11:45:00,1000.0,1000.0,0
2025-10-18T12:00:00,1000.0,1000.0,0
2025-10-18T12:15:00,1000.0,1000.0,0
2025-10-18T12:30:00,1000.0,1000.0,0
2025-10-18T12:45:00,1000.0,1000.0,0
2025-10-18T13:00:00,1000.0,1000.0,0
2025-10-18T13:15:00,1000.0,1000.0,0
2025-10-18T13:30:00,1000.0,1000.0,0
2025-10-18T13:45:00,1000.0,1000.0,0
2025-10-18T14:00:00,1000.0,1000.0,0
2025-10-18T14:15:00,1000.0,1000.0,0
2025-10-18T14:30:00,1000.0,1000.0,0
2025-10-18T14:45:00,1000.0,1000.0,0
2025-10-18T15:00:00,1000.0,1000.0,0
2025-10-18T15:15:00,1000.0,1000.0,0
2025-10-18T15:30:00,1000.0,1000.0,0
2025-10-18T15:45:00,1000.0,1000.0,0
2025-10-18T16:00:00,1000.0,1000.0,0
2025-10-18T16:15:00,1000.0,1000.0,0
2025-10-18T16:30:00,1000.0,1000.0,0
2025-10-18T16:45:00,1000.0,1000.0,0
2025-10-18T17:00:00,1000.0,1000.0,0
2025-10-18T17:15:00,1000.0,1000.0,0
2025-10-18T17:30:00,1000.0,1000.0,0
2025-10-18T17:45:00,1000.0,1000.0,0
2025-10-18T18:00:00,1000.0,1000.0,0
2025-10-18T18:15:00,1000.0,1000.0,0
2025-10-18T18:30:00,1000.0,1000.0,0
2025-10-18T18:45:00,1000.0,1000.0,0
2025-10-18T19:00:00,1000.0,1000.0,0
2025-10-18T19:15:00,1000.0,1000.0,0
2025-10-18T19:30:00,1000.0,1000.0,0
2025-10-18T19:45:00,1000.0,1000.0,0
2025-10-18T20:00:00,1000.0,1000.0,0
2025-10-18T20:15:00,1000.0,1000.0,0
2025-10-18T20:30:00,1000.0,1000.0,0
2025-10-18T20:45:00,1000.0,1000.0,0
2025-10-18T21:00:00,1000.0,1000.0,0
2025-10-18T21:15:00,1000.0,1000.0,0
2025-10-18T21:30:00,1000.0,1000.0,0
2025-10-18T21:45:00,1000.0,1000.0,0
2025-10-18T22:00:00,1000.0,1000.0,0
2025-10-18T22:15:00,1000.0,1000.0,0
2025-10-18T22:30:00,1000.0,1000.0,0
2025-10-18T22:45:00,1000.0,1000.0,0
2025-10-18T23:00:00,1000.0,1000.0,0
2025-10-18T23:15:00,1000.0,1000.0,0
2025-10-18T23:30:00,1000.0,1000.0,0
2025-10-18T23:45:00,1000.0,1000.0,0
2025-10-19T00:00:00,1000.0,1000.0,0
2025-10-19T00:15:00,1000.0,1000.0,0
2025-10-19T00:30:00,1000.0,1000.0,0
2025-10-19T00:45:00,1000.0,1000.0,0
2025-10-19T01:00:00,1000.0,1000.0,0
2025-10-19T01:15:00,1000.0,1000.0,0
2025-10-19T01:30:00,1000.0,1000.0,0
2025-10-19T01:45:00,1000.0,1000.0,0
2025-10-19T02:00:00,1000.0,1000.0,0
2025-10-19T02:15:00,1000.0,1000.0,0
2025-10-19T02:30:00,1000.0,1000.0,0
2025-10-19T02:45:00,1000.0,1000.0,0
2025-10-19T03:00:00,1000.0,1000.0,0
2025-10-19T03:15:00,1000.0,1000.0,0
2025-10-19T03:30:00,1000.0,1000.0,0
2025-10-19T03:45:00,1000.0,1000.0,0
2025-10-19T04:00:00,1000.0,1000.0,0
2025-10-19T04:15:00,1000.0,1000.0,0
2025-10-19T04:30:00,1000.0,1000.0,0
2025-10-19T04:45:00,1000.0,1000.0,0
2025-10-19T05:00:00,1000.0,1000.0,0
2025-10-19T05:15:00,1000.0,1000.0,0
2025-10-19T05:30:00,1000.0,1000.0,0
2025-10-19T05:45:00,1000.0,1000.0,0
2025-10-19T06:00:00,1000.0,1000.0,0
2025-10-19T06:15:00,1000.0,1000.0,0
2025-10-19T06:30:00,1000.0,1000.0,0
2025-10-19T06:45:00,1000.0,1000.0,0
2025-10-19T07:00:00,1000.0,1000.0,0
2025-10-19T07:15:00,1000.0,1000.0,0
2025-10-19T07:30:00,1000.0,1000.0,0
2025-10-19T07:45:00,1000.0,1000.0,0
2025-10-19T08:00:00,1000.0,1000.0,0
2025-10-19T08:15:00,1000.0,1000.0,0
2025-10-19T08:30:00,1000.0,1000.0,0
2025-10-19T08:45:00,1000.0,1000.0,0
2025-10-19T09:00:00,1000.0,1000.0,0
2025-10-19T09:15:00,1000.0,1000.0,0
2025-10-19T09:30:00,1000.0,1000.0,0
2025-10-19T09:45:00,1000.0,1000.0,0
2025-10-19T10:00:00,1000.0,1000.0,0
2025-10-19T10:15:00,1000.0,1000.0,0
2025-10-19T10:30:00,1000.0,1000.0,0
2025-10-19T10:45:00,1000.0,1000.0,0
2025-10-19T11:00:00,1000.0,1000.0,0
2025-10-19T11:15:00,1000.0,1000.0,0
2025-10-19T11:30:00,1000.0,1000.0,0
2025-10-19T11:45:00,1000.0,1000.0,0
2025-10-19T12:00:00,1000.0,1000.0,0
2025-10-19T12:15:00,1000.0,1000.0,0
2025-10-19T12:30:00,1000.0,1000.0,0
2025-10-19T12:45:00,1000.0,1000.0,0
2025-10-19T13:00:00,1000.0,1000.0,0
2025-10-19T13:15:00,1000.0,1000.0,0
2025-10-19T13:30:00,1000.0,1000.0,0
2025-10-19T13:45:00,1000.0,1000.0,0
2025-10-19T14:00:00,1000.0,1000.0,0
2025-10-19T14:15:00,1000.0,1000.0,0
2025-10-19T14:30:00,1000.0,1000.0,0
2025-10-19T14:45:00,1000.0,1000.0,0
2025-10-19T15:00:00,1000.0,1000.0,0
2025-10-19T15:15:00,1000.0,1000.0,0
2025-10-19T15:30:00,1000.0,1000.0,0
2025-10-19T15:45:00,1000.0,1000.0,0
2025-10-19T16:00:00,1000.0,1000.0,0
2025-10-19T16:15:00,1000.0,1000.0,0
2025-10-19T16:30:00,1000.0,1000.0,0
2025-10-19T16:45:00,1000.0,1000.0,0
2025-10-19T17:00:00,1000.0,1000.0,0
2025-10-19T17:15:00,1000.0,1000.0,0
2025-10-19T17:30:00,1000.0,1000.0,0
2025-10-19T17:45:00,1000.0,1000.0,0
2025-10-19T18:00:00,1000.0,1000.0,0
2025-10-19T18:15:00,1000.0,1000.0,0
2025-10-19T18:30:00,1000.0,1000.0,0
2025-10-19T18:45:00,1000.0,1000.0,0
2025-10-19T19:00:00,1000.0,1000.0,0
2025-10-19T19:15:00,1000.0,1000.0,0
2025-10-19T19:30:00,1000.0,1000.0,0
2025-10-19T19:45:00,1000.0,1000.0,0
2025-10-19T20:00:00,1000.0,1000.0,0
2025-10-19T20:15:00,1000.0,1000.0,0
2025-10-19T20:30:00,1000.0,1000.0,0
2025-10-19T20:45:00,1000.0,1000.0,0
2025-10-19T21:00:00,1000.0,1000.0,0
2025-10-19T21:15:00,1000.0,1000.0,0
2025-10-19T21:30:00,1000.0,1000.0,0
2025-10-19T21:45:00,1000.0,1000.0,0
2025-10-19T22:00:00,1000.0,1000.0,0
2025-10-19T22:15:00,1000.0,1000.0,0
2025-10-19T22:30:00,1000.0,1000.0,0
2025-10-19T22:45:00,1000.0,1000.0,0
2025-10-19T23:00:00,1000.0,1000.0,0
2025-10-19T23:15:00,1000.0,1000.0,0
2025-10-19T23:30:00,1000.0,1000.0,0
2025-10-19T23:45:00,1000.0,1000.0,0
2025-10-20T00:00:00,1000.0,1000.0,0
2025-10-20T00:15:00,1000.0,1000.0,0
2025-10-20T00:30:00,1000.0,1000.0,0
2025-10-20T00:45:00,1000.0,1000.0,0
2025-10-20T01:00:00,1000.0,1000.0,0
2025-10-20T01:15:00,1000.0,1000.0,0
2025-10-20T01:30:00,1000.0,1000.0,0
2025-10-20T01:45:00,1000.0,1000.0,0
2025-10-20T02:00:00,1000.0,1000.0,0
2025-10-20T02:15:00,1000.0,1000.0,0
2025-10-20T02:30:00,1000.0,1000.0,0
2025-10-20T02:45:00,1000.0,1000.0,0
2025-10-20T03:00:00,1000.0,1000.0,0
2025-10-20T03:15:00,1000.0,1000.0,0
2025-10-20T03:30:00,1000.0,1000.0,0
2025-10-20T03:45:00,1000.0,1000.0,0
2025-10-20T04:00:00,1000.0,1000.0,0
2025-10-20T04:15:00,1000.0,1000.0,0
2025-10-20T04:30:00,1000.0,1000.0,0
2025-10-20T04:45:00,1000.0,1000.0,0
2025-10-20T05:00:00,1000.0,1000.0,0
2025-10-20T05:15:00,1000.0,1000.0,0
2025-10-20T05:30:00,1000.0,1000.0,0
2025-10-20T05:45:00,1000.0,1000.0,0
2025-10-20T06:00:00,1000.0,1000.0,0
2025-10-20T06:15:00,1000.0,1000.0,0
2025-10-20T06:30:00,1000.0,1000.0,0
2025-10-20T06:45:00,1000.0,1000.0,0
2025-10-20T07:00:00,1000.0,1000.0,0
2025-10-20T07:15:00,1000.0,1000.0,0
2025-10-20T07:30:00,1000.0,1000.0,0
2025-10-20T07:45:00,1000.0,1000.0,0
2025-10-20T08:00:00,1000.0,1000.0,0
2025-10-20T08:15:00,1000.0,1000.0,0
2025-10-20T08:30:00,1000.0,1000.0,0
2025-10-20T08:45:00,1000.0,1000.0,0
2025-10-20T09:00:00,1000.0,1000.0,0
2025-10-20T09:15:00,1000.0,1000.0,0
2025-10-20T09:30:00,1000.0,1000.0,0
2025-10-20T09:45:00,1000.0,1000.0,0
2025-10-20T10:00:00,1000.0,1000.0,0
2025-10-20T10:15:00,1000.0,1000.0,0
2025-10-20T10:30:00,1000.0,1000.0,0
2025-10-20T10:45:00,1000.0,1000.0,0
2025-10-20T11:00:00,1000.0,1000.0,0
2025-10-20T11:15:00,1000.0,1000.0,0
2025-10-20T11:30:00,1000.0,1000.0,0
2025-10-20T11:45:00,1000.0,1000.0,0
2025-10-20T12:00:00,1000.0,1000.0,0
2025-10-20T12:15:00,1000.0,1000.0,0
2025-10-20T12:30:00,1000.0,1000.0,0
2025-10-20T12:45:00,1000.0,1000.0,0
2025-10-20T13:00:00,1000.0,1000.0,0
2025-10-20T13:15:00,1000.0,1000.0,0
2025-10-20T13:30:00,1000.0,1000.0,0
2025-10-20T13:45:00,1000.0,1000.0,0
2025-10-20T14:00:00,1000.0,1000.0,0
2025-10-20T14:15:00,1000.0,1000.0,0
2025-10-20T14:30:00,1000.0,1000.0,0
2025-10-20T14:45:00,1000.0,1000.0,0
2025-10-20T15:00:00,1000.0,1000.0,0
2025-10-20T15:15:00,1000.0,1000.0,0
2025-10-20T15:30:00,1000.0,1000.0,0
2025-10-20T15:45:00,1000.0,1000.0,0
2025-10-20T16:00:00,1000.0,1000.0,0
2025-10-20T16:15:00,1000.0,1000.0,0
2025-10-20T16:30:00,1000.0,1000.0,0
2025-10-20T16:45:00,1000.0,1000.0,0
2025-10-20T17:00:00,1000.0,1000.0,0
2025-10-20T17:15:00,1000.0,1000.0,0
2025-10-20T17:30:00,1000.0,1000.0,0
2025-10-20T17:45:00,1000.0,1000.0,0
2025-10-20T18:00:00,1000.0,1000.0,0
2025-10-20T18:15:00,1000.0,1000.0,0
2025-10-20T18:30:00,1000.0,1000.0,0
2025-10-20T18:45:00,1000.0,1000.0,0
2025-10-20T19:00:00,1000.0,1000.0,0
2025-10-20T19:15:00,1000.0,1000.0,0
2025-10-20T19:30:00,1000.0,1000.0,0
2025-10-20T19:45:00,1000.0,1000.0,0
2025-10-20T20:00:00,1000.0,1000.0,0
2025-10-20T20:15:00,1000.0,1000.0,0
2025-10-20T20:30:00,1000.0,1000.0,0
2025-10-20T20:45:00,1000.0,1000.0,0
2025-10-20T21:00:00,1000.0,1000.0,0
2025-10-20T21:15:00,1000.0,1000.0,0
2025-10-20T21:30:00,1000.0,1000.0,0
2025-10-20T21:45:00,1000.0,1000.0,0
2025-10-20T22:00:00,1000.0,1000.0,0
2025-10-20T22:15:00,1000.0,1000.0,0
2025-10-20T22:30:00,1000.0,1000.0,0
2025-10-20T22:45:00,1000.0,1000.0,0
2025-10-20T23:00:00,1000.0,1000.0,0
2025-10-20T23:15:00,1000.0,1000.0,0
2025-10-20T23:30:00,1000.0,1000.0,0
2025-10-20T23:45:00,1000.0,1000.0,0
2025-10-21T00:00:00,1000.0,1000.0,0
2025-10-21T00:15:00,1000.0,1000.0,0
2025-10-21T00:30:00,1000.0,1000.0,0
2025-10-21T00:45:00,1000.0,1000.0,0
2025-10-21T01:00:00,1000.0,1000.0,0
2025-10-21T01:15:00,1000.0,1000.0,0
2025-10-21T01:30:00,1000.0,1000.0,0
2025-10-21T01:45:00,1000.0,1000.0,0
2025-10-21T02:00:00,1000.0,1000.0,0
2025-10-21T02:15:00,1000.0,1000.0,0
2025-10-21T02:30:00,1000.0,1000.0,0
2025-10-21T02:45:00,1000.0,1000.0,0
2025-10-21T03:00:00,1000.0,1000.0,0
2025-10-21T03:15:00,1000.0,1000.0,0
2025-10-21T03:30:00,1000.0,1000.0,0
2025-10-21T03:45:00,1000.0,1000.0,0
2025-10-21T04:00:00,1000.0,1000.0,0
2025-10-21T04:15:00,1000.0,1000.0,0
2025-10-21T04:30:00,1000.0,1000.0,0
2025-10-21T04:45:00,1000.0,1000.0,0
2025-10-21T05:00:00,1000.0,1000.0,0
2025-10-21T05:15:00,1000.0,1000.0,0
2025-10-21T05:30:00,1000.0,1000.0,0
2025-10-21T05:45:00,1000.0,1000.0,0
2025-10-21T06:00:00,1000.0,1000.0,0
2025-10-21T06:15:00,1000.0,1000.0,0
2025-10-21T06:30:00,1000.0,1000.0,0
2025-10-21T06:45:00,1000.0,1000.0,0
2025-10-21T07:00:00,1000.0,1000.0,0
2025-10-21T07:15:00,1000.0,1000.0,0
2025-10-21T07:30:00,1000.0,1000.0,0
2025-10-21T07:45:00,1000.0,1000.0,0
2025-10-21T08:00:00,1000.0,1000.0,0
2025-10-21T08:15:00,1000.0,1000.0,0
2025-10-21T08:30:00,1000.0,1000.0,0
2025-10-21T08:45:00,1000.0,1000.0,0
2025-10-21T09:00:00,1000.0,1000.0,0
2025-10-21T09:15:00,1000.0,1000.0,0
2025-10-21T09:30:00,1000.0,1000.0,0
2025-10-21T09:45:00,1000.0,1000.0,0
2025-10-21T10:00:00,1000.0,1000.0,0
2025-10-21T10:15:00,1000.0,1000.0,0
2025-10-21T10:30:00,1000.0,1000.0,0
2025-10-21T10:45:00,1000.0,1000.0,0
2025-10-21T11:00:00,1000.0,1000.0,0
2025-10-21T11:15:00,1000.0,1000.0,0
2025-10-21T11:30:00,1000.0,1000.0,0
2025-10-21T11:45:00,1000.0,1000.0,0
2025-10-21T12:00:00,1000.0,1000.0,0
2025-10-21T12:15:00,1000.0,1000.0,0
2025-10-21T12:30:00,1000.0,1000.0,0
2025-10-21T12:45:00,1000.0,1000.0,0
2025-10-21T13:00:00,1000.0,1000.0,0
2025-10-21T13:15:00,1000.0,1000.0,0
2025-10-21T13:30:00,1000.0,1000.0,0
2025-10-21T13:45:00,1000.0,1000.0,0
2025-10-21T14:00:00,1000.0,1000.0,0
2025-10-21T14:15:00,1000.0,1000.0,0
2025-10-21T14:30:00,1000.0,1000.0,0
2025-10-21T14:45:00,1000.0,1000.0,0
2025-10-21T15:00:00,1000.0,1000.0,0
2025-10-21T15:15:00,1000.0,1000.0,0
2025-10-21T15:30:00,1000.0,1000.0,0
2025-10-21T15:45:00,1000.0,1000.0,0
2025-10-21T16:00:00,1000.0,1000.0,0
2025-10-21T16:15:00,1000.0,1000.0,0
2025-10-21T16:30:00,1000.0,1000.0,0
2025-10-21T16:45:00,1000.0,1000.0,0
2025-10-21T17:00:00,1000.0,1000.0,0
2025-10-21T17:15:00,1000.0,1000.0,0
2025-10-21T17:30:00,1000.0,1000.0,0
2025-10-21T17:45:00,1000.0,1000.0,0
2025-10-21T18:00:00,1000.0,1000.0,0
2025-10-21T18:15:00,1000.0,1000.0,0
2025-10-21T18:30:00,1000.0,1000.0,0
2025-10-21T18:45:00,1000.0,1000.0,0
2025-10-21T19:00:00,1000.0,1000.0,0
2025-10-21T19:15:00,1000.0,1000.0,0
2025-10-21T19:30:00,1000.0,1000.0,0
2025-10-21T19:45:00,1000.0,1000.0,0
2025-10-21T20:00:00,1000.0,1000.0,0
2025-10-21T20:15:00,1000.0,1000.0,0
2025-10-21T20:30:00,1000.0,1000.0,0
2025-10-21T20:45:00,1000.0,1000.0,0
2025-10-21T21:00:00,1000.0,1000.0,0
2025-10-21T21:15:00,1000.0,1000.0,0
2025-10-21T21:30:00,1000.0,1000.0,0
2025-10-21T21:45:00,1000.0,1000.0,0
2025-10-21T22:00:00,1000.0,1000.0,0
2025-10-21T22:15:00,1000.0,1000.0,0
2025-10-21T22:30:00,1000.0,1000.0,0
2025-10-21T22:45:00,1000.0,1000.0,0
2025-10-21T23:00:00,1000.0,1000.0,0
2025-10-21T23:15:00,1000.0,1000.0,0
2025-10-21T23:30:00,1000.0,1000.0,0
2025-10-21T23:45:00,1000.0,1000.0,0
2025-10-22T00:00:00,1000.0,1000.0,0
2025-10-22T00:15:00,1000.0,1000.0,0
2025-10-22T00:30:00,1000.0,1000.0,0
2025-10-22T00:45:00,1000.0,1000.0,0
2025-10-22T01:00:00,1000.0,1000.0,0
2025-10-22T01:15:00,1000.0,1000.0,0
2025-10-22T01:30:00,1000.0,1000.0,0
2025-10-22T01:45:00,1000.0,1000.0,0
2025-10-22T02:00:00,1000.0,1000.0,0
2025-10-22T02:15:00,1000.0,1000.0,0
2025-10-22T02:30:00,1000.0,1000.0,0
2025-10-22T02:45:00,1000.0,1000.0,0
2025-10-22T03:00:00,1000.0,1000.0,0
2025-10-22T03:15:00,1000.0,1000.0,0
2025-10-22T03:30:00,1000.0,1000.0,0
2025-10-22T03:45:00,1000.0,1000.0,0
2025-10-22T04:00:00,1000.0,1000.0,0
2025-10-22T04:15:00,1000.0,1000.0,0
2025-10-22T04:30:00,1000.0,1000.0,0
2025-10-22T04:45:00,1000.0,1000.0,0
2025-10-22T05:00:00,1000.0,1000.0,0
2025-10-22T05:15:00,1000.0,1000.0,0
2025-10-22T05:30:00,1000.0,1000.0,0
2025-10-22T05:45:00,1000.0,1000.0,0
2025-10-22T06:00:00,1000.0,1000.0,0
2025-10-22T06:15:00,1000.0,1000.0,0
2025-10-22T06:30:00,1000.0,1000.0,0
2025-10-22T06:45:00,1000.0,1000.0,0
2025-10-22T07:00:00,1000.0,1000.0,0
2025-10-22T07:15:00,1000.0,1000.0,0
2025-10-22T07:30:00,1000.0,1000.0,0
2025-10-22T07:45:00,1000.0,1000.0,0
2025-10-22T08:00:00,1000.0,1000.0,0
2025-10-22T08:15:00,1000.0,1000.0,0
2025-10-22T08:30:00,1000.0,1000.0,0
2025-10-22T08:45:00,1000.0,1000.0,0
2025-10-22T09:00:00,1000.0,1000.0,0
2025-10-22T09:15:00,1000.0,1000.0,0
2025-10-22T09:30:00,1000.0,1000.0,0
2025-10-22T09:45:00,1000.0,1000.0,0
2025-10-22T10:00:00,1000.0,1000.0,0
2025-10-22T10:15:00,1000.0,1000.0,0
2025-10-22T10:30:00,1000.0,1000.0,0
2025-10-22T10:45:00,1000.0,1000.0,0
2025-10-22T11:00:00,1000.0,1000.0,0
2025-10-22T11:15:00,1000.0,1000.0,0
2025-10-22T11:30:00,1000.0,1000.0,0
2025-10-22T11:45:00,1000.0,1000.0,0
2025-10-22T12:00:00,1000.0,1000.0,0
2025-10-22T12:15:00,1000.0,1000.0,0
2025-10-22T12:30:00,1000.0,1000.0,0
2025-10-22T12:45:00,1000.0,1000.0,0
2025-10-22T13:00:00,1000.0,1000.0,0
2025-10-22T13:15:00,1000.0,1000.0,0
2025-10-22T13:30:00,1000.0,1000.0,0
2025-10-22T13:45:00,1000.0,1000.0,0
2025-10-22T14:00:00,1000.0,1000.0,0
2025-10-22T14:15:00,1000.0,1000.0,0
2025-10-22T14:30:00,1000.0,1000.0,0
2025-10-22T14:45:00,1000.0,1000.0,0
2025-10-22T15:00:00,1000.0,1000.0,0
2025-10-22T15:15:00,1000.0,1000.0,0
2025-10-22T15:30:00,1000.0,1000.0,0
2025-10-22T15:45:00,1000.0,1000.0,0
2025-10-22T16:00:00,1000.0,1000.0,0
2025-10-22T16:15:00,1000.0,1000.0,0
2025-10-22T16:30:00,1000.0,1000.0,0
2025-10-22T16:45:00,1000.0,1000.0,0
2025-10-22T17:00:00,1000.0,1000.0,0
2025-10-22T17:15:00,1000.0,1000.0,0
2025-10-22T17:30:00,1000.0,1000.0,0
2025-10-22T17:45:00,1000.0,1000.0,0
2025-10-22T18:00:00,1000.0,1000.0,0
2025-10-22T18:15:00,1000.0,1000.0,0
2025-10-22T18:30:00,1000.0,1000.0,0
2025-10-22T18:45:00,1000.0,1000.0,0
2025-10-22T19:00:00,1000.0,1000.0,0
2025-10-22T19:15:00,1000.0,1000.0,0
2025-10-22T19:30:00,1000.0,1000.0,0
2025-10-22T19:45:00,1000.0,1000.0,0
2025-10-22T20:00:00,1000.0,1000.0,0
2025-10-22T20:15:00,1000.0,1000.0,0
2025-10-22T20:30:00,1000.0,1000.0,0
2025-10-22T20:45:00,1000.0,1000.0,0
2025-10-22T21:00:00,1000.0,1000.0,0
2025-10-22T21:15:00,1000.0,1000.0,0
2025-10-22T21:30:00,1000.0,1000.0,0
2025-10-22T21:45:00,1000.0,1000.0,0
2025-10-22T22:00:00,1000.0,1000.0,0
2025-10-22T22:15:00,1000.0,1000.0,0
2025-10-22T22:30:00,1000.0,1000.0,0
2025-10-22T22:45:00,1000.0,1000.0,0
2025-10-22T23:00:00,1000.0,1000.0,0
2025-10-22T23:15:00,1000.0,1000.0,0
2025-10-22T23:30:00,1000.0,1000.0,0
2025-10-22T23:45:00,1000.0,1000.0,0
2025-10-23T00:00:00,1000.0,1000.0,0
2025-10-23T00:15:00,1000.0,1000.0,0
2025-10-23T00:30:00,1000.0,1000.0,0
2025-10-23T00:45:00,1000.0,1000.0,0
2025-10-23T01:00:00,1000.0,1000.0,0
2025-10-23T01:15:00,1000.0,1000.0,0
2025-10-23T01:30:00,1000.0,1000.0,0
2025-10-23T01:45:00,1000.0,1000.0,0
2025-10-23T02:00:00,1000.0,1000.0,0
2025-10-23T02:15:00,1000.0,1000.0,0
2025-10-23T02:30:00,1000.0,1000.0,0
2025-10-23T02:45:00,1000.0,1000.0,0
2025-10-23T03:00:00,1000.0,1000.0,0
2025-10-23T03:15:00,1000.0,1000.0,0
2025-10-23T03:30:00,1000.0,1000.0,0
2025-10-23T03:45:00,1000.0,1000.0,0
2025-10-23T04:00:00,1000.0,1000.0,0
2025-10-23T04:15:00,1000.0,1000.0,0
2025-10-23T04:30:00,1000.0,1000.0,0
2025-10-23T04:45:00,1000.0,1000.0,0
2025-10-23T05:00:00,1000.0,1000.0,0
2025-10-23T05:15:00,1000.0,1000.0,0
2025-10-23T05:30:00,1000.0,1000.0,0
2025-10-23T05:45:00,1000.0,1000.0,0
2025-10-23T06:00:00,1000.0,1000.0,0
2025-10-23T06:15:00,1000.0,1000.0,0
2025-10-23T06:30:00,1000.0,1000.0,0
2025-10-23T06:45:00,1000.0,1000.0,0
2025-10-23T07:00:00,999.240898652022,899.84,1
2025-10-23T07:15:00,998.336203918564,899.84,1
2025-10-23T07:30:00,997.8864029382983,899.84,1
2025-10-23T07:45:00,997.3305631503111,899.84,1
2025-10-23T08:00:00,998.9641791973611,899.84,1
2025-10-23T08:15:00,999.1958639885712,899.84,1
2025-10-23T08:30:00,998.1577097319428,998.1577097319428,0
2025-10-23T08:45:00,998.1577097319428,998.1577097319428,0
2025-10-23T09:00:00,998.1577097319428,998.1577097319428,0
2025-10-23T09:15:00,998.1577097319428,998.1577097319428,0
2025-10-23T09:30:00,998.1577097319428,998.1577097319428,0
2025-10-23T09:45:00,998.1577097319428,998.1577097319428,0
2025-10-23T10:00:00,998.1577097319428,998.1577097319428,0
2025-10-23T10:15:00,998.1577097319428,998.1577097319428,0
2025-10-23T10:30:00,998.1577097319428,998.1577097319428,0
2025-10-23T10:45:00,998.1577097319428,998.1577097319428,0
2025-10-23T11:00:00,998.1577097319428,998.1577097319428,0
2025-10-23T11:15:00,998.1577097319428,998.1577097319428,0
2025-10-23T11:30:00,998.1577097319428,998.1577097319428,0
2025-10-23T11:45:00,998.1577097319428,998.1577097319428,0
2025-10-23T12:00:00,998.1577097319428,998.1577097319428,0
2025-10-23T12:15:00,998.1577097319428,998.1577097319428,0
2025-10-23T12:30:00,998.1577097319428,998.1577097319428,0
2025-10-23T12:45:00,998.1577097319428,998.1577097319428,0
2025-10-23T13:00:00,998.1577097319428,998.1577097319428,0
2025-10-23T13:15:00,998.1577097319428,998.1577097319428,0
2025-10-23T13:30:00,998.1577097319428,998.1577097319428,0
2025-10-23T13:45:00,998.1577097319428,998.1577097319428,0
2025-10-23T14:00:00,998.1577097319428,998.1577097319428,0
2025-10-23T14:15:00,998.1577097319428,998.1577097319428,0
2025-10-23T14:30:00,998.1577097319428,998.1577097319428,0
2025-10-23T14:45:00,998.1577097319428,998.1577097319428,0
2025-10-23T15:00:00,998.1577097319428,998.1577097319428,0
2025-10-23T15:15:00,998.1577097319428,998.1577097319428,0
2025-10-23T15:30:00,998.1577097319428,998.1577097319428,0
2025-10-23T15:45:00,998.1577097319428,998.1577097319428,0
2025-10-23T16:00:00,998.1577097319428,998.1577097319428,0
2025-10-23T16:15:00,998.1577097319428,998.1577097319428,0
2025-10-23T16:30:00,998.1577097319428,998.1577097319428,0
2025-10-23T16:45:00,998.1577097319428,998.1577097319428,0
2025-10-23T17:00:00,997.4000068689905,898.1822335251914,1
2025-10-23T17:15:00,997.3959050492851,898.1822335251914,1
2025-10-23T17:30:00,999.8457168683427,898.1822335251914,1
2025-10-23T17:45:00,1000.906037262192,898.1822335251914,1
2025-10-23T18:00:00,998.0952653090579,898.1822335251914,1
2025-10-23T18:15:00,997.3559123071574,898.1822335251914,1
2025-10-23T18:30:00,995.8354062365032,995.8354062365032,0
2025-10-23T18:45:00,995.8354062365032,995.8354062365032,0
2025-10-23T19:00:00,995.8354062365032,995.8354062365032,0
2025-10-23T19:15:00,995.8354062365032,995.8354062365032,0
2025-10-23T19:30:00,995.8354062365032,995.8354062365032,0
2025-10-23T19:45:00,995.8354062365032,995.8354062365032,0
2025-10-23T20:00:00,995.8354062365032,995.8354062365032,0
2025-10-23T20:15:00,995.8354062365032,995.8354062365032,0
2025-10-23T20:30:00,995.8354062365032,995.8354062365032,0
2025-10-23T20:45:00,995.8354062365032,995.8354062365032,0
2025-10-23T21:00:00,995.8354062365032,995.8354062365032,0
2025-10-23T21:15:00,995.8354062365032,995.8354062365032,0
2025-10-23T21:30:00,995.8354062365032,995.8354062365032,0
2025-10-23T21:45:00,995.8354062365032,995.8354062365032,0
2025-10-23T22:00:00,995.8354062365032,995.8354062365032,0
2025-10-23T22:15:00,995.8354062365032,995.8354062365032,0
2025-10-23T22:30:00,995.8354062365032,995.8354062365032,0
2025-10-23T22:45:00,995.8354062365032,995.8354062365032,0
2025-10-23T23:00:00,995.8354062365032,995.8354062365032,0
2025-10-23T23:15:00,995.8354062365032,995.8354062365032,0
2025-10-23T23:30:00,995.8354062365032,995.8354062365032,0
2025-10-23T23:45:00,995.8354062365032,995.8354062365032,0
2025-10-24T00:00:00,995.8354062365032,995.8354062365032,0
2025-10-24T00:15:00,995.8354062365032,995.8354062365032,0
2025-10-24T00:30:00,995.8354062365032,995.8354062365032,0
2025-10-24T00:45:00,995.8354062365032,995.8354062365032,0
2025-10-24T01:00:00,995.8354062365032,995.8354062365032,0
2025-10-24T01:15:00,995.8354062365032,995.8354062365032,0
2025-10-24T01:30:00,995.8354062365032,995.8354062365032,0
2025-10-24T01:45:00,995.8354062365032,995.8354062365032,0
2025-10-24T02:00:00,995.8354062365032,995.8354062365032,0
2025-10-24T02:15:00,995.8354062365032,995.8354062365032,0
2025-10-24T02:30:00,995.8354062365032,995.8354062365032,0
2025-10-24T02:45:00,995.8354062365032,995.8354062365032,0
2025-10-24T03:00:00,995.8354062365032,995.8354062365032,0
2025-10-24T03:15:00,995.8354062365032,995.8354062365032,0
2025-10-24T03:30:00,995.8354062365032,995.8354062365032,0
2025-10-24T03:45:00,995.8354062365032,995.8354062365032,0
2025-10-24T04:00:00,995.8354062365032,995.8354062365032,0
2025-10-24T04:15:00,995.8354062365032,995.8354062365032,0
2025-10-24T04:30:00,995.8354062365032,995.8354062365032,0
2025-10-24T04:45:00,995.8354062365032,995.8354062365032,0
2025-10-24T05:00:00,995.8354062365032,995.8354062365032,0
2025-10-24T05:15:00,995.8354062365032,995.8354062365032,0
2025-10-24T05:30:00,995.8354062365032,995.8354062365032,0
2025-10-24T05:45:00,995.8354062365032,995.8354062365032,0
2025-10-24T06:00:00,995.8354062365032,995.8354062365032,0
2025-10-24T06:15:00,995.8354062365032,995.8354062365032,0
2025-10-24T06:30:00,995.8354062365032,995.8354062365032,0
2025-10-24T06:45:00,995.8354062365032,995.8354062365032,0
2025-10-24T07:00:00,995.8354062365032,995.8354062365032,0
2025-10-24T07:15:00,995.8354062365032,995.8354062365032,0
2025-10-24T07:30:00,995.8354062365032,995.8354062365032,0
2025-10-24T07:45:00,995.8354062365032,995.8354062365032,0
2025-10-24T08:00:00,995.8354062365032,995.8354062365032,0
2025-10-24T08:15:00,995.8354062365032,995.8354062365032,0
2025-10-24T08:30:00,995.8354062365032,995.8354062365032,0
2025-10-24T08:45:00,995.8354062365032,995.8354062365032,0
2025-10-24T09:00:00,995.8354062365032,995.8354062365032,0
2025-10-24T09:15:00,995.8354062365032,995.8354062365032,0
2025-10-24T09:30:00,995.8354062365032,995.8354062365032,0
2025-10-24T09:45:00,995.8354062365032,995.8354062365032,0
2025-10-24T10:00:00,995.8354062365032,995.8354062365032,0
2025-10-24T10:15:00,995.8354062365032,995.8354062365032,0
2025-10-24T10:30:00,995.8354062365032,995.8354062365032,0
2025-10-24T10:45:00,995.8354062365032,995.8354062365032,0
2025-10-24T11:00:00,995.8354062365032,995.8354062365032,0
2025-10-24T11:15:00,995.8354062365032,995.8354062365032,0
2025-10-24T11:30:00,995.8354062365032,995.8354062365032,0
2025-10-24T11:45:00,995.8354062365032,995.8354062365032,0
2025-10-24T12:00:00,995.8354062365032,995.8354062365032,0
2025-10-24T12:15:00,995.8354062365032,995.8354062365032,0
2025-10-24T12:30:00,995.8354062365032,995.8354062365032,0
2025-10-24T12:45:00,995.8354062365032,995.8354062365032,0
2025-10-24T13:00:00,995.8354062365032,995.8354062365032,0
2025-10-24T13:15:00,995.8354062365032,995.8354062365032,0
2025-10-24T13:30:00,995.8354062365032,995.8354062365032,0
2025-10-24T13:45:00,995.8354062365032,995.8354062365032,0
2025-10-24T14:00:00,995.8354062365032,995.8354062365032,0
2025-10-24T14:15:00,995.8354062365032,995.8354062365032,0
2025-10-24T14:30:00,995.8354062365032,995.8354062365032,0
2025-10-24T14:45:00,995.8354062365032,995.8354062365032,0
2025-10-24T15:00:00,995.8354062365032,995.8354062365032,0
2025-10-24T15:15:00,995.8354062365032,995.8354062365032,0
2025-10-24T15:30:00,995.8354062365032,995.8354062365032,0
2025-10-24T15:45:00,995.8354062365032,995.8354062365032,0
2025-10-24T16:00:00,995.8354062365032,995.8354062365032,0
2025-10-24T16:15:00,995.8354062365032,995.8354062365032,0
2025-10-24T16:30:00,995.8354062365032,995.8354062365032,0
2025-10-24T16:45:00,995.8354062365032,995.8354062365032,0
2025-10-24T17:00:00,995.8354062365032,995.8354062365032,0
2025-10-24T17:15:00,995.8354062365032,995.8354062365032,0
2025-10-24T17:30:00,995.8354062365032,995.8354062365032,0
2025-10-24T17:45:00,995.8354062365032,995.8354062365032,0
2025-10-24T18:00:00,995.8354062365032,995.8354062365032,0
2025-10-24T18:15:00,995.8354062365032,995.8354062365032,0
2025-10-24T18:30:00,995.8354062365032,995.8354062365032,0
2025-10-24T18:45:00,995.8354062365032,995.8354062365032,0
2025-10-24T19:00:00,995.8354062365032,995.8354062365032,0
2025-10-24T19:15:00,995.8354062365032,995.8354062365032,0
2025-10-24T19:30:00,995.8354062365032,995.8354062365032,0
2025-10-24T19:45:00,995.8354062365032,995.8354062365032,0
2025-10-24T20:00:00,995.8354062365032,995.8354062365032,0
2025-10-24T20:15:00,995.8354062365032,995.8354062365032,0
2025-10-24T20:30:00,995.8354062365032,995.8354062365032,0
2025-10-24T20:45:00,995.8354062365032,995.8354062365032,0
2025-10-24T21:00:00,995.8354062365032,995.8354062365032,0
2025-10-24T21:15:00,995.8354062365032,995.8354062365032,0
2025-10-24T21:30:00,995.8354062365032,995.8354062365032,0
2025-10-24T21:45:00,995.8354062365032,995.8354062365032,0
2025-10-24T22:00:00,995.8354062365032,995.8354062365032,0
2025-10-24T22:15:00,995.8354062365032,995.8354062365032,0
2025-10-24T22:30:00,995.8354062365032,995.8354062365032,0
2025-10-24T22:45:00,995.8354062365032,995.8354062365032,0
2025-10-24T23:00:00,995.8354062365032,995.8354062365032,0
2025-10-24T23:15:00,995.8354062365032,995.8354062365032,0
2025-10-24T23:30:00,995.8354062365032,995.8354062365032,0
2025-10-24T23:45:00,995.8354062365032,995.8354062365032,0
2025-10-25T00:00:00,995.8354062365032,995.8354062365032,0
2025-10-25T00:15:00,995.8354062365032,995.8354062365032,0
2025-10-25T00:30:00,995.8354062365032,995.8354062365032,0
2025-10-25T00:45:00,995.8354062365032,995.8354062365032,0
2025-10-25T01:00:00,995.8354062365032,995.8354062365032,0
2025-10-25T01:15:00,995.8354062365032,995.8354062365032,0
2025-10-25T01:30:00,995.8354062365032,995.8354062365032,0
2025-10-25T01:45:00,995.8354062365032,995.8354062365032,0
2025-10-25T02:00:00,995.8354062365032,995.8354062365032,0
2025-10-25T02:15:00,995.8354062365032,995.8354062365032,0
2025-10-25T02:30:00,995.8354062365032,995.8354062365032,0
2025-10-25T02:45:00,995.8354062365032,995.8354062365032,0
2025-10-25T03:00:00,995.8354062365032,995.8354062365032,0
2025-10-25T03:15:00,995.8354062365032,995.8354062365032,0
2025-10-25T03:30:00,995.8354062365032,995.8354062365032,0
2025-10-25T03:45:00,995.8354062365032,995.8354062365032,0
2025-10-25T04:00:00,995.8354062365032,995.8354062365032,0
2025-10-25T04:15:00,995.8354062365032,995.8354062365032,0
2025-10-25T04:30:00,995.8354062365032,995.8354062365032,0
2025-10-25T04:45:00,995.8354062365032,995.8354062365032,0
2025-10-25T05:00:00,995.8354062365032,995.8354062365032,0
2025-10-25T05:15:00,995.8354062365032,995.8354062365032,0
2025-10-25T05:30:00,995.8354062365032,995.8354062365032,0
2025-10-25T05:45:00,995.8354062365032,995.8354062365032,0
2025-10-25T06:00:00,995.8354062365032,995.8354062365032,0
2025-10-25T06:15:00,995.8354062365032,995.8354062365032,0
2025-10-25T06:30:00,995.8354062365032,995.8354062365032,0
2025-10-25T06:45:00,995.8354062365032,995.8354062365032,0
2025-10-25T07:00:00,995.8354062365032,995.8354062365032,0
2025-10-25T07:15:00,995.8354062365032,995.8354062365032,0
2025-10-25T07:30:00,995.8354062365032,995.8354062365032,0
2025-10-25T07:45:00,995.8354062365032,995.8354062365032,0
2025-10-25T08:00:00,995.8354062365032,995.8354062365032,0
2025-10-25T08:15:00,995.8354062365032,995.8354062365032,0
2025-10-25T08:30:00,995.8354062365032,995.8354062365032,0
2025-10-25T08:45:00,995.8354062365032,995.8354062365032,0
2025-10-25T09:00:00,995.0794662372648,896.092531947855,1
2025-10-25T09:15:00,994.6449463734674,896.092531947855,1
2025-10-25T09:30:00,994.8300196487885,896.092531947855,1
2025-10-25T09:45:00,993.8905716099302,896.092531947855,1
2025-10-25T10:00:00,992.7692793631302,992.7692793631302,0
2025-10-25T10:15:00,992.7692793631302,992.7692793631302,0
2025-10-25T10:30:00,992.7692793631302,992.7692793631302,0
2025-10-25T10:45:00,992.7692793631302,992.7692793631302,0
2025-10-25T11:00:00,992.7692793631302,992.7692793631302,0
2025-10-25T11:15:00,992.7692793631302,992.7692793631302,0
2025-10-25T11:30:00,992.7692793631302,992.7692793631302,0
2025-10-25T11:45:00,992.7692793631302,992.7692793631302,0
2025-10-25T12:00:00,992.7692793631302,992.7692793631302,0
2025-10-25T12:15:00,992.7692793631302,992.7692793631302,0
2025-10-25T12:30:00,992.7692793631302,992.7692793631302,0
2025-10-25T12:45:00,992.7692793631302,992.7692793631302,0
2025-10-25T13:00:00,992.7692793631302,992.7692793631302,0
2025-10-25T13:15:00,992.7692793631302,992.7692793631302,0
2025-10-25T13:30:00,992.7692793631302,992.7692793631302,0
2025-10-25T13:45:00,992.7692793631302,992.7692793631302,0
2025-10-25T14:00:00,992.7692793631302,992.7692793631302,0
2025-10-25T14:15:00,992.7692793631302,992.7692793631302,0
2025-10-25T14:30:00,992.7692793631302,992.7692793631302,0
2025-10-25T14:45:00,992.7692793631302,992.7692793631302,0
2025-10-25T15:00:00,992.7692793631302,992.7692793631302,0
2025-10-25T15:15:00,992.7692793631302,992.7692793631302,0
2025-10-25T15:30:00,992.7692793631302,992.7692793631302,0
2025-10-25T15:45:00,992.7692793631302,992.7692793631302,0
2025-10-25T16:00:00,992.7692793631302,992.7692793631302,0
2025-10-25T16:15:00,992.7692793631302,992.7692793631302,0
2025-10-25T16:30:00,992.7692793631302,992.7692793631302,0
2025-10-25T16:45:00,992.7692793631302,992.7692793631302,0
2025-10-25T17:00:00,992.7692793631302,992.7692793631302,0
2025-10-25T17:15:00,992.7692793631302,992.7692793631302,0
2025-10-25T17:30:00,992.7692793631302,992.7692793631302,0
2025-10-25T17:45:00,992.7692793631302,992.7692793631302,0
2025-10-25T18:00:00,992.7692793631302,992.7692793631302,0
2025-10-25T18:15:00,992.7692793631302,992.7692793631302,0
2025-10-25T18:30:00,992.7692793631302,992.7692793631302,0
2025-10-25T18:45:00,992.7692793631302,992.7692793631302,0
2025-10-25T19:00:00,992.7692793631302,992.7692793631302,0
2025-10-25T19:15:00,992.7692793631302,992.7692793631302,0
2025-10-25T19:30:00,992.7692793631302,992.7692793631302,0
2025-10-25T19:45:00,992.7692793631302,992.7692793631302,0
2025-10-25T20:00:00,992.7692793631302,992.7692793631302,0
2025-10-25T20:15:00,992.7692793631302,992.7692793631302,0
2025-10-25T20:30:00,992.7692793631302,992.7692793631302,0
2025-10-25T20:45:00,992.7692793631302,992.7692793631302,0
2025-10-25T21:00:00,992.7692793631302,992.7692793631302,0
2025-10-25T21:15:00,992.7692793631302,992.7692793631302,0
2025-10-25T21:30:00,992.7692793631302,992.7692793631302,0
2025-10-25T21:45:00,992.7692793631302,992.7692793631302,0
2025-10-25T22:00:00,992.7692793631302,992.7692793631302,0
2025-10-25T22:15:00,992.7692793631302,992.7692793631302,0
2025-10-25T22:30:00,992.7692793631302,992.7692793631302,0
2025-10-25T22:45:00,992.7692793631302,992.7692793631302,0
2025-10-25T23:00:00,992.7692793631302,992.7692793631302,0
2025-10-25T23:15:00,992.7692793631302,992.7692793631302,0
2025-10-25T23:30:00,992.7692793631302,992.7692793631302,0
2025-10-25T23:45:00,992.7692793631302,992.7692793631302,0
2025-10-26T00:00:00,992.7692793631302,992.7692793631302,0
2025-10-26T00:15:00,992.7692793631302,992.7692793631302,0
2025-10-26T00:30:00,992.7692793631302,992.7692793631302,0
2025-10-26T00:45:00,992.7692793631302,992.7692793631302,0
2025-10-26T01:00:00,992.7692793631302,992.7692793631302,0
2025-10-26T01:15:00,992.7692793631302,992.7692793631302,0
2025-10-26T01:30:00,992.7692793631302,992.7692793631302,0
2025-10-26T01:45:00,992.7692793631302,992.7692793631302,0
2025-10-26T02:00:00,992.7692793631302,992.7692793631302,0
2025-10-26T02:15:00,992.7692793631302,992.7692793631302,0
2025-10-26T02:30:00,992.7692793631302,992.7692793631302,0
2025-10-26T02:45:00,992.7692793631302,992.7692793631302,0
2025-10-26T03:00:00,992.7692793631302,992.7692793631302,0
2025-10-26T03:15:00,992.7692793631302,992.7692793631302,0
2025-10-26T03:30:00,992.7692793631302,992.7692793631302,0
2025-10-26T03:45:00,992.7692793631302,992.7692793631302,0
2025-10-26T04:00:00,992.7692793631302,992.7692793631302,0
2025-10-26T04:15:00,992.7692793631302,992.7692793631302,0
2025-10-26T04:30:00,992.7692793631302,992.7692793631302,0
2025-10-26T04:45:00,992.7692793631302,992.7692793631302,0
2025-10-26T05:00:00,992.7692793631302,992.7692793631302,0
2025-10-26T05:15:00,992.7692793631302,992.7692793631302,0
2025-10-26T05:30:00,992.7692793631302,992.7692793631302,0
2025-10-26T05:45:00,992.7692793631302,992.7692793631302,0
2025-10-26T06:00:00,992.7692793631302,992.7692793631302,0
2025-10-26T06:15:00,992.7692793631302,992.7692793631302,0
2025-10-26T06:30:00,992.7692793631302,992.7692793631302,0
2025-10-26T06:45:00,992.7692793631302,992.7692793631302,0
2025-10-26T07:00:00,992.7692793631302,992.7692793631302,0
2025-10-26T07:15:00,992.7692793631302,992.7692793631302,0
2025-10-26T07:30:00,992.7692793631302,992.7692793631302,0
2025-10-26T07:45:00,992.7692793631302,992.7692793631302,0
2025-10-26T08:00:00,992.7692793631302,992.7692793631302,0
2025-10-26T08:15:00,992.7692793631302,992.7692793631302,0
2025-10-26T08:30:00,992.7692793631302,992.7692793631302,0
2025-10-26T08:45:00,992.7692793631302,992.7692793631302,0
2025-10-26T09:00:00,992.7692793631302,992.7692793631302,0
2025-10-26T09:15:00,992.7692793631302,992.7692793631302,0
2025-10-26T09:30:00,992.7692793631302,992.7692793631302,0
2025-10-26T09:45:00,992.7692793631302,992.7692793631302,0
2025-10-26T10:00:00,992.7692793631302,992.7692793631302,0
2025-10-26T10:15:00,992.7692793631302,992.7692793631302,0
2025-10-26T10:30:00,992.7692793631302,992.7692793631302,0
2025-10-26T10:45:00,992.7692793631302,992.7692793631302,0
2025-10-26T11:00:00,992.7692793631302,992.7692793631302,0
2025-10-26T11:15:00,992.7692793631302,992.7692793631302,0
2025-10-26T11:30:00,992.7692793631302,992.7692793631302,0
2025-10-26T11:45:00,992.7692793631302,992.7692793631302,0
2025-10-26T12:00:00,992.7692793631302,992.7692793631302,0
2025-10-26T12:15:00,992.7692793631302,992.7692793631302,0
2025-10-26T12:30:00,992.7692793631302,992.7692793631302,0
2025-10-26T12:45:00,992.7692793631302,992.7692793631302,0
2025-10-26T13:00:00,992.7692793631302,992.7692793631302,0
2025-10-26T13:15:00,992.7692793631302,992.7692793631302,0
2025-10-26T13:30:00,992.7692793631302,992.7692793631302,0
2025-10-26T13:45:00,992.7692793631302,992.7692793631302,0
2025-10-26T14:00:00,992.7692793631302,992.7692793631302,0
2025-10-26T14:15:00,992.7692793631302,992.7692793631302,0
2025-10-26T14:30:00,992.7692793631302,992.7692793631302,0
2025-10-26T14:45:00,992.7692793631302,992.7692793631302,0
2025-10-26T15:00:00,992.7692793631302,992.7692793631302,0
2025-10-26T15:15:00,992.7692793631302,992.7692793631302,0
2025-10-26T15:30:00,992.7692793631302,992.7692793631302,0
2025-10-26T15:45:00,992.7692793631302,992.7692793631302,0
2025-10-26T16:00:00,992.7692793631302,992.7692793631302,0
2025-10-26T16:15:00,992.7692793631302,992.7692793631302,0
2025-10-26T16:30:00,992.7692793631302,992.7692793631302,0
2025-10-26T16:45:00,992.7692793631302,992.7692793631302,0
2025-10-26T17:00:00,992.7692793631302,992.7692793631302,0
2025-10-26T17:15:00,992.7692793631302,992.7692793631302,0
2025-10-26T17:30:00,992.7692793631302,992.7692793631302,0
2025-10-26T17:45:00,992.7692793631302,992.7692793631302,0
2025-10-26T18:00:00,992.7692793631302,992.7692793631302,0
2025-10-26T18:15:00,992.7692793631302,992.7692793631302,0
2025-10-26T18:30:00,992.7692793631302,992.7692793631302,0
2025-10-26T18:45:00,992.7692793631302,992.7692793631302,0
2025-10-26T19:00:00,992.7692793631302,992.7692793631302,0
2025-10-26T19:15:00,992.7692793631302,992.7692793631302,0
2025-10-26T19:30:00,992.7692793631302,992.7692793631302,0
2025-10-26T19:45:00,992.7692793631302,992.7692793631302,0
2025-10-26T20:00:00,992.7692793631302,992.7692793631302,0
2025-10-26T20:15:00,992.7692793631302,992.7692793631302,0
2025-10-26T20:30:00,992.7692793631302,992.7692793631302,0
2025-10-26T20:45:00,992.7692793631302,992.7692793631302,0
2025-10-26T21:00:00,992.7692793631302,992.7692793631302,0
2025-10-26T21:15:00,992.7692793631302,992.7692793631302,0
2025-10-26T21:30:00,992.7692793631302,992.7692793631302,0
2025-10-26T21:45:00,992.7692793631302,992.7692793631302,0
2025-10-26T22:00:00,992.7692793631302,992.7692793631302,0
2025-10-26T22:15:00,992.7692793631302,992.7692793631302,0
2025-10-26T22:30:00,992.7692793631302,992.7692793631302,0
2025-10-26T22:45:00,992.7692793631302,992.7692793631302,0
2025-10-26T23:00:00,992.0156668649345,893.3335083421191,1
2025-10-26T23:15:00,992.1309715912781,893.3335083421191,1
2025-10-26T23:30:00,992.9914688465536,893.3335083421191,1
2025-10-26T23:45:00,991.7755280960205,893.3335083421191,1
2025-10-27T00:00:00,992.5836141120487,893.3335083421191,1
2025-10-27T00:15:00,993.1201146156146,893.3335083421191,1
2025-10-27T00:30:00,993.9567885803232,893.3335083421191,1
2025-10-27T00:45:00,992.9266694962117,893.3335083421191,1
2025-10-27T01:00:00,993.186819829202,893.3335083421191,1
2025-10-27T01:15:00,994.2941263747501,893.3335083421191,1
2025-10-27T01:30:00,994.3522552037332,893.3335083421191,1
2025-10-27T01:45:00,994.9535550576411,893.3335083421191,1
2025-10-27T02:00:00,995.8397814667286,893.3335083421191,1
2025-10-27T02:15:00,995.3309159802203,893.3335083421191,1
2025-10-27T02:30:00,996.8308303543105,893.3335083421191,1
2025-10-27T02:45:00,996.2571655174602,893.3335083421191,1
2025-10-27T03:00:00,996.7098080382308,893.3335083421191,1
2025-10-27T03:15:00,996.2952270751281,996.2952270751281,0
2025-10-27T03:30:00,996.2952270751281,996.2952270751281,0
2025-10-27T03:45:00,996.2952270751281,996.2952270751281,0
2025-10-27T04:00:00,996.2952270751281,996.2952270751281,0
2025-10-27T04:15:00,996.2952270751281,996.2952270751281,0
2025-10-27T04:30:00,996.2952270751281,996.2952270751281,0
2025-10-27T04:45:00,996.2952270751281,996.2952270751281,0
2025-10-27T05:00:00,996.2952270751281,996.2952270751281,0
2025-10-27T05:15:00,996.2952270751281,996.2952270751281,0
2025-10-27T05:30:00,996.2952270751281,996.2952270751281,0
2025-10-27T05:45:00,996.2952270751281,996.2952270751281,0
2025-10-27T06:00:00,996.2952270751281,996.2952270751281,0
2025-10-27T06:15:00,996.2952270751281,996.2952270751281,0
2025-10-27T06:30:00,996.2952270751281,996.2952270751281,0
2025-10-27T06:45:00,995.5389380252712,896.5062971312832,1
2025-10-27T07:00:00,994.9001231093916,896.5062971312832,1
2025-10-27T07:15:00,994.8781446669528,896.5062971312832,1
2025-10-27T07:30:00,993.8374396053377,993.8374396053377,0
2025-10-27T07:45:00,993.8374396053377,993.8374396053377,0
2025-10-27T08:00:00,993.8374396053377,993.8374396053377,0
2025-10-27T08:15:00,993.8374396053377,993.8374396053377,0
2025-10-27T08:30:00,993.8374396053377,993.8374396053377,0
2025-10-27T08:45:00,993.8374396053377,993.8374396053377,0
2025-10-27T09:00:00,993.8374396053377,993.8374396053377,0
2025-10-27T09:15:00,993.8374396053377,993.8374396053377,0
2025-10-27T09:30:00,993.8374396053377,993.8374396053377,0
2025-10-27T09:45:00,993.8374396053377,993.8374396053377,0
2025-10-27T10:00:00,993.8374396053377,993.8374396053377,0
2025-10-27T10:15:00,993.8374396053377,993.8374396053377,0
2025-10-27T10:30:00,993.8374396053377,993.8374396053377,0
2025-10-27T10:45:00,993.8374396053377,993.8374396053377,0
2025-10-27T11:00:00,993.8374396053377,993.8374396053377,0
2025-10-27T11:15:00,993.8374396053377,993.8374396053377,0
2025-10-27T11:30:00,993.8374396053377,993.8374396053377,0
2025-10-27T11:45:00,993.8374396053377,993.8374396053377,0
2025-10-27T12:00:00,993.8374396053377,993.8374396053377,0
2025-10-27T12:15:00,993.8374396053377,993.8374396053377,0
2025-10-27T12:30:00,993.8374396053377,993.8374396053377,0
2025-10-27T12:45:00,993.8374396053377,993.8374396053377,0
2025-10-27T13:00:00,993.8374396053377,993.8374396053377,0
2025-10-27T13:15:00,993.8374396053377,993.8374396053377,0
2025-10-27T13:30:00,993.8374396053377,993.8374396053377,0
2025-10-27T13:45:00,993.8374396053377,993.8374396053377,0
2025-10-27T14:00:00,993.8374396053377,993.8374396053377,0
2025-10-27T14:15:00,993.8374396053377,993.8374396053377,0
2025-10-27T14:30:00,993.8374396053377,993.8374396053377,0
2025-10-27T14:45:00,993.8374396053377,993.8374396053377,0
2025-10-27T15:00:00,993.8374396053377,993.8374396053377,0
2025-10-27T15:15:00,993.8374396053377,993.8374396053377,0
2025-10-27T15:30:00,993.8374396053377,993.8374396053377,0
2025-10-27T15:45:00,993.8374396053377,993.8374396053377,0
2025-10-27T16:00:00,993.8374396053377,993.8374396053377,0
2025-10-27T16:15:00,993.8374396053377,993.8374396053377,0
2025-10-27T16:30:00,993.8374396053377,993.8374396053377,0
2025-10-27T16:45:00,993.8374396053377,993.8374396053377,0
2025-10-27T17:00:00,993.0830162652624,894.2946816544671,1
2025-10-27T17:15:00,991.7139054646373,894.2946816544671,1
2025-10-27T17:30:00,992.9512805181232,894.2946816544671,1
2025-10-27T17:45:00,993.3681300608563,894.2946816544671,1
2025-10-27T18:00:00,994.2507595666888,894.2946816544671,1
2025-10-27T18:15:00,992.2822511165806,894.2946816544671,1
2025-10-27T18:30:00,993.1197140805368,894.2946816544671,1
2025-10-27T18:45:00,992.7734372594853,894.2946816544671,1
2025-10-27T19:00:00,992.8891765230433,894.2946816544671,1
2025-10-27T19:15:00,992.6228821198977,894.2946816544671,1
2025-10-27T19:30:00,990.9884458282188,990.9884458282188,0
2025-10-27T19:45:00,990.9884458282188,990.9884458282188,0
2025-10-27T20:00:00,990.9884458282188,990.9884458282188,0
2025-10-27T20:15:00,990.9884458282188,990.9884458282188,0
2025-10-27T20:30:00,990.9884458282188,990.9884458282188,0
2025-10-27T20:45:00,990.9884458282188,990.9884458282188,0
2025-10-27T21:00:00,990.9884458282188,990.9884458282188,0
2025-10-27T21:15:00,990.9884458282188,990.9884458282188,0
2025-10-27T21:30:00,990.9884458282188,990.9884458282188,0
2025-10-27T21:45:00,990.9884458282188,990.9884458282188,0
2025-10-27T22:00:00,990.9884458282188,990.9884458282188,0
2025-10-27T22:15:00,990.9884458282188,990.9884458282188,0
2025-10-27T22:30:00,990.9884458282188,990.9884458282188,0
2025-10-27T22:45:00,990.9884458282188,990.9884458282188,0
2025-10-27T23:00:00,990.9884458282188,990.9884458282188,0
2025-10-27T23:15:00,990.9884458282188,990.9884458282188,0
2025-10-27T23:30:00,990.9884458282188,990.9884458282188,0
2025-10-27T23:45:00,990.9884458282188,990.9884458282188,0
2025-10-28T00:00:00,990.9884458282188,990.9884458282188,0
2025-10-28T00:15:00,990.9884458282188,990.9884458282188,0
2025-10-28T00:30:00,990.9884458282188,990.9884458282188,0
2025-10-28T00:45:00,990.9884458282188,990.9884458282188,0
2025-10-28T01:00:00,990.9884458282188,990.9884458282188,0
2025-10-28T01:15:00,990.9884458282188,990.9884458282188,0
2025-10-28T01:30:00,990.9884458282188,990.9884458282188,0
2025-10-28T01:45:00,990.9884458282188,990.9884458282188,0
2025-10-28T02:00:00,990.9884458282188,990.9884458282188,0
2025-10-28T02:15:00,990.9884458282188,990.9884458282188,0
2025-10-28T02:30:00,990.9884458282188,990.9884458282188,0
2025-10-28T02:45:00,990.9884458282188,990.9884458282188,0
2025-10-28T03:00:00,990.9884458282188,990.9884458282188,0
2025-10-28T03:15:00,990.9884458282188,990.9884458282188,0
2025-10-28T03:30:00,990.9884458282188,990.9884458282188,0
2025-10-28T03:45:00,990.9884458282188,990.9884458282188,0
2025-10-28T04:00:00,990.9884458282188,990.9884458282188,0
2025-10-28T04:15:00,990.9884458282188,990.9884458282188,0
2025-10-28T04:30:00,990.9884458282188,990.9884458282188,0
2025-10-28T04:45:00,990.9884458282188,990.9884458282188,0
2025-10-28T05:00:00,990.9884458282188,990.9884458282188,0
2025-10-28T05:15:00,990.9884458282188,990.9884458282188,0
2025-10-28T05:30:00,990.9884458282188,990.9884458282188,0
2025-10-28T05:45:00,990.9884458282188,990.9884458282188,0
2025-10-28T06:00:00,990.9884458282188,990.9884458282188,0
2025-10-28T06:15:00,990.9884458282188,990.9884458282188,0
2025-10-28T06:30:00,990.9884458282188,990.9884458282188,0
2025-10-28T06:45:00,990.9884458282188,990.9884458282188,0
2025-10-28T07:00:00,990.9884458282188,990.9884458282188,0
2025-10-28T07:15:00,990.9884458282188,990.9884458282188,0
2025-10-28T07:30:00,990.9884458282188,990.9884458282188,0
2025-10-28T07:45:00,990.9884458282188,990.9884458282188,0
2025-10-28T08:00:00,990.9884458282188,990.9884458282188,0
2025-10-28T08:15:00,990.9884458282188,990.9884458282188,0
2025-10-28T08:30:00,990.9884458282188,990.9884458282188,0
2025-10-28T08:45:00,990.9884458282188,990.9884458282188,0
2025-10-28T09:00:00,990.9884458282188,990.9884458282188,0
2025-10-28T09:15:00,990.9884458282188,990.9884458282188,0
2025-10-28T09:30:00,990.9884458282188,990.9884458282188,0
2025-10-28T09:45:00,990.9884458282188,990.9884458282188,0
2025-10-28T10:00:00,990.9884458282188,990.9884458282188,0
2025-10-28T10:15:00,990.9884458282188,990.9884458282188,0
2025-10-28T10:30:00,990.9884458282188,990.9884458282188,0
2025-10-28T10:45:00,990.9884458282188,990.9884458282188,0
2025-10-28T11:00:00,990.9884458282188,990.9884458282188,0
2025-10-28T11:15:00,990.9884458282188,990.9884458282188,0
2025-10-28T11:30:00,990.9884458282188,990.9884458282188,0
2025-10-28T11:45:00,990.9884458282188,990.9884458282188,0
2025-10-28T12:00:00,990.9884458282188,990.9884458282188,0
2025-10-28T12:15:00,990.9884458282188,990.9884458282188,0
2025-10-28T12:30:00,990.9884458282188,990.9884458282188,0
2025-10-28T12:45:00,990.9884458282188,990.9884458282188,0
2025-10-28T13:00:00,990.9884458282188,990.9884458282188,0
2025-10-28T13:15:00,990.9884458282188,990.9884458282188,0
2025-10-28T13:30:00,990.9884458282188,990.9884458282188,0
2025-10-28T13:45:00,990.9884458282188,990.9884458282188,0
2025-10-28T14:00:00,990.9884458282188,990.9884458282188,0
2025-10-28T14:15:00,990.9884458282188,990.9884458282188,0
2025-10-28T14:30:00,990.9884458282188,990.9884458282188,0
2025-10-28T14:45:00,990.9884458282188,990.9884458282188,0
2025-10-28T15:00:00,990.9884458282188,990.9884458282188,0
2025-10-28T15:15:00,990.9884458282188,990.9884458282188,0
2025-10-28T15:30:00,990.9884458282188,990.9884458282188,0
2025-10-28T15:45:00,990.9884458282188,990.9884458282188,0
2025-10-28T16:00:00,990.9884458282188,990.9884458282188,0
2025-10-28T16:15:00,990.9884458282188,990.9884458282188,0
2025-10-28T16:30:00,990.9884458282188,990.9884458282188,0
2025-10-28T16:45:00,990.9884458282188,990.9884458282188,0
2025-10-28T17:00:00,990.9884458282188,990.9884458282188,0
2025-10-28T17:15:00,990.9884458282188,990.9884458282188,0
2025-10-28T17:30:00,990.9884458282188,990.9884458282188,0
2025-10-28T17:45:00,990.9884458282188,990.9884458282188,0
2025-10-28T18:00:00,990.9884458282188,990.9884458282188,0
2025-10-28T18:15:00,990.9884458282188,990.9884458282188,0
2025-10-28T18:30:00,990.9884458282188,990.9884458282188,0
2025-10-28T18:45:00,990.9884458282188,990.9884458282188,0
2025-10-28T19:00:00,990.9884458282188,990.9884458282188,0
2025-10-28T19:15:00,990.9884458282188,990.9884458282188,0
2025-10-28T19:30:00,990.9884458282188,990.9884458282188,0
2025-10-28T19:45:00,990.9884458282188,990.9884458282188,0
2025-10-28T20:00:00,990.234401379944,891.7310430940644,1
2025-10-28T20:15:00,993.5149404931357,891.7310430940644,1
2025-10-28T20:30:00,992.4941740137059,891.7310430940644,1
2025-10-28T20:45:00,992.4812780329162,891.7310430940644,1
2025-10-28T21:00:00,994.1696595178429,891.7310430940644,1
2025-10-28T21:15:00,994.3819472016115,891.7310430940644,1
2025-10-28T21:30:00,991.9743667880293,891.7310430940644,1
2025-10-28T21:45:00,992.1578865146518,891.7310430940644,1
2025-10-28T22:00:00,992.5943658644566,891.7310430940644,1
2025-10-28T22:15:00,991.0329601903823,891.7310430940644,1
2025-10-28T22:30:00,990.9922882509686,891.7310430940644,1
2025-10-28T22:45:00,990.5809593529724,990.5809593529724,0
2025-10-28T23:00:00,990.5809593529724,990.5809593529724,0
2025-10-28T23:15:00,990.5809593529724,990.5809593529724,0
2025-10-28T23:30:00,990.5809593529724,990.5809593529724,0
2025-10-28T23:45:00,990.5809593529724,990.5809593529724,0
2025-10-29T00:00:00,990.5809593529724,990.5809593529724,0
2025-10-29T00:15:00,990.5809593529724,990.5809593529724,0
2025-10-29T00:30:00,990.5809593529724,990.5809593529724,0
2025-10-29T00:45:00,990.5809593529724,990.5809593529724,0
2025-10-29T01:00:00,990.5809593529724,990.5809593529724,0
2025-10-29T01:15:00,990.5809593529724,990.5809593529724,0
2025-10-29T01:30:00,990.5809593529724,990.5809593529724,0
2025-10-29T01:45:00,990.5809593529724,990.5809593529724,0
2025-10-29T02:00:00,990.5809593529724,990.5809593529724,0
2025-10-29T02:15:00,990.5809593529724,990.5809593529724,0
2025-10-29T02:30:00,990.5809593529724,990.5809593529724,0
2025-10-29T02:45:00,990.5809593529724,990.5809593529724,0
2025-10-29T03:00:00,990.5809593529724,990.5809593529724,0
2025-10-29T03:15:00,990.5809593529724,990.5809593529724,0
2025-10-29T03:30:00,990.5809593529724,990.5809593529724,0
2025-10-29T03:45:00,990.5809593529724,990.5809593529724,0
2025-10-29T04:00:00,990.5809593529724,990.5809593529724,0
2025-10-29T04:15:00,990.5809593529724,990.5809593529724,0
2025-10-29T04:30:00,990.5809593529724,990.5809593529724,0
2025-10-29T04:45:00,990.5809593529724,990.5809593529724,0
2025-10-29T05:00:00,990.5809593529724,990.5809593529724,0
2025-10-29T05:15:00,990.5809593529724,990.5809593529724,0
2025-10-29T05:30:00,990.5809593529724,990.5809593529724,0
2025-10-29T05:45:00,990.5809593529724,990.5809593529724,0
2025-10-29T06:00:00,990.5809593529724,990.5809593529724,0
2025-10-29T06:15:00,990.5809593529724,990.5809593529724,0
2025-10-29T06:30:00,990.5809593529724,990.5809593529724,0
2025-10-29T06:45:00,990.5809593529724,990.5809593529724,0
2025-10-29T07:00:00,990.5809593529724,990.5809593529724,0
2025-10-29T07:15:00,990.5809593529724,990.5809593529724,0
2025-10-29T07:30:00,990.5809593529724,990.5809593529724,0
2025-10-29T07:45:00,990.5809593529724,990.5809593529724,0
2025-10-29T08:00:00,990.5809593529724,990.5809593529724,0
2025-10-29T08:15:00,990.5809593529724,990.5809593529724,0
2025-10-29T08:30:00,990.5809593529724,990.5809593529724,0
2025-10-29T08:45:00,990.5809593529724,990.5809593529724,0
2025-10-29T09:00:00,989.8272249617075,891.3643704641787,1
2025-10-29T09:15:00,989.6325194935698,891.3643704641787,1
2025-10-29T09:30:00,989.2182736761546,891.3643704641787,1
2025-10-29T09:45:00,989.5580148501499,891.3643704641787,1
2025-10-29T10:00:00,989.8808683049699,891.3643704641787,1
2025-10-29T10:15:00,989.515298854589,891.3643704641787,1
2025-10-29T10:30:00,989.361322591521,891.3643704641787,1
2025-10-29T10:45:00,990.382532903998,891.3643704641787,1
2025-10-29T11:00:00,989.075224760788,891.3643704641787,1
2025-10-29T11:15:00,988.0580699641359,988.0580699641359,0
2025-10-29T11:30:00,988.0580699641359,988.0580699641359,0
2025-10-29T11:45:00,988.0580699641359,988.0580699641359,0
2025-10-29T12:00:00,988.0580699641359,988.0580699641359,0
2025-10-29T12:15:00,988.0580699641359,988.0580699641359,0
2025-10-29T12:30:00,988.0580699641359,988.0580699641359,0
2025-10-29T12:45:00,988.0580699641359,988.0580699641359,0
2025-10-29T13:00:00,988.0580699641359,988.0580699641359,0
2025-10-29T13:15:00,988.0580699641359,988.0580699641359,0
2025-10-29T13:30:00,988.0580699641359,988.0580699641359,0
2025-10-29T13:45:00,988.0580699641359,988.0580699641359,0
2025-10-29T14:00:00,988.0580699641359,988.0580699641359,0
2025-10-29T14:15:00,988.0580699641359,988.0580699641359,0
2025-10-29T14:30:00,988.0580699641359,988.0580699641359,0
2025-10-29T14:45:00,988.0580699641359,988.0580699641359,0
2025-10-29T15:00:00,988.0580699641359,988.0580699641359,0
2025-10-29T15:15:00,988.0580699641359,988.0580699641359,0
2025-10-29T15:30:00,988.0580699641359,988.0580699641359,0
2025-10-29T15:45:00,988.0580699641359,988.0580699641359,0
2025-10-29T16:00:00,988.0580699641359,988.0580699641359,0
2025-10-29T16:15:00,988.0580699641359,988.0580699641359,0
2025-10-29T16:30:00,988.0580699641359,988.0580699641359,0
2025-10-29T16:45:00,988.0580699641359,988.0580699641359,0
2025-10-29T17:00:00,988.0580699641359,988.0580699641359,0
2025-10-29T17:15:00,988.0580699641359,988.0580699641359,0
2025-10-29T17:30:00,988.0580699641359,988.0580699641359,0
2025-10-29T17:45:00,988.0580699641359,988.0580699641359,0
2025-10-29T18:00:00,988.0580699641359,988.0580699641359,0
2025-10-29T18:15:00,988.0580699641359,988.0580699641359,0
2025-10-29T18:30:00,987.306255242818,889.094173676528,1
2025-10-29T18:45:00,983.5200894392349,889.094173676528,1
2025-10-29T19:00:00,981.738784385255,889.094173676528,1
2025-10-29T19:15:00,983.0110575560725,889.094173676528,1
2025-10-29T19:30:00,985.0387823661733,889.094173676528,1
2025-10-29T19:45:00,984.1201087429583,889.094173676528,1
2025-10-29T20:00:00,984.3086110209102,889.094173676528,1
2025-10-29T20:15:00,981.3131712042388,981.3131712042388,0
2025-10-29T20:30:00,981.3131712042388,981.3131712042388,0
2025-10-29T20:45:00,981.3131712042388,981.3131712042388,0
2025-10-29T21:00:00,981.3131712042388,981.3131712042388,0
2025-10-29T21:15:00,981.3131712042388,981.3131712042388,0
2025-10-29T21:30:00,981.3131712042388,981.3131712042388,0
2025-10-29T21:45:00,981.3131712042388,981.3131712042388,0
2025-10-29T22:00:00,981.3131712042388,981.3131712042388,0
2025-10-29T22:15:00,981.3131712042388,981.3131712042388,0
2025-10-29T22:30:00,981.3131712042388,981.3131712042388,0
2025-10-29T22:45:00,981.3131712042388,981.3131712042388,0
2025-10-29T23:00:00,981.3131712042388,981.3131712042388,0
2025-10-29T23:15:00,981.3131712042388,981.3131712042388,0
2025-10-29T23:30:00,981.3131712042388,981.3131712042388,0
2025-10-29T23:45:00,981.3131712042388,981.3131712042388,0
2025-10-30T00:00:00,981.3131712042388,981.3131712042388,0
2025-10-30T00:15:00,981.3131712042388,981.3131712042388,0
2025-10-30T00:30:00,981.3131712042388,981.3131712042388,0
2025-10-30T00:45:00,981.3131712042388,981.3131712042388,0
2025-10-30T01:00:00,981.3131712042388,981.3131712042388,0
2025-10-30T01:15:00,981.3131712042388,981.3131712042388,0
2025-10-30T01:30:00,981.3131712042388,981.3131712042388,0
2025-10-30T01:45:00,981.3131712042388,981.3131712042388,0
2025-10-30T02:00:00,981.3131712042388,981.3131712042388,0
2025-10-30T02:15:00,981.3131712042388,981.3131712042388,0
2025-10-30T02:30:00,981.3131712042388,981.3131712042388,0
2025-10-30T02:45:00,981.3131712042388,981.3131712042388,0
2025-10-30T03:00:00,981.3131712042388,981.3131712042388,0
2025-10-30T03:15:00,981.3131712042388,981.3131712042388,0
2025-10-30T03:30:00,981.3131712042388,981.3131712042388,0
2025-10-30T03:45:00,981.3131712042388,981.3131712042388,0
2025-10-30T04:00:00,981.3131712042388,981.3131712042388,0
2025-10-30T04:15:00,981.3131712042388,981.3131712042388,0
2025-10-30T04:30:00,981.3131712042388,981.3131712042388,0
2025-10-30T04:45:00,981.3131712042388,981.3131712042388,0
2025-10-30T05:00:00,981.3131712042388,981.3131712042388,0
2025-10-30T05:15:00,981.3131712042388,981.3131712042388,0
2025-10-30T05:30:00,981.3131712042388,981.3131712042388,0
2025-10-30T05:45:00,981.3131712042388,981.3131712042388,0
2025-10-30T06:00:00,981.3131712042388,981.3131712042388,0
2025-10-30T06:15:00,981.3131712042388,981.3131712042388,0
2025-10-30T06:30:00,981.3131712042388,981.3131712042388,0
2025-10-30T06:45:00,981.3131712042388,981.3131712042388,0
2025-10-30T07:00:00,981.3131712042388,981.3131712042388,0
2025-10-30T07:15:00,981.3131712042388,981.3131712042388,0
2025-10-30T07:30:00,981.3131712042388,981.3131712042388,0
2025-10-30T07:45:00,981.3131712042388,981.3131712042388,0
2025-10-30T08:00:00,981.3131712042388,981.3131712042388,0
2025-10-30T08:15:00,981.3131712042388,981.3131712042388,0
2025-10-30T08:30:00,981.3131712042388,981.3131712042388,0
2025-10-30T08:45:00,981.3131712042388,981.3131712042388,0
2025-10-30T09:00:00,981.3131712042388,981.3131712042388,0
2025-10-30T09:15:00,981.3131712042388,981.3131712042388,0
2025-10-30T09:30:00,981.3131712042388,981.3131712042388,0
2025-10-30T09:45:00,981.3131712042388,981.3131712042388,0
2025-10-30T10:00:00,981.3131712042388,981.3131712042388,0
2025-10-30T10:15:00,981.3131712042388,981.3131712042388,0
2025-10-30T10:30:00,981.3131712042388,981.3131712042388,0
2025-10-30T10:45:00,981.3131712042388,981.3131712042388,0
2025-10-30T11:00:00,981.3131712042388,981.3131712042388,0
2025-10-30T11:15:00,981.3131712042388,981.3131712042388,0
2025-10-30T11:30:00,981.3131712042388,981.3131712042388,0
2025-10-30T11:45:00,981.3131712042388,981.3131712042388,0
2025-10-30T12:00:00,981.3131712042388,981.3131712042388,0
2025-10-30T12:15:00,981.3131712042388,981.3131712042388,0
2025-10-30T12:30:00,981.3131712042388,981.3131712042388,0
2025-10-30T12:45:00,981.3131712042388,981.3131712042388,0
2025-10-30T13:00:00,981.3131712042388,981.3131712042388,0
2025-10-30T13:15:00,981.3131712042388,981.3131712042388,0
2025-10-30T13:30:00,981.3131712042388,981.3131712042388,0
2025-10-30T13:45:00,981.3131712042388,981.3131712042388,0
2025-10-30T14:00:00,981.3131712042388,981.3131712042388,0
2025-10-30T14:15:00,981.3131712042388,981.3131712042388,0
2025-10-30T14:30:00,981.3131712042388,981.3131712042388,0
2025-10-30T14:45:00,981.3131712042388,981.3131712042388,0
2025-10-30T15:00:00,981.3131712042388,981.3131712042388,0
2025-10-30T15:15:00,981.3131712042388,981.3131712042388,0
2025-10-30T15:30:00,981.3131712042388,981.3131712042388,0
2025-10-30T15:45:00,981.3131712042388,981.3131712042388,0
2025-10-30T16:00:00,981.3131712042388,981.3131712042388,0
2025-10-30T16:15:00,981.3131712042388,981.3131712042388,0
2025-10-30T16:30:00,981.3131712042388,981.3131712042388,0
2025-10-30T16:45:00,981.3131712042388,981.3131712042388,0
2025-10-30T17:00:00,981.3131712042388,981.3131712042388,0
2025-10-30T17:15:00,981.3131712042388,981.3131712042388,0
2025-10-30T17:30:00,981.3131712042388,981.3131712042388,0
2025-10-30T17:45:00,981.3131712042388,981.3131712042388,0
2025-10-30T18:00:00,981.3131712042388,981.3131712042388,0
2025-10-30T18:15:00,981.3131712042388,981.3131712042388,0
2025-10-30T18:30:00,980.5664886855066,883.0248439764222,1
2025-10-30T18:45:00,981.0707987120409,883.0248439764222,1
2025-10-30T19:00:00,980.3027282113776,883.0248439764222,1
2025-10-30T19:15:00,980.293232834309,883.0248439764222,1
2025-10-30T19:30:00,983.1144148655914,883.0248439764222,1
2025-10-30T19:45:00,984.6948676265715,883.0248439764222,1
2025-10-30T20:00:00,982.4275825909598,883.0248439764222,1
2025-10-30T20:15:00,981.6088700792639,883.0248439764222,1
2025-10-30T20:30:00,979.1661602349976,979.1661602349976,0
2025-10-30T20:45:00,979.1661602349976,979.1661602349976,0
2025-10-30T21:00:00,979.1661602349976,979.1661602349976,0
2025-10-30T21:15:00,979.1661602349976,979.1661602349976,0
2025-10-30T21:30:00,979.1661602349976,979.1661602349976,0
2025-10-30T21:45:00,979.1661602349976,979.1661602349976,0
2025-10-30T22:00:00,979.1661602349976,979.1661602349976,0
2025-10-30T22:15:00,979.1661602349976,979.1661602349976,0
2025-10-30T22:30:00,979.1661602349976,979.1661602349976,0
2025-10-30T22:45:00,979.1661602349976,979.1661602349976,0
2025-10-30T23:00:00,979.1661602349976,979.1661602349976,0
2025-10-30T23:15:00,979.1661602349976,979.1661602349976,0
2025-10-30T23:30:00,979.1661602349976,979.1661602349976,0
2025-10-30T23:45:00,979.1661602349976,979.1661602349976,0
2025-10-31T00:00:00,979.1661602349976,979.1661602349976,0
2025-10-31T00:15:00,979.1661602349976,979.1661602349976,0
2025-10-31T00:30:00,979.1661602349976,979.1661602349976,0
2025-10-31T00:45:00,979.1661602349976,979.1661602349976,0
2025-10-31T01:00:00,979.1661602349976,979.1661602349976,0
2025-10-31T01:15:00,979.1661602349976,979.1661602349976,0
2025-10-31T01:30:00,979.1661602349976,979.1661602349976,0
2025-10-31T01:45:00,979.1661602349976,979.1661602349976,0
2025-10-31T02:00:00,979.1661602349976,979.1661602349976,0
2025-10-31T02:15:00,979.1661602349976,979.1661602349976,0
2025-10-31T02:30:00,979.1661602349976,979.1661602349976,0
2025-10-31T02:45:00,979.1661602349976,979.1661602349976,0
2025-10-31T03:00:00,979.1661602349976,979.1661602349976,0
2025-10-31T03:15:00,979.1661602349976,979.1661602349976,0
2025-10-31T03:30:00,979.1661602349976,979.1661602349976,0
2025-10-31T03:45:00,979.1661602349976,979.1661602349976,0
2025-10-31T04:00:00,979.1661602349976,979.1661602349976,0
2025-10-31T04:15:00,979.1661602349976,979.1661602349976,0
2025-10-31T04:30:00,979.1661602349976,979.1661602349976,0
2025-10-31T04:45:00,979.1661602349976,979.1661602349976,0
2025-10-31T05:00:00,979.1661602349976,979.1661602349976,0
2025-10-31T05:15:00,979.1661602349976,979.1661602349976,0
2025-10-31T05:30:00,979.1661602349976,979.1661602349976,0
2025-10-31T05:45:00,979.1661602349976,979.1661602349976,0
2025-10-31T06:00:00,979.1661602349976,979.1661602349976,0
2025-10-31T06:15:00,979.1661602349976,979.1661602349976,0
2025-10-31T06:30:00,979.1661602349976,979.1661602349976,0
2025-10-31T06:45:00,979.1661602349976,979.1661602349976,0
2025-10-31T07:00:00,979.1661602349976,979.1661602349976,0
2025-10-31T07:15:00,979.1661602349976,979.1661602349976,0
2025-10-31T07:30:00,979.1661602349976,979.1661602349976,0
2025-10-31T07:45:00,979.1661602349976,979.1661602349976,0
2025-10-31T08:00:00,979.1661602349976,979.1661602349976,0
2025-10-31T08:15:00,979.1661602349976,979.1661602349976,0
2025-10-31T08:30:00,979.1661602349976,979.1661602349976,0
2025-10-31T08:45:00,979.1661602349976,979.1661602349976,0
2025-10-31T09:00:00,979.1661602349976,979.1661602349976,0
2025-10-31T09:15:00,979.1661602349976,979.1661602349976,0
2025-10-31T09:30:00,979.1661602349976,979.1661602349976,0
2025-10-31T09:45:00,979.1661602349976,979.1661602349976,0
2025-10-31T10:00:00,979.1661602349976,979.1661602349976,0
2025-10-31T10:15:00,979.1661602349976,979.1661602349976,0
2025-10-31T10:30:00,979.1661602349976,979.1661602349976,0
2025-10-31T10:45:00,979.1661602349976,979.1661602349976,0
2025-10-31T11:00:00,979.1661602349976,979.1661602349976,0
2025-10-31T11:15:00,979.1661602349976,979.1661602349976,0
2025-10-31T11:30:00,979.1661602349976,979.1661602349976,0
2025-10-31T11:45:00,979.1661602349976,979.1661602349976,0
2025-10-31T12:00:00,979.1661602349976,979.1661602349976,0
2025-10-31T12:15:00,979.1661602349976,979.1661602349976,0
2025-10-31T12:30:00,979.1661602349976,979.1661602349976,0
2025-10-31T12:45:00,979.1661602349976,979.1661602349976,0
2025-10-31T13:00:00,979.1661602349976,979.1661602349976,0
2025-10-31T13:15:00,979.1661602349976,979.1661602349976,0
2025-10-31T13:30:00,979.1661602349976,979.1661602349976,0
2025-10-31T13:45:00,979.1661602349976,979.1661602349976,0
2025-10-31T14:00:00,979.1661602349976,979.1661602349976,0
2025-10-31T14:15:00,979.1661602349976,979.1661602349976,0
2025-10-31T14:30:00,979.1661602349976,979.1661602349976,0
2025-10-31T14:45:00,979.1661602349976,979.1661602349976,0
2025-10-31T15:00:00,979.1661602349976,979.1661602349976,0
2025-10-31T15:15:00,979.1661602349976,979.1661602349976,0
2025-10-31T15:30:00,979.1661602349976,979.1661602349976,0
2025-10-31T15:45:00,979.1661602349976,979.1661602349976,0
2025-10-31T16:00:00,979.1661602349976,979.1661602349976,0
2025-10-31T16:15:00,979.1661602349976,979.1661602349976,0
2025-10-31T16:30:00,979.1661602349976,979.1661602349976,0
2025-10-31T16:45:00,979.1661602349976,979.1661602349976,0
2025-10-31T17:00:00,979.1661602349976,979.1661602349976,0
2025-10-31T17:15:00,979.1661602349976,979.1661602349976,0
2025-10-31T17:30:00,979.1661602349976,979.1661602349976,0
2025-10-31T17:45:00,979.1661602349976,979.1661602349976,0
2025-10-31T18:00:00,979.1661602349976,979.1661602349976,0
2025-10-31T18:15:00,979.1661602349976,979.1661602349976,0
2025-10-31T18:30:00,979.1661602349976,979.1661602349976,0
2025-10-31T18:45:00,979.1661602349976,979.1661602349976,0
2025-10-31T19:00:00,979.1661602349976,979.1661602349976,0
2025-10-31T19:15:00,979.1661602349976,979.1661602349976,0
2025-10-31T19:30:00,979.1661602349976,979.1661602349976,0
2025-10-31T19:45:00,979.1661602349976,979.1661602349976,0
2025-10-31T20:00:00,979.1661602349976,979.1661602349976,0
2025-10-31T20:15:00,979.1661602349976,979.1661602349976,0
2025-10-31T20:30:00,979.1661602349976,979.1661602349976,0
2025-10-31T20:45:00,979.1661602349976,979.1661602349976,0
2025-10-31T21:00:00,979.1661602349976,979.1661602349976,0
2025-10-31T21:15:00,979.1661602349976,979.1661602349976,0
2025-10-31T21:30:00,979.1661602349976,979.1661602349976,0
2025-10-31T21:45:00,979.1661602349976,979.1661602349976,0
2025-10-31T22:00:00,979.1661602349976,979.1661602349976,0
2025-10-31T22:15:00,979.1661602349976,979.1661602349976,0
2025-10-31T22:30:00,979.1661602349976,979.1661602349976,0
2025-10-31T22:45:00,979.1661602349976,979.1661602349976,0
2025-10-31T23:00:00,979.1661602349976,979.1661602349976,0
2025-10-31T23:15:00,979.1661602349976,979.1661602349976,0
2025-10-31T23:30:00,979.1661602349976,979.1661602349976,0
2025-10-31T23:45:00,979.1661602349976,979.1661602349976,0
2025-11-01T00:00:00,979.1661602349976,979.1661602349976,0
2025-11-01T00:15:00,979.1661602349976,979.1661602349976,0
2025-11-01T00:30:00,979.1661602349976,979.1661602349976,0
2025-11-01T00:45:00,979.1661602349976,979.1661602349976,0
2025-11-01T01:00:00,979.1661602349976,979.1661602349976,0
2025-11-01T01:15:00,979.1661602349976,979.1661602349976,0
2025-11-01T01:30:00,979.1661602349976,979.1661602349976,0
2025-11-01T01:45:00,979.1661602349976,979.1661602349976,0
2025-11-01T02:00:00,979.1661602349976,979.1661602349976,0
2025-11-01T02:15:00,979.1661602349976,979.1661602349976,0
2025-11-01T02:30:00,979.1661602349976,979.1661602349976,0
2025-11-01T02:45:00,979.1661602349976,979.1661602349976,0
2025-11-01T03:00:00,979.1661602349976,979.1661602349976,0
2025-11-01T03:15:00,979.1661602349976,979.1661602349976,0
2025-11-01T03:30:00,979.1661602349976,979.1661602349976,0
2025-11-01T03:45:00,979.1661602349976,979.1661602349976,0
2025-11-01T04:00:00,979.1661602349976,979.1661602349976,0
2025-11-01T04:15:00,979.1661602349976,979.1661602349976,0
2025-11-01T04:30:00,979.1661602349976,979.1661602349976,0
2025-11-01T04:45:00,979.1661602349976,979.1661602349976,0
2025-11-01T05:00:00,979.1661602349976,979.1661602349976,0
2025-11-01T05:15:00,979.1661602349976,979.1661602349976,0
2025-11-01T05:30:00,979.1661602349976,979.1661602349976,0
2025-11-01T05:45:00,979.1661602349976,979.1661602349976,0
2025-11-01T06:00:00,979.1661602349976,979.1661602349976,0
2025-11-01T06:15:00,979.1661602349976,979.1661602349976,0
2025-11-01T06:30:00,979.1661602349976,979.1661602349976,0
2025-11-01T06:45:00,979.1661602349976,979.1661602349976,0
2025-11-01T07:00:00,979.1661602349976,979.1661602349976,0
2025-11-01T07:15:00,979.1661602349976,979.1661602349976,0
2025-11-01T07:30:00,979.1661602349976,979.1661602349976,0
2025-11-01T07:45:00,979.1661602349976,979.1661602349976,0
2025-11-01T08:00:00,979.1661602349976,979.1661602349976,0
2025-11-01T08:15:00,979.1661602349976,979.1661602349976,0
2025-11-01T08:30:00,979.1661602349976,979.1661602349976,0
2025-11-01T08:45:00,979.1661602349976,979.1661602349976,0
2025-11-01T09:00:00,978.4228738828688,881.0928776258603,1
2025-11-01T09:15:00,977.9231763080298,881.0928776258603,1
2025-11-01T09:30:00,977.4325458262826,881.0928776258603,1
2025-11-01T09:45:00,977.7660133611047,881.0928776258603,1
2025-11-01T10:00:00,977.5574702199924,881.0928776258603,1
2025-11-01T10:15:00,977.6118727785434,881.0928776258603,1
2025-11-01T10:30:00,978.184107098117,881.0928776258603,1
2025-11-01T10:45:00,977.91310176015,881.0928776258603,1
2025-11-01T11:00:00,978.0964585315627,881.0928776258603,1
2025-11-01T11:15:00,977.155090247349,977.155090247349,0
2025-11-01T11:30:00,977.155090247349,977.155090247349,0
2025-11-01T11:45:00,977.155090247349,977.155090247349,0
2025-11-01T12:00:00,977.155090247349,977.155090247349,0
2025-11-01T12:15:00,977.155090247349,977.155090247349,0
2025-11-01T12:30:00,977.155090247349,977.155090247349,0
2025-11-01T12:45:00,977.155090247349,977.155090247349,0
2025-11-01T13:00:00,977.155090247349,977.155090247349,0
2025-11-01T13:15:00,977.155090247349,977.155090247349,0
2025-11-01T13:30:00,977.155090247349,977.155090247349,0
2025-11-01T13:45:00,977.155090247349,977.155090247349,0
2025-11-01T14:00:00,977.155090247349,977.155090247349,0
2025-11-01T14:15:00,977.155090247349,977.155090247349,0
2025-11-01T14:30:00,977.155090247349,977.155090247349,0
2025-11-01T14:45:00,977.155090247349,977.155090247349,0
2025-11-01T15:00:00,977.155090247349,977.155090247349,0
2025-11-01T15:15:00,977.155090247349,977.155090247349,0
2025-11-01T15:30:00,977.155090247349,977.155090247349,0
2025-11-01T15:45:00,977.155090247349,977.155090247349,0
2025-11-01T16:00:00,977.155090247349,977.155090247349,0
2025-11-01T16:15:00,977.155090247349,977.155090247349,0
2025-11-01T16:30:00,977.155090247349,977.155090247349,0
2025-11-01T16:45:00,977.155090247349,977.155090247349,0
2025-11-01T17:00:00,977.155090247349,977.155090247349,0
2025-11-01T17:15:00,977.155090247349,977.155090247349,0
2025-11-01T17:30:00,977.155090247349,977.155090247349,0
2025-11-01T17:45:00,977.155090247349,977.155090247349,0
2025-11-01T18:00:00,977.155090247349,977.155090247349,0
2025-11-01T18:15:00,977.155090247349,977.155090247349,0
2025-11-01T18:30:00,977.155090247349,977.155090247349,0
2025-11-01T18:45:00,977.155090247349,977.155090247349,0
2025-11-01T19:00:00,977.155090247349,977.155090247349,0
2025-11-01T19:15:00,977.155090247349,977.155090247349,0
2025-11-01T19:30:00,977.155090247349,977.155090247349,0
2025-11-01T19:45:00,977.155090247349,977.155090247349,0
2025-11-01T20:00:00,977.155090247349,977.155090247349,0
2025-11-01T20:15:00,977.155090247349,977.155090247349,0
2025-11-01T20:30:00,977.155090247349,977.155090247349,0
2025-11-01T20:45:00,977.155090247349,977.155090247349,0
2025-11-01T21:00:00,977.155090247349,977.155090247349,0
2025-11-01T21:15:00,977.155090247349,977.155090247349,0
2025-11-01T21:30:00,977.155090247349,977.155090247349,0
2025-11-01T21:45:00,977.155090247349,977.155090247349,0
2025-11-01T22:00:00,977.155090247349,977.155090247349,0
2025-11-01T22:15:00,977.155090247349,977.155090247349,0
2025-11-01T22:30:00,977.155090247349,977.155090247349,0
2025-11-01T22:45:00,977.155090247349,977.155090247349,0
2025-11-01T23:00:00,977.155090247349,977.155090247349,0
2025-11-01T23:15:00,977.155090247349,977.155090247349,0
2025-11-01T23:30:00,977.155090247349,977.155090247349,0
2025-11-01T23:45:00,977.155090247349,977.155090247349,0
2025-11-02T00:00:00,977.155090247349,977.155090247349,0
2025-11-02T00:15:00,977.155090247349,977.155090247349,0
2025-11-02T00:30:00,977.155090247349,977.155090247349,0
2025-11-02T00:45:00,977.155090247349,977.155090247349,0
2025-11-02T01:00:00,977.155090247349,977.155090247349,0
2025-11-02T01:15:00,977.155090247349,977.155090247349,0
2025-11-02T01:30:00,977.155090247349,977.155090247349,0
2025-11-02T01:45:00,977.155090247349,977.155090247349,0
2025-11-02T02:00:00,977.155090247349,977.155090247349,0
2025-11-02T02:15:00,977.155090247349,977.155090247349,0
2025-11-02T02:30:00,977.155090247349,977.155090247349,0
2025-11-02T02:45:00,977.155090247349,977.155090247349,0
2025-11-02T03:00:00,977.155090247349,977.155090247349,0
2025-11-02T03:15:00,977.155090247349,977.155090247349,0
2025-11-02T03:30:00,977.155090247349,977.155090247349,0
2025-11-02T03:45:00,977.155090247349,977.155090247349,0
2025-11-02T04:00:00,977.155090247349,977.155090247349,0
2025-11-02T04:15:00,977.155090247349,977.155090247349,0
2025-11-02T04:30:00,977.155090247349,977.155090247349,0
2025-11-02T04:45:00,977.155090247349,977.155090247349,0
2025-11-02T05:00:00,977.155090247349,977.155090247349,0
2025-11-02T05:15:00,977.155090247349,977.155090247349,0
2025-11-02T05:30:00,977.155090247349,977.155090247349,0
2025-11-02T05:45:00,977.155090247349,977.155090247349,0
2025-11-02T06:00:00,977.155090247349,977.155090247349,0
2025-11-02T06:15:00,977.155090247349,977.155090247349,0
2025-11-02T06:30:00,977.155090247349,977.155090247349,0
2025-11-02T06:45:00,977.155090247349,977.155090247349,0
2025-11-02T07:00:00,977.155090247349,977.155090247349,0
2025-11-02T07:15:00,977.155090247349,977.155090247349,0
2025-11-02T07:30:00,977.155090247349,977.155090247349,0
2025-11-02T07:45:00,977.155090247349,977.155090247349,0
2025-11-02T08:00:00,977.155090247349,977.155090247349,0
2025-11-02T08:15:00,977.155090247349,977.155090247349,0
2025-11-02T08:30:00,977.155090247349,977.155090247349,0
2025-11-02T08:45:00,977.155090247349,977.155090247349,0
2025-11-02T09:00:00,977.155090247349,977.155090247349,0
2025-11-02T09:15:00,977.155090247349,977.155090247349,0
2025-11-02T09:30:00,977.155090247349,977.155090247349,0
2025-11-02T09:45:00,977.155090247349,977.155090247349,0
2025-11-02T10:00:00,977.155090247349,977.155090247349,0
2025-11-02T10:15:00,977.155090247349,977.155090247349,0
2025-11-02T10:30:00,977.155090247349,977.155090247349,0
2025-11-02T10:45:00,977.155090247349,977.155090247349,0
2025-11-02T11:00:00,977.155090247349,977.155090247349,0
2025-11-02T11:15:00,977.155090247349,977.155090247349,0
2025-11-02T11:30:00,977.155090247349,977.155090247349,0
2025-11-02T11:45:00,977.155090247349,977.155090247349,0
2025-11-02T12:00:00,977.155090247349,977.155090247349,0
2025-11-02T12:15:00,977.155090247349,977.155090247349,0
2025-11-02T12:30:00,977.155090247349,977.155090247349,0
2025-11-02T12:45:00,977.155090247349,977.155090247349,0
2025-11-02T13:00:00,977.155090247349,977.155090247349,0
2025-11-02T13:15:00,977.155090247349,977.155090247349,0
2025-11-02T13:30:00,977.155090247349,977.155090247349,0
2025-11-02T13:45:00,977.155090247349,977.155090247349,0
2025-11-02T14:00:00,977.155090247349,977.155090247349,0
2025-11-02T14:15:00,977.155090247349,977.155090247349,0
2025-11-02T14:30:00,977.155090247349,977.155090247349,0
2025-11-02T14:45:00,977.155090247349,977.155090247349,0
2025-11-02T15:00:00,977.155090247349,977.155090247349,0
2025-11-02T15:15:00,977.155090247349,977.155090247349,0
2025-11-02T15:30:00,977.155090247349,977.155090247349,0
2025-11-02T15:45:00,977.155090247349,977.155090247349,0
2025-11-02T16:00:00,977.155090247349,977.155090247349,0
2025-11-02T16:15:00,977.155090247349,977.155090247349,0
2025-11-02T16:30:00,977.155090247349,977.155090247349,0
2025-11-02T16:45:00,977.155090247349,977.155090247349,0
2025-11-02T17:00:00,977.155090247349,977.155090247349,0
2025-11-02T17:15:00,977.155090247349,977.155090247349,0
2025-11-02T17:30:00,977.155090247349,977.155090247349,0
2025-11-02T17:45:00,977.155090247349,977.155090247349,0
2025-11-02T18:00:00,977.155090247349,977.155090247349,0
2025-11-02T18:15:00,977.155090247349,977.155090247349,0
2025-11-02T18:30:00,977.155090247349,977.155090247349,0
2025-11-02T18:45:00,977.155090247349,977.155090247349,0
2025-11-02T19:00:00,977.155090247349,977.155090247349,0
2025-11-02T19:15:00,977.155090247349,977.155090247349,0
2025-11-02T19:30:00,977.155090247349,977.155090247349,0
2025-11-02T19:45:00,977.155090247349,977.155090247349,0
2025-11-02T20:00:00,977.155090247349,977.155090247349,0
2025-11-02T20:15:00,977.155090247349,977.155090247349,0
2025-11-02T20:30:00,977.155090247349,977.155090247349,0
2025-11-02T20:45:00,977.155090247349,977.155090247349,0
2025-11-02T21:00:00,977.155090247349,977.155090247349,0
2025-11-02T21:15:00,977.155090247349,977.155090247349,0
2025-11-02T21:30:00,977.155090247349,977.155090247349,0
2025-11-02T21:45:00,977.155090247349,977.155090247349,0
2025-11-02T22:00:00,977.155090247349,977.155090247349,0
2025-11-02T22:15:00,977.155090247349,977.155090247349,0
2025-11-02T22:30:00,977.155090247349,977.155090247349,0
2025-11-02T22:45:00,977.155090247349,977.155090247349,0
2025-11-02T23:00:00,977.155090247349,977.155090247349,0
2025-11-02T23:15:00,977.155090247349,977.155090247349,0
2025-11-02T23:30:00,977.155090247349,977.155090247349,0
2025-11-02T23:45:00,977.155090247349,977.155090247349,0
2025-11-03T00:00:00,977.155090247349,977.155090247349,0
2025-11-03T00:15:00,977.155090247349,977.155090247349,0
2025-11-03T00:30:00,977.155090247349,977.155090247349,0
2025-11-03T00:45:00,977.155090247349,977.155090247349,0
2025-11-03T01:00:00,977.155090247349,977.155090247349,0
2025-11-03T01:15:00,977.155090247349,977.155090247349,0
2025-11-03T01:30:00,977.155090247349,977.155090247349,0
2025-11-03T01:45:00,977.155090247349,977.155090247349,0
2025-11-03T02:00:00,977.155090247349,977.155090247349,0
2025-11-03T02:15:00,977.155090247349,977.155090247349,0
2025-11-03T02:30:00,977.155090247349,977.155090247349,0
2025-11-03T02:45:00,977.155090247349,977.155090247349,0
2025-11-03T03:00:00,977.155090247349,977.155090247349,0
2025-11-03T03:15:00,977.155090247349,977.155090247349,0
2025-11-03T03:30:00,977.155090247349,977.155090247349,0
2025-11-03T03:45:00,977.155090247349,977.155090247349,0
2025-11-03T04:00:00,977.155090247349,977.155090247349,0
2025-11-03T04:15:00,977.155090247349,977.155090247349,0
2025-11-03T04:30:00,977.155090247349,977.155090247349,0
2025-11-03T04:45:00,977.155090247349,977.155090247349,0
2025-11-03T05:00:00,977.155090247349,977.155090247349,0
2025-11-03T05:15:00,977.155090247349,977.155090247349,0
2025-11-03T05:30:00,977.155090247349,977.155090247349,0
2025-11-03T05:45:00,977.155090247349,977.155090247349,0
2025-11-03T06:00:00,977.155090247349,977.155090247349,0
2025-11-03T06:15:00,977.155090247349,977.155090247349,0
2025-11-03T06:30:00,977.155090247349,977.155090247349,0
2025-11-03T06:45:00,977.155090247349,977.155090247349,0
2025-11-03T07:00:00,977.155090247349,977.155090247349,0
2025-11-03T07:15:00,977.155090247349,977.155090247349,0
2025-11-03T07:30:00,977.155090247349,977.155090247349,0
2025-11-03T07:45:00,977.155090247349,977.155090247349,0
2025-11-03T08:00:00,977.155090247349,977.155090247349,0
2025-11-03T08:15:00,977.155090247349,977.155090247349,0
2025-11-03T08:30:00,977.155090247349,977.155090247349,0
2025-11-03T08:45:00,977.155090247349,977.155090247349,0
2025-11-03T09:00:00,977.155090247349,977.155090247349,0
2025-11-03T09:15:00,977.155090247349,977.155090247349,0
2025-11-03T09:30:00,977.155090247349,977.155090247349,0
2025-11-03T09:45:00,977.155090247349,977.155090247349,0
2025-11-03T10:00:00,977.155090247349,977.155090247349,0
2025-11-03T10:15:00,977.155090247349,977.155090247349,0
2025-11-03T10:30:00,977.155090247349,977.155090247349,0
2025-11-03T10:45:00,977.155090247349,977.155090247349,0
2025-11-03T11:00:00,977.155090247349,977.155090247349,0
2025-11-03T11:15:00,977.155090247349,977.155090247349,0
2025-11-03T11:30:00,977.155090247349,977.155090247349,0
2025-11-03T11:45:00,977.155090247349,977.155090247349,0
2025-11-03T12:00:00,977.155090247349,977.155090247349,0
2025-11-03T12:15:00,977.155090247349,977.155090247349,0
2025-11-03T12:30:00,977.155090247349,977.155090247349,0
2025-11-03T12:45:00,977.155090247349,977.155090247349,0
2025-11-03T13:00:00,977.155090247349,977.155090247349,0
2025-11-03T13:15:00,977.155090247349,977.155090247349,0
2025-11-03T13:30:00,977.155090247349,977.155090247349,0
2025-11-03T13:45:00,977.155090247349,977.155090247349,0
2025-11-03T14:00:00,977.155090247349,977.155090247349,0
2025-11-03T14:15:00,977.155090247349,977.155090247349,0
2025-11-03T14:30:00,977.155090247349,977.155090247349,0
2025-11-03T14:45:00,977.155090247349,977.155090247349,0
2025-11-03T15:00:00,977.155090247349,977.155090247349,0
2025-11-03T15:15:00,977.155090247349,977.155090247349,0
2025-11-03T15:30:00,977.155090247349,977.155090247349,0
2025-11-03T15:45:00,977.155090247349,977.155090247349,0
2025-11-03T16:00:00,977.155090247349,977.155090247349,0
2025-11-03T16:15:00,977.155090247349,977.155090247349,0
2025-11-03T16:30:00,977.155090247349,977.155090247349,0
2025-11-03T16:45:00,977.155090247349,977.155090247349,0
2025-11-03T17:00:00,977.155090247349,977.155090247349,0
2025-11-03T17:15:00,977.155090247349,977.155090247349,0
2025-11-03T17:30:00,977.155090247349,977.155090247349,0
2025-11-03T17:45:00,977.155090247349,977.155090247349,0
2025-11-03T18:00:00,977.155090247349,977.155090247349,0
2025-11-03T18:15:00,977.155090247349,977.155090247349,0
2025-11-03T18:30:00,977.155090247349,977.155090247349,0
2025-11-03T18:45:00,977.155090247349,977.155090247349,0
2025-11-03T19:00:00,977.155090247349,977.155090247349,0
2025-11-03T19:15:00,977.155090247349,977.155090247349,0
2025-11-03T19:30:00,977.155090247349,977.155090247349,0
2025-11-03T19:45:00,977.155090247349,977.155090247349,0
2025-11-03T20:00:00,977.155090247349,977.155090247349,0
2025-11-03T20:15:00,977.155090247349,977.155090247349,0
2025-11-03T20:30:00,977.155090247349,977.155090247349,0
2025-11-03T20:45:00,977.155090247349,977.155090247349,0
2025-11-03T21:00:00,977.155090247349,977.155090247349,0
2025-11-03T21:15:00,977.155090247349,977.155090247349,0
2025-11-03T21:30:00,977.155090247349,977.155090247349,0
2025-11-03T21:45:00,977.155090247349,977.155090247349,0
2025-11-03T22:00:00,977.155090247349,977.155090247349,0
2025-11-03T22:15:00,977.155090247349,977.155090247349,0
2025-11-03T22:30:00,977.155090247349,977.155090247349,0
2025-11-03T22:45:00,977.155090247349,977.155090247349,0
2025-11-03T23:00:00,977.155090247349,977.155090247349,0
2025-11-03T23:15:00,977.155090247349,977.155090247349,0
2025-11-03T23:30:00,977.155090247349,977.155090247349,0
2025-11-03T23:45:00,977.155090247349,977.155090247349,0
2025-11-04T00:00:00,977.155090247349,977.155090247349,0
2025-11-04T00:15:00,976.4115716180387,879.2832364081745,1
2025-11-04T00:30:00,972.8384958602359,972.8384958602359,0
2025-11-04T00:45:00,972.8384958602359,972.8384958602359,0
2025-11-04T01:00:00,972.8384958602359,972.8384958602359,0
2025-11-04T01:15:00,972.8384958602359,972.8384958602359,0
2025-11-04T01:30:00,972.8384958602359,972.8384958602359,0
2025-11-04T01:45:00,972.8384958602359,972.8384958602359,0
2025-11-04T02:00:00,972.8384958602359,972.8384958602359,0
2025-11-04T02:15:00,972.8384958602359,972.8384958602359,0
2025-11-04T02:30:00,972.8384958602359,972.8384958602359,0
2025-11-04T02:45:00,972.8384958602359,972.8384958602359,0
2025-11-04T03:00:00,972.8384958602359,972.8384958602359,0
2025-11-04T03:15:00,972.8384958602359,972.8384958602359,0
2025-11-04T03:30:00,972.8384958602359,972.8384958602359,0
2025-11-04T03:45:00,972.8384958602359,972.8384958602359,0
2025-11-04T04:00:00,972.8384958602359,972.8384958602359,0
2025-11-04T04:15:00,972.8384958602359,972.8384958602359,0
2025-11-04T04:30:00,972.8384958602359,972.8384958602359,0
2025-11-04T04:45:00,972.8384958602359,972.8384958602359,0
2025-11-04T05:00:00,972.8384958602359,972.8384958602359,0
2025-11-04T05:15:00,972.8384958602359,972.8384958602359,0
2025-11-04T05:30:00,972.8384958602359,972.8384958602359,0
2025-11-04T05:45:00,972.8384958602359,972.8384958602359,0
2025-11-04T06:00:00,972.098261733431,875.3989921148747,1
2025-11-04T06:15:00,970.4681022090238,875.3989921148747,1
2025-11-04T06:30:00,973.8524551346952,875.3989921148747,1
2025-11-04T06:45:00,972.8380352132571,875.3989921148747,1
2025-11-04T07:00:00,974.9122803146258,875.3989921148747,1
2025-11-04T07:15:00,975.9876097291634,875.3989921148747,1
2025-11-04T07:30:00,976.3442071251275,875.3989921148747,1
2025-11-04T07:45:00,974.8148251256666,875.3989921148747,1
2025-11-04T08:00:00,977.5214215099406,875.3989921148747,1
2025-11-04T08:15:00,975.2035384361741,875.3989921148747,1
2025-11-04T08:30:00,973.4836758401113,875.3989921148747,1
2025-11-04T08:45:00,974.6741795688733,875.3989921148747,1
2025-11-04T09:00:00,975.7262526315003,875.3989921148747,1
2025-11-04T09:15:00,974.9076409441866,974.9076409441866,0
2025-11-04T09:30:00,974.9076409441866,974.9076409441866,0
2025-11-04T09:45:00,974.9076409441866,974.9076409441866,0
2025-11-04T10:00:00,974.9076409441866,974.9076409441866,0
2025-11-04T10:15:00,974.9076409441866,974.9076409441866,0
2025-11-04T10:30:00,974.9076409441866,974.9076409441866,0
2025-11-04T10:45:00,974.9076409441866,974.9076409441866,0
2025-11-04T11:00:00,974.9076409441866,974.9076409441866,0
2025-11-04T11:15:00,974.9076409441866,974.9076409441866,0
2025-11-04T11:30:00,974.9076409441866,974.9076409441866,0
2025-11-04T11:45:00,974.9076409441866,974.9076409441866,0
2025-11-04T12:00:00,974.9076409441866,974.9076409441866,0
2025-11-04T12:15:00,974.9076409441866,974.9076409441866,0
2025-11-04T12:30:00,974.9076409441866,974.9076409441866,0
2025-11-04T12:45:00,974.9076409441866,974.9076409441866,0
2025-11-04T13:00:00,974.9076409441866,974.9076409441866,0
2025-11-04T13:15:00,974.9076409441866,974.9076409441866,0
2025-11-04T13:30:00,974.9076409441866,974.9076409441866,0
2025-11-04T13:45:00,974.9076409441866,974.9076409441866,0
2025-11-04T14:00:00,974.9076409441866,974.9076409441866,0
2025-11-04T14:15:00,974.9076409441866,974.9076409441866,0
2025-11-04T14:30:00,974.9076409441866,974.9076409441866,0
2025-11-04T14:45:00,974.9076409441866,974.9076409441866,0
2025-11-04T15:00:00,974.9076409441866,974.9076409441866,0
2025-11-04T15:15:00,974.9076409441866,974.9076409441866,0
2025-11-04T15:30:00,974.9076409441866,974.9076409441866,0
2025-11-04T15:45:00,974.9076409441866,974.9076409441866,0
2025-11-04T16:00:00,974.9076409441866,974.9076409441866,0
2025-11-04T16:15:00,974.9076409441866,974.9076409441866,0
2025-11-04T16:30:00,974.9076409441866,974.9076409441866,0
2025-11-04T16:45:00,974.9076409441866,974.9076409441866,0
2025-11-04T17:00:00,974.1658324020898,877.2608916272169,1
2025-11-04T17:15:00,974.1208384244394,877.2608916272169,1
2025-11-04T17:30:00,973.6132140612041,877.2608916272169,1
2025-11-04T17:45:00,975.5364181828251,877.2608916272169,1
2025-11-04T18:00:00,977.968400359416,877.2608916272169,1
2025-11-04T18:15:00,981.6440622259335,877.2608916272169,1
2025-11-04T18:30:00,982.0490080247871,877.2608916272169,1
2025-11-04T18:45:00,983.6157214004087,877.2608916272169,1
2025-11-04T19:00:00,983.3480649179755,877.2608916272169,1
2025-11-04T19:15:00,984.8236366465618,877.2608916272169,1
2025-11-04T19:30:00,987.1079462811207,877.2608916272169,1
2025-11-04T19:45:00,991.9638347921601,877.2608916272169,1
2025-11-04T20:00:00,992.1968805225546,877.2608916272169,1
2025-11-04T20:15:00,997.3065812152117,877.2608916272169,1
2025-11-04T20:30:00,993.6609153337945,877.2608916272169,1
2025-11-04T20:45:00,993.9735657938782,877.2608916272169,1
2025-11-04T21:00:00,997.231591252461,877.2608916272169,1
2025-11-04T21:15:00,999.6139646844631,877.2608916272169,1
2025-11-04T21:30:00,1006.2061592561142,877.2608916272169,1
2025-11-04T21:45:00,993.8178174097036,877.2608916272169,1
2025-11-04T22:00:00,987.305283305589,987.305283305589,0
2025-11-04T22:15:00,987.305283305589,987.305283305589,0
2025-11-04T22:30:00,987.305283305589,987.305283305589,0
2025-11-04T22:45:00,987.305283305589,987.305283305589,0
2025-11-04T23:00:00,987.305283305589,987.305283305589,0
2025-11-04T23:15:00,987.305283305589,987.305283305589,0
2025-11-04T23:30:00,987.305283305589,987.305283305589,0
2025-11-04T23:45:00,987.305283305589,987.305283305589,0
2025-11-05T00:00:00,987.305283305589,987.305283305589,0
2025-11-05T00:15:00,987.305283305589,987.305283305589,0
2025-11-05T00:30:00,987.305283305589,987.305283305589,0
2025-11-05T00:45:00,987.305283305589,987.305283305589,0
2025-11-05T01:00:00,987.305283305589,987.305283305589,0
2025-11-05T01:15:00,987.305283305589,987.305283305589,0
2025-11-05T01:30:00,987.305283305589,987.305283305589,0
2025-11-05T01:45:00,987.305283305589,987.305283305589,0
2025-11-05T02:00:00,987.305283305589,987.305283305589,0
2025-11-05T02:15:00,987.305283305589,987.305283305589,0
2025-11-05T02:30:00,987.305283305589,987.305283305589,0
2025-11-05T02:45:00,987.305283305589,987.305283305589,0
2025-11-05T03:00:00,987.305283305589,987.305283305589,0
2025-11-05T03:15:00,987.305283305589,987.305283305589,0
2025-11-05T03:30:00,987.305283305589,987.305283305589,0
2025-11-05T03:45:00,987.305283305589,987.305283305589,0
2025-11-05T04:00:00,987.305283305589,987.305283305589,0
2025-11-05T04:15:00,987.305283305589,987.305283305589,0
2025-11-05T04:30:00,987.305283305589,987.305283305589,0
2025-11-05T04:45:00,987.305283305589,987.305283305589,0
2025-11-05T05:00:00,987.305283305589,987.305283305589,0
2025-11-05T05:15:00,987.305283305589,987.305283305589,0
2025-11-05T05:30:00,987.305283305589,987.305283305589,0
2025-11-05T05:45:00,987.305283305589,987.305283305589,0
2025-11-05T06:00:00,987.305283305589,987.305283305589,0
2025-11-05T06:15:00,987.305283305589,987.305283305589,0
2025-11-05T06:30:00,987.305283305589,987.305283305589,0
2025-11-05T06:45:00,987.305283305589,987.305283305589,0
2025-11-05T07:00:00,987.305283305589,987.305283305589,0
2025-11-05T07:15:00,987.305283305589,987.305283305589,0
2025-11-05T07:30:00,987.305283305589,987.305283305589,0
2025-11-05T07:45:00,987.305283305589,987.305283305589,0
2025-11-05T08:00:00,987.305283305589,987.305283305589,0
2025-11-05T08:15:00,987.305283305589,987.305283305589,0
2025-11-05T08:30:00,987.305283305589,987.305283305589,0
2025-11-05T08:45:00,987.305283305589,987.305283305589,0
2025-11-05T09:00:00,987.305283305589,987.305283305589,0
2025-11-05T09:15:00,987.305283305589,987.305283305589,0
2025-11-05T09:30:00,987.305283305589,987.305283305589,0
2025-11-05T09:45:00,987.305283305589,987.305283305589,0
2025-11-05T10:00:00,987.305283305589,987.305283305589,0
2025-11-05T10:15:00,987.305283305589,987.305283305589,0
2025-11-05T10:30:00,987.305283305589,987.305283305589,0
2025-11-05T10:45:00,987.305283305589,987.305283305589,0
2025-11-05T11:00:00,987.305283305589,987.305283305589,0
2025-11-05T11:15:00,987.305283305589,987.305283305589,0
2025-11-05T11:30:00,987.305283305589,987.305283305589,0
2025-11-05T11:45:00,987.305283305589,987.305283305589,0
2025-11-05T12:00:00,987.305283305589,987.305283305589,0
2025-11-05T12:15:00,987.305283305589,987.305283305589,0
2025-11-05T12:30:00,987.305283305589,987.305283305589,0
2025-11-05T12:45:00,987.305283305589,987.305283305589,0
2025-11-05T13:00:00,987.305283305589,987.305283305589,0
2025-11-05T13:15:00,987.305283305589,987.305283305589,0
2025-11-05T13:30:00,987.305283305589,987.305283305589,0
2025-11-05T13:45:00,987.305283305589,987.305283305589,0
2025-11-05T14:00:00,987.305283305589,987.305283305589,0
2025-11-05T14:15:00,987.305283305589,987.305283305589,0
2025-11-05T14:30:00,987.305283305589,987.305283305589,0
2025-11-05T14:45:00,987.305283305589,987.305283305589,0
2025-11-05T15:00:00,987.305283305589,987.305283305589,0
2025-11-05T15:15:00,987.305283305589,987.305283305589,0
2025-11-05T15:30:00,987.305283305589,987.305283305589,0
2025-11-05T15:45:00,987.305283305589,987.305283305589,0
2025-11-05T16:00:00,987.305283305589,987.305283305589,0
2025-11-05T16:15:00,987.305283305589,987.305283305589,0
2025-11-05T16:30:00,987.305283305589,987.305283305589,0
2025-11-05T16:45:00,987.305283305589,987.305283305589,0
2025-11-05T17:00:00,986.5558185341658,888.4167861297012,1
2025-11-05T17:15:00,988.6176478238615,888.4167861297012,1
2025-11-05T17:30:00,988.1563884749363,888.4167861297012,1
2025-11-05T17:45:00,988.4492881615038,888.4167861297012,1
2025-11-05T18:00:00,988.0053260381633,888.4167861297012,1
2025-11-05T18:15:00,989.1192673658177,888.4167861297012,1
2025-11-05T18:30:00,991.2456729643627,888.4167861297012,1
2025-11-05T18:45:00,991.4497802262621,888.4167861297012,1
2025-11-05T19:00:00,989.9183991878306,888.4167861297012,1
2025-11-05T19:15:00,990.7059995261203,888.4167861297012,1
2025-11-05T19:30:00,992.0817055342897,888.4167861297012,1
2025-11-05T19:45:00,990.6518015526216,888.4167861297012,1
2025-11-05T20:00:00,993.4412674652466,888.4167861297012,1
2025-11-05T20:15:00,990.6664359556605,990.6664359556605,0
2025-11-05T20:30:00,990.6664359556605,990.6664359556605,0
2025-11-05T20:45:00,990.6664359556605,990.6664359556605,0
2025-11-05T21:00:00,990.6664359556605,990.6664359556605,0
2025-11-05T21:15:00,990.6664359556605,990.6664359556605,0
2025-11-05T21:30:00,990.6664359556605,990.6664359556605,0
2025-11-05T21:45:00,990.6664359556605,990.6664359556605,0
2025-11-05T22:00:00,990.6664359556605,990.6664359556605,0
2025-11-05T22:15:00,990.6664359556605,990.6664359556605,0
2025-11-05T22:30:00,990.6664359556605,990.6664359556605,0
2025-11-05T22:45:00,990.6664359556605,990.6664359556605,0
2025-11-05T23:00:00,990.6664359556605,990.6664359556605,0
2025-11-05T23:15:00,990.6664359556605,990.6664359556605,0
2025-11-05T23:30:00,990.6664359556605,990.6664359556605,0
2025-11-05T23:45:00,990.6664359556605,990.6664359556605,0
2025-11-06T00:00:00,990.6664359556605,990.6664359556605,0
2025-11-06T00:15:00,990.6664359556605,990.6664359556605,0
2025-11-06T00:30:00,990.6664359556605,990.6664359556605,0
2025-11-06T00:45:00,990.6664359556605,990.6664359556605,0
2025-11-06T01:00:00,990.6664359556605,990.6664359556605,0
2025-11-06T01:15:00,990.6664359556605,990.6664359556605,0
2025-11-06T01:30:00,990.6664359556605,990.6664359556605,0
2025-11-06T01:45:00,990.6664359556605,990.6664359556605,0
2025-11-06T02:00:00,990.6664359556605,990.6664359556605,0
2025-11-06T02:15:00,990.6664359556605,990.6664359556605,0
2025-11-06T02:30:00,990.6664359556605,990.6664359556605,0
2025-11-06T02:45:00,990.6664359556605,990.6664359556605,0
2025-11-06T03:00:00,990.6664359556605,990.6664359556605,0
2025-11-06T03:15:00,990.6664359556605,990.6664359556605,0
2025-11-06T03:30:00,990.6664359556605,990.6664359556605,0
2025-11-06T03:45:00,990.6664359556605,990.6664359556605,0
2025-11-06T04:00:00,990.6664359556605,990.6664359556605,0
2025-11-06T04:15:00,990.6664359556605,990.6664359556605,0
2025-11-06T04:30:00,990.6664359556605,990.6664359556605,0
2025-11-06T04:45:00,990.6664359556605,990.6664359556605,0
2025-11-06T05:00:00,990.6664359556605,990.6664359556605,0
2025-11-06T05:15:00,990.6664359556605,990.6664359556605,0
2025-11-06T05:30:00,990.6664359556605,990.6664359556605,0
2025-11-06T05:45:00,990.6664359556605,990.6664359556605,0
2025-11-06T06:00:00,990.6664359556605,990.6664359556605,0
2025-11-06T06:15:00,990.6664359556605,990.6664359556605,0
2025-11-06T06:30:00,990.6664359556605,990.6664359556605,0
2025-11-06T06:45:00,990.6664359556605,990.6664359556605,0
2025-11-06T07:00:00,990.6664359556605,990.6664359556605,0
2025-11-06T07:15:00,990.6664359556605,990.6664359556605,0
2025-11-06T07:30:00,990.6664359556605,990.6664359556605,0
2025-11-06T07:45:00,990.6664359556605,990.6664359556605,0
2025-11-06T08:00:00,990.6664359556605,990.6664359556605,0
2025-11-06T08:15:00,990.6664359556605,990.6664359556605,0
2025-11-06T08:30:00,990.6664359556605,990.6664359556605,0
2025-11-06T08:45:00,990.6664359556605,990.6664359556605,0
2025-11-06T09:00:00,990.6664359556605,990.6664359556605,0
2025-11-06T09:15:00,990.6664359556605,990.6664359556605,0
2025-11-06T09:30:00,990.6664359556605,990.6664359556605,0
2025-11-06T09:45:00,990.6664359556605,990.6664359556605,0
2025-11-06T10:00:00,990.6664359556605,990.6664359556605,0
2025-11-06T10:15:00,990.6664359556605,990.6664359556605,0
2025-11-06T10:30:00,990.6664359556605,990.6664359556605,0
2025-11-06T10:45:00,990.6664359556605,990.6664359556605,0
2025-11-06T11:00:00,990.6664359556605,990.6664359556605,0
2025-11-06T11:15:00,990.6664359556605,990.6664359556605,0
2025-11-06T11:30:00,990.6664359556605,990.6664359556605,0
2025-11-06T11:45:00,990.6664359556605,990.6664359556605,0
2025-11-06T12:00:00,990.6664359556605,990.6664359556605,0
2025-11-06T12:15:00,990.6664359556605,990.6664359556605,0
2025-11-06T12:30:00,990.6664359556605,990.6664359556605,0
2025-11-06T12:45:00,990.6664359556605,990.6664359556605,0
2025-11-06T13:00:00,990.6664359556605,990.6664359556605,0
2025-11-06T13:15:00,990.6664359556605,990.6664359556605,0
2025-11-06T13:30:00,990.6664359556605,990.6664359556605,0
2025-11-06T13:45:00,990.6664359556605,990.6664359556605,0
2025-11-06T14:00:00,990.6664359556605,990.6664359556605,0
2025-11-06T14:15:00,990.6664359556605,990.6664359556605,0
2025-11-06T14:30:00,990.6664359556605,990.6664359556605,0
2025-11-06T14:45:00,990.6664359556605,990.6664359556605,0
2025-11-06T15:00:00,990.6664359556605,990.6664359556605,0
2025-11-06T15:15:00,990.6664359556605,990.6664359556605,0
2025-11-06T15:30:00,990.6664359556605,990.6664359556605,0
2025-11-06T15:45:00,990.6664359556605,990.6664359556605,0
2025-11-06T16:00:00,990.6664359556605,990.6664359556605,0
2025-11-06T16:15:00,990.6664359556605,990.6664359556605,0
2025-11-06T16:30:00,990.6664359556605,990.6664359556605,0
2025-11-06T16:45:00,990.6664359556605,990.6664359556605,0
2025-11-06T17:00:00,990.6664359556605,990.6664359556605,0
2025-11-06T17:15:00,990.6664359556605,990.6664359556605,0
2025-11-06T17:30:00,990.6664359556605,990.6664359556605,0
2025-11-06T17:45:00,990.6664359556605,990.6664359556605,0
2025-11-06T18:00:00,990.6664359556605,990.6664359556605,0
2025-11-06T18:15:00,990.6664359556605,990.6664359556605,0
2025-11-06T18:30:00,990.6664359556605,990.6664359556605,0
2025-11-06T18:45:00,990.6664359556605,990.6664359556605,0
2025-11-06T19:00:00,990.6664359556605,990.6664359556605,0
2025-11-06T19:15:00,990.6664359556605,990.6664359556605,0
2025-11-06T19:30:00,990.6664359556605,990.6664359556605,0
2025-11-06T19:45:00,990.6664359556605,990.6664359556605,0
2025-11-06T20:00:00,990.6664359556605,990.6664359556605,0
2025-11-06T20:15:00,990.6664359556605,990.6664359556605,0
2025-11-06T20:30:00,990.6664359556605,990.6664359556605,0
2025-11-06T20:45:00,990.6664359556605,990.6664359556605,0
2025-11-06T21:00:00,990.6664359556605,990.6664359556605,0
2025-11-06T21:15:00,990.6664359556605,990.6664359556605,0
2025-11-06T21:30:00,990.6664359556605,990.6664359556605,0
2025-11-06T21:45:00,990.6664359556605,990.6664359556605,0
2025-11-06T22:00:00,990.6664359556605,990.6664359556605,0
2025-11-06T22:15:00,990.6664359556605,990.6664359556605,0
2025-11-06T22:30:00,990.6664359556605,990.6664359556605,0
2025-11-06T22:45:00,990.6664359556605,990.6664359556605,0
2025-11-06T23:00:00,990.6664359556605,990.6664359556605,0
2025-11-06T23:15:00,990.6664359556605,990.6664359556605,0
2025-11-06T23:30:00,990.6664359556605,990.6664359556605,0
2025-11-06T23:45:00,990.6664359556605,990.6664359556605,0
2025-11-07T00:00:00,990.6664359556605,990.6664359556605,0
2025-11-07T00:15:00,990.6664359556605,990.6664359556605,0
2025-11-07T00:30:00,990.6664359556605,990.6664359556605,0
2025-11-07T00:45:00,990.6664359556605,990.6664359556605,0
2025-11-07T01:00:00,990.6664359556605,990.6664359556605,0
2025-11-07T01:15:00,990.6664359556605,990.6664359556605,0
2025-11-07T01:30:00,990.6664359556605,990.6664359556605,0
2025-11-07T01:45:00,990.6664359556605,990.6664359556605,0
2025-11-07T02:00:00,990.6664359556605,990.6664359556605,0
2025-11-07T02:15:00,990.6664359556605,990.6664359556605,0
2025-11-07T02:30:00,990.6664359556605,990.6664359556605,0
2025-11-07T02:45:00,990.6664359556605,990.6664359556605,0
2025-11-07T03:00:00,990.6664359556605,990.6664359556605,0
2025-11-07T03:15:00,990.6664359556605,990.6664359556605,0
2025-11-07T03:30:00,990.6664359556605,990.6664359556605,0
2025-11-07T03:45:00,990.6664359556605,990.6664359556605,0
2025-11-07T04:00:00,990.6664359556605,990.6664359556605,0
2025-11-07T04:15:00,990.6664359556605,990.6664359556605,0
2025-11-07T04:30:00,990.6664359556605,990.6664359556605,0
2025-11-07T04:45:00,990.6664359556605,990.6664359556605,0
2025-11-07T05:00:00,990.6664359556605,990.6664359556605,0
2025-11-07T05:15:00,990.6664359556605,990.6664359556605,0
2025-11-07T05:30:00,990.6664359556605,990.6664359556605,0
2025-11-07T05:45:00,990.6664359556605,990.6664359556605,0
2025-11-07T06:00:00,990.6664359556605,990.6664359556605,0
2025-11-07T06:15:00,990.6664359556605,990.6664359556605,0
2025-11-07T06:30:00,990.6664359556605,990.6664359556605,0
2025-11-07T06:45:00,990.6664359556605,990.6664359556605,0
2025-11-07T07:00:00,990.6664359556605,990.6664359556605,0
2025-11-07T07:15:00,990.6664359556605,990.6664359556605,0
2025-11-07T07:30:00,990.6664359556605,990.6664359556605,0
2025-11-07T07:45:00,990.6664359556605,990.6664359556605,0
2025-11-07T08:00:00,990.6664359556605,990.6664359556605,0
2025-11-07T08:15:00,990.6664359556605,990.6664359556605,0
2025-11-07T08:30:00,990.6664359556605,990.6664359556605,0
2025-11-07T08:45:00,990.6664359556605,990.6664359556605,0
2025-11-07T09:00:00,989.912636525133,891.4412857303415,1
2025-11-07T09:15:00,991.3405344752041,891.4412857303415,1
2025-11-07T09:30:00,991.5980987176167,891.4412857303415,1
2025-11-07T09:45:00,991.3115638809822,891.4412857303415,1
2025-11-07T10:00:00,991.5277471529997,891.4412857303415,1
2025-11-07T10:15:00,992.6635510443018,891.4412857303415,1
2025-11-07T10:30:00,991.5809512577936,891.4412857303415,1
2025-11-07T10:45:00,992.2621517165229,891.4412857303415,1
2025-11-07T11:00:00,994.8752601658797,891.4412857303415,1
2025-11-07T11:15:00,995.6009344016848,891.4412857303415,1
2025-11-07T11:30:00,994.6730923975533,891.4412857303415,1
2025-11-07T11:45:00,993.6674604329912,891.4412857303415,1
2025-11-07T12:00:00,994.1309507910887,891.4412857303415,1
2025-11-07T12:15:00,995.5461643188248,891.4412857303415,1
2025-11-07T12:30:00,996.0630545289745,891.4412857303415,1
2025-11-07T12:45:00,996.6961011621729,891.4412857303415,1
2025-11-07T13:00:00,995.1093347373018,891.4412857303415,1
2025-11-07T13:15:00,994.7306029420289,891.4412857303415,1
2025-11-07T13:30:00,994.1674810919407,994.1674810919407,0
2025-11-07T13:45:00,994.1674810919407,994.1674810919407,0
2025-11-07T14:00:00,994.1674810919407,994.1674810919407,0
2025-11-07T14:15:00,994.1674810919407,994.1674810919407,0
2025-11-07T14:30:00,994.1674810919407,994.1674810919407,0
2025-11-07T14:45:00,994.1674810919407,994.1674810919407,0
2025-11-07T15:00:00,994.1674810919407,994.1674810919407,0
2025-11-07T15:15:00,994.1674810919407,994.1674810919407,0
2025-11-07T15:30:00,994.1674810919407,994.1674810919407,0
2025-11-07T15:45:00,994.1674810919407,994.1674810919407,0
2025-11-07T16:00:00,994.1674810919407,994.1674810919407,0
2025-11-07T16:15:00,994.1674810919407,994.1674810919407,0
2025-11-07T16:30:00,994.1674810919407,994.1674810919407,0
2025-11-07T16:45:00,994.1674810919407,994.1674810919407,0
2025-11-07T17:00:00,994.1674810919407,994.1674810919407,0
2025-11-07T17:15:00,994.1674810919407,994.1674810919407,0
2025-11-07T17:30:00,994.1674810919407,994.1674810919407,0
2025-11-07T17:45:00,994.1674810919407,994.1674810919407,0
2025-11-07T18:00:00,994.1674810919407,994.1674810919407,0
2025-11-07T18:15:00,994.1674810919407,994.1674810919407,0
2025-11-07T18:30:00,994.1674810919407,994.1674810919407,0
2025-11-07T18:45:00,994.1674810919407,994.1674810919407,0
2025-11-07T19:00:00,994.1674810919407,994.1674810919407,0
2025-11-07T19:15:00,994.1674810919407,994.1674810919407,0
2025-11-07T19:30:00,994.1674810919407,994.1674810919407,0
2025-11-07T19:45:00,994.1674810919407,994.1674810919407,0
2025-11-07T20:00:00,994.1674810919407,994.1674810919407,0
2025-11-07T20:15:00,994.1674810919407,994.1674810919407,0
2025-11-07T20:30:00,994.1674810919407,994.1674810919407,0
2025-11-07T20:45:00,994.1674810919407,994.1674810919407,0
2025-11-07T21:00:00,994.1674810919407,994.1674810919407,0
2025-11-07T21:15:00,994.1674810919407,994.1674810919407,0
2025-11-07T21:30:00,994.1674810919407,994.1674810919407,0
2025-11-07T21:45:00,994.1674810919407,994.1674810919407,0
2025-11-07T22:00:00,994.1674810919407,994.1674810919407,0
2025-11-07T22:15:00,994.1674810919407,994.1674810919407,0
2025-11-07T22:30:00,994.1674810919407,994.1674810919407,0
2025-11-07T22:45:00,994.1674810919407,994.1674810919407,0
2025-11-07T23:00:00,994.1674810919407,994.1674810919407,0
2025-11-07T23:15:00,994.1674810919407,994.1674810919407,0
2025-11-07T23:30:00,994.1674810919407,994.1674810919407,0
2025-11-07T23:45:00,994.1674810919407,994.1674810919407,0
2025-11-08T00:00:00,994.1674810919407,994.1674810919407,0
2025-11-08T00:15:00,994.1674810919407,994.1674810919407,0
2025-11-08T00:30:00,994.1674810919407,994.1674810919407,0
2025-11-08T00:45:00,994.1674810919407,994.1674810919407,0
2025-11-08T01:00:00,994.1674810919407,994.1674810919407,0
2025-11-08T01:15:00,994.1674810919407,994.1674810919407,0
2025-11-08T01:30:00,994.1674810919407,994.1674810919407,0
2025-11-08T01:45:00,994.1674810919407,994.1674810919407,0
2025-11-08T02:00:00,994.1674810919407,994.1674810919407,0
2025-11-08T02:15:00,994.1674810919407,994.1674810919407,0
2025-11-08T02:30:00,994.1674810919407,994.1674810919407,0
2025-11-08T02:45:00,994.1674810919407,994.1674810919407,0
2025-11-08T03:00:00,994.1674810919407,994.1674810919407,0
2025-11-08T03:15:00,994.1674810919407,994.1674810919407,0
2025-11-08T03:30:00,994.1674810919407,994.1674810919407,0
2025-11-08T03:45:00,994.1674810919407,994.1674810919407,0
2025-11-08T04:00:00,994.1674810919407,994.1674810919407,0
2025-11-08T04:15:00,994.1674810919407,994.1674810919407,0
2025-11-08T04:30:00,994.1674810919407,994.1674810919407,0
2025-11-08T04:45:00,994.1674810919407,994.1674810919407,0
2025-11-08T05:00:00,994.1674810919407,994.1674810919407,0
2025-11-08T05:15:00,994.1674810919407,994.1674810919407,0
2025-11-08T05:30:00,994.1674810919407,994.1674810919407,0
2025-11-08T05:45:00,994.1674810919407,994.1674810919407,0
2025-11-08T06:00:00,994.1674810919407,994.1674810919407,0
2025-11-08T06:15:00,994.1674810919407,994.1674810919407,0
2025-11-08T06:30:00,994.1674810919407,994.1674810919407,0
2025-11-08T06:45:00,994.1674810919407,994.1674810919407,0
2025-11-08T07:00:00,994.1674810919407,994.1674810919407,0
2025-11-08T07:15:00,994.1674810919407,994.1674810919407,0
2025-11-08T07:30:00,994.1674810919407,994.1674810919407,0
2025-11-08T07:45:00,994.1674810919407,994.1674810919407,0
2025-11-08T08:00:00,994.1674810919407,994.1674810919407,0
2025-11-08T08:15:00,994.1674810919407,994.1674810919407,0
2025-11-08T08:30:00,994.1674810919407,994.1674810919407,0
2025-11-08T08:45:00,994.1674810919407,994.1674810919407,0
2025-11-08T09:00:00,994.1674810919407,994.1674810919407,0
2025-11-08T09:15:00,994.1674810919407,994.1674810919407,0
2025-11-08T09:30:00,994.1674810919407,994.1674810919407,0
2025-11-08T09:45:00,994.1674810919407,994.1674810919407,0
2025-11-08T10:00:00,994.1674810919407,994.1674810919407,0
2025-11-08T10:15:00,994.1674810919407,994.1674810919407,0
2025-11-08T10:30:00,994.1674810919407,994.1674810919407,0
2025-11-08T10:45:00,994.1674810919407,994.1674810919407,0
2025-11-08T11:00:00,994.1674810919407,994.1674810919407,0
2025-11-08T11:15:00,994.1674810919407,994.1674810919407,0
2025-11-08T11:30:00,994.1674810919407,994.1674810919407,0
2025-11-08T11:45:00,994.1674810919407,994.1674810919407,0
2025-11-08T12:00:00,994.1674810919407,994.1674810919407,0
2025-11-08T12:15:00,994.1674810919407,994.1674810919407,0
2025-11-08T12:30:00,994.1674810919407,994.1674810919407,0
2025-11-08T12:45:00,994.1674810919407,994.1674810919407,0
2025-11-08T13:00:00,994.1674810919407,994.1674810919407,0
2025-11-08T13:15:00,994.1674810919407,994.1674810919407,0
2025-11-08T13:30:00,994.1674810919407,994.1674810919407,0
2025-11-08T13:45:00,994.1674810919407,994.1674810919407,0
2025-11-08T14:00:00,994.1674810919407,994.1674810919407,0
2025-11-08T14:15:00,994.1674810919407,994.1674810919407,0
2025-11-08T14:30:00,994.1674810919407,994.1674810919407,0
2025-11-08T14:45:00,994.1674810919407,994.1674810919407,0
2025-11-08T15:00:00,994.1674810919407,994.1674810919407,0
2025-11-08T15:15:00,994.1674810919407,994.1674810919407,0
2025-11-08T15:30:00,994.1674810919407,994.1674810919407,0
2025-11-08T15:45:00,994.1674810919407,994.1674810919407,0
2025-11-08T16:00:00,994.1674810919407,994.1674810919407,0
2025-11-08T16:15:00,994.1674810919407,994.1674810919407,0
2025-11-08T16:30:00,994.1674810919407,994.1674810919407,0
2025-11-08T16:45:00,994.1674810919407,994.1674810919407,0
2025-11-08T17:00:00,994.1674810919407,994.1674810919407,0
2025-11-08T17:15:00,994.1674810919407,994.1674810919407,0
2025-11-08T17:30:00,994.1674810919407,994.1674810919407,0
2025-11-08T17:45:00,994.1674810919407,994.1674810919407,0
2025-11-08T18:00:00,994.1674810919407,994.1674810919407,0
2025-11-08T18:15:00,994.1674810919407,994.1674810919407,0
2025-11-08T18:30:00,994.1674810919407,994.1674810919407,0
2025-11-08T18:45:00,994.1674810919407,994.1674810919407,0
2025-11-08T19:00:00,994.1674810919407,994.1674810919407,0
2025-11-08T19:15:00,994.1674810919407,994.1674810919407,0
2025-11-08T19:30:00,994.1674810919407,994.1674810919407,0
2025-11-08T19:45:00,994.1674810919407,994.1674810919407,0
2025-11-08T20:00:00,994.1674810919407,994.1674810919407,0
2025-11-08T20:15:00,994.1674810919407,994.1674810919407,0
2025-11-08T20:30:00,994.1674810919407,994.1674810919407,0
2025-11-08T20:45:00,994.1674810919407,994.1674810919407,0
2025-11-08T21:00:00,994.1674810919407,994.1674810919407,0
2025-11-08T21:15:00,994.1674810919407,994.1674810919407,0
2025-11-08T21:30:00,994.1674810919407,994.1674810919407,0
2025-11-08T21:45:00,994.1674810919407,994.1674810919407,0
2025-11-08T22:00:00,994.1674810919407,994.1674810919407,0
2025-11-08T22:15:00,994.1674810919407,994.1674810919407,0
2025-11-08T22:30:00,994.1674810919407,994.1674810919407,0
2025-11-08T22:45:00,994.1674810919407,994.1674810919407,0
2025-11-08T23:00:00,994.1674810919407,994.1674810919407,0
2025-11-08T23:15:00,994.1674810919407,994.1674810919407,0
2025-11-08T23:30:00,994.1674810919407,994.1674810919407,0
2025-11-08T23:45:00,994.1674810919407,994.1674810919407,0
2025-11-09T00:00:00,994.1674810919407,994.1674810919407,0
2025-11-09T00:15:00,994.1674810919407,994.1674810919407,0
2025-11-09T00:30:00,994.1674810919407,994.1674810919407,0
2025-11-09T00:45:00,994.1674810919407,994.1674810919407,0
2025-11-09T01:00:00,994.1674810919407,994.1674810919407,0
2025-11-09T01:15:00,994.1674810919407,994.1674810919407,0
2025-11-09T01:30:00,994.1674810919407,994.1674810919407,0
2025-11-09T01:45:00,994.1674810919407,994.1674810919407,0
2025-11-09T02:00:00,994.1674810919407,994.1674810919407,0
2025-11-09T02:15:00,994.1674810919407,994.1674810919407,0
2025-11-09T02:30:00,994.1674810919407,994.1674810919407,0
2025-11-09T02:45:00,994.1674810919407,994.1674810919407,0
2025-11-09T03:00:00,994.1674810919407,994.1674810919407,0
2025-11-09T03:15:00,994.1674810919407,994.1674810919407,0
2025-11-09T03:30:00,994.1674810919407,994.1674810919407,0
2025-11-09T03:45:00,994.1674810919407,994.1674810919407,0
2025-11-09T04:00:00,994.1674810919407,994.1674810919407,0
2025-11-09T04:15:00,994.1674810919407,994.1674810919407,0
2025-11-09T04:30:00,994.1674810919407,994.1674810919407,0
2025-11-09T04:45:00,994.1674810919407,994.1674810919407,0
2025-11-09T05:00:00,994.1674810919407,994.1674810919407,0
2025-11-09T05:15:00,994.1674810919407,994.1674810919407,0
2025-11-09T05:30:00,994.1674810919407,994.1674810919407,0
2025-11-09T05:45:00,994.1674810919407,994.1674810919407,0
2025-11-09T06:00:00,994.1674810919407,994.1674810919407,0
2025-11-09T06:15:00,994.1674810919407,994.1674810919407,0
2025-11-09T06:30:00,994.1674810919407,994.1674810919407,0
2025-11-09T06:45:00,994.1674810919407,994.1674810919407,0
2025-11-09T07:00:00,994.1674810919407,994.1674810919407,0
2025-11-09T07:15:00,994.1674810919407,994.1674810919407,0
2025-11-09T07:30:00,994.1674810919407,994.1674810919407,0
2025-11-09T07:45:00,994.1674810919407,994.1674810919407,0
2025-11-09T08:00:00,994.1674810919407,994.1674810919407,0
2025-11-09T08:15:00,994.1674810919407,994.1674810919407,0
2025-11-09T08:30:00,994.1674810919407,994.1674810919407,0
2025-11-09T08:45:00,994.1674810919407,994.1674810919407,0
2025-11-09T09:00:00,994.1674810919407,994.1674810919407,0
2025-11-09T09:15:00,994.1674810919407,994.1674810919407,0
2025-11-09T09:30:00,994.1674810919407,994.1674810919407,0
2025-11-09T09:45:00,994.1674810919407,994.1674810919407,0
2025-11-09T10:00:00,994.1674810919407,994.1674810919407,0
2025-11-09T10:15:00,994.1674810919407,994.1674810919407,0
2025-11-09T10:30:00,994.1674810919407,994.1674810919407,0
2025-11-09T10:45:00,994.1674810919407,994.1674810919407,0
2025-11-09T11:00:00,994.1674810919407,994.1674810919407,0
2025-11-09T11:15:00,994.1674810919407,994.1674810919407,0
2025-11-09T11:30:00,994.1674810919407,994.1674810919407,0
2025-11-09T11:45:00,994.1674810919407,994.1674810919407,0
2025-11-09T12:00:00,994.1674810919407,994.1674810919407,0
2025-11-09T12:15:00,994.1674810919407,994.1674810919407,0
2025-11-09T12:30:00,994.1674810919407,994.1674810919407,0
2025-11-09T12:45:00,994.1674810919407,994.1674810919407,0
2025-11-09T13:00:00,994.1674810919407,994.1674810919407,0
2025-11-09T13:15:00,994.1674810919407,994.1674810919407,0
2025-11-09T13:30:00,994.1674810919407,994.1674810919407,0
2025-11-09T13:45:00,994.1674810919407,994.1674810919407,0
2025-11-09T14:00:00,994.1674810919407,994.1674810919407,0
2025-11-09T14:15:00,994.1674810919407,994.1674810919407,0
2025-11-09T14:30:00,994.1674810919407,994.1674810919407,0
2025-11-09T14:45:00,994.1674810919407,994.1674810919407,0
2025-11-09T15:00:00,994.1674810919407,994.1674810919407,0
2025-11-09T15:15:00,994.1674810919407,994.1674810919407,0
2025-11-09T15:30:00,994.1674810919407,994.1674810919407,0
2025-11-09T15:45:00,994.1674810919407,994.1674810919407,0
2025-11-09T16:00:00,994.1674810919407,994.1674810919407,0
2025-11-09T16:15:00,994.1674810919407,994.1674810919407,0
2025-11-09T16:30:00,994.1674810919407,994.1674810919407,0
2025-11-09T16:45:00,994.1674810919407,994.1674810919407,0
2025-11-09T17:00:00,994.1674810919407,994.1674810919407,0
2025-11-09T17:15:00,994.1674810919407,994.1674810919407,0
2025-11-09T17:30:00,994.1674810919407,994.1674810919407,0
2025-11-09T17:45:00,994.1674810919407,994.1674810919407,0
2025-11-09T18:00:00,994.1674810919407,994.1674810919407,0
2025-11-09T18:15:00,994.1674810919407,994.1674810919407,0
2025-11-09T18:30:00,994.1674810919407,994.1674810919407,0
2025-11-09T18:45:00,993.4128072169278,894.5916661857718,1
2025-11-09T19:00:00,992.3444915360125,894.5916661857718,1
2025-11-09T19:15:00,994.2633489555619,894.5916661857718,1
2025-11-09T19:30:00,994.0388503119925,894.5916661857718,1
2025-11-09T19:45:00,994.5256882911259,894.5916661857718,1
2025-11-09T20:00:00,993.5227199899599,894.5916661857718,1
2025-11-09T20:15:00,993.3712812366568,894.5916661857718,1
2025-11-09T20:30:00,993.554709811907,894.5916661857718,1
2025-11-09T20:45:00,993.8705048238124,894.5916661857718,1
2025-11-09T21:00:00,992.6014706555292,992.6014706555292,0
2025-11-09T21:15:00,992.6014706555292,992.6014706555292,0
2025-11-09T21:30:00,992.6014706555292,992.6014706555292,0
2025-11-09T21:45:00,992.6014706555292,992.6014706555292,0
2025-11-09T22:00:00,992.6014706555292,992.6014706555292,0
2025-11-09T22:15:00,992.6014706555292,992.6014706555292,0
2025-11-09T22:30:00,992.6014706555292,992.6014706555292,0
2025-11-09T22:45:00,992.6014706555292,992.6014706555292,0
2025-11-09T23:00:00,992.6014706555292,992.6014706555292,0
2025-11-09T23:15:00,992.6014706555292,992.6014706555292,0
2025-11-09T23:30:00,992.6014706555292,992.6014706555292,0
2025-11-09T23:45:00,992.6014706555292,992.6014706555292,0
2025-11-10T00:00:00,992.6014706555292,992.6014706555292,0
2025-11-10T00:15:00,992.6014706555292,992.6014706555292,0
2025-11-10T00:30:00,991.8479855411496,893.1825073546713,1
2025-11-10T00:45:00,992.4420216189244,893.1825073546713,1
2025-11-10T01:00:00,992.829673838796,893.1825073546713,1
2025-11-10T01:15:00,993.2795688094637,893.1825073546713,1
2025-11-10T01:30:00,991.8294219137191,893.1825073546713,1
2025-11-10T01:45:00,991.7791909218483,893.1825073546713,1
2025-11-10T02:00:00,991.9364357659653,893.1825073546713,1
2025-11-10T02:15:00,991.3161922141708,893.1825073546713,1
2025-11-10T02:30:00,990.3440855526966,990.3440855526966,0
2025-11-10T02:45:00,990.3440855526966,990.3440855526966,0
2025-11-10T03:00:00,990.3440855526966,990.3440855526966,0
2025-11-10T03:15:00,990.3440855526966,990.3440855526966,0
2025-11-10T03:30:00,990.3440855526966,990.3440855526966,0
2025-11-10T03:45:00,990.3440855526966,990.3440855526966,0
2025-11-10T04:00:00,990.3440855526966,990.3440855526966,0
2025-11-10T04:15:00,990.3440855526966,990.3440855526966,0
2025-11-10T04:30:00,990.3440855526966,990.3440855526966,0
2025-11-10T04:45:00,990.3440855526966,990.3440855526966,0
2025-11-10T05:00:00,990.3440855526966,990.3440855526966,0
2025-11-10T05:15:00,990.3440855526966,990.3440855526966,0
2025-11-10T05:30:00,990.3440855526966,990.3440855526966,0
2025-11-10T05:45:00,990.3440855526966,990.3440855526966,0
2025-11-10T06:00:00,990.3440855526966,990.3440855526966,0
2025-11-10T06:15:00,990.3440855526966,990.3440855526966,0
2025-11-10T06:30:00,990.3440855526966,990.3440855526966,0
2025-11-10T06:45:00,990.3440855526966,990.3440855526966,0
2025-11-10T07:00:00,990.3440855526966,990.3440855526966,0
2025-11-10T07:15:00,990.3440855526966,990.3440855526966,0
2025-11-10T07:30:00,990.3440855526966,990.3440855526966,0
2025-11-10T07:45:00,990.3440855526966,990.3440855526966,0
2025-11-10T08:00:00,990.3440855526966,990.3440855526966,0
2025-11-10T08:15:00,990.3440855526966,990.3440855526966,0
2025-11-10T08:30:00,990.3440855526966,990.3440855526966,0
2025-11-10T08:45:00,990.3440855526966,990.3440855526966,0
2025-11-10T09:00:00,990.3440855526966,990.3440855526966,0
2025-11-10T09:15:00,990.3440855526966,990.3440855526966,0
2025-11-10T09:30:00,990.3440855526966,990.3440855526966,0
2025-11-10T09:45:00,989.5923140223915,891.1512219437385,1
2025-11-10T10:00:00,988.902581190072,891.1512219437385,1
2025-11-10T10:15:00,988.4376663379074,891.1512219437385,1
2025-11-10T10:30:00,988.0982566688389,891.1512219437385,1
2025-11-10T10:45:00,987.3512709240026,987.3512709240026,0
2025-11-10T11:00:00,987.3512709240026,987.3512709240026,0
2025-11-10T11:15:00,987.3512709240026,987.3512709240026,0
2025-11-10T11:30:00,987.3512709240026,987.3512709240026,0
2025-11-10T11:45:00,987.3512709240026,987.3512709240026,0
2025-11-10T12:00:00,987.3512709240026,987.3512709240026,0
2025-11-10T12:15:00,987.3512709240026,987.3512709240026,0
2025-11-10T12:30:00,987.3512709240026,987.3512709240026,0
2025-11-10T12:45:00,987.3512709240026,987.3512709240026,0
2025-11-10T13:00:00,987.3512709240026,987.3512709240026,0
2025-11-10T13:15:00,987.3512709240026,987.3512709240026,0
2025-11-10T13:30:00,987.3512709240026,987.3512709240026,0
2025-11-10T13:45:00,987.3512709240026,987.3512709240026,0
2025-11-10T14:00:00,987.3512709240026,987.3512709240026,0
2025-11-10T14:15:00,987.3512709240026,987.3512709240026,0
2025-11-10T14:30:00,987.3512709240026,987.3512709240026,0
2025-11-10T14:45:00,987.3512709240026,987.3512709240026,0
2025-11-10T15:00:00,987.3512709240026,987.3512709240026,0
2025-11-10T15:15:00,987.3512709240026,987.3512709240026,0
2025-11-10T15:30:00,987.3512709240026,987.3512709240026,0
2025-11-10T15:45:00,987.3512709240026,987.3512709240026,0
2025-11-10T16:00:00,987.3512709240026,987.3512709240026,0
2025-11-10T16:15:00,987.3512709240026,987.3512709240026,0
2025-11-10T16:30:00,987.3512709240026,987.3512709240026,0
2025-11-10T16:45:00,987.3512709240026,987.3512709240026,0
2025-11-10T17:00:00,987.3512709240026,987.3512709240026,0
2025-11-10T17:15:00,987.3512709240026,987.3512709240026,0
2025-11-10T17:30:00,987.3512709240026,987.3512709240026,0
2025-11-10T17:45:00,987.3512709240026,987.3512709240026,0
2025-11-10T18:00:00,987.3512709240026,987.3512709240026,0
2025-11-10T18:15:00,987.3512709240026,987.3512709240026,0
2025-11-10T18:30:00,987.3512709240026,987.3512709240026,0
2025-11-10T18:45:00,987.3512709240026,987.3512709240026,0
2025-11-10T19:00:00,987.3512709240026,987.3512709240026,0
2025-11-10T19:15:00,987.3512709240026,987.3512709240026,0
2025-11-10T19:30:00,987.3512709240026,987.3512709240026,0
2025-11-10T19:45:00,987.3512709240026,987.3512709240026,0
2025-11-10T20:00:00,986.6017712433163,888.4581676282545,1
2025-11-10T20:15:00,985.8631160753923,888.4581676282545,1
2025-11-10T20:30:00,986.6759003136386,888.4581676282545,1
2025-11-10T20:45:00,985.7669004768568,888.4581676282545,1
2025-11-10T21:00:00,983.9052266522734,983.9052266522734,0
2025-11-10T21:15:00,983.9052266522734,983.9052266522734,0
2025-11-10T21:30:00,983.9052266522734,983.9052266522734,0
2025-11-10T21:45:00,983.9052266522734,983.9052266522734,0
2025-11-10T22:00:00,983.9052266522734,983.9052266522734,0
2025-11-10T22:15:00,983.9052266522734,983.9052266522734,0
2025-11-10T22:30:00,983.9052266522734,983.9052266522734,0
2025-11-10T22:45:00,983.9052266522734,983.9052266522734,0
2025-11-10T23:00:00,983.9052266522734,983.9052266522734,0
2025-11-10T23:15:00,983.9052266522734,983.9052266522734,0
2025-11-10T23:30:00,983.9052266522734,983.9052266522734,0
2025-11-10T23:45:00,983.9052266522734,983.9052266522734,0
2025-11-11T00:00:00,983.9052266522734,983.9052266522734,0
2025-11-11T00:15:00,983.9052266522734,983.9052266522734,0
2025-11-11T00:30:00,983.9052266522734,983.9052266522734,0
2025-11-11T00:45:00,983.9052266522734,983.9052266522734,0
2025-11-11T01:00:00,983.9052266522734,983.9052266522734,0
2025-11-11T01:15:00,983.9052266522734,983.9052266522734,0
2025-11-11T01:30:00,983.9052266522734,983.9052266522734,0
2025-11-11T01:45:00,983.9052266522734,983.9052266522734,0
2025-11-11T02:00:00,983.9052266522734,983.9052266522734,0
2025-11-11T02:15:00,983.9052266522734,983.9052266522734,0
2025-11-11T02:30:00,983.9052266522734,983.9052266522734,0
2025-11-11T02:45:00,983.9052266522734,983.9052266522734,0
2025-11-11T03:00:00,983.9052266522734,983.9052266522734,0
2025-11-11T03:15:00,983.9052266522734,983.9052266522734,0
2025-11-11T03:30:00,983.9052266522734,983.9052266522734,0
2025-11-11T03:45:00,983.9052266522734,983.9052266522734,0
2025-11-11T04:00:00,983.9052266522734,983.9052266522734,0
2025-11-11T04:15:00,983.9052266522734,983.9052266522734,0
2025-11-11T04:30:00,983.9052266522734,983.9052266522734,0
2025-11-11T04:45:00,983.9052266522734,983.9052266522734,0
2025-11-11T05:00:00,983.9052266522734,983.9052266522734,0
2025-11-11T05:15:00,983.9052266522734,983.9052266522734,0
2025-11-11T05:30:00,983.9052266522734,983.9052266522734,0
2025-11-11T05:45:00,983.9052266522734,983.9052266522734,0
2025-11-11T06:00:00,983.9052266522734,983.9052266522734,0
2025-11-11T06:15:00,983.9052266522734,983.9052266522734,0
2025-11-11T06:30:00,983.9052266522734,983.9052266522734,0
2025-11-11T06:45:00,983.9052266522734,983.9052266522734,0
2025-11-11T07:00:00,983.9052266522734,983.9052266522734,0
2025-11-11T07:15:00,983.9052266522734,983.9052266522734,0
2025-11-11T07:30:00,983.9052266522734,983.9052266522734,0
2025-11-11T07:45:00,983.9052266522734,983.9052266522734,0
2025-11-11T08:00:00,983.9052266522734,983.9052266522734,0
2025-11-11T08:15:00,983.9052266522734,983.9052266522734,0
2025-11-11T08:30:00,983.9052266522734,983.9052266522734,0
2025-11-11T08:45:00,983.9052266522734,983.9052266522734,0
2025-11-11T09:00:00,983.9052266522734,983.9052266522734,0
2025-11-11T09:15:00,983.9052266522734,983.9052266522734,0
2025-11-11T09:30:00,983.9052266522734,983.9052266522734,0
2025-11-11T09:45:00,983.9052266522734,983.9052266522734,0
2025-11-11T10:00:00,983.9052266522734,983.9052266522734,0
2025-11-11T10:15:00,983.9052266522734,983.9052266522734,0
2025-11-11T10:30:00,983.9052266522734,983.9052266522734,0
2025-11-11T10:45:00,983.9052266522734,983.9052266522734,0
2025-11-11T11:00:00,983.9052266522734,983.9052266522734,0
2025-11-11T11:15:00,983.9052266522734,983.9052266522734,0
2025-11-11T11:30:00,983.9052266522734,983.9052266522734,0
2025-11-11T11:45:00,983.9052266522734,983.9052266522734,0
2025-11-11T12:00:00,983.9052266522734,983.9052266522734,0
2025-11-11T12:15:00,983.9052266522734,983.9052266522734,0
2025-11-11T12:30:00,983.9052266522734,983.9052266522734,0
2025-11-11T12:45:00,983.9052266522734,983.9052266522734,0
2025-11-11T13:00:00,983.9052266522734,983.9052266522734,0
2025-11-11T13:15:00,983.9052266522734,983.9052266522734,0
2025-11-11T13:30:00,983.9052266522734,983.9052266522734,0
2025-11-11T13:45:00,983.9052266522734,983.9052266522734,0
2025-11-11T14:00:00,983.9052266522734,983.9052266522734,0
2025-11-11T14:15:00,983.9052266522734,983.9052266522734,0
2025-11-11T14:30:00,983.9052266522734,983.9052266522734,0
2025-11-11T14:45:00,983.9052266522734,983.9052266522734,0
2025-11-11T15:00:00,983.9052266522734,983.9052266522734,0
2025-11-11T15:15:00,983.9052266522734,983.9052266522734,0
2025-11-11T15:30:00,983.9052266522734,983.9052266522734,0
2025-11-11T15:45:00,983.9052266522734,983.9052266522734,0
2025-11-11T16:00:00,983.9052266522734,983.9052266522734,0
2025-11-11T16:15:00,983.9052266522734,983.9052266522734,0
2025-11-11T16:30:00,983.9052266522734,983.9052266522734,0
2025-11-11T16:45:00,983.9052266522734,983.9052266522734,0
2025-11-11T17:00:00,983.9052266522734,983.9052266522734,0
2025-11-11T17:15:00,983.9052266522734,983.9052266522734,0
2025-11-11T17:30:00,983.9052266522734,983.9052266522734,0
2025-11-11T17:45:00,983.9052266522734,983.9052266522734,0
2025-11-11T18:00:00,983.9052266522734,983.9052266522734,0
2025-11-11T18:15:00,983.9052266522734,983.9052266522734,0
2025-11-11T18:30:00,983.9052266522734,983.9052266522734,0
2025-11-11T18:45:00,983.9052266522734,983.9052266522734,0
2025-11-11T19:00:00,983.9052266522734,983.9052266522734,0
2025-11-11T19:15:00,983.9052266522734,983.9052266522734,0
2025-11-11T19:30:00,983.9052266522734,983.9052266522734,0
2025-11-11T19:45:00,983.9052266522734,983.9052266522734,0
2025-11-11T20:00:00,983.9052266522734,983.9052266522734,0
2025-11-11T20:15:00,983.9052266522734,983.9052266522734,0
2025-11-11T20:30:00,983.1565718350462,885.3572791507817,1
2025-11-11T20:45:00,982.6009444804241,885.3572791507817,1
2025-11-11T21:00:00,982.1050126267119,885.3572791507817,1
2025-11-11T21:15:00,982.2328073834406,982.2328073834406,0
2025-11-11T21:30:00,982.2328073834406,982.2328073834406,0
2025-11-11T21:45:00,982.2328073834406,982.2328073834406,0
2025-11-11T22:00:00,982.2328073834406,982.2328073834406,0
2025-11-11T22:15:00,982.2328073834406,982.2328073834406,0
2025-11-11T22:30:00,982.2328073834406,982.2328073834406,0
2025-11-11T22:45:00,982.2328073834406,982.2328073834406,0
2025-11-11T23:00:00,982.2328073834406,982.2328073834406,0
2025-11-11T23:15:00,982.2328073834406,982.2328073834406,0
2025-11-11T23:30:00,982.2328073834406,982.2328073834406,0
2025-11-11T23:45:00,982.2328073834406,982.2328073834406,0
2025-11-12T00:00:00,982.2328073834406,982.2328073834406,0
2025-11-12T00:15:00,982.2328073834406,982.2328073834406,0
2025-11-12T00:30:00,982.2328073834406,982.2328073834406,0
2025-11-12T00:45:00,982.2328073834406,982.2328073834406,0
2025-11-12T01:00:00,982.2328073834406,982.2328073834406,0
2025-11-12T01:15:00,982.2328073834406,982.2328073834406,0
2025-11-12T01:30:00,982.2328073834406,982.2328073834406,0
2025-11-12T01:45:00,982.2328073834406,982.2328073834406,0
2025-11-12T02:00:00,982.2328073834406,982.2328073834406,0
2025-11-12T02:15:00,982.2328073834406,982.2328073834406,0
2025-11-12T02:30:00,982.2328073834406,982.2328073834406,0
2025-11-12T02:45:00,982.2328073834406,982.2328073834406,0
2025-11-12T03:00:00,982.2328073834406,982.2328073834406,0
2025-11-12T03:15:00,982.2328073834406,982.2328073834406,0
2025-11-12T03:30:00,982.2328073834406,982.2328073834406,0
2025-11-12T03:45:00,982.2328073834406,982.2328073834406,0
2025-11-12T04:00:00,982.2328073834406,982.2328073834406,0
2025-11-12T04:15:00,982.2328073834406,982.2328073834406,0
2025-11-12T04:30:00,982.2328073834406,982.2328073834406,0
2025-11-12T04:45:00,982.2328073834406,982.2328073834406,0
2025-11-12T05:00:00,982.2328073834406,982.2328073834406,0
2025-11-12T05:15:00,982.2328073834406,982.2328073834406,0
2025-11-12T05:30:00,982.2328073834406,982.2328073834406,0
2025-11-12T05:45:00,982.2328073834406,982.2328073834406,0
2025-11-12T06:00:00,982.2328073834406,982.2328073834406,0
2025-11-12T06:15:00,982.2328073834406,982.2328073834406,0
2025-11-12T06:30:00,982.2328073834406,982.2328073834406,0
2025-11-12T06:45:00,982.2328073834406,982.2328073834406,0
2025-11-12T07:00:00,982.2328073834406,982.2328073834406,0
2025-11-12T07:15:00,982.2328073834406,982.2328073834406,0
2025-11-12T07:30:00,982.2328073834406,982.2328073834406,0
2025-11-12T07:45:00,981.4854251122963,883.8523693959152,1
2025-11-12T08:00:00,980.4134041364313,883.8523693959152,1
2025-11-12T08:15:00,977.5665705916148,977.5665705916148,0
2025-11-12T08:30:00,977.5665705916148,977.5665705916148,0
2025-11-12T08:45:00,977.5665705916148,977.5665705916148,0
2025-11-12T09:00:00,977.5665705916148,977.5665705916148,0
2025-11-12T09:15:00,977.5665705916148,977.5665705916148,0
2025-11-12T09:30:00,977.5665705916148,977.5665705916148,0
2025-11-12T09:45:00,977.5665705916148,977.5665705916148,0
2025-11-12T10:00:00,977.5665705916148,977.5665705916148,0
2025-11-12T10:15:00,977.5665705916148,977.5665705916148,0
2025-11-12T10:30:00,977.5665705916148,977.5665705916148,0
2025-11-12T10:45:00,977.5665705916148,977.5665705916148,0
2025-11-12T11:00:00,977.5665705916148,977.5665705916148,0
2025-11-12T11:15:00,977.5665705916148,977.5665705916148,0
2025-11-12T11:30:00,977.5665705916148,977.5665705916148,0
2025-11-12T11:45:00,977.5665705916148,977.5665705916148,0
2025-11-12T12:00:00,977.5665705916148,977.5665705916148,0
2025-11-12T12:15:00,977.5665705916148,977.5665705916148,0
2025-11-12T12:30:00,977.5665705916148,977.5665705916148,0
2025-11-12T12:45:00,977.5665705916148,977.5665705916148,0
2025-11-12T13:00:00,977.5665705916148,977.5665705916148,0
2025-11-12T13:15:00,977.5665705916148,977.5665705916148,0
2025-11-12T13:30:00,977.5665705916148,977.5665705916148,0
2025-11-12T13:45:00,977.5665705916148,977.5665705916148,0
2025-11-12T14:00:00,977.5665705916148,977.5665705916148,0
2025-11-12T14:15:00,977.5665705916148,977.5665705916148,0
2025-11-12T14:30:00,977.5665705916148,977.5665705916148,0
2025-11-12T14:45:00,977.5665705916148,977.5665705916148,0
2025-11-12T15:00:00,977.5665705916148,977.5665705916148,0
2025-11-12T15:15:00,977.5665705916148,977.5665705916148,0
2025-11-12T15:30:00,977.5665705916148,977.5665705916148,0
2025-11-12T15:45:00,977.5665705916148,977.5665705916148,0
2025-11-12T16:00:00,977.5665705916148,977.5665705916148,0
2025-11-12T16:15:00,977.5665705916148,977.5665705916148,0
2025-11-12T16:30:00,977.5665705916148,977.5665705916148,0
2025-11-12T16:45:00,977.5665705916148,977.5665705916148,0
2025-11-12T17:00:00,977.5665705916148,977.5665705916148,0
2025-11-12T17:15:00,977.5665705916148,977.5665705916148,0
2025-11-12T17:30:00,977.5665705916148,977.5665705916148,0
2025-11-12T17:45:00,977.5665705916148,977.5665705916148,0
2025-11-12T18:00:00,977.5665705916148,977.5665705916148,0
2025-11-12T18:15:00,977.5665705916148,977.5665705916148,0
2025-11-12T18:30:00,977.5665705916148,977.5665705916148,0
2025-11-12T18:45:00,977.5665705916148,977.5665705916148,0
2025-11-12T19:00:00,977.5665705916148,977.5665705916148,0
2025-11-12T19:15:00,977.5665705916148,977.5665705916148,0
2025-11-12T19:30:00,977.5665705916148,977.5665705916148,0
2025-11-12T19:45:00,977.5665705916148,977.5665705916148,0
2025-11-12T20:00:00,977.5665705916148,977.5665705916148,0
2025-11-12T20:15:00,977.5665705916148,977.5665705916148,0
2025-11-12T20:30:00,977.5665705916148,977.5665705916148,0
2025-11-12T20:45:00,977.5665705916148,977.5665705916148,0
2025-11-12T21:00:00,977.5665705916148,977.5665705916148,0
2025-11-12T21:15:00,977.5665705916148,977.5665705916148,0
2025-11-12T21:30:00,977.5665705916148,977.5665705916148,0
2025-11-12T21:45:00,977.5665705916148,977.5665705916148,0
2025-11-12T22:00:00,977.5665705916148,977.5665705916148,0
2025-11-12T22:15:00,977.5665705916148,977.5665705916148,0
2025-11-12T22:30:00,977.5665705916148,977.5665705916148,0
2025-11-12T22:45:00,977.5665705916148,977.5665705916148,0
2025-11-12T23:00:00,977.5665705916148,977.5665705916148,0
2025-11-12T23:15:00,977.5665705916148,977.5665705916148,0
2025-11-12T23:30:00,977.5665705916148,977.5665705916148,0
2025-11-12T23:45:00,977.5665705916148,977.5665705916148,0
2025-11-13T00:00:00,977.5665705916148,977.5665705916148,0
2025-11-13T00:15:00,977.5665705916148,977.5665705916148,0
2025-11-13T00:30:00,977.5665705916148,977.5665705916148,0
2025-11-13T00:45:00,977.5665705916148,977.5665705916148,0
2025-11-13T01:00:00,977.5665705916148,977.5665705916148,0
2025-11-13T01:15:00,977.5665705916148,977.5665705916148,0
2025-11-13T01:30:00,977.5665705916148,977.5665705916148,0
2025-11-13T01:45:00,977.5665705916148,977.5665705916148,0
2025-11-13T02:00:00,977.5665705916148,977.5665705916148,0
2025-11-13T02:15:00,977.5665705916148,977.5665705916148,0
2025-11-13T02:30:00,977.5665705916148,977.5665705916148,0
2025-11-13T02:45:00,977.5665705916148,977.5665705916148,0
2025-11-13T03:00:00,977.5665705916148,977.5665705916148,0
2025-11-13T03:15:00,977.5665705916148,977.5665705916148,0
2025-11-13T03:30:00,977.5665705916148,977.5665705916148,0
2025-11-13T03:45:00,977.5665705916148,977.5665705916148,0
2025-11-13T04:00:00,977.5665705916148,977.5665705916148,0
2025-11-13T04:15:00,977.5665705916148,977.5665705916148,0
2025-11-13T04:30:00,977.5665705916148,977.5665705916148,0
2025-11-13T04:45:00,977.5665705916148,977.5665705916148,0
2025-11-13T05:00:00,977.5665705916148,977.5665705916148,0
2025-11-13T05:15:00,977.5665705916148,977.5665705916148,0
2025-11-13T05:30:00,977.5665705916148,977.5665705916148,0
2025-11-13T05:45:00,977.5665705916148,977.5665705916148,0
2025-11-13T06:00:00,976.8244984901404,879.6535028811586,1
2025-11-13T06:15:00,977.4169985628948,879.6535028811586,1
2025-11-13T06:30:00,977.8492141010423,879.6535028811586,1
2025-11-13T06:45:00,977.8105247306199,879.6535028811586,1
2025-11-13T07:00:00,978.5003009347222,879.6535028811586,1
2025-11-13T07:15:00,978.8319241097713,879.6535028811586,1
2025-11-13T07:30:00,977.975230907561,879.6535028811586,1
2025-11-13T07:45:00,977.559596528166,879.6535028811586,1
2025-11-13T08:00:00,977.4468446486493,879.6535028811586,1
2025-11-13T08:15:00,978.0481880060718,879.6535028811586,1
2025-11-13T08:30:00,978.0875964180013,978.0875964180013,0
2025-11-13T08:45:00,978.0875964180013,978.0875964180013,0
2025-11-13T09:00:00,978.0875964180013,978.0875964180013,0
2025-11-13T09:15:00,978.0875964180013,978.0875964180013,0
2025-11-13T09:30:00,978.0875964180013,978.0875964180013,0
2025-11-13T09:45:00,978.0875964180013,978.0875964180013,0
2025-11-13T10:00:00,978.0875964180013,978.0875964180013,0
2025-11-13T10:15:00,978.0875964180013,978.0875964180013,0
2025-11-13T10:30:00,978.0875964180013,978.0875964180013,0
2025-11-13T10:45:00,978.0875964180013,978.0875964180013,0
2025-11-13T11:00:00,978.0875964180013,978.0875964180013,0
2025-11-13T11:15:00,978.0875964180013,978.0875964180013,0
2025-11-13T11:30:00,978.0875964180013,978.0875964180013,0
2025-11-13T11:45:00,978.0875964180013,978.0875964180013,0
2025-11-13T12:00:00,978.0875964180013,978.0875964180013,0
2025-11-13T12:15:00,978.0875964180013,978.0875964180013,0
2025-11-13T12:30:00,978.0875964180013,978.0875964180013,0
2025-11-13T12:45:00,978.0875964180013,978.0875964180013,0
2025-11-13T13:00:00,978.0875964180013,978.0875964180013,0
2025-11-13T13:15:00,978.0875964180013,978.0875964180013,0
2025-11-13T13:30:00,978.0875964180013,978.0875964180013,0
2025-11-13T13:45:00,978.0875964180013,978.0875964180013,0
2025-11-13T14:00:00,978.0875964180013,978.0875964180013,0
2025-11-13T14:15:00,978.0875964180013,978.0875964180013,0
2025-11-13T14:30:00,978.0875964180013,978.0875964180013,0
2025-11-13T14:45:00,978.0875964180013,978.0875964180013,0
2025-11-13T15:00:00,978.0875964180013,978.0875964180013,0
2025-11-13T15:15:00,978.0875964180013,978.0875964180013,0
2025-11-13T15:30:00,978.0875964180013,978.0875964180013,0
2025-11-13T15:45:00,978.0875964180013,978.0875964180013,0
2025-11-13T16:00:00,978.0875964180013,978.0875964180013,0
2025-11-13T16:15:00,978.0875964180013,978.0875964180013,0
2025-11-13T16:30:00,978.0875964180013,978.0875964180013,0
2025-11-13T16:45:00,978.0875964180013,978.0875964180013,0
2025-11-13T17:00:00,977.3433682434851,880.1223427607744,1
2025-11-13T17:15:00,975.7429171373892,880.1223427607744,1
2025-11-13T17:30:00,979.3183677139348,880.1223427607744,1
2025-11-13T17:45:00,982.0733790161818,880.1223427607744,1
2025-11-13T18:00:00,984.436006317677,880.1223427607744,1
2025-11-13T18:15:00,983.9496879652304,880.1223427607744,1
2025-11-13T18:30:00,985.6286158714767,880.1223427607744,1
2025-11-13T18:45:00,987.0411982741824,880.1223427607744,1
2025-11-13T19:00:00,987.4430946143461,880.1223427607744,1
2025-11-13T19:15:00,984.820067021443,880.1223427607744,1
2025-11-13T19:30:00,987.2219327230134,880.1223427607744,1
2025-11-13T19:45:00,988.947233283894,880.1223427607744,1
2025-11-13T20:00:00,991.1933344275903,880.1223427607744,1
2025-11-13T20:15:00,991.5940417253275,880.1223427607744,1
2025-11-13T20:30:00,990.6273502325668,880.1223427607744,1
2025-11-13T20:45:00,992.0434997625521,880.1223427607744,1
2025-11-13T21:00:00,989.3939956630093,989.3939956630093,0
2025-11-13T21:15:00,989.3939956630093,989.3939956630093,0
2025-11-13T21:30:00,989.3939956630093,989.3939956630093,0
2025-11-13T21:45:00,989.3939956630093,989.3939956630093,0
2025-11-13T22:00:00,989.3939956630093,989.3939956630093,0
2025-11-13T22:15:00,989.3939956630093,989.3939956630093,0
2025-11-13T22:30:00,989.3939956630093,989.3939956630093,0
2025-11-13T22:45:00,989.3939956630093,989.3939956630093,0
2025-11-13T23:00:00,989.3939956630093,989.3939956630093,0
2025-11-13T23:15:00,989.3939956630093,989.3939956630093,0
2025-11-13T23:30:00,989.3939956630093,989.3939956630093,0
2025-11-13T23:45:00,989.3939956630093,989.3939956630093,0
2025-11-14T00:00:00,989.3939956630093,989.3939956630093,0
2025-11-14T00:15:00,989.3939956630093,989.3939956630093,0
2025-11-14T00:30:00,989.3939956630093,989.3939956630093,0
2025-11-14T00:45:00,989.3939956630093,989.3939956630093,0
2025-11-14T01:00:00,989.3939956630093,989.3939956630093,0
2025-11-14T01:15:00,989.3939956630093,989.3939956630093,0
2025-11-14T01:30:00,989.3939956630093,989.3939956630093,0
2025-11-14T01:45:00,989.3939956630093,989.3939956630093,0
2025-11-14T02:00:00,989.3939956630093,989.3939956630093,0
2025-11-14T02:15:00,989.3939956630093,989.3939956630093,0
2025-11-14T02:30:00,989.3939956630093,989.3939956630093,0
2025-11-14T02:45:00,989.3939956630093,989.3939956630093,0
2025-11-14T03:00:00,989.3939956630093,989.3939956630093,0
2025-11-14T03:15:00,989.3939956630093,989.3939956630093,0
2025-11-14T03:30:00,989.3939956630093,989.3939956630093,0
2025-11-14T03:45:00,989.3939956630093,989.3939956630093,0
2025-11-14T04:00:00,989.3939956630093,989.3939956630093,0
2025-11-14T04:15:00,989.3939956630093,989.3939956630093,0
2025-11-14T04:30:00,989.3939956630093,989.3939956630093,0
2025-11-14T04:45:00,989.3939956630093,989.3939956630093,0
2025-11-14T05:00:00,989.3939956630093,989.3939956630093,0
2025-11-14T05:15:00,989.3939956630093,989.3939956630093,0
2025-11-14T05:30:00,989.3939956630093,989.3939956630093,0
2025-11-14T05:45:00,989.3939956630093,989.3939956630093,0
2025-11-14T06:00:00,989.3939956630093,989.3939956630093,0
2025-11-14T06:15:00,989.3939956630093,989.3939956630093,0
2025-11-14T06:30:00,989.3939956630093,989.3939956630093,0
2025-11-14T06:45:00,989.3939956630093,989.3939956630093,0
2025-11-14T07:00:00,989.3939956630093,989.3939956630093,0
2025-11-14T07:15:00,989.3939956630093,989.3939956630093,0
2025-11-14T07:30:00,989.3939956630093,989.3939956630093,0
2025-11-14T07:45:00,989.3939956630093,989.3939956630093,0
2025-11-14T08:00:00,989.3939956630093,989.3939956630093,0
2025-11-14T08:15:00,989.3939956630093,989.3939956630093,0
2025-11-14T08:30:00,989.3939956630093,989.3939956630093,0
2025-11-14T08:45:00,989.3939956630093,989.3939956630093,0
2025-11-14T09:00:00,989.3939956630093,989.3939956630093,0
2025-11-14T09:15:00,989.3939956630093,989.3939956630093,0
2025-11-14T09:30:00,989.3939956630093,989.3939956630093,0
2025-11-14T09:45:00,989.3939956630093,989.3939956630093,0
2025-11-14T10:00:00,989.3939956630093,989.3939956630093,0
2025-11-14T10:15:00,989.3939956630093,989.3939956630093,0
2025-11-14T10:30:00,989.3939956630093,989.3939956630093,0
2025-11-14T10:45:00,989.3939956630093,989.3939956630093,0
2025-11-14T11:00:00,989.3939956630093,989.3939956630093,0
2025-11-14T11:15:00,989.3939956630093,989.3939956630093,0
2025-11-14T11:30:00,989.3939956630093,989.3939956630093,0
2025-11-14T11:45:00,989.3939956630093,989.3939956630093,0
2025-11-14T12:00:00,989.3939956630093,989.3939956630093,0
2025-11-14T12:15:00,989.3939956630093,989.3939956630093,0
2025-11-14T12:30:00,989.3939956630093,989.3939956630093,0
2025-11-14T12:45:00,989.3939956630093,989.3939956630093,0
2025-11-14T13:00:00,989.3939956630093,989.3939956630093,0
2025-11-14T13:15:00,989.3939956630093,989.3939956630093,0
2025-11-14T13:30:00,989.3939956630093,989.3939956630093,0
2025-11-14T13:45:00,989.3939956630093,989.3939956630093,0
2025-11-14T14:00:00,989.3939956630093,989.3939956630093,0
2025-11-14T14:15:00,989.3939956630093,989.3939956630093,0
2025-11-14T14:30:00,989.3939956630093,989.3939956630093,0
2025-11-14T14:45:00,989.3939956630093,989.3939956630093,0
2025-11-14T15:00:00,989.3939956630093,989.3939956630093,0
2025-11-14T15:15:00,989.3939956630093,989.3939956630093,0
2025-11-14T15:30:00,989.3939956630093,989.3939956630093,0
2025-11-14T15:45:00,989.3939956630093,989.3939956630093,0
2025-11-14T16:00:00,989.3939956630093,989.3939956630093,0
2025-11-14T16:15:00,989.3939956630093,989.3939956630093,0
2025-11-14T16:30:00,989.3939956630093,989.3939956630093,0
2025-11-14T16:45:00,989.3939956630093,989.3939956630093,0
2025-11-14T17:00:00,989.3939956630093,989.3939956630093,0
2025-11-14T17:15:00,989.3939956630093,989.3939956630093,0
2025-11-14T17:30:00,989.3939956630093,989.3939956630093,0
2025-11-14T17:45:00,989.3939956630093,989.3939956630093,0
2025-11-14T18:00:00,989.3939956630093,989.3939956630093,0
2025-11-14T18:15:00,989.3939956630093,989.3939956630093,0
2025-11-14T18:30:00,989.3939956630093,989.3939956630093,0
2025-11-14T18:45:00,989.3939956630093,989.3939956630093,0
2025-11-14T19:00:00,989.3939956630093,989.3939956630093,0
2025-11-14T19:15:00,989.3939956630093,989.3939956630093,0
2025-11-14T19:30:00,989.3939956630093,989.3939956630093,0
2025-11-14T19:45:00,989.3939956630093,989.3939956630093,0
2025-11-14T20:00:00,989.3939956630093,989.3939956630093,0
2025-11-14T20:15:00,989.3939956630093,989.3939956630093,0
2025-11-14T20:30:00,988.6411644340209,890.2962930574023,1
2025-11-14T20:45:00,987.7029375139322,890.2962930574023,1
2025-11-14T21:00:00,984.956629565656,890.2962930574023,1
2025-11-14T21:15:00,984.9199108332909,890.2962930574023,1
2025-11-14T21:30:00,983.7398467448661,890.2962930574023,1
2025-11-14T21:45:00,983.943699017652,890.2962930574023,1
2025-11-14T22:00:00,986.686208476373,890.2962930574023,1
2025-11-14T22:15:00,983.7385805816812,890.2962930574023,1
2025-11-14T22:30:00,983.0865065414035,890.2962930574023,1
2025-11-14T22:45:00,985.0300670303864,890.2962930574023,1
2025-11-14T23:00:00,989.7338632626803,890.2962930574023,1
2025-11-14T23:15:00,991.5963893078228,890.2962930574023,1
2025-11-14T23:30:00,989.8680765602909,890.2962930574023,1
2025-11-14T23:45:00,990.9126611879201,890.2962930574023,1
2025-11-15T00:00:00,986.9647643770742,890.2962930574023,1
2025-11-15T00:15:00,986.8102924685036,890.2962930574023,1
2025-11-15T00:30:00,988.0359384315885,890.2962930574023,1
2025-11-15T00:45:00,987.2585142359953,890.2962930574023,1
2025-11-15T01:00:00,986.2292489425712,986.2292489425712,0
2025-11-15T01:15:00,986.2292489425712,986.2292489425712,0
2025-11-15T01:30:00,986.2292489425712,986.2292489425712,0
2025-11-15T01:45:00,986.2292489425712,986.2292489425712,0
2025-11-15T02:00:00,986.2292489425712,986.2292489425712,0
2025-11-15T02:15:00,986.2292489425712,986.2292489425712,0
2025-11-15T02:30:00,986.2292489425712,986.2292489425712,0
2025-11-15T02:45:00,986.2292489425712,986.2292489425712,0
2025-11-15T03:00:00,986.2292489425712,986.2292489425712,0
2025-11-15T03:15:00,986.2292489425712,986.2292489425712,0
2025-11-15T03:30:00,986.2292489425712,986.2292489425712,0
2025-11-15T03:45:00,986.2292489425712,986.2292489425712,0
2025-11-15T04:00:00,986.2292489425712,986.2292489425712,0
2025-11-15T04:15:00,986.2292489425712,986.2292489425712,0
2025-11-15T04:30:00,986.2292489425712,986.2292489425712,0
2025-11-15T04:45:00,986.2292489425712,986.2292489425712,0
2025-11-15T05:00:00,986.2292489425712,986.2292489425712,0
2025-11-15T05:15:00,986.2292489425712,986.2292489425712,0
2025-11-15T05:30:00,986.2292489425712,986.2292489425712,0
2025-11-15T05:45:00,986.2292489425712,986.2292489425712,0
2025-11-15T06:00:00,986.2292489425712,986.2292489425712,0
2025-11-15T06:15:00,986.2292489425712,986.2292489425712,0
2025-11-15T06:30:00,986.2292489425712,986.2292489425712,0
2025-11-15T06:45:00,986.2292489425712,986.2292489425712,0
2025-11-15T07:00:00,986.2292489425712,986.2292489425712,0
2025-11-15T07:15:00,986.2292489425712,986.2292489425712,0
2025-11-15T07:30:00,986.2292489425712,986.2292489425712,0
2025-11-15T07:45:00,986.2292489425712,986.2292489425712,0
2025-11-15T08:00:00,986.2292489425712,986.2292489425712,0
2025-11-15T08:15:00,986.2292489425712,986.2292489425712,0
2025-11-15T08:30:00,985.4788257736412,887.4485273684833,1
2025-11-15T08:45:00,986.1576023039382,887.4485273684833,1
2025-11-15T09:00:00,984.0899059602607,887.4485273684833,1
2025-11-15T09:15:00,984.1388380946074,887.4485273684833,1
2025-11-15T09:30:00,983.8741027010905,887.4485273684833,1
2025-11-15T09:45:00,984.9669203681676,887.4485273684833,1
2025-11-15T10:00:00,985.1375555033255,887.4485273684833,1
2025-11-15T10:15:00,984.2367023633009,887.4485273684833,1
2025-11-15T10:30:00,982.745534130868,982.745534130868,0
2025-11-15T10:45:00,982.745534130868,982.745534130868,0
2025-11-15T11:00:00,982.745534130868,982.745534130868,0
2025-11-15T11:15:00,982.745534130868,982.745534130868,0
2025-11-15T11:30:00,982.745534130868,982.745534130868,0
2025-11-15T11:45:00,982.745534130868,982.745534130868,0
2025-11-15T12:00:00,982.745534130868,982.745534130868,0
2025-11-15T12:15:00,982.745534130868,982.745534130868,0
2025-11-15T12:30:00,982.745534130868,982.745534130868,0
2025-11-15T12:45:00,982.745534130868,982.745534130868,0
2025-11-15T13:00:00,982.745534130868,982.745534130868,0
2025-11-15T13:15:00,982.745534130868,982.745534130868,0
2025-11-15T13:30:00,982.745534130868,982.745534130868,0
2025-11-15T13:45:00,982.745534130868,982.745534130868,0
2025-11-15T14:00:00,982.745534130868,982.745534130868,0
2025-11-15T14:15:00,982.745534130868,982.745534130868,0
2025-11-15T14:30:00,982.745534130868,982.745534130868,0
2025-11-15T14:45:00,982.745534130868,982.745534130868,0
2025-11-15T15:00:00,982.745534130868,982.745534130868,0
2025-11-15T15:15:00,982.745534130868,982.745534130868,0
2025-11-15T15:30:00,982.745534130868,982.745534130868,0
2025-11-15T15:45:00,982.745534130868,982.745534130868,0
2025-11-15T16:00:00,982.745534130868,982.745534130868,0
2025-11-15T16:15:00,982.745534130868,982.745534130868,0
2025-11-15T16:30:00,982.745534130868,982.745534130868,0
2025-11-15T16:45:00,982.745534130868,982.745534130868,0
2025-11-15T17:00:00,982.745534130868,982.745534130868,0
2025-11-15T17:15:00,982.745534130868,982.745534130868,0
2025-11-15T17:30:00,982.745534130868,982.745534130868,0
2025-11-15T17:45:00,982.745534130868,982.745534130868,0
2025-11-15T18:00:00,982.745534130868,982.745534130868,0
2025-11-15T18:15:00,982.745534130868,982.745534130868,0
2025-11-15T18:30:00,982.745534130868,982.745534130868,0
2025-11-15T18:45:00,982.745534130868,982.745534130868,0
2025-11-15T19:00:00,982.745534130868,982.745534130868,0
2025-11-15T19:15:00,982.745534130868,982.745534130868,0
2025-11-15T19:30:00,982.745534130868,982.745534130868,0
2025-11-15T19:45:00,982.745534130868,982.745534130868,0
2025-11-15T20:00:00,982.745534130868,982.745534130868,0
2025-11-15T20:15:00,982.745534130868,982.745534130868,0
2025-11-15T20:30:00,982.745534130868,982.745534130868,0
2025-11-15T20:45:00,982.745534130868,982.745534130868,0
2025-11-15T21:00:00,982.745534130868,982.745534130868,0
2025-11-15T21:15:00,982.745534130868,982.745534130868,0
2025-11-15T21:30:00,982.745534130868,982.745534130868,0
2025-11-15T21:45:00,982.745534130868,982.745534130868,0
2025-11-15T22:00:00,982.745534130868,982.745534130868,0
2025-11-15T22:15:00,982.745534130868,982.745534130868,0
2025-11-15T22:30:00,982.745534130868,982.745534130868,0
2025-11-15T22:45:00,982.745534130868,982.745534130868,0
2025-11-15T23:00:00,982.745534130868,982.745534130868,0
2025-11-15T23:15:00,982.745534130868,982.745534130868,0
2025-11-15T23:30:00,982.745534130868,982.745534130868,0
2025-11-15T23:45:00,982.745534130868,982.745534130868,0
2025-11-16T00:00:00,982.745534130868,982.745534130868,0
2025-11-16T00:15:00,982.745534130868,982.745534130868,0
2025-11-16T00:30:00,982.745534130868,982.745534130868,0
2025-11-16T00:45:00,982.745534130868,982.745534130868,0
2025-11-16T01:00:00,982.745534130868,982.745534130868,0
2025-11-16T01:15:00,982.745534130868,982.745534130868,0
2025-11-16T01:30:00,982.745534130868,982.745534130868,0
2025-11-16T01:45:00,982.745534130868,982.745534130868,0
2025-11-16T02:00:00,982.745534130868,982.745534130868,0
2025-11-16T02:15:00,982.745534130868,982.745534130868,0
2025-11-16T02:30:00,982.745534130868,982.745534130868,0
2025-11-16T02:45:00,982.745534130868,982.745534130868,0
2025-11-16T03:00:00,982.745534130868,982.745534130868,0
2025-11-16T03:15:00,982.745534130868,982.745534130868,0
2025-11-16T03:30:00,982.745534130868,982.745534130868,0
2025-11-16T03:45:00,982.745534130868,982.745534130868,0
2025-11-16T04:00:00,982.745534130868,982.745534130868,0
2025-11-16T04:15:00,982.745534130868,982.745534130868,0
2025-11-16T04:30:00,982.745534130868,982.745534130868,0
2025-11-16T04:45:00,982.745534130868,982.745534130868,0
2025-11-16T05:00:00,982.745534130868,982.745534130868,0
2025-11-16T05:15:00,982.745534130868,982.745534130868,0
2025-11-16T05:30:00,982.745534130868,982.745534130868,0
2025-11-16T05:45:00,982.745534130868,982.745534130868,0
2025-11-16T06:00:00,982.745534130868,982.745534130868,0
2025-11-16T06:15:00,982.745534130868,982.745534130868,0
2025-11-16T06:30:00,982.745534130868,982.745534130868,0
2025-11-16T06:45:00,982.745534130868,982.745534130868,0
2025-11-16T07:00:00,982.745534130868,982.745534130868,0
2025-11-16T07:15:00,982.745534130868,982.745534130868,0
2025-11-16T07:30:00,982.745534130868,982.745534130868,0
2025-11-16T07:45:00,982.745534130868,982.745534130868,0
2025-11-16T08:00:00,982.745534130868,982.745534130868,0
2025-11-16T08:15:00,982.745534130868,982.745534130868,0
2025-11-16T08:30:00,982.745534130868,982.745534130868,0
2025-11-16T08:45:00,982.745534130868,982.745534130868,0
2025-11-16T09:00:00,982.745534130868,982.745534130868,0
2025-11-16T09:15:00,982.745534130868,982.745534130868,0
2025-11-16T09:30:00,982.745534130868,982.745534130868,0
2025-11-16T09:45:00,981.9995306711899,884.3137414323203,1
2025-11-16T10:00:00,980.881789970731,884.3137414323203,1
2025-11-16T10:15:00,980.3670250643574,884.3137414323203,1
2025-11-16T10:30:00,980.4467773737956,884.3137414323203,1
2025-11-16T10:45:00,980.5168627366352,884.3137414323203,1
2025-11-16T11:00:00,975.8499952796809,975.8499952796809,0
2025-11-16T11:15:00,975.8499952796809,975.8499952796809,0
2025-11-16T11:30:00,975.8499952796809,975.8499952796809,0
2025-11-16T11:45:00,975.8499952796809,975.8499952796809,0
2025-11-16T12:00:00,975.8499952796809,975.8499952796809,0
2025-11-16T12:15:00,975.8499952796809,975.8499952796809,0
2025-11-16T12:30:00,975.8499952796809,975.8499952796809,0
2025-11-16T12:45:00,975.8499952796809,975.8499952796809,0
2025-11-16T13:00:00,975.8499952796809,975.8499952796809,0
2025-11-16T13:15:00,975.8499952796809,975.8499952796809,0
2025-11-16T13:30:00,975.8499952796809,975.8499952796809,0
2025-11-16T13:45:00,975.8499952796809,975.8499952796809,0
2025-11-16T14:00:00,975.8499952796809,975.8499952796809,0
2025-11-16T14:15:00,975.8499952796809,975.8499952796809,0
2025-11-16T14:30:00,975.8499952796809,975.8499952796809,0
2025-11-16T14:45:00,975.8499952796809,975.8499952796809,0
2025-11-16T15:00:00,975.8499952796809,975.8499952796809,0
2025-11-16T15:15:00,975.8499952796809,975.8499952796809,0
2025-11-16T15:30:00,975.8499952796809,975.8499952796809,0
2025-11-16T15:45:00,975.8499952796809,975.8499952796809,0
2025-11-16T16:00:00,975.8499952796809,975.8499952796809,0
2025-11-16T16:15:00,975.8499952796809,975.8499952796809,0
2025-11-16T16:30:00,975.8499952796809,975.8499952796809,0
2025-11-16T16:45:00,975.8499952796809,975.8499952796809,0
2025-11-16T17:00:00,975.1074696988961,878.1088597524681,1
2025-11-16T17:15:00,974.2454391421563,878.1088597524681,1
2025-11-16T17:30:00,976.2951562437376,878.1088597524681,1
2025-11-16T17:45:00,972.7129403746189,878.1088597524681,1
2025-11-16T18:00:00,967.9507004544967,878.1088597524681,1
2025-11-16T18:15:00,970.5316348390514,970.5316348390514,0
2025-11-16T18:30:00,970.5316348390514,970.5316348390514,0
2025-11-16T18:45:00,970.5316348390514,970.5316348390514,0
2025-11-16T19:00:00,970.5316348390514,970.5316348390514,0
2025-11-16T19:15:00,970.5316348390514,970.5316348390514,0
2025-11-16T19:30:00,970.5316348390514,970.5316348390514,0
2025-11-16T19:45:00,970.5316348390514,970.5316348390514,0
2025-11-16T20:00:00,970.5316348390514,970.5316348390514,0
2025-11-16T20:15:00,970.5316348390514,970.5316348390514,0
2025-11-16T20:30:00,970.5316348390514,970.5316348390514,0
2025-11-16T20:45:00,970.5316348390514,970.5316348390514,0
2025-11-16T21:00:00,970.5316348390514,970.5316348390514,0
2025-11-16T21:15:00,970.5316348390514,970.5316348390514,0
2025-11-16T21:30:00,970.5316348390514,970.5316348390514,0
2025-11-16T21:45:00,970.5316348390514,970.5316348390514,0
2025-11-16T22:00:00,970.5316348390514,970.5316348390514,0
2025-11-16T22:15:00,970.5316348390514,970.5316348390514,0
2025-11-16T22:30:00,970.5316348390514,970.5316348390514,0
2025-11-16T22:45:00,970.5316348390514,970.5316348390514,0
2025-11-16T23:00:00,970.5316348390514,970.5316348390514,0
2025-11-16T23:15:00,970.5316348390514,970.5316348390514,0
2025-11-16T23:30:00,970.5316348390514,970.5316348390514,0
2025-11-16T23:45:00,970.5316348390514,970.5316348390514,0
2025-11-17T00:00:00,970.5316348390514,970.5316348390514,0
2025-11-17T00:15:00,970.5316348390514,970.5316348390514,0
2025-11-17T00:30:00,970.5316348390514,970.5316348390514,0
2025-11-17T00:45:00,970.5316348390514,970.5316348390514,0
2025-11-17T01:00:00,970.5316348390514,970.5316348390514,0
2025-11-17T01:15:00,970.5316348390514,970.5316348390514,0
2025-11-17T01:30:00,970.5316348390514,970.5316348390514,0
2025-11-17T01:45:00,970.5316348390514,970.5316348390514,0
2025-11-17T02:00:00,970.5316348390514,970.5316348390514,0
2025-11-17T02:15:00,970.5316348390514,970.5316348390514,0
2025-11-17T02:30:00,970.5316348390514,970.5316348390514,0
2025-11-17T02:45:00,970.5316348390514,970.5316348390514,0
2025-11-17T03:00:00,970.5316348390514,970.5316348390514,0
2025-11-17T03:15:00,970.5316348390514,970.5316348390514,0
2025-11-17T03:30:00,970.5316348390514,970.5316348390514,0
2025-11-17T03:45:00,970.5316348390514,970.5316348390514,0
2025-11-17T04:00:00,970.5316348390514,970.5316348390514,0
2025-11-17T04:15:00,970.5316348390514,970.5316348390514,0
2025-11-17T04:30:00,970.5316348390514,970.5316348390514,0
2025-11-17T04:45:00,970.5316348390514,970.5316348390514,0
2025-11-17T05:00:00,970.5316348390514,970.5316348390514,0
2025-11-17T05:15:00,970.5316348390514,970.5316348390514,0
2025-11-17T05:30:00,970.5316348390514,970.5316348390514,0
2025-11-17T05:45:00,970.5316348390514,970.5316348390514,0
2025-11-17T06:00:00,970.5316348390514,970.5316348390514,0
