timestamp,equity,cash,open_positions
2026-01-16T06:00:00,1000.0,1000.0,0
2026-01-16T06:15:00,1000.0,1000.0,0
2026-01-16T06:30:00,1000.0,1000.0,0
2026-01-16T06:45:00,1000.0,1000.0,0
2026-01-16T07:00:00,1000.0,1000.0,0
2026-01-16T07:15:00,1000.0,1000.0,0
2026-01-16T07:30:00,1000.0,1000.0,0
2026-01-16T07:45:00,1000.0,1000.0,0
2026-01-16T08:00:00,1000.0,1000.0,0
2026-01-16T08:15:00,1000.0,1000.0,0
2026-01-16T08:30:00,1000.0,1000.0,0
2026-01-16T08:45:00,1000.0,1000.0,0
2026-01-16T09:00:00,1000.0,1000.0,0
2026-01-16T09:15:00,1000.0,1000.0,0
2026-01-16T09:30:00,1000.0,1000.0,0
2026-01-16T09:45:00,1000.0,1000.0,0
2026-01-16T10:00:00,1000.0,1000.0,0
2026-01-16T10:15:00,1000.0,1000.0,0
2026-01-16T10:30:00,1000.0,1000.0,0
2026-01-16T10:45:00,1000.0,1000.0,0
2026-01-16T11:00:00,1000.0,1000.0,0
2026-01-16T11:15:00,1000.0,1000.0,0
2026-01-16T11:30:00,1000.0,1000.0,0
2026-01-16T11:45:00,1000.0,1000.0,0
2026-01-16T12:00:00,1000.0,1000.0,0
2026-01-16T12:15:00,1000.0,1000.0,0
2026-01-16T12:30:00,1000.0,1000.0,0
2026-01-16T12:45:00,1000.0,1000.0,0
2026-01-16T13:00:00,1000.0,1000.0,0
2026-01-16T13:15:00,1000.0,1000.0,0
2026-01-16T13:30:00,1000.0,1000.0,0
2026-01-16T13:45:00,1000.0,1000.0,0
2026-01-16T14:00:00,1000.0,1000.0,0
2026-01-16T14:15:00,1000.0,1000.0,0
2026-01-16T14:30:00,1000.0,1000.0,0
2026-01-16T14:45:00,1000.0,1000.0,0
2026-01-16T15:00:00,1000.0,1000.0,0
2026-01-16T15:15:00,1000.0,1000.0,0
2026-01-16T15:30:00,1000.0,1000.0,0
2026-01-16T15:45:00,1000.0,1000.0,0
2026-01-16T16:00:00,1000.0,1000.0,0
2026-01-16T16:15:00,1000.0,1000.0,0
2026-01-16T16:30:00,1000.0,1000.0,0
2026-01-16T16:45:00,1000.0,1000.0,0
2026-01-16T17:00:00,1000.0,1000.0,0
2026-01-16T17:15:00,1000.0,1000.0,0
2026-01-16T17:30:00,1000.0,1000.0,0
2026-01-16T17:45:00,1000.0,1000.0,0
2026-01-16T18:00:00,1000.0,1000.0,0
2026-01-16T18:15:00,1000.0,1000.0,0
2026-01-16T18:30:00,1000.0,1000.0,0
2026-01-16T18:45:00,1000.0,1000.0,0
2026-01-16T19:00:00,1000.0,1000.0,0
2026-01-16T19:15:00,1000.0,1000.0,0
2026-01-16T19:30:00,1000.0,1000.0,0
2026-01-16T19:45:00,1000.0,1000.0,0
2026-01-16T20:00:00,1000.0,1000.0,0
2026-01-16T20:15:00,1000.0,1000.0,0
2026-01-16T20:30:00,1000.0,1000.0,0
2026-01-16T20:45:00,1000.0,1000.0,0
2026-01-16T21:00:00,1000.0,1000.0,0
2026-01-16T21:15:00,1000.0,1000.0,0
2026-01-16T21:30:00,1000.0,1000.0,0
2026-01-16T21:45:00,1000.0,1000.0,0
2026-01-16T22:00:00,1000.0,1000.0,0
2026-01-16T22:15:00,1000.0,1000.0,0
2026-01-16T22:30:00,1000.0,1000.0,0
2026-01-16T22:45:00,1000.0,1000.0,0
2026-01-16T23:00:00,1000.0,1000.0,0
2026-01-16T23:15:00,1000.0,1000.0,0
2026-01-16T23:30:00,1000.0,1000.0,0
2026-01-16T23:45:00,1000.0,1000.0,0
2026-01-17T00:00:00,1000.0,1000.0,0
2026-01-17T00:15:00,1000.0,1000.0,0
2026-01-17T00:30:00,1000.0,1000.0,0
2026-01-17T00:45:00,1000.0,1000.0,0
2026-01-17T01:00:00,1000.0,1000.0,0
2026-01-17T01:15:00,1000.0,1000.0,0
2026-01-17T01:30:00,1000.0,1000.0,0
2026-01-17T01:45:00,1000.0,1000.0,0
2026-01-17T02:00:00,1000.0,1000.0,0
2026-01-17T02:15:00,1000.0,1000.0,0
2026-01-17T02:30:00,1000.0,1000.0,0
2026-01-17T02:45:00,1000.0,1000.0,0
2026-01-17T03:00:00,1000.0,1000.0,0
2026-01-17T03:15:00,1000.0,1000.0,0
2026-01-17T03:30:00,1000.0,1000.0,0
2026-01-17T03:45:00,1000.0,1000.0,0
2026-01-17T04:00:00,1000.0,1000.0,0
2026-01-17T04:15:00,1000.0,1000.0,0
2026-01-17T04:30:00,1000.0,1000.0,0
2026-01-17T04:45:00,1000.0,1000.0,0
2026-01-17T05:00:00,1000.0,1000.0,0
2026-01-17T05:15:00,1000.0,1000.0,0
2026-01-17T05:30:00,1000.0,1000.0,0
2026-01-17T05:45:00,1000.0,1000.0,0
2026-01-17T06:00:00,1000.0,1000.0,0
2026-01-17T06:15:00,1000.0,1000.0,0
2026-01-17T06:30:00,1000.0,1000.0,0
2026-01-17T06:45:00,1000.0,1000.0,0
2026-01-17T07:00:00,1000.0,1000.0,0
2026-01-17T07:15:00,1000.0,1000.0,0
2026-01-17T07:30:00,1000.0,1000.0,0
2026-01-17T07:45:00,1000.0,1000.0,0
2026-01-17T08:00:00,1000.0,1000.0,0
2026-01-17T08:15:00,1000.0,1000.0,0
2026-01-17T08:30:00,1000.0,1000.0,0
2026-01-17T08:45:00,1000.0,1000.0,0
2026-01-17T09:00:00,1000.0,1000.0,0
2026-01-17T09:15:00,1000.0,1000.0,0
2026-01-17T09:30:00,1000.0,1000.0,0
2026-01-17T09:45:00,1000.0,1000.0,0
2026-01-17T10:00:00,1000.0,1000.0,0
2026-01-17T10:15:00,1000.0,1000.0,0
2026-01-17T10:30:00,1000.0,1000.0,0
2026-01-17T10:45:00,1000.0,1000.0,0
2026-01-17T11:00:00,1000.0,1000.0,0
2026-01-17T11:15:00,1000.0,1000.0,0
2026-01-17T11:30:00,1000.0,1000.0,0
2026-01-17T11:45:00,1000.0,1000.0,0
2026-01-17T12:00:00,1000.0,1000.0,0
2026-01-17T12:15:00,1000.0,1000.0,0
2026-01-17T12:30:00,1000.0,1000.0,0
2026-01-17T12:45:00,1000.0,1000.0,0
2026-01-17T13:00:00,1000.0,1000.0,0
2026-01-17T13:15:00,1000.0,1000.0,0
2026-01-17T13:30:00,1000.0,1000.0,0
2026-01-17T13:45:00,1000.0,1000.0,0
2026-01-17T14:00:00,1000.0,1000.0,0
2026-01-17T14:15:00,1000.0,1000.0,0
2026-01-17T14:30:00,1000.0,1000.0,0
2026-01-17T14:45:00,1000.0,1000.0,0
2026-01-17T15:00:00,1000.0,1000.0,0
2026-01-17T15:15:00,1000.0,1000.0,0
2026-01-17T15:30:00,1000.0,1000.0,0
2026-01-17T15:45:00,1000.0,1000.0,0
2026-01-17T16:00:00,1000.0,1000.0,0
2026-01-17T16:15:00,1000.0,1000.0,0
2026-01-17T16:30:00,1000.0,1000.0,0
2026-01-17T16:45:00,1000.0,1000.0,0
2026-01-17T17:00:00,1000.0,1000.0,0
2026-01-17T17:15:00,1000.0,1000.0,0
2026-01-17T17:30:00,1000.0,1000.0,0
2026-01-17T17:45:00,1000.0,1000.0,0
2026-01-17T18:00:00,1000.0,1000.0,0
2026-01-17T18:15:00,1000.0,1000.0,0
2026-01-17T18:30:00,1000.0,1000.0,0
2026-01-17T18:45:00,1000.0,1000.0,0
2026-01-17T19:00:00,1000.0,1000.0,0
2026-01-17T19:15:00,1000.0,1000.0,0
2026-01-17T19:30:00,1000.0,1000.0,0
2026-01-17T19:45:00,1000.0,1000.0,0
2026-01-17T20:00:00,1000.0,1000.0,0
2026-01-17T20:15:00,1000.0,1000.0,0
2026-01-17T20:30:00,1000.0,1000.0,0
2026-01-17T20:45:00,1000.0,1000.0,0
2026-01-17T21:00:00,1000.0,1000.0,0
2026-01-17T21:15:00,1000.0,1000.0,0
2026-01-17T21:30:00,1000.0,1000.0,0
2026-01-17T21:45:00,1000.0,1000.0,0
2026-01-17T22:00:00,1000.0,1000.0,0
2026-01-17T22:15:00,1000.0,1000.0,0
2026-01-17T22:30:00,1000.0,1000.0,0
2026-01-17T22:45:00,1000.0,1000.0,0
2026-01-17T23:00:00,1000.0,1000.0,0
2026-01-17T23:15:00,1000.0,1000.0,0
2026-01-17T23:30:00,1000.0,1000.0,0
2026-01-17T23:45:00,1000.0,1000.0,0
2026-01-18T00:00:00,1000.0,1000.0,0
2026-01-18T00:15:00,1000.0,1000.0,0
2026-01-18T00:30:00,1000.0,1000.0,0
2026-01-18T00:45:00,1000.0,1000.0,0
2026-01-18T01:00:00,1000.0,1000.0,0
2026-01-18T01:15:00,1000.0,1000.0,0
2026-01-18T01:30:00,1000.0,1000.0,0
2026-01-18T01:45:00,1000.0,1000.0,0
2026-01-18T02:00:00,1000.0,1000.0,0
2026-01-18T02:15:00,1000.0,1000.0,0
2026-01-18T02:30:00,1000.0,1000.0,0
2026-01-18T02:45:00,1000.0,1000.0,0
2026-01-18T03:00:00,1000.0,1000.0,0
2026-01-18T03:15:00,1000.0,1000.0,0
2026-01-18T03:30:00,1000.0,1000.0,0
2026-01-18T03:45:00,1000.0,1000.0,0
2026-01-18T04:00:00,1000.0,1000.0,0
2026-01-18T04:15:00,1000.0,1000.0,0
2026-01-18T04:30:00,1000.0,1000.0,0
2026-01-18T04:45:00,1000.0,1000.0,0
2026-01-18T05:00:00,1000.0,1000.0,0
2026-01-18T05:15:00,1000.0,1000.0,0
2026-01-18T05:30:00,1000.0,1000.0,0
2026-01-18T05:45:00,1000.0,1000.0,0
2026-01-18T06:00:00,1000.0,1000.0,0
2026-01-18T06:15:00,1000.0,1000.0,0
2026-01-18T06:30:00,1000.0,1000.0,0
2026-01-18T06:45:00,1000.0,1000.0,0
2026-01-18T07:00:00,1000.0,1000.0,0
2026-01-18T07:15:00,1000.0,1000.0,0
2026-01-18T07:30:00,1000.0,1000.0,0
2026-01-18T07:45:00,1000.0,1000.0,0
2026-01-18T08:00:00,1000.0,1000.0,0
2026-01-18T08:15:00,1000.0,1000.0,0
2026-01-18T08:30:00,1000.0,1000.0,0
2026-01-18T08:45:00,1000.0,1000.0,0
2026-01-18T09:00:00,1000.0,1000.0,0
2026-01-18T09:15:00,1000.0,1000.0,0
2026-01-18T09:30:00,1000.0,1000.0,0
2026-01-18T09:45:00,1000.0,1000.0,0
2026-01-18T10:00:00,1000.0,1000.0,0
2026-01-18T10:15:00,1000.0,1000.0,0
2026-01-18T10:30:00,1000.0,1000.0,0
2026-01-18T10:45:00,1000.0,1000.0,0
2026-01-18T11:00:00,1000.0,1000.0,0
2026-01-18T11:15:00,1000.0,1000.0,0
2026-01-18T11:30:00,1000.0,1000.0,0
2026-01-18T11:45:00,1000.0,1000.0,0
2026-01-18T12:00:00,1000.0,1000.0,0
2026-01-18T12:15:00,1000.0,1000.0,0
2026-01-18T12:30:00,1000.0,1000.0,0
2026-01-18T12:45:00,1000.0,1000.0,0
2026-01-18T13:00:00,1000.0,1000.0,0
2026-01-18T13:15:00,1000.0,1000.0,0
2026-01-18T13:30:00,1000.0,1000.0,0
2026-01-18T13:45:00,1000.0,1000.0,0
2026-01-18T14:00:00,1000.0,1000.0,0
2026-01-18T14:15:00,1000.0,1000.0,0
2026-01-18T14:30:00,1000.0,1000.0,0
2026-01-18T14:45:00,1000.0,1000.0,0
2026-01-18T15:00:00,1000.0,1000.0,0
2026-01-18T15:15:00,1000.0,1000.0,0
2026-01-18T15:30:00,1000.0,1000.0,0
2026-01-18T15:45:00,1000.0,1000.0,0
2026-01-18T16:00:00,1000.0,1000.0,0
2026-01-18T16:15:00,1000.0,1000.0,0
2026-01-18T16:30:00,1000.0,1000.0,0
2026-01-18T16:45:00,1000.0,1000.0,0
2026-01-18T17:00:00,1000.0,1000.0,0
2026-01-18T17:15:00,1000.0,1000.0,0
2026-01-18T17:30:00,1000.0,1000.0,0
2026-01-18T17:45:00,1000.0,1000.0,0
2026-01-18T18:00:00,1000.0,1000.0,0
2026-01-18T18:15:00,998.9372581128308,859.7760000000001,1
2026-01-18T18:30:00,998.571383449929,859.7760000000001,1
2026-01-18T18:45:00,998.8740615801478,859.7760000000001,1
2026-01-18T19:00:00,997.7282086586054,859.7760000000001,1
2026-01-18T19:15:00,997.3307357293621,859.7760000000001,1
2026-01-18T19:30:00,996.999785466101,859.7760000000001,1
2026-01-18T19:45:00,996.3312326729804,859.7760000000001,1
2026-01-18T20:00:00,995.4141509772323,995.4141509772323,0
2026-01-18T20:15:00,995.4141509772323,995.4141509772323,0
2026-01-18T20:30:00,995.4141509772323,995.4141509772323,0
2026-01-18T20:45:00,995.4141509772323,995.4141509772323,0
2026-01-18T21:00:00,995.4141509772323,995.4141509772323,0
2026-01-18T21:15:00,995.4141509772323,995.4141509772323,0
2026-01-18T21:30:00,995.4141509772323,995.4141509772323,0
2026-01-18T21:45:00,995.4141509772323,995.4141509772323,0
2026-01-18T22:00:00,995.4141509772323,995.4141509772323,0
2026-01-18T22:15:00,995.4141509772323,995.4141509772323,0
2026-01-18T22:30:00,995.4141509772323,995.4141509772323,0
2026-01-18T22:45:00,995.4141509772323,995.4141509772323,0
2026-01-18T23:00:00,995.4141509772323,995.4141509772323,0
2026-01-18T23:15:00,995.4141509772323,995.4141509772323,0
2026-01-18T23:30:00,995.4141509772323,995.4141509772323,0
2026-01-18T23:45:00,995.4141509772323,995.4141509772323,0
2026-01-19T00:00:00,994.3537742146034,855.8331970706008,1
2026-01-19T00:15:00,993.2079310798015,855.8331970706008,1
2026-01-19T00:30:00,991.1576719961233,855.8331970706008,1
2026-01-19T00:45:00,992.769159210633,855.8331970706008,1
2026-01-19T01:00:00,992.4867292585136,855.8331970706008,1
2026-01-19T01:15:00,993.6544324836868,855.8331970706008,1
2026-01-19T01:30:00,993.9314879936985,855.8331970706008,1
2026-01-19T01:45:00,993.5201922049694,855.8331970706008,1
2026-01-19T02:00:00,994.5154905737601,855.8331970706008,1
2026-01-19T02:15:00,994.0642789846565,855.8331970706008,1
2026-01-19T02:30:00,993.6327535542854,855.8331970706008,1
2026-01-19T02:45:00,993.6400603800724,855.8331970706008,1
2026-01-19T03:00:00,992.618372896662,855.8331970706008,1
2026-01-19T03:15:00,993.3063424117386,993.3063424117386,0
2026-01-19T03:30:00,993.3063424117386,993.3063424117386,0
2026-01-19T03:45:00,993.3063424117386,993.3063424117386,0
2026-01-19T04:00:00,993.3063424117386,993.3063424117386,0
2026-01-19T04:15:00,993.3063424117386,993.3063424117386,0
2026-01-19T04:30:00,993.3063424117386,993.3063424117386,0
2026-01-19T04:45:00,993.3063424117386,993.3063424117386,0
2026-01-19T05:00:00,993.3063424117386,993.3063424117386,0
2026-01-19T05:15:00,993.3063424117386,993.3063424117386,0
2026-01-19T05:30:00,993.3063424117386,993.3063424117386,0
2026-01-19T05:45:00,993.3063424117386,993.3063424117386,0
2026-01-19T06:00:00,993.3063424117386,993.3063424117386,0
2026-01-19T06:15:00,993.3063424117386,993.3063424117386,0
2026-01-19T06:30:00,993.3063424117386,993.3063424117386,0
2026-01-19T06:45:00,993.3063424117386,993.3063424117386,0
2026-01-19T07:00:00,993.3063424117386,993.3063424117386,0
2026-01-19T07:15:00,993.3063424117386,993.3063424117386,0
2026-01-19T07:30:00,993.3063424117386,993.3063424117386,0
2026-01-19T07:45:00,993.3063424117386,993.3063424117386,0
2026-01-19T08:00:00,993.3063424117386,993.3063424117386,0
2026-01-19T08:15:00,993.3063424117386,993.3063424117386,0
2026-01-19T08:30:00,993.3063424117386,993.3063424117386,0
2026-01-19T08:45:00,993.3063424117386,993.3063424117386,0
2026-01-19T09:00:00,993.3063424117386,993.3063424117386,0
2026-01-19T09:15:00,993.3063424117386,993.3063424117386,0
2026-01-19T09:30:00,993.3063424117386,993.3063424117386,0
2026-01-19T09:45:00,993.3063424117386,993.3063424117386,0
2026-01-19T10:00:00,993.3063424117386,993.3063424117386,0
2026-01-19T10:15:00,993.3063424117386,993.3063424117386,0
2026-01-19T10:30:00,993.3063424117386,993.3063424117386,0
2026-01-19T10:45:00,993.3063424117386,993.3063424117386,0
2026-01-19T11:00:00,993.3063424117386,993.3063424117386,0
2026-01-19T11:15:00,993.3063424117386,993.3063424117386,0
2026-01-19T11:30:00,993.3063424117386,993.3063424117386,0
2026-01-19T11:45:00,993.3063424117386,993.3063424117386,0
2026-01-19T12:00:00,993.3063424117386,993.3063424117386,0
2026-01-19T12:15:00,993.3063424117386,993.3063424117386,0
2026-01-19T12:30:00,993.3063424117386,993.3063424117386,0
2026-01-19T12:45:00,993.3063424117386,993.3063424117386,0
2026-01-19T13:00:00,993.3063424117386,993.3063424117386,0
2026-01-19T13:15:00,993.3063424117386,993.3063424117386,0
2026-01-19T13:30:00,993.3063424117386,993.3063424117386,0
2026-01-19T13:45:00,993.3063424117386,993.3063424117386,0
2026-01-19T14:00:00,993.3063424117386,993.3063424117386,0
2026-01-19T14:15:00,993.3063424117386,993.3063424117386,0
2026-01-19T14:30:00,993.3063424117386,993.3063424117386,0
2026-01-19T14:45:00,993.3063424117386,993.3063424117386,0
2026-01-19T15:00:00,993.3063424117386,993.3063424117386,0
2026-01-19T15:15:00,993.3063424117386,993.3063424117386,0
2026-01-19T15:30:00,993.3063424117386,993.3063424117386,0
2026-01-19T15:45:00,993.3063424117386,993.3063424117386,0
2026-01-19T16:00:00,993.3063424117386,993.3063424117386,0
2026-01-19T16:15:00,993.3063424117386,993.3063424117386,0
2026-01-19T16:30:00,993.3063424117386,993.3063424117386,0
2026-01-19T16:45:00,993.3063424117386,993.3063424117386,0
2026-01-19T17:00:00,993.3063424117386,993.3063424117386,0
2026-01-19T17:15:00,993.3063424117386,993.3063424117386,0
2026-01-19T17:30:00,993.3063424117386,993.3063424117386,0
2026-01-19T17:45:00,993.3063424117386,993.3063424117386,0
2026-01-19T18:00:00,993.3063424117386,993.3063424117386,0
2026-01-19T18:15:00,993.3063424117386,993.3063424117386,0
2026-01-19T18:30:00,993.3063424117386,993.3063424117386,0
2026-01-19T18:45:00,993.3063424117386,993.3063424117386,0
2026-01-19T19:00:00,993.3063424117386,993.3063424117386,0
2026-01-19T19:15:00,993.3063424117386,993.3063424117386,0
2026-01-19T19:30:00,993.3063424117386,993.3063424117386,0
2026-01-19T19:45:00,993.3063424117386,993.3063424117386,0
2026-01-19T20:00:00,993.3063424117386,993.3063424117386,0
2026-01-19T20:15:00,993.3063424117386,993.3063424117386,0
2026-01-19T20:30:00,993.3063424117386,993.3063424117386,0
2026-01-19T20:45:00,993.3063424117386,993.3063424117386,0
2026-01-19T21:00:00,993.3063424117386,993.3063424117386,0
2026-01-19T21:15:00,993.3063424117386,993.3063424117386,0
2026-01-19T21:30:00,993.3063424117386,993.3063424117386,0
2026-01-19T21:45:00,993.3063424117386,993.3063424117386,0
2026-01-19T22:00:00,993.3063424117386,993.3063424117386,0
2026-01-19T22:15:00,993.3063424117386,993.3063424117386,0
2026-01-19T22:30:00,993.3063424117386,993.3063424117386,0
2026-01-19T22:45:00,993.3063424117386,993.3063424117386,0
2026-01-19T23:00:00,992.248211017252,854.020953853395,1
2026-01-19T23:15:00,990.8923281706168,854.020953853395,1
2026-01-19T23:30:00,989.6592290229006,854.020953853395,1
2026-01-19T23:45:00,989.8714694167465,854.020953853395,1
2026-01-20T00:00:00,989.3627940926532,854.020953853395,1
2026-01-20T00:15:00,991.1449117798218,854.020953853395,1
2026-01-20T00:30:00,989.727637083727,854.020953853395,1
2026-01-20T00:45:00,990.8239201097904,854.020953853395,1
2026-01-20T01:00:00,990.6274661915198,854.020953853395,1
2026-01-20T01:15:00,988.0161153927374,988.0161153927374,0
2026-01-20T01:30:00,988.0161153927374,988.0161153927374,0
2026-01-20T01:45:00,988.0161153927374,988.0161153927374,0
2026-01-20T02:00:00,988.0161153927374,988.0161153927374,0
2026-01-20T02:15:00,988.0161153927374,988.0161153927374,0
2026-01-20T02:30:00,988.0161153927374,988.0161153927374,0
2026-01-20T02:45:00,988.0161153927374,988.0161153927374,0
2026-01-20T03:00:00,988.0161153927374,988.0161153927374,0
2026-01-20T03:15:00,988.0161153927374,988.0161153927374,0
2026-01-20T03:30:00,988.0161153927374,988.0161153927374,0
2026-01-20T03:45:00,988.0161153927374,988.0161153927374,0
2026-01-20T04:00:00,988.0161153927374,988.0161153927374,0
2026-01-20T04:15:00,988.0161153927374,988.0161153927374,0
2026-01-20T04:30:00,988.0161153927374,988.0161153927374,0
2026-01-20T04:45:00,988.0161153927374,988.0161153927374,0
2026-01-20T05:00:00,988.0161153927374,988.0161153927374,0
2026-01-20T05:15:00,988.0161153927374,988.0161153927374,0
2026-01-20T05:30:00,988.0161153927374,988.0161153927374,0
2026-01-20T05:45:00,988.0161153927374,988.0161153927374,0
2026-01-20T06:00:00,988.0161153927374,988.0161153927374,0
2026-01-20T06:15:00,986.9636194754985,849.4725436279062,1
2026-01-20T06:30:00,989.3782057203516,849.4725436279062,1
2026-01-20T06:45:00,991.3359783513137,849.4725436279062,1
2026-01-20T07:00:00,990.7133713794851,849.4725436279062,1
2026-01-20T07:15:00,990.0590167433709,849.4725436279062,1
2026-01-20T07:30:00,989.4663936767013,849.4725436279062,1
2026-01-20T07:45:00,990.1965899552763,849.4725436279062,1
2026-01-20T08:00:00,993.1067925148144,849.4725436279062,1
2026-01-20T08:15:00,992.2619518929848,849.4725436279062,1
2026-01-20T08:30:00,995.3820417886352,849.4725436279062,1
2026-01-20T08:45:00,993.1120837921953,849.4725436279062,1
2026-01-20T09:00:00,994.3837541227572,849.4725436279062,1
2026-01-20T09:15:00,994.8070563132354,849.4725436279062,1
2026-01-20T09:30:00,995.3132551826824,849.4725436279062,1
2026-01-20T09:45:00,995.3591129199842,849.4725436279062,1
2026-01-20T10:00:00,993.8951928445802,849.4725436279062,1
2026-01-20T10:15:00,992.3822072866776,992.3822072866776,0
2026-01-20T10:30:00,992.3822072866776,992.3822072866776,0
2026-01-20T10:45:00,992.3822072866776,992.3822072866776,0
2026-01-20T11:00:00,992.3822072866776,992.3822072866776,0
2026-01-20T11:15:00,992.3822072866776,992.3822072866776,0
2026-01-20T11:30:00,992.3822072866776,992.3822072866776,0
2026-01-20T11:45:00,992.3822072866776,992.3822072866776,0
2026-01-20T12:00:00,992.3822072866776,992.3822072866776,0
2026-01-20T12:15:00,992.3822072866776,992.3822072866776,0
2026-01-20T12:30:00,992.3822072866776,992.3822072866776,0
2026-01-20T12:45:00,992.3822072866776,992.3822072866776,0
2026-01-20T13:00:00,992.3822072866776,992.3822072866776,0
2026-01-20T13:15:00,992.3822072866776,992.3822072866776,0
2026-01-20T13:30:00,992.3822072866776,992.3822072866776,0
2026-01-20T13:45:00,992.3822072866776,992.3822072866776,0
2026-01-20T14:00:00,992.3822072866776,992.3822072866776,0
2026-01-20T14:15:00,992.3822072866776,992.3822072866776,0
2026-01-20T14:30:00,992.3822072866776,992.3822072866776,0
2026-01-20T14:45:00,992.3822072866776,992.3822072866776,0
2026-01-20T15:00:00,992.3822072866776,992.3822072866776,0
2026-01-20T15:15:00,992.3822072866776,992.3822072866776,0
2026-01-20T15:30:00,992.3822072866776,992.3822072866776,0
2026-01-20T15:45:00,992.3822072866776,992.3822072866776,0
2026-01-20T16:00:00,992.3822072866776,992.3822072866776,0
2026-01-20T16:15:00,992.3822072866776,992.3822072866776,0
2026-01-20T16:30:00,992.3822072866776,992.3822072866776,0
2026-01-20T16:45:00,992.3822072866776,992.3822072866776,0
2026-01-20T17:00:00,992.3822072866776,992.3822072866776,0
2026-01-20T17:15:00,992.3822072866776,992.3822072866776,0
2026-01-20T17:30:00,991.3250603381235,853.2264046521105,1
2026-01-20T17:45:00,990.7823796678832,853.2264046521105,1
2026-01-20T18:00:00,989.9597018353647,853.2264046521105,1
2026-01-20T18:15:00,991.0450631758451,853.2264046521105,1
2026-01-20T18:30:00,992.4132762596024,853.2264046521105,1
2026-01-20T18:45:00,992.4855716261924,853.2264046521105,1
2026-01-20T19:00:00,992.0213919334083,853.2264046521105,1
2026-01-20T19:15:00,992.594728321327,853.2264046521105,1
2026-01-20T19:30:00,992.835071630171,853.2264046521105,1
2026-01-20T19:45:00,991.0907985279283,853.2264046521105,1
2026-01-20T20:00:00,993.1122762675595,853.2264046521105,1
2026-01-20T20:15:00,990.380015186948,990.380015186948,0
2026-01-20T20:30:00,990.380015186948,990.380015186948,0
2026-01-20T20:45:00,990.380015186948,990.380015186948,0
2026-01-20T21:00:00,990.380015186948,990.380015186948,0
2026-01-20T21:15:00,990.380015186948,990.380015186948,0
2026-01-20T21:30:00,990.380015186948,990.380015186948,0
2026-01-20T21:45:00,990.380015186948,990.380015186948,0
2026-01-20T22:00:00,990.380015186948,990.380015186948,0
2026-01-20T22:15:00,990.380015186948,990.380015186948,0
2026-01-20T22:30:00,990.380015186948,990.380015186948,0
2026-01-20T22:45:00,990.380015186948,990.380015186948,0
2026-01-20T23:00:00,989.3250010973399,851.5049679373734,1
2026-01-20T23:15:00,989.9608855095004,851.5049679373734,1
2026-01-20T23:30:00,989.1627279239101,851.5049679373734,1
2026-01-20T23:45:00,990.045795890946,851.5049679373734,1
2026-01-21T00:00:00,990.760929992456,851.5049679373734,1
2026-01-21T00:15:00,990.3722291351709,851.5049679373734,1
2026-01-21T00:30:00,987.7551024892758,851.5049679373734,1
2026-01-21T00:45:00,985.804104620165,985.804104620165,0
2026-01-21T01:00:00,985.804104620165,985.804104620165,0
2026-01-21T01:15:00,985.804104620165,985.804104620165,0
2026-01-21T01:30:00,985.804104620165,985.804104620165,0
2026-01-21T01:45:00,985.804104620165,985.804104620165,0
2026-01-21T02:00:00,985.804104620165,985.804104620165,0
2026-01-21T02:15:00,985.804104620165,985.804104620165,0
2026-01-21T02:30:00,985.804104620165,985.804104620165,0
2026-01-21T02:45:00,985.804104620165,985.804104620165,0
2026-01-21T03:00:00,985.804104620165,985.804104620165,0
2026-01-21T03:15:00,985.804104620165,985.804104620165,0
2026-01-21T03:30:00,985.804104620165,985.804104620165,0
2026-01-21T03:45:00,985.804104620165,985.804104620165,0
2026-01-21T04:00:00,985.804104620165,985.804104620165,0
2026-01-21T04:15:00,985.804104620165,985.804104620165,0
2026-01-21T04:30:00,985.804104620165,985.804104620165,0
2026-01-21T04:45:00,985.804104620165,985.804104620165,0
2026-01-21T05:00:00,985.804104620165,985.804104620165,0
2026-01-21T05:15:00,985.804104620165,985.804104620165,0
2026-01-21T05:30:00,985.804104620165,985.804104620165,0
2026-01-21T05:45:00,985.804104620165,985.804104620165,0
2026-01-21T06:00:00,985.804104620165,985.804104620165,0
2026-01-21T06:15:00,985.804104620165,985.804104620165,0
2026-01-21T06:30:00,985.804104620165,985.804104620165,0
2026-01-21T06:45:00,985.804104620165,985.804104620165,0
2026-01-21T07:00:00,985.804104620165,985.804104620165,0
2026-01-21T07:15:00,985.804104620165,985.804104620165,0
2026-01-21T07:30:00,985.804104620165,985.804104620165,0
2026-01-21T07:45:00,985.804104620165,985.804104620165,0
2026-01-21T08:00:00,985.804104620165,985.804104620165,0
2026-01-21T08:15:00,985.804104620165,985.804104620165,0
2026-01-21T08:30:00,984.7539650737087,847.570709853907,1
2026-01-21T08:45:00,983.6218381150827,847.570709853907,1
2026-01-21T09:00:00,983.0184107097423,847.570709853907,1
2026-01-21T09:15:00,982.6447714494698,847.570709853907,1
2026-01-21T09:30:00,982.7774133868664,847.570709853907,1
2026-01-21T09:45:00,985.7515818986366,847.570709853907,1
2026-01-21T10:00:00,984.1822970054916,847.570709853907,1
2026-01-21T10:15:00,983.6778840041235,847.570709853907,1
2026-01-21T10:30:00,983.1603936286459,847.570709853907,1
2026-01-21T10:45:00,983.9151449343966,847.570709853907,1
2026-01-21T11:00:00,983.145448058235,847.570709853907,1
2026-01-21T11:15:00,982.5776134649359,982.5776134649359,0
2026-01-21T11:30:00,982.5776134649359,982.5776134649359,0
2026-01-21T11:45:00,982.5776134649359,982.5776134649359,0
2026-01-21T12:00:00,981.5309109765548,844.7966501944287,1
2026-01-21T12:15:00,981.701125130333,844.7966501944287,1
2026-01-21T12:30:00,980.0186860367239,844.7966501944287,1
2026-01-21T12:45:00,979.3344625482395,844.7966501944287,1
2026-01-21T13:00:00,978.0457605905681,844.7966501944287,1
2026-01-21T13:15:00,978.6248628104554,844.7966501944287,1
2026-01-21T13:30:00,979.464523619588,844.7966501944287,1
2026-01-21T13:45:00,979.7314418585348,844.7966501944287,1
2026-01-21T14:00:00,973.6380737975471,973.6380737975471,0
2026-01-21T14:15:00,973.6380737975471,973.6380737975471,0
2026-01-21T14:30:00,973.6380737975471,973.6380737975471,0
2026-01-21T14:45:00,973.6380737975471,973.6380737975471,0
2026-01-21T15:00:00,973.6380737975471,973.6380737975471,0
2026-01-21T15:15:00,973.6380737975471,973.6380737975471,0
2026-01-21T15:30:00,973.6380737975471,973.6380737975471,0
2026-01-21T15:45:00,973.6380737975471,973.6380737975471,0
2026-01-21T16:00:00,973.6380737975471,973.6380737975471,0
2026-01-21T16:15:00,973.6380737975471,973.6380737975471,0
2026-01-21T16:30:00,973.6380737975471,973.6380737975471,0
2026-01-21T16:45:00,973.6380737975471,973.6380737975471,0
2026-01-21T17:00:00,973.6380737975471,973.6380737975471,0
2026-01-21T17:15:00,973.6380737975471,973.6380737975471,0
2026-01-21T17:30:00,973.6380737975471,973.6380737975471,0
2026-01-21T17:45:00,973.6380737975471,973.6380737975471,0
2026-01-21T18:00:00,973.6380737975471,973.6380737975471,0
2026-01-21T18:15:00,973.6380737975471,973.6380737975471,0
2026-01-21T18:30:00,973.6380737975471,973.6380737975471,0
2026-01-21T18:45:00,973.6380737975471,973.6380737975471,0
2026-01-21T19:00:00,973.6380737975471,973.6380737975471,0
2026-01-21T19:15:00,973.6380737975471,973.6380737975471,0
2026-01-21T19:30:00,973.6380737975471,973.6380737975471,0
2026-01-21T19:45:00,973.6380737975471,973.6380737975471,0
2026-01-21T20:00:00,973.6380737975471,973.6380737975471,0
2026-01-21T20:15:00,973.6380737975471,973.6380737975471,0
2026-01-21T20:30:00,973.6380737975471,973.6380737975471,0
2026-01-21T20:45:00,973.6380737975471,973.6380737975471,0
2026-01-21T21:00:00,973.6380737975471,973.6380737975471,0
2026-01-21T21:15:00,973.6380737975471,973.6380737975471,0
2026-01-21T21:30:00,973.6380737975471,973.6380737975471,0
2026-01-21T21:45:00,973.6380737975471,973.6380737975471,0
2026-01-21T22:00:00,973.6380737975471,973.6380737975471,0
2026-01-21T22:15:00,973.6380737975471,973.6380737975471,0
2026-01-21T22:30:00,973.6380737975471,973.6380737975471,0
2026-01-21T22:45:00,973.6380737975471,973.6380737975471,0
2026-01-21T23:00:00,973.6380737975471,973.6380737975471,0
2026-01-21T23:15:00,973.6380737975471,973.6380737975471,0
2026-01-21T23:30:00,973.6380737975471,973.6380737975471,0
2026-01-21T23:45:00,973.6380737975471,973.6380737975471,0
2026-01-22T00:00:00,973.6380737975471,973.6380737975471,0
2026-01-22T00:15:00,973.6380737975471,973.6380737975471,0
2026-01-22T00:30:00,973.6380737975471,973.6380737975471,0
2026-01-22T00:45:00,973.6380737975471,973.6380737975471,0
2026-01-22T01:00:00,973.6380737975471,973.6380737975471,0
2026-01-22T01:15:00,973.6380737975471,973.6380737975471,0
2026-01-22T01:30:00,973.6380737975471,973.6380737975471,0
2026-01-22T01:45:00,973.6380737975471,973.6380737975471,0
2026-01-22T02:00:00,973.6380737975471,973.6380737975471,0
2026-01-22T02:15:00,973.6380737975471,973.6380737975471,0
2026-01-22T02:30:00,973.6380737975471,973.6380737975471,0
2026-01-22T02:45:00,973.6380737975471,973.6380737975471,0
2026-01-22T03:00:00,973.6380737975471,973.6380737975471,0
2026-01-22T03:15:00,973.6380737975471,973.6380737975471,0
2026-01-22T03:30:00,973.6380737975471,973.6380737975471,0
2026-01-22T03:45:00,973.6380737975471,973.6380737975471,0
2026-01-22T04:00:00,973.6380737975471,973.6380737975471,0
2026-01-22T04:15:00,973.6380737975471,973.6380737975471,0
2026-01-22T04:30:00,973.6380737975471,973.6380737975471,0
2026-01-22T04:45:00,973.6380737975471,973.6380737975471,0
2026-01-22T05:00:00,973.6380737975471,973.6380737975471,0
2026-01-22T05:15:00,973.6380737975471,973.6380737975471,0
2026-01-22T05:30:00,973.6380737975471,973.6380737975471,0
2026-01-22T05:45:00,973.6380737975471,973.6380737975471,0
2026-01-22T06:00:00,973.6380737975471,973.6380737975471,0
2026-01-22T06:15:00,973.6380737975471,973.6380737975471,0
2026-01-22T06:30:00,973.6380737975471,973.6380737975471,0
2026-01-22T06:45:00,973.6380737975471,973.6380737975471,0
2026-01-22T07:00:00,973.6380737975471,973.6380737975471,0
2026-01-22T07:15:00,973.6380737975471,973.6380737975471,0
2026-01-22T07:30:00,973.6380737975471,973.6380737975471,0
2026-01-22T07:45:00,973.6380737975471,973.6380737975471,0
2026-01-22T08:00:00,973.6380737975471,973.6380737975471,0
2026-01-22T08:15:00,973.6380737975471,973.6380737975471,0
2026-01-22T08:30:00,973.6380737975471,973.6380737975471,0
2026-01-22T08:45:00,973.6380737975471,973.6380737975471,0
2026-01-22T09:00:00,973.6380737975471,973.6380737975471,0
2026-01-22T09:15:00,973.6380737975471,973.6380737975471,0
2026-01-22T09:30:00,973.6380737975471,973.6380737975471,0
2026-01-22T09:45:00,973.6380737975471,973.6380737975471,0
2026-01-22T10:00:00,973.6380737975471,973.6380737975471,0
2026-01-22T10:15:00,973.6380737975471,973.6380737975471,0
2026-01-22T10:30:00,973.6380737975471,973.6380737975471,0
2026-01-22T10:45:00,973.6380737975471,973.6380737975471,0
2026-01-22T11:00:00,973.6380737975471,973.6380737975471,0
2026-01-22T11:15:00,973.6380737975471,973.6380737975471,0
2026-01-22T11:30:00,973.6380737975471,973.6380737975471,0
2026-01-22T11:45:00,973.6380737975471,973.6380737975471,0
2026-01-22T12:00:00,973.6380737975471,973.6380737975471,0
2026-01-22T12:15:00,973.6380737975471,973.6380737975471,0
2026-01-22T12:30:00,973.6380737975471,973.6380737975471,0
2026-01-22T12:45:00,973.6380737975471,973.6380737975471,0
2026-01-22T13:00:00,973.6380737975471,973.6380737975471,0
2026-01-22T13:15:00,973.6380737975471,973.6380737975471,0
2026-01-22T13:30:00,973.6380737975471,973.6380737975471,0
2026-01-22T13:45:00,973.6380737975471,973.6380737975471,0
2026-01-22T14:00:00,973.6380737975471,973.6380737975471,0
2026-01-22T14:15:00,973.6380737975471,973.6380737975471,0
2026-01-22T14:30:00,973.6380737975471,973.6380737975471,0
2026-01-22T14:45:00,973.6380737975471,973.6380737975471,0
2026-01-22T15:00:00,973.6380737975471,973.6380737975471,0
2026-01-22T15:15:00,973.6380737975471,973.6380737975471,0
2026-01-22T15:30:00,973.6380737975471,973.6380737975471,0
2026-01-22T15:45:00,973.6380737975471,973.6380737975471,0
2026-01-22T16:00:00,973.6380737975471,973.6380737975471,0
2026-01-22T16:15:00,973.6380737975471,973.6380737975471,0
2026-01-22T16:30:00,973.6380737975471,973.6380737975471,0
2026-01-22T16:45:00,973.6380737975471,973.6380737975471,0
2026-01-22T17:00:00,973.6380737975471,973.6380737975471,0
2026-01-22T17:15:00,973.6380737975471,973.6380737975471,0
2026-01-22T17:30:00,973.6380737975471,973.6380737975471,0
2026-01-22T17:45:00,973.6380737975471,973.6380737975471,0
2026-01-22T18:00:00,973.6380737975471,973.6380737975471,0
2026-01-22T18:15:00,973.6380737975471,973.6380737975471,0
2026-01-22T18:30:00,973.6380737975471,973.6380737975471,0
2026-01-22T18:45:00,973.6380737975471,973.6380737975471,0
2026-01-22T19:00:00,973.6380737975471,973.6380737975471,0
2026-01-22T19:15:00,973.6380737975471,973.6380737975471,0
2026-01-22T19:30:00,973.6380737975471,973.6380737975471,0
2026-01-22T19:45:00,973.6380737975471,973.6380737975471,0
2026-01-22T20:00:00,973.6380737975471,973.6380737975471,0
2026-01-22T20:15:00,973.6380737975471,973.6380737975471,0
2026-01-22T20:30:00,973.6380737975471,973.6380737975471,0
2026-01-22T20:45:00,973.6380737975471,973.6380737975471,0
2026-01-22T21:00:00,973.6380737975471,973.6380737975471,0
2026-01-22T21:15:00,973.6380737975471,973.6380737975471,0
2026-01-22T21:30:00,973.6380737975471,973.6380737975471,0
2026-01-22T21:45:00,973.6380737975471,973.6380737975471,0
2026-01-22T22:00:00,973.6380737975471,973.6380737975471,0
2026-01-22T22:15:00,973.6380737975471,973.6380737975471,0
2026-01-22T22:30:00,973.6380737975471,973.6380737975471,0
2026-01-22T22:45:00,973.6380737975471,973.6380737975471,0
2026-01-22T23:00:00,973.6380737975471,973.6380737975471,0
2026-01-22T23:15:00,973.6380737975471,973.6380737975471,0
2026-01-22T23:30:00,973.6380737975471,973.6380737975471,0
2026-01-22T23:45:00,973.6380737975471,973.6380737975471,0
2026-01-23T00:00:00,973.6380737975471,973.6380737975471,0
2026-01-23T00:15:00,973.6380737975471,973.6380737975471,0
2026-01-23T00:30:00,973.6380737975471,973.6380737975471,0
2026-01-23T00:45:00,973.6380737975471,973.6380737975471,0
2026-01-23T01:00:00,973.6380737975471,973.6380737975471,0
2026-01-23T01:15:00,973.6380737975471,973.6380737975471,0
2026-01-23T01:30:00,973.6380737975471,973.6380737975471,0
2026-01-23T01:45:00,973.6380737975471,973.6380737975471,0
2026-01-23T02:00:00,973.6380737975471,973.6380737975471,0
2026-01-23T02:15:00,973.6380737975471,973.6380737975471,0
2026-01-23T02:30:00,973.6380737975471,973.6380737975471,0
2026-01-23T02:45:00,973.6380737975471,973.6380737975471,0
2026-01-23T03:00:00,973.6380737975471,973.6380737975471,0
2026-01-23T03:15:00,973.6380737975471,973.6380737975471,0
2026-01-23T03:30:00,973.6380737975471,973.6380737975471,0
2026-01-23T03:45:00,973.6380737975471,973.6380737975471,0
2026-01-23T04:00:00,973.6380737975471,973.6380737975471,0
2026-01-23T04:15:00,973.6380737975471,973.6380737975471,0
2026-01-23T04:30:00,973.6380737975471,973.6380737975471,0
2026-01-23T04:45:00,973.6380737975471,973.6380737975471,0
2026-01-23T05:00:00,973.6380737975471,973.6380737975471,0
2026-01-23T05:15:00,973.6380737975471,973.6380737975471,0
2026-01-23T05:30:00,973.6380737975471,973.6380737975471,0
2026-01-23T05:45:00,973.6380737975471,973.6380737975471,0
2026-01-23T06:00:00,973.6380737975471,973.6380737975471,0
2026-01-23T06:15:00,973.6380737975471,973.6380737975471,0
2026-01-23T06:30:00,973.6380737975471,973.6380737975471,0
2026-01-23T06:45:00,973.6380737975471,973.6380737975471,0
2026-01-23T07:00:00,973.6380737975471,973.6380737975471,0
2026-01-23T07:15:00,973.6380737975471,973.6380737975471,0
2026-01-23T07:30:00,973.6380737975471,973.6380737975471,0
2026-01-23T07:45:00,973.6380737975471,973.6380737975471,0
2026-01-23T08:00:00,973.6380737975471,973.6380737975471,0
2026-01-23T08:15:00,973.6380737975471,973.6380737975471,0
2026-01-23T08:30:00,973.6380737975471,973.6380737975471,0
2026-01-23T08:45:00,973.6380737975471,973.6380737975471,0
2026-01-23T09:00:00,973.6380737975471,973.6380737975471,0
2026-01-23T09:15:00,973.6380737975471,973.6380737975471,0
2026-01-23T09:30:00,973.6380737975471,973.6380737975471,0
2026-01-23T09:45:00,973.6380737975471,973.6380737975471,0
2026-01-23T10:00:00,973.6380737975471,973.6380737975471,0
2026-01-23T10:15:00,973.6380737975471,973.6380737975471,0
2026-01-23T10:30:00,973.6380737975471,973.6380737975471,0
2026-01-23T10:45:00,973.6380737975471,973.6380737975471,0
2026-01-23T11:00:00,973.6380737975471,973.6380737975471,0
2026-01-23T11:15:00,973.6380737975471,973.6380737975471,0
2026-01-23T11:30:00,973.6380737975471,973.6380737975471,0
2026-01-23T11:45:00,973.6380737975471,973.6380737975471,0
2026-01-23T12:00:00,973.6380737975471,973.6380737975471,0
2026-01-23T12:15:00,973.6380737975471,973.6380737975471,0
2026-01-23T12:30:00,973.6380737975471,973.6380737975471,0
2026-01-23T12:45:00,973.6380737975471,973.6380737975471,0
2026-01-23T13:00:00,973.6380737975471,973.6380737975471,0
2026-01-23T13:15:00,973.6380737975471,973.6380737975471,0
2026-01-23T13:30:00,973.6380737975471,973.6380737975471,0
2026-01-23T13:45:00,973.6380737975471,973.6380737975471,0
2026-01-23T14:00:00,973.6380737975471,973.6380737975471,0
2026-01-23T14:15:00,973.6380737975471,973.6380737975471,0
2026-01-23T14:30:00,973.6380737975471,973.6380737975471,0
2026-01-23T14:45:00,973.6380737975471,973.6380737975471,0
2026-01-23T15:00:00,973.6380737975471,973.6380737975471,0
2026-01-23T15:15:00,973.6380737975471,973.6380737975471,0
2026-01-23T15:30:00,973.6380737975471,973.6380737975471,0
2026-01-23T15:45:00,973.6380737975471,973.6380737975471,0
2026-01-23T16:00:00,973.6380737975471,973.6380737975471,0
2026-01-23T16:15:00,973.6380737975471,973.6380737975471,0
2026-01-23T16:30:00,973.6380737975471,973.6380737975471,0
2026-01-23T16:45:00,973.6380737975471,973.6380737975471,0
2026-01-23T17:00:00,973.6380737975471,973.6380737975471,0
2026-01-23T17:15:00,973.6380737975471,973.6380737975471,0
2026-01-23T17:30:00,973.6380737975471,973.6380737975471,0
2026-01-23T17:45:00,973.6380737975471,973.6380737975471,0
2026-01-23T18:00:00,973.6380737975471,973.6380737975471,0
2026-01-23T18:15:00,973.6380737975471,973.6380737975471,0
2026-01-23T18:30:00,973.6380737975471,973.6380737975471,0
2026-01-23T18:45:00,973.6380737975471,973.6380737975471,0
2026-01-23T19:00:00,973.6380737975471,973.6380737975471,0
2026-01-23T19:15:00,973.6380737975471,973.6380737975471,0
2026-01-23T19:30:00,973.6380737975471,973.6380737975471,0
2026-01-23T19:45:00,973.6380737975471,973.6380737975471,0
2026-01-23T20:00:00,973.6380737975471,973.6380737975471,0
2026-01-23T20:15:00,973.6380737975471,973.6380737975471,0
2026-01-23T20:30:00,973.6380737975471,973.6380737975471,0
2026-01-23T20:45:00,973.6380737975471,973.6380737975471,0
2026-01-23T21:00:00,973.6380737975471,973.6380737975471,0
2026-01-23T21:15:00,973.6380737975471,973.6380737975471,0
2026-01-23T21:30:00,973.6380737975471,973.6380737975471,0
2026-01-23T21:45:00,973.6380737975471,973.6380737975471,0
2026-01-23T22:00:00,973.6380737975471,973.6380737975471,0
2026-01-23T22:15:00,973.6380737975471,973.6380737975471,0
2026-01-23T22:30:00,973.6380737975471,973.6380737975471,0
2026-01-23T22:45:00,973.6380737975471,973.6380737975471,0
2026-01-23T23:00:00,973.6380737975471,973.6380737975471,0
2026-01-23T23:15:00,973.6380737975471,973.6380737975471,0
2026-01-23T23:30:00,973.6380737975471,973.6380737975471,0
2026-01-23T23:45:00,973.6380737975471,973.6380737975471,0
2026-01-24T00:00:00,973.6380737975471,973.6380737975471,0
2026-01-24T00:15:00,973.6380737975471,973.6380737975471,0
2026-01-24T00:30:00,973.6380737975471,973.6380737975471,0
2026-01-24T00:45:00,973.6380737975471,973.6380737975471,0
2026-01-24T01:00:00,973.6380737975471,973.6380737975471,0
2026-01-24T01:15:00,973.6380737975471,973.6380737975471,0
2026-01-24T01:30:00,973.6380737975471,973.6380737975471,0
2026-01-24T01:45:00,973.6380737975471,973.6380737975471,0
2026-01-24T02:00:00,973.6380737975471,973.6380737975471,0
2026-01-24T02:15:00,973.6380737975471,973.6380737975471,0
2026-01-24T02:30:00,973.6380737975471,973.6380737975471,0
2026-01-24T02:45:00,973.6380737975471,973.6380737975471,0
2026-01-24T03:00:00,973.6380737975471,973.6380737975471,0
2026-01-24T03:15:00,973.6380737975471,973.6380737975471,0
2026-01-24T03:30:00,973.6380737975471,973.6380737975471,0
2026-01-24T03:45:00,973.6380737975471,973.6380737975471,0
2026-01-24T04:00:00,973.6380737975471,973.6380737975471,0
2026-01-24T04:15:00,973.6380737975471,973.6380737975471,0
2026-01-24T04:30:00,973.6380737975471,973.6380737975471,0
2026-01-24T04:45:00,973.6380737975471,973.6380737975471,0
2026-01-24T05:00:00,973.6380737975471,973.6380737975471,0
2026-01-24T05:15:00,973.6380737975471,973.6380737975471,0
2026-01-24T05:30:00,973.6380737975471,973.6380737975471,0
2026-01-24T05:45:00,973.6380737975471,973.6380737975471,0
2026-01-24T06:00:00,973.6380737975471,973.6380737975471,0
2026-01-24T06:15:00,973.6380737975471,973.6380737975471,0
2026-01-24T06:30:00,973.6380737975471,973.6380737975471,0
2026-01-24T06:45:00,973.6380737975471,973.6380737975471,0
2026-01-24T07:00:00,973.6380737975471,973.6380737975471,0
2026-01-24T07:15:00,973.6380737975471,973.6380737975471,0
2026-01-24T07:30:00,973.6380737975471,973.6380737975471,0
2026-01-24T07:45:00,973.6380737975471,973.6380737975471,0
2026-01-24T08:00:00,973.6380737975471,973.6380737975471,0
2026-01-24T08:15:00,973.6380737975471,973.6380737975471,0
2026-01-24T08:30:00,973.6380737975471,973.6380737975471,0
2026-01-24T08:45:00,973.6380737975471,973.6380737975471,0
2026-01-24T09:00:00,973.6380737975471,973.6380737975471,0
2026-01-24T09:15:00,973.6380737975471,973.6380737975471,0
2026-01-24T09:30:00,973.6380737975471,973.6380737975471,0
2026-01-24T09:45:00,973.6380737975471,973.6380737975471,0
2026-01-24T10:00:00,973.6380737975471,973.6380737975471,0
2026-01-24T10:15:00,973.6380737975471,973.6380737975471,0
2026-01-24T10:30:00,973.6380737975471,973.6380737975471,0
2026-01-24T10:45:00,973.6380737975471,973.6380737975471,0
2026-01-24T11:00:00,973.6380737975471,973.6380737975471,0
2026-01-24T11:15:00,973.6380737975471,973.6380737975471,0
2026-01-24T11:30:00,973.6380737975471,973.6380737975471,0
2026-01-24T11:45:00,973.6380737975471,973.6380737975471,0
2026-01-24T12:00:00,973.6380737975471,973.6380737975471,0
2026-01-24T12:15:00,973.6380737975471,973.6380737975471,0
2026-01-24T12:30:00,973.6380737975471,973.6380737975471,0
2026-01-24T12:45:00,973.6380737975471,973.6380737975471,0
2026-01-24T13:00:00,973.6380737975471,973.6380737975471,0
2026-01-24T13:15:00,973.6380737975471,973.6380737975471,0
2026-01-24T13:30:00,973.6380737975471,973.6380737975471,0
2026-01-24T13:45:00,973.6380737975471,973.6380737975471,0
2026-01-24T14:00:00,973.6380737975471,973.6380737975471,0
2026-01-24T14:15:00,973.6380737975471,973.6380737975471,0
2026-01-24T14:30:00,973.6380737975471,973.6380737975471,0
2026-01-24T14:45:00,973.6380737975471,973.6380737975471,0
2026-01-24T15:00:00,973.6380737975471,973.6380737975471,0
2026-01-24T15:15:00,973.6380737975471,973.6380737975471,0
2026-01-24T15:30:00,973.6380737975471,973.6380737975471,0
2026-01-24T15:45:00,973.6380737975471,973.6380737975471,0
2026-01-24T16:00:00,973.6380737975471,973.6380737975471,0
2026-01-24T16:15:00,973.6380737975471,973.6380737975471,0
2026-01-24T16:30:00,973.6380737975471,973.6380737975471,0
2026-01-24T16:45:00,973.6380737975471,973.6380737975471,0
2026-01-24T17:00:00,973.6380737975471,973.6380737975471,0
2026-01-24T17:15:00,973.6380737975471,973.6380737975471,0
2026-01-24T17:30:00,973.6380737975471,973.6380737975471,0
2026-01-24T17:45:00,973.6380737975471,973.6380737975471,0
2026-01-24T18:00:00,973.6380737975471,973.6380737975471,0
2026-01-24T18:15:00,973.6380737975471,973.6380737975471,0
2026-01-24T18:30:00,973.6380737975471,973.6380737975471,0
2026-01-24T18:45:00,973.6380737975471,973.6380737975471,0
2026-01-24T19:00:00,973.6380737975471,973.6380737975471,0
2026-01-24T19:15:00,973.6380737975471,973.6380737975471,0
2026-01-24T19:30:00,973.6380737975471,973.6380737975471,0
2026-01-24T19:45:00,973.6380737975471,973.6380737975471,0
2026-01-24T20:00:00,973.6380737975471,973.6380737975471,0
2026-01-24T20:15:00,973.6380737975471,973.6380737975471,0
2026-01-24T20:30:00,973.6380737975471,973.6380737975471,0
2026-01-24T20:45:00,973.6380737975471,973.6380737975471,0
2026-01-24T21:00:00,973.6380737975471,973.6380737975471,0
2026-01-24T21:15:00,973.6380737975471,973.6380737975471,0
2026-01-24T21:30:00,973.6380737975471,973.6380737975471,0
2026-01-24T21:45:00,973.6380737975471,973.6380737975471,0
2026-01-24T22:00:00,973.6380737975471,973.6380737975471,0
2026-01-24T22:15:00,973.6380737975471,973.6380737975471,0
2026-01-24T22:30:00,973.6380737975471,973.6380737975471,0
2026-01-24T22:45:00,973.6380737975471,973.6380737975471,0
2026-01-24T23:00:00,973.6380737975471,973.6380737975471,0
2026-01-24T23:15:00,973.6380737975471,973.6380737975471,0
2026-01-24T23:30:00,973.6380737975471,973.6380737975471,0
2026-01-24T23:45:00,973.6380737975471,973.6380737975471,0
2026-01-25T00:00:00,973.6380737975471,973.6380737975471,0
2026-01-25T00:15:00,973.6380737975471,973.6380737975471,0
2026-01-25T00:30:00,973.6380737975471,973.6380737975471,0
2026-01-25T00:45:00,973.6380737975471,973.6380737975471,0
2026-01-25T01:00:00,973.6380737975471,973.6380737975471,0
2026-01-25T01:15:00,973.6380737975471,973.6380737975471,0
2026-01-25T01:30:00,973.6380737975471,973.6380737975471,0
2026-01-25T01:45:00,973.6380737975471,973.6380737975471,0
2026-01-25T02:00:00,973.6380737975471,973.6380737975471,0
2026-01-25T02:15:00,973.6380737975471,973.6380737975471,0
2026-01-25T02:30:00,973.6380737975471,973.6380737975471,0
2026-01-25T02:45:00,973.6380737975471,973.6380737975471,0
2026-01-25T03:00:00,973.6380737975471,973.6380737975471,0
2026-01-25T03:15:00,973.6380737975471,973.6380737975471,0
2026-01-25T03:30:00,973.6380737975471,973.6380737975471,0
2026-01-25T03:45:00,973.6380737975471,973.6380737975471,0
2026-01-25T04:00:00,973.6380737975471,973.6380737975471,0
2026-01-25T04:15:00,973.6380737975471,973.6380737975471,0
2026-01-25T04:30:00,973.6380737975471,973.6380737975471,0
2026-01-25T04:45:00,973.6380737975471,973.6380737975471,0
2026-01-25T05:00:00,973.6380737975471,973.6380737975471,0
2026-01-25T05:15:00,973.6380737975471,973.6380737975471,0
2026-01-25T05:30:00,973.6380737975471,973.6380737975471,0
2026-01-25T05:45:00,973.6380737975471,973.6380737975471,0
2026-01-25T06:00:00,973.6380737975471,973.6380737975471,0
2026-01-25T06:15:00,973.6380737975471,973.6380737975471,0
2026-01-25T06:30:00,973.6380737975471,973.6380737975471,0
2026-01-25T06:45:00,973.6380737975471,973.6380737975471,0
2026-01-25T07:00:00,973.6380737975471,973.6380737975471,0
2026-01-25T07:15:00,973.6380737975471,973.6380737975471,0
2026-01-25T07:30:00,973.6380737975471,973.6380737975471,0
2026-01-25T07:45:00,973.6380737975471,973.6380737975471,0
2026-01-25T08:00:00,973.6380737975471,973.6380737975471,0
2026-01-25T08:15:00,973.6380737975471,973.6380737975471,0
2026-01-25T08:30:00,972.6008942601131,837.1106485373598,1
2026-01-25T08:45:00,972.7060656015484,837.1106485373598,1
2026-01-25T09:00:00,972.3351526813426,837.1106485373598,1
2026-01-25T09:15:00,971.6893474718828,837.1106485373598,1
2026-01-25T09:30:00,971.5438017118954,837.1106485373598,1
2026-01-25T09:45:00,972.0978525000207,837.1106485373598,1
2026-01-25T10:00:00,971.5939451321799,837.1106485373598,1
2026-01-25T10:15:00,970.255071925581,970.255071925581,0
2026-01-25T10:30:00,970.255071925581,970.255071925581,0
2026-01-25T10:45:00,970.255071925581,970.255071925581,0
2026-01-25T11:00:00,970.255071925581,970.255071925581,0
2026-01-25T11:15:00,970.255071925581,970.255071925581,0
2026-01-25T11:30:00,970.255071925581,970.255071925581,0
2026-01-25T11:45:00,970.255071925581,970.255071925581,0
2026-01-25T12:00:00,970.255071925581,970.255071925581,0
2026-01-25T12:15:00,970.255071925581,970.255071925581,0
2026-01-25T12:30:00,970.255071925581,970.255071925581,0
2026-01-25T12:45:00,970.255071925581,970.255071925581,0
2026-01-25T13:00:00,970.255071925581,970.255071925581,0
2026-01-25T13:15:00,970.255071925581,970.255071925581,0
2026-01-25T13:30:00,970.255071925581,970.255071925581,0
2026-01-25T13:45:00,970.255071925581,970.255071925581,0
2026-01-25T14:00:00,970.255071925581,970.255071925581,0
2026-01-25T14:15:00,970.255071925581,970.255071925581,0
2026-01-25T14:30:00,970.255071925581,970.255071925581,0
2026-01-25T14:45:00,970.255071925581,970.255071925581,0
2026-01-25T15:00:00,970.255071925581,970.255071925581,0
2026-01-25T15:15:00,970.255071925581,970.255071925581,0
2026-01-25T15:30:00,970.255071925581,970.255071925581,0
2026-01-25T15:45:00,970.255071925581,970.255071925581,0
2026-01-25T16:00:00,970.255071925581,970.255071925581,0
2026-01-25T16:15:00,970.255071925581,970.255071925581,0
2026-01-25T16:30:00,970.255071925581,970.255071925581,0
2026-01-25T16:45:00,970.255071925581,970.255071925581,0
2026-01-25T17:00:00,969.2214961711247,834.2020247198883,1
2026-01-25T17:15:00,969.2969726615087,834.2020247198883,1
2026-01-25T17:30:00,967.5930908910909,834.2020247198883,1
2026-01-25T17:45:00,969.1177159968468,834.2020247198883,1
2026-01-25T18:00:00,971.6386307756708,834.2020247198883,1
2026-01-25T18:15:00,974.6105175845389,834.2020247198883,1
2026-01-25T18:30:00,977.9446915472502,834.2020247198883,1
2026-01-25T18:45:00,975.9521122011138,834.2020247198883,1
2026-01-25T19:00:00,975.7124743441447,834.2020247198883,1
2026-01-25T19:15:00,981.1071564943378,834.2020247198883,1
2026-01-25T19:30:00,980.3901298356902,834.2020247198883,1
2026-01-25T19:45:00,982.5997040916805,834.2020247198883,1
2026-01-25T20:00:00,984.1941449510414,834.2020247198883,1
2026-01-25T20:15:00,984.0205490231584,834.2020247198883,1
2026-01-25T20:30:00,985.3432745171372,834.2020247198883,1
2026-01-25T20:45:00,983.2110636637906,834.2020247198883,1
2026-01-25T21:00:00,981.7336113645246,834.2020247198883,1
2026-01-25T21:15:00,980.9599773380891,834.2020247198883,1
2026-01-25T21:30:00,983.0006280979599,983.0006280979599,0
2026-01-25T21:45:00,983.0006280979599,983.0006280979599,0
2026-01-25T22:00:00,983.0006280979599,983.0006280979599,0
2026-01-25T22:15:00,983.0006280979599,983.0006280979599,0
2026-01-25T22:30:00,983.0006280979599,983.0006280979599,0
2026-01-25T22:45:00,983.0006280979599,983.0006280979599,0
2026-01-25T23:00:00,983.0006280979599,983.0006280979599,0
2026-01-25T23:15:00,983.0006280979599,983.0006280979599,0
2026-01-25T23:30:00,983.0006280979599,983.0006280979599,0
2026-01-25T23:45:00,983.0006280979599,983.0006280979599,0
2026-01-26T00:00:00,983.0006280979599,983.0006280979599,0
2026-01-26T00:15:00,983.0006280979599,983.0006280979599,0
2026-01-26T00:30:00,983.0006280979599,983.0006280979599,0
2026-01-26T00:45:00,983.0006280979599,983.0006280979599,0
2026-01-26T01:00:00,983.0006280979599,983.0006280979599,0
2026-01-26T01:15:00,983.0006280979599,983.0006280979599,0
2026-01-26T01:30:00,983.0006280979599,983.0006280979599,0
2026-01-26T01:45:00,983.0006280979599,983.0006280979599,0
2026-01-26T02:00:00,983.0006280979599,983.0006280979599,0
2026-01-26T02:15:00,983.0006280979599,983.0006280979599,0
2026-01-26T02:30:00,983.0006280979599,983.0006280979599,0
2026-01-26T02:45:00,983.0006280979599,983.0006280979599,0
2026-01-26T03:00:00,983.0006280979599,983.0006280979599,0
2026-01-26T03:15:00,983.0006280979599,983.0006280979599,0
2026-01-26T03:30:00,983.0006280979599,983.0006280979599,0
2026-01-26T03:45:00,983.0006280979599,983.0006280979599,0
2026-01-26T04:00:00,983.0006280979599,983.0006280979599,0
2026-01-26T04:15:00,983.0006280979599,983.0006280979599,0
2026-01-26T04:30:00,983.0006280979599,983.0006280979599,0
2026-01-26T04:45:00,983.0006280979599,983.0006280979599,0
2026-01-26T05:00:00,983.0006280979599,983.0006280979599,0
2026-01-26T05:15:00,983.0006280979599,983.0006280979599,0
2026-01-26T05:30:00,983.0006280979599,983.0006280979599,0
2026-01-26T05:45:00,983.0006280979599,983.0006280979599,0
2026-01-26T06:00:00,983.0006280979599,983.0006280979599,0
2026-01-26T06:15:00,983.0006280979599,983.0006280979599,0
2026-01-26T06:30:00,983.0006280979599,983.0006280979599,0
2026-01-26T06:45:00,983.0006280979599,983.0006280979599,0
2026-01-26T07:00:00,983.0006280979599,983.0006280979599,0
2026-01-26T07:15:00,983.0006280979599,983.0006280979599,0
2026-01-26T07:30:00,983.0006280979599,983.0006280979599,0
2026-01-26T07:45:00,983.0006280979599,983.0006280979599,0
2026-01-26T08:00:00,983.0006280979599,983.0006280979599,0
2026-01-26T08:15:00,983.0006280979599,983.0006280979599,0
2026-01-26T08:30:00,983.0006280979599,983.0006280979599,0
2026-01-26T08:45:00,983.0006280979599,983.0006280979599,0
2026-01-26T09:00:00,983.0006280979599,983.0006280979599,0
2026-01-26T09:15:00,983.0006280979599,983.0006280979599,0
2026-01-26T09:30:00,983.0006280979599,983.0006280979599,0
2026-01-26T09:45:00,983.0006280979599,983.0006280979599,0
2026-01-26T10:00:00,983.0006280979599,983.0006280979599,0
2026-01-26T10:15:00,983.0006280979599,983.0006280979599,0
2026-01-26T10:30:00,983.0006280979599,983.0006280979599,0
2026-01-26T10:45:00,983.0006280979599,983.0006280979599,0
2026-01-26T11:00:00,983.0006280979599,983.0006280979599,0
2026-01-26T11:15:00,983.0006280979599,983.0006280979599,0
2026-01-26T11:30:00,983.0006280979599,983.0006280979599,0
2026-01-26T11:45:00,983.0006280979599,983.0006280979599,0
2026-01-26T12:00:00,983.0006280979599,983.0006280979599,0
2026-01-26T12:15:00,983.0006280979599,983.0006280979599,0
2026-01-26T12:30:00,983.0006280979599,983.0006280979599,0
2026-01-26T12:45:00,983.0006280979599,983.0006280979599,0
2026-01-26T13:00:00,983.0006280979599,983.0006280979599,0
2026-01-26T13:15:00,983.0006280979599,983.0006280979599,0
2026-01-26T13:30:00,983.0006280979599,983.0006280979599,0
2026-01-26T13:45:00,983.0006280979599,983.0006280979599,0
2026-01-26T14:00:00,983.0006280979599,983.0006280979599,0
2026-01-26T14:15:00,983.0006280979599,983.0006280979599,0
2026-01-26T14:30:00,983.0006280979599,983.0006280979599,0
2026-01-26T14:45:00,983.0006280979599,983.0006280979599,0
2026-01-26T15:00:00,983.0006280979599,983.0006280979599,0
2026-01-26T15:15:00,983.0006280979599,983.0006280979599,0
2026-01-26T15:30:00,983.0006280979599,983.0006280979599,0
2026-01-26T15:45:00,983.0006280979599,983.0006280979599,0
2026-01-26T16:00:00,983.0006280979599,983.0006280979599,0
2026-01-26T16:15:00,983.0006280979599,983.0006280979599,0
2026-01-26T16:30:00,983.0006280979599,983.0006280979599,0
2026-01-26T16:45:00,983.0006280979599,983.0006280979599,0
2026-01-26T17:00:00,983.0006280979599,983.0006280979599,0
2026-01-26T17:15:00,983.0006280979599,983.0006280979599,0
2026-01-26T17:30:00,983.0006280979599,983.0006280979599,0
2026-01-26T17:45:00,983.0006280979599,983.0006280979599,0
2026-01-26T18:00:00,983.0006280979599,983.0006280979599,0
2026-01-26T18:15:00,983.0006280979599,983.0006280979599,0
2026-01-26T18:30:00,983.0006280979599,983.0006280979599,0
2026-01-26T18:45:00,983.0006280979599,983.0006280979599,0
2026-01-26T19:00:00,983.0006280979599,983.0006280979599,0
2026-01-26T19:15:00,983.0006280979599,983.0006280979599,0
2026-01-26T19:30:00,983.0006280979599,983.0006280979599,0
2026-01-26T19:45:00,983.0006280979599,983.0006280979599,0
2026-01-26T20:00:00,983.0006280979599,983.0006280979599,0
2026-01-26T20:15:00,983.0006280979599,983.0006280979599,0
2026-01-26T20:30:00,983.0006280979599,983.0006280979599,0
2026-01-26T20:45:00,983.0006280979599,983.0006280979599,0
2026-01-26T21:00:00,983.0006280979599,983.0006280979599,0
2026-01-26T21:15:00,983.0006280979599,983.0006280979599,0
2026-01-26T21:30:00,983.0006280979599,983.0006280979599,0
2026-01-26T21:45:00,983.0006280979599,983.0006280979599,0
2026-01-26T22:00:00,983.0006280979599,983.0006280979599,0
2026-01-26T22:15:00,983.0006280979599,983.0006280979599,0
2026-01-26T22:30:00,983.0006280979599,983.0006280979599,0
2026-01-26T22:45:00,983.0006280979599,983.0006280979599,0
2026-01-26T23:00:00,983.0006280979599,983.0006280979599,0
2026-01-26T23:15:00,983.0006280979599,983.0006280979599,0
2026-01-26T23:30:00,983.0006280979599,983.0006280979599,0
2026-01-26T23:45:00,983.0006280979599,983.0006280979599,0
2026-01-27T00:00:00,983.0006280979599,983.0006280979599,0
2026-01-27T00:15:00,983.0006280979599,983.0006280979599,0
2026-01-27T00:30:00,983.0006280979599,983.0006280979599,0
2026-01-27T00:45:00,983.0006280979599,983.0006280979599,0
2026-01-27T01:00:00,983.0006280979599,983.0006280979599,0
2026-01-27T01:15:00,983.0006280979599,983.0006280979599,0
2026-01-27T01:30:00,983.0006280979599,983.0006280979599,0
2026-01-27T01:45:00,983.0006280979599,983.0006280979599,0
2026-01-27T02:00:00,983.0006280979599,983.0006280979599,0
2026-01-27T02:15:00,983.0006280979599,983.0006280979599,0
2026-01-27T02:30:00,983.0006280979599,983.0006280979599,0
2026-01-27T02:45:00,983.0006280979599,983.0006280979599,0
2026-01-27T03:00:00,983.0006280979599,983.0006280979599,0
2026-01-27T03:15:00,983.0006280979599,983.0006280979599,0
2026-01-27T03:30:00,983.0006280979599,983.0006280979599,0
2026-01-27T03:45:00,983.0006280979599,983.0006280979599,0
2026-01-27T04:00:00,983.0006280979599,983.0006280979599,0
2026-01-27T04:15:00,983.0006280979599,983.0006280979599,0
2026-01-27T04:30:00,983.0006280979599,983.0006280979599,0
2026-01-27T04:45:00,983.0006280979599,983.0006280979599,0
2026-01-27T05:00:00,983.0006280979599,983.0006280979599,0
2026-01-27T05:15:00,983.0006280979599,983.0006280979599,0
2026-01-27T05:30:00,983.0006280979599,983.0006280979599,0
2026-01-27T05:45:00,983.0006280979599,983.0006280979599,0
2026-01-27T06:00:00,983.0006280979599,983.0006280979599,0
2026-01-27T06:15:00,983.0006280979599,983.0006280979599,0
2026-01-27T06:30:00,983.0006280979599,983.0006280979599,0
2026-01-27T06:45:00,983.0006280979599,983.0006280979599,0
2026-01-27T07:00:00,983.0006280979599,983.0006280979599,0
2026-01-27T07:15:00,983.0006280979599,983.0006280979599,0
2026-01-27T07:30:00,983.0006280979599,983.0006280979599,0
2026-01-27T07:45:00,983.0006280979599,983.0006280979599,0
2026-01-27T08:00:00,983.0006280979599,983.0006280979599,0
2026-01-27T08:15:00,983.0006280979599,983.0006280979599,0
2026-01-27T08:30:00,983.0006280979599,983.0006280979599,0
2026-01-27T08:45:00,983.0006280979599,983.0006280979599,0
2026-01-27T09:00:00,983.0006280979599,983.0006280979599,0
2026-01-27T09:15:00,983.0006280979599,983.0006280979599,0
2026-01-27T09:30:00,983.0006280979599,983.0006280979599,0
2026-01-27T09:45:00,983.0006280979599,983.0006280979599,0
2026-01-27T10:00:00,983.0006280979599,983.0006280979599,0
2026-01-27T10:15:00,983.0006280979599,983.0006280979599,0
2026-01-27T10:30:00,983.0006280979599,983.0006280979599,0
2026-01-27T10:45:00,983.0006280979599,983.0006280979599,0
2026-01-27T11:00:00,983.0006280979599,983.0006280979599,0
2026-01-27T11:15:00,983.0006280979599,983.0006280979599,0
2026-01-27T11:30:00,983.0006280979599,983.0006280979599,0
2026-01-27T11:45:00,983.0006280979599,983.0006280979599,0
2026-01-27T12:00:00,983.0006280979599,983.0006280979599,0
2026-01-27T12:15:00,983.0006280979599,983.0006280979599,0
2026-01-27T12:30:00,983.0006280979599,983.0006280979599,0
2026-01-27T12:45:00,983.0006280979599,983.0006280979599,0
2026-01-27T13:00:00,983.0006280979599,983.0006280979599,0
2026-01-27T13:15:00,983.0006280979599,983.0006280979599,0
2026-01-27T13:30:00,983.0006280979599,983.0006280979599,0
2026-01-27T13:45:00,983.0006280979599,983.0006280979599,0
2026-01-27T14:00:00,983.0006280979599,983.0006280979599,0
2026-01-27T14:15:00,983.0006280979599,983.0006280979599,0
2026-01-27T14:30:00,983.0006280979599,983.0006280979599,0
2026-01-27T14:45:00,983.0006280979599,983.0006280979599,0
2026-01-27T15:00:00,983.0006280979599,983.0006280979599,0
2026-01-27T15:15:00,983.0006280979599,983.0006280979599,0
2026-01-27T15:30:00,983.0006280979599,983.0006280979599,0
2026-01-27T15:45:00,983.0006280979599,983.0006280979599,0
2026-01-27T16:00:00,983.0006280979599,983.0006280979599,0
2026-01-27T16:15:00,983.0006280979599,983.0006280979599,0
2026-01-27T16:30:00,983.0006280979599,983.0006280979599,0
2026-01-27T16:45:00,983.0006280979599,983.0006280979599,0
2026-01-27T17:00:00,981.9559521553664,845.1603480235515,1
2026-01-27T17:15:00,979.7442628178252,845.1603480235515,1
2026-01-27T17:30:00,974.471394148142,974.471394148142,0
2026-01-27T17:45:00,974.471394148142,974.471394148142,0
2026-01-27T18:00:00,974.471394148142,974.471394148142,0
2026-01-27T18:15:00,974.471394148142,974.471394148142,0
2026-01-27T18:30:00,974.471394148142,974.471394148142,0
2026-01-27T18:45:00,974.471394148142,974.471394148142,0
2026-01-27T19:00:00,974.471394148142,974.471394148142,0
2026-01-27T19:15:00,974.471394148142,974.471394148142,0
2026-01-27T19:30:00,974.471394148142,974.471394148142,0
2026-01-27T19:45:00,974.471394148142,974.471394148142,0
2026-01-27T20:00:00,974.471394148142,974.471394148142,0
2026-01-27T20:15:00,974.471394148142,974.471394148142,0
2026-01-27T20:30:00,974.471394148142,974.471394148142,0
2026-01-27T20:45:00,974.471394148142,974.471394148142,0
2026-01-27T21:00:00,974.471394148142,974.471394148142,0
2026-01-27T21:15:00,974.471394148142,974.471394148142,0
2026-01-27T21:30:00,974.471394148142,974.471394148142,0
2026-01-27T21:45:00,974.471394148142,974.471394148142,0
2026-01-27T22:00:00,974.471394148142,974.471394148142,0
2026-01-27T22:15:00,974.471394148142,974.471394148142,0
2026-01-27T22:30:00,974.471394148142,974.471394148142,0
2026-01-27T22:45:00,974.471394148142,974.471394148142,0
2026-01-27T23:00:00,974.471394148142,974.471394148142,0
2026-01-27T23:15:00,974.471394148142,974.471394148142,0
2026-01-27T23:30:00,974.471394148142,974.471394148142,0
2026-01-27T23:45:00,974.471394148142,974.471394148142,0
2026-01-28T00:00:00,974.471394148142,974.471394148142,0
2026-01-28T00:15:00,974.471394148142,974.471394148142,0
2026-01-28T00:30:00,974.471394148142,974.471394148142,0
2026-01-28T00:45:00,974.471394148142,974.471394148142,0
2026-01-28T01:00:00,974.471394148142,974.471394148142,0
2026-01-28T01:15:00,974.471394148142,974.471394148142,0
2026-01-28T01:30:00,974.471394148142,974.471394148142,0
2026-01-28T01:45:00,974.471394148142,974.471394148142,0
2026-01-28T02:00:00,974.471394148142,974.471394148142,0
2026-01-28T02:15:00,974.471394148142,974.471394148142,0
2026-01-28T02:30:00,974.471394148142,974.471394148142,0
2026-01-28T02:45:00,974.471394148142,974.471394148142,0
2026-01-28T03:00:00,974.471394148142,974.471394148142,0
2026-01-28T03:15:00,974.471394148142,974.471394148142,0
2026-01-28T03:30:00,974.471394148142,974.471394148142,0
2026-01-28T03:45:00,974.471394148142,974.471394148142,0
2026-01-28T04:00:00,974.471394148142,974.471394148142,0
2026-01-28T04:15:00,974.471394148142,974.471394148142,0
2026-01-28T04:30:00,974.471394148142,974.471394148142,0
2026-01-28T04:45:00,974.471394148142,974.471394148142,0
2026-01-28T05:00:00,974.471394148142,974.471394148142,0
2026-01-28T05:15:00,974.471394148142,974.471394148142,0
2026-01-28T05:30:00,974.471394148142,974.471394148142,0
2026-01-28T05:45:00,974.471394148142,974.471394148142,0
2026-01-28T06:00:00,974.471394148142,974.471394148142,0
2026-01-28T06:15:00,974.471394148142,974.471394148142,0
2026-01-28T06:30:00,974.471394148142,974.471394148142,0
2026-01-28T06:45:00,974.471394148142,974.471394148142,0
2026-01-28T07:00:00,974.471394148142,974.471394148142,0
2026-01-28T07:15:00,974.471394148142,974.471394148142,0
2026-01-28T07:30:00,974.471394148142,974.471394148142,0
2026-01-28T07:45:00,974.471394148142,974.471394148142,0
2026-01-28T08:00:00,974.471394148142,974.471394148142,0
2026-01-28T08:15:00,974.471394148142,974.471394148142,0
2026-01-28T08:30:00,974.471394148142,974.471394148142,0
2026-01-28T08:45:00,974.471394148142,974.471394148142,0
2026-01-28T09:00:00,974.471394148142,974.471394148142,0
2026-01-28T09:15:00,974.471394148142,974.471394148142,0
2026-01-28T09:30:00,974.471394148142,974.471394148142,0
2026-01-28T09:45:00,974.471394148142,974.471394148142,0
2026-01-28T10:00:00,974.471394148142,974.471394148142,0
2026-01-28T10:15:00,974.471394148142,974.471394148142,0
2026-01-28T10:30:00,974.471394148142,974.471394148142,0
2026-01-28T10:45:00,974.471394148142,974.471394148142,0
2026-01-28T11:00:00,974.471394148142,974.471394148142,0
2026-01-28T11:15:00,974.471394148142,974.471394148142,0
2026-01-28T11:30:00,974.471394148142,974.471394148142,0
2026-01-28T11:45:00,973.4357825797325,837.827117375113,1
2026-01-28T12:00:00,972.5215489163902,837.827117375113,1
2026-01-28T12:15:00,972.1515970118644,837.827117375113,1
2026-01-28T12:30:00,972.3996027032567,837.827117375113,1
2026-01-28T12:45:00,972.9439449512664,837.827117375113,1
2026-01-28T13:00:00,974.036198309674,837.827117375113,1
2026-01-28T13:15:00,973.8031334489583,837.827117375113,1
2026-01-28T13:30:00,975.4656789191822,837.827117375113,1
2026-01-28T13:45:00,974.5119458127962,837.827117375113,1
2026-01-28T14:00:00,973.8575737226786,837.827117375113,1
2026-01-28T14:15:00,973.0175602991749,837.827117375113,1
2026-01-28T14:30:00,970.7666344401798,970.7666344401798,0
2026-01-28T14:45:00,970.7666344401798,970.7666344401798,0
2026-01-28T15:00:00,970.7666344401798,970.7666344401798,0
2026-01-28T15:15:00,970.7666344401798,970.7666344401798,0
2026-01-28T15:30:00,970.7666344401798,970.7666344401798,0
2026-01-28T15:45:00,970.7666344401798,970.7666344401798,0
2026-01-28T16:00:00,970.7666344401798,970.7666344401798,0
2026-01-28T16:15:00,970.7666344401798,970.7666344401798,0
2026-01-28T16:30:00,970.7666344401798,970.7666344401798,0
2026-01-28T16:45:00,970.7666344401798,970.7666344401798,0
2026-01-28T17:00:00,970.7666344401798,970.7666344401798,0
2026-01-28T17:15:00,970.7666344401798,970.7666344401798,0
2026-01-28T17:30:00,970.7666344401798,970.7666344401798,0
2026-01-28T17:45:00,970.7666344401798,970.7666344401798,0
2026-01-28T18:00:00,970.7666344401798,970.7666344401798,0
2026-01-28T18:15:00,970.7666344401798,970.7666344401798,0
2026-01-28T18:30:00,970.7666344401798,970.7666344401798,0
2026-01-28T18:45:00,970.7666344401798,970.7666344401798,0
2026-01-28T19:00:00,970.7666344401798,970.7666344401798,0
2026-01-28T19:15:00,970.7666344401798,970.7666344401798,0
2026-01-28T19:30:00,970.7666344401798,970.7666344401798,0
2026-01-28T19:45:00,970.7666344401798,970.7666344401798,0
2026-01-28T20:00:00,970.7666344401798,970.7666344401798,0
2026-01-28T20:15:00,969.7349600750939,834.64185389244,1
2026-01-28T20:30:00,966.0845335977042,966.0845335977042,0
2026-01-28T20:45:00,966.0845335977042,966.0845335977042,0
2026-01-28T21:00:00,966.0845335977042,966.0845335977042,0
2026-01-28T21:15:00,966.0845335977042,966.0845335977042,0
2026-01-28T21:30:00,966.0845335977042,966.0845335977042,0
2026-01-28T21:45:00,966.0845335977042,966.0845335977042,0
2026-01-28T22:00:00,966.0845335977042,966.0845335977042,0
2026-01-28T22:15:00,966.0845335977042,966.0845335977042,0
2026-01-28T22:30:00,966.0845335977042,966.0845335977042,0
2026-01-28T22:45:00,966.0845335977042,966.0845335977042,0
2026-01-28T23:00:00,966.0845335977042,966.0845335977042,0
2026-01-28T23:15:00,966.0845335977042,966.0845335977042,0
2026-01-28T23:30:00,966.0845335977042,966.0845335977042,0
2026-01-28T23:45:00,966.0845335977042,966.0845335977042,0
2026-01-29T00:00:00,966.0845335977042,966.0845335977042,0
2026-01-29T00:15:00,966.0845335977042,966.0845335977042,0
2026-01-29T00:30:00,966.0845335977042,966.0845335977042,0
2026-01-29T00:45:00,966.0845335977042,966.0845335977042,0
2026-01-29T01:00:00,966.0845335977042,966.0845335977042,0
2026-01-29T01:15:00,966.0845335977042,966.0845335977042,0
2026-01-29T01:30:00,966.0845335977042,966.0845335977042,0
2026-01-29T01:45:00,966.0845335977042,966.0845335977042,0
2026-01-29T02:00:00,966.0845335977042,966.0845335977042,0
2026-01-29T02:15:00,966.0845335977042,966.0845335977042,0
2026-01-29T02:30:00,966.0845335977042,966.0845335977042,0
2026-01-29T02:45:00,966.0845335977042,966.0845335977042,0
2026-01-29T03:00:00,966.0845335977042,966.0845335977042,0
2026-01-29T03:15:00,966.0845335977042,966.0845335977042,0
2026-01-29T03:30:00,966.0845335977042,966.0845335977042,0
2026-01-29T03:45:00,966.0845335977042,966.0845335977042,0
2026-01-29T04:00:00,966.0845335977042,966.0845335977042,0
2026-01-29T04:15:00,966.0845335977042,966.0845335977042,0
2026-01-29T04:30:00,966.0845335977042,966.0845335977042,0
2026-01-29T04:45:00,966.0845335977042,966.0845335977042,0
2026-01-29T05:00:00,966.0845335977042,966.0845335977042,0
2026-01-29T05:15:00,966.0845335977042,966.0845335977042,0
2026-01-29T05:30:00,966.0845335977042,966.0845335977042,0
2026-01-29T05:45:00,966.0845335977042,966.0845335977042,0
2026-01-29T06:00:00,966.0845335977042,966.0845335977042,0
2026-01-29T06:15:00,966.0845335977042,966.0845335977042,0
2026-01-29T06:30:00,966.0845335977042,966.0845335977042,0
2026-01-29T06:45:00,966.0845335977042,966.0845335977042,0
2026-01-29T07:00:00,966.0845335977042,966.0845335977042,0
2026-01-29T07:15:00,966.0845335977042,966.0845335977042,0
2026-01-29T07:30:00,966.0845335977042,966.0845335977042,0
2026-01-29T07:45:00,966.0845335977042,966.0845335977042,0
2026-01-29T08:00:00,966.0845335977042,966.0845335977042,0
2026-01-29T08:15:00,966.0845335977042,966.0845335977042,0
2026-01-29T08:30:00,966.0845335977042,966.0845335977042,0
2026-01-29T08:45:00,966.0845335977042,966.0845335977042,0
2026-01-29T09:00:00,966.0845335977042,966.0845335977042,0
2026-01-29T09:15:00,966.0845335977042,966.0845335977042,0
2026-01-29T09:30:00,966.0845335977042,966.0845335977042,0
2026-01-29T09:45:00,966.0845335977042,966.0845335977042,0
2026-01-29T10:00:00,966.0845335977042,966.0845335977042,0
2026-01-29T10:15:00,966.0845335977042,966.0845335977042,0
2026-01-29T10:30:00,966.0845335977042,966.0845335977042,0
2026-01-29T10:45:00,966.0845335977042,966.0845335977042,0
2026-01-29T11:00:00,966.0845335977042,966.0845335977042,0
2026-01-29T11:15:00,965.0554005588011,830.6162959584997,1
2026-01-29T11:30:00,964.4292010296623,830.6162959584997,1
2026-01-29T11:45:00,964.1772390889437,830.6162959584997,1
2026-01-29T12:00:00,963.5417762531607,830.6162959584997,1
2026-01-29T12:15:00,963.8085594845098,830.6162959584997,1
2026-01-29T12:30:00,963.6418199649166,830.6162959584997,1
2026-01-29T12:45:00,962.4371081739545,962.4371081739545,0
2026-01-29T13:00:00,962.4371081739545,962.4371081739545,0
2026-01-29T13:15:00,962.4371081739545,962.4371081739545,0
2026-01-29T13:30:00,962.4371081739545,962.4371081739545,0
2026-01-29T13:45:00,962.4371081739545,962.4371081739545,0
2026-01-29T14:00:00,962.4371081739545,962.4371081739545,0
2026-01-29T14:15:00,962.4371081739545,962.4371081739545,0
2026-01-29T14:30:00,962.4371081739545,962.4371081739545,0
2026-01-29T14:45:00,962.4371081739545,962.4371081739545,0
2026-01-29T15:00:00,962.4371081739545,962.4371081739545,0
2026-01-29T15:15:00,962.4371081739545,962.4371081739545,0
2026-01-29T15:30:00,962.4371081739545,962.4371081739545,0
2026-01-29T15:45:00,962.4371081739545,962.4371081739545,0
2026-01-29T16:00:00,962.4371081739545,962.4371081739545,0
2026-01-29T16:15:00,962.4371081739545,962.4371081739545,0
2026-01-29T16:30:00,962.4371081739545,962.4371081739545,0
2026-01-29T16:45:00,962.4371081739545,962.4371081739545,0
2026-01-29T17:00:00,962.4371081739545,962.4371081739545,0
2026-01-29T17:15:00,962.4371081739545,962.4371081739545,0
2026-01-29T17:30:00,962.4371081739545,962.4371081739545,0
2026-01-29T17:45:00,962.4371081739545,962.4371081739545,0
2026-01-29T18:00:00,962.4371081739545,962.4371081739545,0
2026-01-29T18:15:00,962.4371081739545,962.4371081739545,0
2026-01-29T18:30:00,962.4371081739545,962.4371081739545,0
2026-01-29T18:45:00,962.4371081739545,962.4371081739545,0
2026-01-29T19:00:00,962.4371081739545,962.4371081739545,0
2026-01-29T19:15:00,962.4371081739545,962.4371081739545,0
2026-01-29T19:30:00,962.4371081739545,962.4371081739545,0
2026-01-29T19:45:00,962.4371081739545,962.4371081739545,0
2026-01-29T20:00:00,962.4371081739545,962.4371081739545,0
2026-01-29T20:15:00,962.4371081739545,962.4371081739545,0
2026-01-29T20:30:00,962.4371081739545,962.4371081739545,0
2026-01-29T20:45:00,962.4371081739545,962.4371081739545,0
2026-01-29T21:00:00,962.4371081739545,962.4371081739545,0
2026-01-29T21:15:00,962.4371081739545,962.4371081739545,0
2026-01-29T21:30:00,962.4371081739545,962.4371081739545,0
2026-01-29T21:45:00,962.4371081739545,962.4371081739545,0
2026-01-29T22:00:00,962.4371081739545,962.4371081739545,0
2026-01-29T22:15:00,962.4371081739545,962.4371081739545,0
2026-01-29T22:30:00,962.4371081739545,962.4371081739545,0
2026-01-29T22:45:00,962.4371081739545,962.4371081739545,0
2026-01-29T23:00:00,962.4371081739545,962.4371081739545,0
2026-01-29T23:15:00,962.4371081739545,962.4371081739545,0
2026-01-29T23:30:00,962.4371081739545,962.4371081739545,0
2026-01-29T23:45:00,962.4371081739545,962.4371081739545,0
2026-01-30T00:00:00,962.4371081739545,962.4371081739545,0
2026-01-30T00:15:00,962.4371081739545,962.4371081739545,0
2026-01-30T00:30:00,962.4371081739545,962.4371081739545,0
2026-01-30T00:45:00,962.4371081739545,962.4371081739545,0
2026-01-30T01:00:00,962.4371081739545,962.4371081739545,0
2026-01-30T01:15:00,962.4371081739545,962.4371081739545,0
2026-01-30T01:30:00,962.4371081739545,962.4371081739545,0
2026-01-30T01:45:00,962.4371081739545,962.4371081739545,0
2026-01-30T02:00:00,962.4371081739545,962.4371081739545,0
2026-01-30T02:15:00,962.4371081739545,962.4371081739545,0
2026-01-30T02:30:00,962.4371081739545,962.4371081739545,0
2026-01-30T02:45:00,962.4371081739545,962.4371081739545,0
2026-01-30T03:00:00,962.4371081739545,962.4371081739545,0
2026-01-30T03:15:00,962.4371081739545,962.4371081739545,0
2026-01-30T03:30:00,962.4371081739545,962.4371081739545,0
2026-01-30T03:45:00,962.4371081739545,962.4371081739545,0
2026-01-30T04:00:00,962.4371081739545,962.4371081739545,0
2026-01-30T04:15:00,962.4371081739545,962.4371081739545,0
2026-01-30T04:30:00,962.4371081739545,962.4371081739545,0
2026-01-30T04:45:00,962.4371081739545,962.4371081739545,0
2026-01-30T05:00:00,962.4371081739545,962.4371081739545,0
2026-01-30T05:15:00,962.4371081739545,962.4371081739545,0
2026-01-30T05:30:00,962.4371081739545,962.4371081739545,0
2026-01-30T05:45:00,962.4371081739545,962.4371081739545,0
2026-01-30T06:00:00,962.4371081739545,962.4371081739545,0
2026-01-30T06:15:00,962.4371081739545,962.4371081739545,0
2026-01-30T06:30:00,961.4118605983623,827.4803271173698,1
2026-01-30T06:45:00,959.1368383846072,827.4803271173698,1
2026-01-30T07:00:00,953.268924091769,953.268924091769,0
2026-01-30T07:15:00,953.268924091769,953.268924091769,0
2026-01-30T07:30:00,953.268924091769,953.268924091769,0
2026-01-30T07:45:00,953.268924091769,953.268924091769,0
2026-01-30T08:00:00,953.268924091769,953.268924091769,0
2026-01-30T08:15:00,953.268924091769,953.268924091769,0
2026-01-30T08:30:00,953.268924091769,953.268924091769,0
2026-01-30T08:45:00,953.268924091769,953.268924091769,0
2026-01-30T09:00:00,953.268924091769,953.268924091769,0
2026-01-30T09:15:00,953.268924091769,953.268924091769,0
2026-01-30T09:30:00,953.268924091769,953.268924091769,0
2026-01-30T09:45:00,953.268924091769,953.268924091769,0
2026-01-30T10:00:00,953.268924091769,953.268924091769,0
2026-01-30T10:15:00,953.268924091769,953.268924091769,0
2026-01-30T10:30:00,953.268924091769,953.268924091769,0
2026-01-30T10:45:00,953.268924091769,953.268924091769,0
2026-01-30T11:00:00,953.268924091769,953.268924091769,0
2026-01-30T11:15:00,953.268924091769,953.268924091769,0
2026-01-30T11:30:00,953.268924091769,953.268924091769,0
2026-01-30T11:45:00,953.268924091769,953.268924091769,0
2026-01-30T12:00:00,953.268924091769,953.268924091769,0
2026-01-30T12:15:00,953.268924091769,953.268924091769,0
2026-01-30T12:30:00,953.268924091769,953.268924091769,0
2026-01-30T12:45:00,953.268924091769,953.268924091769,0
2026-01-30T13:00:00,953.268924091769,953.268924091769,0
2026-01-30T13:15:00,953.268924091769,953.268924091769,0
2026-01-30T13:30:00,953.268924091769,953.268924091769,0
2026-01-30T13:45:00,953.268924091769,953.268924091769,0
2026-01-30T14:00:00,953.268924091769,953.268924091769,0
2026-01-30T14:15:00,953.268924091769,953.268924091769,0
2026-01-30T14:30:00,953.268924091769,953.268924091769,0
2026-01-30T14:45:00,953.268924091769,953.268924091769,0
2026-01-30T15:00:00,953.268924091769,953.268924091769,0
2026-01-30T15:15:00,953.268924091769,953.268924091769,0
2026-01-30T15:30:00,953.268924091769,953.268924091769,0
2026-01-30T15:45:00,953.268924091769,953.268924091769,0
2026-01-30T16:00:00,953.268924091769,953.268924091769,0
2026-01-30T16:15:00,953.268924091769,953.268924091769,0
2026-01-30T16:30:00,953.268924091769,953.268924091769,0
2026-01-30T16:45:00,953.268924091769,953.268924091769,0
2026-01-30T17:00:00,953.268924091769,953.268924091769,0
2026-01-30T17:15:00,953.268924091769,953.268924091769,0
2026-01-30T17:30:00,953.268924091769,953.268924091769,0
2026-01-30T17:45:00,953.268924091769,953.268924091769,0
2026-01-30T18:00:00,952.2534430333062,819.5977424799248,1
2026-01-30T18:15:00,957.3903923014745,819.5977424799248,1
2026-01-30T18:30:00,949.7344382496474,819.5977424799248,1
2026-01-30T18:45:00,944.2125718096338,944.2125718096338,0
2026-01-30T19:00:00,944.2125718096338,944.2125718096338,0
2026-01-30T19:15:00,944.2125718096338,944.2125718096338,0
2026-01-30T19:30:00,944.2125718096338,944.2125718096338,0
2026-01-30T19:45:00,944.2125718096338,944.2125718096338,0
2026-01-30T20:00:00,944.2125718096338,944.2125718096338,0
2026-01-30T20:15:00,944.2125718096338,944.2125718096338,0
2026-01-30T20:30:00,944.2125718096338,944.2125718096338,0
2026-01-30T20:45:00,944.2125718096338,944.2125718096338,0
2026-01-30T21:00:00,944.2125718096338,944.2125718096338,0
2026-01-30T21:15:00,944.2125718096338,944.2125718096338,0
2026-01-30T21:30:00,944.2125718096338,944.2125718096338,0
2026-01-30T21:45:00,944.2125718096338,944.2125718096338,0
2026-01-30T22:00:00,944.2125718096338,944.2125718096338,0
2026-01-30T22:15:00,944.2125718096338,944.2125718096338,0
2026-01-30T22:30:00,944.2125718096338,944.2125718096338,0
2026-01-30T22:45:00,944.2125718096338,944.2125718096338,0
2026-01-30T23:00:00,944.2125718096338,944.2125718096338,0
2026-01-30T23:15:00,944.2125718096338,944.2125718096338,0
2026-01-30T23:30:00,944.2125718096338,944.2125718096338,0
2026-01-30T23:45:00,944.2125718096338,944.2125718096338,0
2026-01-31T00:00:00,944.2125718096338,944.2125718096338,0
2026-01-31T00:15:00,944.2125718096338,944.2125718096338,0
2026-01-31T00:30:00,944.2125718096338,944.2125718096338,0
2026-01-31T00:45:00,944.2125718096338,944.2125718096338,0
2026-01-31T01:00:00,944.2125718096338,944.2125718096338,0
2026-01-31T01:15:00,944.2125718096338,944.2125718096338,0
2026-01-31T01:30:00,944.2125718096338,944.2125718096338,0
2026-01-31T01:45:00,944.2125718096338,944.2125718096338,0
2026-01-31T02:00:00,944.2125718096338,944.2125718096338,0
2026-01-31T02:15:00,944.2125718096338,944.2125718096338,0
2026-01-31T02:30:00,944.2125718096338,944.2125718096338,0
2026-01-31T02:45:00,944.2125718096338,944.2125718096338,0
2026-01-31T03:00:00,944.2125718096338,944.2125718096338,0
2026-01-31T03:15:00,944.2125718096338,944.2125718096338,0
2026-01-31T03:30:00,944.2125718096338,944.2125718096338,0
2026-01-31T03:45:00,944.2125718096338,944.2125718096338,0
2026-01-31T04:00:00,944.2125718096338,944.2125718096338,0
2026-01-31T04:15:00,944.2125718096338,944.2125718096338,0
2026-01-31T04:30:00,944.2125718096338,944.2125718096338,0
2026-01-31T04:45:00,944.2125718096338,944.2125718096338,0
2026-01-31T05:00:00,944.2125718096338,944.2125718096338,0
2026-01-31T05:15:00,944.2125718096338,944.2125718096338,0
2026-01-31T05:30:00,944.2125718096338,944.2125718096338,0
2026-01-31T05:45:00,944.2125718096338,944.2125718096338,0
2026-01-31T06:00:00,944.2125718096338,944.2125718096338,0
2026-01-31T06:15:00,944.2125718096338,944.2125718096338,0
2026-01-31T06:30:00,944.2125718096338,944.2125718096338,0
2026-01-31T06:45:00,944.2125718096338,944.2125718096338,0
2026-01-31T07:00:00,944.2125718096338,944.2125718096338,0
2026-01-31T07:15:00,944.2125718096338,944.2125718096338,0
2026-01-31T07:30:00,943.2067381381453,811.8113081401997,1
2026-01-31T07:45:00,942.2129743369501,811.8113081401997,1
2026-01-31T08:00:00,943.6778851195885,811.8113081401997,1
2026-01-31T08:15:00,945.4555741504118,811.8113081401997,1
2026-01-31T08:30:00,951.7507312974257,811.8113081401997,1
2026-01-31T08:45:00,949.3455061610666,811.8113081401997,1
2026-01-31T09:00:00,949.0307483037159,811.8113081401997,1
2026-01-31T09:15:00,950.2264322398154,811.8113081401997,1
2026-01-31T09:30:00,948.0290660658578,811.8113081401997,1
2026-01-31T09:45:00,948.4903150014723,811.8113081401997,1
2026-01-31T10:00:00,949.4246905276957,811.8113081401997,1
2026-01-31T10:15:00,948.79715442216,811.8113081401997,1
2026-01-31T10:30:00,947.1639768604348,811.8113081401997,1
2026-01-31T10:45:00,947.411610332906,947.411610332906,0
2026-01-31T11:00:00,947.411610332906,947.411610332906,0
2026-01-31T11:15:00,947.411610332906,947.411610332906,0
2026-01-31T11:30:00,947.411610332906,947.411610332906,0
2026-01-31T11:45:00,947.411610332906,947.411610332906,0
2026-01-31T12:00:00,947.411610332906,947.411610332906,0
2026-01-31T12:15:00,947.411610332906,947.411610332906,0
2026-01-31T12:30:00,947.411610332906,947.411610332906,0
2026-01-31T12:45:00,947.411610332906,947.411610332906,0
2026-01-31T13:00:00,947.411610332906,947.411610332906,0
2026-01-31T13:15:00,947.411610332906,947.411610332906,0
2026-01-31T13:30:00,947.411610332906,947.411610332906,0
2026-01-31T13:45:00,947.411610332906,947.411610332906,0
2026-01-31T14:00:00,947.411610332906,947.411610332906,0
2026-01-31T14:15:00,947.411610332906,947.411610332906,0
2026-01-31T14:30:00,947.411610332906,947.411610332906,0
2026-01-31T14:45:00,947.411610332906,947.411610332906,0
2026-01-31T15:00:00,947.411610332906,947.411610332906,0
2026-01-31T15:15:00,947.411610332906,947.411610332906,0
2026-01-31T15:30:00,947.411610332906,947.411610332906,0
2026-01-31T15:45:00,947.411610332906,947.411610332906,0
2026-01-31T16:00:00,947.411610332906,947.411610332906,0
2026-01-31T16:15:00,947.411610332906,947.411610332906,0
2026-01-31T16:30:00,947.411610332906,947.411610332906,0
2026-01-31T16:45:00,947.411610332906,947.411610332906,0
2026-01-31T17:00:00,946.4023688475849,814.5617646855845,1
2026-01-31T17:15:00,944.5604009587163,814.5617646855845,1
2026-01-31T17:30:00,945.9945926175501,814.5617646855845,1
2026-01-31T17:45:00,946.0846255118364,814.5617646855845,1
2026-01-31T18:00:00,947.9106219965538,814.5617646855845,1
2026-01-31T18:15:00,949.1642087476873,814.5617646855845,1
2026-01-31T18:30:00,955.2067907080756,814.5617646855845,1
2026-01-31T18:45:00,951.8501002407085,814.5617646855845,1
2026-01-31T19:00:00,950.5841137496433,814.5617646855845,1
2026-01-31T19:15:00,952.2264053916778,814.5617646855845,1
2026-01-31T19:30:00,955.3433900169965,814.5617646855845,1
2026-01-31T19:45:00,953.7934225255401,814.5617646855845,1
2026-01-31T20:00:00,955.261511299513,814.5617646855845,1
2026-01-31T20:15:00,956.2669684722316,814.5617646855845,1
2026-01-31T20:30:00,955.3634048146037,814.5617646855845,1
2026-01-31T20:45:00,951.692805415832,951.692805415832,0
2026-01-31T21:00:00,951.692805415832,951.692805415832,0
2026-01-31T21:15:00,951.692805415832,951.692805415832,0
2026-01-31T21:30:00,951.692805415832,951.692805415832,0
2026-01-31T21:45:00,951.692805415832,951.692805415832,0
2026-01-31T22:00:00,951.692805415832,951.692805415832,0
2026-01-31T22:15:00,951.692805415832,951.692805415832,0
2026-01-31T22:30:00,951.692805415832,951.692805415832,0
2026-01-31T22:45:00,951.692805415832,951.692805415832,0
2026-01-31T23:00:00,951.692805415832,951.692805415832,0
2026-01-31T23:15:00,951.692805415832,951.692805415832,0
2026-01-31T23:30:00,951.692805415832,951.692805415832,0
2026-01-31T23:45:00,951.692805415832,951.692805415832,0
2026-02-01T00:00:00,951.692805415832,951.692805415832,0
2026-02-01T00:15:00,951.692805415832,951.692805415832,0
2026-02-01T00:30:00,951.692805415832,951.692805415832,0
2026-02-01T00:45:00,951.692805415832,951.692805415832,0
2026-02-01T01:00:00,951.692805415832,951.692805415832,0
2026-02-01T01:15:00,951.692805415832,951.692805415832,0
2026-02-01T01:30:00,951.692805415832,951.692805415832,0
2026-02-01T01:45:00,951.692805415832,951.692805415832,0
2026-02-01T02:00:00,951.692805415832,951.692805415832,0
2026-02-01T02:15:00,951.692805415832,951.692805415832,0
2026-02-01T02:30:00,951.692805415832,951.692805415832,0
2026-02-01T02:45:00,951.692805415832,951.692805415832,0
2026-02-01T03:00:00,951.692805415832,951.692805415832,0
2026-02-01T03:15:00,951.692805415832,951.692805415832,0
2026-02-01T03:30:00,951.692805415832,951.692805415832,0
2026-02-01T03:45:00,951.692805415832,951.692805415832,0
2026-02-01T04:00:00,951.692805415832,951.692805415832,0
2026-02-01T04:15:00,951.692805415832,951.692805415832,0
2026-02-01T04:30:00,951.692805415832,951.692805415832,0
2026-02-01T04:45:00,951.692805415832,951.692805415832,0
2026-02-01T05:00:00,951.692805415832,951.692805415832,0
2026-02-01T05:15:00,951.692805415832,951.692805415832,0
2026-02-01T05:30:00,951.692805415832,951.692805415832,0
2026-02-01T05:45:00,951.692805415832,951.692805415832,0
2026-02-01T06:00:00,951.692805415832,951.692805415832,0
2026-02-01T06:15:00,951.692805415832,951.692805415832,0
2026-02-01T06:30:00,950.6790033365332,818.2426334692024,1
2026-02-01T06:45:00,950.7760850413588,818.2426334692024,1
2026-02-01T07:00:00,955.0079648108001,818.2426334692024,1
2026-02-01T07:15:00,953.2803517453816,818.2426334692024,1
2026-02-01T07:30:00,948.0732421229201,818.2426334692024,1
2026-02-01T07:45:00,952.4154420114813,818.2426334692024,1
2026-02-01T08:00:00,952.1175776898574,818.2426334692024,1
2026-02-01T08:15:00,953.8826995957766,818.2426334692024,1
2026-02-01T08:30:00,949.1521728879131,818.2426334692024,1
2026-02-01T08:45:00,952.0337343993262,818.2426334692024,1
2026-02-01T09:00:00,951.0298213153346,818.2426334692024,1
2026-02-01T09:15:00,951.9278270849711,818.2426334692024,1
2026-02-01T09:30:00,948.5725808686598,948.5725808686598,0
2026-02-01T09:45:00,948.5725808686598,948.5725808686598,0
2026-02-01T10:00:00,948.5725808686598,948.5725808686598,0
2026-02-01T10:15:00,948.5725808686598,948.5725808686598,0
2026-02-01T10:30:00,948.5725808686598,948.5725808686598,0
2026-02-01T10:45:00,948.5725808686598,948.5725808686598,0
2026-02-01T11:00:00,948.5725808686598,948.5725808686598,0
2026-02-01T11:15:00,948.5725808686598,948.5725808686598,0
2026-02-01T11:30:00,948.5725808686598,948.5725808686598,0
2026-02-01T11:45:00,948.5725808686598,948.5725808686598,0
2026-02-01T12:00:00,948.5725808686598,948.5725808686598,0
2026-02-01T12:15:00,948.5725808686598,948.5725808686598,0
2026-02-01T12:30:00,948.5725808686598,948.5725808686598,0
2026-02-01T12:45:00,948.5725808686598,948.5725808686598,0
2026-02-01T13:00:00,948.5725808686598,948.5725808686598,0
2026-02-01T13:15:00,948.5725808686598,948.5725808686598,0
2026-02-01T13:30:00,948.5725808686598,948.5725808686598,0
2026-02-01T13:45:00,948.5725808686598,948.5725808686598,0
2026-02-01T14:00:00,948.5725808686598,948.5725808686598,0
2026-02-01T14:15:00,948.5725808686598,948.5725808686598,0
2026-02-01T14:30:00,948.5725808686598,948.5725808686598,0
2026-02-01T14:45:00,948.5725808686598,948.5725808686598,0
2026-02-01T15:00:00,948.5725808686598,948.5725808686598,0
2026-02-01T15:15:00,948.5725808686598,948.5725808686598,0
2026-02-01T15:30:00,948.5725808686598,948.5725808686598,0
2026-02-01T15:45:00,948.5725808686598,948.5725808686598,0
2026-02-01T16:00:00,948.5725808686598,948.5725808686598,0
2026-02-01T16:15:00,948.5725808686598,948.5725808686598,0
2026-02-01T16:30:00,948.5725808686598,948.5725808686598,0
2026-02-01T16:45:00,948.5725808686598,948.5725808686598,0
2026-02-01T17:00:00,948.5725808686598,948.5725808686598,0
2026-02-01T17:15:00,948.5725808686598,948.5725808686598,0
2026-02-01T17:30:00,948.5725808686598,948.5725808686598,0
2026-02-01T17:45:00,948.5725808686598,948.5725808686598,0
2026-02-01T18:00:00,948.5725808686598,948.5725808686598,0
2026-02-01T18:15:00,948.5725808686598,948.5725808686598,0
2026-02-01T18:30:00,948.5725808686598,948.5725808686598,0
2026-02-01T18:45:00,948.5725808686598,948.5725808686598,0
2026-02-01T19:00:00,948.5725808686598,948.5725808686598,0
2026-02-01T19:15:00,948.5725808686598,948.5725808686598,0
2026-02-01T19:30:00,948.5725808686598,948.5725808686598,0
2026-02-01T19:45:00,948.5725808686598,948.5725808686598,0
2026-02-01T20:00:00,948.5725808686598,948.5725808686598,0
2026-02-01T20:15:00,947.5621026456683,815.5599392889328,1
2026-02-01T20:30:00,942.5127150504389,815.5599392889328,1
2026-02-01T20:45:00,944.6880557138891,815.5599392889328,1
2026-02-01T21:00:00,947.1893020612758,815.5599392889328,1
2026-02-01T21:15:00,945.459254838692,815.5599392889328,1
2026-02-01T21:30:00,946.5028744872967,815.5599392889328,1
2026-02-01T21:45:00,948.6908407008694,815.5599392889328,1
2026-02-01T22:00:00,941.566172987873,941.566172987873,0
2026-02-01T22:15:00,941.566172987873,941.566172987873,0
2026-02-01T22:30:00,941.566172987873,941.566172987873,0
2026-02-01T22:45:00,941.566172987873,941.566172987873,0
2026-02-01T23:00:00,940.5631584242026,809.5359979468215,1
2026-02-01T23:15:00,940.8436037289242,809.5359979468215,1
2026-02-01T23:30:00,931.9254430387743,809.5359979468215,1
2026-02-01T23:45:00,938.0882286100335,809.5359979468215,1
2026-02-02T00:00:00,933.2482100593783,809.5359979468215,1
2026-02-02T00:15:00,927.4294279853696,927.4294279853696,0
2026-02-02T00:30:00,927.4294279853696,927.4294279853696,0
2026-02-02T00:45:00,927.4294279853696,927.4294279853696,0
2026-02-02T01:00:00,927.4294279853696,927.4294279853696,0
2026-02-02T01:15:00,927.4294279853696,927.4294279853696,0
2026-02-02T01:30:00,927.4294279853696,927.4294279853696,0
2026-02-02T01:45:00,927.4294279853696,927.4294279853696,0
2026-02-02T02:00:00,927.4294279853696,927.4294279853696,0
2026-02-02T02:15:00,927.4294279853696,927.4294279853696,0
2026-02-02T02:30:00,927.4294279853696,927.4294279853696,0
2026-02-02T02:45:00,927.4294279853696,927.4294279853696,0
2026-02-02T03:00:00,927.4294279853696,927.4294279853696,0
2026-02-02T03:15:00,927.4294279853696,927.4294279853696,0
2026-02-02T03:30:00,927.4294279853696,927.4294279853696,0
2026-02-02T03:45:00,927.4294279853696,927.4294279853696,0
2026-02-02T04:00:00,927.4294279853696,927.4294279853696,0
2026-02-02T04:15:00,927.4294279853696,927.4294279853696,0
2026-02-02T04:30:00,927.4294279853696,927.4294279853696,0
2026-02-02T04:45:00,927.4294279853696,927.4294279853696,0
2026-02-02T05:00:00,927.4294279853696,927.4294279853696,0
2026-02-02T05:15:00,927.4294279853696,927.4294279853696,0
2026-02-02T05:30:00,927.4294279853696,927.4294279853696,0
2026-02-02T05:45:00,927.4294279853696,927.4294279853696,0
2026-02-02T06:00:00,927.4294279853696,927.4294279853696,0
2026-02-02T06:15:00,927.4294279853696,927.4294279853696,0
2026-02-02T06:30:00,927.4294279853696,927.4294279853696,0
2026-02-02T06:45:00,927.4294279853696,927.4294279853696,0
2026-02-02T07:00:00,927.4294279853696,927.4294279853696,0
2026-02-02T07:15:00,927.4294279853696,927.4294279853696,0
2026-02-02T07:30:00,927.4294279853696,927.4294279853696,0
2026-02-02T07:45:00,927.4294279853696,927.4294279853696,0
2026-02-02T08:00:00,927.4294279853696,927.4294279853696,0
2026-02-02T08:15:00,927.4294279853696,927.4294279853696,0
2026-02-02T08:30:00,927.4294279853696,927.4294279853696,0
2026-02-02T08:45:00,927.4294279853696,927.4294279853696,0
2026-02-02T09:00:00,927.4294279853696,927.4294279853696,0
2026-02-02T09:15:00,927.4294279853696,927.4294279853696,0
2026-02-02T09:30:00,927.4294279853696,927.4294279853696,0
2026-02-02T09:45:00,927.4294279853696,927.4294279853696,0
2026-02-02T10:00:00,927.4294279853696,927.4294279853696,0
2026-02-02T10:15:00,927.4294279853696,927.4294279853696,0
2026-02-02T10:30:00,927.4294279853696,927.4294279853696,0
2026-02-02T10:45:00,927.4294279853696,927.4294279853696,0
2026-02-02T11:00:00,927.4294279853696,927.4294279853696,0
2026-02-02T11:15:00,927.4294279853696,927.4294279853696,0
2026-02-02T11:30:00,927.4294279853696,927.4294279853696,0
2026-02-02T11:45:00,927.4294279853696,927.4294279853696,0
2026-02-02T12:00:00,927.4294279853696,927.4294279853696,0
2026-02-02T12:15:00,927.4294279853696,927.4294279853696,0
2026-02-02T12:30:00,927.4294279853696,927.4294279853696,0
2026-02-02T12:45:00,927.4294279853696,927.4294279853696,0
2026-02-02T13:00:00,927.4294279853696,927.4294279853696,0
2026-02-02T13:15:00,927.4294279853696,927.4294279853696,0
2026-02-02T13:30:00,927.4294279853696,927.4294279853696,0
2026-02-02T13:45:00,927.4294279853696,927.4294279853696,0
2026-02-02T14:00:00,927.4294279853696,927.4294279853696,0
2026-02-02T14:15:00,927.4294279853696,927.4294279853696,0
2026-02-02T14:30:00,927.4294279853696,927.4294279853696,0
2026-02-02T14:45:00,927.4294279853696,927.4294279853696,0
2026-02-02T15:00:00,927.4294279853696,927.4294279853696,0
2026-02-02T15:15:00,927.4294279853696,927.4294279853696,0
2026-02-02T15:30:00,927.4294279853696,927.4294279853696,0
2026-02-02T15:45:00,927.4294279853696,927.4294279853696,0
2026-02-02T16:00:00,927.4294279853696,927.4294279853696,0
2026-02-02T16:15:00,927.4294279853696,927.4294279853696,0
2026-02-02T16:30:00,927.4294279853696,927.4294279853696,0
2026-02-02T16:45:00,927.4294279853696,927.4294279853696,0
2026-02-02T17:00:00,927.4294279853696,927.4294279853696,0
2026-02-02T17:15:00,927.4294279853696,927.4294279853696,0
2026-02-02T17:30:00,927.4294279853696,927.4294279853696,0
2026-02-02T17:45:00,927.4294279853696,927.4294279853696,0
2026-02-02T18:00:00,927.4294279853696,927.4294279853696,0
2026-02-02T18:15:00,927.4294279853696,927.4294279853696,0
2026-02-02T18:30:00,927.4294279853696,927.4294279853696,0
2026-02-02T18:45:00,927.4294279853696,927.4294279853696,0
2026-02-02T19:00:00,927.4294279853696,927.4294279853696,0
2026-02-02T19:15:00,927.4294279853696,927.4294279853696,0
2026-02-02T19:30:00,927.4294279853696,927.4294279853696,0
2026-02-02T19:45:00,927.4294279853696,927.4294279853696,0
2026-02-02T20:00:00,927.4294279853696,927.4294279853696,0
2026-02-02T20:15:00,927.4294279853696,927.4294279853696,0
2026-02-02T20:30:00,927.4294279853696,927.4294279853696,0
2026-02-02T20:45:00,927.4294279853696,927.4294279853696,0
2026-02-02T21:00:00,927.4294279853696,927.4294279853696,0
2026-02-02T21:15:00,927.4294279853696,927.4294279853696,0
2026-02-02T21:30:00,927.4294279853696,927.4294279853696,0
2026-02-02T21:45:00,927.4294279853696,927.4294279853696,0
2026-02-02T22:00:00,927.4294279853696,927.4294279853696,0
2026-02-02T22:15:00,927.4294279853696,927.4294279853696,0
2026-02-02T22:30:00,927.4294279853696,927.4294279853696,0
2026-02-02T22:45:00,927.4294279853696,927.4294279853696,0
2026-02-02T23:00:00,927.4294279853696,927.4294279853696,0
2026-02-02T23:15:00,927.4294279853696,927.4294279853696,0
2026-02-02T23:30:00,927.4294279853696,927.4294279853696,0
2026-02-02T23:45:00,927.4294279853696,927.4294279853696,0
2026-02-03T00:00:00,927.4294279853696,927.4294279853696,0
2026-02-03T00:15:00,927.4294279853696,927.4294279853696,0
2026-02-03T00:30:00,927.4294279853696,927.4294279853696,0
2026-02-03T00:45:00,927.4294279853696,927.4294279853696,0
2026-02-03T01:00:00,927.4294279853696,927.4294279853696,0
2026-02-03T01:15:00,927.4294279853696,927.4294279853696,0
2026-02-03T01:30:00,927.4294279853696,927.4294279853696,0
2026-02-03T01:45:00,927.4294279853696,927.4294279853696,0
2026-02-03T02:00:00,927.4294279853696,927.4294279853696,0
2026-02-03T02:15:00,927.4294279853696,927.4294279853696,0
2026-02-03T02:30:00,927.4294279853696,927.4294279853696,0
2026-02-03T02:45:00,927.4294279853696,927.4294279853696,0
2026-02-03T03:00:00,927.4294279853696,927.4294279853696,0
2026-02-03T03:15:00,927.4294279853696,927.4294279853696,0
2026-02-03T03:30:00,927.4294279853696,927.4294279853696,0
2026-02-03T03:45:00,927.4294279853696,927.4294279853696,0
2026-02-03T04:00:00,927.4294279853696,927.4294279853696,0
2026-02-03T04:15:00,927.4294279853696,927.4294279853696,0
2026-02-03T04:30:00,927.4294279853696,927.4294279853696,0
2026-02-03T04:45:00,927.4294279853696,927.4294279853696,0
2026-02-03T05:00:00,927.4294279853696,927.4294279853696,0
2026-02-03T05:15:00,927.4294279853696,927.4294279853696,0
2026-02-03T05:30:00,927.4294279853696,927.4294279853696,0
2026-02-03T05:45:00,927.4294279853696,927.4294279853696,0
2026-02-03T06:00:00,927.4294279853696,927.4294279853696,0
2026-02-03T06:15:00,927.4294279853696,927.4294279853696,0
2026-02-03T06:30:00,927.4294279853696,927.4294279853696,0
2026-02-03T06:45:00,927.4294279853696,927.4294279853696,0
2026-02-03T07:00:00,927.4294279853696,927.4294279853696,0
2026-02-03T07:15:00,927.4294279853696,927.4294279853696,0
2026-02-03T07:30:00,926.443809884856,797.3815638755491,1
2026-02-03T07:45:00,926.1457103582935,797.3815638755491,1
2026-02-03T08:00:00,923.7186279255163,923.7186279255163,0
2026-02-03T08:15:00,923.7186279255163,923.7186279255163,0
2026-02-03T08:30:00,923.7186279255163,923.7186279255163,0
2026-02-03T08:45:00,923.7186279255163,923.7186279255163,0
2026-02-03T09:00:00,922.7346256714816,794.1911070432888,1
2026-02-03T09:15:00,924.829074442671,794.1911070432888,1
2026-02-03T09:30:00,920.258955455482,794.1911070432888,1
2026-02-03T09:45:00,920.6855604056268,794.1911070432888,1
2026-02-03T10:00:00,920.0184228772089,794.1911070432888,1
2026-02-03T10:15:00,920.5630249412235,794.1911070432888,1
2026-02-03T10:30:00,923.397224849366,794.1911070432888,1
2026-02-03T10:45:00,923.0160034045558,794.1911070432888,1
2026-02-03T11:00:00,923.2429209312286,794.1911070432888,1
2026-02-03T11:15:00,925.053722794077,794.1911070432888,1
2026-02-03T11:30:00,923.9327502123137,794.1911070432888,1
2026-02-03T11:45:00,924.1755519658536,794.1911070432888,1
2026-02-03T12:00:00,920.6787528798266,794.1911070432888,1
2026-02-03T12:15:00,919.6667619372994,919.6667619372994,0
2026-02-03T12:30:00,919.6667619372994,919.6667619372994,0
2026-02-03T12:45:00,919.6667619372994,919.6667619372994,0
2026-02-03T13:00:00,919.6667619372994,919.6667619372994,0
2026-02-03T13:15:00,919.6667619372994,919.6667619372994,0
2026-02-03T13:30:00,919.6667619372994,919.6667619372994,0
2026-02-03T13:45:00,919.6667619372994,919.6667619372994,0
2026-02-03T14:00:00,919.6667619372994,919.6667619372994,0
2026-02-03T14:15:00,919.6667619372994,919.6667619372994,0
2026-02-03T14:30:00,919.6667619372994,919.6667619372994,0
2026-02-03T14:45:00,919.6667619372994,919.6667619372994,0
2026-02-03T15:00:00,919.6667619372994,919.6667619372994,0
2026-02-03T15:15:00,919.6667619372994,919.6667619372994,0
2026-02-03T15:30:00,919.6667619372994,919.6667619372994,0
2026-02-03T15:45:00,919.6667619372994,919.6667619372994,0
2026-02-03T16:00:00,919.6667619372994,919.6667619372994,0
2026-02-03T16:15:00,919.6667619372994,919.6667619372994,0
2026-02-03T16:30:00,919.6667619372994,919.6667619372994,0
2026-02-03T16:45:00,919.6667619372994,919.6667619372994,0
2026-02-03T17:00:00,918.6870759816967,790.7074099114035,1
2026-02-03T17:15:00,917.3160332467089,790.7074099114035,1
2026-02-03T17:30:00,922.4423512672603,790.7074099114035,1
2026-02-03T17:45:00,924.0241402093505,790.7074099114035,1
2026-02-03T18:00:00,925.6278691057528,790.7074099114035,1
2026-02-03T18:15:00,929.663457969079,790.7074099114035,1
2026-02-03T18:30:00,932.125502407308,790.7074099114035,1
2026-02-03T18:45:00,936.1296803422559,790.7074099114035,1
2026-02-03T19:00:00,926.296424483732,790.7074099114035,1
2026-02-03T19:15:00,923.9001317719349,790.7074099114035,1
2026-02-03T19:30:00,924.0443086145566,790.7074099114035,1
2026-02-03T19:45:00,923.4830122730364,923.4830122730364,0
2026-02-03T20:00:00,923.4830122730364,923.4830122730364,0
2026-02-03T20:15:00,923.4830122730364,923.4830122730364,0
2026-02-03T20:30:00,923.4830122730364,923.4830122730364,0
2026-02-03T20:45:00,923.4830122730364,923.4830122730364,0
2026-02-03T21:00:00,923.4830122730364,923.4830122730364,0
2026-02-03T21:15:00,923.4830122730364,923.4830122730364,0
2026-02-03T21:30:00,923.4830122730364,923.4830122730364,0
2026-02-03T21:45:00,923.4830122730364,923.4830122730364,0
2026-02-03T22:00:00,923.4830122730364,923.4830122730364,0
2026-02-03T22:15:00,923.4830122730364,923.4830122730364,0
2026-02-03T22:30:00,923.4830122730364,923.4830122730364,0
2026-02-03T22:45:00,923.4830122730364,923.4830122730364,0
2026-02-03T23:00:00,923.4830122730364,923.4830122730364,0
2026-02-03T23:15:00,923.4830122730364,923.4830122730364,0
2026-02-03T23:30:00,923.4830122730364,923.4830122730364,0
2026-02-03T23:45:00,923.4830122730364,923.4830122730364,0
2026-02-04T00:00:00,923.4830122730364,923.4830122730364,0
2026-02-04T00:15:00,923.4830122730364,923.4830122730364,0
2026-02-04T00:30:00,923.4830122730364,923.4830122730364,0
2026-02-04T00:45:00,923.4830122730364,923.4830122730364,0
2026-02-04T01:00:00,923.4830122730364,923.4830122730364,0
2026-02-04T01:15:00,923.4830122730364,923.4830122730364,0
2026-02-04T01:30:00,923.4830122730364,923.4830122730364,0
2026-02-04T01:45:00,923.4830122730364,923.4830122730364,0
2026-02-04T02:00:00,923.4830122730364,923.4830122730364,0
2026-02-04T02:15:00,923.4830122730364,923.4830122730364,0
2026-02-04T02:30:00,923.4830122730364,923.4830122730364,0
2026-02-04T02:45:00,923.4830122730364,923.4830122730364,0
2026-02-04T03:00:00,923.4830122730364,923.4830122730364,0
2026-02-04T03:15:00,923.4830122730364,923.4830122730364,0
2026-02-04T03:30:00,923.4830122730364,923.4830122730364,0
2026-02-04T03:45:00,923.4830122730364,923.4830122730364,0
2026-02-04T04:00:00,923.4830122730364,923.4830122730364,0
2026-02-04T04:15:00,923.4830122730364,923.4830122730364,0
2026-02-04T04:30:00,923.4830122730364,923.4830122730364,0
2026-02-04T04:45:00,923.4830122730364,923.4830122730364,0
2026-02-04T05:00:00,923.4830122730364,923.4830122730364,0
2026-02-04T05:15:00,923.4830122730364,923.4830122730364,0
2026-02-04T05:30:00,923.4830122730364,923.4830122730364,0
2026-02-04T05:45:00,923.4830122730364,923.4830122730364,0
2026-02-04T06:00:00,923.4830122730364,923.4830122730364,0
2026-02-04T06:15:00,923.4830122730364,923.4830122730364,0
2026-02-04T06:30:00,923.4830122730364,923.4830122730364,0
2026-02-04T06:45:00,923.4830122730364,923.4830122730364,0
2026-02-04T07:00:00,923.4830122730364,923.4830122730364,0
2026-02-04T07:15:00,923.4830122730364,923.4830122730364,0
2026-02-04T07:30:00,923.4830122730364,923.4830122730364,0
2026-02-04T07:45:00,923.4830122730364,923.4830122730364,0
2026-02-04T08:00:00,923.4830122730364,923.4830122730364,0
2026-02-04T08:15:00,923.4830122730364,923.4830122730364,0
2026-02-04T08:30:00,923.4830122730364,923.4830122730364,0
2026-02-04T08:45:00,923.4830122730364,923.4830122730364,0
2026-02-04T09:00:00,923.4830122730364,923.4830122730364,0
2026-02-04T09:15:00,923.4830122730364,923.4830122730364,0
2026-02-04T09:30:00,923.4830122730364,923.4830122730364,0
2026-02-04T09:45:00,923.4830122730364,923.4830122730364,0
2026-02-04T10:00:00,923.4830122730364,923.4830122730364,0
2026-02-04T10:15:00,923.4830122730364,923.4830122730364,0
2026-02-04T10:30:00,923.4830122730364,923.4830122730364,0
2026-02-04T10:45:00,923.4830122730364,923.4830122730364,0
2026-02-04T11:00:00,922.4992610113775,793.9885303600621,1
2026-02-04T11:15:00,922.295416496642,793.9885303600621,1
2026-02-04T11:30:00,921.0057447159145,793.9885303600621,1
2026-02-04T11:45:00,921.1337623501687,793.9885303600621,1
2026-02-04T12:00:00,920.4941523664327,793.9885303600621,1
2026-02-04T12:15:00,920.7613225732458,793.9885303600621,1
2026-02-04T12:30:00,920.0397375835842,793.9885303600621,1
2026-02-04T12:45:00,919.6011453869585,919.6011453869585,0
2026-02-04T13:00:00,919.6011453869585,919.6011453869585,0
2026-02-04T13:15:00,919.6011453869585,919.6011453869585,0
2026-02-04T13:30:00,919.6011453869585,919.6011453869585,0
2026-02-04T13:45:00,919.6011453869585,919.6011453869585,0
2026-02-04T14:00:00,919.6011453869585,919.6011453869585,0
2026-02-04T14:15:00,919.6011453869585,919.6011453869585,0
2026-02-04T14:30:00,919.6011453869585,919.6011453869585,0
2026-02-04T14:45:00,919.6011453869585,919.6011453869585,0
2026-02-04T15:00:00,919.6011453869585,919.6011453869585,0
2026-02-04T15:15:00,919.6011453869585,919.6011453869585,0
2026-02-04T15:30:00,919.6011453869585,919.6011453869585,0
2026-02-04T15:45:00,919.6011453869585,919.6011453869585,0
2026-02-04T16:00:00,919.6011453869585,919.6011453869585,0
2026-02-04T16:15:00,919.6011453869585,919.6011453869585,0
2026-02-04T16:30:00,919.6011453869585,919.6011453869585,0
2026-02-04T16:45:00,919.6011453869585,919.6011453869585,0
2026-02-04T17:00:00,919.6011453869585,919.6011453869585,0
2026-02-04T17:15:00,919.6011453869585,919.6011453869585,0
2026-02-04T17:30:00,919.6011453869585,919.6011453869585,0
2026-02-04T17:45:00,919.6011453869585,919.6011453869585,0
2026-02-04T18:00:00,919.6011453869585,919.6011453869585,0
2026-02-04T18:15:00,919.6011453869585,919.6011453869585,0
2026-02-04T18:30:00,919.6011453869585,919.6011453869585,0
2026-02-04T18:45:00,919.6011453869585,919.6011453869585,0
2026-02-04T19:00:00,919.6011453869585,919.6011453869585,0
2026-02-04T19:15:00,919.6011453869585,919.6011453869585,0
2026-02-04T19:30:00,919.6011453869585,919.6011453869585,0
2026-02-04T19:45:00,919.6011453869585,919.6011453869585,0
2026-02-04T20:00:00,919.6011453869585,919.6011453869585,0
2026-02-04T20:15:00,919.6011453869585,919.6011453869585,0
2026-02-04T20:30:00,919.6011453869585,919.6011453869585,0
2026-02-04T20:45:00,919.6011453869585,919.6011453869585,0
2026-02-04T21:00:00,919.6011453869585,919.6011453869585,0
2026-02-04T21:15:00,919.6011453869585,919.6011453869585,0
2026-02-04T21:30:00,919.6011453869585,919.6011453869585,0
2026-02-04T21:45:00,919.6011453869585,919.6011453869585,0
2026-02-04T22:00:00,919.6011453869585,919.6011453869585,0
2026-02-04T22:15:00,919.6011453869585,919.6011453869585,0
2026-02-04T22:30:00,919.6011453869585,919.6011453869585,0
2026-02-04T22:45:00,919.6011453869585,919.6011453869585,0
2026-02-04T23:00:00,919.6011453869585,919.6011453869585,0
2026-02-04T23:15:00,919.6011453869585,919.6011453869585,0
2026-02-04T23:30:00,919.6011453869585,919.6011453869585,0
2026-02-04T23:45:00,919.6011453869585,919.6011453869585,0
2026-02-05T00:00:00,919.6011453869585,919.6011453869585,0
2026-02-05T00:15:00,919.6011453869585,919.6011453869585,0
2026-02-05T00:30:00,919.6011453869585,919.6011453869585,0
2026-02-05T00:45:00,919.6011453869585,919.6011453869585,0
2026-02-05T01:00:00,919.6011453869585,919.6011453869585,0
2026-02-05T01:15:00,919.6011453869585,919.6011453869585,0
2026-02-05T01:30:00,919.6011453869585,919.6011453869585,0
2026-02-05T01:45:00,919.6011453869585,919.6011453869585,0
2026-02-05T02:00:00,919.6011453869585,919.6011453869585,0
2026-02-05T02:15:00,919.6011453869585,919.6011453869585,0
2026-02-05T02:30:00,919.6011453869585,919.6011453869585,0
2026-02-05T02:45:00,919.6011453869585,919.6011453869585,0
2026-02-05T03:00:00,919.6011453869585,919.6011453869585,0
2026-02-05T03:15:00,919.6011453869585,919.6011453869585,0
2026-02-05T03:30:00,919.6011453869585,919.6011453869585,0
2026-02-05T03:45:00,919.6011453869585,919.6011453869585,0
2026-02-05T04:00:00,919.6011453869585,919.6011453869585,0
2026-02-05T04:15:00,919.6011453869585,919.6011453869585,0
2026-02-05T04:30:00,919.6011453869585,919.6011453869585,0
2026-02-05T04:45:00,919.6011453869585,919.6011453869585,0
2026-02-05T05:00:00,919.6011453869585,919.6011453869585,0
2026-02-05T05:15:00,919.6011453869585,919.6011453869585,0
2026-02-05T05:30:00,919.6011453869585,919.6011453869585,0
2026-02-05T05:45:00,919.6011453869585,919.6011453869585,0
2026-02-05T06:00:00,919.6011453869585,919.6011453869585,0
2026-02-05T06:15:00,919.6011453869585,919.6011453869585,0
2026-02-05T06:30:00,919.6011453869585,919.6011453869585,0
2026-02-05T06:45:00,919.6011453869585,919.6011453869585,0
2026-02-05T07:00:00,919.6011453869585,919.6011453869585,0
2026-02-05T07:15:00,919.6011453869585,919.6011453869585,0
2026-02-05T07:30:00,919.6011453869585,919.6011453869585,0
2026-02-05T07:45:00,919.6011453869585,919.6011453869585,0
2026-02-05T08:00:00,919.6011453869585,919.6011453869585,0
2026-02-05T08:15:00,919.6011453869585,919.6011453869585,0
2026-02-05T08:30:00,919.6011453869585,919.6011453869585,0
2026-02-05T08:45:00,919.6011453869585,919.6011453869585,0
2026-02-05T09:00:00,919.6011453869585,919.6011453869585,0
2026-02-05T09:15:00,919.6011453869585,919.6011453869585,0
2026-02-05T09:30:00,919.6011453869585,919.6011453869585,0
2026-02-05T09:45:00,919.6011453869585,919.6011453869585,0
2026-02-05T10:00:00,919.6011453869585,919.6011453869585,0
2026-02-05T10:15:00,919.6011453869585,919.6011453869585,0
2026-02-05T10:30:00,919.6011453869585,919.6011453869585,0
2026-02-05T10:45:00,919.6011453869585,919.6011453869585,0
2026-02-05T11:00:00,918.6215293301664,790.6509943762176,1
2026-02-05T11:15:00,923.2485656315469,790.6509943762176,1
2026-02-05T11:30:00,918.305319695048,790.6509943762176,1
2026-02-05T11:45:00,920.5360798552972,790.6509943762176,1
2026-02-05T12:00:00,922.5988536468896,790.6509943762176,1
2026-02-05T12:15:00,923.0632865484697,790.6509943762176,1
2026-02-05T12:30:00,925.9906960610889,790.6509943762176,1
2026-02-05T12:45:00,924.4862299065023,790.6509943762176,1
2026-02-05T13:00:00,925.7683611613962,790.6509943762176,1
2026-02-05T13:15:00,927.1073113351006,790.6509943762176,1
2026-02-05T13:30:00,926.2945537573355,790.6509943762176,1
2026-02-05T13:45:00,925.8078873657862,790.6509943762176,1
2026-02-05T14:00:00,924.0736751481838,790.6509943762176,1
2026-02-05T14:15:00,921.3019000653494,790.6509943762176,1
2026-02-05T14:30:00,918.5502884451402,918.5502884451402,0
2026-02-05T14:45:00,918.5502884451402,918.5502884451402,0
2026-02-05T15:00:00,918.5502884451402,918.5502884451402,0
2026-02-05T15:15:00,918.5502884451402,918.5502884451402,0
2026-02-05T15:30:00,918.5502884451402,918.5502884451402,0
2026-02-05T15:45:00,918.5502884451402,918.5502884451402,0
2026-02-05T16:00:00,918.5502884451402,918.5502884451402,0
2026-02-05T16:15:00,918.5502884451402,918.5502884451402,0
2026-02-05T16:30:00,918.5502884451402,918.5502884451402,0
2026-02-05T16:45:00,918.5502884451402,918.5502884451402,0
2026-02-05T17:00:00,918.5502884451402,918.5502884451402,0
2026-02-05T17:15:00,918.5502884451402,918.5502884451402,0
2026-02-05T17:30:00,918.5502884451402,918.5502884451402,0
2026-02-05T17:45:00,918.5502884451402,918.5502884451402,0
2026-02-05T18:00:00,918.5502884451402,918.5502884451402,0
2026-02-05T18:15:00,918.5502884451402,918.5502884451402,0
2026-02-05T18:30:00,918.5502884451402,918.5502884451402,0
2026-02-05T18:45:00,918.5502884451402,918.5502884451402,0
2026-02-05T19:00:00,918.5502884451402,918.5502884451402,0
2026-02-05T19:15:00,918.5502884451402,918.5502884451402,0
2026-02-05T19:30:00,918.5502884451402,918.5502884451402,0
2026-02-05T19:45:00,918.5502884451402,918.5502884451402,0
2026-02-05T20:00:00,918.5502884451402,918.5502884451402,0
2026-02-05T20:15:00,918.5502884451402,918.5502884451402,0
2026-02-05T20:30:00,918.5502884451402,918.5502884451402,0
2026-02-05T20:45:00,917.571791826203,789.7474927982088,1
2026-02-05T21:00:00,915.7614445672076,789.7474927982088,1
2026-02-05T21:15:00,914.6454770787857,789.7474927982088,1
2026-02-05T21:30:00,920.5587270297815,789.7474927982088,1
2026-02-05T21:45:00,922.837505086386,789.7474927982088,1
2026-02-05T22:00:00,921.7849135294055,789.7474927982088,1
2026-02-05T22:15:00,915.733889814407,789.7474927982088,1
2026-02-05T22:30:00,915.6190453946151,915.6190453946151,0
2026-02-05T22:45:00,915.6190453946151,915.6190453946151,0
2026-02-05T23:00:00,915.6190453946151,915.6190453946151,0
2026-02-05T23:15:00,915.6190453946151,915.6190453946151,0
2026-02-05T23:30:00,915.6190453946151,915.6190453946151,0
2026-02-05T23:45:00,915.6190453946151,915.6190453946151,0
2026-02-06T00:00:00,915.6190453946151,915.6190453946151,0
2026-02-06T00:15:00,915.6190453946151,915.6190453946151,0
2026-02-06T00:30:00,915.6190453946151,915.6190453946151,0
2026-02-06T00:45:00,915.6190453946151,915.6190453946151,0
2026-02-06T01:00:00,915.6190453946151,915.6190453946151,0
2026-02-06T01:15:00,915.6190453946151,915.6190453946151,0
2026-02-06T01:30:00,915.6190453946151,915.6190453946151,0
2026-02-06T01:45:00,915.6190453946151,915.6190453946151,0
2026-02-06T02:00:00,915.6190453946151,915.6190453946151,0
2026-02-06T02:15:00,915.6190453946151,915.6190453946151,0
2026-02-06T02:30:00,915.6190453946151,915.6190453946151,0
2026-02-06T02:45:00,915.6190453946151,915.6190453946151,0
2026-02-06T03:00:00,915.6190453946151,915.6190453946151,0
2026-02-06T03:15:00,915.6190453946151,915.6190453946151,0
2026-02-06T03:30:00,915.6190453946151,915.6190453946151,0
2026-02-06T03:45:00,915.6190453946151,915.6190453946151,0
2026-02-06T04:00:00,915.6190453946151,915.6190453946151,0
2026-02-06T04:15:00,915.6190453946151,915.6190453946151,0
2026-02-06T04:30:00,915.6190453946151,915.6190453946151,0
2026-02-06T04:45:00,915.6190453946151,915.6190453946151,0
2026-02-06T05:00:00,915.6190453946151,915.6190453946151,0
2026-02-06T05:15:00,915.6190453946151,915.6190453946151,0
2026-02-06T05:30:00,915.6190453946151,915.6190453946151,0
2026-02-06T05:45:00,915.6190453946151,915.6190453946151,0
2026-02-06T06:00:00,915.6190453946151,915.6190453946151,0
2026-02-06T06:15:00,915.6190453946151,915.6190453946151,0
2026-02-06T06:30:00,915.6190453946151,915.6190453946151,0
2026-02-06T06:45:00,915.6190453946151,915.6190453946151,0
2026-02-06T07:00:00,915.6190453946151,915.6190453946151,0
2026-02-06T07:15:00,915.6190453946151,915.6190453946151,0
2026-02-06T07:30:00,915.6190453946151,915.6190453946151,0
2026-02-06T07:45:00,915.6190453946151,915.6190453946151,0
2026-02-06T08:00:00,915.6190453946151,915.6190453946151,0
2026-02-06T08:15:00,914.6436713171984,787.2272803732005,1
2026-02-06T08:30:00,916.3935877253545,787.2272803732005,1
2026-02-06T08:45:00,914.8353679503297,787.2272803732005,1
2026-02-06T09:00:00,911.5847407570883,787.2272803732005,1
2026-02-06T09:15:00,906.2526564857183,906.2526564857183,0
2026-02-06T09:30:00,906.2526564857183,906.2526564857183,0
2026-02-06T09:45:00,906.2526564857183,906.2526564857183,0
2026-02-06T10:00:00,906.2526564857183,906.2526564857183,0
2026-02-06T10:15:00,906.2526564857183,906.2526564857183,0
2026-02-06T10:30:00,906.2526564857183,906.2526564857183,0
2026-02-06T10:45:00,906.2526564857183,906.2526564857183,0
2026-02-06T11:00:00,906.2526564857183,906.2526564857183,0
2026-02-06T11:15:00,906.2526564857183,906.2526564857183,0
2026-02-06T11:30:00,906.2526564857183,906.2526564857183,0
2026-02-06T11:45:00,906.2526564857183,906.2526564857183,0
2026-02-06T12:00:00,906.2526564857183,906.2526564857183,0
2026-02-06T12:15:00,906.2526564857183,906.2526564857183,0
2026-02-06T12:30:00,906.2526564857183,906.2526564857183,0
2026-02-06T12:45:00,906.2526564857183,906.2526564857183,0
2026-02-06T13:00:00,906.2526564857183,906.2526564857183,0
2026-02-06T13:15:00,906.2526564857183,906.2526564857183,0
2026-02-06T13:30:00,906.2526564857183,906.2526564857183,0
2026-02-06T13:45:00,906.2526564857183,906.2526564857183,0
2026-02-06T14:00:00,906.2526564857183,906.2526564857183,0
2026-02-06T14:15:00,906.2526564857183,906.2526564857183,0
2026-02-06T14:30:00,906.2526564857183,906.2526564857183,0
2026-02-06T14:45:00,906.2526564857183,906.2526564857183,0
2026-02-06T15:00:00,906.2526564857183,906.2526564857183,0
2026-02-06T15:15:00,906.2526564857183,906.2526564857183,0
2026-02-06T15:30:00,906.2526564857183,906.2526564857183,0
2026-02-06T15:45:00,906.2526564857183,906.2526564857183,0
2026-02-06T16:00:00,906.2526564857183,906.2526564857183,0
2026-02-06T16:15:00,906.2526564857183,906.2526564857183,0
2026-02-06T16:30:00,906.2526564857183,906.2526564857183,0
2026-02-06T16:45:00,906.2526564857183,906.2526564857183,0
2026-02-06T17:00:00,906.2526564857183,906.2526564857183,0
2026-02-06T17:15:00,905.2895438273125,779.1742839826649,1
2026-02-06T17:30:00,907.534394485511,779.1742839826649,1
2026-02-06T17:45:00,904.5600285643429,779.1742839826649,1
2026-02-06T18:00:00,900.1976252132961,779.1742839826649,1
2026-02-06T18:15:00,897.5586404700703,779.1742839826649,1
2026-02-06T18:30:00,901.5660783408131,779.1742839826649,1
2026-02-06T18:45:00,898.6732120057837,898.6732120057837,0
2026-02-06T19:00:00,898.6732120057837,898.6732120057837,0
2026-02-06T19:15:00,898.6732120057837,898.6732120057837,0
2026-02-06T19:30:00,898.6732120057837,898.6732120057837,0
2026-02-06T19:45:00,898.6732120057837,898.6732120057837,0
2026-02-06T20:00:00,898.6732120057837,898.6732120057837,0
2026-02-06T20:15:00,898.6732120057837,898.6732120057837,0
2026-02-06T20:30:00,898.6732120057837,898.6732120057837,0
2026-02-06T20:45:00,898.6732120057837,898.6732120057837,0
2026-02-06T21:00:00,898.6732120057837,898.6732120057837,0
2026-02-06T21:15:00,898.6732120057837,898.6732120057837,0
2026-02-06T21:30:00,898.6732120057837,898.6732120057837,0
2026-02-06T21:45:00,898.6732120057837,898.6732120057837,0
2026-02-06T22:00:00,898.6732120057837,898.6732120057837,0
2026-02-06T22:15:00,898.6732120057837,898.6732120057837,0
2026-02-06T22:30:00,898.6732120057837,898.6732120057837,0
2026-02-06T22:45:00,898.6732120057837,898.6732120057837,0
2026-02-06T23:00:00,897.7181543405084,772.6576595254847,1
2026-02-06T23:15:00,893.8658820828123,772.6576595254847,1
2026-02-06T23:30:00,894.352194097003,772.6576595254847,1
2026-02-06T23:45:00,893.893225210735,772.6576595254847,1
2026-02-07T00:00:00,891.7128403846525,772.6576595254847,1
2026-02-07T00:15:00,890.5782772110545,772.6576595254847,1
2026-02-07T00:30:00,887.5225215110077,887.5225215110077,0
2026-02-07T00:45:00,887.5225215110077,887.5225215110077,0
2026-02-07T01:00:00,887.5225215110077,887.5225215110077,0
2026-02-07T01:15:00,887.5225215110077,887.5225215110077,0
2026-02-07T01:30:00,887.5225215110077,887.5225215110077,0
2026-02-07T01:45:00,887.5225215110077,887.5225215110077,0
2026-02-07T02:00:00,887.5225215110077,887.5225215110077,0
2026-02-07T02:15:00,887.5225215110077,887.5225215110077,0
2026-02-07T02:30:00,887.5225215110077,887.5225215110077,0
2026-02-07T02:45:00,887.5225215110077,887.5225215110077,0
2026-02-07T03:00:00,887.5225215110077,887.5225215110077,0
2026-02-07T03:15:00,887.5225215110077,887.5225215110077,0
2026-02-07T03:30:00,887.5225215110077,887.5225215110077,0
2026-02-07T03:45:00,887.5225215110077,887.5225215110077,0
2026-02-07T04:00:00,887.5225215110077,887.5225215110077,0
2026-02-07T04:15:00,887.5225215110077,887.5225215110077,0
2026-02-07T04:30:00,887.5225215110077,887.5225215110077,0
2026-02-07T04:45:00,887.5225215110077,887.5225215110077,0
2026-02-07T05:00:00,887.5225215110077,887.5225215110077,0
2026-02-07T05:15:00,887.5225215110077,887.5225215110077,0
2026-02-07T05:30:00,887.5225215110077,887.5225215110077,0
2026-02-07T05:45:00,887.5225215110077,887.5225215110077,0
2026-02-07T06:00:00,887.5225215110077,887.5225215110077,0
2026-02-07T06:15:00,887.5225215110077,887.5225215110077,0
2026-02-07T06:30:00,887.5225215110077,887.5225215110077,0
2026-02-07T06:45:00,887.5225215110077,887.5225215110077,0
2026-02-07T07:00:00,887.5225215110077,887.5225215110077,0
2026-02-07T07:15:00,887.5225215110077,887.5225215110077,0
2026-02-07T07:30:00,887.5225215110077,887.5225215110077,0
2026-02-07T07:45:00,887.5225215110077,887.5225215110077,0
2026-02-07T08:00:00,887.5225215110077,887.5225215110077,0
2026-02-07T08:15:00,887.5225215110077,887.5225215110077,0
2026-02-07T08:30:00,887.5225215110077,887.5225215110077,0
2026-02-07T08:45:00,887.5225215110077,887.5225215110077,0
2026-02-07T09:00:00,887.5225215110077,887.5225215110077,0
2026-02-07T09:15:00,887.5225215110077,887.5225215110077,0
2026-02-07T09:30:00,887.5225215110077,887.5225215110077,0
2026-02-07T09:45:00,887.5225215110077,887.5225215110077,0
2026-02-07T10:00:00,887.5225215110077,887.5225215110077,0
2026-02-07T10:15:00,887.5225215110077,887.5225215110077,0
2026-02-07T10:30:00,887.5225215110077,887.5225215110077,0
2026-02-07T10:45:00,887.5225215110077,887.5225215110077,0
2026-02-07T11:00:00,887.5225215110077,887.5225215110077,0
2026-02-07T11:15:00,887.5225215110077,887.5225215110077,0
2026-02-07T11:30:00,887.5225215110077,887.5225215110077,0
2026-02-07T11:45:00,887.5225215110077,887.5225215110077,0
2026-02-07T12:00:00,887.5225215110077,887.5225215110077,0
2026-02-07T12:15:00,887.5225215110077,887.5225215110077,0
2026-02-07T12:30:00,887.5225215110077,887.5225215110077,0
2026-02-07T12:45:00,887.5225215110077,887.5225215110077,0
2026-02-07T13:00:00,887.5225215110077,887.5225215110077,0
2026-02-07T13:15:00,887.5225215110077,887.5225215110077,0
2026-02-07T13:30:00,887.5225215110077,887.5225215110077,0
2026-02-07T13:45:00,887.5225215110077,887.5225215110077,0
2026-02-07T14:00:00,887.5225215110077,887.5225215110077,0
2026-02-07T14:15:00,887.5225215110077,887.5225215110077,0
2026-02-07T14:30:00,887.5225215110077,887.5225215110077,0
2026-02-07T14:45:00,887.5225215110077,887.5225215110077,0
2026-02-07T15:00:00,887.5225215110077,887.5225215110077,0
2026-02-07T15:15:00,887.5225215110077,887.5225215110077,0
2026-02-07T15:30:00,887.5225215110077,887.5225215110077,0
2026-02-07T15:45:00,887.5225215110077,887.5225215110077,0
2026-02-07T16:00:00,887.5225215110077,887.5225215110077,0
2026-02-07T16:15:00,887.5225215110077,887.5225215110077,0
2026-02-07T16:30:00,887.5225215110077,887.5225215110077,0
2026-02-07T16:45:00,887.5225215110077,887.5225215110077,0
2026-02-07T17:00:00,887.5225215110077,887.5225215110077,0
2026-02-07T17:15:00,887.5225215110077,887.5225215110077,0
2026-02-07T17:30:00,886.5793141515918,763.0705634546481,1
2026-02-07T17:45:00,884.8541861858365,763.0705634546481,1
2026-02-07T18:00:00,886.0826500501853,763.0705634546481,1
2026-02-07T18:15:00,891.8746652231105,763.0705634546481,1
2026-02-07T18:30:00,894.341190325748,763.0705634546481,1
2026-02-07T18:45:00,893.4774266711279,763.0705634546481,1
2026-02-07T19:00:00,891.469176174136,763.0705634546481,1
2026-02-07T19:15:00,892.4433096290687,763.0705634546481,1
2026-02-07T19:30:00,892.8991848912294,763.0705634546481,1
2026-02-07T19:45:00,892.0834081063103,763.0705634546481,1
2026-02-07T20:00:00,891.0972779339522,763.0705634546481,1
2026-02-07T20:15:00,893.223096261712,763.0705634546481,1
2026-02-07T20:30:00,892.9063829216846,763.0705634546481,1
2026-02-07T20:45:00,895.449687015844,763.0705634546481,1
2026-02-07T21:00:00,895.6104430293427,763.0705634546481,1
2026-02-07T21:15:00,895.5720535335818,763.0705634546481,1
2026-02-07T21:30:00,894.9698183188328,763.0705634546481,1
2026-02-07T21:45:00,893.8736185016328,893.8736185016328,0
2026-02-07T22:00:00,893.8736185016328,893.8736185016328,0
2026-02-07T22:15:00,893.8736185016328,893.8736185016328,0
2026-02-07T22:30:00,893.8736185016328,893.8736185016328,0
2026-02-07T22:45:00,893.8736185016328,893.8736185016328,0
2026-02-07T23:00:00,893.8736185016328,893.8736185016328,0
2026-02-07T23:15:00,893.8736185016328,893.8736185016328,0
2026-02-07T23:30:00,893.8736185016328,893.8736185016328,0
2026-02-07T23:45:00,893.8736185016328,893.8736185016328,0
2026-02-08T00:00:00,893.8736185016328,893.8736185016328,0
2026-02-08T00:15:00,893.8736185016328,893.8736185016328,0
2026-02-08T00:30:00,893.8736185016328,893.8736185016328,0
2026-02-08T00:45:00,893.8736185016328,893.8736185016328,0
2026-02-08T01:00:00,893.8736185016328,893.8736185016328,0
2026-02-08T01:15:00,893.8736185016328,893.8736185016328,0
2026-02-08T01:30:00,893.8736185016328,893.8736185016328,0
2026-02-08T01:45:00,893.8736185016328,893.8736185016328,0
2026-02-08T02:00:00,893.8736185016328,893.8736185016328,0
2026-02-08T02:15:00,893.8736185016328,893.8736185016328,0
2026-02-08T02:30:00,893.8736185016328,893.8736185016328,0
2026-02-08T02:45:00,893.8736185016328,893.8736185016328,0
2026-02-08T03:00:00,893.8736185016328,893.8736185016328,0
2026-02-08T03:15:00,893.8736185016328,893.8736185016328,0
2026-02-08T03:30:00,893.8736185016328,893.8736185016328,0
2026-02-08T03:45:00,893.8736185016328,893.8736185016328,0
2026-02-08T04:00:00,893.8736185016328,893.8736185016328,0
2026-02-08T04:15:00,893.8736185016328,893.8736185016328,0
2026-02-08T04:30:00,893.8736185016328,893.8736185016328,0
2026-02-08T04:45:00,893.8736185016328,893.8736185016328,0
2026-02-08T05:00:00,893.8736185016328,893.8736185016328,0
2026-02-08T05:15:00,893.8736185016328,893.8736185016328,0
2026-02-08T05:30:00,893.8736185016328,893.8736185016328,0
2026-02-08T05:45:00,893.8736185016328,893.8736185016328,0
2026-02-08T06:00:00,893.8736185016328,893.8736185016328,0
2026-02-08T06:15:00,893.8736185016328,893.8736185016328,0
2026-02-08T06:30:00,893.8736185016328,893.8736185016328,0
2026-02-08T06:45:00,893.8736185016328,893.8736185016328,0
2026-02-08T07:00:00,893.8736185016328,893.8736185016328,0
2026-02-08T07:15:00,893.8736185016328,893.8736185016328,0
2026-02-08T07:30:00,893.8736185016328,893.8736185016328,0
2026-02-08T07:45:00,893.8736185016328,893.8736185016328,0
2026-02-08T08:00:00,892.9236615654155,768.5310842208598,1
2026-02-08T08:15:00,897.1598726604395,768.5310842208598,1
2026-02-08T08:30:00,898.2658763909496,768.5310842208598,1
2026-02-08T08:45:00,900.4156415285664,768.5310842208598,1
2026-02-08T09:00:00,898.5332958311775,768.5310842208598,1
2026-02-08T09:15:00,898.8936839090147,768.5310842208598,1
2026-02-08T09:30:00,896.5797340036661,768.5310842208598,1
2026-02-08T09:45:00,896.4068625910302,768.5310842208598,1
2026-02-08T10:00:00,897.9751250532522,768.5310842208598,1
2026-02-08T10:15:00,895.9685100804179,768.5310842208598,1
2026-02-08T10:30:00,897.3220472954663,768.5310842208598,1
2026-02-08T10:45:00,897.5499101956766,768.5310842208598,1
2026-02-08T11:00:00,900.1906502465063,768.5310842208598,1
2026-02-08T11:15:00,900.6913886614296,768.5310842208598,1
2026-02-08T11:30:00,902.0979072313474,768.5310842208598,1
2026-02-08T11:45:00,902.8162425115943,768.5310842208598,1
2026-02-08T12:00:00,901.9113956324986,768.5310842208598,1
2026-02-08T12:15:00,902.5283627920471,768.5310842208598,1
2026-02-08T12:30:00,901.0698679336125,768.5310842208598,1
2026-02-08T12:45:00,904.6107884840441,768.5310842208598,1
2026-02-08T13:00:00,903.6491553560302,768.5310842208598,1
2026-02-08T13:15:00,906.0804108628104,768.5310842208598,1
2026-02-08T13:30:00,904.4102059562597,768.5310842208598,1
2026-02-08T13:45:00,906.5119432803162,768.5310842208598,1
2026-02-08T14:00:00,905.5900102732274,768.5310842208598,1
2026-02-08T14:15:00,904.55981726188,768.5310842208598,1
2026-02-08T14:30:00,903.4360264614876,903.4360264614876,0
2026-02-08T14:45:00,903.4360264614876,903.4360264614876,0
2026-02-08T15:00:00,903.4360264614876,903.4360264614876,0
2026-02-08T15:15:00,903.4360264614876,903.4360264614876,0
2026-02-08T15:30:00,903.4360264614876,903.4360264614876,0
2026-02-08T15:45:00,903.4360264614876,903.4360264614876,0
2026-02-08T16:00:00,903.4360264614876,903.4360264614876,0
2026-02-08T16:15:00,903.4360264614876,903.4360264614876,0
2026-02-08T16:30:00,903.4360264614876,903.4360264614876,0
2026-02-08T16:45:00,903.4360264614876,903.4360264614876,0
2026-02-08T17:00:00,903.4360264614876,903.4360264614876,0
2026-02-08T17:15:00,903.4360264614876,903.4360264614876,0
2026-02-08T17:30:00,903.4360264614876,903.4360264614876,0
2026-02-08T17:45:00,903.4360264614876,903.4360264614876,0
2026-02-08T18:00:00,903.4360264614876,903.4360264614876,0
2026-02-08T18:15:00,903.4360264614876,903.4360264614876,0
2026-02-08T18:30:00,903.4360264614876,903.4360264614876,0
2026-02-08T18:45:00,903.4360264614876,903.4360264614876,0
2026-02-08T19:00:00,903.4360264614876,903.4360264614876,0
2026-02-08T19:15:00,903.4360264614876,903.4360264614876,0
2026-02-08T19:30:00,903.4360264614876,903.4360264614876,0
2026-02-08T19:45:00,903.4360264614876,903.4360264614876,0
2026-02-08T20:00:00,903.4360264614876,903.4360264614876,0
2026-02-08T20:15:00,903.4360264614876,903.4360264614876,0
2026-02-08T20:30:00,903.4360264614876,903.4360264614876,0
2026-02-08T20:45:00,903.4360264614876,903.4360264614876,0
2026-02-08T21:00:00,903.4360264614876,903.4360264614876,0
2026-02-08T21:15:00,903.4360264614876,903.4360264614876,0
2026-02-08T21:30:00,903.4360264614876,903.4360264614876,0
2026-02-08T21:45:00,903.4360264614876,903.4360264614876,0
2026-02-08T22:00:00,903.4360264614876,903.4360264614876,0
2026-02-08T22:15:00,903.4360264614876,903.4360264614876,0
2026-02-08T22:30:00,903.4360264614876,903.4360264614876,0
2026-02-08T22:45:00,903.4360264614876,903.4360264614876,0
2026-02-08T23:00:00,903.4360264614876,903.4360264614876,0
2026-02-08T23:15:00,903.4360264614876,903.4360264614876,0
2026-02-08T23:30:00,903.4360264614876,903.4360264614876,0
2026-02-08T23:45:00,903.4360264614876,903.4360264614876,0
2026-02-09T00:00:00,903.4360264614876,903.4360264614876,0
2026-02-09T00:15:00,903.4360264614876,903.4360264614876,0
2026-02-09T00:30:00,903.4360264614876,903.4360264614876,0
2026-02-09T00:45:00,903.4360264614876,903.4360264614876,0
2026-02-09T01:00:00,903.4360264614876,903.4360264614876,0
2026-02-09T01:15:00,903.4360264614876,903.4360264614876,0
2026-02-09T01:30:00,903.4360264614876,903.4360264614876,0
2026-02-09T01:45:00,903.4360264614876,903.4360264614876,0
2026-02-09T02:00:00,903.4360264614876,903.4360264614876,0
2026-02-09T02:15:00,903.4360264614876,903.4360264614876,0
2026-02-09T02:30:00,903.4360264614876,903.4360264614876,0
2026-02-09T02:45:00,903.4360264614876,903.4360264614876,0
2026-02-09T03:00:00,903.4360264614876,903.4360264614876,0
2026-02-09T03:15:00,903.4360264614876,903.4360264614876,0
2026-02-09T03:30:00,903.4360264614876,903.4360264614876,0
2026-02-09T03:45:00,903.4360264614876,903.4360264614876,0
2026-02-09T04:00:00,903.4360264614876,903.4360264614876,0
2026-02-09T04:15:00,903.4360264614876,903.4360264614876,0
2026-02-09T04:30:00,903.4360264614876,903.4360264614876,0
2026-02-09T04:45:00,903.4360264614876,903.4360264614876,0
2026-02-09T05:00:00,903.4360264614876,903.4360264614876,0
2026-02-09T05:15:00,903.4360264614876,903.4360264614876,0
2026-02-09T05:30:00,903.4360264614876,903.4360264614876,0
2026-02-09T05:45:00,903.4360264614876,903.4360264614876,0
2026-02-09T06:00:00,903.4360264614876,903.4360264614876,0
2026-02-09T06:15:00,903.4360264614876,903.4360264614876,0
2026-02-09T06:30:00,903.4360264614876,903.4360264614876,0
2026-02-09T06:45:00,903.4360264614876,903.4360264614876,0
2026-02-09T07:00:00,903.4360264614876,903.4360264614876,0
2026-02-09T07:15:00,903.4360264614876,903.4360264614876,0
2026-02-09T07:30:00,903.4360264614876,903.4360264614876,0
2026-02-09T07:45:00,903.4360264614876,903.4360264614876,0
2026-02-09T08:00:00,902.4736304898801,776.7526130869519,1
2026-02-09T08:15:00,905.8932469359946,776.7526130869519,1
2026-02-09T08:30:00,906.5918782529427,776.7526130869519,1
2026-02-09T08:45:00,906.6163916324848,776.7526130869519,1
2026-02-09T09:00:00,906.8272066965463,776.7526130869519,1
2026-02-09T09:15:00,907.2463854867153,776.7526130869519,1
2026-02-09T09:30:00,908.888781916032,776.7526130869519,1
2026-02-09T09:45:00,908.5284352367639,776.7526130869519,1
2026-02-09T10:00:00,909.1388183873607,776.7526130869519,1
2026-02-09T10:15:00,912.0510078769552,776.7526130869519,1
2026-02-09T10:30:00,913.8331305696615,776.7526130869519,1
2026-02-09T10:45:00,913.3257036131413,776.7526130869519,1
2026-02-09T11:00:00,913.2202960811105,776.7526130869519,1
2026-02-09T11:15:00,912.0902292842225,776.7526130869519,1
2026-02-09T11:30:00,912.1637694228485,776.7526130869519,1
2026-02-09T11:45:00,911.9701137244665,776.7526130869519,1
2026-02-09T12:00:00,909.4279949261511,909.4279949261511,0
2026-02-09T12:15:00,909.4279949261511,909.4279949261511,0
2026-02-09T12:30:00,909.4279949261511,909.4279949261511,0
2026-02-09T12:45:00,909.4279949261511,909.4279949261511,0
2026-02-09T13:00:00,909.4279949261511,909.4279949261511,0
2026-02-09T13:15:00,909.4279949261511,909.4279949261511,0
2026-02-09T13:30:00,909.4279949261511,909.4279949261511,0
2026-02-09T13:45:00,909.4279949261511,909.4279949261511,0
2026-02-09T14:00:00,909.4279949261511,909.4279949261511,0
2026-02-09T14:15:00,909.4279949261511,909.4279949261511,0
2026-02-09T14:30:00,909.4279949261511,909.4279949261511,0
2026-02-09T14:45:00,909.4279949261511,909.4279949261511,0
2026-02-09T15:00:00,909.4279949261511,909.4279949261511,0
2026-02-09T15:15:00,909.4279949261511,909.4279949261511,0
2026-02-09T15:30:00,909.4279949261511,909.4279949261511,0
2026-02-09T15:45:00,909.4279949261511,909.4279949261511,0
2026-02-09T16:00:00,909.4279949261511,909.4279949261511,0
2026-02-09T16:15:00,909.4279949261511,909.4279949261511,0
2026-02-09T16:30:00,909.4279949261511,909.4279949261511,0
2026-02-09T16:45:00,909.4279949261511,909.4279949261511,0
2026-02-09T17:00:00,909.4279949261511,909.4279949261511,0
2026-02-09T17:15:00,909.4279949261511,909.4279949261511,0
2026-02-09T17:30:00,909.4279949261511,909.4279949261511,0
2026-02-09T17:45:00,909.4279949261511,909.4279949261511,0
2026-02-09T18:00:00,908.4615077025787,781.9043637656265,1
2026-02-09T18:15:00,906.1056793902667,781.9043637656265,1
2026-02-09T18:30:00,909.2172861256148,781.9043637656265,1
2026-02-09T18:45:00,909.5377744442441,781.9043637656265,1
2026-02-09T19:00:00,908.3849731787269,781.9043637656265,1
2026-02-09T19:15:00,908.736553647671,781.9043637656265,1
2026-02-09T19:30:00,909.5186408132812,781.9043637656265,1
2026-02-09T19:45:00,909.6980186035587,781.9043637656265,1
2026-02-09T20:00:00,911.931870018482,781.9043637656265,1
2026-02-09T20:15:00,906.9403840410249,781.9043637656265,1
2026-02-09T20:30:00,908.819428171415,908.819428171415,0
2026-02-09T20:45:00,908.819428171415,908.819428171415,0
2026-02-09T21:00:00,908.819428171415,908.819428171415,0
2026-02-09T21:15:00,908.819428171415,908.819428171415,0
2026-02-09T21:30:00,908.819428171415,908.819428171415,0
2026-02-09T21:45:00,908.819428171415,908.819428171415,0
2026-02-09T22:00:00,908.819428171415,908.819428171415,0
2026-02-09T22:15:00,908.819428171415,908.819428171415,0
2026-02-09T22:30:00,908.819428171415,908.819428171415,0
2026-02-09T22:45:00,908.819428171415,908.819428171415,0
2026-02-09T23:00:00,908.819428171415,908.819428171415,0
2026-02-09T23:15:00,908.819428171415,908.819428171415,0
2026-02-09T23:30:00,908.819428171415,908.819428171415,0
2026-02-09T23:45:00,908.819428171415,908.819428171415,0
2026-02-10T00:00:00,908.819428171415,908.819428171415,0
2026-02-10T00:15:00,908.819428171415,908.819428171415,0
2026-02-10T00:30:00,908.819428171415,908.819428171415,0
2026-02-10T00:45:00,908.819428171415,908.819428171415,0
2026-02-10T01:00:00,908.819428171415,908.819428171415,0
2026-02-10T01:15:00,908.819428171415,908.819428171415,0
2026-02-10T01:30:00,908.819428171415,908.819428171415,0
2026-02-10T01:45:00,908.819428171415,908.819428171415,0
2026-02-10T02:00:00,908.819428171415,908.819428171415,0
2026-02-10T02:15:00,908.819428171415,908.819428171415,0
2026-02-10T02:30:00,908.819428171415,908.819428171415,0
2026-02-10T02:45:00,908.819428171415,908.819428171415,0
2026-02-10T03:00:00,908.819428171415,908.819428171415,0
2026-02-10T03:15:00,908.819428171415,908.819428171415,0
2026-02-10T03:30:00,908.819428171415,908.819428171415,0
2026-02-10T03:45:00,908.819428171415,908.819428171415,0
2026-02-10T04:00:00,908.819428171415,908.819428171415,0
2026-02-10T04:15:00,908.819428171415,908.819428171415,0
2026-02-10T04:30:00,908.819428171415,908.819428171415,0
2026-02-10T04:45:00,908.819428171415,908.819428171415,0
2026-02-10T05:00:00,908.819428171415,908.819428171415,0
2026-02-10T05:15:00,908.819428171415,908.819428171415,0
2026-02-10T05:30:00,908.819428171415,908.819428171415,0
2026-02-10T05:45:00,908.819428171415,908.819428171415,0
2026-02-10T06:00:00,908.819428171415,908.819428171415,0
2026-02-10T06:15:00,908.819428171415,908.819428171415,0
2026-02-10T06:30:00,908.819428171415,908.819428171415,0
2026-02-10T06:45:00,907.8512974671121,781.3811326755065,1
2026-02-10T07:00:00,907.1509846019533,781.3811326755065,1
2026-02-10T07:15:00,906.6764972621536,781.3811326755065,1
2026-02-10T07:30:00,907.2372550273714,781.3811326755065,1
2026-02-10T07:45:00,908.1862297069706,781.3811326755065,1
2026-02-10T08:00:00,908.9093788612107,781.3811326755065,1
2026-02-10T08:15:00,907.1865077183019,781.3811326755065,1
2026-02-10T08:30:00,907.8487601016586,781.3811326755065,1
2026-02-10T08:45:00,906.3060419059464,781.3811326755065,1
2026-02-10T09:00:00,904.1845601080729,904.1845601080729,0
2026-02-10T09:15:00,904.1845601080729,904.1845601080729,0
2026-02-10T09:30:00,904.1845601080729,904.1845601080729,0
2026-02-10T09:45:00,904.1845601080729,904.1845601080729,0
2026-02-10T10:00:00,904.1845601080729,904.1845601080729,0
2026-02-10T10:15:00,904.1845601080729,904.1845601080729,0
2026-02-10T10:30:00,904.1845601080729,904.1845601080729,0
2026-02-10T10:45:00,904.1845601080729,904.1845601080729,0
2026-02-10T11:00:00,904.1845601080729,904.1845601080729,0
2026-02-10T11:15:00,904.1845601080729,904.1845601080729,0
2026-02-10T11:30:00,903.2213667520962,777.3961843514785,1
2026-02-10T11:45:00,904.1917606735391,777.3961843514785,1
2026-02-10T12:00:00,903.4424009230916,777.3961843514785,1
2026-02-10T12:15:00,902.5203051465973,777.3961843514785,1
2026-02-10T12:30:00,903.9348352205177,777.3961843514785,1
2026-02-10T12:45:00,903.6370705103765,777.3961843514785,1
2026-02-10T13:00:00,903.8007229403548,777.3961843514785,1
2026-02-10T13:15:00,902.3102797907169,902.3102797907169,0
2026-02-10T13:30:00,902.3102797907169,902.3102797907169,0
2026-02-10T13:45:00,902.3102797907169,902.3102797907169,0
2026-02-10T14:00:00,902.3102797907169,902.3102797907169,0
2026-02-10T14:15:00,902.3102797907169,902.3102797907169,0
2026-02-10T14:30:00,902.3102797907169,902.3102797907169,0
2026-02-10T14:45:00,902.3102797907169,902.3102797907169,0
2026-02-10T15:00:00,902.3102797907169,902.3102797907169,0
2026-02-10T15:15:00,902.3102797907169,902.3102797907169,0
2026-02-10T15:30:00,902.3102797907169,902.3102797907169,0
2026-02-10T15:45:00,902.3102797907169,902.3102797907169,0
2026-02-10T16:00:00,902.3102797907169,902.3102797907169,0
2026-02-10T16:15:00,902.3102797907169,902.3102797907169,0
2026-02-10T16:30:00,902.3102797907169,902.3102797907169,0
2026-02-10T16:45:00,902.3102797907169,902.3102797907169,0
2026-02-10T17:00:00,902.3102797907169,902.3102797907169,0
2026-02-10T17:15:00,902.3102797907169,902.3102797907169,0
2026-02-10T17:30:00,902.3102797907169,902.3102797907169,0
2026-02-10T17:45:00,902.3102797907169,902.3102797907169,0
2026-02-10T18:00:00,902.3102797907169,902.3102797907169,0
2026-02-10T18:15:00,902.3102797907169,902.3102797907169,0
2026-02-10T18:30:00,902.3102797907169,902.3102797907169,0
2026-02-10T18:45:00,902.3102797907169,902.3102797907169,0
2026-02-10T19:00:00,902.3102797907169,902.3102797907169,0
2026-02-10T19:15:00,902.3102797907169,902.3102797907169,0
2026-02-10T19:30:00,902.3102797907169,902.3102797907169,0
2026-02-10T19:45:00,902.3102797907169,902.3102797907169,0
2026-02-10T20:00:00,902.3102797907169,902.3102797907169,0
2026-02-10T20:15:00,902.3102797907169,902.3102797907169,0
2026-02-10T20:30:00,902.3102797907169,902.3102797907169,0
2026-02-10T20:45:00,902.3102797907169,902.3102797907169,0
2026-02-10T21:00:00,902.3102797907169,902.3102797907169,0
2026-02-10T21:15:00,902.3102797907169,902.3102797907169,0
2026-02-10T21:30:00,902.3102797907169,902.3102797907169,0
2026-02-10T21:45:00,902.3102797907169,902.3102797907169,0
2026-02-10T22:00:00,902.3102797907169,902.3102797907169,0
2026-02-10T22:15:00,902.3102797907169,902.3102797907169,0
2026-02-10T22:30:00,902.3102797907169,902.3102797907169,0
2026-02-10T22:45:00,902.3102797907169,902.3102797907169,0
2026-02-10T23:00:00,902.3102797907169,902.3102797907169,0
2026-02-10T23:15:00,902.3102797907169,902.3102797907169,0
2026-02-10T23:30:00,902.3102797907169,902.3102797907169,0
2026-02-10T23:45:00,902.3102797907169,902.3102797907169,0
2026-02-11T00:00:00,902.3102797907169,902.3102797907169,0
2026-02-11T00:15:00,902.3102797907169,902.3102797907169,0
2026-02-11T00:30:00,902.3102797907169,902.3102797907169,0
2026-02-11T00:45:00,902.3102797907169,902.3102797907169,0
2026-02-11T01:00:00,902.3102797907169,902.3102797907169,0
2026-02-11T01:15:00,902.3102797907169,902.3102797907169,0
2026-02-11T01:30:00,902.3102797907169,902.3102797907169,0
2026-02-11T01:45:00,902.3102797907169,902.3102797907169,0
2026-02-11T02:00:00,902.3102797907169,902.3102797907169,0
2026-02-11T02:15:00,902.3102797907169,902.3102797907169,0
2026-02-11T02:30:00,902.3102797907169,902.3102797907169,0
2026-02-11T02:45:00,902.3102797907169,902.3102797907169,0
2026-02-11T03:00:00,902.3102797907169,902.3102797907169,0
2026-02-11T03:15:00,902.3102797907169,902.3102797907169,0
2026-02-11T03:30:00,902.3102797907169,902.3102797907169,0
2026-02-11T03:45:00,902.3102797907169,902.3102797907169,0
2026-02-11T04:00:00,902.3102797907169,902.3102797907169,0
2026-02-11T04:15:00,902.3102797907169,902.3102797907169,0
2026-02-11T04:30:00,902.3102797907169,902.3102797907169,0
2026-02-11T04:45:00,902.3102797907169,902.3102797907169,0
2026-02-11T05:00:00,902.3102797907169,902.3102797907169,0
2026-02-11T05:15:00,902.3102797907169,902.3102797907169,0
2026-02-11T05:30:00,902.3102797907169,902.3102797907169,0
2026-02-11T05:45:00,902.3102797907169,902.3102797907169,0
2026-02-11T06:00:00,902.3102797907169,902.3102797907169,0
2026-02-11T06:15:00,902.3102797907169,902.3102797907169,0
2026-02-11T06:30:00,902.3102797907169,902.3102797907169,0
2026-02-11T06:45:00,902.3102797907169,902.3102797907169,0
2026-02-11T07:00:00,902.3102797907169,902.3102797907169,0
2026-02-11T07:15:00,902.3102797907169,902.3102797907169,0
2026-02-11T07:30:00,902.3102797907169,902.3102797907169,0
2026-02-11T07:45:00,902.3102797907169,902.3102797907169,0
2026-02-11T08:00:00,902.3102797907169,902.3102797907169,0
2026-02-11T08:15:00,902.3102797907169,902.3102797907169,0
2026-02-11T08:30:00,902.3102797907169,902.3102797907169,0
2026-02-11T08:45:00,902.3102797907169,902.3102797907169,0
2026-02-11T09:00:00,902.3102797907169,902.3102797907169,0
2026-02-11T09:15:00,902.3102797907169,902.3102797907169,0
2026-02-11T09:30:00,902.3102797907169,902.3102797907169,0
2026-02-11T09:45:00,902.3102797907169,902.3102797907169,0
2026-02-11T10:00:00,902.3102797907169,902.3102797907169,0
2026-02-11T10:15:00,902.3102797907169,902.3102797907169,0
2026-02-11T10:30:00,902.3102797907169,902.3102797907169,0
2026-02-11T10:45:00,902.3102797907169,902.3102797907169,0
2026-02-11T11:00:00,902.3102797907169,902.3102797907169,0
2026-02-11T11:15:00,902.3102797907169,902.3102797907169,0
2026-02-11T11:30:00,902.3102797907169,902.3102797907169,0
2026-02-11T11:45:00,902.3102797907169,902.3102797907169,0
2026-02-11T12:00:00,902.3102797907169,902.3102797907169,0
2026-02-11T12:15:00,902.3102797907169,902.3102797907169,0
2026-02-11T12:30:00,902.3102797907169,902.3102797907169,0
2026-02-11T12:45:00,902.3102797907169,902.3102797907169,0
2026-02-11T13:00:00,902.3102797907169,902.3102797907169,0
2026-02-11T13:15:00,902.3102797907169,902.3102797907169,0
2026-02-11T13:30:00,902.3102797907169,902.3102797907169,0
2026-02-11T13:45:00,902.3102797907169,902.3102797907169,0
2026-02-11T14:00:00,902.3102797907169,902.3102797907169,0
2026-02-11T14:15:00,902.3102797907169,902.3102797907169,0
2026-02-11T14:30:00,902.3102797907169,902.3102797907169,0
2026-02-11T14:45:00,902.3102797907169,902.3102797907169,0
2026-02-11T15:00:00,902.3102797907169,902.3102797907169,0
2026-02-11T15:15:00,902.3102797907169,902.3102797907169,0
2026-02-11T15:30:00,902.3102797907169,902.3102797907169,0
2026-02-11T15:45:00,902.3102797907169,902.3102797907169,0
2026-02-11T16:00:00,902.3102797907169,902.3102797907169,0
2026-02-11T16:15:00,902.3102797907169,902.3102797907169,0
2026-02-11T16:30:00,902.3102797907169,902.3102797907169,0
2026-02-11T16:45:00,902.3102797907169,902.3102797907169,0
2026-02-11T17:00:00,902.3102797907169,902.3102797907169,0
2026-02-11T17:15:00,902.3102797907169,902.3102797907169,0
2026-02-11T17:30:00,902.3102797907169,902.3102797907169,0
2026-02-11T17:45:00,902.3102797907169,902.3102797907169,0
2026-02-11T18:00:00,902.3102797907169,902.3102797907169,0
2026-02-11T18:15:00,902.3102797907169,902.3102797907169,0
2026-02-11T18:30:00,902.3102797907169,902.3102797907169,0
2026-02-11T18:45:00,902.3102797907169,902.3102797907169,0
2026-02-11T19:00:00,902.3102797907169,902.3102797907169,0
2026-02-11T19:15:00,902.3102797907169,902.3102797907169,0
2026-02-11T19:30:00,902.3102797907169,902.3102797907169,0
2026-02-11T19:45:00,902.3102797907169,902.3102797907169,0
2026-02-11T20:00:00,902.3102797907169,902.3102797907169,0
2026-02-11T20:15:00,902.3102797907169,902.3102797907169,0
2026-02-11T20:30:00,902.3102797907169,902.3102797907169,0
2026-02-11T20:45:00,902.3102797907169,902.3102797907169,0
2026-02-11T21:00:00,902.3102797907169,902.3102797907169,0
2026-02-11T21:15:00,902.3102797907169,902.3102797907169,0
2026-02-11T21:30:00,902.3102797907169,902.3102797907169,0
2026-02-11T21:45:00,902.3102797907169,902.3102797907169,0
2026-02-11T22:00:00,902.3102797907169,902.3102797907169,0
2026-02-11T22:15:00,902.3102797907169,902.3102797907169,0
2026-02-11T22:30:00,902.3102797907169,902.3102797907169,0
2026-02-11T22:45:00,902.3102797907169,902.3102797907169,0
2026-02-11T23:00:00,902.3102797907169,902.3102797907169,0
2026-02-11T23:15:00,902.3102797907169,902.3102797907169,0
2026-02-11T23:30:00,902.3102797907169,902.3102797907169,0
2026-02-11T23:45:00,901.3490830341387,775.7847231173434,1
2026-02-12T00:00:00,897.8045402268771,897.8045402268771,0
2026-02-12T00:15:00,897.8045402268771,897.8045402268771,0
2026-02-12T00:30:00,897.8045402268771,897.8045402268771,0
2026-02-12T00:45:00,897.8045402268771,897.8045402268771,0
2026-02-12T01:00:00,897.8045402268771,897.8045402268771,0
2026-02-12T01:15:00,897.8045402268771,897.8045402268771,0
2026-02-12T01:30:00,897.8045402268771,897.8045402268771,0
2026-02-12T01:45:00,897.8045402268771,897.8045402268771,0
2026-02-12T02:00:00,897.8045402268771,897.8045402268771,0
2026-02-12T02:15:00,897.8045402268771,897.8045402268771,0
2026-02-12T02:30:00,897.8045402268771,897.8045402268771,0
2026-02-12T02:45:00,897.8045402268771,897.8045402268771,0
2026-02-12T03:00:00,897.8045402268771,897.8045402268771,0
2026-02-12T03:15:00,897.8045402268771,897.8045402268771,0
2026-02-12T03:30:00,897.8045402268771,897.8045402268771,0
2026-02-12T03:45:00,897.8045402268771,897.8045402268771,0
2026-02-12T04:00:00,897.8045402268771,897.8045402268771,0
2026-02-12T04:15:00,897.8045402268771,897.8045402268771,0
2026-02-12T04:30:00,897.8045402268771,897.8045402268771,0
2026-02-12T04:45:00,897.8045402268771,897.8045402268771,0
2026-02-12T05:00:00,897.8045402268771,897.8045402268771,0
2026-02-12T05:15:00,897.8045402268771,897.8045402268771,0
2026-02-12T05:30:00,897.8045402268771,897.8045402268771,0
2026-02-12T05:45:00,897.8045402268771,897.8045402268771,0
2026-02-12T06:00:00,897.8045402268771,897.8045402268771,0
2026-02-12T06:15:00,897.8045402268771,897.8045402268771,0
2026-02-12T06:30:00,897.8045402268771,897.8045402268771,0
2026-02-12T06:45:00,897.8045402268771,897.8045402268771,0
2026-02-12T07:00:00,897.8045402268771,897.8045402268771,0
2026-02-12T07:15:00,897.8045402268771,897.8045402268771,0
2026-02-12T07:30:00,897.8045402268771,897.8045402268771,0
2026-02-12T07:45:00,897.8045402268771,897.8045402268771,0
2026-02-12T08:00:00,897.8045402268771,897.8045402268771,0
2026-02-12T08:15:00,897.8045402268771,897.8045402268771,0
2026-02-12T08:30:00,897.8045402268771,897.8045402268771,0
2026-02-12T08:45:00,897.8045402268771,897.8045402268771,0
2026-02-12T09:00:00,897.8045402268771,897.8045402268771,0
2026-02-12T09:15:00,897.8045402268771,897.8045402268771,0
2026-02-12T09:30:00,897.8045402268771,897.8045402268771,0
2026-02-12T09:45:00,897.8045402268771,897.8045402268771,0
2026-02-12T10:00:00,897.8045402268771,897.8045402268771,0
2026-02-12T10:15:00,897.8045402268771,897.8045402268771,0
2026-02-12T10:30:00,897.8045402268771,897.8045402268771,0
2026-02-12T10:45:00,897.8045402268771,897.8045402268771,0
2026-02-12T11:00:00,896.8504057354871,771.9107963781034,1
2026-02-12T11:15:00,899.2889770382743,771.9107963781034,1
2026-02-12T11:30:00,898.1151306037029,771.9107963781034,1
2026-02-12T11:45:00,896.9412841691314,771.9107963781034,1
2026-02-12T12:00:00,896.3404767467056,771.9107963781034,1
2026-02-12T12:15:00,895.8860845784843,771.9107963781034,1
2026-02-12T12:30:00,894.9647365015525,894.9647365015525,0
2026-02-12T12:45:00,894.9647365015525,894.9647365015525,0
2026-02-12T13:00:00,894.9647365015525,894.9647365015525,0
2026-02-12T13:15:00,894.9647365015525,894.9647365015525,0
2026-02-12T13:30:00,894.9647365015525,894.9647365015525,0
2026-02-12T13:45:00,894.9647365015525,894.9647365015525,0
2026-02-12T14:00:00,894.9647365015525,894.9647365015525,0
2026-02-12T14:15:00,894.9647365015525,894.9647365015525,0
2026-02-12T14:30:00,894.9647365015525,894.9647365015525,0
2026-02-12T14:45:00,894.9647365015525,894.9647365015525,0
2026-02-12T15:00:00,894.9647365015525,894.9647365015525,0
2026-02-12T15:15:00,894.9647365015525,894.9647365015525,0
2026-02-12T15:30:00,894.9647365015525,894.9647365015525,0
2026-02-12T15:45:00,894.9647365015525,894.9647365015525,0
2026-02-12T16:00:00,894.9647365015525,894.9647365015525,0
2026-02-12T16:15:00,894.9647365015525,894.9647365015525,0
2026-02-12T16:30:00,894.9647365015525,894.9647365015525,0
2026-02-12T16:45:00,894.9647365015525,894.9647365015525,0
2026-02-12T17:00:00,894.0113646723225,769.4692012903588,1
2026-02-12T17:15:00,891.042080163211,769.4692012903588,1
2026-02-12T17:30:00,892.1968867510308,769.4692012903588,1
2026-02-12T17:45:00,896.5031509731548,769.4692012903588,1
2026-02-12T18:00:00,894.3646400496344,769.4692012903588,1
2026-02-12T18:15:00,897.3428576080534,769.4692012903588,1
2026-02-12T18:30:00,896.3595350265967,769.4692012903588,1
2026-02-12T18:45:00,895.1520463531178,769.4692012903588,1
2026-02-12T19:00:00,896.2391297380684,769.4692012903588,1
2026-02-12T19:15:00,893.708633556904,769.4692012903588,1
2026-02-12T19:30:00,891.7857498313238,891.7857498313238,0
2026-02-12T19:45:00,891.7857498313238,891.7857498313238,0
2026-02-12T20:00:00,891.7857498313238,891.7857498313238,0
2026-02-12T20:15:00,891.7857498313238,891.7857498313238,0
2026-02-12T20:30:00,891.7857498313238,891.7857498313238,0
2026-02-12T20:45:00,891.7857498313238,891.7857498313238,0
2026-02-12T21:00:00,891.7857498313238,891.7857498313238,0
2026-02-12T21:15:00,891.7857498313238,891.7857498313238,0
2026-02-12T21:30:00,891.7857498313238,891.7857498313238,0
2026-02-12T21:45:00,891.7857498313238,891.7857498313238,0
2026-02-12T22:00:00,891.7857498313238,891.7857498313238,0
2026-02-12T22:15:00,891.7857498313238,891.7857498313238,0
2026-02-12T22:30:00,891.7857498313238,891.7857498313238,0
2026-02-12T22:45:00,891.7857498313238,891.7857498313238,0
2026-02-12T23:00:00,891.7857498313238,891.7857498313238,0
2026-02-12T23:15:00,891.7857498313238,891.7857498313238,0
2026-02-12T23:30:00,891.7857498313238,891.7857498313238,0
2026-02-12T23:45:00,891.7857498313238,891.7857498313238,0
2026-02-13T00:00:00,891.7857498313238,891.7857498313238,0
2026-02-13T00:15:00,891.7857498313238,891.7857498313238,0
2026-02-13T00:30:00,891.7857498313238,891.7857498313238,0
2026-02-13T00:45:00,891.7857498313238,891.7857498313238,0
2026-02-13T01:00:00,891.7857498313238,891.7857498313238,0
2026-02-13T01:15:00,891.7857498313238,891.7857498313238,0
2026-02-13T01:30:00,891.7857498313238,891.7857498313238,0
2026-02-13T01:45:00,891.7857498313238,891.7857498313238,0
2026-02-13T02:00:00,891.7857498313238,891.7857498313238,0
2026-02-13T02:15:00,891.7857498313238,891.7857498313238,0
2026-02-13T02:30:00,891.7857498313238,891.7857498313238,0
2026-02-13T02:45:00,891.7857498313238,891.7857498313238,0
2026-02-13T03:00:00,891.7857498313238,891.7857498313238,0
2026-02-13T03:15:00,891.7857498313238,891.7857498313238,0
2026-02-13T03:30:00,891.7857498313238,891.7857498313238,0
2026-02-13T03:45:00,891.7857498313238,891.7857498313238,0
2026-02-13T04:00:00,891.7857498313238,891.7857498313238,0
2026-02-13T04:15:00,891.7857498313238,891.7857498313238,0
2026-02-13T04:30:00,891.7857498313238,891.7857498313238,0
2026-02-13T04:45:00,891.7857498313238,891.7857498313238,0
2026-02-13T05:00:00,891.7857498313238,891.7857498313238,0
2026-02-13T05:15:00,891.7857498313238,891.7857498313238,0
2026-02-13T05:30:00,891.7857498313238,891.7857498313238,0
2026-02-13T05:45:00,891.7857498313238,891.7857498313238,0
2026-02-13T06:00:00,890.8357644554513,766.7359848469762,1
2026-02-13T06:15:00,891.8928913310519,766.7359848469762,1
2026-02-13T06:30:00,892.1875428318306,766.7359848469762,1
2026-02-13T06:45:00,890.4480651123215,766.7359848469762,1
2026-02-13T07:00:00,887.4080941548643,887.4080941548643,0
2026-02-13T07:15:00,887.4080941548643,887.4080941548643,0
2026-02-13T07:30:00,886.4627721287641,762.9721815600926,1
2026-02-13T07:45:00,885.849755490357,762.9721815600926,1
2026-02-13T08:00:00,885.4635060872503,762.9721815600926,1
2026-02-13T08:15:00,883.9075430898873,883.9075430898873,0
2026-02-13T08:30:00,883.9075430898873,883.9075430898873,0
2026-02-13T08:45:00,883.9075430898873,883.9075430898873,0
2026-02-13T09:00:00,883.9075430898873,883.9075430898873,0
2026-02-13T09:15:00,883.9075430898873,883.9075430898873,0
2026-02-13T09:30:00,883.9075430898873,883.9075430898873,0
2026-02-13T09:45:00,883.9075430898873,883.9075430898873,0
2026-02-13T10:00:00,883.9075430898873,883.9075430898873,0
2026-02-13T10:15:00,883.9075430898873,883.9075430898873,0
2026-02-13T10:30:00,883.9075430898873,883.9075430898873,0
2026-02-13T10:45:00,883.9075430898873,883.9075430898873,0
2026-02-13T11:00:00,883.9075430898873,883.9075430898873,0
2026-02-13T11:15:00,883.9075430898873,883.9075430898873,0
2026-02-13T11:30:00,883.9075430898873,883.9075430898873,0
2026-02-13T11:45:00,883.9075430898873,883.9075430898873,0
2026-02-13T12:00:00,883.9075430898873,883.9075430898873,0
2026-02-13T12:15:00,883.9075430898873,883.9075430898873,0
2026-02-13T12:30:00,883.9075430898873,883.9075430898873,0
2026-02-13T12:45:00,883.9075430898873,883.9075430898873,0
2026-02-13T13:00:00,883.9075430898873,883.9075430898873,0
2026-02-13T13:15:00,883.9075430898873,883.9075430898873,0
2026-02-13T13:30:00,883.9075430898873,883.9075430898873,0
2026-02-13T13:45:00,883.9075430898873,883.9075430898873,0
2026-02-13T14:00:00,883.9075430898873,883.9075430898873,0
2026-02-13T14:15:00,883.9075430898873,883.9075430898873,0
2026-02-13T14:30:00,883.9075430898873,883.9075430898873,0
2026-02-13T14:45:00,883.9075430898873,883.9075430898873,0
2026-02-13T15:00:00,883.9075430898873,883.9075430898873,0
2026-02-13T15:15:00,883.9075430898873,883.9075430898873,0
2026-02-13T15:30:00,883.9075430898873,883.9075430898873,0
2026-02-13T15:45:00,883.9075430898873,883.9075430898873,0
2026-02-13T16:00:00,883.9075430898873,883.9075430898873,0
2026-02-13T16:15:00,883.9075430898873,883.9075430898873,0
2026-02-13T16:30:00,883.9075430898873,883.9075430898873,0
2026-02-13T16:45:00,883.9075430898873,883.9075430898873,0
2026-02-13T17:00:00,883.9075430898873,883.9075430898873,0
2026-02-13T17:15:00,883.9075430898873,883.9075430898873,0
2026-02-13T17:30:00,883.9075430898873,883.9075430898873,0
2026-02-13T17:45:00,883.9075430898873,883.9075430898873,0
2026-02-13T18:00:00,883.9075430898873,883.9075430898873,0
2026-02-13T18:15:00,883.9075430898873,883.9075430898873,0
2026-02-13T18:30:00,883.9075430898873,883.9075430898873,0
2026-02-13T18:45:00,883.9075430898873,883.9075430898873,0
2026-02-13T19:00:00,883.9075430898873,883.9075430898873,0
2026-02-13T19:15:00,883.9075430898873,883.9075430898873,0
2026-02-13T19:30:00,883.9075430898873,883.9075430898873,0
2026-02-13T19:45:00,883.9075430898873,883.9075430898873,0
2026-02-13T20:00:00,883.9075430898873,883.9075430898873,0
2026-02-13T20:15:00,883.9075430898873,883.9075430898873,0
2026-02-13T20:30:00,883.9075430898873,883.9075430898873,0
2026-02-13T20:45:00,883.9075430898873,883.9075430898873,0
2026-02-13T21:00:00,883.9075430898873,883.9075430898873,0
2026-02-13T21:15:00,883.9075430898873,883.9075430898873,0
2026-02-13T21:30:00,883.9075430898873,883.9075430898873,0
2026-02-13T21:45:00,883.9075430898873,883.9075430898873,0
2026-02-13T22:00:00,883.9075430898873,883.9075430898873,0
2026-02-13T22:15:00,883.9075430898873,883.9075430898873,0
2026-02-13T22:30:00,883.9075430898873,883.9075430898873,0
2026-02-13T22:45:00,883.9075430898873,883.9075430898873,0
2026-02-13T23:00:00,883.9075430898873,883.9075430898873,0
2026-02-13T23:15:00,883.9075430898873,883.9075430898873,0
2026-02-13T23:30:00,883.9075430898873,883.9075430898873,0
2026-02-13T23:45:00,883.9075430898873,883.9075430898873,0
2026-02-14T00:00:00,883.9075430898873,883.9075430898873,0
2026-02-14T00:15:00,883.9075430898873,883.9075430898873,0
2026-02-14T00:30:00,883.9075430898873,883.9075430898873,0
2026-02-14T00:45:00,883.9075430898873,883.9075430898873,0
2026-02-14T01:00:00,883.9075430898873,883.9075430898873,0
2026-02-14T01:15:00,883.9075430898873,883.9075430898873,0
2026-02-14T01:30:00,883.9075430898873,883.9075430898873,0
2026-02-14T01:45:00,883.9075430898873,883.9075430898873,0
2026-02-14T02:00:00,883.9075430898873,883.9075430898873,0
2026-02-14T02:15:00,883.9075430898873,883.9075430898873,0
2026-02-14T02:30:00,883.9075430898873,883.9075430898873,0
2026-02-14T02:45:00,883.9075430898873,883.9075430898873,0
2026-02-14T03:00:00,883.9075430898873,883.9075430898873,0
2026-02-14T03:15:00,883.9075430898873,883.9075430898873,0
2026-02-14T03:30:00,883.9075430898873,883.9075430898873,0
2026-02-14T03:45:00,883.9075430898873,883.9075430898873,0
2026-02-14T04:00:00,883.9075430898873,883.9075430898873,0
2026-02-14T04:15:00,883.9075430898873,883.9075430898873,0
2026-02-14T04:30:00,883.9075430898873,883.9075430898873,0
2026-02-14T04:45:00,883.9075430898873,883.9075430898873,0
2026-02-14T05:00:00,883.9075430898873,883.9075430898873,0
2026-02-14T05:15:00,883.9075430898873,883.9075430898873,0
2026-02-14T05:30:00,883.9075430898873,883.9075430898873,0
2026-02-14T05:45:00,883.9075430898873,883.9075430898873,0
2026-02-14T06:00:00,883.9075430898873,883.9075430898873,0
2026-02-14T06:15:00,883.9075430898873,883.9075430898873,0
2026-02-14T06:30:00,883.9075430898873,883.9075430898873,0
2026-02-14T06:45:00,883.9075430898873,883.9075430898873,0
2026-02-14T07:00:00,883.9075430898873,883.9075430898873,0
2026-02-14T07:15:00,883.9075430898873,883.9075430898873,0
2026-02-14T07:30:00,882.9681775194608,759.9624917676509,1
2026-02-14T07:45:00,883.237227910258,759.9624917676509,1
2026-02-14T08:00:00,885.7219789968024,759.9624917676509,1
2026-02-14T08:15:00,885.2107403891166,759.9624917676509,1
2026-02-14T08:30:00,886.4082503866052,759.9624917676509,1
2026-02-14T08:45:00,887.001790122862,759.9624917676509,1
2026-02-14T09:00:00,886.7883930125829,759.9624917676509,1
2026-02-14T09:15:00,885.9223736718385,759.9624917676509,1
2026-02-14T09:30:00,886.864407249388,759.9624917676509,1
2026-02-14T09:45:00,886.778391139319,759.9624917676509,1
2026-02-14T10:00:00,886.3224486023919,759.9624917676509,1
2026-02-14T10:15:00,886.1000498061753,759.9624917676509,1
2026-02-14T10:30:00,886.0131049507318,759.9624917676509,1
2026-02-14T10:45:00,886.4706906525523,759.9624917676509,1
2026-02-14T11:00:00,889.5143321286895,759.9624917676509,1
2026-02-14T11:15:00,890.2009607282519,759.9624917676509,1
2026-02-14T11:30:00,891.0339024452736,759.9624917676509,1
2026-02-14T11:45:00,892.4280921363005,759.9624917676509,1
2026-02-14T12:00:00,892.3047118853959,759.9624917676509,1
2026-02-14T12:15:00,891.361035142953,759.9624917676509,1
2026-02-14T12:30:00,889.4402468245852,759.9624917676509,1
2026-02-14T12:45:00,885.8475008705285,885.8475008705285,0
2026-02-14T13:00:00,885.8475008705285,885.8475008705285,0
2026-02-14T13:15:00,885.8475008705285,885.8475008705285,0
2026-02-14T13:30:00,885.8475008705285,885.8475008705285,0
2026-02-14T13:45:00,885.8475008705285,885.8475008705285,0
2026-02-14T14:00:00,885.8475008705285,885.8475008705285,0
2026-02-14T14:15:00,885.8475008705285,885.8475008705285,0
2026-02-14T14:30:00,885.8475008705285,885.8475008705285,0
2026-02-14T14:45:00,885.8475008705285,885.8475008705285,0
2026-02-14T15:00:00,885.8475008705285,885.8475008705285,0
2026-02-14T15:15:00,885.8475008705285,885.8475008705285,0
2026-02-14T15:30:00,885.8475008705285,885.8475008705285,0
2026-02-14T15:45:00,885.8475008705285,885.8475008705285,0
2026-02-14T16:00:00,885.8475008705285,885.8475008705285,0
2026-02-14T16:15:00,885.8475008705285,885.8475008705285,0
2026-02-14T16:30:00,885.8475008705285,885.8475008705285,0
2026-02-14T16:45:00,885.8475008705285,885.8475008705285,0
2026-02-14T17:00:00,885.8475008705285,885.8475008705285,0
2026-02-14T17:15:00,885.8475008705285,885.8475008705285,0
2026-02-14T17:30:00,885.8475008705285,885.8475008705285,0
2026-02-14T17:45:00,885.8475008705285,885.8475008705285,0
2026-02-14T18:00:00,885.8475008705285,885.8475008705285,0
2026-02-14T18:15:00,885.8475008705285,885.8475008705285,0
2026-02-14T18:30:00,885.8475008705285,885.8475008705285,0
2026-02-14T18:45:00,885.8475008705285,885.8475008705285,0
2026-02-14T19:00:00,885.8475008705285,885.8475008705285,0
2026-02-14T19:15:00,885.8475008705285,885.8475008705285,0
2026-02-14T19:30:00,885.8475008705285,885.8475008705285,0
2026-02-14T19:45:00,885.8475008705285,885.8475008705285,0
2026-02-14T20:00:00,885.8475008705285,885.8475008705285,0
2026-02-14T20:15:00,885.8475008705285,885.8475008705285,0
2026-02-14T20:30:00,885.8475008705285,885.8475008705285,0
2026-02-14T20:45:00,885.8475008705285,885.8475008705285,0
2026-02-14T21:00:00,885.8475008705285,885.8475008705285,0
2026-02-14T21:15:00,885.8475008705285,885.8475008705285,0
2026-02-14T21:30:00,885.8475008705285,885.8475008705285,0
2026-02-14T21:45:00,885.8475008705285,885.8475008705285,0
2026-02-14T22:00:00,885.8475008705285,885.8475008705285,0
2026-02-14T22:15:00,885.8475008705285,885.8475008705285,0
2026-02-14T22:30:00,885.8475008705285,885.8475008705285,0
2026-02-14T22:45:00,885.8475008705285,885.8475008705285,0
2026-02-14T23:00:00,885.8475008705285,885.8475008705285,0
2026-02-14T23:15:00,885.8475008705285,885.8475008705285,0
2026-02-14T23:30:00,885.8475008705285,885.8475008705285,0
2026-02-14T23:45:00,885.8475008705285,885.8475008705285,0
2026-02-15T00:00:00,885.8475008705285,885.8475008705285,0
2026-02-15T00:15:00,885.8475008705285,885.8475008705285,0
2026-02-15T00:30:00,885.8475008705285,885.8475008705285,0
2026-02-15T00:45:00,885.8475008705285,885.8475008705285,0
2026-02-15T01:00:00,885.8475008705285,885.8475008705285,0
2026-02-15T01:15:00,885.8475008705285,885.8475008705285,0
2026-02-15T01:30:00,885.8475008705285,885.8475008705285,0
2026-02-15T01:45:00,885.8475008705285,885.8475008705285,0
2026-02-15T02:00:00,885.8475008705285,885.8475008705285,0
2026-02-15T02:15:00,885.8475008705285,885.8475008705285,0
2026-02-15T02:30:00,885.8475008705285,885.8475008705285,0
2026-02-15T02:45:00,885.8475008705285,885.8475008705285,0
2026-02-15T03:00:00,885.8475008705285,885.8475008705285,0
2026-02-15T03:15:00,885.8475008705285,885.8475008705285,0
2026-02-15T03:30:00,885.8475008705285,885.8475008705285,0
2026-02-15T03:45:00,885.8475008705285,885.8475008705285,0
2026-02-15T04:00:00,885.8475008705285,885.8475008705285,0
2026-02-15T04:15:00,885.8475008705285,885.8475008705285,0
2026-02-15T04:30:00,885.8475008705285,885.8475008705285,0
2026-02-15T04:45:00,885.8475008705285,885.8475008705285,0
2026-02-15T05:00:00,885.8475008705285,885.8475008705285,0
2026-02-15T05:15:00,885.8475008705285,885.8475008705285,0
2026-02-15T05:30:00,885.8475008705285,885.8475008705285,0
2026-02-15T05:45:00,885.8475008705285,885.8475008705285,0
2026-02-15T06:00:00,885.8475008705285,885.8475008705285,0
