timestamp,equity,cash,open_positions
2025-09-18T06:00:00,1000.0,1000.0,0
2025-09-18T06:15:00,1000.0,1000.0,0
2025-09-18T06:30:00,1000.0,1000.0,0
2025-09-18T06:45:00,1000.0,1000.0,0
2025-09-18T07:00:00,1000.0,1000.0,0
2025-09-18T07:15:00,1000.0,1000.0,0
2025-09-18T07:30:00,1000.0,1000.0,0
2025-09-18T07:45:00,1000.0,1000.0,0
2025-09-18T08:00:00,1000.0,1000.0,0
2025-09-18T08:15:00,1000.0,1000.0,0
2025-09-18T08:30:00,1000.0,1000.0,0
2025-09-18T08:45:00,999.0890783824264,879.808,1
2025-09-18T09:00:00,998.3944892530058,879.808,1
2025-09-18T09:15:00,999.0276379646816,879.808,1
2025-09-18T09:30:00,998.0477153698017,879.808,1
2025-09-18T09:45:00,998.5225769035586,879.808,1
2025-09-18T10:00:00,997.1231273205956,997.1231273205956,0
2025-09-18T10:15:00,997.1231273205956,997.1231273205956,0
2025-09-18T10:30:00,997.1231273205956,997.1231273205956,0
2025-09-18T10:45:00,997.1231273205956,997.1231273205956,0
2025-09-18T11:00:00,997.1231273205956,997.1231273205956,0
2025-09-18T11:15:00,997.1231273205956,997.1231273205956,0
2025-09-18T11:30:00,997.1231273205956,997.1231273205956,0
2025-09-18T11:45:00,997.1231273205956,997.1231273205956,0
2025-09-18T12:00:00,997.1231273205956,997.1231273205956,0
2025-09-18T12:15:00,997.1231273205956,997.1231273205956,0
2025-09-18T12:30:00,997.1231273205956,997.1231273205956,0
2025-09-18T12:45:00,997.1231273205956,997.1231273205956,0
2025-09-18T13:00:00,997.1231273205956,997.1231273205956,0
2025-09-18T13:15:00,997.1231273205956,997.1231273205956,0
2025-09-18T13:30:00,997.1231273205956,997.1231273205956,0
2025-09-18T13:45:00,997.1231273205956,997.1231273205956,0
2025-09-18T14:00:00,997.1231273205956,997.1231273205956,0
2025-09-18T14:15:00,997.1231273205956,997.1231273205956,0
2025-09-18T14:30:00,997.1231273205956,997.1231273205956,0
2025-09-18T14:45:00,997.1231273205956,997.1231273205956,0
2025-09-18T15:00:00,997.1231273205956,997.1231273205956,0
2025-09-18T15:15:00,997.1231273205956,997.1231273205956,0
2025-09-18T15:30:00,997.1231273205956,997.1231273205956,0
2025-09-18T15:45:00,997.1231273205956,997.1231273205956,0
2025-09-18T16:00:00,997.1231273205956,997.1231273205956,0
2025-09-18T16:15:00,997.1231273205956,997.1231273205956,0
2025-09-18T16:30:00,997.1231273205956,997.1231273205956,0
2025-09-18T16:45:00,997.1231273205956,997.1231273205956,0
2025-09-18T17:00:00,997.1231273205956,997.1231273205956,0
2025-09-18T17:15:00,997.1231273205956,997.1231273205956,0
2025-09-18T17:30:00,997.1231273205956,997.1231273205956,0
2025-09-18T17:45:00,997.1231273205956,997.1231273205956,0
2025-09-18T18:00:00,997.1231273205956,997.1231273205956,0
2025-09-18T18:15:00,997.1231273205956,997.1231273205956,0
2025-09-18T18:30:00,997.1231273205956,997.1231273205956,0
2025-09-18T18:45:00,997.1231273205956,997.1231273205956,0
2025-09-18T19:00:00,997.1231273205956,997.1231273205956,0
2025-09-18T19:15:00,997.1231273205956,997.1231273205956,0
2025-09-18T19:30:00,997.1231273205956,997.1231273205956,0
2025-09-18T19:45:00,997.1231273205956,997.1231273205956,0
2025-09-18T20:00:00,997.1231273205956,997.1231273205956,0
2025-09-18T20:15:00,997.1231273205956,997.1231273205956,0
2025-09-18T20:30:00,997.1231273205956,997.1231273205956,0
2025-09-18T20:45:00,996.2148263085367,877.2769044016786,1
2025-09-18T21:00:00,994.7543502614096,994.7543502614096,0
2025-09-18T21:15:00,994.7543502614096,994.7543502614096,0
2025-09-18T21:30:00,994.7543502614096,994.7543502614096,0
2025-09-18T21:45:00,994.7543502614096,994.7543502614096,0
2025-09-18T22:00:00,994.7543502614096,994.7543502614096,0
2025-09-18T22:15:00,994.7543502614096,994.7543502614096,0
2025-09-18T22:30:00,994.7543502614096,994.7543502614096,0
2025-09-18T22:45:00,994.7543502614096,994.7543502614096,0
2025-09-18T23:00:00,994.7543502614096,994.7543502614096,0
2025-09-18T23:15:00,994.7543502614096,994.7543502614096,0
2025-09-18T23:30:00,994.7543502614096,994.7543502614096,0
2025-09-18T23:45:00,994.7543502614096,994.7543502614096,0
2025-09-19T00:00:00,994.7543502614096,994.7543502614096,0
2025-09-19T00:15:00,994.7543502614096,994.7543502614096,0
2025-09-19T00:30:00,994.7543502614096,994.7543502614096,0
2025-09-19T00:45:00,994.7543502614096,994.7543502614096,0
2025-09-19T01:00:00,994.7543502614096,994.7543502614096,0
2025-09-19T01:15:00,994.7543502614096,994.7543502614096,0
2025-09-19T01:30:00,994.7543502614096,994.7543502614096,0
2025-09-19T01:45:00,994.7543502614096,994.7543502614096,0
2025-09-19T02:00:00,994.7543502614096,994.7543502614096,0
2025-09-19T02:15:00,994.7543502614096,994.7543502614096,0
2025-09-19T02:30:00,994.7543502614096,994.7543502614096,0
2025-09-19T02:45:00,994.7543502614096,994.7543502614096,0
2025-09-19T03:00:00,994.7543502614096,994.7543502614096,0
2025-09-19T03:15:00,994.7543502614096,994.7543502614096,0
2025-09-19T03:30:00,994.7543502614096,994.7543502614096,0
2025-09-19T03:45:00,994.7543502614096,994.7543502614096,0
2025-09-19T04:00:00,994.7543502614096,994.7543502614096,0
2025-09-19T04:15:00,994.7543502614096,994.7543502614096,0
2025-09-19T04:30:00,994.7543502614096,994.7543502614096,0
2025-09-19T04:45:00,994.7543502614096,994.7543502614096,0
2025-09-19T05:00:00,994.7543502614096,994.7543502614096,0
2025-09-19T05:15:00,994.7543502614096,994.7543502614096,0
2025-09-19T05:30:00,994.7543502614096,994.7543502614096,0
2025-09-19T05:45:00,994.7543502614096,994.7543502614096,0
2025-09-19T06:00:00,994.7543502614096,994.7543502614096,0
2025-09-19T06:15:00,994.7543502614096,994.7543502614096,0
2025-09-19T06:30:00,994.7543502614096,994.7543502614096,0
2025-09-19T06:45:00,994.7543502614096,994.7543502614096,0
2025-09-19T07:00:00,994.7543502614096,994.7543502614096,0
2025-09-19T07:15:00,994.7543502614096,994.7543502614096,0
2025-09-19T07:30:00,994.7543502614096,994.7543502614096,0
2025-09-19T07:45:00,994.7543502614096,994.7543502614096,0
2025-09-19T08:00:00,994.7543502614096,994.7543502614096,0
2025-09-19T08:15:00,994.7543502614096,994.7543502614096,0
2025-09-19T08:30:00,994.7543502614096,994.7543502614096,0
2025-09-19T08:45:00,994.7543502614096,994.7543502614096,0
2025-09-19T09:00:00,994.7543502614096,994.7543502614096,0
2025-09-19T09:15:00,994.7543502614096,994.7543502614096,0
2025-09-19T09:30:00,994.7543502614096,994.7543502614096,0
2025-09-19T09:45:00,994.7543502614096,994.7543502614096,0
2025-09-19T10:00:00,994.7543502614096,994.7543502614096,0
2025-09-19T10:15:00,994.7543502614096,994.7543502614096,0
2025-09-19T10:30:00,994.7543502614096,994.7543502614096,0
2025-09-19T10:45:00,994.7543502614096,994.7543502614096,0
2025-09-19T11:00:00,994.7543502614096,994.7543502614096,0
2025-09-19T11:15:00,994.7543502614096,994.7543502614096,0
2025-09-19T11:30:00,994.7543502614096,994.7543502614096,0
2025-09-19T11:45:00,994.7543502614096,994.7543502614096,0
2025-09-19T12:00:00,994.7543502614096,994.7543502614096,0
2025-09-19T12:15:00,994.7543502614096,994.7543502614096,0
2025-09-19T12:30:00,994.7543502614096,994.7543502614096,0
2025-09-19T12:45:00,994.7543502614096,994.7543502614096,0
2025-09-19T13:00:00,994.7543502614096,994.7543502614096,0
2025-09-19T13:15:00,994.7543502614096,994.7543502614096,0
2025-09-19T13:30:00,994.7543502614096,994.7543502614096,0
2025-09-19T13:45:00,994.7543502614096,994.7543502614096,0
2025-09-19T14:00:00,994.7543502614096,994.7543502614096,0
2025-09-19T14:15:00,994.7543502614096,994.7543502614096,0
2025-09-19T14:30:00,994.7543502614096,994.7543502614096,0
2025-09-19T14:45:00,994.7543502614096,994.7543502614096,0
2025-09-19T15:00:00,994.7543502614096,994.7543502614096,0
2025-09-19T15:15:00,994.7543502614096,994.7543502614096,0
2025-09-19T15:30:00,994.7543502614096,994.7543502614096,0
2025-09-19T15:45:00,994.7543502614096,994.7543502614096,0
2025-09-19T16:00:00,994.7543502614096,994.7543502614096,0
2025-09-19T16:15:00,994.7543502614096,994.7543502614096,0
2025-09-19T16:30:00,994.7543502614096,994.7543502614096,0
2025-09-19T16:45:00,994.7543502614096,994.7543502614096,0
2025-09-19T17:00:00,994.7543502614096,994.7543502614096,0
2025-09-19T17:15:00,994.7543502614096,994.7543502614096,0
2025-09-19T17:30:00,994.7543502614096,994.7543502614096,0
2025-09-19T17:45:00,994.7543502614096,994.7543502614096,0
2025-09-19T18:00:00,994.7543502614096,994.7543502614096,0
2025-09-19T18:15:00,994.7543502614096,994.7543502614096,0
2025-09-19T18:30:00,994.7543502614096,994.7543502614096,0
2025-09-19T18:45:00,994.7543502614096,994.7543502614096,0
2025-09-19T19:00:00,994.7543502614096,994.7543502614096,0
2025-09-19T19:15:00,994.7543502614096,994.7543502614096,0
2025-09-19T19:30:00,994.7543502614096,994.7543502614096,0
2025-09-19T19:45:00,994.7543502614096,994.7543502614096,0
2025-09-19T20:00:00,994.7543502614096,994.7543502614096,0
2025-09-19T20:15:00,994.7543502614096,994.7543502614096,0
2025-09-19T20:30:00,994.7543502614096,994.7543502614096,0
2025-09-19T20:45:00,994.7543502614096,994.7543502614096,0
2025-09-19T21:00:00,994.7543502614096,994.7543502614096,0
2025-09-19T21:15:00,994.7543502614096,994.7543502614096,0
2025-09-19T21:30:00,994.7543502614096,994.7543502614096,0
2025-09-19T21:45:00,994.7543502614096,994.7543502614096,0
2025-09-19T22:00:00,994.7543502614096,994.7543502614096,0
2025-09-19T22:15:00,994.7543502614096,994.7543502614096,0
2025-09-19T22:30:00,994.7543502614096,994.7543502614096,0
2025-09-19T22:45:00,994.7543502614096,994.7543502614096,0
2025-09-19T23:00:00,994.7543502614096,994.7543502614096,0
2025-09-19T23:15:00,994.7543502614096,994.7543502614096,0
2025-09-19T23:30:00,994.7543502614096,994.7543502614096,0
2025-09-19T23:45:00,994.7543502614096,994.7543502614096,0
2025-09-20T00:00:00,994.7543502614096,994.7543502614096,0
2025-09-20T00:15:00,994.7543502614096,994.7543502614096,0
2025-09-20T00:30:00,994.7543502614096,994.7543502614096,0
2025-09-20T00:45:00,994.7543502614096,994.7543502614096,0
2025-09-20T01:00:00,994.7543502614096,994.7543502614096,0
2025-09-20T01:15:00,994.7543502614096,994.7543502614096,0
2025-09-20T01:30:00,994.7543502614096,994.7543502614096,0
2025-09-20T01:45:00,994.7543502614096,994.7543502614096,0
2025-09-20T02:00:00,994.7543502614096,994.7543502614096,0
2025-09-20T02:15:00,994.7543502614096,994.7543502614096,0
2025-09-20T02:30:00,994.7543502614096,994.7543502614096,0
2025-09-20T02:45:00,994.7543502614096,994.7543502614096,0
2025-09-20T03:00:00,994.7543502614096,994.7543502614096,0
2025-09-20T03:15:00,994.7543502614096,994.7543502614096,0
2025-09-20T03:30:00,994.7543502614096,994.7543502614096,0
2025-09-20T03:45:00,994.7543502614096,994.7543502614096,0
2025-09-20T04:00:00,994.7543502614096,994.7543502614096,0
2025-09-20T04:15:00,994.7543502614096,994.7543502614096,0
2025-09-20T04:30:00,994.7543502614096,994.7543502614096,0
2025-09-20T04:45:00,994.7543502614096,994.7543502614096,0
2025-09-20T05:00:00,994.7543502614096,994.7543502614096,0
2025-09-20T05:15:00,994.7543502614096,994.7543502614096,0
2025-09-20T05:30:00,994.7543502614096,994.7543502614096,0
2025-09-20T05:45:00,994.7543502614096,994.7543502614096,0
2025-09-20T06:00:00,994.7543502614096,994.7543502614096,0
2025-09-20T06:15:00,994.7543502614096,994.7543502614096,0
2025-09-20T06:30:00,994.7543502614096,994.7543502614096,0
2025-09-20T06:45:00,994.7543502614096,994.7543502614096,0
2025-09-20T07:00:00,994.7543502614096,994.7543502614096,0
2025-09-20T07:15:00,994.7543502614096,994.7543502614096,0
2025-09-20T07:30:00,994.7543502614096,994.7543502614096,0
2025-09-20T07:45:00,994.7543502614096,994.7543502614096,0
2025-09-20T08:00:00,994.7543502614096,994.7543502614096,0
2025-09-20T08:15:00,994.7543502614096,994.7543502614096,0
2025-09-20T08:30:00,994.7543502614096,994.7543502614096,0
2025-09-20T08:45:00,994.7543502614096,994.7543502614096,0
2025-09-20T09:00:00,994.7543502614096,994.7543502614096,0
2025-09-20T09:15:00,994.7543502614096,994.7543502614096,0
2025-09-20T09:30:00,993.84605834535,875.1928353947903,1
2025-09-20T09:45:00,993.6435958022118,875.1928353947903,1
2025-09-20T10:00:00,992.5185826238252,992.5185826238252,0
2025-09-20T10:15:00,992.5185826238252,992.5185826238252,0
2025-09-20T10:30:00,992.5185826238252,992.5185826238252,0
2025-09-20T10:45:00,992.5185826238252,992.5185826238252,0
2025-09-20T11:00:00,992.5185826238252,992.5185826238252,0
2025-09-20T11:15:00,992.5185826238252,992.5185826238252,0
2025-09-20T11:30:00,992.5185826238252,992.5185826238252,0
2025-09-20T11:45:00,992.5185826238252,992.5185826238252,0
2025-09-20T12:00:00,992.5185826238252,992.5185826238252,0
2025-09-20T12:15:00,992.5185826238252,992.5185826238252,0
2025-09-20T12:30:00,992.5185826238252,992.5185826238252,0
2025-09-20T12:45:00,992.5185826238252,992.5185826238252,0
2025-09-20T13:00:00,992.5185826238252,992.5185826238252,0
2025-09-20T13:15:00,992.5185826238252,992.5185826238252,0
2025-09-20T13:30:00,992.5185826238252,992.5185826238252,0
2025-09-20T13:45:00,992.5185826238252,992.5185826238252,0
2025-09-20T14:00:00,992.5185826238252,992.5185826238252,0
2025-09-20T14:15:00,992.5185826238252,992.5185826238252,0
2025-09-20T14:30:00,992.5185826238252,992.5185826238252,0
2025-09-20T14:45:00,992.5185826238252,992.5185826238252,0
2025-09-20T15:00:00,992.5185826238252,992.5185826238252,0
2025-09-20T15:15:00,992.5185826238252,992.5185826238252,0
2025-09-20T15:30:00,992.5185826238252,992.5185826238252,0
2025-09-20T15:45:00,992.5185826238252,992.5185826238252,0
2025-09-20T16:00:00,992.5185826238252,992.5185826238252,0
2025-09-20T16:15:00,992.5185826238252,992.5185826238252,0
2025-09-20T16:30:00,992.5185826238252,992.5185826238252,0
2025-09-20T16:45:00,992.5185826238252,992.5185826238252,0
2025-09-20T17:00:00,992.5185826238252,992.5185826238252,0
2025-09-20T17:15:00,992.5185826238252,992.5185826238252,0
2025-09-20T17:30:00,992.5185826238252,992.5185826238252,0
2025-09-20T17:45:00,992.5185826238252,992.5185826238252,0
2025-09-20T18:00:00,992.5185826238252,992.5185826238252,0
2025-09-20T18:15:00,992.5185826238252,992.5185826238252,0
2025-09-20T18:30:00,992.5185826238252,992.5185826238252,0
2025-09-20T18:45:00,992.5185826238252,992.5185826238252,0
2025-09-20T19:00:00,992.5185826238252,992.5185826238252,0
2025-09-20T19:15:00,992.5185826238252,992.5185826238252,0
2025-09-20T19:30:00,992.5185826238252,992.5185826238252,0
2025-09-20T19:45:00,992.5185826238252,992.5185826238252,0
2025-09-20T20:00:00,992.5185826238252,992.5185826238252,0
2025-09-20T20:15:00,992.5185826238252,992.5185826238252,0
2025-09-20T20:30:00,992.5185826238252,992.5185826238252,0
2025-09-20T20:45:00,992.5185826238252,992.5185826238252,0
2025-09-20T21:00:00,992.5185826238252,992.5185826238252,0
2025-09-20T21:15:00,992.5185826238252,992.5185826238252,0
2025-09-20T21:30:00,992.5185826238252,992.5185826238252,0
2025-09-20T21:45:00,992.5185826238252,992.5185826238252,0
2025-09-20T22:00:00,992.5185826238252,992.5185826238252,0
2025-09-20T22:15:00,992.5185826238252,992.5185826238252,0
2025-09-20T22:30:00,992.5185826238252,992.5185826238252,0
2025-09-20T22:45:00,992.5185826238252,992.5185826238252,0
2025-09-20T23:00:00,992.5185826238252,992.5185826238252,0
2025-09-20T23:15:00,992.5185826238252,992.5185826238252,0
2025-09-20T23:30:00,992.5185826238252,992.5185826238252,0
2025-09-20T23:45:00,992.5185826238252,992.5185826238252,0
2025-09-21T00:00:00,992.5185826238252,992.5185826238252,0
2025-09-21T00:15:00,992.5185826238252,992.5185826238252,0
2025-09-21T00:30:00,992.5185826238252,992.5185826238252,0
2025-09-21T00:45:00,992.5185826238252,992.5185826238252,0
2025-09-21T01:00:00,992.5185826238252,992.5185826238252,0
2025-09-21T01:15:00,992.5185826238252,992.5185826238252,0
2025-09-21T01:30:00,992.5185826238252,992.5185826238252,0
2025-09-21T01:45:00,992.5185826238252,992.5185826238252,0
2025-09-21T02:00:00,992.5185826238252,992.5185826238252,0
2025-09-21T02:15:00,992.5185826238252,992.5185826238252,0
2025-09-21T02:30:00,992.5185826238252,992.5185826238252,0
2025-09-21T02:45:00,992.5185826238252,992.5185826238252,0
2025-09-21T03:00:00,992.5185826238252,992.5185826238252,0
2025-09-21T03:15:00,992.5185826238252,992.5185826238252,0
2025-09-21T03:30:00,992.5185826238252,992.5185826238252,0
2025-09-21T03:45:00,992.5185826238252,992.5185826238252,0
2025-09-21T04:00:00,992.5185826238252,992.5185826238252,0
2025-09-21T04:15:00,992.5185826238252,992.5185826238252,0
2025-09-21T04:30:00,992.5185826238252,992.5185826238252,0
2025-09-21T04:45:00,992.5185826238252,992.5185826238252,0
2025-09-21T05:00:00,992.5185826238252,992.5185826238252,0
2025-09-21T05:15:00,992.5185826238252,992.5185826238252,0
2025-09-21T05:30:00,992.5185826238252,992.5185826238252,0
2025-09-21T05:45:00,992.5185826238252,992.5185826238252,0
2025-09-21T06:00:00,992.5185826238252,992.5185826238252,0
2025-09-21T06:15:00,992.5185826238252,992.5185826238252,0
2025-09-21T06:30:00,992.5185826238252,992.5185826238252,0
2025-09-21T06:45:00,992.5185826238252,992.5185826238252,0
2025-09-21T07:00:00,992.5185826238252,992.5185826238252,0
2025-09-21T07:15:00,992.5185826238252,992.5185826238252,0
2025-09-21T07:30:00,992.5185826238252,992.5185826238252,0
2025-09-21T07:45:00,992.5185826238252,992.5185826238252,0
2025-09-21T08:00:00,992.5185826238252,992.5185826238252,0
2025-09-21T08:15:00,992.5185826238252,992.5185826238252,0
2025-09-21T08:30:00,992.5185826238252,992.5185826238252,0
2025-09-21T08:45:00,992.5185826238252,992.5185826238252,0
2025-09-21T09:00:00,992.5185826238252,992.5185826238252,0
2025-09-21T09:15:00,992.5185826238252,992.5185826238252,0
2025-09-21T09:30:00,992.5185826238252,992.5185826238252,0
2025-09-21T09:45:00,992.5185826238252,992.5185826238252,0
2025-09-21T10:00:00,992.5185826238252,992.5185826238252,0
2025-09-21T10:15:00,992.5185826238252,992.5185826238252,0
2025-09-21T10:30:00,992.5185826238252,992.5185826238252,0
2025-09-21T10:45:00,992.5185826238252,992.5185826238252,0
2025-09-21T11:00:00,992.5185826238252,992.5185826238252,0
2025-09-21T11:15:00,992.5185826238252,992.5185826238252,0
2025-09-21T11:30:00,992.5185826238252,992.5185826238252,0
2025-09-21T11:45:00,992.5185826238252,992.5185826238252,0
2025-09-21T12:00:00,992.5185826238252,992.5185826238252,0
2025-09-21T12:15:00,992.5185826238252,992.5185826238252,0
2025-09-21T12:30:00,992.5185826238252,992.5185826238252,0
2025-09-21T12:45:00,992.5185826238252,992.5185826238252,0
2025-09-21T13:00:00,992.5185826238252,992.5185826238252,0
2025-09-21T13:15:00,992.5185826238252,992.5185826238252,0
2025-09-21T13:30:00,992.5185826238252,992.5185826238252,0
2025-09-21T13:45:00,992.5185826238252,992.5185826238252,0
2025-09-21T14:00:00,992.5185826238252,992.5185826238252,0
2025-09-21T14:15:00,992.5185826238252,992.5185826238252,0
2025-09-21T14:30:00,992.5185826238252,992.5185826238252,0
2025-09-21T14:45:00,992.5185826238252,992.5185826238252,0
2025-09-21T15:00:00,992.5185826238252,992.5185826238252,0
2025-09-21T15:15:00,992.5185826238252,992.5185826238252,0
2025-09-21T15:30:00,992.5185826238252,992.5185826238252,0
2025-09-21T15:45:00,992.5185826238252,992.5185826238252,0
2025-09-21T16:00:00,992.5185826238252,992.5185826238252,0
2025-09-21T16:15:00,992.5185826238252,992.5185826238252,0
2025-09-21T16:30:00,992.5185826238252,992.5185826238252,0
2025-09-21T16:45:00,992.5185826238252,992.5185826238252,0
2025-09-21T17:00:00,992.5185826238252,992.5185826238252,0
2025-09-21T17:15:00,992.5185826238252,992.5185826238252,0
2025-09-21T17:30:00,992.5185826238252,992.5185826238252,0
2025-09-21T17:45:00,992.5185826238252,992.5185826238252,0
2025-09-21T18:00:00,992.5185826238252,992.5185826238252,0
2025-09-21T18:15:00,992.5185826238252,992.5185826238252,0
2025-09-21T18:30:00,992.5185826238252,992.5185826238252,0
2025-09-21T18:45:00,992.5185826238252,992.5185826238252,0
2025-09-21T19:00:00,992.5185826238252,992.5185826238252,0
2025-09-21T19:15:00,992.5185826238252,992.5185826238252,0
2025-09-21T19:30:00,992.5185826238252,992.5185826238252,0
2025-09-21T19:45:00,992.5185826238252,992.5185826238252,0
2025-09-21T20:00:00,992.5185826238252,992.5185826238252,0
2025-09-21T20:15:00,992.5185826238252,992.5185826238252,0
2025-09-21T20:30:00,992.5185826238252,992.5185826238252,0
2025-09-21T20:45:00,992.5185826238252,992.5185826238252,0
2025-09-21T21:00:00,992.5185826238252,992.5185826238252,0
2025-09-21T21:15:00,992.5185826238252,992.5185826238252,0
2025-09-21T21:30:00,992.5185826238252,992.5185826238252,0
2025-09-21T21:45:00,992.5185826238252,992.5185826238252,0
2025-09-21T22:00:00,992.5185826238252,992.5185826238252,0
2025-09-21T22:15:00,992.5185826238252,992.5185826238252,0
2025-09-21T22:30:00,992.5185826238252,992.5185826238252,0
2025-09-21T22:45:00,992.5185826238252,992.5185826238252,0
2025-09-21T23:00:00,992.5185826238252,992.5185826238252,0
2025-09-21T23:15:00,992.5185826238252,992.5185826238252,0
2025-09-21T23:30:00,992.5185826238252,992.5185826238252,0
2025-09-21T23:45:00,992.5185826238252,992.5185826238252,0
2025-09-22T00:00:00,992.5185826238252,992.5185826238252,0
2025-09-22T00:15:00,991.6123321461075,873.2257891411024,1
2025-09-22T00:30:00,998.666364955162,873.2257891411024,1
2025-09-22T00:45:00,1001.4562963548933,873.2257891411024,1
2025-09-22T01:00:00,1000.7515396397816,873.2257891411024,1
2025-09-22T01:15:00,1001.0198644441591,873.2257891411024,1
2025-09-22T01:30:00,1000.3959284532574,873.2257891411024,1
2025-09-22T01:45:00,1002.3237721280814,873.2257891411024,1
2025-09-22T02:00:00,1002.2386409652468,873.2257891411024,1
2025-09-22T02:15:00,1004.3550663298944,873.2257891411024,1
2025-09-22T02:30:00,1006.2139429867259,873.2257891411024,1
2025-09-22T02:45:00,1006.6439092395234,873.2257891411024,1
2025-09-22T03:00:00,1005.5339712937052,873.2257891411024,1
2025-09-22T03:15:00,1004.8550772103407,873.2257891411024,1
2025-09-22T03:30:00,1005.9596271078783,873.2257891411024,1
2025-09-22T03:45:00,1004.7322297095413,873.2257891411024,1
2025-09-22T04:00:00,1005.6428098689747,873.2257891411024,1
2025-09-22T04:15:00,1004.8422606137738,1004.8422606137738,0
2025-09-22T04:30:00,1004.8422606137738,1004.8422606137738,0
2025-09-22T04:45:00,1004.8422606137738,1004.8422606137738,0
2025-09-22T05:00:00,1004.8422606137738,1004.8422606137738,0
2025-09-22T05:15:00,1004.8422606137738,1004.8422606137738,0
2025-09-22T05:30:00,1004.8422606137738,1004.8422606137738,0
2025-09-22T05:45:00,1004.8422606137738,1004.8422606137738,0
2025-09-22T06:00:00,1003.9247576121627,884.0682596260831,1
2025-09-22T06:15:00,1004.8620814656524,884.0682596260831,1
2025-09-22T06:30:00,1004.1945978003646,884.0682596260831,1
2025-09-22T06:45:00,1004.8228001203399,884.0682596260831,1
2025-09-22T07:00:00,1005.2463462038016,884.0682596260831,1
2025-09-22T07:15:00,1004.940772387002,884.0682596260831,1
2025-09-22T07:30:00,1004.0061413787295,884.0682596260831,1
2025-09-22T07:45:00,1006.0229542157517,884.0682596260831,1
2025-09-22T08:00:00,1005.53140310466,884.0682596260831,1
2025-09-22T08:15:00,1005.5528176356736,884.0682596260831,1
2025-09-22T08:30:00,1005.2140748047691,884.0682596260831,1
2025-09-22T08:45:00,1005.5567073009875,884.0682596260831,1
2025-09-22T09:00:00,1006.4332497910013,884.0682596260831,1
2025-09-22T09:15:00,1006.5522906470353,884.0682596260831,1
2025-09-22T09:30:00,1006.8606855397768,884.0682596260831,1
2025-09-22T09:45:00,1006.4217466851051,1006.4217466851051,0
2025-09-22T10:00:00,1006.4217466851051,1006.4217466851051,0
2025-09-22T10:15:00,1006.4217466851051,1006.4217466851051,0
2025-09-22T10:30:00,1006.4217466851051,1006.4217466851051,0
2025-09-22T10:45:00,1006.4217466851051,1006.4217466851051,0
2025-09-22T11:00:00,1006.4217466851051,1006.4217466851051,0
2025-09-22T11:15:00,1006.4217466851051,1006.4217466851051,0
2025-09-22T11:30:00,1006.4217466851051,1006.4217466851051,0
2025-09-22T11:45:00,1006.4217466851051,1006.4217466851051,0
2025-09-22T12:00:00,1006.4217466851051,1006.4217466851051,0
2025-09-22T12:15:00,1006.4217466851051,1006.4217466851051,0
2025-09-22T12:30:00,1006.4217466851051,1006.4217466851051,0
2025-09-22T12:45:00,1006.4217466851051,1006.4217466851051,0
2025-09-22T13:00:00,1006.4217466851051,1006.4217466851051,0
2025-09-22T13:15:00,1006.4217466851051,1006.4217466851051,0
2025-09-22T13:30:00,1006.4217466851051,1006.4217466851051,0
2025-09-22T13:45:00,1006.4217466851051,1006.4217466851051,0
2025-09-22T14:00:00,1006.4217466851051,1006.4217466851051,0
2025-09-22T14:15:00,1006.4217466851051,1006.4217466851051,0
2025-09-22T14:30:00,1006.4217466851051,1006.4217466851051,0
2025-09-22T14:45:00,1006.4217466851051,1006.4217466851051,0
2025-09-22T15:00:00,1006.4217466851051,1006.4217466851051,0
2025-09-22T15:15:00,1006.4217466851051,1006.4217466851051,0
2025-09-22T15:30:00,1006.4217466851051,1006.4217466851051,0
2025-09-22T15:45:00,1006.4217466851051,1006.4217466851051,0
2025-09-22T16:00:00,1006.4217466851051,1006.4217466851051,0
2025-09-22T16:15:00,1006.4217466851051,1006.4217466851051,0
2025-09-22T16:30:00,1006.4217466851051,1006.4217466851051,0
2025-09-22T16:45:00,1006.4217466851051,1006.4217466851051,0
2025-09-22T17:00:00,1006.4217466851051,1006.4217466851051,0
2025-09-22T17:15:00,1006.4217466851051,1006.4217466851051,0
2025-09-22T17:30:00,1006.4217466851051,1006.4217466851051,0
2025-09-22T17:45:00,1006.4217466851051,1006.4217466851051,0
2025-09-22T18:00:00,1006.4217466851051,1006.4217466851051,0
2025-09-22T18:15:00,1006.4217466851051,1006.4217466851051,0
2025-09-22T18:30:00,1006.4217466851051,1006.4217466851051,0
2025-09-22T18:45:00,1006.4217466851051,1006.4217466851051,0
2025-09-22T19:00:00,1006.4217466851051,1006.4217466851051,0
2025-09-22T19:15:00,1006.4217466851051,1006.4217466851051,0
2025-09-22T19:30:00,1006.4217466851051,1006.4217466851051,0
2025-09-22T19:45:00,1006.4217466851051,1006.4217466851051,0
2025-09-22T20:00:00,1006.4217466851051,1006.4217466851051,0
2025-09-22T20:15:00,1006.4217466851051,1006.4217466851051,0
2025-09-22T20:30:00,1006.4217466851051,1006.4217466851051,0
2025-09-22T20:45:00,1006.4217466851051,1006.4217466851051,0
2025-09-22T21:00:00,1006.4217466851051,1006.4217466851051,0
2025-09-22T21:15:00,1006.4217466851051,1006.4217466851051,0
2025-09-22T21:30:00,1006.4217466851051,1006.4217466851051,0
2025-09-22T21:45:00,1006.4217466851051,1006.4217466851051,0
2025-09-22T22:00:00,1006.4217466851051,1006.4217466851051,0
2025-09-22T22:15:00,1006.4217466851051,1006.4217466851051,0
2025-09-22T22:30:00,1006.4217466851051,1006.4217466851051,0
2025-09-22T22:45:00,1006.4217466851051,1006.4217466851051,0
2025-09-22T23:00:00,1006.4217466851051,1006.4217466851051,0
2025-09-22T23:15:00,1006.4217466851051,1006.4217466851051,0
2025-09-22T23:30:00,1006.4217466851051,1006.4217466851051,0
2025-09-22T23:45:00,1006.4217466851051,1006.4217466851051,0
2025-09-23T00:00:00,1006.4217466851051,1006.4217466851051,0
2025-09-23T00:15:00,1006.4217466851051,1006.4217466851051,0
2025-09-23T00:30:00,1006.4217466851051,1006.4217466851051,0
2025-09-23T00:45:00,1006.4217466851051,1006.4217466851051,0
2025-09-23T01:00:00,1006.4217466851051,1006.4217466851051,0
2025-09-23T01:15:00,1006.4217466851051,1006.4217466851051,0
2025-09-23T01:30:00,1006.4217466851051,1006.4217466851051,0
2025-09-23T01:45:00,1006.4217466851051,1006.4217466851051,0
2025-09-23T02:00:00,1006.4217466851051,1006.4217466851051,0
2025-09-23T02:15:00,1006.4217466851051,1006.4217466851051,0
2025-09-23T02:30:00,1006.4217466851051,1006.4217466851051,0
2025-09-23T02:45:00,1006.4217466851051,1006.4217466851051,0
2025-09-23T03:00:00,1006.4217466851051,1006.4217466851051,0
2025-09-23T03:15:00,1006.4217466851051,1006.4217466851051,0
2025-09-23T03:30:00,1006.4217466851051,1006.4217466851051,0
2025-09-23T03:45:00,1006.4217466851051,1006.4217466851051,0
2025-09-23T04:00:00,1006.4217466851051,1006.4217466851051,0
2025-09-23T04:15:00,1006.4217466851051,1006.4217466851051,0
2025-09-23T04:30:00,1006.4217466851051,1006.4217466851051,0
2025-09-23T04:45:00,1006.4217466851051,1006.4217466851051,0
2025-09-23T05:00:00,1006.4217466851051,1006.4217466851051,0
2025-09-23T05:15:00,1006.4217466851051,1006.4217466851051,0
2025-09-23T05:30:00,1006.4217466851051,1006.4217466851051,0
2025-09-23T05:45:00,1006.4217466851051,1006.4217466851051,0
2025-09-23T06:00:00,1006.4217466851051,1006.4217466851051,0
2025-09-23T06:15:00,1006.4217466851051,1006.4217466851051,0
2025-09-23T06:30:00,1006.4217466851051,1006.4217466851051,0
2025-09-23T06:45:00,1006.4217466851051,1006.4217466851051,0
2025-09-23T07:00:00,1006.4217466851051,1006.4217466851051,0
2025-09-23T07:15:00,1006.4217466851051,1006.4217466851051,0
2025-09-23T07:30:00,1006.4217466851051,1006.4217466851051,0
2025-09-23T07:45:00,1006.4217466851051,1006.4217466851051,0
2025-09-23T08:00:00,1006.4217466851051,1006.4217466851051,0
2025-09-23T08:15:00,1006.4217466851051,1006.4217466851051,0
2025-09-23T08:30:00,1006.4217466851051,1006.4217466851051,0
2025-09-23T08:45:00,1006.4217466851051,1006.4217466851051,0
2025-09-23T09:00:00,1006.4217466851051,1006.4217466851051,0
2025-09-23T09:15:00,1006.4217466851051,1006.4217466851051,0
2025-09-23T09:30:00,1006.4217466851051,1006.4217466851051,0
2025-09-23T09:45:00,1006.4217466851051,1006.4217466851051,0
2025-09-23T10:00:00,1006.4217466851051,1006.4217466851051,0
2025-09-23T10:15:00,1006.4217466851051,1006.4217466851051,0
2025-09-23T10:30:00,1006.4217466851051,1006.4217466851051,0
2025-09-23T10:45:00,1006.4217466851051,1006.4217466851051,0
2025-09-23T11:00:00,1006.4217466851051,1006.4217466851051,0
2025-09-23T11:15:00,1006.4217466851051,1006.4217466851051,0
2025-09-23T11:30:00,1006.4217466851051,1006.4217466851051,0
2025-09-23T11:45:00,1006.4217466851051,1006.4217466851051,0
2025-09-23T12:00:00,1006.4217466851051,1006.4217466851051,0
2025-09-23T12:15:00,1006.4217466851051,1006.4217466851051,0
2025-09-23T12:30:00,1006.4217466851051,1006.4217466851051,0
2025-09-23T12:45:00,1006.4217466851051,1006.4217466851051,0
2025-09-23T13:00:00,1006.4217466851051,1006.4217466851051,0
2025-09-23T13:15:00,1006.4217466851051,1006.4217466851051,0
2025-09-23T13:30:00,1006.4217466851051,1006.4217466851051,0
2025-09-23T13:45:00,1006.4217466851051,1006.4217466851051,0
2025-09-23T14:00:00,1006.4217466851051,1006.4217466851051,0
2025-09-23T14:15:00,1006.4217466851051,1006.4217466851051,0
2025-09-23T14:30:00,1006.4217466851051,1006.4217466851051,0
2025-09-23T14:45:00,1006.4217466851051,1006.4217466851051,0
2025-09-23T15:00:00,1006.4217466851051,1006.4217466851051,0
2025-09-23T15:15:00,1006.4217466851051,1006.4217466851051,0
2025-09-23T15:30:00,1006.4217466851051,1006.4217466851051,0
2025-09-23T15:45:00,1006.4217466851051,1006.4217466851051,0
2025-09-23T16:00:00,1006.4217466851051,1006.4217466851051,0
2025-09-23T16:15:00,1006.4217466851051,1006.4217466851051,0
2025-09-23T16:30:00,1006.4217466851051,1006.4217466851051,0
2025-09-23T16:45:00,1006.4217466851051,1006.4217466851051,0
2025-09-23T17:00:00,1006.4217466851051,1006.4217466851051,0
2025-09-23T17:15:00,1006.4217466851051,1006.4217466851051,0
2025-09-23T17:30:00,1005.5028014837894,885.457904107529,1
2025-09-23T17:45:00,1004.9938541357043,885.457904107529,1
2025-09-23T18:00:00,1004.3705103653431,885.457904107529,1
2025-09-23T18:15:00,1003.771680114041,885.457904107529,1
2025-09-23T18:30:00,1004.7218708051909,885.457904107529,1
2025-09-23T18:45:00,1004.0413288236916,885.457904107529,1
2025-09-23T19:00:00,1002.5576772653975,885.457904107529,1
2025-09-23T19:15:00,1002.1335418820703,1002.1335418820703,0
2025-09-23T19:30:00,1002.1335418820703,1002.1335418820703,0
2025-09-23T19:45:00,1002.1335418820703,1002.1335418820703,0
2025-09-23T20:00:00,1002.1335418820703,1002.1335418820703,0
2025-09-23T20:15:00,1002.1335418820703,1002.1335418820703,0
2025-09-23T20:30:00,1002.1335418820703,1002.1335418820703,0
2025-09-23T20:45:00,1002.1335418820703,1002.1335418820703,0
2025-09-23T21:00:00,1002.1335418820703,1002.1335418820703,0
2025-09-23T21:15:00,1002.1335418820703,1002.1335418820703,0
2025-09-23T21:30:00,1002.1335418820703,1002.1335418820703,0
2025-09-23T21:45:00,1002.1335418820703,1002.1335418820703,0
2025-09-23T22:00:00,1002.1335418820703,1002.1335418820703,0
2025-09-23T22:15:00,1002.1335418820703,1002.1335418820703,0
2025-09-23T22:30:00,1002.1335418820703,1002.1335418820703,0
2025-09-23T22:45:00,1002.1335418820703,1002.1335418820703,0
2025-09-23T23:00:00,1002.1335418820703,1002.1335418820703,0
2025-09-23T23:15:00,1002.1335418820703,1002.1335418820703,0
2025-09-23T23:30:00,1002.1335418820703,1002.1335418820703,0
2025-09-23T23:45:00,1002.1335418820703,1002.1335418820703,0
2025-09-24T00:00:00,1002.1335418820703,1002.1335418820703,0
2025-09-24T00:15:00,1002.1335418820703,1002.1335418820703,0
2025-09-24T00:30:00,1002.1335418820703,1002.1335418820703,0
2025-09-24T00:45:00,1002.1335418820703,1002.1335418820703,0
2025-09-24T01:00:00,1002.1335418820703,1002.1335418820703,0
2025-09-24T01:15:00,1002.1335418820703,1002.1335418820703,0
2025-09-24T01:30:00,1002.1335418820703,1002.1335418820703,0
2025-09-24T01:45:00,1002.1335418820703,1002.1335418820703,0
2025-09-24T02:00:00,1002.1335418820703,1002.1335418820703,0
2025-09-24T02:15:00,1002.1335418820703,1002.1335418820703,0
2025-09-24T02:30:00,1002.1335418820703,1002.1335418820703,0
2025-09-24T02:45:00,1002.1335418820703,1002.1335418820703,0
2025-09-24T03:00:00,1002.1335418820703,1002.1335418820703,0
2025-09-24T03:15:00,1002.1335418820703,1002.1335418820703,0
2025-09-24T03:30:00,1002.1335418820703,1002.1335418820703,0
2025-09-24T03:45:00,1002.1335418820703,1002.1335418820703,0
2025-09-24T04:00:00,1002.1335418820703,1002.1335418820703,0
2025-09-24T04:15:00,1002.1335418820703,1002.1335418820703,0
2025-09-24T04:30:00,1002.1335418820703,1002.1335418820703,0
2025-09-24T04:45:00,1002.1335418820703,1002.1335418820703,0
2025-09-24T05:00:00,1002.1335418820703,1002.1335418820703,0
2025-09-24T05:15:00,1002.1335418820703,1002.1335418820703,0
2025-09-24T05:30:00,1002.1335418820703,1002.1335418820703,0
2025-09-24T05:45:00,1002.1335418820703,1002.1335418820703,0
2025-09-24T06:00:00,1002.1335418820703,1002.1335418820703,0
2025-09-24T06:15:00,1002.1335418820703,1002.1335418820703,0
2025-09-24T06:30:00,1002.1335418820703,1002.1335418820703,0
2025-09-24T06:45:00,1002.1335418820703,1002.1335418820703,0
2025-09-24T07:00:00,1002.1335418820703,1002.1335418820703,0
2025-09-24T07:15:00,1002.1335418820703,1002.1335418820703,0
2025-09-24T07:30:00,1002.1335418820703,1002.1335418820703,0
2025-09-24T07:45:00,1002.1335418820703,1002.1335418820703,0
2025-09-24T08:00:00,1002.1335418820703,1002.1335418820703,0
2025-09-24T08:15:00,1002.1335418820703,1002.1335418820703,0
2025-09-24T08:30:00,1002.1335418820703,1002.1335418820703,0
2025-09-24T08:45:00,1002.1335418820703,1002.1335418820703,0
2025-09-24T09:00:00,1002.1335418820703,1002.1335418820703,0
2025-09-24T09:15:00,1002.1335418820703,1002.1335418820703,0
2025-09-24T09:30:00,1002.1335418820703,1002.1335418820703,0
2025-09-24T09:45:00,1002.1335418820703,1002.1335418820703,0
2025-09-24T10:00:00,1002.1335418820703,1002.1335418820703,0
2025-09-24T10:15:00,1002.1335418820703,1002.1335418820703,0
2025-09-24T10:30:00,1002.1335418820703,1002.1335418820703,0
2025-09-24T10:45:00,1002.1335418820703,1002.1335418820703,0
2025-09-24T11:00:00,1002.1335418820703,1002.1335418820703,0
2025-09-24T11:15:00,1002.1335418820703,1002.1335418820703,0
2025-09-24T11:30:00,1002.1335418820703,1002.1335418820703,0
2025-09-24T11:45:00,1002.1335418820703,1002.1335418820703,0
2025-09-24T12:00:00,1002.1335418820703,1002.1335418820703,0
2025-09-24T12:15:00,1002.1335418820703,1002.1335418820703,0
2025-09-24T12:30:00,1002.1335418820703,1002.1335418820703,0
2025-09-24T12:45:00,1002.1335418820703,1002.1335418820703,0
2025-09-24T13:00:00,1002.1335418820703,1002.1335418820703,0
2025-09-24T13:15:00,1002.1335418820703,1002.1335418820703,0
2025-09-24T13:30:00,1002.1335418820703,1002.1335418820703,0
2025-09-24T13:45:00,1002.1335418820703,1002.1335418820703,0
2025-09-24T14:00:00,1002.1335418820703,1002.1335418820703,0
2025-09-24T14:15:00,1002.1335418820703,1002.1335418820703,0
2025-09-24T14:30:00,1002.1335418820703,1002.1335418820703,0
2025-09-24T14:45:00,1002.1335418820703,1002.1335418820703,0
2025-09-24T15:00:00,1002.1335418820703,1002.1335418820703,0
2025-09-24T15:15:00,1002.1335418820703,1002.1335418820703,0
2025-09-24T15:30:00,1002.1335418820703,1002.1335418820703,0
2025-09-24T15:45:00,1002.1335418820703,1002.1335418820703,0
2025-09-24T16:00:00,1002.1335418820703,1002.1335418820703,0
2025-09-24T16:15:00,1002.1335418820703,1002.1335418820703,0
2025-09-24T16:30:00,1002.1335418820703,1002.1335418820703,0
2025-09-24T16:45:00,1002.1335418820703,1002.1335418820703,0
2025-09-24T17:00:00,1002.1335418820703,1002.1335418820703,0
2025-09-24T17:15:00,1002.1335418820703,1002.1335418820703,0
2025-09-24T17:30:00,1002.1335418820703,1002.1335418820703,0
2025-09-24T17:45:00,1002.1335418820703,1002.1335418820703,0
2025-09-24T18:00:00,1002.1335418820703,1002.1335418820703,0
2025-09-24T18:15:00,1002.1335418820703,1002.1335418820703,0
2025-09-24T18:30:00,1002.1335418820703,1002.1335418820703,0
2025-09-24T18:45:00,1002.1335418820703,1002.1335418820703,0
2025-09-24T19:00:00,1002.1335418820703,1002.1335418820703,0
2025-09-24T19:15:00,1002.1335418820703,1002.1335418820703,0
2025-09-24T19:30:00,1002.1335418820703,1002.1335418820703,0
2025-09-24T19:45:00,1002.1335418820703,1002.1335418820703,0
2025-09-24T20:00:00,1002.1335418820703,1002.1335418820703,0
2025-09-24T20:15:00,1002.1335418820703,1002.1335418820703,0
2025-09-24T20:30:00,1002.1335418820703,1002.1335418820703,0
2025-09-24T20:45:00,1002.1335418820703,1002.1335418820703,0
2025-09-24T21:00:00,1002.1335418820703,1002.1335418820703,0
2025-09-24T21:15:00,1002.1335418820703,1002.1335418820703,0
2025-09-24T21:30:00,1002.1335418820703,1002.1335418820703,0
2025-09-24T21:45:00,1002.1335418820703,1002.1335418820703,0
2025-09-24T22:00:00,1002.1335418820703,1002.1335418820703,0
2025-09-24T22:15:00,1002.1335418820703,1002.1335418820703,0
2025-09-24T22:30:00,1002.1335418820703,1002.1335418820703,0
2025-09-24T22:45:00,1002.1335418820703,1002.1335418820703,0
2025-09-24T23:00:00,1002.1335418820703,1002.1335418820703,0
2025-09-24T23:15:00,1002.1335418820703,1002.1335418820703,0
2025-09-24T23:30:00,1002.1335418820703,1002.1335418820703,0
2025-09-24T23:45:00,1002.1335418820703,1002.1335418820703,0
2025-09-25T00:00:00,1002.1335418820703,1002.1335418820703,0
2025-09-25T00:15:00,1002.1335418820703,1002.1335418820703,0
2025-09-25T00:30:00,1002.1335418820703,1002.1335418820703,0
2025-09-25T00:45:00,1001.2185121617536,881.6851072161805,1
2025-09-25T01:00:00,1001.6338482713559,881.6851072161805,1
2025-09-25T01:15:00,1003.4830272986592,881.6851072161805,1
2025-09-25T01:30:00,1006.31454622564,881.6851072161805,1
2025-09-25T01:45:00,1004.3755332645184,881.6851072161805,1
2025-09-25T02:00:00,1005.576041289184,881.6851072161805,1
2025-09-25T02:15:00,1006.6120482142599,881.6851072161805,1
2025-09-25T02:30:00,1004.4373670111727,881.6851072161805,1
2025-09-25T02:45:00,1004.3696998921924,881.6851072161805,1
2025-09-25T03:00:00,1005.9132102096197,881.6851072161805,1
2025-09-25T03:15:00,1011.8865834713183,881.6851072161805,1
2025-09-25T03:30:00,1010.60207488516,881.6851072161805,1
2025-09-25T03:45:00,1008.9710639828447,881.6851072161805,1
2025-09-25T04:00:00,1010.647575189302,881.6851072161805,1
2025-09-25T04:15:00,1012.1724187152863,881.6851072161805,1
2025-09-25T04:30:00,1011.7127489760071,881.6851072161805,1
2025-09-25T04:45:00,1015.959444029246,881.6851072161805,1
2025-09-25T05:00:00,1014.6061016496425,881.6851072161805,1
2025-09-25T05:15:00,1012.3532532573886,881.6851072161805,1
2025-09-25T05:30:00,1012.8992569070907,881.6851072161805,1
2025-09-25T05:45:00,1013.2982595741807,881.6851072161805,1
2025-09-25T06:00:00,1015.5837748514596,881.6851072161805,1
2025-09-25T06:15:00,1015.6607753661611,881.6851072161805,1
2025-09-25T06:30:00,1016.1087783607886,881.6851072161805,1
2025-09-25T06:45:00,1016.5579480298811,881.6851072161805,1
2025-09-25T07:00:00,1016.2837795305649,881.6851072161805,1
2025-09-25T07:15:00,1014.4469380318305,1014.4469380318305,0
2025-09-25T07:30:00,1014.4469380318305,1014.4469380318305,0
2025-09-25T07:45:00,1014.4469380318305,1014.4469380318305,0
2025-09-25T08:00:00,1014.4469380318305,1014.4469380318305,0
2025-09-25T08:15:00,1014.4469380318305,1014.4469380318305,0
2025-09-25T08:30:00,1014.4469380318305,1014.4469380318305,0
2025-09-25T08:45:00,1014.4469380318305,1014.4469380318305,0
2025-09-25T09:00:00,1014.4469380318305,1014.4469380318305,0
2025-09-25T09:15:00,1014.4469380318305,1014.4469380318305,0
2025-09-25T09:30:00,1014.4469380318305,1014.4469380318305,0
2025-09-25T09:45:00,1014.4469380318305,1014.4469380318305,0
2025-09-25T10:00:00,1014.4469380318305,1014.4469380318305,0
2025-09-25T10:15:00,1014.4469380318305,1014.4469380318305,0
2025-09-25T10:30:00,1014.4469380318305,1014.4469380318305,0
2025-09-25T10:45:00,1014.4469380318305,1014.4469380318305,0
2025-09-25T11:00:00,1014.4469380318305,1014.4469380318305,0
2025-09-25T11:15:00,1014.4469380318305,1014.4469380318305,0
2025-09-25T11:30:00,1014.4469380318305,1014.4469380318305,0
2025-09-25T11:45:00,1014.4469380318305,1014.4469380318305,0
2025-09-25T12:00:00,1014.4469380318305,1014.4469380318305,0
2025-09-25T12:15:00,1014.4469380318305,1014.4469380318305,0
2025-09-25T12:30:00,1014.4469380318305,1014.4469380318305,0
2025-09-25T12:45:00,1014.4469380318305,1014.4469380318305,0
2025-09-25T13:00:00,1014.4469380318305,1014.4469380318305,0
2025-09-25T13:15:00,1014.4469380318305,1014.4469380318305,0
2025-09-25T13:30:00,1014.4469380318305,1014.4469380318305,0
2025-09-25T13:45:00,1014.4469380318305,1014.4469380318305,0
2025-09-25T14:00:00,1014.4469380318305,1014.4469380318305,0
2025-09-25T14:15:00,1014.4469380318305,1014.4469380318305,0
2025-09-25T14:30:00,1014.4469380318305,1014.4469380318305,0
2025-09-25T14:45:00,1014.4469380318305,1014.4469380318305,0
2025-09-25T15:00:00,1014.4469380318305,1014.4469380318305,0
2025-09-25T15:15:00,1014.4469380318305,1014.4469380318305,0
2025-09-25T15:30:00,1014.4469380318305,1014.4469380318305,0
2025-09-25T15:45:00,1014.4469380318305,1014.4469380318305,0
2025-09-25T16:00:00,1014.4469380318305,1014.4469380318305,0
2025-09-25T16:15:00,1014.4469380318305,1014.4469380318305,0
2025-09-25T16:30:00,1014.4469380318305,1014.4469380318305,0
2025-09-25T16:45:00,1014.4469380318305,1014.4469380318305,0
2025-09-25T17:00:00,1013.5206651757796,892.5185316559088,1
2025-09-25T17:15:00,1013.11902311774,892.5185316559088,1
2025-09-25T17:30:00,1017.3681708719533,892.5185316559088,1
2025-09-25T17:45:00,1020.8715906928596,892.5185316559088,1
2025-09-25T18:00:00,1018.1614452171158,892.5185316559088,1
2025-09-25T18:15:00,1015.4625607336534,892.5185316559088,1
2025-09-25T18:30:00,1014.4603324206012,892.5185316559088,1
2025-09-25T18:45:00,1010.0873137512915,892.5185316559088,1
2025-09-25T19:00:00,1009.817517206656,1009.817517206656,0
2025-09-25T19:15:00,1009.817517206656,1009.817517206656,0
2025-09-25T19:30:00,1009.817517206656,1009.817517206656,0
2025-09-25T19:45:00,1009.817517206656,1009.817517206656,0
2025-09-25T20:00:00,1009.817517206656,1009.817517206656,0
2025-09-25T20:15:00,1009.817517206656,1009.817517206656,0
2025-09-25T20:30:00,1009.817517206656,1009.817517206656,0
2025-09-25T20:45:00,1009.817517206656,1009.817517206656,0
2025-09-25T21:00:00,1009.817517206656,1009.817517206656,0
2025-09-25T21:15:00,1009.817517206656,1009.817517206656,0
2025-09-25T21:30:00,1009.817517206656,1009.817517206656,0
2025-09-25T21:45:00,1009.817517206656,1009.817517206656,0
2025-09-25T22:00:00,1009.817517206656,1009.817517206656,0
2025-09-25T22:15:00,1009.817517206656,1009.817517206656,0
2025-09-25T22:30:00,1009.817517206656,1009.817517206656,0
2025-09-25T22:45:00,1009.817517206656,1009.817517206656,0
2025-09-25T23:00:00,1009.817517206656,1009.817517206656,0
2025-09-25T23:15:00,1009.817517206656,1009.817517206656,0
2025-09-25T23:30:00,1009.817517206656,1009.817517206656,0
2025-09-25T23:45:00,1009.817517206656,1009.817517206656,0
2025-09-26T00:00:00,1009.817517206656,1009.817517206656,0
2025-09-26T00:15:00,1009.817517206656,1009.817517206656,0
2025-09-26T00:30:00,1009.817517206656,1009.817517206656,0
2025-09-26T00:45:00,1009.817517206656,1009.817517206656,0
2025-09-26T01:00:00,1009.817517206656,1009.817517206656,0
2025-09-26T01:15:00,1009.817517206656,1009.817517206656,0
2025-09-26T01:30:00,1009.817517206656,1009.817517206656,0
2025-09-26T01:45:00,1009.817517206656,1009.817517206656,0
2025-09-26T02:00:00,1009.817517206656,1009.817517206656,0
2025-09-26T02:15:00,1009.817517206656,1009.817517206656,0
2025-09-26T02:30:00,1009.817517206656,1009.817517206656,0
2025-09-26T02:45:00,1009.817517206656,1009.817517206656,0
2025-09-26T03:00:00,1009.817517206656,1009.817517206656,0
2025-09-26T03:15:00,1009.817517206656,1009.817517206656,0
2025-09-26T03:30:00,1009.817517206656,1009.817517206656,0
2025-09-26T03:45:00,1009.817517206656,1009.817517206656,0
2025-09-26T04:00:00,1009.817517206656,1009.817517206656,0
2025-09-26T04:15:00,1009.817517206656,1009.817517206656,0
2025-09-26T04:30:00,1009.817517206656,1009.817517206656,0
2025-09-26T04:45:00,1009.817517206656,1009.817517206656,0
2025-09-26T05:00:00,1009.817517206656,1009.817517206656,0
2025-09-26T05:15:00,1009.817517206656,1009.817517206656,0
2025-09-26T05:30:00,1009.817517206656,1009.817517206656,0
2025-09-26T05:45:00,1009.817517206656,1009.817517206656,0
2025-09-26T06:00:00,1009.817517206656,1009.817517206656,0
2025-09-26T06:15:00,1009.817517206656,1009.817517206656,0
2025-09-26T06:30:00,1009.817517206656,1009.817517206656,0
2025-09-26T06:45:00,1009.817517206656,1009.817517206656,0
2025-09-26T07:00:00,1009.817517206656,1009.817517206656,0
2025-09-26T07:15:00,1009.817517206656,1009.817517206656,0
2025-09-26T07:30:00,1008.8954713896832,888.4455301785537,1
2025-09-26T07:45:00,1004.8796637006203,1004.8796637006203,0
2025-09-26T08:00:00,1004.8796637006203,1004.8796637006203,0
2025-09-26T08:15:00,1004.8796637006203,1004.8796637006203,0
2025-09-26T08:30:00,1004.8796637006203,1004.8796637006203,0
2025-09-26T08:45:00,1004.8796637006203,1004.8796637006203,0
2025-09-26T09:00:00,1004.8796637006203,1004.8796637006203,0
2025-09-26T09:15:00,1004.8796637006203,1004.8796637006203,0
2025-09-26T09:30:00,1004.8796637006203,1004.8796637006203,0
2025-09-26T09:45:00,1004.8796637006203,1004.8796637006203,0
2025-09-26T10:00:00,1004.8796637006203,1004.8796637006203,0
2025-09-26T10:15:00,1004.8796637006203,1004.8796637006203,0
2025-09-26T10:30:00,1004.8796637006203,1004.8796637006203,0
2025-09-26T10:45:00,1004.8796637006203,1004.8796637006203,0
2025-09-26T11:00:00,1004.8796637006203,1004.8796637006203,0
2025-09-26T11:15:00,1004.8796637006203,1004.8796637006203,0
2025-09-26T11:30:00,1004.8796637006203,1004.8796637006203,0
2025-09-26T11:45:00,1004.8796637006203,1004.8796637006203,0
2025-09-26T12:00:00,1004.8796637006203,1004.8796637006203,0
2025-09-26T12:15:00,1004.8796637006203,1004.8796637006203,0
2025-09-26T12:30:00,1004.8796637006203,1004.8796637006203,0
2025-09-26T12:45:00,1004.8796637006203,1004.8796637006203,0
2025-09-26T13:00:00,1004.8796637006203,1004.8796637006203,0
2025-09-26T13:15:00,1004.8796637006203,1004.8796637006203,0
2025-09-26T13:30:00,1004.8796637006203,1004.8796637006203,0
2025-09-26T13:45:00,1004.8796637006203,1004.8796637006203,0
2025-09-26T14:00:00,1004.8796637006203,1004.8796637006203,0
2025-09-26T14:15:00,1004.8796637006203,1004.8796637006203,0
2025-09-26T14:30:00,1004.8796637006203,1004.8796637006203,0
2025-09-26T14:45:00,1004.8796637006203,1004.8796637006203,0
2025-09-26T15:00:00,1004.8796637006203,1004.8796637006203,0
2025-09-26T15:15:00,1004.8796637006203,1004.8796637006203,0
2025-09-26T15:30:00,1004.8796637006203,1004.8796637006203,0
2025-09-26T15:45:00,1004.8796637006203,1004.8796637006203,0
2025-09-26T16:00:00,1004.8796637006203,1004.8796637006203,0
2025-09-26T16:15:00,1004.8796637006203,1004.8796637006203,0
2025-09-26T16:30:00,1004.8796637006203,1004.8796637006203,0
2025-09-26T16:45:00,1004.8796637006203,1004.8796637006203,0
2025-09-26T17:00:00,1004.8796637006203,1004.8796637006203,0
2025-09-26T17:15:00,1004.8796637006203,1004.8796637006203,0
2025-09-26T17:30:00,1004.8796637006203,1004.8796637006203,0
2025-09-26T17:45:00,1004.8796637006203,1004.8796637006203,0
2025-09-26T18:00:00,1003.9642970918952,884.1011671611153,1
2025-09-26T18:15:00,1004.4185006059245,884.1011671611153,1
2025-09-26T18:30:00,1003.0047624431476,884.1011671611153,1
2025-09-26T18:45:00,1003.1950047526886,884.1011671611153,1
2025-09-26T19:00:00,1002.6088206364152,884.1011671611153,1
2025-09-26T19:15:00,1000.6540809058808,884.1011671611153,1
2025-09-26T19:30:00,999.0812813445218,999.0812813445218,0
2025-09-26T19:45:00,999.0812813445218,999.0812813445218,0
2025-09-26T20:00:00,999.0812813445218,999.0812813445218,0
2025-09-26T20:15:00,999.0812813445218,999.0812813445218,0
2025-09-26T20:30:00,999.0812813445218,999.0812813445218,0
2025-09-26T20:45:00,999.0812813445218,999.0812813445218,0
2025-09-26T21:00:00,999.0812813445218,999.0812813445218,0
2025-09-26T21:15:00,999.0812813445218,999.0812813445218,0
2025-09-26T21:30:00,999.0812813445218,999.0812813445218,0
2025-09-26T21:45:00,999.0812813445218,999.0812813445218,0
2025-09-26T22:00:00,999.0812813445218,999.0812813445218,0
2025-09-26T22:15:00,999.0812813445218,999.0812813445218,0
2025-09-26T22:30:00,999.0812813445218,999.0812813445218,0
2025-09-26T22:45:00,999.0812813445218,999.0812813445218,0
2025-09-26T23:00:00,999.0812813445218,999.0812813445218,0
2025-09-26T23:15:00,999.0812813445218,999.0812813445218,0
2025-09-26T23:30:00,999.0812813445218,999.0812813445218,0
2025-09-26T23:45:00,999.0812813445218,999.0812813445218,0
2025-09-27T00:00:00,999.0812813445218,999.0812813445218,0
2025-09-27T00:15:00,999.0812813445218,999.0812813445218,0
2025-09-27T00:30:00,999.0812813445218,999.0812813445218,0
2025-09-27T00:45:00,999.0812813445218,999.0812813445218,0
2025-09-27T01:00:00,999.0812813445218,999.0812813445218,0
2025-09-27T01:15:00,999.0812813445218,999.0812813445218,0
2025-09-27T01:30:00,999.0812813445218,999.0812813445218,0
2025-09-27T01:45:00,999.0812813445218,999.0812813445218,0
2025-09-27T02:00:00,999.0812813445218,999.0812813445218,0
2025-09-27T02:15:00,999.0812813445218,999.0812813445218,0
2025-09-27T02:30:00,999.0812813445218,999.0812813445218,0
2025-09-27T02:45:00,999.0812813445218,999.0812813445218,0
2025-09-27T03:00:00,999.0812813445218,999.0812813445218,0
2025-09-27T03:15:00,999.0812813445218,999.0812813445218,0
2025-09-27T03:30:00,999.0812813445218,999.0812813445218,0
2025-09-27T03:45:00,999.0812813445218,999.0812813445218,0
2025-09-27T04:00:00,999.0812813445218,999.0812813445218,0
2025-09-27T04:15:00,999.0812813445218,999.0812813445218,0
2025-09-27T04:30:00,999.0812813445218,999.0812813445218,0
2025-09-27T04:45:00,999.0812813445218,999.0812813445218,0
2025-09-27T05:00:00,999.0812813445218,999.0812813445218,0
2025-09-27T05:15:00,999.0812813445218,999.0812813445218,0
2025-09-27T05:30:00,999.0812813445218,999.0812813445218,0
2025-09-27T05:45:00,999.0812813445218,999.0812813445218,0
2025-09-27T06:00:00,999.0812813445218,999.0812813445218,0
2025-09-27T06:15:00,999.0812813445218,999.0812813445218,0
2025-09-27T06:30:00,999.0812813445218,999.0812813445218,0
2025-09-27T06:45:00,999.0812813445218,999.0812813445218,0
2025-09-27T07:00:00,999.0812813445218,999.0812813445218,0
2025-09-27T07:15:00,999.0812813445218,999.0812813445218,0
2025-09-27T07:30:00,999.0812813445218,999.0812813445218,0
2025-09-27T07:45:00,999.0812813445218,999.0812813445218,0
2025-09-27T08:00:00,999.0812813445218,999.0812813445218,0
2025-09-27T08:15:00,999.0812813445218,999.0812813445218,0
2025-09-27T08:30:00,999.0812813445218,999.0812813445218,0
2025-09-27T08:45:00,999.0812813445218,999.0812813445218,0
2025-09-27T09:00:00,999.0812813445218,999.0812813445218,0
2025-09-27T09:15:00,999.0812813445218,999.0812813445218,0
2025-09-27T09:30:00,999.0812813445218,999.0812813445218,0
2025-09-27T09:45:00,999.0812813445218,999.0812813445218,0
2025-09-27T10:00:00,999.0812813445218,999.0812813445218,0
2025-09-27T10:15:00,999.0812813445218,999.0812813445218,0
2025-09-27T10:30:00,999.0812813445218,999.0812813445218,0
2025-09-27T10:45:00,999.0812813445218,999.0812813445218,0
2025-09-27T11:00:00,999.0812813445218,999.0812813445218,0
2025-09-27T11:15:00,999.0812813445218,999.0812813445218,0
2025-09-27T11:30:00,999.0812813445218,999.0812813445218,0
2025-09-27T11:45:00,999.0812813445218,999.0812813445218,0
2025-09-27T12:00:00,999.0812813445218,999.0812813445218,0
2025-09-27T12:15:00,999.0812813445218,999.0812813445218,0
2025-09-27T12:30:00,999.0812813445218,999.0812813445218,0
2025-09-27T12:45:00,999.0812813445218,999.0812813445218,0
2025-09-27T13:00:00,999.0812813445218,999.0812813445218,0
2025-09-27T13:15:00,999.0812813445218,999.0812813445218,0
2025-09-27T13:30:00,999.0812813445218,999.0812813445218,0
2025-09-27T13:45:00,999.0812813445218,999.0812813445218,0
2025-09-27T14:00:00,999.0812813445218,999.0812813445218,0
2025-09-27T14:15:00,999.0812813445218,999.0812813445218,0
2025-09-27T14:30:00,999.0812813445218,999.0812813445218,0
2025-09-27T14:45:00,999.0812813445218,999.0812813445218,0
2025-09-27T15:00:00,999.0812813445218,999.0812813445218,0
2025-09-27T15:15:00,999.0812813445218,999.0812813445218,0
2025-09-27T15:30:00,999.0812813445218,999.0812813445218,0
2025-09-27T15:45:00,999.0812813445218,999.0812813445218,0
2025-09-27T16:00:00,999.0812813445218,999.0812813445218,0
2025-09-27T16:15:00,999.0812813445218,999.0812813445218,0
2025-09-27T16:30:00,999.0812813445218,999.0812813445218,0
2025-09-27T16:45:00,999.0812813445218,999.0812813445218,0
2025-09-27T17:00:00,999.0812813445218,999.0812813445218,0
2025-09-27T17:15:00,999.0812813445218,999.0812813445218,0
2025-09-27T17:30:00,999.0812813445218,999.0812813445218,0
2025-09-27T17:45:00,999.0812813445218,999.0812813445218,0
2025-09-27T18:00:00,999.0812813445218,999.0812813445218,0
2025-09-27T18:15:00,999.0812813445218,999.0812813445218,0
2025-09-27T18:30:00,999.0812813445218,999.0812813445218,0
2025-09-27T18:45:00,999.0812813445218,999.0812813445218,0
2025-09-27T19:00:00,999.0812813445218,999.0812813445218,0
2025-09-27T19:15:00,999.0812813445218,999.0812813445218,0
2025-09-27T19:30:00,999.0812813445218,999.0812813445218,0
2025-09-27T19:45:00,999.0812813445218,999.0812813445218,0
2025-09-27T20:00:00,999.0812813445218,999.0812813445218,0
2025-09-27T20:15:00,999.0812813445218,999.0812813445218,0
2025-09-27T20:30:00,999.0812813445218,999.0812813445218,0
2025-09-27T20:45:00,999.0812813445218,999.0812813445218,0
2025-09-27T21:00:00,999.0812813445218,999.0812813445218,0
2025-09-27T21:15:00,999.0812813445218,999.0812813445218,0
2025-09-27T21:30:00,999.0812813445218,999.0812813445218,0
2025-09-27T21:45:00,999.0812813445218,999.0812813445218,0
2025-09-27T22:00:00,999.0812813445218,999.0812813445218,0
2025-09-27T22:15:00,999.0812813445218,999.0812813445218,0
2025-09-27T22:30:00,999.0812813445218,999.0812813445218,0
2025-09-27T22:45:00,999.0812813445218,999.0812813445218,0
2025-09-27T23:00:00,999.0812813445218,999.0812813445218,0
2025-09-27T23:15:00,999.0812813445218,999.0812813445218,0
2025-09-27T23:30:00,999.0812813445218,999.0812813445218,0
2025-09-27T23:45:00,999.0812813445218,999.0812813445218,0
2025-09-28T00:00:00,999.0812813445218,999.0812813445218,0
2025-09-28T00:15:00,999.0812813445218,999.0812813445218,0
2025-09-28T00:30:00,999.0812813445218,999.0812813445218,0
2025-09-28T00:45:00,999.0812813445218,999.0812813445218,0
2025-09-28T01:00:00,999.0812813445218,999.0812813445218,0
2025-09-28T01:15:00,999.0812813445218,999.0812813445218,0
2025-09-28T01:30:00,999.0812813445218,999.0812813445218,0
2025-09-28T01:45:00,999.0812813445218,999.0812813445218,0
2025-09-28T02:00:00,999.0812813445218,999.0812813445218,0
2025-09-28T02:15:00,999.0812813445218,999.0812813445218,0
2025-09-28T02:30:00,999.0812813445218,999.0812813445218,0
2025-09-28T02:45:00,999.0812813445218,999.0812813445218,0
2025-09-28T03:00:00,999.0812813445218,999.0812813445218,0
2025-09-28T03:15:00,999.0812813445218,999.0812813445218,0
2025-09-28T03:30:00,999.0812813445218,999.0812813445218,0
2025-09-28T03:45:00,999.0812813445218,999.0812813445218,0
2025-09-28T04:00:00,999.0812813445218,999.0812813445218,0
2025-09-28T04:15:00,999.0812813445218,999.0812813445218,0
2025-09-28T04:30:00,999.0812813445218,999.0812813445218,0
2025-09-28T04:45:00,999.0812813445218,999.0812813445218,0
2025-09-28T05:00:00,999.0812813445218,999.0812813445218,0
2025-09-28T05:15:00,999.0812813445218,999.0812813445218,0
2025-09-28T05:30:00,999.0812813445218,999.0812813445218,0
2025-09-28T05:45:00,999.0812813445218,999.0812813445218,0
2025-09-28T06:00:00,999.0812813445218,999.0812813445218,0
2025-09-28T06:15:00,999.0812813445218,999.0812813445218,0
2025-09-28T06:30:00,999.0812813445218,999.0812813445218,0
2025-09-28T06:45:00,999.0812813445218,999.0812813445218,0
2025-09-28T07:00:00,999.0812813445218,999.0812813445218,0
2025-09-28T07:15:00,999.0812813445218,999.0812813445218,0
2025-09-28T07:30:00,999.0812813445218,999.0812813445218,0
2025-09-28T07:45:00,999.0812813445218,999.0812813445218,0
2025-09-28T08:00:00,999.0812813445218,999.0812813445218,0
2025-09-28T08:15:00,999.0812813445218,999.0812813445218,0
2025-09-28T08:30:00,999.0812813445218,999.0812813445218,0
2025-09-28T08:45:00,999.0812813445218,999.0812813445218,0
2025-09-28T09:00:00,999.0812813445218,999.0812813445218,0
2025-09-28T09:15:00,999.0812813445218,999.0812813445218,0
2025-09-28T09:30:00,999.0812813445218,999.0812813445218,0
2025-09-28T09:45:00,999.0812813445218,999.0812813445218,0
2025-09-28T10:00:00,999.0812813445218,999.0812813445218,0
2025-09-28T10:15:00,999.0812813445218,999.0812813445218,0
2025-09-28T10:30:00,999.0812813445218,999.0812813445218,0
2025-09-28T10:45:00,999.0812813445218,999.0812813445218,0
2025-09-28T11:00:00,999.0812813445218,999.0812813445218,0
2025-09-28T11:15:00,999.0812813445218,999.0812813445218,0
2025-09-28T11:30:00,999.0812813445218,999.0812813445218,0
2025-09-28T11:45:00,999.0812813445218,999.0812813445218,0
2025-09-28T12:00:00,999.0812813445218,999.0812813445218,0
2025-09-28T12:15:00,999.0812813445218,999.0812813445218,0
2025-09-28T12:30:00,999.0812813445218,999.0812813445218,0
2025-09-28T12:45:00,999.0812813445218,999.0812813445218,0
2025-09-28T13:00:00,999.0812813445218,999.0812813445218,0
2025-09-28T13:15:00,999.0812813445218,999.0812813445218,0
2025-09-28T13:30:00,999.0812813445218,999.0812813445218,0
2025-09-28T13:45:00,999.0812813445218,999.0812813445218,0
2025-09-28T14:00:00,999.0812813445218,999.0812813445218,0
2025-09-28T14:15:00,999.0812813445218,999.0812813445218,0
2025-09-28T14:30:00,999.0812813445218,999.0812813445218,0
2025-09-28T14:45:00,999.0812813445218,999.0812813445218,0
2025-09-28T15:00:00,999.0812813445218,999.0812813445218,0
2025-09-28T15:15:00,999.0812813445218,999.0812813445218,0
2025-09-28T15:30:00,999.0812813445218,999.0812813445218,0
2025-09-28T15:45:00,999.0812813445218,999.0812813445218,0
2025-09-28T16:00:00,999.0812813445218,999.0812813445218,0
2025-09-28T16:15:00,999.0812813445218,999.0812813445218,0
2025-09-28T16:30:00,999.0812813445218,999.0812813445218,0
2025-09-28T16:45:00,999.0812813445218,999.0812813445218,0
2025-09-28T17:00:00,999.0812813445218,999.0812813445218,0
2025-09-28T17:15:00,999.0812813445218,999.0812813445218,0
2025-09-28T17:30:00,999.0812813445218,999.0812813445218,0
2025-09-28T17:45:00,999.0812813445218,999.0812813445218,0
2025-09-28T18:00:00,999.0812813445218,999.0812813445218,0
2025-09-28T18:15:00,999.0812813445218,999.0812813445218,0
2025-09-28T18:30:00,999.0812813445218,999.0812813445218,0
2025-09-28T18:45:00,999.0812813445218,999.0812813445218,0
2025-09-28T19:00:00,999.0812813445218,999.0812813445218,0
2025-09-28T19:15:00,999.0812813445218,999.0812813445218,0
2025-09-28T19:30:00,999.0812813445218,999.0812813445218,0
2025-09-28T19:45:00,999.0812813445218,999.0812813445218,0
2025-09-28T20:00:00,999.0812813445218,999.0812813445218,0
2025-09-28T20:15:00,999.0812813445218,999.0812813445218,0
2025-09-28T20:30:00,998.1711966076319,878.9997039771611,1
2025-09-28T20:45:00,997.5675508666993,878.9997039771611,1
2025-09-28T21:00:00,997.817062952237,878.9997039771611,1
2025-09-28T21:15:00,997.2688787283284,878.9997039771611,1
2025-09-28T21:30:00,997.0509602851732,878.9997039771611,1
2025-09-28T21:45:00,997.6978530611706,878.9997039771611,1
2025-09-28T22:00:00,1000.3997137348717,878.9997039771611,1
2025-09-28T22:15:00,1001.5492993426038,878.9997039771611,1
2025-09-28T22:30:00,1002.2987851349174,878.9997039771611,1
2025-09-28T22:45:00,1002.4650402038485,878.9997039771611,1
2025-09-28T23:00:00,1003.209648835521,878.9997039771611,1
2025-09-28T23:15:00,1003.1959237285844,878.9997039771611,1
2025-09-28T23:30:00,1003.7957713267169,878.9997039771611,1
2025-09-28T23:45:00,1003.4380553320901,878.9997039771611,1
2025-09-29T00:00:00,1003.2017072642117,878.9997039771611,1
2025-09-29T00:15:00,1003.5887725441119,878.9997039771611,1
2025-09-29T00:30:00,1002.974207142629,878.9997039771611,1
2025-09-29T00:45:00,1003.8550741472548,878.9997039771611,1
2025-09-29T01:00:00,1003.772896148489,878.9997039771611,1
2025-09-29T01:15:00,1002.5306392307566,1002.5306392307566,0
2025-09-29T01:30:00,1002.5306392307566,1002.5306392307566,0
2025-09-29T01:45:00,1002.5306392307566,1002.5306392307566,0
2025-09-29T02:00:00,1002.5306392307566,1002.5306392307566,0
2025-09-29T02:15:00,1002.5306392307566,1002.5306392307566,0
2025-09-29T02:30:00,1002.5306392307566,1002.5306392307566,0
2025-09-29T02:45:00,1002.5306392307566,1002.5306392307566,0
2025-09-29T03:00:00,1002.5306392307566,1002.5306392307566,0
2025-09-29T03:15:00,1002.5306392307566,1002.5306392307566,0
2025-09-29T03:30:00,1002.5306392307566,1002.5306392307566,0
2025-09-29T03:45:00,1002.5306392307566,1002.5306392307566,0
2025-09-29T04:00:00,1002.5306392307566,1002.5306392307566,0
2025-09-29T04:15:00,1002.5306392307566,1002.5306392307566,0
2025-09-29T04:30:00,1002.5306392307566,1002.5306392307566,0
2025-09-29T04:45:00,1002.5306392307566,1002.5306392307566,0
2025-09-29T05:00:00,1002.5306392307566,1002.5306392307566,0
2025-09-29T05:15:00,1002.5306392307566,1002.5306392307566,0
2025-09-29T05:30:00,1002.5306392307566,1002.5306392307566,0
2025-09-29T05:45:00,1002.5306392307566,1002.5306392307566,0
2025-09-29T06:00:00,1002.5306392307566,1002.5306392307566,0
2025-09-29T06:15:00,1002.5306392307566,1002.5306392307566,0
2025-09-29T06:30:00,1002.5306392307566,1002.5306392307566,0
2025-09-29T06:45:00,1002.5306392307566,1002.5306392307566,0
2025-09-29T07:00:00,1002.5306392307566,1002.5306392307566,0
2025-09-29T07:15:00,1002.5306392307566,1002.5306392307566,0
2025-09-29T07:30:00,1002.5306392307566,1002.5306392307566,0
2025-09-29T07:45:00,1002.5306392307566,1002.5306392307566,0
2025-09-29T08:00:00,1002.5306392307566,1002.5306392307566,0
2025-09-29T08:15:00,1001.6174123992014,882.0344766403335,1
2025-09-29T08:30:00,1001.8679762892925,882.0344766403335,1
2025-09-29T08:45:00,1001.180692086238,882.0344766403335,1
2025-09-29T09:00:00,1000.9172809619943,882.0344766403335,1
2025-09-29T09:15:00,1001.4867988519825,882.0344766403335,1
2025-09-29T09:30:00,1000.9763354149827,882.0344766403335,1
2025-09-29T09:45:00,1001.228440973172,882.0344766403335,1
2025-09-29T10:00:00,1001.3758415730172,882.0344766403335,1
2025-09-29T10:15:00,1001.7170641121124,882.0344766403335,1
2025-09-29T10:30:00,1000.9503411778804,882.0344766403335,1
2025-09-29T10:45:00,1001.1397094092908,882.0344766403335,1
2025-09-29T11:00:00,1000.0402119643638,1000.0402119643638,0
2025-09-29T11:15:00,1000.0402119643638,1000.0402119643638,0
2025-09-29T11:30:00,1000.0402119643638,1000.0402119643638,0
2025-09-29T11:45:00,1000.0402119643638,1000.0402119643638,0
2025-09-29T12:00:00,1000.0402119643638,1000.0402119643638,0
2025-09-29T12:15:00,1000.0402119643638,1000.0402119643638,0
2025-09-29T12:30:00,1000.0402119643638,1000.0402119643638,0
2025-09-29T12:45:00,1000.0402119643638,1000.0402119643638,0
2025-09-29T13:00:00,1000.0402119643638,1000.0402119643638,0
2025-09-29T13:15:00,1000.0402119643638,1000.0402119643638,0
2025-09-29T13:30:00,1000.0402119643638,1000.0402119643638,0
2025-09-29T13:45:00,1000.0402119643638,1000.0402119643638,0
2025-09-29T14:00:00,1000.0402119643638,1000.0402119643638,0
2025-09-29T14:15:00,1000.0402119643638,1000.0402119643638,0
2025-09-29T14:30:00,1000.0402119643638,1000.0402119643638,0
2025-09-29T14:45:00,1000.0402119643638,1000.0402119643638,0
2025-09-29T15:00:00,1000.0402119643638,1000.0402119643638,0
2025-09-29T15:15:00,1000.0402119643638,1000.0402119643638,0
2025-09-29T15:30:00,1000.0402119643638,1000.0402119643638,0
2025-09-29T15:45:00,1000.0402119643638,1000.0402119643638,0
2025-09-29T16:00:00,1000.0402119643638,1000.0402119643638,0
2025-09-29T16:15:00,1000.0402119643638,1000.0402119643638,0
2025-09-29T16:30:00,1000.0402119643638,1000.0402119643638,0
2025-09-29T16:45:00,1000.0402119643638,1000.0402119643638,0
2025-09-29T17:00:00,1000.0402119643638,1000.0402119643638,0
2025-09-29T17:15:00,1000.0402119643638,1000.0402119643638,0
2025-09-29T17:30:00,1000.0402119643638,1000.0402119643638,0
2025-09-29T17:45:00,1000.0402119643638,1000.0402119643638,0
2025-09-29T18:00:00,1000.0402119643638,1000.0402119643638,0
2025-09-29T18:15:00,1000.0402119643638,1000.0402119643638,0
2025-09-29T18:30:00,1000.0402119643638,1000.0402119643638,0
2025-09-29T18:45:00,1000.0402119643638,1000.0402119643638,0
2025-09-29T19:00:00,1000.0402119643638,1000.0402119643638,0
2025-09-29T19:15:00,1000.0402119643638,1000.0402119643638,0
2025-09-29T19:30:00,1000.0402119643638,1000.0402119643638,0
2025-09-29T19:45:00,1000.0402119643638,1000.0402119643638,0
2025-09-29T20:00:00,1000.0402119643638,1000.0402119643638,0
2025-09-29T20:15:00,1000.0402119643638,1000.0402119643638,0
2025-09-29T20:30:00,999.1292537168425,879.843378807943,1
2025-09-29T20:45:00,998.6431984436243,879.843378807943,1
2025-09-29T21:00:00,997.3923708873705,879.843378807943,1
2025-09-29T21:15:00,998.3690134177064,879.843378807943,1
2025-09-29T21:30:00,998.5185688863888,879.843378807943,1
2025-09-29T21:45:00,998.406402284877,879.843378807943,1
2025-09-29T22:00:00,998.2228569369485,879.843378807943,1
2025-09-29T22:15:00,997.9260119915331,879.843378807943,1
2025-09-29T22:30:00,997.5634532795755,879.843378807943,1
2025-09-29T22:45:00,998.6397994556997,879.843378807943,1
2025-09-29T23:00:00,997.8621424900064,997.8621424900064,0
2025-09-29T23:15:00,997.8621424900064,997.8621424900064,0
2025-09-29T23:30:00,997.8621424900064,997.8621424900064,0
2025-09-29T23:45:00,997.8621424900064,997.8621424900064,0
2025-09-30T00:00:00,997.8621424900064,997.8621424900064,0
2025-09-30T00:15:00,997.8621424900064,997.8621424900064,0
2025-09-30T00:30:00,997.8621424900064,997.8621424900064,0
2025-09-30T00:45:00,997.8621424900064,997.8621424900064,0
2025-09-30T01:00:00,997.8621424900064,997.8621424900064,0
2025-09-30T01:15:00,997.8621424900064,997.8621424900064,0
2025-09-30T01:30:00,997.8621424900064,997.8621424900064,0
2025-09-30T01:45:00,997.8621424900064,997.8621424900064,0
2025-09-30T02:00:00,997.8621424900064,997.8621424900064,0
2025-09-30T02:15:00,997.8621424900064,997.8621424900064,0
2025-09-30T02:30:00,997.8621424900064,997.8621424900064,0
2025-09-30T02:45:00,997.8621424900064,997.8621424900064,0
2025-09-30T03:00:00,997.8621424900064,997.8621424900064,0
2025-09-30T03:15:00,997.8621424900064,997.8621424900064,0
2025-09-30T03:30:00,997.8621424900064,997.8621424900064,0
2025-09-30T03:45:00,997.8621424900064,997.8621424900064,0
2025-09-30T04:00:00,997.8621424900064,997.8621424900064,0
2025-09-30T04:15:00,997.8621424900064,997.8621424900064,0
2025-09-30T04:30:00,997.8621424900064,997.8621424900064,0
2025-09-30T04:45:00,997.8621424900064,997.8621424900064,0
2025-09-30T05:00:00,997.8621424900064,997.8621424900064,0
2025-09-30T05:15:00,997.8621424900064,997.8621424900064,0
2025-09-30T05:30:00,997.8621424900064,997.8621424900064,0
2025-09-30T05:45:00,997.8621424900064,997.8621424900064,0
2025-09-30T06:00:00,997.8621424900064,997.8621424900064,0
2025-09-30T06:15:00,997.8621424900064,997.8621424900064,0
2025-09-30T06:30:00,997.8621424900064,997.8621424900064,0
2025-09-30T06:45:00,997.8621424900064,997.8621424900064,0
2025-09-30T07:00:00,997.8621424900064,997.8621424900064,0
2025-09-30T07:15:00,997.8621424900064,997.8621424900064,0
2025-09-30T07:30:00,997.8621424900064,997.8621424900064,0
2025-09-30T07:45:00,997.8621424900064,997.8621424900064,0
2025-09-30T08:00:00,997.8621424900064,997.8621424900064,0
2025-09-30T08:15:00,997.8621424900064,997.8621424900064,0
2025-09-30T08:30:00,997.8621424900064,997.8621424900064,0
2025-09-30T08:45:00,997.8621424900064,997.8621424900064,0
2025-09-30T09:00:00,997.8621424900064,997.8621424900064,0
2025-09-30T09:15:00,997.8621424900064,997.8621424900064,0
2025-09-30T09:30:00,997.8621424900064,997.8621424900064,0
2025-09-30T09:45:00,997.8621424900064,997.8621424900064,0
2025-09-30T10:00:00,997.8621424900064,997.8621424900064,0
2025-09-30T10:15:00,997.8621424900064,997.8621424900064,0
2025-09-30T10:30:00,997.8621424900064,997.8621424900064,0
2025-09-30T10:45:00,997.8621424900064,997.8621424900064,0
2025-09-30T11:00:00,997.8621424900064,997.8621424900064,0
2025-09-30T11:15:00,997.8621424900064,997.8621424900064,0
2025-09-30T11:30:00,997.8621424900064,997.8621424900064,0
2025-09-30T11:45:00,997.8621424900064,997.8621424900064,0
2025-09-30T12:00:00,997.8621424900064,997.8621424900064,0
2025-09-30T12:15:00,997.8621424900064,997.8621424900064,0
2025-09-30T12:30:00,997.8621424900064,997.8621424900064,0
2025-09-30T12:45:00,997.8621424900064,997.8621424900064,0
2025-09-30T13:00:00,997.8621424900064,997.8621424900064,0
2025-09-30T13:15:00,997.8621424900064,997.8621424900064,0
2025-09-30T13:30:00,997.8621424900064,997.8621424900064,0
2025-09-30T13:45:00,997.8621424900064,997.8621424900064,0
2025-09-30T14:00:00,997.8621424900064,997.8621424900064,0
2025-09-30T14:15:00,997.8621424900064,997.8621424900064,0
2025-09-30T14:30:00,997.8621424900064,997.8621424900064,0
2025-09-30T14:45:00,997.8621424900064,997.8621424900064,0
2025-09-30T15:00:00,997.8621424900064,997.8621424900064,0
2025-09-30T15:15:00,997.8621424900064,997.8621424900064,0
2025-09-30T15:30:00,997.8621424900064,997.8621424900064,0
2025-09-30T15:45:00,997.8621424900064,997.8621424900064,0
2025-09-30T16:00:00,997.8621424900064,997.8621424900064,0
2025-09-30T16:15:00,997.8621424900064,997.8621424900064,0
2025-09-30T16:30:00,997.8621424900064,997.8621424900064,0
2025-09-30T16:45:00,997.8621424900064,997.8621424900064,0
2025-09-30T17:00:00,997.8621424900064,997.8621424900064,0
2025-09-30T17:15:00,997.8621424900064,997.8621424900064,0
2025-09-30T17:30:00,997.8621424900064,997.8621424900064,0
2025-09-30T17:45:00,997.8621424900064,997.8621424900064,0
2025-09-30T18:00:00,997.8621424900064,997.8621424900064,0
2025-09-30T18:15:00,997.8621424900064,997.8621424900064,0
2025-09-30T18:30:00,997.8621424900064,997.8621424900064,0
2025-09-30T18:45:00,997.8621424900064,997.8621424900064,0
2025-09-30T19:00:00,997.8621424900064,997.8621424900064,0
2025-09-30T19:15:00,997.8621424900064,997.8621424900064,0
2025-09-30T19:30:00,997.8621424900064,997.8621424900064,0
2025-09-30T19:45:00,997.8621424900064,997.8621424900064,0
2025-09-30T20:00:00,996.9531682930539,877.9270958598476,1
2025-09-30T20:15:00,997.8730041197875,877.9270958598476,1
2025-09-30T20:30:00,997.5388001747251,877.9270958598476,1
2025-09-30T20:45:00,998.8744849062765,877.9270958598476,1
2025-09-30T21:00:00,997.8681447994533,877.9270958598476,1
2025-09-30T21:15:00,997.4745817430654,877.9270958598476,1
2025-09-30T21:30:00,997.8128490853039,877.9270958598476,1
2025-09-30T21:45:00,996.9250596383613,877.9270958598476,1
2025-09-30T22:00:00,996.4136676625905,996.4136676625905,0
2025-09-30T22:15:00,996.4136676625905,996.4136676625905,0
2025-09-30T22:30:00,996.4136676625905,996.4136676625905,0
2025-09-30T22:45:00,996.4136676625905,996.4136676625905,0
2025-09-30T23:00:00,996.4136676625905,996.4136676625905,0
2025-09-30T23:15:00,996.4136676625905,996.4136676625905,0
2025-09-30T23:30:00,996.4136676625905,996.4136676625905,0
2025-09-30T23:45:00,996.4136676625905,996.4136676625905,0
2025-10-01T00:00:00,996.4136676625905,996.4136676625905,0
2025-10-01T00:15:00,996.4136676625905,996.4136676625905,0
2025-10-01T00:30:00,996.4136676625905,996.4136676625905,0
2025-10-01T00:45:00,996.4136676625905,996.4136676625905,0
2025-10-01T01:00:00,996.4136676625905,996.4136676625905,0
2025-10-01T01:15:00,996.4136676625905,996.4136676625905,0
2025-10-01T01:30:00,996.4136676625905,996.4136676625905,0
2025-10-01T01:45:00,996.4136676625905,996.4136676625905,0
2025-10-01T02:00:00,996.4136676625905,996.4136676625905,0
2025-10-01T02:15:00,996.4136676625905,996.4136676625905,0
2025-10-01T02:30:00,996.4136676625905,996.4136676625905,0
2025-10-01T02:45:00,996.4136676625905,996.4136676625905,0
2025-10-01T03:00:00,996.4136676625905,996.4136676625905,0
2025-10-01T03:15:00,996.4136676625905,996.4136676625905,0
2025-10-01T03:30:00,996.4136676625905,996.4136676625905,0
2025-10-01T03:45:00,996.4136676625905,996.4136676625905,0
2025-10-01T04:00:00,996.4136676625905,996.4136676625905,0
2025-10-01T04:15:00,996.4136676625905,996.4136676625905,0
2025-10-01T04:30:00,996.4136676625905,996.4136676625905,0
2025-10-01T04:45:00,996.4136676625905,996.4136676625905,0
2025-10-01T05:00:00,996.4136676625905,996.4136676625905,0
2025-10-01T05:15:00,996.4136676625905,996.4136676625905,0
2025-10-01T05:30:00,996.4136676625905,996.4136676625905,0
2025-10-01T05:45:00,996.4136676625905,996.4136676625905,0
2025-10-01T06:00:00,996.4136676625905,996.4136676625905,0
2025-10-01T06:15:00,996.4136676625905,996.4136676625905,0
2025-10-01T06:30:00,996.4136676625905,996.4136676625905,0
2025-10-01T06:45:00,996.4136676625905,996.4136676625905,0
2025-10-01T07:00:00,996.4136676625905,996.4136676625905,0
2025-10-01T07:15:00,996.4136676625905,996.4136676625905,0
2025-10-01T07:30:00,996.4136676625905,996.4136676625905,0
2025-10-01T07:45:00,996.4136676625905,996.4136676625905,0
2025-10-01T08:00:00,996.4136676625905,996.4136676625905,0
2025-10-01T08:15:00,995.5060129126707,876.6527161188884,1
2025-10-01T08:30:00,997.7697584599958,876.6527161188884,1
2025-10-01T08:45:00,999.7445346371152,876.6527161188884,1
2025-10-01T09:00:00,1000.2799412689021,876.6527161188884,1
2025-10-01T09:15:00,1000.276497205472,876.6527161188884,1
2025-10-01T09:30:00,1000.8845196324714,876.6527161188884,1
2025-10-01T09:45:00,1000.9927794094483,876.6527161188884,1
2025-10-01T10:00:00,1000.3903587723653,876.6527161188884,1
2025-10-01T10:15:00,1000.2812691005861,876.6527161188884,1
2025-10-01T10:30:00,1000.4252558488074,876.6527161188884,1
2025-10-01T10:45:00,1000.4514390298241,876.6527161188884,1
2025-10-01T11:00:00,1000.8429419028698,876.6527161188884,1
2025-10-01T11:15:00,1000.6272107489784,876.6527161188884,1
2025-10-01T11:30:00,1001.6703470208913,876.6527161188884,1
2025-10-01T11:45:00,1002.5591228595524,876.6527161188884,1
2025-10-01T12:00:00,1002.0603560832927,876.6527161188884,1
2025-10-01T12:15:00,1001.9094812082112,876.6527161188884,1
2025-10-01T12:30:00,1000.7786406000594,1000.7786406000594,0
2025-10-01T12:45:00,1000.7786406000594,1000.7786406000594,0
2025-10-01T13:00:00,1000.7786406000594,1000.7786406000594,0
2025-10-01T13:15:00,1000.7786406000594,1000.7786406000594,0
2025-10-01T13:30:00,1000.7786406000594,1000.7786406000594,0
2025-10-01T13:45:00,1000.7786406000594,1000.7786406000594,0
2025-10-01T14:00:00,1000.7786406000594,1000.7786406000594,0
2025-10-01T14:15:00,1000.7786406000594,1000.7786406000594,0
2025-10-01T14:30:00,1000.7786406000594,1000.7786406000594,0
2025-10-01T14:45:00,1000.7786406000594,1000.7786406000594,0
2025-10-01T15:00:00,1000.7786406000594,1000.7786406000594,0
2025-10-01T15:15:00,1000.7786406000594,1000.7786406000594,0
2025-10-01T15:30:00,1000.7786406000594,1000.7786406000594,0
2025-10-01T15:45:00,1000.7786406000594,1000.7786406000594,0
2025-10-01T16:00:00,1000.7786406000594,1000.7786406000594,0
2025-10-01T16:15:00,1000.7786406000594,1000.7786406000594,0
2025-10-01T16:30:00,1000.7786406000594,1000.7786406000594,0
2025-10-01T16:45:00,1000.7786406000594,1000.7786406000594,0
2025-10-01T17:00:00,1000.7786406000594,1000.7786406000594,0
2025-10-01T17:15:00,1000.7786406000594,1000.7786406000594,0
2025-10-01T17:30:00,1000.7786406000594,1000.7786406000594,0
2025-10-01T17:45:00,1000.7786406000594,1000.7786406000594,0
2025-10-01T18:00:00,1000.7786406000594,1000.7786406000594,0
2025-10-01T18:15:00,1000.7786406000594,1000.7786406000594,0
2025-10-01T18:30:00,1000.7786406000594,1000.7786406000594,0
2025-10-01T18:45:00,1000.7786406000594,1000.7786406000594,0
2025-10-01T19:00:00,1000.7786406000594,1000.7786406000594,0
2025-10-01T19:15:00,1000.7786406000594,1000.7786406000594,0
2025-10-01T19:30:00,1000.7786406000594,1000.7786406000594,0
2025-10-01T19:45:00,1000.7786406000594,1000.7786406000594,0
2025-10-01T20:00:00,1000.7786406000594,1000.7786406000594,0
2025-10-01T20:15:00,1000.7786406000594,1000.7786406000594,0
2025-10-01T20:30:00,1000.7786406000594,1000.7786406000594,0
2025-10-01T20:45:00,1000.7786406000594,1000.7786406000594,0
2025-10-01T21:00:00,1000.7786406000594,1000.7786406000594,0
2025-10-01T21:15:00,1000.7786406000594,1000.7786406000594,0
2025-10-01T21:30:00,1000.7786406000594,1000.7786406000594,0
2025-10-01T21:45:00,1000.7786406000594,1000.7786406000594,0
2025-10-01T22:00:00,1000.7786406000594,1000.7786406000594,0
2025-10-01T22:15:00,1000.7786406000594,1000.7786406000594,0
2025-10-01T22:30:00,1000.7786406000594,1000.7786406000594,0
2025-10-01T22:45:00,1000.7786406000594,1000.7786406000594,0
2025-10-01T23:00:00,1000.7786406000594,1000.7786406000594,0
2025-10-01T23:15:00,999.8670097019308,880.4930542290571,1
2025-10-01T23:30:00,999.6963886398794,880.4930542290571,1
2025-10-01T23:45:00,1000.8493979546928,880.4930542290571,1
2025-10-02T00:00:00,1003.1141189923408,880.4930542290571,1
2025-10-02T00:15:00,1002.2341844319461,880.4930542290571,1
2025-10-02T00:30:00,1000.8386176215561,880.4930542290571,1
2025-10-02T00:45:00,1000.1744923617372,880.4930542290571,1
2025-10-02T01:00:00,1001.2547141640935,880.4930542290571,1
2025-10-02T01:15:00,1000.4036352322452,880.4930542290571,1
2025-10-02T01:30:00,1001.3559925569833,880.4930542290571,1
2025-10-02T01:45:00,1000.9400986522868,880.4930542290571,1
2025-10-02T02:00:00,1000.8964802590292,1000.8964802590292,0
2025-10-02T02:15:00,1000.8964802590292,1000.8964802590292,0
2025-10-02T02:30:00,1000.8964802590292,1000.8964802590292,0
2025-10-02T02:45:00,1000.8964802590292,1000.8964802590292,0
2025-10-02T03:00:00,1000.8964802590292,1000.8964802590292,0
2025-10-02T03:15:00,1000.8964802590292,1000.8964802590292,0
2025-10-02T03:30:00,1000.8964802590292,1000.8964802590292,0
2025-10-02T03:45:00,1000.8964802590292,1000.8964802590292,0
2025-10-02T04:00:00,1000.8964802590292,1000.8964802590292,0
2025-10-02T04:15:00,1000.8964802590292,1000.8964802590292,0
2025-10-02T04:30:00,1000.8964802590292,1000.8964802590292,0
2025-10-02T04:45:00,1000.8964802590292,1000.8964802590292,0
2025-10-02T05:00:00,1000.8964802590292,1000.8964802590292,0
2025-10-02T05:15:00,1000.8964802590292,1000.8964802590292,0
2025-10-02T05:30:00,1000.8964802590292,1000.8964802590292,0
2025-10-02T05:45:00,1000.8964802590292,1000.8964802590292,0
2025-10-02T06:00:00,1000.8964802590292,1000.8964802590292,0
2025-10-02T06:15:00,1000.8964802590292,1000.8964802590292,0
2025-10-02T06:30:00,1000.8964802590292,1000.8964802590292,0
2025-10-02T06:45:00,1000.8964802590292,1000.8964802590292,0
2025-10-02T07:00:00,1000.8964802590292,1000.8964802590292,0
2025-10-02T07:15:00,1000.8964802590292,1000.8964802590292,0
2025-10-02T07:30:00,1000.8964802590292,1000.8964802590292,0
2025-10-02T07:45:00,1000.8964802590292,1000.8964802590292,0
2025-10-02T08:00:00,1000.8964802590292,1000.8964802590292,0
2025-10-02T08:15:00,1000.8964802590292,1000.8964802590292,0
2025-10-02T08:30:00,1000.8964802590292,1000.8964802590292,0
2025-10-02T08:45:00,1000.8964802590292,1000.8964802590292,0
2025-10-02T09:00:00,1000.8964802590292,1000.8964802590292,0
2025-10-02T09:15:00,1000.8964802590292,1000.8964802590292,0
2025-10-02T09:30:00,1000.8964802590292,1000.8964802590292,0
2025-10-02T09:45:00,1000.8964802590292,1000.8964802590292,0
2025-10-02T10:00:00,1000.8964802590292,1000.8964802590292,0
2025-10-02T10:15:00,1000.8964802590292,1000.8964802590292,0
2025-10-02T10:30:00,1000.8964802590292,1000.8964802590292,0
2025-10-02T10:45:00,1000.8964802590292,1000.8964802590292,0
2025-10-02T11:00:00,1000.8964802590292,1000.8964802590292,0
2025-10-02T11:15:00,1000.8964802590292,1000.8964802590292,0
2025-10-02T11:30:00,1000.8964802590292,1000.8964802590292,0
2025-10-02T11:45:00,1000.8964802590292,1000.8964802590292,0
2025-10-02T12:00:00,1000.8964802590292,1000.8964802590292,0
2025-10-02T12:15:00,1000.8964802590292,1000.8964802590292,0
2025-10-02T12:30:00,1000.8964802590292,1000.8964802590292,0
2025-10-02T12:45:00,1000.8964802590292,1000.8964802590292,0
2025-10-02T13:00:00,1000.8964802590292,1000.8964802590292,0
2025-10-02T13:15:00,1000.8964802590292,1000.8964802590292,0
2025-10-02T13:30:00,1000.8964802590292,1000.8964802590292,0
2025-10-02T13:45:00,1000.8964802590292,1000.8964802590292,0
2025-10-02T14:00:00,1000.8964802590292,1000.8964802590292,0
2025-10-02T14:15:00,1000.8964802590292,1000.8964802590292,0
2025-10-02T14:30:00,1000.8964802590292,1000.8964802590292,0
2025-10-02T14:45:00,1000.8964802590292,1000.8964802590292,0
2025-10-02T15:00:00,1000.8964802590292,1000.8964802590292,0
2025-10-02T15:15:00,1000.8964802590292,1000.8964802590292,0
2025-10-02T15:30:00,1000.8964802590292,1000.8964802590292,0
2025-10-02T15:45:00,1000.8964802590292,1000.8964802590292,0
2025-10-02T16:00:00,1000.8964802590292,1000.8964802590292,0
2025-10-02T16:15:00,1000.8964802590292,1000.8964802590292,0
2025-10-02T16:30:00,1000.8964802590292,1000.8964802590292,0
2025-10-02T16:45:00,1000.8964802590292,1000.8964802590292,0
2025-10-02T17:00:00,1000.8964802590292,1000.8964802590292,0
2025-10-02T17:15:00,1000.8964802590292,1000.8964802590292,0
2025-10-02T17:30:00,1000.8964802590292,1000.8964802590292,0
2025-10-02T17:45:00,1000.8964802590292,1000.8964802590292,0
2025-10-02T18:00:00,1000.8964802590292,1000.8964802590292,0
2025-10-02T18:15:00,1000.8964802590292,1000.8964802590292,0
2025-10-02T18:30:00,1000.8964802590292,1000.8964802590292,0
2025-10-02T18:45:00,1000.8964802590292,1000.8964802590292,0
2025-10-02T19:00:00,999.9847420182078,880.596730503736,1
2025-10-02T19:15:00,998.8894547163421,880.596730503736,1
2025-10-02T19:30:00,998.7823798673668,880.596730503736,1
2025-10-02T19:45:00,999.3020952579875,880.596730503736,1
2025-10-02T20:00:00,998.683114624185,880.596730503736,1
2025-10-02T20:15:00,998.1743009675398,880.596730503736,1
2025-10-02T20:30:00,997.9159496936516,880.596730503736,1
2025-10-02T20:45:00,998.1872764681466,998.1872764681466,0
2025-10-02T21:00:00,998.1872764681466,998.1872764681466,0
2025-10-02T21:15:00,998.1872764681466,998.1872764681466,0
2025-10-02T21:30:00,998.1872764681466,998.1872764681466,0
2025-10-02T21:45:00,998.1872764681466,998.1872764681466,0
2025-10-02T22:00:00,998.1872764681466,998.1872764681466,0
2025-10-02T22:15:00,998.1872764681466,998.1872764681466,0
2025-10-02T22:30:00,998.1872764681466,998.1872764681466,0
2025-10-02T22:45:00,998.1872764681466,998.1872764681466,0
2025-10-02T23:00:00,998.1872764681466,998.1872764681466,0
2025-10-02T23:15:00,998.1872764681466,998.1872764681466,0
2025-10-02T23:30:00,998.1872764681466,998.1872764681466,0
2025-10-02T23:45:00,998.1872764681466,998.1872764681466,0
2025-10-03T00:00:00,998.1872764681466,998.1872764681466,0
2025-10-03T00:15:00,998.1872764681466,998.1872764681466,0
2025-10-03T00:30:00,998.1872764681466,998.1872764681466,0
2025-10-03T00:45:00,998.1872764681466,998.1872764681466,0
2025-10-03T01:00:00,998.1872764681466,998.1872764681466,0
2025-10-03T01:15:00,998.1872764681466,998.1872764681466,0
2025-10-03T01:30:00,998.1872764681466,998.1872764681466,0
2025-10-03T01:45:00,998.1872764681466,998.1872764681466,0
2025-10-03T02:00:00,998.1872764681466,998.1872764681466,0
2025-10-03T02:15:00,998.1872764681466,998.1872764681466,0
2025-10-03T02:30:00,998.1872764681466,998.1872764681466,0
2025-10-03T02:45:00,998.1872764681466,998.1872764681466,0
2025-10-03T03:00:00,998.1872764681466,998.1872764681466,0
2025-10-03T03:15:00,998.1872764681466,998.1872764681466,0
2025-10-03T03:30:00,998.1872764681466,998.1872764681466,0
2025-10-03T03:45:00,998.1872764681466,998.1872764681466,0
2025-10-03T04:00:00,998.1872764681466,998.1872764681466,0
2025-10-03T04:15:00,998.1872764681466,998.1872764681466,0
2025-10-03T04:30:00,998.1872764681466,998.1872764681466,0
2025-10-03T04:45:00,998.1872764681466,998.1872764681466,0
2025-10-03T05:00:00,998.1872764681466,998.1872764681466,0
2025-10-03T05:15:00,998.1872764681466,998.1872764681466,0
2025-10-03T05:30:00,998.1872764681466,998.1872764681466,0
2025-10-03T05:45:00,998.1872764681466,998.1872764681466,0
2025-10-03T06:00:00,998.1872764681466,998.1872764681466,0
2025-10-03T06:15:00,998.1872764681466,998.1872764681466,0
2025-10-03T06:30:00,998.1872764681466,998.1872764681466,0
2025-10-03T06:45:00,998.1872764681466,998.1872764681466,0
2025-10-03T07:00:00,998.1872764681466,998.1872764681466,0
2025-10-03T07:15:00,998.1872764681466,998.1872764681466,0
2025-10-03T07:30:00,998.1872764681466,998.1872764681466,0
2025-10-03T07:45:00,998.1872764681466,998.1872764681466,0
2025-10-03T08:00:00,998.1872764681466,998.1872764681466,0
2025-10-03T08:15:00,998.1872764681466,998.1872764681466,0
2025-10-03T08:30:00,998.1872764681466,998.1872764681466,0
2025-10-03T08:45:00,998.1872764681466,998.1872764681466,0
2025-10-03T09:00:00,998.1872764681466,998.1872764681466,0
2025-10-03T09:15:00,998.1872764681466,998.1872764681466,0
2025-10-03T09:30:00,998.1872764681466,998.1872764681466,0
2025-10-03T09:45:00,997.2780060996248,878.2131513348871,1
2025-10-03T10:00:00,997.4308753250931,878.2131513348871,1
2025-10-03T10:15:00,997.9471469913337,878.2131513348871,1
2025-10-03T10:30:00,998.0430680558055,878.2131513348871,1
2025-10-03T10:45:00,997.7788874458196,878.2131513348871,1
2025-10-03T11:00:00,997.2342610038872,878.2131513348871,1
2025-10-03T11:15:00,997.1587410613366,878.2131513348871,1
2025-10-03T11:30:00,997.4752567131322,878.2131513348871,1
2025-10-03T11:45:00,997.4152066271653,878.2131513348871,1
2025-10-03T12:00:00,997.5409141250074,878.2131513348871,1
2025-10-03T12:15:00,996.9401348874555,878.2131513348871,1
2025-10-03T12:30:00,997.2270231789561,878.2131513348871,1
2025-10-03T12:45:00,997.5089404368501,878.2131513348871,1
2025-10-03T13:00:00,996.7721941880138,996.7721941880138,0
2025-10-03T13:15:00,996.7721941880138,996.7721941880138,0
2025-10-03T13:30:00,996.7721941880138,996.7721941880138,0
2025-10-03T13:45:00,996.7721941880138,996.7721941880138,0
2025-10-03T14:00:00,996.7721941880138,996.7721941880138,0
2025-10-03T14:15:00,996.7721941880138,996.7721941880138,0
2025-10-03T14:30:00,996.7721941880138,996.7721941880138,0
2025-10-03T14:45:00,996.7721941880138,996.7721941880138,0
2025-10-03T15:00:00,996.7721941880138,996.7721941880138,0
2025-10-03T15:15:00,996.7721941880138,996.7721941880138,0
2025-10-03T15:30:00,996.7721941880138,996.7721941880138,0
2025-10-03T15:45:00,996.7721941880138,996.7721941880138,0
2025-10-03T16:00:00,996.7721941880138,996.7721941880138,0
2025-10-03T16:15:00,996.7721941880138,996.7721941880138,0
2025-10-03T16:30:00,996.7721941880138,996.7721941880138,0
2025-10-03T16:45:00,996.7721941880138,996.7721941880138,0
2025-10-03T17:00:00,996.7721941880138,996.7721941880138,0
2025-10-03T17:15:00,996.7721941880138,996.7721941880138,0
2025-10-03T17:30:00,996.7721941880138,996.7721941880138,0
2025-10-03T17:45:00,996.7721941880138,996.7721941880138,0
2025-10-03T18:00:00,996.7721941880138,996.7721941880138,0
2025-10-03T18:15:00,996.7721941880138,996.7721941880138,0
2025-10-03T18:30:00,996.7721941880138,996.7721941880138,0
2025-10-03T18:45:00,996.7721941880138,996.7721941880138,0
2025-10-03T19:00:00,996.7721941880138,996.7721941880138,0
2025-10-03T19:15:00,996.7721941880138,996.7721941880138,0
2025-10-03T19:30:00,996.7721941880138,996.7721941880138,0
2025-10-03T19:45:00,996.7721941880138,996.7721941880138,0
2025-10-03T20:00:00,996.7721941880138,996.7721941880138,0
2025-10-03T20:15:00,996.7721941880138,996.7721941880138,0
2025-10-03T20:30:00,996.7721941880138,996.7721941880138,0
2025-10-03T20:45:00,996.7721941880138,996.7721941880138,0
2025-10-03T21:00:00,996.7721941880138,996.7721941880138,0
2025-10-03T21:15:00,996.7721941880138,996.7721941880138,0
2025-10-03T21:30:00,996.7721941880138,996.7721941880138,0
2025-10-03T21:45:00,996.7721941880138,996.7721941880138,0
2025-10-03T22:00:00,996.7721941880138,996.7721941880138,0
2025-10-03T22:15:00,996.7721941880138,996.7721941880138,0
2025-10-03T22:30:00,996.7721941880138,996.7721941880138,0
2025-10-03T22:45:00,996.7721941880138,996.7721941880138,0
2025-10-03T23:00:00,996.7721941880138,996.7721941880138,0
2025-10-03T23:15:00,996.7721941880138,996.7721941880138,0
2025-10-03T23:30:00,996.7721941880138,996.7721941880138,0
2025-10-03T23:45:00,996.7721941880138,996.7721941880138,0
2025-10-04T00:00:00,996.7721941880138,996.7721941880138,0
2025-10-04T00:15:00,996.7721941880138,996.7721941880138,0
2025-10-04T00:30:00,996.7721941880138,996.7721941880138,0
2025-10-04T00:45:00,996.7721941880138,996.7721941880138,0
2025-10-04T01:00:00,996.7721941880138,996.7721941880138,0
2025-10-04T01:15:00,996.7721941880138,996.7721941880138,0
2025-10-04T01:30:00,996.7721941880138,996.7721941880138,0
2025-10-04T01:45:00,996.7721941880138,996.7721941880138,0
2025-10-04T02:00:00,996.7721941880138,996.7721941880138,0
2025-10-04T02:15:00,996.7721941880138,996.7721941880138,0
2025-10-04T02:30:00,996.7721941880138,996.7721941880138,0
2025-10-04T02:45:00,996.7721941880138,996.7721941880138,0
2025-10-04T03:00:00,996.7721941880138,996.7721941880138,0
2025-10-04T03:15:00,996.7721941880138,996.7721941880138,0
2025-10-04T03:30:00,996.7721941880138,996.7721941880138,0
2025-10-04T03:45:00,996.7721941880138,996.7721941880138,0
2025-10-04T04:00:00,996.7721941880138,996.7721941880138,0
2025-10-04T04:15:00,996.7721941880138,996.7721941880138,0
2025-10-04T04:30:00,996.7721941880138,996.7721941880138,0
2025-10-04T04:45:00,996.7721941880138,996.7721941880138,0
2025-10-04T05:00:00,996.7721941880138,996.7721941880138,0
2025-10-04T05:15:00,996.7721941880138,996.7721941880138,0
2025-10-04T05:30:00,996.7721941880138,996.7721941880138,0
2025-10-04T05:45:00,996.7721941880138,996.7721941880138,0
2025-10-04T06:00:00,996.7721941880138,996.7721941880138,0
2025-10-04T06:15:00,996.7721941880138,996.7721941880138,0
2025-10-04T06:30:00,996.7721941880138,996.7721941880138,0
2025-10-04T06:45:00,996.7721941880138,996.7721941880138,0
2025-10-04T07:00:00,996.7721941880138,996.7721941880138,0
2025-10-04T07:15:00,996.7721941880138,996.7721941880138,0
2025-10-04T07:30:00,996.7721941880138,996.7721941880138,0
2025-10-04T07:45:00,996.7721941880138,996.7721941880138,0
2025-10-04T08:00:00,996.7721941880138,996.7721941880138,0
2025-10-04T08:15:00,996.7721941880138,996.7721941880138,0
2025-10-04T08:30:00,996.7721941880138,996.7721941880138,0
2025-10-04T08:45:00,996.7721941880138,996.7721941880138,0
2025-10-04T09:00:00,996.7721941880138,996.7721941880138,0
2025-10-04T09:15:00,996.7721941880138,996.7721941880138,0
2025-10-04T09:30:00,996.7721941880138,996.7721941880138,0
2025-10-04T09:45:00,996.7721941880138,996.7721941880138,0
2025-10-04T10:00:00,996.7721941880138,996.7721941880138,0
2025-10-04T10:15:00,996.7721941880138,996.7721941880138,0
2025-10-04T10:30:00,996.7721941880138,996.7721941880138,0
2025-10-04T10:45:00,996.7721941880138,996.7721941880138,0
2025-10-04T11:00:00,996.7721941880138,996.7721941880138,0
2025-10-04T11:15:00,996.7721941880138,996.7721941880138,0
2025-10-04T11:30:00,996.7721941880138,996.7721941880138,0
2025-10-04T11:45:00,996.7721941880138,996.7721941880138,0
2025-10-04T12:00:00,996.7721941880138,996.7721941880138,0
2025-10-04T12:15:00,996.7721941880138,996.7721941880138,0
2025-10-04T12:30:00,996.7721941880138,996.7721941880138,0
2025-10-04T12:45:00,996.7721941880138,996.7721941880138,0
2025-10-04T13:00:00,996.7721941880138,996.7721941880138,0
2025-10-04T13:15:00,996.7721941880138,996.7721941880138,0
2025-10-04T13:30:00,996.7721941880138,996.7721941880138,0
2025-10-04T13:45:00,996.7721941880138,996.7721941880138,0
2025-10-04T14:00:00,996.7721941880138,996.7721941880138,0
2025-10-04T14:15:00,996.7721941880138,996.7721941880138,0
2025-10-04T14:30:00,996.7721941880138,996.7721941880138,0
2025-10-04T14:45:00,996.7721941880138,996.7721941880138,0
2025-10-04T15:00:00,996.7721941880138,996.7721941880138,0
2025-10-04T15:15:00,996.7721941880138,996.7721941880138,0
2025-10-04T15:30:00,996.7721941880138,996.7721941880138,0
2025-10-04T15:45:00,996.7721941880138,996.7721941880138,0
2025-10-04T16:00:00,996.7721941880138,996.7721941880138,0
2025-10-04T16:15:00,996.7721941880138,996.7721941880138,0
2025-10-04T16:30:00,996.7721941880138,996.7721941880138,0
2025-10-04T16:45:00,996.7721941880138,996.7721941880138,0
2025-10-04T17:00:00,996.7721941880138,996.7721941880138,0
2025-10-04T17:15:00,996.7721941880138,996.7721941880138,0
2025-10-04T17:30:00,996.7721941880138,996.7721941880138,0
2025-10-04T17:45:00,996.7721941880138,996.7721941880138,0
2025-10-04T18:00:00,996.7721941880138,996.7721941880138,0
2025-10-04T18:15:00,996.7721941880138,996.7721941880138,0
2025-10-04T18:30:00,996.7721941880138,996.7721941880138,0
2025-10-04T18:45:00,996.7721941880138,996.7721941880138,0
2025-10-04T19:00:00,996.7721941880138,996.7721941880138,0
2025-10-04T19:15:00,996.7721941880138,996.7721941880138,0
2025-10-04T19:30:00,996.7721941880138,996.7721941880138,0
2025-10-04T19:45:00,996.7721941880138,996.7721941880138,0
2025-10-04T20:00:00,996.7721941880138,996.7721941880138,0
2025-10-04T20:15:00,996.7721941880138,996.7721941880138,0
2025-10-04T20:30:00,996.7721941880138,996.7721941880138,0
2025-10-04T20:45:00,996.7721941880138,996.7721941880138,0
2025-10-04T21:00:00,996.7721941880138,996.7721941880138,0
2025-10-04T21:15:00,996.7721941880138,996.7721941880138,0
2025-10-04T21:30:00,996.7721941880138,996.7721941880138,0
2025-10-04T21:45:00,996.7721941880138,996.7721941880138,0
2025-10-04T22:00:00,996.7721941880138,996.7721941880138,0
2025-10-04T22:15:00,996.7721941880138,996.7721941880138,0
2025-10-04T22:30:00,996.7721941880138,996.7721941880138,0
2025-10-04T22:45:00,996.7721941880138,996.7721941880138,0
2025-10-04T23:00:00,996.7721941880138,996.7721941880138,0
2025-10-04T23:15:00,996.7721941880138,996.7721941880138,0
2025-10-04T23:30:00,996.7721941880138,996.7721941880138,0
2025-10-04T23:45:00,996.7721941880138,996.7721941880138,0
2025-10-05T00:00:00,996.7721941880138,996.7721941880138,0
2025-10-05T00:15:00,996.7721941880138,996.7721941880138,0
2025-10-05T00:30:00,996.7721941880138,996.7721941880138,0
2025-10-05T00:45:00,996.7721941880138,996.7721941880138,0
2025-10-05T01:00:00,996.7721941880138,996.7721941880138,0
2025-10-05T01:15:00,996.7721941880138,996.7721941880138,0
2025-10-05T01:30:00,996.7721941880138,996.7721941880138,0
2025-10-05T01:45:00,996.7721941880138,996.7721941880138,0
2025-10-05T02:00:00,996.7721941880138,996.7721941880138,0
2025-10-05T02:15:00,996.7721941880138,996.7721941880138,0
2025-10-05T02:30:00,996.7721941880138,996.7721941880138,0
2025-10-05T02:45:00,996.7721941880138,996.7721941880138,0
2025-10-05T03:00:00,996.7721941880138,996.7721941880138,0
2025-10-05T03:15:00,996.7721941880138,996.7721941880138,0
2025-10-05T03:30:00,996.7721941880138,996.7721941880138,0
2025-10-05T03:45:00,996.7721941880138,996.7721941880138,0
2025-10-05T04:00:00,996.7721941880138,996.7721941880138,0
2025-10-05T04:15:00,996.7721941880138,996.7721941880138,0
2025-10-05T04:30:00,996.7721941880138,996.7721941880138,0
2025-10-05T04:45:00,996.7721941880138,996.7721941880138,0
2025-10-05T05:00:00,996.7721941880138,996.7721941880138,0
2025-10-05T05:15:00,996.7721941880138,996.7721941880138,0
2025-10-05T05:30:00,996.7721941880138,996.7721941880138,0
2025-10-05T05:45:00,996.7721941880138,996.7721941880138,0
2025-10-05T06:00:00,996.7721941880138,996.7721941880138,0
2025-10-05T06:15:00,996.7721941880138,996.7721941880138,0
2025-10-05T06:30:00,996.7721941880138,996.7721941880138,0
2025-10-05T06:45:00,996.7721941880138,996.7721941880138,0
2025-10-05T07:00:00,996.7721941880138,996.7721941880138,0
2025-10-05T07:15:00,996.7721941880138,996.7721941880138,0
2025-10-05T07:30:00,996.7721941880138,996.7721941880138,0
2025-10-05T07:45:00,995.8642128485317,876.9681506241681,1
2025-10-05T08:00:00,994.7149884077248,876.9681506241681,1
2025-10-05T08:15:00,995.2678192984739,876.9681506241681,1
2025-10-05T08:30:00,994.2326875368085,876.9681506241681,1
2025-10-05T08:45:00,993.5709326160795,993.5709326160795,0
2025-10-05T09:00:00,993.5709326160795,993.5709326160795,0
2025-10-05T09:15:00,993.5709326160795,993.5709326160795,0
2025-10-05T09:30:00,993.5709326160795,993.5709326160795,0
2025-10-05T09:45:00,993.5709326160795,993.5709326160795,0
2025-10-05T10:00:00,993.5709326160795,993.5709326160795,0
2025-10-05T10:15:00,993.5709326160795,993.5709326160795,0
2025-10-05T10:30:00,993.5709326160795,993.5709326160795,0
2025-10-05T10:45:00,993.5709326160795,993.5709326160795,0
2025-10-05T11:00:00,993.5709326160795,993.5709326160795,0
2025-10-05T11:15:00,993.5709326160795,993.5709326160795,0
2025-10-05T11:30:00,993.5709326160795,993.5709326160795,0
2025-10-05T11:45:00,993.5709326160795,993.5709326160795,0
2025-10-05T12:00:00,993.5709326160795,993.5709326160795,0
2025-10-05T12:15:00,993.5709326160795,993.5709326160795,0
2025-10-05T12:30:00,993.5709326160795,993.5709326160795,0
2025-10-05T12:45:00,993.5709326160795,993.5709326160795,0
2025-10-05T13:00:00,993.5709326160795,993.5709326160795,0
2025-10-05T13:15:00,993.5709326160795,993.5709326160795,0
2025-10-05T13:30:00,993.5709326160795,993.5709326160795,0
2025-10-05T13:45:00,993.5709326160795,993.5709326160795,0
2025-10-05T14:00:00,993.5709326160795,993.5709326160795,0
2025-10-05T14:15:00,993.5709326160795,993.5709326160795,0
2025-10-05T14:30:00,993.5709326160795,993.5709326160795,0
2025-10-05T14:45:00,993.5709326160795,993.5709326160795,0
2025-10-05T15:00:00,993.5709326160795,993.5709326160795,0
2025-10-05T15:15:00,993.5709326160795,993.5709326160795,0
2025-10-05T15:30:00,993.5709326160795,993.5709326160795,0
2025-10-05T15:45:00,993.5709326160795,993.5709326160795,0
2025-10-05T16:00:00,993.5709326160795,993.5709326160795,0
2025-10-05T16:15:00,993.5709326160795,993.5709326160795,0
2025-10-05T16:30:00,993.5709326160795,993.5709326160795,0
2025-10-05T16:45:00,993.5709326160795,993.5709326160795,0
2025-10-05T17:00:00,993.5709326160795,993.5709326160795,0
2025-10-05T17:15:00,993.5709326160795,993.5709326160795,0
2025-10-05T17:30:00,993.5709326160795,993.5709326160795,0
2025-10-05T17:45:00,993.5709326160795,993.5709326160795,0
2025-10-05T18:00:00,993.5709326160795,993.5709326160795,0
2025-10-05T18:15:00,993.5709326160795,993.5709326160795,0
2025-10-05T18:30:00,993.5709326160795,993.5709326160795,0
2025-10-05T18:45:00,993.5709326160795,993.5709326160795,0
2025-10-05T19:00:00,993.5709326160795,993.5709326160795,0
2025-10-05T19:15:00,993.5709326160795,993.5709326160795,0
2025-10-05T19:30:00,993.5709326160795,993.5709326160795,0
2025-10-05T19:45:00,993.5709326160795,993.5709326160795,0
2025-10-05T20:00:00,992.6637212569235,874.1516550830877,1
2025-10-05T20:15:00,992.471485481954,874.1516550830877,1
2025-10-05T20:30:00,991.8459226562245,874.1516550830877,1
2025-10-05T20:45:00,992.5118443739366,874.1516550830877,1
2025-10-05T21:00:00,992.7847979328712,874.1516550830877,1
2025-10-05T21:15:00,991.8441530551816,991.8441530551816,0
2025-10-05T21:30:00,991.8441530551816,991.8441530551816,0
2025-10-05T21:45:00,991.8441530551816,991.8441530551816,0
2025-10-05T22:00:00,991.8441530551816,991.8441530551816,0
2025-10-05T22:15:00,991.8441530551816,991.8441530551816,0
2025-10-05T22:30:00,991.8441530551816,991.8441530551816,0
2025-10-05T22:45:00,991.8441530551816,991.8441530551816,0
2025-10-05T23:00:00,991.8441530551816,991.8441530551816,0
2025-10-05T23:15:00,991.8441530551816,991.8441530551816,0
2025-10-05T23:30:00,991.8441530551816,991.8441530551816,0
2025-10-05T23:45:00,991.8441530551816,991.8441530551816,0
2025-10-06T00:00:00,991.8441530551816,991.8441530551816,0
2025-10-06T00:15:00,991.8441530551816,991.8441530551816,0
2025-10-06T00:30:00,991.8441530551816,991.8441530551816,0
2025-10-06T00:45:00,991.8441530551816,991.8441530551816,0
2025-10-06T01:00:00,991.8441530551816,991.8441530551816,0
2025-10-06T01:15:00,991.8441530551816,991.8441530551816,0
2025-10-06T01:30:00,991.8441530551816,991.8441530551816,0
2025-10-06T01:45:00,991.8441530551816,991.8441530551816,0
2025-10-06T02:00:00,991.8441530551816,991.8441530551816,0
2025-10-06T02:15:00,991.8441530551816,991.8441530551816,0
2025-10-06T02:30:00,991.8441530551816,991.8441530551816,0
2025-10-06T02:45:00,991.8441530551816,991.8441530551816,0
2025-10-06T03:00:00,991.8441530551816,991.8441530551816,0
2025-10-06T03:15:00,991.8441530551816,991.8441530551816,0
2025-10-06T03:30:00,991.8441530551816,991.8441530551816,0
2025-10-06T03:45:00,991.8441530551816,991.8441530551816,0
2025-10-06T04:00:00,991.8441530551816,991.8441530551816,0
2025-10-06T04:15:00,991.8441530551816,991.8441530551816,0
2025-10-06T04:30:00,991.8441530551816,991.8441530551816,0
2025-10-06T04:45:00,991.8441530551816,991.8441530551816,0
2025-10-06T05:00:00,991.8441530551816,991.8441530551816,0
2025-10-06T05:15:00,991.8441530551816,991.8441530551816,0
2025-10-06T05:30:00,991.8441530551816,991.8441530551816,0
2025-10-06T05:45:00,991.8441530551816,991.8441530551816,0
2025-10-06T06:00:00,991.8441530551816,991.8441530551816,0
2025-10-06T06:15:00,991.8441530551816,991.8441530551816,0
2025-10-06T06:30:00,991.8441530551816,991.8441530551816,0
2025-10-06T06:45:00,991.8441530551816,991.8441530551816,0
2025-10-06T07:00:00,990.9406607748996,872.6324206111732,1
2025-10-06T07:15:00,990.4510846967312,872.6324206111732,1
2025-10-06T07:30:00,987.3088586154081,872.6324206111732,1
2025-10-06T07:45:00,986.3873579391349,986.3873579391349,0
2025-10-06T08:00:00,986.3873579391349,986.3873579391349,0
2025-10-06T08:15:00,986.3873579391349,986.3873579391349,0
2025-10-06T08:30:00,986.3873579391349,986.3873579391349,0
2025-10-06T08:45:00,986.3873579391349,986.3873579391349,0
2025-10-06T09:00:00,986.3873579391349,986.3873579391349,0
2025-10-06T09:15:00,986.3873579391349,986.3873579391349,0
2025-10-06T09:30:00,986.3873579391349,986.3873579391349,0
2025-10-06T09:45:00,986.3873579391349,986.3873579391349,0
2025-10-06T10:00:00,986.3873579391349,986.3873579391349,0
2025-10-06T10:15:00,986.3873579391349,986.3873579391349,0
2025-10-06T10:30:00,986.3873579391349,986.3873579391349,0
2025-10-06T10:45:00,986.3873579391349,986.3873579391349,0
2025-10-06T11:00:00,986.3873579391349,986.3873579391349,0
2025-10-06T11:15:00,986.3873579391349,986.3873579391349,0
2025-10-06T11:30:00,986.3873579391349,986.3873579391349,0
2025-10-06T11:45:00,986.3873579391349,986.3873579391349,0
2025-10-06T12:00:00,986.3873579391349,986.3873579391349,0
2025-10-06T12:15:00,986.3873579391349,986.3873579391349,0
2025-10-06T12:30:00,986.3873579391349,986.3873579391349,0
2025-10-06T12:45:00,986.3873579391349,986.3873579391349,0
2025-10-06T13:00:00,986.3873579391349,986.3873579391349,0
2025-10-06T13:15:00,986.3873579391349,986.3873579391349,0
2025-10-06T13:30:00,986.3873579391349,986.3873579391349,0
2025-10-06T13:45:00,986.3873579391349,986.3873579391349,0
2025-10-06T14:00:00,986.3873579391349,986.3873579391349,0
2025-10-06T14:15:00,986.3873579391349,986.3873579391349,0
2025-10-06T14:30:00,986.3873579391349,986.3873579391349,0
2025-10-06T14:45:00,986.3873579391349,986.3873579391349,0
2025-10-06T15:00:00,986.3873579391349,986.3873579391349,0
2025-10-06T15:15:00,986.3873579391349,986.3873579391349,0
2025-10-06T15:30:00,986.3873579391349,986.3873579391349,0
2025-10-06T15:45:00,986.3873579391349,986.3873579391349,0
2025-10-06T16:00:00,986.3873579391349,986.3873579391349,0
2025-10-06T16:15:00,986.3873579391349,986.3873579391349,0
2025-10-06T16:30:00,986.3873579391349,986.3873579391349,0
2025-10-06T16:45:00,986.3873579391349,986.3873579391349,0
2025-10-06T17:00:00,986.3873579391349,986.3873579391349,0
2025-10-06T17:15:00,986.3873579391349,986.3873579391349,0
2025-10-06T17:30:00,986.3873579391349,986.3873579391349,0
2025-10-06T17:45:00,986.3873579391349,986.3873579391349,0
2025-10-06T18:00:00,986.3873579391349,986.3873579391349,0
2025-10-06T18:15:00,986.3873579391349,986.3873579391349,0
2025-10-06T18:30:00,986.3873579391349,986.3873579391349,0
2025-10-06T18:45:00,985.4888363714867,867.8314886137143,1
2025-10-06T19:00:00,984.126367118687,867.8314886137143,1
2025-10-06T19:15:00,984.2062409219475,867.8314886137143,1
2025-10-06T19:30:00,982.7860455370198,982.7860455370198,0
2025-10-06T19:45:00,982.7860455370198,982.7860455370198,0
2025-10-06T20:00:00,982.7860455370198,982.7860455370198,0
2025-10-06T20:15:00,982.7860455370198,982.7860455370198,0
2025-10-06T20:30:00,982.7860455370198,982.7860455370198,0
2025-10-06T20:45:00,982.7860455370198,982.7860455370198,0
2025-10-06T21:00:00,982.7860455370198,982.7860455370198,0
2025-10-06T21:15:00,982.7860455370198,982.7860455370198,0
2025-10-06T21:30:00,982.7860455370198,982.7860455370198,0
2025-10-06T21:45:00,982.7860455370198,982.7860455370198,0
2025-10-06T22:00:00,982.7860455370198,982.7860455370198,0
2025-10-06T22:15:00,982.7860455370198,982.7860455370198,0
2025-10-06T22:30:00,982.7860455370198,982.7860455370198,0
2025-10-06T22:45:00,982.7860455370198,982.7860455370198,0
2025-10-06T23:00:00,982.7860455370198,982.7860455370198,0
2025-10-06T23:15:00,982.7860455370198,982.7860455370198,0
2025-10-06T23:30:00,982.7860455370198,982.7860455370198,0
2025-10-06T23:45:00,982.7860455370198,982.7860455370198,0
2025-10-07T00:00:00,982.7860455370198,982.7860455370198,0
2025-10-07T00:15:00,982.7860455370198,982.7860455370198,0
2025-10-07T00:30:00,982.7860455370198,982.7860455370198,0
2025-10-07T00:45:00,982.7860455370198,982.7860455370198,0
2025-10-07T01:00:00,982.7860455370198,982.7860455370198,0
2025-10-07T01:15:00,982.7860455370198,982.7860455370198,0
2025-10-07T01:30:00,982.7860455370198,982.7860455370198,0
2025-10-07T01:45:00,982.7860455370198,982.7860455370198,0
2025-10-07T02:00:00,982.7860455370198,982.7860455370198,0
2025-10-07T02:15:00,982.7860455370198,982.7860455370198,0
2025-10-07T02:30:00,982.7860455370198,982.7860455370198,0
2025-10-07T02:45:00,982.7860455370198,982.7860455370198,0
2025-10-07T03:00:00,982.7860455370198,982.7860455370198,0
2025-10-07T03:15:00,982.7860455370198,982.7860455370198,0
2025-10-07T03:30:00,982.7860455370198,982.7860455370198,0
2025-10-07T03:45:00,982.7860455370198,982.7860455370198,0
2025-10-07T04:00:00,982.7860455370198,982.7860455370198,0
2025-10-07T04:15:00,982.7860455370198,982.7860455370198,0
2025-10-07T04:30:00,982.7860455370198,982.7860455370198,0
2025-10-07T04:45:00,982.7860455370198,982.7860455370198,0
2025-10-07T05:00:00,982.7860455370198,982.7860455370198,0
2025-10-07T05:15:00,982.7860455370198,982.7860455370198,0
2025-10-07T05:30:00,982.7860455370198,982.7860455370198,0
2025-10-07T05:45:00,982.7860455370198,982.7860455370198,0
2025-10-07T06:00:00,982.7860455370198,982.7860455370198,0
2025-10-07T06:15:00,982.7860455370198,982.7860455370198,0
2025-10-07T06:30:00,982.7860455370198,982.7860455370198,0
2025-10-07T06:45:00,982.7860455370198,982.7860455370198,0
2025-10-07T07:00:00,982.7860455370198,982.7860455370198,0
2025-10-07T07:15:00,982.7860455370198,982.7860455370198,0
2025-10-07T07:30:00,982.7860455370198,982.7860455370198,0
2025-10-07T07:45:00,982.7860455370198,982.7860455370198,0
2025-10-07T08:00:00,982.7860455370198,982.7860455370198,0
2025-10-07T08:15:00,982.7860455370198,982.7860455370198,0
2025-10-07T08:30:00,982.7860455370198,982.7860455370198,0
2025-10-07T08:45:00,982.7860455370198,982.7860455370198,0
2025-10-07T09:00:00,982.7860455370198,982.7860455370198,0
2025-10-07T09:15:00,982.7860455370198,982.7860455370198,0
2025-10-07T09:30:00,982.7860455370198,982.7860455370198,0
2025-10-07T09:45:00,982.7860455370198,982.7860455370198,0
2025-10-07T10:00:00,982.7860455370198,982.7860455370198,0
2025-10-07T10:15:00,982.7860455370198,982.7860455370198,0
2025-10-07T10:30:00,982.7860455370198,982.7860455370198,0
2025-10-07T10:45:00,982.7860455370198,982.7860455370198,0
2025-10-07T11:00:00,982.7860455370198,982.7860455370198,0
2025-10-07T11:15:00,982.7860455370198,982.7860455370198,0
2025-10-07T11:30:00,982.7860455370198,982.7860455370198,0
2025-10-07T11:45:00,982.7860455370198,982.7860455370198,0
2025-10-07T12:00:00,982.7860455370198,982.7860455370198,0
2025-10-07T12:15:00,982.7860455370198,982.7860455370198,0
2025-10-07T12:30:00,982.7860455370198,982.7860455370198,0
2025-10-07T12:45:00,982.7860455370198,982.7860455370198,0
2025-10-07T13:00:00,982.7860455370198,982.7860455370198,0
2025-10-07T13:15:00,982.7860455370198,982.7860455370198,0
2025-10-07T13:30:00,982.7860455370198,982.7860455370198,0
2025-10-07T13:45:00,982.7860455370198,982.7860455370198,0
2025-10-07T14:00:00,982.7860455370198,982.7860455370198,0
2025-10-07T14:15:00,982.7860455370198,982.7860455370198,0
2025-10-07T14:30:00,982.7860455370198,982.7860455370198,0
2025-10-07T14:45:00,982.7860455370198,982.7860455370198,0
2025-10-07T15:00:00,982.7860455370198,982.7860455370198,0
2025-10-07T15:15:00,982.7860455370198,982.7860455370198,0
2025-10-07T15:30:00,982.7860455370198,982.7860455370198,0
2025-10-07T15:45:00,982.7860455370198,982.7860455370198,0
2025-10-07T16:00:00,982.7860455370198,982.7860455370198,0
2025-10-07T16:15:00,982.7860455370198,982.7860455370198,0
2025-10-07T16:30:00,982.7860455370198,982.7860455370198,0
2025-10-07T16:45:00,982.7860455370198,982.7860455370198,0
2025-10-07T17:00:00,982.7860455370198,982.7860455370198,0
2025-10-07T17:15:00,982.7860455370198,982.7860455370198,0
2025-10-07T17:30:00,982.7860455370198,982.7860455370198,0
2025-10-07T17:45:00,982.7860455370198,982.7860455370198,0
2025-10-07T18:00:00,982.7860455370198,982.7860455370198,0
2025-10-07T18:15:00,982.7860455370198,982.7860455370198,0
2025-10-07T18:30:00,982.7860455370198,982.7860455370198,0
2025-10-07T18:45:00,982.7860455370198,982.7860455370198,0
2025-10-07T19:00:00,982.7860455370198,982.7860455370198,0
2025-10-07T19:15:00,982.7860455370198,982.7860455370198,0
2025-10-07T19:30:00,982.7860455370198,982.7860455370198,0
2025-10-07T19:45:00,982.7860455370198,982.7860455370198,0
2025-10-07T20:00:00,982.7860455370198,982.7860455370198,0
2025-10-07T20:15:00,982.7860455370198,982.7860455370198,0
2025-10-07T20:30:00,982.7860455370198,982.7860455370198,0
2025-10-07T20:45:00,982.7860455370198,982.7860455370198,0
2025-10-07T21:00:00,982.7860455370198,982.7860455370198,0
2025-10-07T21:15:00,982.7860455370198,982.7860455370198,0
2025-10-07T21:30:00,982.7860455370198,982.7860455370198,0
2025-10-07T21:45:00,982.7860455370198,982.7860455370198,0
2025-10-07T22:00:00,982.7860455370198,982.7860455370198,0
2025-10-07T22:15:00,982.7860455370198,982.7860455370198,0
2025-10-07T22:30:00,982.7860455370198,982.7860455370198,0
2025-10-07T22:45:00,982.7860455370198,982.7860455370198,0
2025-10-07T23:00:00,982.7860455370198,982.7860455370198,0
2025-10-07T23:15:00,982.7860455370198,982.7860455370198,0
2025-10-07T23:30:00,982.7860455370198,982.7860455370198,0
2025-10-07T23:45:00,981.8886816600558,864.6630251518344,1
2025-10-08T00:00:00,981.4892849268542,864.6630251518344,1
2025-10-08T00:15:00,980.960296700433,864.6630251518344,1
2025-10-08T00:30:00,979.5167324439943,864.6630251518344,1
2025-10-08T00:45:00,978.9712742668682,978.9712742668682,0
2025-10-08T01:00:00,978.9712742668682,978.9712742668682,0
2025-10-08T01:15:00,978.9712742668682,978.9712742668682,0
2025-10-08T01:30:00,978.9712742668682,978.9712742668682,0
2025-10-08T01:45:00,978.9712742668682,978.9712742668682,0
2025-10-08T02:00:00,978.9712742668682,978.9712742668682,0
2025-10-08T02:15:00,978.9712742668682,978.9712742668682,0
2025-10-08T02:30:00,978.9712742668682,978.9712742668682,0
2025-10-08T02:45:00,978.9712742668682,978.9712742668682,0
2025-10-08T03:00:00,978.9712742668682,978.9712742668682,0
2025-10-08T03:15:00,978.9712742668682,978.9712742668682,0
2025-10-08T03:30:00,978.9712742668682,978.9712742668682,0
2025-10-08T03:45:00,978.9712742668682,978.9712742668682,0
2025-10-08T04:00:00,978.9712742668682,978.9712742668682,0
2025-10-08T04:15:00,978.9712742668682,978.9712742668682,0
2025-10-08T04:30:00,978.9712742668682,978.9712742668682,0
2025-10-08T04:45:00,978.9712742668682,978.9712742668682,0
2025-10-08T05:00:00,978.9712742668682,978.9712742668682,0
2025-10-08T05:15:00,978.9712742668682,978.9712742668682,0
2025-10-08T05:30:00,978.9712742668682,978.9712742668682,0
2025-10-08T05:45:00,978.9712742668682,978.9712742668682,0
2025-10-08T06:00:00,978.9712742668682,978.9712742668682,0
2025-10-08T06:15:00,978.9712742668682,978.9712742668682,0
2025-10-08T06:30:00,978.9712742668682,978.9712742668682,0
2025-10-08T06:45:00,978.9712742668682,978.9712742668682,0
2025-10-08T07:00:00,978.9712742668682,978.9712742668682,0
2025-10-08T07:15:00,978.9712742668682,978.9712742668682,0
2025-10-08T07:30:00,978.9712742668682,978.9712742668682,0
2025-10-08T07:45:00,978.9712742668682,978.9712742668682,0
2025-10-08T08:00:00,978.9712742668682,978.9712742668682,0
2025-10-08T08:15:00,978.9712742668682,978.9712742668682,0
2025-10-08T08:30:00,978.9712742668682,978.9712742668682,0
2025-10-08T08:45:00,978.9712742668682,978.9712742668682,0
2025-10-08T09:00:00,978.9712742668682,978.9712742668682,0
2025-10-08T09:15:00,978.9712742668682,978.9712742668682,0
2025-10-08T09:30:00,978.9712742668682,978.9712742668682,0
2025-10-08T09:45:00,978.9712742668682,978.9712742668682,0
2025-10-08T10:00:00,978.9712742668682,978.9712742668682,0
2025-10-08T10:15:00,978.9712742668682,978.9712742668682,0
2025-10-08T10:30:00,978.9712742668682,978.9712742668682,0
2025-10-08T10:45:00,978.9712742668682,978.9712742668682,0
2025-10-08T11:00:00,978.9712742668682,978.9712742668682,0
2025-10-08T11:15:00,978.9712742668682,978.9712742668682,0
2025-10-08T11:30:00,978.9712742668682,978.9712742668682,0
2025-10-08T11:45:00,978.9712742668682,978.9712742668682,0
2025-10-08T12:00:00,978.9712742668682,978.9712742668682,0
2025-10-08T12:15:00,978.9712742668682,978.9712742668682,0
2025-10-08T12:30:00,978.9712742668682,978.9712742668682,0
2025-10-08T12:45:00,978.9712742668682,978.9712742668682,0
2025-10-08T13:00:00,978.9712742668682,978.9712742668682,0
2025-10-08T13:15:00,978.9712742668682,978.9712742668682,0
2025-10-08T13:30:00,978.9712742668682,978.9712742668682,0
2025-10-08T13:45:00,978.9712742668682,978.9712742668682,0
2025-10-08T14:00:00,978.9712742668682,978.9712742668682,0
2025-10-08T14:15:00,978.9712742668682,978.9712742668682,0
2025-10-08T14:30:00,978.9712742668682,978.9712742668682,0
2025-10-08T14:45:00,978.9712742668682,978.9712742668682,0
2025-10-08T15:00:00,978.9712742668682,978.9712742668682,0
2025-10-08T15:15:00,978.9712742668682,978.9712742668682,0
2025-10-08T15:30:00,978.9712742668682,978.9712742668682,0
2025-10-08T15:45:00,978.9712742668682,978.9712742668682,0
2025-10-08T16:00:00,978.9712742668682,978.9712742668682,0
2025-10-08T16:15:00,978.9712742668682,978.9712742668682,0
2025-10-08T16:30:00,978.9712742668682,978.9712742668682,0
2025-10-08T16:45:00,978.9712742668682,978.9712742668682,0
2025-10-08T17:00:00,978.9712742668682,978.9712742668682,0
2025-10-08T17:15:00,978.9712742668682,978.9712742668682,0
2025-10-08T17:30:00,978.9712742668682,978.9712742668682,0
2025-10-08T17:45:00,978.9712742668682,978.9712742668682,0
2025-10-08T18:00:00,978.0795081701549,861.3067588701848,1
2025-10-08T18:15:00,977.111753442957,861.3067588701848,1
2025-10-08T18:30:00,976.9211115570912,861.3067588701848,1
2025-10-08T18:45:00,976.524411284754,861.3067588701848,1
2025-10-08T19:00:00,975.766010363076,861.3067588701848,1
2025-10-08T19:15:00,977.1986464463698,861.3067588701848,1
2025-10-08T19:30:00,976.0425777079963,976.0425777079963,0
2025-10-08T19:45:00,976.0425777079963,976.0425777079963,0
2025-10-08T20:00:00,976.0425777079963,976.0425777079963,0
2025-10-08T20:15:00,976.0425777079963,976.0425777079963,0
2025-10-08T20:30:00,976.0425777079963,976.0425777079963,0
2025-10-08T20:45:00,976.0425777079963,976.0425777079963,0
2025-10-08T21:00:00,976.0425777079963,976.0425777079963,0
2025-10-08T21:15:00,976.0425777079963,976.0425777079963,0
2025-10-08T21:30:00,976.0425777079963,976.0425777079963,0
2025-10-08T21:45:00,976.0425777079963,976.0425777079963,0
2025-10-08T22:00:00,976.0425777079963,976.0425777079963,0
2025-10-08T22:15:00,976.0425777079963,976.0425777079963,0
2025-10-08T22:30:00,976.0425777079963,976.0425777079963,0
2025-10-08T22:45:00,976.0425777079963,976.0425777079963,0
2025-10-08T23:00:00,976.0425777079963,976.0425777079963,0
2025-10-08T23:15:00,976.0425777079963,976.0425777079963,0
2025-10-08T23:30:00,976.0425777079963,976.0425777079963,0
2025-10-08T23:45:00,976.0425777079963,976.0425777079963,0
2025-10-09T00:00:00,976.0425777079963,976.0425777079963,0
2025-10-09T00:15:00,976.0425777079963,976.0425777079963,0
2025-10-09T00:30:00,976.0425777079963,976.0425777079963,0
2025-10-09T00:45:00,976.0425777079963,976.0425777079963,0
2025-10-09T01:00:00,976.0425777079963,976.0425777079963,0
2025-10-09T01:15:00,976.0425777079963,976.0425777079963,0
2025-10-09T01:30:00,976.0425777079963,976.0425777079963,0
2025-10-09T01:45:00,976.0425777079963,976.0425777079963,0
2025-10-09T02:00:00,976.0425777079963,976.0425777079963,0
2025-10-09T02:15:00,976.0425777079963,976.0425777079963,0
2025-10-09T02:30:00,976.0425777079963,976.0425777079963,0
2025-10-09T02:45:00,976.0425777079963,976.0425777079963,0
2025-10-09T03:00:00,976.0425777079963,976.0425777079963,0
2025-10-09T03:15:00,976.0425777079963,976.0425777079963,0
2025-10-09T03:30:00,976.0425777079963,976.0425777079963,0
2025-10-09T03:45:00,976.0425777079963,976.0425777079963,0
2025-10-09T04:00:00,976.0425777079963,976.0425777079963,0
2025-10-09T04:15:00,976.0425777079963,976.0425777079963,0
2025-10-09T04:30:00,976.0425777079963,976.0425777079963,0
2025-10-09T04:45:00,976.0425777079963,976.0425777079963,0
2025-10-09T05:00:00,976.0425777079963,976.0425777079963,0
2025-10-09T05:15:00,976.0425777079963,976.0425777079963,0
2025-10-09T05:30:00,976.0425777079963,976.0425777079963,0
2025-10-09T05:45:00,976.0425777079963,976.0425777079963,0
2025-10-09T06:00:00,976.0425777079963,976.0425777079963,0
2025-10-09T06:15:00,976.0425777079963,976.0425777079963,0
2025-10-09T06:30:00,976.0425777079963,976.0425777079963,0
2025-10-09T06:45:00,976.0425777079963,976.0425777079963,0
2025-10-09T07:00:00,976.0425777079963,976.0425777079963,0
2025-10-09T07:15:00,976.0425777079963,976.0425777079963,0
2025-10-09T07:30:00,976.0425777079963,976.0425777079963,0
2025-10-09T07:45:00,976.0425777079963,976.0425777079963,0
2025-10-09T08:00:00,975.1513711675783,858.7300682081168,1
2025-10-09T08:15:00,981.9083981174643,858.7300682081168,1
2025-10-09T08:30:00,982.0224003066221,858.7300682081168,1
2025-10-09T08:45:00,983.2327413055294,858.7300682081168,1
2025-10-09T09:00:00,981.2510210080226,858.7300682081168,1
2025-10-09T09:15:00,980.7800960771096,858.7300682081168,1
2025-10-09T09:30:00,982.1673002853645,858.7300682081168,1
2025-10-09T09:45:00,982.506110529777,858.7300682081168,1
2025-10-09T10:00:00,981.5003342067412,858.7300682081168,1
2025-10-09T10:15:00,983.0569435372023,858.7300682081168,1
2025-10-09T10:30:00,980.8813129740255,858.7300682081168,1
2025-10-09T10:45:00,980.0150265663486,980.0150265663486,0
2025-10-09T11:00:00,980.0150265663486,980.0150265663486,0
2025-10-09T11:15:00,980.0150265663486,980.0150265663486,0
2025-10-09T11:30:00,980.0150265663486,980.0150265663486,0
2025-10-09T11:45:00,980.0150265663486,980.0150265663486,0
2025-10-09T12:00:00,980.0150265663486,980.0150265663486,0
2025-10-09T12:15:00,980.0150265663486,980.0150265663486,0
2025-10-09T12:30:00,980.0150265663486,980.0150265663486,0
2025-10-09T12:45:00,980.0150265663486,980.0150265663486,0
2025-10-09T13:00:00,980.0150265663486,980.0150265663486,0
2025-10-09T13:15:00,980.0150265663486,980.0150265663486,0
2025-10-09T13:30:00,980.0150265663486,980.0150265663486,0
2025-10-09T13:45:00,980.0150265663486,980.0150265663486,0
2025-10-09T14:00:00,980.0150265663486,980.0150265663486,0
2025-10-09T14:15:00,980.0150265663486,980.0150265663486,0
2025-10-09T14:30:00,980.0150265663486,980.0150265663486,0
2025-10-09T14:45:00,980.0150265663486,980.0150265663486,0
2025-10-09T15:00:00,980.0150265663486,980.0150265663486,0
2025-10-09T15:15:00,980.0150265663486,980.0150265663486,0
2025-10-09T15:30:00,980.0150265663486,980.0150265663486,0
2025-10-09T15:45:00,980.0150265663486,980.0150265663486,0
2025-10-09T16:00:00,980.0150265663486,980.0150265663486,0
2025-10-09T16:15:00,980.0150265663486,980.0150265663486,0
2025-10-09T16:30:00,980.0150265663486,980.0150265663486,0
2025-10-09T16:45:00,980.0150265663486,980.0150265663486,0
2025-10-09T17:00:00,980.0150265663486,980.0150265663486,0
2025-10-09T17:15:00,980.0150265663486,980.0150265663486,0
2025-10-09T17:30:00,980.0150265663486,980.0150265663486,0
2025-10-09T17:45:00,980.0150265663486,980.0150265663486,0
2025-10-09T18:00:00,980.0150265663486,980.0150265663486,0
2025-10-09T18:15:00,980.0150265663486,980.0150265663486,0
2025-10-09T18:30:00,980.0150265663486,980.0150265663486,0
2025-10-09T18:45:00,980.0150265663486,980.0150265663486,0
2025-10-09T19:00:00,980.0150265663486,980.0150265663486,0
2025-10-09T19:15:00,980.0150265663486,980.0150265663486,0
2025-10-09T19:30:00,980.0150265663486,980.0150265663486,0
2025-10-09T19:45:00,980.0150265663486,980.0150265663486,0
2025-10-09T20:00:00,980.0150265663486,980.0150265663486,0
2025-10-09T20:15:00,980.0150265663486,980.0150265663486,0
2025-10-09T20:30:00,980.0150265663486,980.0150265663486,0
2025-10-09T20:45:00,980.0150265663486,980.0150265663486,0
2025-10-09T21:00:00,980.0150265663486,980.0150265663486,0
2025-10-09T21:15:00,980.0150265663486,980.0150265663486,0
2025-10-09T21:30:00,980.0150265663486,980.0150265663486,0
2025-10-09T21:45:00,980.0150265663486,980.0150265663486,0
2025-10-09T22:00:00,980.0150265663486,980.0150265663486,0
2025-10-09T22:15:00,980.0150265663486,980.0150265663486,0
2025-10-09T22:30:00,980.0150265663486,980.0150265663486,0
2025-10-09T22:45:00,980.0150265663486,980.0150265663486,0
2025-10-09T23:00:00,980.0150265663486,980.0150265663486,0
2025-10-09T23:15:00,980.0150265663486,980.0150265663486,0
2025-10-09T23:30:00,980.0150265663486,980.0150265663486,0
2025-10-09T23:45:00,980.0150265663486,980.0150265663486,0
2025-10-10T00:00:00,980.0150265663486,980.0150265663486,0
2025-10-10T00:15:00,980.0150265663486,980.0150265663486,0
2025-10-10T00:30:00,980.0150265663486,980.0150265663486,0
2025-10-10T00:45:00,980.0150265663486,980.0150265663486,0
2025-10-10T01:00:00,980.0150265663486,980.0150265663486,0
2025-10-10T01:15:00,980.0150265663486,980.0150265663486,0
2025-10-10T01:30:00,980.0150265663486,980.0150265663486,0
2025-10-10T01:45:00,980.0150265663486,980.0150265663486,0
2025-10-10T02:00:00,980.0150265663486,980.0150265663486,0
2025-10-10T02:15:00,980.0150265663486,980.0150265663486,0
2025-10-10T02:30:00,980.0150265663486,980.0150265663486,0
2025-10-10T02:45:00,980.0150265663486,980.0150265663486,0
2025-10-10T03:00:00,980.0150265663486,980.0150265663486,0
2025-10-10T03:15:00,980.0150265663486,980.0150265663486,0
2025-10-10T03:30:00,980.0150265663486,980.0150265663486,0
2025-10-10T03:45:00,980.0150265663486,980.0150265663486,0
2025-10-10T04:00:00,980.0150265663486,980.0150265663486,0
2025-10-10T04:15:00,980.0150265663486,980.0150265663486,0
2025-10-10T04:30:00,980.0150265663486,980.0150265663486,0
2025-10-10T04:45:00,980.0150265663486,980.0150265663486,0
2025-10-10T05:00:00,980.0150265663486,980.0150265663486,0
2025-10-10T05:15:00,980.0150265663486,980.0150265663486,0
2025-10-10T05:30:00,980.0150265663486,980.0150265663486,0
2025-10-10T05:45:00,980.0150265663486,980.0150265663486,0
2025-10-10T06:00:00,980.0150265663486,980.0150265663486,0
2025-10-10T06:15:00,980.0150265663486,980.0150265663486,0
2025-10-10T06:30:00,980.0150265663486,980.0150265663486,0
2025-10-10T06:45:00,980.0150265663486,980.0150265663486,0
2025-10-10T07:00:00,980.0150265663486,980.0150265663486,0
2025-10-10T07:15:00,980.0150265663486,980.0150265663486,0
2025-10-10T07:30:00,980.0150265663486,980.0150265663486,0
2025-10-10T07:45:00,980.0150265663486,980.0150265663486,0
2025-10-10T08:00:00,980.0150265663486,980.0150265663486,0
2025-10-10T08:15:00,980.0150265663486,980.0150265663486,0
2025-10-10T08:30:00,980.0150265663486,980.0150265663486,0
2025-10-10T08:45:00,980.0150265663486,980.0150265663486,0
2025-10-10T09:00:00,980.0150265663486,980.0150265663486,0
2025-10-10T09:15:00,980.0150265663486,980.0150265663486,0
2025-10-10T09:30:00,980.0150265663486,980.0150265663486,0
2025-10-10T09:45:00,980.0150265663486,980.0150265663486,0
2025-10-10T10:00:00,980.0150265663486,980.0150265663486,0
2025-10-10T10:15:00,980.0150265663486,980.0150265663486,0
2025-10-10T10:30:00,980.0150265663486,980.0150265663486,0
2025-10-10T10:45:00,980.0150265663486,980.0150265663486,0
2025-10-10T11:00:00,980.0150265663486,980.0150265663486,0
2025-10-10T11:15:00,980.0150265663486,980.0150265663486,0
2025-10-10T11:30:00,980.0150265663486,980.0150265663486,0
2025-10-10T11:45:00,980.0150265663486,980.0150265663486,0
2025-10-10T12:00:00,980.0150265663486,980.0150265663486,0
2025-10-10T12:15:00,980.0150265663486,980.0150265663486,0
2025-10-10T12:30:00,980.0150265663486,980.0150265663486,0
2025-10-10T12:45:00,980.0150265663486,980.0150265663486,0
2025-10-10T13:00:00,980.0150265663486,980.0150265663486,0
2025-10-10T13:15:00,980.0150265663486,980.0150265663486,0
2025-10-10T13:30:00,980.0150265663486,980.0150265663486,0
2025-10-10T13:45:00,980.0150265663486,980.0150265663486,0
2025-10-10T14:00:00,980.0150265663486,980.0150265663486,0
2025-10-10T14:15:00,980.0150265663486,980.0150265663486,0
2025-10-10T14:30:00,980.0150265663486,980.0150265663486,0
2025-10-10T14:45:00,980.0150265663486,980.0150265663486,0
2025-10-10T15:00:00,980.0150265663486,980.0150265663486,0
2025-10-10T15:15:00,980.0150265663486,980.0150265663486,0
2025-10-10T15:30:00,980.0150265663486,980.0150265663486,0
2025-10-10T15:45:00,980.0150265663486,980.0150265663486,0
2025-10-10T16:00:00,980.0150265663486,980.0150265663486,0
2025-10-10T16:15:00,980.0150265663486,980.0150265663486,0
2025-10-10T16:30:00,980.0150265663486,980.0150265663486,0
2025-10-10T16:45:00,980.0150265663486,980.0150265663486,0
2025-10-10T17:00:00,980.0150265663486,980.0150265663486,0
2025-10-10T17:15:00,980.0150265663486,980.0150265663486,0
2025-10-10T17:30:00,980.0150265663486,980.0150265663486,0
2025-10-10T17:45:00,980.0150265663486,980.0150265663486,0
2025-10-10T18:00:00,980.0150265663486,980.0150265663486,0
2025-10-10T18:15:00,980.0150265663486,980.0150265663486,0
2025-10-10T18:30:00,980.0150265663486,980.0150265663486,0
2025-10-10T18:45:00,980.0150265663486,980.0150265663486,0
2025-10-10T19:00:00,980.0150265663486,980.0150265663486,0
2025-10-10T19:15:00,980.0150265663486,980.0150265663486,0
2025-10-10T19:30:00,980.0150265663486,980.0150265663486,0
2025-10-10T19:45:00,980.0150265663486,980.0150265663486,0
2025-10-10T20:00:00,980.0150265663486,980.0150265663486,0
2025-10-10T20:15:00,980.0150265663486,980.0150265663486,0
2025-10-10T20:30:00,980.0150265663486,980.0150265663486,0
2025-10-10T20:45:00,979.120192855882,862.225060493286,1
2025-10-10T21:00:00,987.6029525135392,862.225060493286,1
2025-10-10T21:15:00,1014.6191726849611,862.225060493286,1
2025-10-10T21:30:00,1009.7191550914562,862.225060493286,1
2025-10-10T21:45:00,1004.2710972796755,862.225060493286,1
2025-10-10T22:00:00,1003.7838496362987,862.225060493286,1
2025-10-10T22:15:00,1006.5202164045414,862.225060493286,1
2025-10-10T22:30:00,1004.847317711545,862.225060493286,1
2025-10-10T22:45:00,1003.4776473195693,1003.4776473195693,0
2025-10-10T23:00:00,1003.4776473195693,1003.4776473195693,0
2025-10-10T23:15:00,1003.4776473195693,1003.4776473195693,0
2025-10-10T23:30:00,1003.4776473195693,1003.4776473195693,0
2025-10-10T23:45:00,1003.4776473195693,1003.4776473195693,0
2025-10-11T00:00:00,1003.4776473195693,1003.4776473195693,0
2025-10-11T00:15:00,1003.4776473195693,1003.4776473195693,0
2025-10-11T00:30:00,1003.4776473195693,1003.4776473195693,0
2025-10-11T00:45:00,1003.4776473195693,1003.4776473195693,0
2025-10-11T01:00:00,1003.4776473195693,1003.4776473195693,0
2025-10-11T01:15:00,1003.4776473195693,1003.4776473195693,0
2025-10-11T01:30:00,1003.4776473195693,1003.4776473195693,0
2025-10-11T01:45:00,1003.4776473195693,1003.4776473195693,0
2025-10-11T02:00:00,1003.4776473195693,1003.4776473195693,0
2025-10-11T02:15:00,1003.4776473195693,1003.4776473195693,0
2025-10-11T02:30:00,1003.4776473195693,1003.4776473195693,0
2025-10-11T02:45:00,1003.4776473195693,1003.4776473195693,0
2025-10-11T03:00:00,1003.4776473195693,1003.4776473195693,0
2025-10-11T03:15:00,1003.4776473195693,1003.4776473195693,0
2025-10-11T03:30:00,1003.4776473195693,1003.4776473195693,0
2025-10-11T03:45:00,1003.4776473195693,1003.4776473195693,0
2025-10-11T04:00:00,1003.4776473195693,1003.4776473195693,0
2025-10-11T04:15:00,1003.4776473195693,1003.4776473195693,0
2025-10-11T04:30:00,1003.4776473195693,1003.4776473195693,0
2025-10-11T04:45:00,1003.4776473195693,1003.4776473195693,0
2025-10-11T05:00:00,1003.4776473195693,1003.4776473195693,0
2025-10-11T05:15:00,1003.4776473195693,1003.4776473195693,0
2025-10-11T05:30:00,1003.4776473195693,1003.4776473195693,0
2025-10-11T05:45:00,1003.4776473195693,1003.4776473195693,0
2025-10-11T06:00:00,1003.4776473195693,1003.4776473195693,0
2025-10-11T06:15:00,1003.4776473195693,1003.4776473195693,0
2025-10-11T06:30:00,1003.4776473195693,1003.4776473195693,0
2025-10-11T06:45:00,1003.4776473195693,1003.4776473195693,0
2025-10-11T07:00:00,1002.561390321279,882.8676619329357,1
2025-10-11T07:15:00,1005.3489287923039,882.8676619329357,1
2025-10-11T07:30:00,1005.8742012967084,882.8676619329357,1
2025-10-11T07:45:00,1006.9492994390706,882.8676619329357,1
2025-10-11T08:00:00,1007.4262884445129,882.8676619329357,1
2025-10-11T08:15:00,1004.5043356409512,882.8676619329357,1
2025-10-11T08:30:00,1003.2353673417697,882.8676619329357,1
2025-10-11T08:45:00,1002.8624368547183,882.8676619329357,1
2025-10-11T09:00:00,1001.5161613245796,1001.5161613245796,0
2025-10-11T09:15:00,1001.5161613245796,1001.5161613245796,0
2025-10-11T09:30:00,1001.5161613245796,1001.5161613245796,0
2025-10-11T09:45:00,1001.5161613245796,1001.5161613245796,0
2025-10-11T10:00:00,1001.5161613245796,1001.5161613245796,0
2025-10-11T10:15:00,1001.5161613245796,1001.5161613245796,0
2025-10-11T10:30:00,1001.5161613245796,1001.5161613245796,0
2025-10-11T10:45:00,1001.5161613245796,1001.5161613245796,0
2025-10-11T11:00:00,1001.5161613245796,1001.5161613245796,0
2025-10-11T11:15:00,1001.5161613245796,1001.5161613245796,0
2025-10-11T11:30:00,1001.5161613245796,1001.5161613245796,0
2025-10-11T11:45:00,1001.5161613245796,1001.5161613245796,0
2025-10-11T12:00:00,1001.5161613245796,1001.5161613245796,0
2025-10-11T12:15:00,1001.5161613245796,1001.5161613245796,0
2025-10-11T12:30:00,1001.5161613245796,1001.5161613245796,0
2025-10-11T12:45:00,1001.5161613245796,1001.5161613245796,0
2025-10-11T13:00:00,1001.5161613245796,1001.5161613245796,0
2025-10-11T13:15:00,1001.5161613245796,1001.5161613245796,0
2025-10-11T13:30:00,1001.5161613245796,1001.5161613245796,0
2025-10-11T13:45:00,1001.5161613245796,1001.5161613245796,0
2025-10-11T14:00:00,1001.5161613245796,1001.5161613245796,0
2025-10-11T14:15:00,1001.5161613245796,1001.5161613245796,0
2025-10-11T14:30:00,1001.5161613245796,1001.5161613245796,0
2025-10-11T14:45:00,1001.5161613245796,1001.5161613245796,0
2025-10-11T15:00:00,1001.5161613245796,1001.5161613245796,0
2025-10-11T15:15:00,1001.5161613245796,1001.5161613245796,0
2025-10-11T15:30:00,1001.5161613245796,1001.5161613245796,0
2025-10-11T15:45:00,1001.5161613245796,1001.5161613245796,0
2025-10-11T16:00:00,1001.5161613245796,1001.5161613245796,0
2025-10-11T16:15:00,1001.5161613245796,1001.5161613245796,0
2025-10-11T16:30:00,1001.5161613245796,1001.5161613245796,0
2025-10-11T16:45:00,1001.5161613245796,1001.5161613245796,0
2025-10-11T17:00:00,1001.5161613245796,1001.5161613245796,0
2025-10-11T17:15:00,1001.5161613245796,1001.5161613245796,0
2025-10-11T17:30:00,1001.5161613245796,1001.5161613245796,0
2025-10-11T17:45:00,1001.5161613245796,1001.5161613245796,0
2025-10-11T18:00:00,1001.5161613245796,1001.5161613245796,0
2025-10-11T18:15:00,1000.6016953231039,881.1419308626557,1
2025-10-11T18:30:00,999.753865629604,881.1419308626557,1
2025-10-11T18:45:00,1000.6710861462326,881.1419308626557,1
2025-10-11T19:00:00,1004.5165993988929,881.1419308626557,1
2025-10-11T19:15:00,1006.5617362041955,881.1419308626557,1
2025-10-11T19:30:00,1008.5437904430175,881.1419308626557,1
2025-10-11T19:45:00,1007.5937669918189,881.1419308626557,1
2025-10-11T20:00:00,1009.236437022975,881.1419308626557,1
2025-10-11T20:15:00,1012.6719135935111,881.1419308626557,1
2025-10-11T20:30:00,1016.1881358491426,881.1419308626557,1
2025-10-11T20:45:00,1015.8525365954655,881.1419308626557,1
2025-10-11T21:00:00,1018.8275104306929,881.1419308626557,1
2025-10-11T21:15:00,1012.2593536087277,881.1419308626557,1
2025-10-11T21:30:00,1012.4321998408847,881.1419308626557,1
2025-10-11T21:45:00,1010.7302321972368,881.1419308626557,1
2025-10-11T22:00:00,1010.3946329435598,881.1419308626557,1
2025-10-11T22:15:00,1009.7044508251145,1009.7044508251145,0
2025-10-11T22:30:00,1009.7044508251145,1009.7044508251145,0
2025-10-11T22:45:00,1009.7044508251145,1009.7044508251145,0
2025-10-11T23:00:00,1009.7044508251145,1009.7044508251145,0
2025-10-11T23:15:00,1009.7044508251145,1009.7044508251145,0
2025-10-11T23:30:00,1009.7044508251145,1009.7044508251145,0
2025-10-11T23:45:00,1009.7044508251145,1009.7044508251145,0
2025-10-12T00:00:00,1009.7044508251145,1009.7044508251145,0
2025-10-12T00:15:00,1009.7044508251145,1009.7044508251145,0
2025-10-12T00:30:00,1008.7825082469766,888.3460534715423,1
2025-10-12T00:45:00,1009.2282986423727,888.3460534715423,1
2025-10-12T01:00:00,1007.5081200474979,888.3460534715423,1
2025-10-12T01:15:00,1007.8037066347022,888.3460534715423,1
2025-10-12T01:30:00,1007.6110866156577,888.3460534715423,1
2025-10-12T01:45:00,1007.7376718038333,888.3460534715423,1
2025-10-12T02:00:00,1007.0214172485161,888.3460534715423,1
2025-10-12T02:15:00,1005.2745679125796,1005.2745679125796,0
2025-10-12T02:30:00,1005.2745679125796,1005.2745679125796,0
2025-10-12T02:45:00,1005.2745679125796,1005.2745679125796,0
2025-10-12T03:00:00,1005.2745679125796,1005.2745679125796,0
2025-10-12T03:15:00,1005.2745679125796,1005.2745679125796,0
2025-10-12T03:30:00,1005.2745679125796,1005.2745679125796,0
2025-10-12T03:45:00,1005.2745679125796,1005.2745679125796,0
2025-10-12T04:00:00,1005.2745679125796,1005.2745679125796,0
2025-10-12T04:15:00,1005.2745679125796,1005.2745679125796,0
2025-10-12T04:30:00,1005.2745679125796,1005.2745679125796,0
2025-10-12T04:45:00,1005.2745679125796,1005.2745679125796,0
2025-10-12T05:00:00,1005.2745679125796,1005.2745679125796,0
2025-10-12T05:15:00,1005.2745679125796,1005.2745679125796,0
2025-10-12T05:30:00,1005.2745679125796,1005.2745679125796,0
2025-10-12T05:45:00,1005.2745679125796,1005.2745679125796,0
2025-10-12T06:00:00,1005.2745679125796,1005.2745679125796,0
2025-10-12T06:15:00,1005.2745679125796,1005.2745679125796,0
2025-10-12T06:30:00,1005.2745679125796,1005.2745679125796,0
2025-10-12T06:45:00,1005.2745679125796,1005.2745679125796,0
2025-10-12T07:00:00,1005.2745679125796,1005.2745679125796,0
2025-10-12T07:15:00,1005.2745679125796,1005.2745679125796,0
2025-10-12T07:30:00,1005.2745679125796,1005.2745679125796,0
2025-10-12T07:45:00,1005.2745679125796,1005.2745679125796,0
2025-10-12T08:00:00,1005.2745679125796,1005.2745679125796,0
2025-10-12T08:15:00,1005.2745679125796,1005.2745679125796,0
2025-10-12T08:30:00,1005.2745679125796,1005.2745679125796,0
2025-10-12T08:45:00,1005.2745679125796,1005.2745679125796,0
2025-10-12T09:00:00,1005.2745679125796,1005.2745679125796,0
2025-10-12T09:15:00,1005.2745679125796,1005.2745679125796,0
2025-10-12T09:30:00,1005.2745679125796,1005.2745679125796,0
2025-10-12T09:45:00,1005.2745679125796,1005.2745679125796,0
2025-10-12T10:00:00,1005.2745679125796,1005.2745679125796,0
2025-10-12T10:15:00,1005.2745679125796,1005.2745679125796,0
2025-10-12T10:30:00,1005.2745679125796,1005.2745679125796,0
2025-10-12T10:45:00,1005.2745679125796,1005.2745679125796,0
2025-10-12T11:00:00,1005.2745679125796,1005.2745679125796,0
2025-10-12T11:15:00,1005.2745679125796,1005.2745679125796,0
2025-10-12T11:30:00,1005.2745679125796,1005.2745679125796,0
2025-10-12T11:45:00,1005.2745679125796,1005.2745679125796,0
2025-10-12T12:00:00,1005.2745679125796,1005.2745679125796,0
2025-10-12T12:15:00,1005.2745679125796,1005.2745679125796,0
2025-10-12T12:30:00,1005.2745679125796,1005.2745679125796,0
2025-10-12T12:45:00,1005.2745679125796,1005.2745679125796,0
2025-10-12T13:00:00,1005.2745679125796,1005.2745679125796,0
2025-10-12T13:15:00,1005.2745679125796,1005.2745679125796,0
2025-10-12T13:30:00,1005.2745679125796,1005.2745679125796,0
2025-10-12T13:45:00,1005.2745679125796,1005.2745679125796,0
2025-10-12T14:00:00,1005.2745679125796,1005.2745679125796,0
2025-10-12T14:15:00,1005.2745679125796,1005.2745679125796,0
2025-10-12T14:30:00,1005.2745679125796,1005.2745679125796,0
2025-10-12T14:45:00,1005.2745679125796,1005.2745679125796,0
2025-10-12T15:00:00,1005.2745679125796,1005.2745679125796,0
2025-10-12T15:15:00,1005.2745679125796,1005.2745679125796,0
2025-10-12T15:30:00,1005.2745679125796,1005.2745679125796,0
2025-10-12T15:45:00,1005.2745679125796,1005.2745679125796,0
2025-10-12T16:00:00,1005.2745679125796,1005.2745679125796,0
2025-10-12T16:15:00,1005.2745679125796,1005.2745679125796,0
2025-10-12T16:30:00,1005.2745679125796,1005.2745679125796,0
2025-10-12T16:45:00,1005.2745679125796,1005.2745679125796,0
2025-10-12T17:00:00,1005.2745679125796,1005.2745679125796,0
2025-10-12T17:15:00,1005.2745679125796,1005.2745679125796,0
2025-10-12T17:30:00,1005.2745679125796,1005.2745679125796,0
2025-10-12T17:45:00,1005.2745679125796,1005.2745679125796,0
2025-10-12T18:00:00,1005.2745679125796,1005.2745679125796,0
2025-10-12T18:15:00,1005.2745679125796,1005.2745679125796,0
2025-10-12T18:30:00,1005.2745679125796,1005.2745679125796,0
2025-10-12T18:45:00,1005.2745679125796,1005.2745679125796,0
2025-10-12T19:00:00,1005.2745679125796,1005.2745679125796,0
2025-10-12T19:15:00,1005.2745679125796,1005.2745679125796,0
2025-10-12T19:30:00,1005.2745679125796,1005.2745679125796,0
2025-10-12T19:45:00,1005.2745679125796,1005.2745679125796,0
2025-10-12T20:00:00,1005.2745679125796,1005.2745679125796,0
2025-10-12T20:15:00,1004.3588415770711,884.4486070460309,1
2025-10-12T20:30:00,1003.8338439140601,884.4486070460309,1
2025-10-12T20:45:00,1003.0922575369366,884.4486070460309,1
2025-10-12T21:00:00,1004.9034074868398,884.4486070460309,1
2025-10-12T21:15:00,1003.1974995819986,884.4486070460309,1
2025-10-12T21:30:00,1001.4315881633545,1001.4315881633545,0
2025-10-12T21:45:00,1001.4315881633545,1001.4315881633545,0
2025-10-12T22:00:00,1001.4315881633545,1001.4315881633545,0
2025-10-12T22:15:00,1001.4315881633545,1001.4315881633545,0
2025-10-12T22:30:00,1001.4315881633545,1001.4315881633545,0
2025-10-12T22:45:00,1001.4315881633545,1001.4315881633545,0
2025-10-12T23:00:00,1001.4315881633545,1001.4315881633545,0
2025-10-12T23:15:00,1001.4315881633545,1001.4315881633545,0
2025-10-12T23:30:00,1001.4315881633545,1001.4315881633545,0
2025-10-12T23:45:00,1001.4315881633545,1001.4315881633545,0
2025-10-13T00:00:00,1001.4315881633545,1001.4315881633545,0
2025-10-13T00:15:00,1001.4315881633545,1001.4315881633545,0
2025-10-13T00:30:00,1001.4315881633545,1001.4315881633545,0
2025-10-13T00:45:00,1001.4315881633545,1001.4315881633545,0
2025-10-13T01:00:00,1001.4315881633545,1001.4315881633545,0
2025-10-13T01:15:00,1001.4315881633545,1001.4315881633545,0
2025-10-13T01:30:00,1001.4315881633545,1001.4315881633545,0
2025-10-13T01:45:00,1001.4315881633545,1001.4315881633545,0
2025-10-13T02:00:00,1001.4315881633545,1001.4315881633545,0
2025-10-13T02:15:00,1001.4315881633545,1001.4315881633545,0
2025-10-13T02:30:00,1001.4315881633545,1001.4315881633545,0
2025-10-13T02:45:00,1001.4315881633545,1001.4315881633545,0
2025-10-13T03:00:00,1001.4315881633545,1001.4315881633545,0
2025-10-13T03:15:00,1001.4315881633545,1001.4315881633545,0
2025-10-13T03:30:00,1001.4315881633545,1001.4315881633545,0
2025-10-13T03:45:00,1001.4315881633545,1001.4315881633545,0
2025-10-13T04:00:00,1001.4315881633545,1001.4315881633545,0
2025-10-13T04:15:00,1001.4315881633545,1001.4315881633545,0
2025-10-13T04:30:00,1001.4315881633545,1001.4315881633545,0
2025-10-13T04:45:00,1001.4315881633545,1001.4315881633545,0
2025-10-13T05:00:00,1001.4315881633545,1001.4315881633545,0
2025-10-13T05:15:00,1001.4315881633545,1001.4315881633545,0
2025-10-13T05:30:00,1001.4315881633545,1001.4315881633545,0
2025-10-13T05:45:00,1001.4315881633545,1001.4315881633545,0
2025-10-13T06:00:00,1001.4315881633545,1001.4315881633545,0
2025-10-13T06:15:00,1001.4315881633545,1001.4315881633545,0
2025-10-13T06:30:00,1001.4315881633545,1001.4315881633545,0
2025-10-13T06:45:00,1001.4315881633545,1001.4315881633545,0
2025-10-13T07:00:00,1001.4315881633545,1001.4315881633545,0
2025-10-13T07:15:00,1000.5193624811754,881.0675227188246,1
2025-10-13T07:30:00,1000.4666485508326,881.0675227188246,1
2025-10-13T07:45:00,999.3665317436788,881.0675227188246,1
2025-10-13T08:00:00,1000.3577828251247,881.0675227188246,1
2025-10-13T08:15:00,1000.1664083388803,881.0675227188246,1
2025-10-13T08:30:00,998.9677394010854,881.0675227188246,1
2025-10-13T08:45:00,999.0296209714878,881.0675227188246,1
2025-10-13T09:00:00,995.6802643552764,995.6802643552764,0
2025-10-13T09:15:00,995.6802643552764,995.6802643552764,0
2025-10-13T09:30:00,995.6802643552764,995.6802643552764,0
2025-10-13T09:45:00,995.6802643552764,995.6802643552764,0
2025-10-13T10:00:00,995.6802643552764,995.6802643552764,0
2025-10-13T10:15:00,995.6802643552764,995.6802643552764,0
2025-10-13T10:30:00,995.6802643552764,995.6802643552764,0
2025-10-13T10:45:00,995.6802643552764,995.6802643552764,0
2025-10-13T11:00:00,995.6802643552764,995.6802643552764,0
2025-10-13T11:15:00,995.6802643552764,995.6802643552764,0
2025-10-13T11:30:00,995.6802643552764,995.6802643552764,0
2025-10-13T11:45:00,995.6802643552764,995.6802643552764,0
2025-10-13T12:00:00,995.6802643552764,995.6802643552764,0
2025-10-13T12:15:00,995.6802643552764,995.6802643552764,0
2025-10-13T12:30:00,995.6802643552764,995.6802643552764,0
2025-10-13T12:45:00,995.6802643552764,995.6802643552764,0
2025-10-13T13:00:00,995.6802643552764,995.6802643552764,0
2025-10-13T13:15:00,995.6802643552764,995.6802643552764,0
2025-10-13T13:30:00,995.6802643552764,995.6802643552764,0
2025-10-13T13:45:00,995.6802643552764,995.6802643552764,0
2025-10-13T14:00:00,995.6802643552764,995.6802643552764,0
2025-10-13T14:15:00,995.6802643552764,995.6802643552764,0
2025-10-13T14:30:00,995.6802643552764,995.6802643552764,0
2025-10-13T14:45:00,995.6802643552764,995.6802643552764,0
2025-10-13T15:00:00,995.6802643552764,995.6802643552764,0
2025-10-13T15:15:00,995.6802643552764,995.6802643552764,0
2025-10-13T15:30:00,995.6802643552764,995.6802643552764,0
2025-10-13T15:45:00,995.6802643552764,995.6802643552764,0
2025-10-13T16:00:00,995.6802643552764,995.6802643552764,0
2025-10-13T16:15:00,995.6802643552764,995.6802643552764,0
2025-10-13T16:30:00,995.6802643552764,995.6802643552764,0
2025-10-13T16:45:00,995.6802643552764,995.6802643552764,0
2025-10-13T17:00:00,995.6802643552764,995.6802643552764,0
2025-10-13T17:15:00,995.6802643552764,995.6802643552764,0
2025-10-13T17:30:00,995.6802643552764,995.6802643552764,0
2025-10-13T17:45:00,994.7732776782838,876.007462021887,1
2025-10-13T18:00:00,991.5773130441544,876.007462021887,1
2025-10-13T18:15:00,994.0813445734334,876.007462021887,1
2025-10-13T18:30:00,994.8848434394893,876.007462021887,1
2025-10-13T18:45:00,994.0666945239823,876.007462021887,1
2025-10-13T19:00:00,996.7375112316292,876.007462021887,1
2025-10-13T19:15:00,996.3385791158034,876.007462021887,1
2025-10-13T19:30:00,998.2487201788674,876.007462021887,1
2025-10-13T19:45:00,996.7273688897014,876.007462021887,1
2025-10-13T20:00:00,997.8080917684497,876.007462021887,1
2025-10-13T20:15:00,996.5143797092181,876.007462021887,1
2025-10-13T20:30:00,997.1758857882851,876.007462021887,1
2025-10-13T20:45:00,1000.5870934566595,876.007462021887,1
2025-10-13T21:00:00,998.5135479958703,876.007462021887,1
2025-10-13T21:15:00,998.4335361873291,876.007462021887,1
2025-10-13T21:30:00,998.2971780347445,876.007462021887,1
2025-10-13T21:45:00,997.0575917358314,997.0575917358314,0
2025-10-13T22:00:00,997.0575917358314,997.0575917358314,0
2025-10-13T22:15:00,997.0575917358314,997.0575917358314,0
2025-10-13T22:30:00,997.0575917358314,997.0575917358314,0
2025-10-13T22:45:00,997.0575917358314,997.0575917358314,0
2025-10-13T23:00:00,997.0575917358314,997.0575917358314,0
2025-10-13T23:15:00,997.0575917358314,997.0575917358314,0
2025-10-13T23:30:00,997.0575917358314,997.0575917358314,0
2025-10-13T23:45:00,997.0575917358314,997.0575917358314,0
2025-10-14T00:00:00,997.0575917358314,997.0575917358314,0
2025-10-14T00:15:00,997.0575917358314,997.0575917358314,0
2025-10-14T00:30:00,997.0575917358314,997.0575917358314,0
2025-10-14T00:45:00,997.0575917358314,997.0575917358314,0
2025-10-14T01:00:00,997.0575917358314,997.0575917358314,0
2025-10-14T01:15:00,997.0575917358314,997.0575917358314,0
2025-10-14T01:30:00,997.0575917358314,997.0575917358314,0
2025-10-14T01:45:00,997.0575917358314,997.0575917358314,0
2025-10-14T02:00:00,997.0575917358314,997.0575917358314,0
2025-10-14T02:15:00,997.0575917358314,997.0575917358314,0
2025-10-14T02:30:00,997.0575917358314,997.0575917358314,0
2025-10-14T02:45:00,997.0575917358314,997.0575917358314,0
2025-10-14T03:00:00,997.0575917358314,997.0575917358314,0
2025-10-14T03:15:00,997.0575917358314,997.0575917358314,0
2025-10-14T03:30:00,997.0575917358314,997.0575917358314,0
2025-10-14T03:45:00,997.0575917358314,997.0575917358314,0
2025-10-14T04:00:00,997.0575917358314,997.0575917358314,0
2025-10-14T04:15:00,997.0575917358314,997.0575917358314,0
2025-10-14T04:30:00,997.0575917358314,997.0575917358314,0
2025-10-14T04:45:00,997.0575917358314,997.0575917358314,0
2025-10-14T05:00:00,997.0575917358314,997.0575917358314,0
2025-10-14T05:15:00,997.0575917358314,997.0575917358314,0
2025-10-14T05:30:00,997.0575917358314,997.0575917358314,0
2025-10-14T05:45:00,997.0575917358314,997.0575917358314,0
2025-10-14T06:00:00,997.0575917358314,997.0575917358314,0
2025-10-14T06:15:00,997.0575917358314,997.0575917358314,0
2025-10-14T06:30:00,996.1471967723095,877.2192456699183,1
2025-10-14T06:45:00,995.0131139498201,877.2192456699183,1
2025-10-14T07:00:00,994.8559024686074,877.2192456699183,1
2025-10-14T07:15:00,993.473401504049,877.2192456699183,1
2025-10-14T07:30:00,996.9560558435875,877.2192456699183,1
2025-10-14T07:45:00,997.6761084292949,877.2192456699183,1
2025-10-14T08:00:00,996.9500554053733,877.2192456699183,1
2025-10-14T08:15:00,996.2624051860226,877.2192456699183,1
2025-10-14T08:30:00,994.8174996640363,877.2192456699183,1
2025-10-14T08:45:00,995.4795045334574,995.4795045334574,0
2025-10-14T09:00:00,995.4795045334574,995.4795045334574,0
2025-10-14T09:15:00,995.4795045334574,995.4795045334574,0
2025-10-14T09:30:00,995.4795045334574,995.4795045334574,0
2025-10-14T09:45:00,995.4795045334574,995.4795045334574,0
2025-10-14T10:00:00,995.4795045334574,995.4795045334574,0
2025-10-14T10:15:00,995.4795045334574,995.4795045334574,0
2025-10-14T10:30:00,995.4795045334574,995.4795045334574,0
2025-10-14T10:45:00,995.4795045334574,995.4795045334574,0
2025-10-14T11:00:00,995.4795045334574,995.4795045334574,0
2025-10-14T11:15:00,995.4795045334574,995.4795045334574,0
2025-10-14T11:30:00,995.4795045334574,995.4795045334574,0
2025-10-14T11:45:00,995.4795045334574,995.4795045334574,0
2025-10-14T12:00:00,995.4795045334574,995.4795045334574,0
2025-10-14T12:15:00,995.4795045334574,995.4795045334574,0
2025-10-14T12:30:00,995.4795045334574,995.4795045334574,0
2025-10-14T12:45:00,995.4795045334574,995.4795045334574,0
2025-10-14T13:00:00,995.4795045334574,995.4795045334574,0
2025-10-14T13:15:00,995.4795045334574,995.4795045334574,0
2025-10-14T13:30:00,995.4795045334574,995.4795045334574,0
2025-10-14T13:45:00,995.4795045334574,995.4795045334574,0
2025-10-14T14:00:00,995.4795045334574,995.4795045334574,0
2025-10-14T14:15:00,995.4795045334574,995.4795045334574,0
2025-10-14T14:30:00,995.4795045334574,995.4795045334574,0
2025-10-14T14:45:00,995.4795045334574,995.4795045334574,0
2025-10-14T15:00:00,995.4795045334574,995.4795045334574,0
2025-10-14T15:15:00,995.4795045334574,995.4795045334574,0
2025-10-14T15:30:00,995.4795045334574,995.4795045334574,0
2025-10-14T15:45:00,995.4795045334574,995.4795045334574,0
2025-10-14T16:00:00,995.4795045334574,995.4795045334574,0
2025-10-14T16:15:00,995.4795045334574,995.4795045334574,0
2025-10-14T16:30:00,995.4795045334574,995.4795045334574,0
2025-10-14T16:45:00,995.4795045334574,995.4795045334574,0
2025-10-14T17:00:00,995.4795045334574,995.4795045334574,0
2025-10-14T17:15:00,995.4795045334574,995.4795045334574,0
2025-10-14T17:30:00,995.4795045334574,995.4795045334574,0
2025-10-14T17:45:00,995.4795045334574,995.4795045334574,0
2025-10-14T18:00:00,995.4795045334574,995.4795045334574,0
2025-10-14T18:15:00,995.4795045334574,995.4795045334574,0
2025-10-14T18:30:00,995.4795045334574,995.4795045334574,0
2025-10-14T18:45:00,995.4795045334574,995.4795045334574,0
2025-10-14T19:00:00,995.4795045334574,995.4795045334574,0
2025-10-14T19:15:00,995.4795045334574,995.4795045334574,0
2025-10-14T19:30:00,995.4795045334574,995.4795045334574,0
2025-10-14T19:45:00,995.4795045334574,995.4795045334574,0
2025-10-14T20:00:00,995.4795045334574,995.4795045334574,0
2025-10-14T20:15:00,995.4795045334574,995.4795045334574,0
2025-10-14T20:30:00,995.4795045334574,995.4795045334574,0
2025-10-14T20:45:00,995.4795045334574,995.4795045334574,0
2025-10-14T21:00:00,995.4795045334574,995.4795045334574,0
2025-10-14T21:15:00,995.4795045334574,995.4795045334574,0
2025-10-14T21:30:00,995.4795045334574,995.4795045334574,0
2025-10-14T21:45:00,995.4795045334574,995.4795045334574,0
2025-10-14T22:00:00,995.4795045334574,995.4795045334574,0
2025-10-14T22:15:00,995.4795045334574,995.4795045334574,0
2025-10-14T22:30:00,995.4795045334574,995.4795045334574,0
2025-10-14T22:45:00,995.4795045334574,995.4795045334574,0
2025-10-14T23:00:00,995.4795045334574,995.4795045334574,0
2025-10-14T23:15:00,995.4795045334574,995.4795045334574,0
2025-10-14T23:30:00,995.4795045334574,995.4795045334574,0
2025-10-14T23:45:00,995.4795045334574,995.4795045334574,0
2025-10-15T00:00:00,995.4795045334574,995.4795045334574,0
2025-10-15T00:15:00,995.4795045334574,995.4795045334574,0
2025-10-15T00:30:00,995.4795045334574,995.4795045334574,0
2025-10-15T00:45:00,995.4795045334574,995.4795045334574,0
2025-10-15T01:00:00,995.4795045334574,995.4795045334574,0
2025-10-15T01:15:00,995.4795045334574,995.4795045334574,0
2025-10-15T01:30:00,995.4795045334574,995.4795045334574,0
2025-10-15T01:45:00,995.4795045334574,995.4795045334574,0
2025-10-15T02:00:00,995.4795045334574,995.4795045334574,0
2025-10-15T02:15:00,995.4795045334574,995.4795045334574,0
2025-10-15T02:30:00,995.4795045334574,995.4795045334574,0
2025-10-15T02:45:00,995.4795045334574,995.4795045334574,0
2025-10-15T03:00:00,995.4795045334574,995.4795045334574,0
2025-10-15T03:15:00,995.4795045334574,995.4795045334574,0
2025-10-15T03:30:00,995.4795045334574,995.4795045334574,0
2025-10-15T03:45:00,995.4795045334574,995.4795045334574,0
2025-10-15T04:00:00,995.4795045334574,995.4795045334574,0
2025-10-15T04:15:00,995.4795045334574,995.4795045334574,0
2025-10-15T04:30:00,995.4795045334574,995.4795045334574,0
2025-10-15T04:45:00,995.4795045334574,995.4795045334574,0
2025-10-15T05:00:00,995.4795045334574,995.4795045334574,0
2025-10-15T05:15:00,995.4795045334574,995.4795045334574,0
2025-10-15T05:30:00,995.4795045334574,995.4795045334574,0
2025-10-15T05:45:00,995.4795045334574,995.4795045334574,0
2025-10-15T06:00:00,995.4795045334574,995.4795045334574,0
2025-10-15T06:15:00,995.4795045334574,995.4795045334574,0
2025-10-15T06:30:00,995.4795045334574,995.4795045334574,0
2025-10-15T06:45:00,995.4795045334574,995.4795045334574,0
2025-10-15T07:00:00,995.4795045334574,995.4795045334574,0
2025-10-15T07:15:00,995.4795045334574,995.4795045334574,0
2025-10-15T07:30:00,995.4795045334574,995.4795045334574,0
2025-10-15T07:45:00,995.4795045334574,995.4795045334574,0
2025-10-15T08:00:00,994.5727007329264,875.8308319245721,1
2025-10-15T08:15:00,998.701610499377,875.8308319245721,1
2025-10-15T08:30:00,1001.0018548400834,875.8308319245721,1
2025-10-15T08:45:00,999.6205552309775,875.8308319245721,1
2025-10-15T09:00:00,999.1570473487901,875.8308319245721,1
2025-10-15T09:15:00,996.3587049854347,875.8308319245721,1
2025-10-15T09:30:00,997.2038574173833,875.8308319245721,1
2025-10-15T09:45:00,996.6319670950825,875.8308319245721,1
2025-10-15T10:00:00,996.5305026830613,875.8308319245721,1
2025-10-15T10:15:00,992.9874674785661,992.9874674785661,0
2025-10-15T10:30:00,992.9874674785661,992.9874674785661,0
2025-10-15T10:45:00,992.9874674785661,992.9874674785661,0
2025-10-15T11:00:00,992.9874674785661,992.9874674785661,0
2025-10-15T11:15:00,992.9874674785661,992.9874674785661,0
2025-10-15T11:30:00,992.9874674785661,992.9874674785661,0
2025-10-15T11:45:00,992.9874674785661,992.9874674785661,0
2025-10-15T12:00:00,992.9874674785661,992.9874674785661,0
2025-10-15T12:15:00,992.9874674785661,992.9874674785661,0
2025-10-15T12:30:00,992.9874674785661,992.9874674785661,0
2025-10-15T12:45:00,992.9874674785661,992.9874674785661,0
2025-10-15T13:00:00,992.9874674785661,992.9874674785661,0
2025-10-15T13:15:00,992.9874674785661,992.9874674785661,0
2025-10-15T13:30:00,992.9874674785661,992.9874674785661,0
2025-10-15T13:45:00,992.9874674785661,992.9874674785661,0
2025-10-15T14:00:00,992.9874674785661,992.9874674785661,0
2025-10-15T14:15:00,992.9874674785661,992.9874674785661,0
2025-10-15T14:30:00,992.9874674785661,992.9874674785661,0
2025-10-15T14:45:00,992.9874674785661,992.9874674785661,0
2025-10-15T15:00:00,992.9874674785661,992.9874674785661,0
2025-10-15T15:15:00,992.9874674785661,992.9874674785661,0
2025-10-15T15:30:00,992.9874674785661,992.9874674785661,0
2025-10-15T15:45:00,992.9874674785661,992.9874674785661,0
2025-10-15T16:00:00,992.9874674785661,992.9874674785661,0
2025-10-15T16:15:00,992.9874674785661,992.9874674785661,0
2025-10-15T16:30:00,992.9874674785661,992.9874674785661,0
2025-10-15T16:45:00,992.9874674785661,992.9874674785661,0
2025-10-15T17:00:00,992.9874674785661,992.9874674785661,0
2025-10-15T17:15:00,992.9874674785661,992.9874674785661,0
2025-10-15T17:30:00,992.9874674785661,992.9874674785661,0
2025-10-15T17:45:00,992.9874674785661,992.9874674785661,0
2025-10-15T18:00:00,992.9874674785661,992.9874674785661,0
2025-10-15T18:15:00,992.9874674785661,992.9874674785661,0
2025-10-15T18:30:00,992.9874674785661,992.9874674785661,0
2025-10-15T18:45:00,992.9874674785661,992.9874674785661,0
2025-10-15T19:00:00,992.9874674785661,992.9874674785661,0
2025-10-15T19:15:00,992.9874674785661,992.9874674785661,0
2025-10-15T19:30:00,992.9874674785661,992.9874674785661,0
2025-10-15T19:45:00,992.9874674785661,992.9874674785661,0
2025-10-15T20:00:00,992.9874674785661,992.9874674785661,0
2025-10-15T20:15:00,992.9874674785661,992.9874674785661,0
2025-10-15T20:30:00,992.9874674785661,992.9874674785661,0
2025-10-15T20:45:00,992.9874674785661,992.9874674785661,0
2025-10-15T21:00:00,992.9874674785661,992.9874674785661,0
2025-10-15T21:15:00,992.9874674785661,992.9874674785661,0
2025-10-15T21:30:00,992.9874674785661,992.9874674785661,0
2025-10-15T21:45:00,992.9874674785661,992.9874674785661,0
2025-10-15T22:00:00,992.9874674785661,992.9874674785661,0
2025-10-15T22:15:00,992.9874674785661,992.9874674785661,0
2025-10-15T22:30:00,992.9874674785661,992.9874674785661,0
2025-10-15T22:45:00,992.9874674785661,992.9874674785661,0
2025-10-15T23:00:00,992.9874674785661,992.9874674785661,0
2025-10-15T23:15:00,992.9874674785661,992.9874674785661,0
2025-10-15T23:30:00,992.9874674785661,992.9874674785661,0
2025-10-15T23:45:00,992.9874674785661,992.9874674785661,0
2025-10-16T00:00:00,992.9874674785661,992.9874674785661,0
2025-10-16T00:15:00,992.9874674785661,992.9874674785661,0
2025-10-16T00:30:00,992.9874674785661,992.9874674785661,0
2025-10-16T00:45:00,992.9874674785661,992.9874674785661,0
2025-10-16T01:00:00,992.9874674785661,992.9874674785661,0
2025-10-16T01:15:00,992.9874674785661,992.9874674785661,0
2025-10-16T01:30:00,992.9874674785661,992.9874674785661,0
2025-10-16T01:45:00,992.9874674785661,992.9874674785661,0
2025-10-16T02:00:00,992.9874674785661,992.9874674785661,0
2025-10-16T02:15:00,992.9874674785661,992.9874674785661,0
2025-10-16T02:30:00,992.9874674785661,992.9874674785661,0
2025-10-16T02:45:00,992.9874674785661,992.9874674785661,0
2025-10-16T03:00:00,992.9874674785661,992.9874674785661,0
2025-10-16T03:15:00,992.9874674785661,992.9874674785661,0
2025-10-16T03:30:00,992.9874674785661,992.9874674785661,0
2025-10-16T03:45:00,992.9874674785661,992.9874674785661,0
2025-10-16T04:00:00,992.9874674785661,992.9874674785661,0
2025-10-16T04:15:00,992.9874674785661,992.9874674785661,0
2025-10-16T04:30:00,992.9874674785661,992.9874674785661,0
2025-10-16T04:45:00,992.9874674785661,992.9874674785661,0
2025-10-16T05:00:00,992.9874674785661,992.9874674785661,0
2025-10-16T05:15:00,992.9874674785661,992.9874674785661,0
2025-10-16T05:30:00,992.9874674785661,992.9874674785661,0
2025-10-16T05:45:00,992.9874674785661,992.9874674785661,0
2025-10-16T06:00:00,992.0807888707046,873.6383177873823,1
2025-10-16T06:15:00,990.072115834769,990.072115834769,0
2025-10-16T06:30:00,990.072115834769,990.072115834769,0
2025-10-16T06:45:00,990.072115834769,990.072115834769,0
2025-10-16T07:00:00,990.072115834769,990.072115834769,0
2025-10-16T07:15:00,990.072115834769,990.072115834769,0
2025-10-16T07:30:00,990.072115834769,990.072115834769,0
2025-10-16T07:45:00,990.072115834769,990.072115834769,0
2025-10-16T08:00:00,990.072115834769,990.072115834769,0
2025-10-16T08:15:00,990.072115834769,990.072115834769,0
2025-10-16T08:30:00,989.1680991809163,871.0733680883565,1
2025-10-16T08:45:00,988.8497748409574,871.0733680883565,1
2025-10-16T09:00:00,988.0736357199338,871.0733680883565,1
2025-10-16T09:15:00,989.6068383461031,871.0733680883565,1
2025-10-16T09:30:00,985.4826462312053,985.4826462312053,0
2025-10-16T09:45:00,985.4826462312053,985.4826462312053,0
2025-10-16T10:00:00,985.4826462312053,985.4826462312053,0
2025-10-16T10:15:00,985.4826462312053,985.4826462312053,0
2025-10-16T10:30:00,985.4826462312053,985.4826462312053,0
2025-10-16T10:45:00,985.4826462312053,985.4826462312053,0
2025-10-16T11:00:00,985.4826462312053,985.4826462312053,0
2025-10-16T11:15:00,985.4826462312053,985.4826462312053,0
2025-10-16T11:30:00,985.4826462312053,985.4826462312053,0
2025-10-16T11:45:00,985.4826462312053,985.4826462312053,0
2025-10-16T12:00:00,985.4826462312053,985.4826462312053,0
2025-10-16T12:15:00,985.4826462312053,985.4826462312053,0
2025-10-16T12:30:00,985.4826462312053,985.4826462312053,0
2025-10-16T12:45:00,985.4826462312053,985.4826462312053,0
2025-10-16T13:00:00,985.4826462312053,985.4826462312053,0
2025-10-16T13:15:00,985.4826462312053,985.4826462312053,0
2025-10-16T13:30:00,985.4826462312053,985.4826462312053,0
2025-10-16T13:45:00,985.4826462312053,985.4826462312053,0
2025-10-16T14:00:00,985.4826462312053,985.4826462312053,0
2025-10-16T14:15:00,985.4826462312053,985.4826462312053,0
2025-10-16T14:30:00,985.4826462312053,985.4826462312053,0
2025-10-16T14:45:00,985.4826462312053,985.4826462312053,0
2025-10-16T15:00:00,985.4826462312053,985.4826462312053,0
2025-10-16T15:15:00,985.4826462312053,985.4826462312053,0
2025-10-16T15:30:00,985.4826462312053,985.4826462312053,0
2025-10-16T15:45:00,985.4826462312053,985.4826462312053,0
2025-10-16T16:00:00,985.4826462312053,985.4826462312053,0
2025-10-16T16:15:00,985.4826462312053,985.4826462312053,0
2025-10-16T16:30:00,985.4826462312053,985.4826462312053,0
2025-10-16T16:45:00,985.4826462312053,985.4826462312053,0
2025-10-16T17:00:00,985.4826462312053,985.4826462312053,0
2025-10-16T17:15:00,985.4826462312053,985.4826462312053,0
2025-10-16T17:30:00,985.4826462312053,985.4826462312053,0
2025-10-16T17:45:00,985.4826462312053,985.4826462312053,0
2025-10-16T18:00:00,985.4826462312053,985.4826462312053,0
2025-10-16T18:15:00,985.4826462312053,985.4826462312053,0
2025-10-16T18:30:00,985.4826462312053,985.4826462312053,0
2025-10-16T18:45:00,985.4826462312053,985.4826462312053,0
2025-10-16T19:00:00,985.4826462312053,985.4826462312053,0
2025-10-16T19:15:00,985.4826462312053,985.4826462312053,0
2025-10-16T19:30:00,985.4826462312053,985.4826462312053,0
2025-10-16T19:45:00,985.4826462312053,985.4826462312053,0
2025-10-16T20:00:00,985.4826462312053,985.4826462312053,0
2025-10-16T20:15:00,985.4826462312053,985.4826462312053,0
2025-10-16T20:30:00,985.4826462312053,985.4826462312053,0
2025-10-16T20:45:00,985.4826462312053,985.4826462312053,0
2025-10-16T21:00:00,985.4826462312053,985.4826462312053,0
2025-10-16T21:15:00,985.4826462312053,985.4826462312053,0
2025-10-16T21:30:00,985.4826462312053,985.4826462312053,0
2025-10-16T21:45:00,985.4826462312053,985.4826462312053,0
2025-10-16T22:00:00,985.4826462312053,985.4826462312053,0
2025-10-16T22:15:00,985.4826462312053,985.4826462312053,0
2025-10-16T22:30:00,985.4826462312053,985.4826462312053,0
2025-10-16T22:45:00,985.4826462312053,985.4826462312053,0
2025-10-16T23:00:00,985.4826462312053,985.4826462312053,0
2025-10-16T23:15:00,985.4826462312053,985.4826462312053,0
2025-10-16T23:30:00,985.4826462312053,985.4826462312053,0
2025-10-16T23:45:00,985.4826462312053,985.4826462312053,0
2025-10-17T00:00:00,985.4826462312053,985.4826462312053,0
2025-10-17T00:15:00,985.4826462312053,985.4826462312053,0
2025-10-17T00:30:00,985.4826462312053,985.4826462312053,0
2025-10-17T00:45:00,985.4826462312053,985.4826462312053,0
2025-10-17T01:00:00,985.4826462312053,985.4826462312053,0
2025-10-17T01:15:00,985.4826462312053,985.4826462312053,0
2025-10-17T01:30:00,985.4826462312053,985.4826462312053,0
2025-10-17T01:45:00,985.4826462312053,985.4826462312053,0
2025-10-17T02:00:00,985.4826462312053,985.4826462312053,0
2025-10-17T02:15:00,985.4826462312053,985.4826462312053,0
2025-10-17T02:30:00,985.4826462312053,985.4826462312053,0
2025-10-17T02:45:00,985.4826462312053,985.4826462312053,0
2025-10-17T03:00:00,985.4826462312053,985.4826462312053,0
2025-10-17T03:15:00,985.4826462312053,985.4826462312053,0
2025-10-17T03:30:00,985.4826462312053,985.4826462312053,0
2025-10-17T03:45:00,985.4826462312053,985.4826462312053,0
2025-10-17T04:00:00,985.4826462312053,985.4826462312053,0
2025-10-17T04:15:00,985.4826462312053,985.4826462312053,0
2025-10-17T04:30:00,985.4826462312053,985.4826462312053,0
2025-10-17T04:45:00,985.4826462312053,985.4826462312053,0
2025-10-17T05:00:00,985.4826462312053,985.4826462312053,0
2025-10-17T05:15:00,985.4826462312053,985.4826462312053,0
2025-10-17T05:30:00,985.4826462312053,985.4826462312053,0
2025-10-17T05:45:00,985.4826462312053,985.4826462312053,0
2025-10-17T06:00:00,984.5828201377043,867.0355160153842,1
2025-10-17T06:15:00,988.1239638739161,867.0355160153842,1
2025-10-17T06:30:00,992.7522581939785,867.0355160153842,1
2025-10-17T06:45:00,993.8284643088643,867.0355160153842,1
2025-10-17T07:00:00,998.7777963852317,867.0355160153842,1
2025-10-17T07:15:00,998.0688380067251,867.0355160153842,1
2025-10-17T07:30:00,998.9747968266007,867.0355160153842,1
2025-10-17T07:45:00,1001.5163457306812,867.0355160153842,1
2025-10-17T08:00:00,1003.1811210654594,867.0355160153842,1
2025-10-17T08:15:00,1004.5662044155779,867.0355160153842,1
2025-10-17T08:30:00,1005.7384786469338,867.0355160153842,1
2025-10-17T08:45:00,1007.3156982299923,867.0355160153842,1
2025-10-17T09:00:00,1004.0627588431906,867.0355160153842,1
2025-10-17T09:15:00,1003.0424911252368,867.0355160153842,1
2025-10-17T09:30:00,1002.8710277781195,867.0355160153842,1
2025-10-17T09:45:00,1005.4235211511649,867.0355160153842,1
2025-10-17T10:00:00,1006.0862695495974,867.0355160153842,1
2025-10-17T10:15:00,1010.0068215432605,867.0355160153842,1
2025-10-17T10:30:00,1008.6643000168945,867.0355160153842,1
2025-10-17T10:45:00,1005.3019159404433,867.0355160153842,1
2025-10-17T11:00:00,998.5969778816411,998.5969778816411,0
2025-10-17T11:15:00,998.5969778816411,998.5969778816411,0
2025-10-17T11:30:00,998.5969778816411,998.5969778816411,0
2025-10-17T11:45:00,998.5969778816411,998.5969778816411,0
2025-10-17T12:00:00,998.5969778816411,998.5969778816411,0
2025-10-17T12:15:00,998.5969778816411,998.5969778816411,0
2025-10-17T12:30:00,998.5969778816411,998.5969778816411,0
2025-10-17T12:45:00,998.5969778816411,998.5969778816411,0
2025-10-17T13:00:00,998.5969778816411,998.5969778816411,0
2025-10-17T13:15:00,998.5969778816411,998.5969778816411,0
2025-10-17T13:30:00,998.5969778816411,998.5969778816411,0
2025-10-17T13:45:00,998.5969778816411,998.5969778816411,0
2025-10-17T14:00:00,998.5969778816411,998.5969778816411,0
2025-10-17T14:15:00,998.5969778816411,998.5969778816411,0
2025-10-17T14:30:00,998.5969778816411,998.5969778816411,0
2025-10-17T14:45:00,998.5969778816411,998.5969778816411,0
2025-10-17T15:00:00,998.5969778816411,998.5969778816411,0
2025-10-17T15:15:00,998.5969778816411,998.5969778816411,0
2025-10-17T15:30:00,998.5969778816411,998.5969778816411,0
2025-10-17T15:45:00,998.5969778816411,998.5969778816411,0
2025-10-17T16:00:00,998.5969778816411,998.5969778816411,0
2025-10-17T16:15:00,998.5969778816411,998.5969778816411,0
2025-10-17T16:30:00,998.5969778816411,998.5969778816411,0
2025-10-17T16:45:00,998.5969778816411,998.5969778816411,0
2025-10-17T17:00:00,998.5969778816411,998.5969778816411,0
2025-10-17T17:15:00,998.5969778816411,998.5969778816411,0
2025-10-17T17:30:00,998.5969778816411,998.5969778816411,0
2025-10-17T17:45:00,998.5969778816411,998.5969778816411,0
2025-10-17T18:00:00,998.5969778816411,998.5969778816411,0
2025-10-17T18:15:00,998.5969778816411,998.5969778816411,0
2025-10-17T18:30:00,998.5969778816411,998.5969778816411,0
2025-10-17T18:45:00,998.5969778816411,998.5969778816411,0
2025-10-17T19:00:00,998.5969778816411,998.5969778816411,0
2025-10-17T19:15:00,998.5969778816411,998.5969778816411,0
2025-10-17T19:30:00,998.5969778816411,998.5969778816411,0
2025-10-17T19:45:00,998.5969778816411,998.5969778816411,0
2025-10-17T20:00:00,998.5969778816411,998.5969778816411,0
2025-10-17T20:15:00,998.5969778816411,998.5969778816411,0
2025-10-17T20:30:00,998.5969778816411,998.5969778816411,0
2025-10-17T20:45:00,998.5969778816411,998.5969778816411,0
2025-10-17T21:00:00,998.5969778816411,998.5969778816411,0
2025-10-17T21:15:00,998.5969778816411,998.5969778816411,0
2025-10-17T21:30:00,998.5969778816411,998.5969778816411,0
2025-10-17T21:45:00,998.5969778816411,998.5969778816411,0
2025-10-17T22:00:00,998.5969778816411,998.5969778816411,0
2025-10-17T22:15:00,998.5969778816411,998.5969778816411,0
2025-10-17T22:30:00,998.5969778816411,998.5969778816411,0
2025-10-17T22:45:00,998.5969778816411,998.5969778816411,0
2025-10-17T23:00:00,998.5969778816411,998.5969778816411,0
2025-10-17T23:15:00,998.5969778816411,998.5969778816411,0
2025-10-17T23:30:00,998.5969778816411,998.5969778816411,0
2025-10-17T23:45:00,998.5969778816411,998.5969778816411,0
2025-10-18T00:00:00,998.5969778816411,998.5969778816411,0
2025-10-18T00:15:00,998.5969778816411,998.5969778816411,0
2025-10-18T00:30:00,998.5969778816411,998.5969778816411,0
2025-10-18T00:45:00,998.5969778816411,998.5969778816411,0
2025-10-18T01:00:00,998.5969778816411,998.5969778816411,0
2025-10-18T01:15:00,998.5969778816411,998.5969778816411,0
2025-10-18T01:30:00,998.5969778816411,998.5969778816411,0
2025-10-18T01:45:00,998.5969778816411,998.5969778816411,0
2025-10-18T02:00:00,998.5969778816411,998.5969778816411,0
2025-10-18T02:15:00,998.5969778816411,998.5969778816411,0
2025-10-18T02:30:00,998.5969778816411,998.5969778816411,0
2025-10-18T02:45:00,998.5969778816411,998.5969778816411,0
2025-10-18T03:00:00,998.5969778816411,998.5969778816411,0
2025-10-18T03:15:00,998.5969778816411,998.5969778816411,0
2025-10-18T03:30:00,998.5969778816411,998.5969778816411,0
2025-10-18T03:45:00,998.5969778816411,998.5969778816411,0
2025-10-18T04:00:00,998.5969778816411,998.5969778816411,0
2025-10-18T04:15:00,998.5969778816411,998.5969778816411,0
2025-10-18T04:30:00,998.5969778816411,998.5969778816411,0
2025-10-18T04:45:00,998.5969778816411,998.5969778816411,0
2025-10-18T05:00:00,998.5969778816411,998.5969778816411,0
2025-10-18T05:15:00,998.5969778816411,998.5969778816411,0
2025-10-18T05:30:00,998.5969778816411,998.5969778816411,0
2025-10-18T05:45:00,998.5969778816411,998.5969778816411,0
2025-10-18T06:00:00,998.5969778816411,998.5969778816411,0
