timestamp,equity,cash,open_positions
2025-09-18T06:00:00,1000.0,1000.0,0
2025-09-18T06:15:00,1000.0,1000.0,0
2025-09-18T06:30:00,1000.0,1000.0,0
2025-09-18T06:45:00,1000.0,1000.0,0
2025-09-18T07:00:00,1000.0,1000.0,0
2025-09-18T07:15:00,1000.0,1000.0,0
2025-09-18T07:30:00,1000.0,1000.0,0
2025-09-18T07:45:00,1000.0,1000.0,0
2025-09-18T08:00:00,1000.0,1000.0,0
2025-09-18T08:15:00,1000.0,1000.0,0
2025-09-18T08:30:00,1000.0,1000.0,0
2025-09-18T08:45:00,999.240898652022,899.84,1
2025-09-18T09:00:00,998.6620743775048,899.84,1
2025-09-18T09:15:00,999.1896983039013,899.84,1
2025-09-18T09:30:00,998.3730961415015,899.84,1
2025-09-18T09:45:00,998.7688140862989,899.84,1
2025-09-18T10:00:00,997.6026061004964,997.6026061004964,0
2025-09-18T10:15:00,997.6026061004964,997.6026061004964,0
2025-09-18T10:30:00,997.6026061004964,997.6026061004964,0
2025-09-18T10:45:00,997.6026061004964,997.6026061004964,0
2025-09-18T11:00:00,997.6026061004964,997.6026061004964,0
2025-09-18T11:15:00,997.6026061004964,997.6026061004964,0
2025-09-18T11:30:00,997.6026061004964,997.6026061004964,0
2025-09-18T11:45:00,997.6026061004964,997.6026061004964,0
2025-09-18T12:00:00,997.6026061004964,997.6026061004964,0
2025-09-18T12:15:00,997.6026061004964,997.6026061004964,0
2025-09-18T12:30:00,997.6026061004964,997.6026061004964,0
2025-09-18T12:45:00,997.6026061004964,997.6026061004964,0
2025-09-18T13:00:00,997.6026061004964,997.6026061004964,0
2025-09-18T13:15:00,997.6026061004964,997.6026061004964,0
2025-09-18T13:30:00,997.6026061004964,997.6026061004964,0
2025-09-18T13:45:00,997.6026061004964,997.6026061004964,0
2025-09-18T14:00:00,997.6026061004964,997.6026061004964,0
2025-09-18T14:15:00,997.6026061004964,997.6026061004964,0
2025-09-18T14:30:00,997.6026061004964,997.6026061004964,0
2025-09-18T14:45:00,997.6026061004964,997.6026061004964,0
2025-09-18T15:00:00,997.6026061004964,997.6026061004964,0
2025-09-18T15:15:00,997.6026061004964,997.6026061004964,0
2025-09-18T15:30:00,997.6026061004964,997.6026061004964,0
2025-09-18T15:45:00,997.6026061004964,997.6026061004964,0
2025-09-18T16:00:00,997.6026061004964,997.6026061004964,0
2025-09-18T16:15:00,997.6026061004964,997.6026061004964,0
2025-09-18T16:30:00,997.6026061004964,997.6026061004964,0
2025-09-18T16:45:00,997.6026061004964,997.6026061004964,0
2025-09-18T17:00:00,997.6026061004964,997.6026061004964,0
2025-09-18T17:15:00,997.6026061004964,997.6026061004964,0
2025-09-18T17:30:00,997.6026061004964,997.6026061004964,0
2025-09-18T17:45:00,997.6026061004964,997.6026061004964,0
2025-09-18T18:00:00,997.6026061004964,997.6026061004964,0
2025-09-18T18:15:00,997.6026061004964,997.6026061004964,0
2025-09-18T18:30:00,997.6026061004964,997.6026061004964,0
2025-09-18T18:45:00,997.6026061004964,997.6026061004964,0
2025-09-18T19:00:00,997.6026061004964,997.6026061004964,0
2025-09-18T19:15:00,997.6026061004964,997.6026061004964,0
2025-09-18T19:30:00,997.6026061004964,997.6026061004964,0
2025-09-18T19:45:00,997.6026061004964,997.6026061004964,0
2025-09-18T20:00:00,997.6026061004964,997.6026061004964,0
2025-09-18T20:15:00,997.6026061004964,997.6026061004964,0
2025-09-18T20:30:00,997.6026061004964,997.6026061004964,0
2025-09-18T20:45:00,996.845324617459,897.6827290734707,1
2025-09-18T21:00:00,995.6276760051321,995.6276760051321,0
2025-09-18T21:15:00,995.6276760051321,995.6276760051321,0
2025-09-18T21:30:00,995.6276760051321,995.6276760051321,0
2025-09-18T21:45:00,995.6276760051321,995.6276760051321,0
2025-09-18T22:00:00,995.6276760051321,995.6276760051321,0
2025-09-18T22:15:00,995.6276760051321,995.6276760051321,0
2025-09-18T22:30:00,995.6276760051321,995.6276760051321,0
2025-09-18T22:45:00,995.6276760051321,995.6276760051321,0
2025-09-18T23:00:00,995.6276760051321,995.6276760051321,0
2025-09-18T23:15:00,995.6276760051321,995.6276760051321,0
2025-09-18T23:30:00,995.6276760051321,995.6276760051321,0
2025-09-18T23:45:00,995.6276760051321,995.6276760051321,0
2025-09-19T00:00:00,995.6276760051321,995.6276760051321,0
2025-09-19T00:15:00,995.6276760051321,995.6276760051321,0
2025-09-19T00:30:00,995.6276760051321,995.6276760051321,0
2025-09-19T00:45:00,995.6276760051321,995.6276760051321,0
2025-09-19T01:00:00,995.6276760051321,995.6276760051321,0
2025-09-19T01:15:00,995.6276760051321,995.6276760051321,0
2025-09-19T01:30:00,995.6276760051321,995.6276760051321,0
2025-09-19T01:45:00,995.6276760051321,995.6276760051321,0
2025-09-19T02:00:00,995.6276760051321,995.6276760051321,0
2025-09-19T02:15:00,995.6276760051321,995.6276760051321,0
2025-09-19T02:30:00,995.6276760051321,995.6276760051321,0
2025-09-19T02:45:00,995.6276760051321,995.6276760051321,0
2025-09-19T03:00:00,995.6276760051321,995.6276760051321,0
2025-09-19T03:15:00,995.6276760051321,995.6276760051321,0
2025-09-19T03:30:00,995.6276760051321,995.6276760051321,0
2025-09-19T03:45:00,995.6276760051321,995.6276760051321,0
2025-09-19T04:00:00,995.6276760051321,995.6276760051321,0
2025-09-19T04:15:00,995.6276760051321,995.6276760051321,0
2025-09-19T04:30:00,995.6276760051321,995.6276760051321,0
2025-09-19T04:45:00,995.6276760051321,995.6276760051321,0
2025-09-19T05:00:00,995.6276760051321,995.6276760051321,0
2025-09-19T05:15:00,995.6276760051321,995.6276760051321,0
2025-09-19T05:30:00,995.6276760051321,995.6276760051321,0
2025-09-19T05:45:00,995.6276760051321,995.6276760051321,0
2025-09-19T06:00:00,995.6276760051321,995.6276760051321,0
2025-09-19T06:15:00,995.6276760051321,995.6276760051321,0
2025-09-19T06:30:00,995.6276760051321,995.6276760051321,0
2025-09-19T06:45:00,995.6276760051321,995.6276760051321,0
2025-09-19T07:00:00,995.6276760051321,995.6276760051321,0
2025-09-19T07:15:00,995.6276760051321,995.6276760051321,0
2025-09-19T07:30:00,995.6276760051321,995.6276760051321,0
2025-09-19T07:45:00,995.6276760051321,995.6276760051321,0
2025-09-19T08:00:00,995.6276760051321,995.6276760051321,0
2025-09-19T08:15:00,995.6276760051321,995.6276760051321,0
2025-09-19T08:30:00,995.6276760051321,995.6276760051321,0
2025-09-19T08:45:00,995.6276760051321,995.6276760051321,0
2025-09-19T09:00:00,995.6276760051321,995.6276760051321,0
2025-09-19T09:15:00,995.6276760051321,995.6276760051321,0
2025-09-19T09:30:00,995.6276760051321,995.6276760051321,0
2025-09-19T09:45:00,995.6276760051321,995.6276760051321,0
2025-09-19T10:00:00,995.6276760051321,995.6276760051321,0
2025-09-19T10:15:00,995.6276760051321,995.6276760051321,0
2025-09-19T10:30:00,995.6276760051321,995.6276760051321,0
2025-09-19T10:45:00,995.6276760051321,995.6276760051321,0
2025-09-19T11:00:00,995.6276760051321,995.6276760051321,0
2025-09-19T11:15:00,995.6276760051321,995.6276760051321,0
2025-09-19T11:30:00,995.6276760051321,995.6276760051321,0
2025-09-19T11:45:00,995.6276760051321,995.6276760051321,0
2025-09-19T12:00:00,995.6276760051321,995.6276760051321,0
2025-09-19T12:15:00,995.6276760051321,995.6276760051321,0
2025-09-19T12:30:00,995.6276760051321,995.6276760051321,0
2025-09-19T12:45:00,995.6276760051321,995.6276760051321,0
2025-09-19T13:00:00,995.6276760051321,995.6276760051321,0
2025-09-19T13:15:00,995.6276760051321,995.6276760051321,0
2025-09-19T13:30:00,995.6276760051321,995.6276760051321,0
2025-09-19T13:45:00,995.6276760051321,995.6276760051321,0
2025-09-19T14:00:00,995.6276760051321,995.6276760051321,0
2025-09-19T14:15:00,995.6276760051321,995.6276760051321,0
2025-09-19T14:30:00,995.6276760051321,995.6276760051321,0
2025-09-19T14:45:00,995.6276760051321,995.6276760051321,0
2025-09-19T15:00:00,995.6276760051321,995.6276760051321,0
2025-09-19T15:15:00,995.6276760051321,995.6276760051321,0
2025-09-19T15:30:00,995.6276760051321,995.6276760051321,0
2025-09-19T15:45:00,995.6276760051321,995.6276760051321,0
2025-09-19T16:00:00,995.6276760051321,995.6276760051321,0
2025-09-19T16:15:00,995.6276760051321,995.6276760051321,0
2025-09-19T16:30:00,995.6276760051321,995.6276760051321,0
2025-09-19T16:45:00,995.6276760051321,995.6276760051321,0
2025-09-19T17:00:00,995.6276760051321,995.6276760051321,0
2025-09-19T17:15:00,995.6276760051321,995.6276760051321,0
2025-09-19T17:30:00,995.6276760051321,995.6276760051321,0
2025-09-19T17:45:00,995.6276760051321,995.6276760051321,0
2025-09-19T18:00:00,995.6276760051321,995.6276760051321,0
2025-09-19T18:15:00,995.6276760051321,995.6276760051321,0
2025-09-19T18:30:00,995.6276760051321,995.6276760051321,0
2025-09-19T18:45:00,995.6276760051321,995.6276760051321,0
2025-09-19T19:00:00,995.6276760051321,995.6276760051321,0
2025-09-19T19:15:00,995.6276760051321,995.6276760051321,0
2025-09-19T19:30:00,995.6276760051321,995.6276760051321,0
2025-09-19T19:45:00,995.6276760051321,995.6276760051321,0
2025-09-19T20:00:00,995.6276760051321,995.6276760051321,0
2025-09-19T20:15:00,995.6276760051321,995.6276760051321,0
2025-09-19T20:30:00,995.6276760051321,995.6276760051321,0
2025-09-19T20:45:00,995.6276760051321,995.6276760051321,0
2025-09-19T21:00:00,995.6276760051321,995.6276760051321,0
2025-09-19T21:15:00,995.6276760051321,995.6276760051321,0
2025-09-19T21:30:00,995.6276760051321,995.6276760051321,0
2025-09-19T21:45:00,995.6276760051321,995.6276760051321,0
2025-09-19T22:00:00,995.6276760051321,995.6276760051321,0
2025-09-19T22:15:00,995.6276760051321,995.6276760051321,0
2025-09-19T22:30:00,995.6276760051321,995.6276760051321,0
2025-09-19T22:45:00,995.6276760051321,995.6276760051321,0
2025-09-19T23:00:00,995.6276760051321,995.6276760051321,0
2025-09-19T23:15:00,995.6276760051321,995.6276760051321,0
2025-09-19T23:30:00,995.6276760051321,995.6276760051321,0
2025-09-19T23:45:00,995.6276760051321,995.6276760051321,0
2025-09-20T00:00:00,995.6276760051321,995.6276760051321,0
2025-09-20T00:15:00,995.6276760051321,995.6276760051321,0
2025-09-20T00:30:00,995.6276760051321,995.6276760051321,0
2025-09-20T00:45:00,995.6276760051321,995.6276760051321,0
2025-09-20T01:00:00,995.6276760051321,995.6276760051321,0
2025-09-20T01:15:00,995.6276760051321,995.6276760051321,0
2025-09-20T01:30:00,995.6276760051321,995.6276760051321,0
2025-09-20T01:45:00,995.6276760051321,995.6276760051321,0
2025-09-20T02:00:00,995.6276760051321,995.6276760051321,0
2025-09-20T02:15:00,995.6276760051321,995.6276760051321,0
2025-09-20T02:30:00,995.6276760051321,995.6276760051321,0
2025-09-20T02:45:00,995.6276760051321,995.6276760051321,0
2025-09-20T03:00:00,995.6276760051321,995.6276760051321,0
2025-09-20T03:15:00,995.6276760051321,995.6276760051321,0
2025-09-20T03:30:00,995.6276760051321,995.6276760051321,0
2025-09-20T03:45:00,995.6276760051321,995.6276760051321,0
2025-09-20T04:00:00,995.6276760051321,995.6276760051321,0
2025-09-20T04:15:00,995.6276760051321,995.6276760051321,0
2025-09-20T04:30:00,995.6276760051321,995.6276760051321,0
2025-09-20T04:45:00,995.6276760051321,995.6276760051321,0
2025-09-20T05:00:00,995.6276760051321,995.6276760051321,0
2025-09-20T05:15:00,995.6276760051321,995.6276760051321,0
2025-09-20T05:30:00,995.6276760051321,995.6276760051321,0
2025-09-20T05:45:00,995.6276760051321,995.6276760051321,0
2025-09-20T06:00:00,995.6276760051321,995.6276760051321,0
2025-09-20T06:15:00,995.6276760051321,995.6276760051321,0
2025-09-20T06:30:00,995.6276760051321,995.6276760051321,0
2025-09-20T06:45:00,995.6276760051321,995.6276760051321,0
2025-09-20T07:00:00,995.6276760051321,995.6276760051321,0
2025-09-20T07:15:00,995.6276760051321,995.6276760051321,0
2025-09-20T07:30:00,995.6276760051321,995.6276760051321,0
2025-09-20T07:45:00,995.6276760051321,995.6276760051321,0
2025-09-20T08:00:00,995.6276760051321,995.6276760051321,0
2025-09-20T08:15:00,995.6276760051321,995.6276760051321,0
2025-09-20T08:30:00,995.6276760051321,995.6276760051321,0
2025-09-20T08:45:00,995.6276760051321,995.6276760051321,0
2025-09-20T09:00:00,995.6276760051321,995.6276760051321,0
2025-09-20T09:15:00,995.6276760051321,995.6276760051321,0
2025-09-20T09:30:00,994.8701015603433,895.9056079764581,1
2025-09-20T09:45:00,994.7012346509318,895.9056079764581,1
2025-09-20T10:00:00,993.7629005989303,993.7629005989303,0
2025-09-20T10:15:00,993.7629005989303,993.7629005989303,0
2025-09-20T10:30:00,993.7629005989303,993.7629005989303,0
2025-09-20T10:45:00,993.7629005989303,993.7629005989303,0
2025-09-20T11:00:00,993.7629005989303,993.7629005989303,0
2025-09-20T11:15:00,993.7629005989303,993.7629005989303,0
2025-09-20T11:30:00,993.7629005989303,993.7629005989303,0
2025-09-20T11:45:00,993.7629005989303,993.7629005989303,0
2025-09-20T12:00:00,993.7629005989303,993.7629005989303,0
2025-09-20T12:15:00,993.7629005989303,993.7629005989303,0
2025-09-20T12:30:00,993.7629005989303,993.7629005989303,0
2025-09-20T12:45:00,993.7629005989303,993.7629005989303,0
2025-09-20T13:00:00,993.7629005989303,993.7629005989303,0
2025-09-20T13:15:00,993.7629005989303,993.7629005989303,0
2025-09-20T13:30:00,993.7629005989303,993.7629005989303,0
2025-09-20T13:45:00,993.7629005989303,993.7629005989303,0
2025-09-20T14:00:00,993.7629005989303,993.7629005989303,0
2025-09-20T14:15:00,993.7629005989303,993.7629005989303,0
2025-09-20T14:30:00,993.7629005989303,993.7629005989303,0
2025-09-20T14:45:00,993.7629005989303,993.7629005989303,0
2025-09-20T15:00:00,993.7629005989303,993.7629005989303,0
2025-09-20T15:15:00,993.7629005989303,993.7629005989303,0
2025-09-20T15:30:00,993.7629005989303,993.7629005989303,0
2025-09-20T15:45:00,993.7629005989303,993.7629005989303,0
2025-09-20T16:00:00,993.7629005989303,993.7629005989303,0
2025-09-20T16:15:00,993.7629005989303,993.7629005989303,0
2025-09-20T16:30:00,993.7629005989303,993.7629005989303,0
2025-09-20T16:45:00,993.7629005989303,993.7629005989303,0
2025-09-20T17:00:00,993.7629005989303,993.7629005989303,0
2025-09-20T17:15:00,993.7629005989303,993.7629005989303,0
2025-09-20T17:30:00,993.7629005989303,993.7629005989303,0
2025-09-20T17:45:00,993.7629005989303,993.7629005989303,0
2025-09-20T18:00:00,993.7629005989303,993.7629005989303,0
2025-09-20T18:15:00,993.7629005989303,993.7629005989303,0
2025-09-20T18:30:00,993.7629005989303,993.7629005989303,0
2025-09-20T18:45:00,993.7629005989303,993.7629005989303,0
2025-09-20T19:00:00,993.7629005989303,993.7629005989303,0
2025-09-20T19:15:00,993.7629005989303,993.7629005989303,0
2025-09-20T19:30:00,993.7629005989303,993.7629005989303,0
2025-09-20T19:45:00,993.7629005989303,993.7629005989303,0
2025-09-20T20:00:00,993.7629005989303,993.7629005989303,0
2025-09-20T20:15:00,993.7629005989303,993.7629005989303,0
2025-09-20T20:30:00,993.7629005989303,993.7629005989303,0
2025-09-20T20:45:00,993.7629005989303,993.7629005989303,0
2025-09-20T21:00:00,993.7629005989303,993.7629005989303,0
2025-09-20T21:15:00,993.7629005989303,993.7629005989303,0
2025-09-20T21:30:00,993.7629005989303,993.7629005989303,0
2025-09-20T21:45:00,993.7629005989303,993.7629005989303,0
2025-09-20T22:00:00,993.7629005989303,993.7629005989303,0
2025-09-20T22:15:00,993.7629005989303,993.7629005989303,0
2025-09-20T22:30:00,993.7629005989303,993.7629005989303,0
2025-09-20T22:45:00,993.7629005989303,993.7629005989303,0
2025-09-20T23:00:00,993.7629005989303,993.7629005989303,0
2025-09-20T23:15:00,993.7629005989303,993.7629005989303,0
2025-09-20T23:30:00,993.7629005989303,993.7629005989303,0
2025-09-20T23:45:00,993.7629005989303,993.7629005989303,0
2025-09-21T00:00:00,993.7629005989303,993.7629005989303,0
2025-09-21T00:15:00,993.7629005989303,993.7629005989303,0
2025-09-21T00:30:00,993.7629005989303,993.7629005989303,0
2025-09-21T00:45:00,993.7629005989303,993.7629005989303,0
2025-09-21T01:00:00,993.7629005989303,993.7629005989303,0
2025-09-21T01:15:00,993.7629005989303,993.7629005989303,0
2025-09-21T01:30:00,993.7629005989303,993.7629005989303,0
2025-09-21T01:45:00,993.7629005989303,993.7629005989303,0
2025-09-21T02:00:00,993.7629005989303,993.7629005989303,0
2025-09-21T02:15:00,993.7629005989303,993.7629005989303,0
2025-09-21T02:30:00,993.7629005989303,993.7629005989303,0
2025-09-21T02:45:00,993.7629005989303,993.7629005989303,0
2025-09-21T03:00:00,993.7629005989303,993.7629005989303,0
2025-09-21T03:15:00,993.7629005989303,993.7629005989303,0
2025-09-21T03:30:00,993.7629005989303,993.7629005989303,0
2025-09-21T03:45:00,993.7629005989303,993.7629005989303,0
2025-09-21T04:00:00,993.7629005989303,993.7629005989303,0
2025-09-21T04:15:00,993.7629005989303,993.7629005989303,0
2025-09-21T04:30:00,993.7629005989303,993.7629005989303,0
2025-09-21T04:45:00,993.7629005989303,993.7629005989303,0
2025-09-21T05:00:00,993.7629005989303,993.7629005989303,0
2025-09-21T05:15:00,993.7629005989303,993.7629005989303,0
2025-09-21T05:30:00,993.7629005989303,993.7629005989303,0
2025-09-21T05:45:00,993.7629005989303,993.7629005989303,0
2025-09-21T06:00:00,993.7629005989303,993.7629005989303,0
2025-09-21T06:15:00,993.7629005989303,993.7629005989303,0
2025-09-21T06:30:00,993.7629005989303,993.7629005989303,0
2025-09-21T06:45:00,993.7629005989303,993.7629005989303,0
2025-09-21T07:00:00,993.7629005989303,993.7629005989303,0
2025-09-21T07:15:00,993.7629005989303,993.7629005989303,0
2025-09-21T07:30:00,993.7629005989303,993.7629005989303,0
2025-09-21T07:45:00,993.7629005989303,993.7629005989303,0
2025-09-21T08:00:00,993.7629005989303,993.7629005989303,0
2025-09-21T08:15:00,993.7629005989303,993.7629005989303,0
2025-09-21T08:30:00,993.7629005989303,993.7629005989303,0
2025-09-21T08:45:00,993.7629005989303,993.7629005989303,0
2025-09-21T09:00:00,993.7629005989303,993.7629005989303,0
2025-09-21T09:15:00,993.7629005989303,993.7629005989303,0
2025-09-21T09:30:00,993.7629005989303,993.7629005989303,0
2025-09-21T09:45:00,993.7629005989303,993.7629005989303,0
2025-09-21T10:00:00,993.7629005989303,993.7629005989303,0
2025-09-21T10:15:00,993.7629005989303,993.7629005989303,0
2025-09-21T10:30:00,993.7629005989303,993.7629005989303,0
2025-09-21T10:45:00,993.7629005989303,993.7629005989303,0
2025-09-21T11:00:00,993.7629005989303,993.7629005989303,0
2025-09-21T11:15:00,993.7629005989303,993.7629005989303,0
2025-09-21T11:30:00,993.7629005989303,993.7629005989303,0
2025-09-21T11:45:00,993.7629005989303,993.7629005989303,0
2025-09-21T12:00:00,993.7629005989303,993.7629005989303,0
2025-09-21T12:15:00,993.7629005989303,993.7629005989303,0
2025-09-21T12:30:00,993.7629005989303,993.7629005989303,0
2025-09-21T12:45:00,993.7629005989303,993.7629005989303,0
2025-09-21T13:00:00,993.7629005989303,993.7629005989303,0
2025-09-21T13:15:00,993.7629005989303,993.7629005989303,0
2025-09-21T13:30:00,993.7629005989303,993.7629005989303,0
2025-09-21T13:45:00,993.7629005989303,993.7629005989303,0
2025-09-21T14:00:00,993.7629005989303,993.7629005989303,0
2025-09-21T14:15:00,993.7629005989303,993.7629005989303,0
2025-09-21T14:30:00,993.7629005989303,993.7629005989303,0
2025-09-21T14:45:00,993.7629005989303,993.7629005989303,0
2025-09-21T15:00:00,993.7629005989303,993.7629005989303,0
2025-09-21T15:15:00,993.7629005989303,993.7629005989303,0
2025-09-21T15:30:00,993.7629005989303,993.7629005989303,0
2025-09-21T15:45:00,993.7629005989303,993.7629005989303,0
2025-09-21T16:00:00,993.7629005989303,993.7629005989303,0
2025-09-21T16:15:00,993.7629005989303,993.7629005989303,0
2025-09-21T16:30:00,993.7629005989303,993.7629005989303,0
2025-09-21T16:45:00,993.7629005989303,993.7629005989303,0
2025-09-21T17:00:00,993.7629005989303,993.7629005989303,0
2025-09-21T17:15:00,993.7629005989303,993.7629005989303,0
2025-09-21T17:30:00,993.7629005989303,993.7629005989303,0
2025-09-21T17:45:00,993.7629005989303,993.7629005989303,0
2025-09-21T18:00:00,993.7629005989303,993.7629005989303,0
2025-09-21T18:15:00,993.7629005989303,993.7629005989303,0
2025-09-21T18:30:00,993.7629005989303,993.7629005989303,0
2025-09-21T18:45:00,993.7629005989303,993.7629005989303,0
2025-09-21T19:00:00,993.7629005989303,993.7629005989303,0
2025-09-21T19:15:00,993.7629005989303,993.7629005989303,0
2025-09-21T19:30:00,993.7629005989303,993.7629005989303,0
2025-09-21T19:45:00,993.7629005989303,993.7629005989303,0
2025-09-21T20:00:00,993.7629005989303,993.7629005989303,0
2025-09-21T20:15:00,993.7629005989303,993.7629005989303,0
2025-09-21T20:30:00,993.7629005989303,993.7629005989303,0
2025-09-21T20:45:00,993.7629005989303,993.7629005989303,0
2025-09-21T21:00:00,993.7629005989303,993.7629005989303,0
2025-09-21T21:15:00,993.7629005989303,993.7629005989303,0
2025-09-21T21:30:00,993.7629005989303,993.7629005989303,0
2025-09-21T21:45:00,993.7629005989303,993.7629005989303,0
2025-09-21T22:00:00,993.7629005989303,993.7629005989303,0
2025-09-21T22:15:00,993.7629005989303,993.7629005989303,0
2025-09-21T22:30:00,993.7629005989303,993.7629005989303,0
2025-09-21T22:45:00,993.7629005989303,993.7629005989303,0
2025-09-21T23:00:00,993.7629005989303,993.7629005989303,0
2025-09-21T23:15:00,993.7629005989303,993.7629005989303,0
2025-09-21T23:30:00,993.7629005989303,993.7629005989303,0
2025-09-21T23:45:00,993.7629005989303,993.7629005989303,0
2025-09-22T00:00:00,993.7629005989303,993.7629005989303,0
2025-09-22T00:15:00,993.0067450642694,894.2276084749415,1
2025-09-22T00:30:00,998.892475424026,894.2276084749415,1
2025-09-22T00:45:00,1001.2203330319406,894.2276084749415,1
2025-09-22T01:00:00,1000.6322994762912,894.2276084749415,1
2025-09-22T01:15:00,1000.8561838116991,894.2276084749415,1
2025-09-22T01:30:00,1000.3355852968352,894.2276084749415,1
2025-09-22T01:45:00,1001.9441358030381,894.2276084749415,1
2025-09-22T02:00:00,1001.8731042267441,894.2276084749415,1
2025-09-22T02:15:00,1003.6390031614466,894.2276084749415,1
2025-09-22T02:30:00,1005.1900090995125,894.2276084749415,1
2025-09-22T02:45:00,1005.5487635164912,894.2276084749415,1
2025-09-22T03:00:00,1004.6226556230373,894.2276084749415,1
2025-09-22T03:15:00,1004.0562012804394,894.2276084749415,1
2025-09-22T03:30:00,1004.9778135045076,894.2276084749415,1
2025-09-22T03:45:00,1003.9537000184455,894.2276084749415,1
2025-09-22T04:00:00,1004.7134681446285,894.2276084749415,1
2025-09-22T04:15:00,1004.0455073931887,1004.0455073931887,0
2025-09-22T04:30:00,1004.0455073931887,1004.0455073931887,0
2025-09-22T04:45:00,1004.0455073931887,1004.0455073931887,0
2025-09-22T05:00:00,1004.0455073931887,1004.0455073931887,0
2025-09-22T05:15:00,1004.0455073931887,1004.0455073931887,0
2025-09-22T05:30:00,1004.0455073931887,1004.0455073931887,0
2025-09-22T05:45:00,1004.0455073931887,1004.0455073931887,0
2025-09-22T06:00:00,1003.2815278091155,903.4803093726869,1
2025-09-22T06:15:00,1004.0620116728995,903.4803093726869,1
2025-09-22T06:30:00,1003.5062163326263,903.4803093726869,1
2025-09-22T06:45:00,1004.0293031740707,903.4803093726869,1
2025-09-22T07:00:00,1004.3819783807029,903.4803093726869,1
2025-09-22T07:15:00,1004.1275354447646,903.4803093726869,1
2025-09-22T07:30:00,1003.3492938393332,903.4803093726869,1
2025-09-22T07:45:00,1005.0286385713679,903.4803093726869,1
2025-09-22T08:00:00,1004.6193374434771,903.4803093726869,1
2025-09-22T08:15:00,1004.6371687360922,903.4803093726869,1
2025-09-22T08:30:00,1004.3551068718718,903.4803093726869,1
2025-09-22T08:45:00,1004.6404075537129,903.4803093726869,1
2025-09-22T09:00:00,1005.3702804432482,903.4803093726869,1
2025-09-22T09:15:00,1005.4694024990026,903.4803093726869,1
2025-09-22T09:30:00,1005.726194467501,903.4803093726869,1
2025-09-22T09:45:00,1005.3607021224768,1005.3607021224768,0
2025-09-22T10:00:00,1005.3607021224768,1005.3607021224768,0
2025-09-22T10:15:00,1005.3607021224768,1005.3607021224768,0
2025-09-22T10:30:00,1005.3607021224768,1005.3607021224768,0
2025-09-22T10:45:00,1005.3607021224768,1005.3607021224768,0
2025-09-22T11:00:00,1005.3607021224768,1005.3607021224768,0
2025-09-22T11:15:00,1005.3607021224768,1005.3607021224768,0
2025-09-22T11:30:00,1005.3607021224768,1005.3607021224768,0
2025-09-22T11:45:00,1005.3607021224768,1005.3607021224768,0
2025-09-22T12:00:00,1005.3607021224768,1005.3607021224768,0
2025-09-22T12:15:00,1005.3607021224768,1005.3607021224768,0
2025-09-22T12:30:00,1005.3607021224768,1005.3607021224768,0
2025-09-22T12:45:00,1005.3607021224768,1005.3607021224768,0
2025-09-22T13:00:00,1005.3607021224768,1005.3607021224768,0
2025-09-22T13:15:00,1005.3607021224768,1005.3607021224768,0
2025-09-22T13:30:00,1005.3607021224768,1005.3607021224768,0
2025-09-22T13:45:00,1005.3607021224768,1005.3607021224768,0
2025-09-22T14:00:00,1005.3607021224768,1005.3607021224768,0
2025-09-22T14:15:00,1005.3607021224768,1005.3607021224768,0
2025-09-22T14:30:00,1005.3607021224768,1005.3607021224768,0
2025-09-22T14:45:00,1005.3607021224768,1005.3607021224768,0
2025-09-22T15:00:00,1005.3607021224768,1005.3607021224768,0
2025-09-22T15:15:00,1005.3607021224768,1005.3607021224768,0
2025-09-22T15:30:00,1005.3607021224768,1005.3607021224768,0
2025-09-22T15:45:00,1005.3607021224768,1005.3607021224768,0
2025-09-22T16:00:00,1005.3607021224768,1005.3607021224768,0
2025-09-22T16:15:00,1005.3607021224768,1005.3607021224768,0
2025-09-22T16:30:00,1005.3607021224768,1005.3607021224768,0
2025-09-22T16:45:00,1005.3607021224768,1005.3607021224768,0
2025-09-22T17:00:00,1005.3607021224768,1005.3607021224768,0
2025-09-22T17:15:00,1005.3607021224768,1005.3607021224768,0
2025-09-22T17:30:00,1005.3607021224768,1005.3607021224768,0
2025-09-22T17:45:00,1005.3607021224768,1005.3607021224768,0
2025-09-22T18:00:00,1005.3607021224768,1005.3607021224768,0
2025-09-22T18:15:00,1005.3607021224768,1005.3607021224768,0
2025-09-22T18:30:00,1005.3607021224768,1005.3607021224768,0
2025-09-22T18:45:00,1005.3607021224768,1005.3607021224768,0
2025-09-22T19:00:00,1005.3607021224768,1005.3607021224768,0
2025-09-22T19:15:00,1005.3607021224768,1005.3607021224768,0
2025-09-22T19:30:00,1005.3607021224768,1005.3607021224768,0
2025-09-22T19:45:00,1005.3607021224768,1005.3607021224768,0
2025-09-22T20:00:00,1005.3607021224768,1005.3607021224768,0
2025-09-22T20:15:00,1005.3607021224768,1005.3607021224768,0
2025-09-22T20:30:00,1005.3607021224768,1005.3607021224768,0
2025-09-22T20:45:00,1005.3607021224768,1005.3607021224768,0
2025-09-22T21:00:00,1005.3607021224768,1005.3607021224768,0
2025-09-22T21:15:00,1005.3607021224768,1005.3607021224768,0
2025-09-22T21:30:00,1005.3607021224768,1005.3607021224768,0
2025-09-22T21:45:00,1005.3607021224768,1005.3607021224768,0
2025-09-22T22:00:00,1005.3607021224768,1005.3607021224768,0
2025-09-22T22:15:00,1005.3607021224768,1005.3607021224768,0
2025-09-22T22:30:00,1005.3607021224768,1005.3607021224768,0
2025-09-22T22:45:00,1005.3607021224768,1005.3607021224768,0
2025-09-22T23:00:00,1005.3607021224768,1005.3607021224768,0
2025-09-22T23:15:00,1005.3607021224768,1005.3607021224768,0
2025-09-22T23:30:00,1005.3607021224768,1005.3607021224768,0
2025-09-22T23:45:00,1005.3607021224768,1005.3607021224768,0
2025-09-23T00:00:00,1005.3607021224768,1005.3607021224768,0
2025-09-23T00:15:00,1005.3607021224768,1005.3607021224768,0
2025-09-23T00:30:00,1005.3607021224768,1005.3607021224768,0
2025-09-23T00:45:00,1005.3607021224768,1005.3607021224768,0
2025-09-23T01:00:00,1005.3607021224768,1005.3607021224768,0
2025-09-23T01:15:00,1005.3607021224768,1005.3607021224768,0
2025-09-23T01:30:00,1005.3607021224768,1005.3607021224768,0
2025-09-23T01:45:00,1005.3607021224768,1005.3607021224768,0
2025-09-23T02:00:00,1005.3607021224768,1005.3607021224768,0
2025-09-23T02:15:00,1005.3607021224768,1005.3607021224768,0
2025-09-23T02:30:00,1005.3607021224768,1005.3607021224768,0
2025-09-23T02:45:00,1005.3607021224768,1005.3607021224768,0
2025-09-23T03:00:00,1005.3607021224768,1005.3607021224768,0
2025-09-23T03:15:00,1005.3607021224768,1005.3607021224768,0
2025-09-23T03:30:00,1005.3607021224768,1005.3607021224768,0
2025-09-23T03:45:00,1005.3607021224768,1005.3607021224768,0
2025-09-23T04:00:00,1005.3607021224768,1005.3607021224768,0
2025-09-23T04:15:00,1005.3607021224768,1005.3607021224768,0
2025-09-23T04:30:00,1005.3607021224768,1005.3607021224768,0
2025-09-23T04:45:00,1005.3607021224768,1005.3607021224768,0
2025-09-23T05:00:00,1005.3607021224768,1005.3607021224768,0
2025-09-23T05:15:00,1005.3607021224768,1005.3607021224768,0
2025-09-23T05:30:00,1005.3607021224768,1005.3607021224768,0
2025-09-23T05:45:00,1005.3607021224768,1005.3607021224768,0
2025-09-23T06:00:00,1005.3607021224768,1005.3607021224768,0
2025-09-23T06:15:00,1005.3607021224768,1005.3607021224768,0
2025-09-23T06:30:00,1005.3607021224768,1005.3607021224768,0
2025-09-23T06:45:00,1005.3607021224768,1005.3607021224768,0
2025-09-23T07:00:00,1005.3607021224768,1005.3607021224768,0
2025-09-23T07:15:00,1005.3607021224768,1005.3607021224768,0
2025-09-23T07:30:00,1005.3607021224768,1005.3607021224768,0
2025-09-23T07:45:00,1005.3607021224768,1005.3607021224768,0
2025-09-23T08:00:00,1005.3607021224768,1005.3607021224768,0
2025-09-23T08:15:00,1005.3607021224768,1005.3607021224768,0
2025-09-23T08:30:00,1005.3607021224768,1005.3607021224768,0
2025-09-23T08:45:00,1005.3607021224768,1005.3607021224768,0
2025-09-23T09:00:00,1005.3607021224768,1005.3607021224768,0
2025-09-23T09:15:00,1005.3607021224768,1005.3607021224768,0
2025-09-23T09:30:00,1005.3607021224768,1005.3607021224768,0
2025-09-23T09:45:00,1005.3607021224768,1005.3607021224768,0
2025-09-23T10:00:00,1005.3607021224768,1005.3607021224768,0
2025-09-23T10:15:00,1005.3607021224768,1005.3607021224768,0
2025-09-23T10:30:00,1005.3607021224768,1005.3607021224768,0
2025-09-23T10:45:00,1005.3607021224768,1005.3607021224768,0
2025-09-23T11:00:00,1005.3607021224768,1005.3607021224768,0
2025-09-23T11:15:00,1005.3607021224768,1005.3607021224768,0
2025-09-23T11:30:00,1005.3607021224768,1005.3607021224768,0
2025-09-23T11:45:00,1005.3607021224768,1005.3607021224768,0
2025-09-23T12:00:00,1005.3607021224768,1005.3607021224768,0
2025-09-23T12:15:00,1005.3607021224768,1005.3607021224768,0
2025-09-23T12:30:00,1005.3607021224768,1005.3607021224768,0
2025-09-23T12:45:00,1005.3607021224768,1005.3607021224768,0
2025-09-23T13:00:00,1005.3607021224768,1005.3607021224768,0
2025-09-23T13:15:00,1005.3607021224768,1005.3607021224768,0
2025-09-23T13:30:00,1005.3607021224768,1005.3607021224768,0
2025-09-23T13:45:00,1005.3607021224768,1005.3607021224768,0
2025-09-23T14:00:00,1005.3607021224768,1005.3607021224768,0
2025-09-23T14:15:00,1005.3607021224768,1005.3607021224768,0
2025-09-23T14:30:00,1005.3607021224768,1005.3607021224768,0
2025-09-23T14:45:00,1005.3607021224768,1005.3607021224768,0
2025-09-23T15:00:00,1005.3607021224768,1005.3607021224768,0
2025-09-23T15:15:00,1005.3607021224768,1005.3607021224768,0
2025-09-23T15:30:00,1005.3607021224768,1005.3607021224768,0
2025-09-23T15:45:00,1005.3607021224768,1005.3607021224768,0
2025-09-23T16:00:00,1005.3607021224768,1005.3607021224768,0
2025-09-23T16:15:00,1005.3607021224768,1005.3607021224768,0
2025-09-23T16:30:00,1005.3607021224768,1005.3607021224768,0
2025-09-23T16:45:00,1005.3607021224768,1005.3607021224768,0
2025-09-23T17:00:00,1005.3607021224768,1005.3607021224768,0
2025-09-23T17:15:00,1005.3607021224768,1005.3607021224768,0
2025-09-23T17:30:00,1004.595721804956,904.6637741978896,1
2025-09-23T17:45:00,1004.1720461566343,904.6637741978896,1
2025-09-23T18:00:00,1003.653140660754,904.6637741978896,1
2025-09-23T18:15:00,1003.154641560779,904.6637741978896,1
2025-09-23T18:30:00,1003.9456323353982,904.6637741978896,1
2025-09-23T18:45:00,1003.3791119157386,904.6637741978896,1
2025-09-23T19:00:00,1002.1440390968925,904.6637741978896,1
2025-09-23T19:15:00,1001.7909655733081,1001.7909655733081,0
2025-09-23T19:30:00,1001.7909655733081,1001.7909655733081,0
2025-09-23T19:45:00,1001.7909655733081,1001.7909655733081,0
2025-09-23T20:00:00,1001.7909655733081,1001.7909655733081,0
2025-09-23T20:15:00,1001.7909655733081,1001.7909655733081,0
2025-09-23T20:30:00,1001.7909655733081,1001.7909655733081,0
2025-09-23T20:45:00,1001.7909655733081,1001.7909655733081,0
2025-09-23T21:00:00,1001.7909655733081,1001.7909655733081,0
2025-09-23T21:15:00,1001.7909655733081,1001.7909655733081,0
2025-09-23T21:30:00,1001.7909655733081,1001.7909655733081,0
2025-09-23T21:45:00,1001.7909655733081,1001.7909655733081,0
2025-09-23T22:00:00,1001.7909655733081,1001.7909655733081,0
2025-09-23T22:15:00,1001.7909655733081,1001.7909655733081,0
2025-09-23T22:30:00,1001.7909655733081,1001.7909655733081,0
2025-09-23T22:45:00,1001.7909655733081,1001.7909655733081,0
2025-09-23T23:00:00,1001.7909655733081,1001.7909655733081,0
2025-09-23T23:15:00,1001.7909655733081,1001.7909655733081,0
2025-09-23T23:30:00,1001.7909655733081,1001.7909655733081,0
2025-09-23T23:45:00,1001.7909655733081,1001.7909655733081,0
2025-09-24T00:00:00,1001.7909655733081,1001.7909655733081,0
2025-09-24T00:15:00,1001.7909655733081,1001.7909655733081,0
2025-09-24T00:30:00,1001.7909655733081,1001.7909655733081,0
2025-09-24T00:45:00,1001.7909655733081,1001.7909655733081,0
2025-09-24T01:00:00,1001.7909655733081,1001.7909655733081,0
2025-09-24T01:15:00,1001.7909655733081,1001.7909655733081,0
2025-09-24T01:30:00,1001.7909655733081,1001.7909655733081,0
2025-09-24T01:45:00,1001.7909655733081,1001.7909655733081,0
2025-09-24T02:00:00,1001.7909655733081,1001.7909655733081,0
2025-09-24T02:15:00,1001.7909655733081,1001.7909655733081,0
2025-09-24T02:30:00,1001.7909655733081,1001.7909655733081,0
2025-09-24T02:45:00,1001.7909655733081,1001.7909655733081,0
2025-09-24T03:00:00,1001.7909655733081,1001.7909655733081,0
2025-09-24T03:15:00,1001.7909655733081,1001.7909655733081,0
2025-09-24T03:30:00,1001.7909655733081,1001.7909655733081,0
2025-09-24T03:45:00,1001.7909655733081,1001.7909655733081,0
2025-09-24T04:00:00,1001.7909655733081,1001.7909655733081,0
2025-09-24T04:15:00,1001.7909655733081,1001.7909655733081,0
2025-09-24T04:30:00,1001.7909655733081,1001.7909655733081,0
2025-09-24T04:45:00,1001.7909655733081,1001.7909655733081,0
2025-09-24T05:00:00,1001.7909655733081,1001.7909655733081,0
2025-09-24T05:15:00,1001.7909655733081,1001.7909655733081,0
2025-09-24T05:30:00,1001.7909655733081,1001.7909655733081,0
2025-09-24T05:45:00,1001.7909655733081,1001.7909655733081,0
2025-09-24T06:00:00,1001.7909655733081,1001.7909655733081,0
2025-09-24T06:15:00,1001.7909655733081,1001.7909655733081,0
2025-09-24T06:30:00,1001.7909655733081,1001.7909655733081,0
2025-09-24T06:45:00,1001.7909655733081,1001.7909655733081,0
2025-09-24T07:00:00,1001.7909655733081,1001.7909655733081,0
2025-09-24T07:15:00,1001.7909655733081,1001.7909655733081,0
2025-09-24T07:30:00,1001.7909655733081,1001.7909655733081,0
2025-09-24T07:45:00,1001.7909655733081,1001.7909655733081,0
2025-09-24T08:00:00,1001.7909655733081,1001.7909655733081,0
2025-09-24T08:15:00,1001.7909655733081,1001.7909655733081,0
2025-09-24T08:30:00,1001.7909655733081,1001.7909655733081,0
2025-09-24T08:45:00,1001.7909655733081,1001.7909655733081,0
2025-09-24T09:00:00,1001.7909655733081,1001.7909655733081,0
2025-09-24T09:15:00,1001.7909655733081,1001.7909655733081,0
2025-09-24T09:30:00,1001.7909655733081,1001.7909655733081,0
2025-09-24T09:45:00,1001.7909655733081,1001.7909655733081,0
2025-09-24T10:00:00,1001.7909655733081,1001.7909655733081,0
2025-09-24T10:15:00,1001.7909655733081,1001.7909655733081,0
2025-09-24T10:30:00,1001.7909655733081,1001.7909655733081,0
2025-09-24T10:45:00,1001.7909655733081,1001.7909655733081,0
2025-09-24T11:00:00,1001.7909655733081,1001.7909655733081,0
2025-09-24T11:15:00,1001.7909655733081,1001.7909655733081,0
2025-09-24T11:30:00,1001.7909655733081,1001.7909655733081,0
2025-09-24T11:45:00,1001.7909655733081,1001.7909655733081,0
2025-09-24T12:00:00,1001.7909655733081,1001.7909655733081,0
2025-09-24T12:15:00,1001.7909655733081,1001.7909655733081,0
2025-09-24T12:30:00,1001.7909655733081,1001.7909655733081,0
2025-09-24T12:45:00,1001.7909655733081,1001.7909655733081,0
2025-09-24T13:00:00,1001.7909655733081,1001.7909655733081,0
2025-09-24T13:15:00,1001.7909655733081,1001.7909655733081,0
2025-09-24T13:30:00,1001.7909655733081,1001.7909655733081,0
2025-09-24T13:45:00,1001.7909655733081,1001.7909655733081,0
2025-09-24T14:00:00,1001.7909655733081,1001.7909655733081,0
2025-09-24T14:15:00,1001.7909655733081,1001.7909655733081,0
2025-09-24T14:30:00,1001.7909655733081,1001.7909655733081,0
2025-09-24T14:45:00,1001.7909655733081,1001.7909655733081,0
2025-09-24T15:00:00,1001.7909655733081,1001.7909655733081,0
2025-09-24T15:15:00,1001.7909655733081,1001.7909655733081,0
2025-09-24T15:30:00,1001.7909655733081,1001.7909655733081,0
2025-09-24T15:45:00,1001.7909655733081,1001.7909655733081,0
2025-09-24T16:00:00,1001.7909655733081,1001.7909655733081,0
2025-09-24T16:15:00,1001.7909655733081,1001.7909655733081,0
2025-09-24T16:30:00,1001.7909655733081,1001.7909655733081,0
2025-09-24T16:45:00,1001.7909655733081,1001.7909655733081,0
2025-09-24T17:00:00,1001.7909655733081,1001.7909655733081,0
2025-09-24T17:15:00,1001.7909655733081,1001.7909655733081,0
2025-09-24T17:30:00,1001.7909655733081,1001.7909655733081,0
2025-09-24T17:45:00,1001.7909655733081,1001.7909655733081,0
2025-09-24T18:00:00,1001.7909655733081,1001.7909655733081,0
2025-09-24T18:15:00,1001.7909655733081,1001.7909655733081,0
2025-09-24T18:30:00,1001.7909655733081,1001.7909655733081,0
2025-09-24T18:45:00,1001.7909655733081,1001.7909655733081,0
2025-09-24T19:00:00,1001.7909655733081,1001.7909655733081,0
2025-09-24T19:15:00,1001.7909655733081,1001.7909655733081,0
2025-09-24T19:30:00,1001.7909655733081,1001.7909655733081,0
2025-09-24T19:45:00,1001.7909655733081,1001.7909655733081,0
2025-09-24T20:00:00,1001.7909655733081,1001.7909655733081,0
2025-09-24T20:15:00,1001.7909655733081,1001.7909655733081,0
2025-09-24T20:30:00,1001.7909655733081,1001.7909655733081,0
2025-09-24T20:45:00,1001.7909655733081,1001.7909655733081,0
2025-09-24T21:00:00,1001.7909655733081,1001.7909655733081,0
2025-09-24T21:15:00,1001.7909655733081,1001.7909655733081,0
2025-09-24T21:30:00,1001.7909655733081,1001.7909655733081,0
2025-09-24T21:45:00,1001.7909655733081,1001.7909655733081,0
2025-09-24T22:00:00,1001.7909655733081,1001.7909655733081,0
2025-09-24T22:15:00,1001.7909655733081,1001.7909655733081,0
2025-09-24T22:30:00,1001.7909655733081,1001.7909655733081,0
2025-09-24T22:45:00,1001.7909655733081,1001.7909655733081,0
2025-09-24T23:00:00,1001.7909655733081,1001.7909655733081,0
2025-09-24T23:15:00,1001.7909655733081,1001.7909655733081,0
2025-09-24T23:30:00,1001.7909655733081,1001.7909655733081,0
2025-09-24T23:45:00,1001.7909655733081,1001.7909655733081,0
2025-09-25T00:00:00,1001.7909655733081,1001.7909655733081,0
2025-09-25T00:15:00,1001.7909655733081,1001.7909655733081,0
2025-09-25T00:30:00,1001.7909655733081,1001.7909655733081,0
2025-09-25T00:45:00,1001.0287014731539,901.4515824614855,1
2025-09-25T01:00:00,1001.3746965799992,901.4515824614855,1
2025-09-25T01:15:00,1002.915152322555,901.4515824614855,1
2025-09-25T01:30:00,1005.2739448065819,901.4515824614855,1
2025-09-25T01:45:00,1003.6586530437253,901.4515824614855,1
2025-09-25T02:00:00,1004.6587344059271,901.4515824614855,1
2025-09-25T02:15:00,1005.5217783803054,901.4515824614855,1
2025-09-25T02:30:00,1003.7101635512051,901.4515824614855,1
2025-09-25T02:45:00,1003.6537935618876,901.4515824614855,1
2025-09-25T03:00:00,1004.9396124561471,901.4515824614855,1
2025-09-25T03:15:00,1009.9157218579676,901.4515824614855,1
2025-09-25T03:30:00,1008.8456639573027,901.4515824614855,1
2025-09-25T03:45:00,1007.4869528354775,901.4515824614855,1
2025-09-25T04:00:00,1008.8835679156368,901.4515824614855,1
2025-09-25T04:15:00,1010.1538364680157,901.4515824614855,1
2025-09-25T04:30:00,1009.7709092992037,901.4515824614855,1
2025-09-25T04:45:00,1013.3086120770604,901.4515824614855,1
2025-09-25T05:00:00,1012.1812122907105,901.4515824614855,1
2025-09-25T05:15:00,1010.3044804049848,901.4515824614855,1
2025-09-25T05:30:00,1010.759327904995,901.4515824614855,1
2025-09-25T05:45:00,1011.0917164626946,901.4515824614855,1
2025-09-25T06:00:00,1012.9956614467116,901.4515824614855,1
2025-09-25T06:15:00,1013.0598066069695,901.4515824614855,1
2025-09-25T06:30:00,1013.433014812106,901.4515824614855,1
2025-09-25T06:45:00,1013.80719491361,901.4515824614855,1
2025-09-25T07:00:00,1013.5787992672374,901.4515824614855,1
2025-09-25T07:15:00,1012.0486212838669,1012.0486212838669,0
2025-09-25T07:30:00,1012.0486212838669,1012.0486212838669,0
2025-09-25T07:45:00,1012.0486212838669,1012.0486212838669,0
2025-09-25T08:00:00,1012.0486212838669,1012.0486212838669,0
2025-09-25T08:15:00,1012.0486212838669,1012.0486212838669,0
2025-09-25T08:30:00,1012.0486212838669,1012.0486212838669,0
2025-09-25T08:45:00,1012.0486212838669,1012.0486212838669,0
2025-09-25T09:00:00,1012.0486212838669,1012.0486212838669,0
2025-09-25T09:15:00,1012.0486212838669,1012.0486212838669,0
2025-09-25T09:30:00,1012.0486212838669,1012.0486212838669,0
2025-09-25T09:45:00,1012.0486212838669,1012.0486212838669,0
2025-09-25T10:00:00,1012.0486212838669,1012.0486212838669,0
2025-09-25T10:15:00,1012.0486212838669,1012.0486212838669,0
2025-09-25T10:30:00,1012.0486212838669,1012.0486212838669,0
2025-09-25T10:45:00,1012.0486212838669,1012.0486212838669,0
2025-09-25T11:00:00,1012.0486212838669,1012.0486212838669,0
2025-09-25T11:15:00,1012.0486212838669,1012.0486212838669,0
2025-09-25T11:30:00,1012.0486212838669,1012.0486212838669,0
2025-09-25T11:45:00,1012.0486212838669,1012.0486212838669,0
2025-09-25T12:00:00,1012.0486212838669,1012.0486212838669,0
2025-09-25T12:15:00,1012.0486212838669,1012.0486212838669,0
2025-09-25T12:30:00,1012.0486212838669,1012.0486212838669,0
2025-09-25T12:45:00,1012.0486212838669,1012.0486212838669,0
2025-09-25T13:00:00,1012.0486212838669,1012.0486212838669,0
2025-09-25T13:15:00,1012.0486212838669,1012.0486212838669,0
2025-09-25T13:30:00,1012.0486212838669,1012.0486212838669,0
2025-09-25T13:45:00,1012.0486212838669,1012.0486212838669,0
2025-09-25T14:00:00,1012.0486212838669,1012.0486212838669,0
2025-09-25T14:15:00,1012.0486212838669,1012.0486212838669,0
2025-09-25T14:30:00,1012.0486212838669,1012.0486212838669,0
2025-09-25T14:45:00,1012.0486212838669,1012.0486212838669,0
2025-09-25T15:00:00,1012.0486212838669,1012.0486212838669,0
2025-09-25T15:15:00,1012.0486212838669,1012.0486212838669,0
2025-09-25T15:30:00,1012.0486212838669,1012.0486212838669,0
2025-09-25T15:45:00,1012.0486212838669,1012.0486212838669,0
2025-09-25T16:00:00,1012.0486212838669,1012.0486212838669,0
2025-09-25T16:15:00,1012.0486212838669,1012.0486212838669,0
2025-09-25T16:30:00,1012.0486212838669,1012.0486212838669,0
2025-09-25T16:45:00,1012.0486212838669,1012.0486212838669,0
2025-09-25T17:00:00,1011.2785521196139,910.6818313760748,1
2025-09-25T17:15:00,1010.9446416936062,910.6818313760748,1
2025-09-25T17:30:00,1014.4772267612773,910.6818313760748,1
2025-09-25T17:45:00,1017.3898410691332,910.6818313760748,1
2025-09-25T18:00:00,1015.1367258581275,910.6818313760748,1
2025-09-25T18:15:00,1012.8929726216827,910.6818313760748,1
2025-09-25T18:30:00,1012.0597568857568,910.6818313760748,1
2025-09-25T18:45:00,1008.424190097915,910.6818313760748,1
2025-09-25T19:00:00,1008.1998911796334,1008.1998911796334,0
2025-09-25T19:15:00,1008.1998911796334,1008.1998911796334,0
2025-09-25T19:30:00,1008.1998911796334,1008.1998911796334,0
2025-09-25T19:45:00,1008.1998911796334,1008.1998911796334,0
2025-09-25T20:00:00,1008.1998911796334,1008.1998911796334,0
2025-09-25T20:15:00,1008.1998911796334,1008.1998911796334,0
2025-09-25T20:30:00,1008.1998911796334,1008.1998911796334,0
2025-09-25T20:45:00,1008.1998911796334,1008.1998911796334,0
2025-09-25T21:00:00,1008.1998911796334,1008.1998911796334,0
2025-09-25T21:15:00,1008.1998911796334,1008.1998911796334,0
2025-09-25T21:30:00,1008.1998911796334,1008.1998911796334,0
2025-09-25T21:45:00,1008.1998911796334,1008.1998911796334,0
2025-09-25T22:00:00,1008.1998911796334,1008.1998911796334,0
2025-09-25T22:15:00,1008.1998911796334,1008.1998911796334,0
2025-09-25T22:30:00,1008.1998911796334,1008.1998911796334,0
2025-09-25T22:45:00,1008.1998911796334,1008.1998911796334,0
2025-09-25T23:00:00,1008.1998911796334,1008.1998911796334,0
2025-09-25T23:15:00,1008.1998911796334,1008.1998911796334,0
2025-09-25T23:30:00,1008.1998911796334,1008.1998911796334,0
2025-09-25T23:45:00,1008.1998911796334,1008.1998911796334,0
2025-09-26T00:00:00,1008.1998911796334,1008.1998911796334,0
2025-09-26T00:15:00,1008.1998911796334,1008.1998911796334,0
2025-09-26T00:30:00,1008.1998911796334,1008.1998911796334,0
2025-09-26T00:45:00,1008.1998911796334,1008.1998911796334,0
2025-09-26T01:00:00,1008.1998911796334,1008.1998911796334,0
2025-09-26T01:15:00,1008.1998911796334,1008.1998911796334,0
2025-09-26T01:30:00,1008.1998911796334,1008.1998911796334,0
2025-09-26T01:45:00,1008.1998911796334,1008.1998911796334,0
2025-09-26T02:00:00,1008.1998911796334,1008.1998911796334,0
2025-09-26T02:15:00,1008.1998911796334,1008.1998911796334,0
2025-09-26T02:30:00,1008.1998911796334,1008.1998911796334,0
2025-09-26T02:45:00,1008.1998911796334,1008.1998911796334,0
2025-09-26T03:00:00,1008.1998911796334,1008.1998911796334,0
2025-09-26T03:15:00,1008.1998911796334,1008.1998911796334,0
2025-09-26T03:30:00,1008.1998911796334,1008.1998911796334,0
2025-09-26T03:45:00,1008.1998911796334,1008.1998911796334,0
2025-09-26T04:00:00,1008.1998911796334,1008.1998911796334,0
2025-09-26T04:15:00,1008.1998911796334,1008.1998911796334,0
2025-09-26T04:30:00,1008.1998911796334,1008.1998911796334,0
2025-09-26T04:45:00,1008.1998911796334,1008.1998911796334,0
2025-09-26T05:00:00,1008.1998911796334,1008.1998911796334,0
2025-09-26T05:15:00,1008.1998911796334,1008.1998911796334,0
2025-09-26T05:30:00,1008.1998911796334,1008.1998911796334,0
2025-09-26T05:45:00,1008.1998911796334,1008.1998911796334,0
2025-09-26T06:00:00,1008.1998911796334,1008.1998911796334,0
2025-09-26T06:15:00,1008.1998911796334,1008.1998911796334,0
2025-09-26T06:30:00,1008.1998911796334,1008.1998911796334,0
2025-09-26T06:45:00,1008.1998911796334,1008.1998911796334,0
2025-09-26T07:00:00,1008.1998911796334,1008.1998911796334,0
2025-09-26T07:15:00,1008.1998911796334,1008.1998911796334,0
2025-09-26T07:30:00,1007.4327505193203,907.2185900790813,1
2025-09-26T07:45:00,1004.0916048782155,1004.0916048782155,0
2025-09-26T08:00:00,1004.0916048782155,1004.0916048782155,0
2025-09-26T08:15:00,1004.0916048782155,1004.0916048782155,0
2025-09-26T08:30:00,1004.0916048782155,1004.0916048782155,0
2025-09-26T08:45:00,1004.0916048782155,1004.0916048782155,0
2025-09-26T09:00:00,1004.0916048782155,1004.0916048782155,0
2025-09-26T09:15:00,1004.0916048782155,1004.0916048782155,0
2025-09-26T09:30:00,1004.0916048782155,1004.0916048782155,0
2025-09-26T09:45:00,1004.0916048782155,1004.0916048782155,0
2025-09-26T10:00:00,1004.0916048782155,1004.0916048782155,0
2025-09-26T10:15:00,1004.0916048782155,1004.0916048782155,0
2025-09-26T10:30:00,1004.0916048782155,1004.0916048782155,0
2025-09-26T10:45:00,1004.0916048782155,1004.0916048782155,0
2025-09-26T11:00:00,1004.0916048782155,1004.0916048782155,0
2025-09-26T11:15:00,1004.0916048782155,1004.0916048782155,0
2025-09-26T11:30:00,1004.0916048782155,1004.0916048782155,0
2025-09-26T11:45:00,1004.0916048782155,1004.0916048782155,0
2025-09-26T12:00:00,1004.0916048782155,1004.0916048782155,0
2025-09-26T12:15:00,1004.0916048782155,1004.0916048782155,0
2025-09-26T12:30:00,1004.0916048782155,1004.0916048782155,0
2025-09-26T12:45:00,1004.0916048782155,1004.0916048782155,0
2025-09-26T13:00:00,1004.0916048782155,1004.0916048782155,0
2025-09-26T13:15:00,1004.0916048782155,1004.0916048782155,0
2025-09-26T13:30:00,1004.0916048782155,1004.0916048782155,0
2025-09-26T13:45:00,1004.0916048782155,1004.0916048782155,0
2025-09-26T14:00:00,1004.0916048782155,1004.0916048782155,0
2025-09-26T14:15:00,1004.0916048782155,1004.0916048782155,0
2025-09-26T14:30:00,1004.0916048782155,1004.0916048782155,0
2025-09-26T14:45:00,1004.0916048782155,1004.0916048782155,0
2025-09-26T15:00:00,1004.0916048782155,1004.0916048782155,0
2025-09-26T15:15:00,1004.0916048782155,1004.0916048782155,0
2025-09-26T15:30:00,1004.0916048782155,1004.0916048782155,0
2025-09-26T15:45:00,1004.0916048782155,1004.0916048782155,0
2025-09-26T16:00:00,1004.0916048782155,1004.0916048782155,0
2025-09-26T16:15:00,1004.0916048782155,1004.0916048782155,0
2025-09-26T16:30:00,1004.0916048782155,1004.0916048782155,0
2025-09-26T16:45:00,1004.0916048782155,1004.0916048782155,0
2025-09-26T17:00:00,1004.0916048782155,1004.0916048782155,0
2025-09-26T17:15:00,1004.0916048782155,1004.0916048782155,0
2025-09-26T17:30:00,1004.0916048782155,1004.0916048782155,0
2025-09-26T17:45:00,1004.0916048782155,1004.0916048782155,0
2025-09-26T18:00:00,1003.329397587459,903.5217897336134,1
2025-09-26T18:15:00,1003.7076036816954,903.5217897336134,1
2025-09-26T18:30:00,1002.5304124616769,903.5217897336134,1
2025-09-26T18:45:00,1002.6888233912,903.5217897336134,1
2025-09-26T19:00:00,1002.2007197146069,903.5217897336134,1
2025-09-26T19:15:00,1000.573047413757,903.5217897336134,1
2025-09-26T19:30:00,999.2634089791235,999.2634089791235,0
2025-09-26T19:45:00,999.2634089791235,999.2634089791235,0
2025-09-26T20:00:00,999.2634089791235,999.2634089791235,0
2025-09-26T20:15:00,999.2634089791235,999.2634089791235,0
2025-09-26T20:30:00,999.2634089791235,999.2634089791235,0
2025-09-26T20:45:00,999.2634089791235,999.2634089791235,0
2025-09-26T21:00:00,999.2634089791235,999.2634089791235,0
2025-09-26T21:15:00,999.2634089791235,999.2634089791235,0
2025-09-26T21:30:00,999.2634089791235,999.2634089791235,0
2025-09-26T21:45:00,999.2634089791235,999.2634089791235,0
2025-09-26T22:00:00,999.2634089791235,999.2634089791235,0
2025-09-26T22:15:00,999.2634089791235,999.2634089791235,0
2025-09-26T22:30:00,999.2634089791235,999.2634089791235,0
2025-09-26T22:45:00,999.2634089791235,999.2634089791235,0
2025-09-26T23:00:00,999.2634089791235,999.2634089791235,0
2025-09-26T23:15:00,999.2634089791235,999.2634089791235,0
2025-09-26T23:30:00,999.2634089791235,999.2634089791235,0
2025-09-26T23:45:00,999.2634089791235,999.2634089791235,0
2025-09-27T00:00:00,999.2634089791235,999.2634089791235,0
2025-09-27T00:15:00,999.2634089791235,999.2634089791235,0
2025-09-27T00:30:00,999.2634089791235,999.2634089791235,0
2025-09-27T00:45:00,999.2634089791235,999.2634089791235,0
2025-09-27T01:00:00,999.2634089791235,999.2634089791235,0
2025-09-27T01:15:00,999.2634089791235,999.2634089791235,0
2025-09-27T01:30:00,999.2634089791235,999.2634089791235,0
2025-09-27T01:45:00,999.2634089791235,999.2634089791235,0
2025-09-27T02:00:00,999.2634089791235,999.2634089791235,0
2025-09-27T02:15:00,999.2634089791235,999.2634089791235,0
2025-09-27T02:30:00,999.2634089791235,999.2634089791235,0
2025-09-27T02:45:00,999.2634089791235,999.2634089791235,0
2025-09-27T03:00:00,999.2634089791235,999.2634089791235,0
2025-09-27T03:15:00,999.2634089791235,999.2634089791235,0
2025-09-27T03:30:00,999.2634089791235,999.2634089791235,0
2025-09-27T03:45:00,999.2634089791235,999.2634089791235,0
2025-09-27T04:00:00,999.2634089791235,999.2634089791235,0
2025-09-27T04:15:00,999.2634089791235,999.2634089791235,0
2025-09-27T04:30:00,999.2634089791235,999.2634089791235,0
2025-09-27T04:45:00,999.2634089791235,999.2634089791235,0
2025-09-27T05:00:00,999.2634089791235,999.2634089791235,0
2025-09-27T05:15:00,999.2634089791235,999.2634089791235,0
2025-09-27T05:30:00,999.2634089791235,999.2634089791235,0
2025-09-27T05:45:00,999.2634089791235,999.2634089791235,0
2025-09-27T06:00:00,999.2634089791235,999.2634089791235,0
2025-09-27T06:15:00,999.2634089791235,999.2634089791235,0
2025-09-27T06:30:00,999.2634089791235,999.2634089791235,0
2025-09-27T06:45:00,999.2634089791235,999.2634089791235,0
2025-09-27T07:00:00,999.2634089791235,999.2634089791235,0
2025-09-27T07:15:00,999.2634089791235,999.2634089791235,0
2025-09-27T07:30:00,999.2634089791235,999.2634089791235,0
2025-09-27T07:45:00,999.2634089791235,999.2634089791235,0
2025-09-27T08:00:00,999.2634089791235,999.2634089791235,0
2025-09-27T08:15:00,999.2634089791235,999.2634089791235,0
2025-09-27T08:30:00,999.2634089791235,999.2634089791235,0
2025-09-27T08:45:00,999.2634089791235,999.2634089791235,0
2025-09-27T09:00:00,999.2634089791235,999.2634089791235,0
2025-09-27T09:15:00,999.2634089791235,999.2634089791235,0
2025-09-27T09:30:00,999.2634089791235,999.2634089791235,0
2025-09-27T09:45:00,999.2634089791235,999.2634089791235,0
2025-09-27T10:00:00,999.2634089791235,999.2634089791235,0
2025-09-27T10:15:00,999.2634089791235,999.2634089791235,0
2025-09-27T10:30:00,999.2634089791235,999.2634089791235,0
2025-09-27T10:45:00,999.2634089791235,999.2634089791235,0
2025-09-27T11:00:00,999.2634089791235,999.2634089791235,0
2025-09-27T11:15:00,999.2634089791235,999.2634089791235,0
2025-09-27T11:30:00,999.2634089791235,999.2634089791235,0
2025-09-27T11:45:00,999.2634089791235,999.2634089791235,0
2025-09-27T12:00:00,999.2634089791235,999.2634089791235,0
2025-09-27T12:15:00,999.2634089791235,999.2634089791235,0
2025-09-27T12:30:00,999.2634089791235,999.2634089791235,0
2025-09-27T12:45:00,999.2634089791235,999.2634089791235,0
2025-09-27T13:00:00,999.2634089791235,999.2634089791235,0
2025-09-27T13:15:00,999.2634089791235,999.2634089791235,0
2025-09-27T13:30:00,999.2634089791235,999.2634089791235,0
2025-09-27T13:45:00,999.2634089791235,999.2634089791235,0
2025-09-27T14:00:00,999.2634089791235,999.2634089791235,0
2025-09-27T14:15:00,999.2634089791235,999.2634089791235,0
2025-09-27T14:30:00,999.2634089791235,999.2634089791235,0
2025-09-27T14:45:00,999.2634089791235,999.2634089791235,0
2025-09-27T15:00:00,999.2634089791235,999.2634089791235,0
2025-09-27T15:15:00,999.2634089791235,999.2634089791235,0
2025-09-27T15:30:00,999.2634089791235,999.2634089791235,0
2025-09-27T15:45:00,999.2634089791235,999.2634089791235,0
2025-09-27T16:00:00,999.2634089791235,999.2634089791235,0
2025-09-27T16:15:00,999.2634089791235,999.2634089791235,0
2025-09-27T16:30:00,999.2634089791235,999.2634089791235,0
2025-09-27T16:45:00,999.2634089791235,999.2634089791235,0
2025-09-27T17:00:00,999.2634089791235,999.2634089791235,0
2025-09-27T17:15:00,999.2634089791235,999.2634089791235,0
2025-09-27T17:30:00,999.2634089791235,999.2634089791235,0
2025-09-27T17:45:00,999.2634089791235,999.2634089791235,0
2025-09-27T18:00:00,999.2634089791235,999.2634089791235,0
2025-09-27T18:15:00,999.2634089791235,999.2634089791235,0
2025-09-27T18:30:00,999.2634089791235,999.2634089791235,0
2025-09-27T18:45:00,999.2634089791235,999.2634089791235,0
2025-09-27T19:00:00,999.2634089791235,999.2634089791235,0
2025-09-27T19:15:00,999.2634089791235,999.2634089791235,0
2025-09-27T19:30:00,999.2634089791235,999.2634089791235,0
2025-09-27T19:45:00,999.2634089791235,999.2634089791235,0
2025-09-27T20:00:00,999.2634089791235,999.2634089791235,0
2025-09-27T20:15:00,999.2634089791235,999.2634089791235,0
2025-09-27T20:30:00,999.2634089791235,999.2634089791235,0
2025-09-27T20:45:00,999.2634089791235,999.2634089791235,0
2025-09-27T21:00:00,999.2634089791235,999.2634089791235,0
2025-09-27T21:15:00,999.2634089791235,999.2634089791235,0
2025-09-27T21:30:00,999.2634089791235,999.2634089791235,0
2025-09-27T21:45:00,999.2634089791235,999.2634089791235,0
2025-09-27T22:00:00,999.2634089791235,999.2634089791235,0
2025-09-27T22:15:00,999.2634089791235,999.2634089791235,0
2025-09-27T22:30:00,999.2634089791235,999.2634089791235,0
2025-09-27T22:45:00,999.2634089791235,999.2634089791235,0
2025-09-27T23:00:00,999.2634089791235,999.2634089791235,0
2025-09-27T23:15:00,999.2634089791235,999.2634089791235,0
2025-09-27T23:30:00,999.2634089791235,999.2634089791235,0
2025-09-27T23:45:00,999.2634089791235,999.2634089791235,0
2025-09-28T00:00:00,999.2634089791235,999.2634089791235,0
2025-09-28T00:15:00,999.2634089791235,999.2634089791235,0
2025-09-28T00:30:00,999.2634089791235,999.2634089791235,0
2025-09-28T00:45:00,999.2634089791235,999.2634089791235,0
2025-09-28T01:00:00,999.2634089791235,999.2634089791235,0
2025-09-28T01:15:00,999.2634089791235,999.2634089791235,0
2025-09-28T01:30:00,999.2634089791235,999.2634089791235,0
2025-09-28T01:45:00,999.2634089791235,999.2634089791235,0
2025-09-28T02:00:00,999.2634089791235,999.2634089791235,0
2025-09-28T02:15:00,999.2634089791235,999.2634089791235,0
2025-09-28T02:30:00,999.2634089791235,999.2634089791235,0
2025-09-28T02:45:00,999.2634089791235,999.2634089791235,0
2025-09-28T03:00:00,999.2634089791235,999.2634089791235,0
2025-09-28T03:15:00,999.2634089791235,999.2634089791235,0
2025-09-28T03:30:00,999.2634089791235,999.2634089791235,0
2025-09-28T03:45:00,999.2634089791235,999.2634089791235,0
2025-09-28T04:00:00,999.2634089791235,999.2634089791235,0
2025-09-28T04:15:00,999.2634089791235,999.2634089791235,0
2025-09-28T04:30:00,999.2634089791235,999.2634089791235,0
2025-09-28T04:45:00,999.2634089791235,999.2634089791235,0
2025-09-28T05:00:00,999.2634089791235,999.2634089791235,0
2025-09-28T05:15:00,999.2634089791235,999.2634089791235,0
2025-09-28T05:30:00,999.2634089791235,999.2634089791235,0
2025-09-28T05:45:00,999.2634089791235,999.2634089791235,0
2025-09-28T06:00:00,999.2634089791235,999.2634089791235,0
2025-09-28T06:15:00,999.2634089791235,999.2634089791235,0
2025-09-28T06:30:00,999.2634089791235,999.2634089791235,0
2025-09-28T06:45:00,999.2634089791235,999.2634089791235,0
2025-09-28T07:00:00,999.2634089791235,999.2634089791235,0
2025-09-28T07:15:00,999.2634089791235,999.2634089791235,0
2025-09-28T07:30:00,999.2634089791235,999.2634089791235,0
2025-09-28T07:45:00,999.2634089791235,999.2634089791235,0
2025-09-28T08:00:00,999.2634089791235,999.2634089791235,0
2025-09-28T08:15:00,999.2634089791235,999.2634089791235,0
2025-09-28T08:30:00,999.2634089791235,999.2634089791235,0
2025-09-28T08:45:00,999.2634089791235,999.2634089791235,0
2025-09-28T09:00:00,999.2634089791235,999.2634089791235,0
2025-09-28T09:15:00,999.2634089791235,999.2634089791235,0
2025-09-28T09:30:00,999.2634089791235,999.2634089791235,0
2025-09-28T09:45:00,999.2634089791235,999.2634089791235,0
2025-09-28T10:00:00,999.2634089791235,999.2634089791235,0
2025-09-28T10:15:00,999.2634089791235,999.2634089791235,0
2025-09-28T10:30:00,999.2634089791235,999.2634089791235,0
2025-09-28T10:45:00,999.2634089791235,999.2634089791235,0
2025-09-28T11:00:00,999.2634089791235,999.2634089791235,0
2025-09-28T11:15:00,999.2634089791235,999.2634089791235,0
2025-09-28T11:30:00,999.2634089791235,999.2634089791235,0
2025-09-28T11:45:00,999.2634089791235,999.2634089791235,0
2025-09-28T12:00:00,999.2634089791235,999.2634089791235,0
2025-09-28T12:15:00,999.2634089791235,999.2634089791235,0
2025-09-28T12:30:00,999.2634089791235,999.2634089791235,0
2025-09-28T12:45:00,999.2634089791235,999.2634089791235,0
2025-09-28T13:00:00,999.2634089791235,999.2634089791235,0
2025-09-28T13:15:00,999.2634089791235,999.2634089791235,0
2025-09-28T13:30:00,999.2634089791235,999.2634089791235,0
2025-09-28T13:45:00,999.2634089791235,999.2634089791235,0
2025-09-28T14:00:00,999.2634089791235,999.2634089791235,0
2025-09-28T14:15:00,999.2634089791235,999.2634089791235,0
2025-09-28T14:30:00,999.2634089791235,999.2634089791235,0
2025-09-28T14:45:00,999.2634089791235,999.2634089791235,0
2025-09-28T15:00:00,999.2634089791235,999.2634089791235,0
2025-09-28T15:15:00,999.2634089791235,999.2634089791235,0
2025-09-28T15:30:00,999.2634089791235,999.2634089791235,0
2025-09-28T15:45:00,999.2634089791235,999.2634089791235,0
2025-09-28T16:00:00,999.2634089791235,999.2634089791235,0
2025-09-28T16:15:00,999.2634089791235,999.2634089791235,0
2025-09-28T16:30:00,999.2634089791235,999.2634089791235,0
2025-09-28T16:45:00,999.2634089791235,999.2634089791235,0
2025-09-28T17:00:00,999.2634089791235,999.2634089791235,0
2025-09-28T17:15:00,999.2634089791235,999.2634089791235,0
2025-09-28T17:30:00,999.2634089791235,999.2634089791235,0
2025-09-28T17:45:00,999.2634089791235,999.2634089791235,0
2025-09-28T18:00:00,999.2634089791235,999.2634089791235,0
2025-09-28T18:15:00,999.2634089791235,999.2634089791235,0
2025-09-28T18:30:00,999.2634089791235,999.2634089791235,0
2025-09-28T18:45:00,999.2634089791235,999.2634089791235,0
2025-09-28T19:00:00,999.2634089791235,999.2634089791235,0
2025-09-28T19:15:00,999.2634089791235,999.2634089791235,0
2025-09-28T19:30:00,999.2634089791235,999.2634089791235,0
2025-09-28T19:45:00,999.2634089791235,999.2634089791235,0
2025-09-28T20:00:00,999.2634089791235,999.2634089791235,0
2025-09-28T20:15:00,999.2634089791235,999.2634089791235,0
2025-09-28T20:30:00,998.5048667783823,899.1771859357744,1
2025-09-28T20:45:00,998.0017369595482,899.1771859357744,1
2025-09-28T21:00:00,998.2097016015244,899.1771859357744,1
2025-09-28T21:15:00,997.7527981388466,899.1771859357744,1
2025-09-28T21:30:00,997.5711663316613,899.1771859357744,1
2025-09-28T21:45:00,998.1103419161519,899.1771859357744,1
2025-09-28T22:00:00,1000.3623029242326,899.1771859357744,1
2025-09-28T22:15:00,1001.3204655672074,899.1771859357744,1
2025-09-28T22:30:00,1001.9451509171327,899.1771859357744,1
2025-09-28T22:45:00,1002.0837220641474,899.1771859357744,1
2025-09-28T23:00:00,1002.7043423726363,899.1771859357744,1
2025-09-28T23:15:00,1002.6929026985059,899.1771859357744,1
2025-09-28T23:30:00,1003.1928668213542,899.1771859357744,1
2025-09-28T23:45:00,1002.8947158176006,899.1771859357744,1
2025-09-29T00:00:00,1002.6977231901205,899.1771859357744,1
2025-09-29T00:15:00,1003.020336390128,899.1771859357744,1
2025-09-29T00:30:00,1002.5081051953348,899.1771859357744,1
2025-09-29T00:45:00,1003.2422948473143,899.1771859357744,1
2025-09-29T01:00:00,1003.1738006978034,899.1771859357744,1
2025-09-29T01:15:00,1002.1383978852224,1002.1383978852224,0
2025-09-29T01:30:00,1002.1383978852224,1002.1383978852224,0
2025-09-29T01:45:00,1002.1383978852224,1002.1383978852224,0
2025-09-29T02:00:00,1002.1383978852224,1002.1383978852224,0
2025-09-29T02:15:00,1002.1383978852224,1002.1383978852224,0
2025-09-29T02:30:00,1002.1383978852224,1002.1383978852224,0
2025-09-29T02:45:00,1002.1383978852224,1002.1383978852224,0
2025-09-29T03:00:00,1002.1383978852224,1002.1383978852224,0
2025-09-29T03:15:00,1002.1383978852224,1002.1383978852224,0
2025-09-29T03:30:00,1002.1383978852224,1002.1383978852224,0
2025-09-29T03:45:00,1002.1383978852224,1002.1383978852224,0
2025-09-29T04:00:00,1002.1383978852224,1002.1383978852224,0
2025-09-29T04:15:00,1002.1383978852224,1002.1383978852224,0
2025-09-29T04:30:00,1002.1383978852224,1002.1383978852224,0
2025-09-29T04:45:00,1002.1383978852224,1002.1383978852224,0
2025-09-29T05:00:00,1002.1383978852224,1002.1383978852224,0
2025-09-29T05:15:00,1002.1383978852224,1002.1383978852224,0
2025-09-29T05:30:00,1002.1383978852224,1002.1383978852224,0
2025-09-29T05:45:00,1002.1383978852224,1002.1383978852224,0
2025-09-29T06:00:00,1002.1383978852224,1002.1383978852224,0
2025-09-29T06:15:00,1002.1383978852224,1002.1383978852224,0
2025-09-29T06:30:00,1002.1383978852224,1002.1383978852224,0
2025-09-29T06:45:00,1002.1383978852224,1002.1383978852224,0
2025-09-29T07:00:00,1002.1383978852224,1002.1383978852224,0
2025-09-29T07:15:00,1002.1383978852224,1002.1383978852224,0
2025-09-29T07:30:00,1002.1383978852224,1002.1383978852224,0
2025-09-29T07:45:00,1002.1383978852224,1002.1383978852224,0
2025-09-29T08:00:00,1002.1383978852224,1002.1383978852224,0
2025-09-29T08:15:00,1001.3776732765272,901.7642159530385,1
2025-09-29T08:30:00,1001.5863948237446,901.7642159530385,1
2025-09-29T08:45:00,1001.0138820718572,901.7642159530385,1
2025-09-29T09:00:00,1000.794458684926,901.7642159530385,1
2025-09-29T09:15:00,1001.2688712394372,901.7642159530385,1
2025-09-29T09:30:00,1000.8436514748103,901.7642159530385,1
2025-09-29T09:45:00,1001.0536572427934,901.7642159530385,1
2025-09-29T10:00:00,1001.1764430171094,901.7642159530385,1
2025-09-29T10:15:00,1001.4606838799069,901.7642159530385,1
2025-09-29T10:30:00,1000.8219980857895,901.7642159530385,1
2025-09-29T10:45:00,1000.9797432031703,901.7642159530385,1
2025-09-29T11:00:00,1000.063853815504,1000.063853815504,0
2025-09-29T11:15:00,1000.063853815504,1000.063853815504,0
2025-09-29T11:30:00,1000.063853815504,1000.063853815504,0
2025-09-29T11:45:00,1000.063853815504,1000.063853815504,0
2025-09-29T12:00:00,1000.063853815504,1000.063853815504,0
2025-09-29T12:15:00,1000.063853815504,1000.063853815504,0
2025-09-29T12:30:00,1000.063853815504,1000.063853815504,0
2025-09-29T12:45:00,1000.063853815504,1000.063853815504,0
2025-09-29T13:00:00,1000.063853815504,1000.063853815504,0
2025-09-29T13:15:00,1000.063853815504,1000.063853815504,0
2025-09-29T13:30:00,1000.063853815504,1000.063853815504,0
2025-09-29T13:45:00,1000.063853815504,1000.063853815504,0
2025-09-29T14:00:00,1000.063853815504,1000.063853815504,0
2025-09-29T14:15:00,1000.063853815504,1000.063853815504,0
2025-09-29T14:30:00,1000.063853815504,1000.063853815504,0
2025-09-29T14:45:00,1000.063853815504,1000.063853815504,0
2025-09-29T15:00:00,1000.063853815504,1000.063853815504,0
2025-09-29T15:15:00,1000.063853815504,1000.063853815504,0
2025-09-29T15:30:00,1000.063853815504,1000.063853815504,0
2025-09-29T15:45:00,1000.063853815504,1000.063853815504,0
2025-09-29T16:00:00,1000.063853815504,1000.063853815504,0
2025-09-29T16:15:00,1000.063853815504,1000.063853815504,0
2025-09-29T16:30:00,1000.063853815504,1000.063853815504,0
2025-09-29T16:45:00,1000.063853815504,1000.063853815504,0
2025-09-29T17:00:00,1000.063853815504,1000.063853815504,0
2025-09-29T17:15:00,1000.063853815504,1000.063853815504,0
2025-09-29T17:30:00,1000.063853815504,1000.063853815504,0
2025-09-29T17:45:00,1000.063853815504,1000.063853815504,0
2025-09-29T18:00:00,1000.063853815504,1000.063853815504,0
2025-09-29T18:15:00,1000.063853815504,1000.063853815504,0
2025-09-29T18:30:00,1000.063853815504,1000.063853815504,0
2025-09-29T18:45:00,1000.063853815504,1000.063853815504,0
2025-09-29T19:00:00,1000.063853815504,1000.063853815504,0
2025-09-29T19:15:00,1000.063853815504,1000.063853815504,0
2025-09-29T19:30:00,1000.063853815504,1000.063853815504,0
2025-09-29T19:45:00,1000.063853815504,1000.063853815504,0
2025-09-29T20:00:00,1000.063853815504,1000.063853815504,0
2025-09-29T20:15:00,1000.063853815504,1000.063853815504,0
2025-09-29T20:30:00,999.3047039960085,899.8974582173431,1
2025-09-29T20:45:00,998.8996483593397,899.8974582173431,1
2025-09-29T21:00:00,997.85726742022,899.8974582173431,1
2025-09-29T21:15:00,998.6711554360907,899.8974582173431,1
2025-09-29T21:30:00,998.795787939681,899.8974582173431,1
2025-09-29T21:45:00,998.7023135619881,899.8974582173431,1
2025-09-29T22:00:00,998.5493554894,899.8974582173431,1
2025-09-29T22:15:00,998.3019788534857,899.8974582173431,1
2025-09-29T22:30:00,997.9998394508423,899.8974582173431,1
2025-09-29T22:45:00,998.89681580244,899.8974582173431,1
2025-09-29T23:00:00,998.248753010603,998.248753010603,0
2025-09-29T23:15:00,998.248753010603,998.248753010603,0
2025-09-29T23:30:00,998.248753010603,998.248753010603,0
2025-09-29T23:45:00,998.248753010603,998.248753010603,0
2025-09-30T00:00:00,998.248753010603,998.248753010603,0
2025-09-30T00:15:00,998.248753010603,998.248753010603,0
2025-09-30T00:30:00,998.248753010603,998.248753010603,0
2025-09-30T00:45:00,998.248753010603,998.248753010603,0
2025-09-30T01:00:00,998.248753010603,998.248753010603,0
2025-09-30T01:15:00,998.248753010603,998.248753010603,0
2025-09-30T01:30:00,998.248753010603,998.248753010603,0
2025-09-30T01:45:00,998.248753010603,998.248753010603,0
2025-09-30T02:00:00,998.248753010603,998.248753010603,0
2025-09-30T02:15:00,998.248753010603,998.248753010603,0
2025-09-30T02:30:00,998.248753010603,998.248753010603,0
2025-09-30T02:45:00,998.248753010603,998.248753010603,0
2025-09-30T03:00:00,998.248753010603,998.248753010603,0
2025-09-30T03:15:00,998.248753010603,998.248753010603,0
2025-09-30T03:30:00,998.248753010603,998.248753010603,0
2025-09-30T03:45:00,998.248753010603,998.248753010603,0
2025-09-30T04:00:00,998.248753010603,998.248753010603,0
2025-09-30T04:15:00,998.248753010603,998.248753010603,0
2025-09-30T04:30:00,998.248753010603,998.248753010603,0
2025-09-30T04:45:00,998.248753010603,998.248753010603,0
2025-09-30T05:00:00,998.248753010603,998.248753010603,0
2025-09-30T05:15:00,998.248753010603,998.248753010603,0
2025-09-30T05:30:00,998.248753010603,998.248753010603,0
2025-09-30T05:45:00,998.248753010603,998.248753010603,0
2025-09-30T06:00:00,998.248753010603,998.248753010603,0
2025-09-30T06:15:00,998.248753010603,998.248753010603,0
2025-09-30T06:30:00,998.248753010603,998.248753010603,0
2025-09-30T06:45:00,998.248753010603,998.248753010603,0
2025-09-30T07:00:00,998.248753010603,998.248753010603,0
2025-09-30T07:15:00,998.248753010603,998.248753010603,0
2025-09-30T07:30:00,998.248753010603,998.248753010603,0
2025-09-30T07:45:00,998.248753010603,998.248753010603,0
2025-09-30T08:00:00,998.248753010603,998.248753010603,0
2025-09-30T08:15:00,998.248753010603,998.248753010603,0
2025-09-30T08:30:00,998.248753010603,998.248753010603,0
2025-09-30T08:45:00,998.248753010603,998.248753010603,0
2025-09-30T09:00:00,998.248753010603,998.248753010603,0
2025-09-30T09:15:00,998.248753010603,998.248753010603,0
2025-09-30T09:30:00,998.248753010603,998.248753010603,0
2025-09-30T09:45:00,998.248753010603,998.248753010603,0
2025-09-30T10:00:00,998.248753010603,998.248753010603,0
2025-09-30T10:15:00,998.248753010603,998.248753010603,0
2025-09-30T10:30:00,998.248753010603,998.248753010603,0
2025-09-30T10:45:00,998.248753010603,998.248753010603,0
2025-09-30T11:00:00,998.248753010603,998.248753010603,0
2025-09-30T11:15:00,998.248753010603,998.248753010603,0
2025-09-30T11:30:00,998.248753010603,998.248753010603,0
2025-09-30T11:45:00,998.248753010603,998.248753010603,0
2025-09-30T12:00:00,998.248753010603,998.248753010603,0
2025-09-30T12:15:00,998.248753010603,998.248753010603,0
2025-09-30T12:30:00,998.248753010603,998.248753010603,0
2025-09-30T12:45:00,998.248753010603,998.248753010603,0
2025-09-30T13:00:00,998.248753010603,998.248753010603,0
2025-09-30T13:15:00,998.248753010603,998.248753010603,0
2025-09-30T13:30:00,998.248753010603,998.248753010603,0
2025-09-30T13:45:00,998.248753010603,998.248753010603,0
2025-09-30T14:00:00,998.248753010603,998.248753010603,0
2025-09-30T14:15:00,998.248753010603,998.248753010603,0
2025-09-30T14:30:00,998.248753010603,998.248753010603,0
2025-09-30T14:45:00,998.248753010603,998.248753010603,0
2025-09-30T15:00:00,998.248753010603,998.248753010603,0
2025-09-30T15:15:00,998.248753010603,998.248753010603,0
2025-09-30T15:30:00,998.248753010603,998.248753010603,0
2025-09-30T15:45:00,998.248753010603,998.248753010603,0
2025-09-30T16:00:00,998.248753010603,998.248753010603,0
2025-09-30T16:15:00,998.248753010603,998.248753010603,0
2025-09-30T16:30:00,998.248753010603,998.248753010603,0
2025-09-30T16:45:00,998.248753010603,998.248753010603,0
2025-09-30T17:00:00,998.248753010603,998.248753010603,0
2025-09-30T17:15:00,998.248753010603,998.248753010603,0
2025-09-30T17:30:00,998.248753010603,998.248753010603,0
2025-09-30T17:45:00,998.248753010603,998.248753010603,0
2025-09-30T18:00:00,998.248753010603,998.248753010603,0
2025-09-30T18:15:00,998.248753010603,998.248753010603,0
2025-09-30T18:30:00,998.248753010603,998.248753010603,0
2025-09-30T18:45:00,998.248753010603,998.248753010603,0
2025-09-30T19:00:00,998.248753010603,998.248753010603,0
2025-09-30T19:15:00,998.248753010603,998.248753010603,0
2025-09-30T19:30:00,998.248753010603,998.248753010603,0
2025-09-30T19:45:00,998.248753010603,998.248753010603,0
2025-09-30T20:00:00,997.4909810365751,898.2641579090609,1
2025-09-30T20:15:00,998.2578078756013,898.2641579090609,1
2025-09-30T20:30:00,997.9791966850671,898.2641579090609,1
2025-09-30T20:45:00,999.0926985414452,898.2641579090609,1
2025-09-30T21:00:00,998.2537568730817,898.2641579090609,1
2025-09-30T21:15:00,997.9256605914234,898.2641579090609,1
2025-09-30T21:30:00,998.2076592582025,898.2641579090609,1
2025-09-30T21:45:00,997.4675480823449,898.2641579090609,1
2025-09-30T22:00:00,997.0412229916207,997.0412229916207,0
2025-09-30T22:15:00,997.0412229916207,997.0412229916207,0
2025-09-30T22:30:00,997.0412229916207,997.0412229916207,0
2025-09-30T22:45:00,997.0412229916207,997.0412229916207,0
2025-09-30T23:00:00,997.0412229916207,997.0412229916207,0
2025-09-30T23:15:00,997.0412229916207,997.0412229916207,0
2025-09-30T23:30:00,997.0412229916207,997.0412229916207,0
2025-09-30T23:45:00,997.0412229916207,997.0412229916207,0
2025-10-01T00:00:00,997.0412229916207,997.0412229916207,0
2025-10-01T00:15:00,997.0412229916207,997.0412229916207,0
2025-10-01T00:30:00,997.0412229916207,997.0412229916207,0
2025-10-01T00:45:00,997.0412229916207,997.0412229916207,0
2025-10-01T01:00:00,997.0412229916207,997.0412229916207,0
2025-10-01T01:15:00,997.0412229916207,997.0412229916207,0
2025-10-01T01:30:00,997.0412229916207,997.0412229916207,0
2025-10-01T01:45:00,997.0412229916207,997.0412229916207,0
2025-10-01T02:00:00,997.0412229916207,997.0412229916207,0
2025-10-01T02:15:00,997.0412229916207,997.0412229916207,0
2025-10-01T02:30:00,997.0412229916207,997.0412229916207,0
2025-10-01T02:45:00,997.0412229916207,997.0412229916207,0
2025-10-01T03:00:00,997.0412229916207,997.0412229916207,0
2025-10-01T03:15:00,997.0412229916207,997.0412229916207,0
2025-10-01T03:30:00,997.0412229916207,997.0412229916207,0
2025-10-01T03:45:00,997.0412229916207,997.0412229916207,0
2025-10-01T04:00:00,997.0412229916207,997.0412229916207,0
2025-10-01T04:15:00,997.0412229916207,997.0412229916207,0
2025-10-01T04:30:00,997.0412229916207,997.0412229916207,0
2025-10-01T04:45:00,997.0412229916207,997.0412229916207,0
2025-10-01T05:00:00,997.0412229916207,997.0412229916207,0
2025-10-01T05:15:00,997.0412229916207,997.0412229916207,0
2025-10-01T05:30:00,997.0412229916207,997.0412229916207,0
2025-10-01T05:45:00,997.0412229916207,997.0412229916207,0
2025-10-01T06:00:00,997.0412229916207,997.0412229916207,0
2025-10-01T06:15:00,997.0412229916207,997.0412229916207,0
2025-10-01T06:30:00,997.0412229916207,997.0412229916207,0
2025-10-01T06:45:00,997.0412229916207,997.0412229916207,0
2025-10-01T07:00:00,997.0412229916207,997.0412229916207,0
2025-10-01T07:15:00,997.0412229916207,997.0412229916207,0
2025-10-01T07:30:00,997.0412229916207,997.0412229916207,0
2025-10-01T07:45:00,997.0412229916207,997.0412229916207,0
2025-10-01T08:00:00,997.0412229916207,997.0412229916207,0
2025-10-01T08:15:00,996.284367655258,897.17757409678,1
2025-10-01T08:30:00,998.172010393658,897.17757409678,1
2025-10-01T08:45:00,999.8186936594116,897.17757409678,1
2025-10-01T09:00:00,1000.265146858084,897.17757409678,1
2025-10-01T09:15:00,1000.2622749976259,897.17757409678,1
2025-10-01T09:30:00,1000.7692794710156,897.17757409678,1
2025-10-01T09:45:00,1000.8595527714369,897.17757409678,1
2025-10-01T10:00:00,1000.3572193963826,897.17757409678,1
2025-10-01T10:15:00,1000.2662540813931,897.17757409678,1
2025-10-01T10:30:00,1000.3863186089753,897.17757409678,1
2025-10-01T10:45:00,1000.4081516686019,897.17757409678,1
2025-10-01T11:00:00,1000.734609541149,897.17757409678,1
2025-10-01T11:15:00,1000.5547203541461,897.17757409678,1
2025-10-01T11:30:00,1001.4245480656416,897.17757409678,1
2025-10-01T11:45:00,1002.1656610674523,897.17757409678,1
2025-10-01T12:00:00,1001.7497603119658,897.17757409678,1
2025-10-01T12:15:00,1001.6239520634676,897.17757409678,1
2025-10-01T12:30:00,1000.6809913739202,1000.6809913739202,0
2025-10-01T12:45:00,1000.6809913739202,1000.6809913739202,0
2025-10-01T13:00:00,1000.6809913739202,1000.6809913739202,0
2025-10-01T13:15:00,1000.6809913739202,1000.6809913739202,0
2025-10-01T13:30:00,1000.6809913739202,1000.6809913739202,0
2025-10-01T13:45:00,1000.6809913739202,1000.6809913739202,0
2025-10-01T14:00:00,1000.6809913739202,1000.6809913739202,0
2025-10-01T14:15:00,1000.6809913739202,1000.6809913739202,0
2025-10-01T14:30:00,1000.6809913739202,1000.6809913739202,0
2025-10-01T14:45:00,1000.6809913739202,1000.6809913739202,0
2025-10-01T15:00:00,1000.6809913739202,1000.6809913739202,0
2025-10-01T15:15:00,1000.6809913739202,1000.6809913739202,0
2025-10-01T15:30:00,1000.6809913739202,1000.6809913739202,0
2025-10-01T15:45:00,1000.6809913739202,1000.6809913739202,0
2025-10-01T16:00:00,1000.6809913739202,1000.6809913739202,0
2025-10-01T16:15:00,1000.6809913739202,1000.6809913739202,0
2025-10-01T16:30:00,1000.6809913739202,1000.6809913739202,0
2025-10-01T16:45:00,1000.6809913739202,1000.6809913739202,0
2025-10-01T17:00:00,1000.6809913739202,1000.6809913739202,0
2025-10-01T17:15:00,1000.6809913739202,1000.6809913739202,0
2025-10-01T17:30:00,1000.6809913739202,1000.6809913739202,0
2025-10-01T17:45:00,1000.6809913739202,1000.6809913739202,0
2025-10-01T18:00:00,1000.6809913739202,1000.6809913739202,0
2025-10-01T18:15:00,1000.6809913739202,1000.6809913739202,0
2025-10-01T18:30:00,1000.6809913739202,1000.6809913739202,0
2025-10-01T18:45:00,1000.6809913739202,1000.6809913739202,0
2025-10-01T19:00:00,1000.6809913739202,1000.6809913739202,0
2025-10-01T19:15:00,1000.6809913739202,1000.6809913739202,0
2025-10-01T19:30:00,1000.6809913739202,1000.6809913739202,0
2025-10-01T19:45:00,1000.6809913739202,1000.6809913739202,0
2025-10-01T20:00:00,1000.6809913739202,1000.6809913739202,0
2025-10-01T20:15:00,1000.6809913739202,1000.6809913739202,0
2025-10-01T20:30:00,1000.6809913739202,1000.6809913739202,0
2025-10-01T20:45:00,1000.6809913739202,1000.6809913739202,0
2025-10-01T21:00:00,1000.6809913739202,1000.6809913739202,0
2025-10-01T21:15:00,1000.6809913739202,1000.6809913739202,0
2025-10-01T21:30:00,1000.6809913739202,1000.6809913739202,0
2025-10-01T21:45:00,1000.6809913739202,1000.6809913739202,0
2025-10-01T22:00:00,1000.6809913739202,1000.6809913739202,0
2025-10-01T22:15:00,1000.6809913739202,1000.6809913739202,0
2025-10-01T22:30:00,1000.6809913739202,1000.6809913739202,0
2025-10-01T22:45:00,1000.6809913739202,1000.6809913739202,0
2025-10-01T23:00:00,1000.6809913739202,1000.6809913739202,0
2025-10-01T23:15:00,999.9213730844722,900.4527832779083,1
2025-10-01T23:30:00,999.7792027394726,900.4527832779083,1
2025-10-01T23:45:00,1000.7399500827604,900.4527832779083,1
2025-10-02T00:00:00,1002.6270334673039,900.4527832779083,1
2025-10-02T00:15:00,1001.893826215372,900.4527832779083,1
2025-10-02T00:30:00,1000.7309673483732,900.4527832779083,1
2025-10-02T00:45:00,1000.1775836325751,900.4527832779083,1
2025-10-02T01:00:00,1001.0776806339105,900.4527832779083,1
2025-10-02T01:15:00,1000.3685173928193,900.4527832779083,1
2025-10-02T01:30:00,1001.1620710596003,900.4527832779083,1
2025-10-02T01:45:00,1000.8155266224537,900.4527832779083,1
2025-10-02T02:00:00,1000.7791815080627,1000.7791815080627,0
2025-10-02T02:15:00,1000.7791815080627,1000.7791815080627,0
2025-10-02T02:30:00,1000.7791815080627,1000.7791815080627,0
2025-10-02T02:45:00,1000.7791815080627,1000.7791815080627,0
2025-10-02T03:00:00,1000.7791815080627,1000.7791815080627,0
2025-10-02T03:15:00,1000.7791815080627,1000.7791815080627,0
2025-10-02T03:30:00,1000.7791815080627,1000.7791815080627,0
2025-10-02T03:45:00,1000.7791815080627,1000.7791815080627,0
2025-10-02T04:00:00,1000.7791815080627,1000.7791815080627,0
2025-10-02T04:15:00,1000.7791815080627,1000.7791815080627,0
2025-10-02T04:30:00,1000.7791815080627,1000.7791815080627,0
2025-10-02T04:45:00,1000.7791815080627,1000.7791815080627,0
2025-10-02T05:00:00,1000.7791815080627,1000.7791815080627,0
2025-10-02T05:15:00,1000.7791815080627,1000.7791815080627,0
2025-10-02T05:30:00,1000.7791815080627,1000.7791815080627,0
2025-10-02T05:45:00,1000.7791815080627,1000.7791815080627,0
2025-10-02T06:00:00,1000.7791815080627,1000.7791815080627,0
2025-10-02T06:15:00,1000.7791815080627,1000.7791815080627,0
2025-10-02T06:30:00,1000.7791815080627,1000.7791815080627,0
2025-10-02T06:45:00,1000.7791815080627,1000.7791815080627,0
2025-10-02T07:00:00,1000.7791815080627,1000.7791815080627,0
2025-10-02T07:15:00,1000.7791815080627,1000.7791815080627,0
2025-10-02T07:30:00,1000.7791815080627,1000.7791815080627,0
2025-10-02T07:45:00,1000.7791815080627,1000.7791815080627,0
2025-10-02T08:00:00,1000.7791815080627,1000.7791815080627,0
2025-10-02T08:15:00,1000.7791815080627,1000.7791815080627,0
2025-10-02T08:30:00,1000.7791815080627,1000.7791815080627,0
2025-10-02T08:45:00,1000.7791815080627,1000.7791815080627,0
2025-10-02T09:00:00,1000.7791815080627,1000.7791815080627,0
2025-10-02T09:15:00,1000.7791815080627,1000.7791815080627,0
2025-10-02T09:30:00,1000.7791815080627,1000.7791815080627,0
2025-10-02T09:45:00,1000.7791815080627,1000.7791815080627,0
2025-10-02T10:00:00,1000.7791815080627,1000.7791815080627,0
2025-10-02T10:15:00,1000.7791815080627,1000.7791815080627,0
2025-10-02T10:30:00,1000.7791815080627,1000.7791815080627,0
2025-10-02T10:45:00,1000.7791815080627,1000.7791815080627,0
2025-10-02T11:00:00,1000.7791815080627,1000.7791815080627,0
2025-10-02T11:15:00,1000.7791815080627,1000.7791815080627,0
2025-10-02T11:30:00,1000.7791815080627,1000.7791815080627,0
2025-10-02T11:45:00,1000.7791815080627,1000.7791815080627,0
2025-10-02T12:00:00,1000.7791815080627,1000.7791815080627,0
2025-10-02T12:15:00,1000.7791815080627,1000.7791815080627,0
2025-10-02T12:30:00,1000.7791815080627,1000.7791815080627,0
2025-10-02T12:45:00,1000.7791815080627,1000.7791815080627,0
2025-10-02T13:00:00,1000.7791815080627,1000.7791815080627,0
2025-10-02T13:15:00,1000.7791815080627,1000.7791815080627,0
2025-10-02T13:30:00,1000.7791815080627,1000.7791815080627,0
2025-10-02T13:45:00,1000.7791815080627,1000.7791815080627,0
2025-10-02T14:00:00,1000.7791815080627,1000.7791815080627,0
2025-10-02T14:15:00,1000.7791815080627,1000.7791815080627,0
2025-10-02T14:30:00,1000.7791815080627,1000.7791815080627,0
2025-10-02T14:45:00,1000.7791815080627,1000.7791815080627,0
2025-10-02T15:00:00,1000.7791815080627,1000.7791815080627,0
2025-10-02T15:15:00,1000.7791815080627,1000.7791815080627,0
2025-10-02T15:30:00,1000.7791815080627,1000.7791815080627,0
2025-10-02T15:45:00,1000.7791815080627,1000.7791815080627,0
2025-10-02T16:00:00,1000.7791815080627,1000.7791815080627,0
2025-10-02T16:15:00,1000.7791815080627,1000.7791815080627,0
2025-10-02T16:30:00,1000.7791815080627,1000.7791815080627,0
2025-10-02T16:45:00,1000.7791815080627,1000.7791815080627,0
2025-10-02T17:00:00,1000.7791815080627,1000.7791815080627,0
2025-10-02T17:15:00,1000.7791815080627,1000.7791815080627,0
2025-10-02T17:30:00,1000.7791815080627,1000.7791815080627,0
2025-10-02T17:45:00,1000.7791815080627,1000.7791815080627,0
2025-10-02T18:00:00,1000.7791815080627,1000.7791815080627,0
2025-10-02T18:15:00,1000.7791815080627,1000.7791815080627,0
2025-10-02T18:30:00,1000.7791815080627,1000.7791815080627,0
2025-10-02T18:45:00,1000.7791815080627,1000.7791815080627,0
2025-10-02T19:00:00,1000.0194886823515,900.5411386882151,1
2025-10-02T19:15:00,999.1068562314297,900.5411386882151,1
2025-10-02T19:30:00,999.0176376476975,900.5411386882151,1
2025-10-02T19:45:00,999.4506830504115,900.5411386882151,1
2025-10-02T20:00:00,998.9349263060959,900.5411386882151,1
2025-10-02T20:15:00,998.5109646170163,900.5411386882151,1
2025-10-02T20:30:00,998.2956971197251,900.5411386882151,1
2025-10-02T20:45:00,998.5217762669829,998.5217762669829,0
2025-10-02T21:00:00,998.5217762669829,998.5217762669829,0
2025-10-02T21:15:00,998.5217762669829,998.5217762669829,0
2025-10-02T21:30:00,998.5217762669829,998.5217762669829,0
2025-10-02T21:45:00,998.5217762669829,998.5217762669829,0
2025-10-02T22:00:00,998.5217762669829,998.5217762669829,0
2025-10-02T22:15:00,998.5217762669829,998.5217762669829,0
2025-10-02T22:30:00,998.5217762669829,998.5217762669829,0
2025-10-02T22:45:00,998.5217762669829,998.5217762669829,0
2025-10-02T23:00:00,998.5217762669829,998.5217762669829,0
2025-10-02T23:15:00,998.5217762669829,998.5217762669829,0
2025-10-02T23:30:00,998.5217762669829,998.5217762669829,0
2025-10-02T23:45:00,998.5217762669829,998.5217762669829,0
2025-10-03T00:00:00,998.5217762669829,998.5217762669829,0
2025-10-03T00:15:00,998.5217762669829,998.5217762669829,0
2025-10-03T00:30:00,998.5217762669829,998.5217762669829,0
2025-10-03T00:45:00,998.5217762669829,998.5217762669829,0
2025-10-03T01:00:00,998.5217762669829,998.5217762669829,0
2025-10-03T01:15:00,998.5217762669829,998.5217762669829,0
2025-10-03T01:30:00,998.5217762669829,998.5217762669829,0
2025-10-03T01:45:00,998.5217762669829,998.5217762669829,0
2025-10-03T02:00:00,998.5217762669829,998.5217762669829,0
2025-10-03T02:15:00,998.5217762669829,998.5217762669829,0
2025-10-03T02:30:00,998.5217762669829,998.5217762669829,0
2025-10-03T02:45:00,998.5217762669829,998.5217762669829,0
2025-10-03T03:00:00,998.5217762669829,998.5217762669829,0
2025-10-03T03:15:00,998.5217762669829,998.5217762669829,0
2025-10-03T03:30:00,998.5217762669829,998.5217762669829,0
2025-10-03T03:45:00,998.5217762669829,998.5217762669829,0
2025-10-03T04:00:00,998.5217762669829,998.5217762669829,0
2025-10-03T04:15:00,998.5217762669829,998.5217762669829,0
2025-10-03T04:30:00,998.5217762669829,998.5217762669829,0
2025-10-03T04:45:00,998.5217762669829,998.5217762669829,0
2025-10-03T05:00:00,998.5217762669829,998.5217762669829,0
2025-10-03T05:15:00,998.5217762669829,998.5217762669829,0
2025-10-03T05:30:00,998.5217762669829,998.5217762669829,0
2025-10-03T05:45:00,998.5217762669829,998.5217762669829,0
2025-10-03T06:00:00,998.5217762669829,998.5217762669829,0
2025-10-03T06:15:00,998.5217762669829,998.5217762669829,0
2025-10-03T06:30:00,998.5217762669829,998.5217762669829,0
2025-10-03T06:45:00,998.5217762669829,998.5217762669829,0
2025-10-03T07:00:00,998.5217762669829,998.5217762669829,0
2025-10-03T07:15:00,998.5217762669829,998.5217762669829,0
2025-10-03T07:30:00,998.5217762669829,998.5217762669829,0
2025-10-03T07:45:00,998.5217762669829,998.5217762669829,0
2025-10-03T08:00:00,998.5217762669829,998.5217762669829,0
2025-10-03T08:15:00,998.5217762669829,998.5217762669829,0
2025-10-03T08:30:00,998.5217762669829,998.5217762669829,0
2025-10-03T08:45:00,998.5217762669829,998.5217762669829,0
2025-10-03T09:00:00,998.5217762669829,998.5217762669829,0
2025-10-03T09:15:00,998.5217762669829,998.5217762669829,0
2025-10-03T09:30:00,998.5217762669829,998.5217762669829,0
2025-10-03T09:45:00,997.7637970406331,898.5098351560819,1
2025-10-03T10:00:00,997.8912307515122,898.5098351560819,1
2025-10-03T10:15:00,998.3216013120305,898.5098351560819,1
2025-10-03T10:30:00,998.4015623189608,898.5098351560819,1
2025-10-03T10:45:00,998.1813380366066,898.5098351560819,1
2025-10-03T11:00:00,997.7273305781027,898.5098351560819,1
2025-10-03T11:15:00,997.6643762032434,898.5098351560819,1
2025-10-03T11:30:00,997.9282276353158,898.5098351560819,1
2025-10-03T11:45:00,997.8781691276604,898.5098351560819,1
2025-10-03T12:00:00,997.9829604804411,898.5098351560819,1
2025-10-03T12:15:00,997.4821433445799,898.5098351560819,1
2025-10-03T12:30:00,997.7212970361204,898.5098351560819,1
2025-10-03T12:45:00,997.9563068114643,898.5098351560819,1
2025-10-03T13:00:00,997.3421458632561,997.3421458632561,0
2025-10-03T13:15:00,997.3421458632561,997.3421458632561,0
2025-10-03T13:30:00,997.3421458632561,997.3421458632561,0
2025-10-03T13:45:00,997.3421458632561,997.3421458632561,0
2025-10-03T14:00:00,997.3421458632561,997.3421458632561,0
2025-10-03T14:15:00,997.3421458632561,997.3421458632561,0
2025-10-03T14:30:00,997.3421458632561,997.3421458632561,0
2025-10-03T14:45:00,997.3421458632561,997.3421458632561,0
2025-10-03T15:00:00,997.3421458632561,997.3421458632561,0
2025-10-03T15:15:00,997.3421458632561,997.3421458632561,0
2025-10-03T15:30:00,997.3421458632561,997.3421458632561,0
2025-10-03T15:45:00,997.3421458632561,997.3421458632561,0
2025-10-03T16:00:00,997.3421458632561,997.3421458632561,0
2025-10-03T16:15:00,997.3421458632561,997.3421458632561,0
2025-10-03T16:30:00,997.3421458632561,997.3421458632561,0
2025-10-03T16:45:00,997.3421458632561,997.3421458632561,0
2025-10-03T17:00:00,997.3421458632561,997.3421458632561,0
2025-10-03T17:15:00,997.3421458632561,997.3421458632561,0
2025-10-03T17:30:00,997.3421458632561,997.3421458632561,0
2025-10-03T17:45:00,997.3421458632561,997.3421458632561,0
2025-10-03T18:00:00,997.3421458632561,997.3421458632561,0
2025-10-03T18:15:00,997.3421458632561,997.3421458632561,0
2025-10-03T18:30:00,997.3421458632561,997.3421458632561,0
2025-10-03T18:45:00,997.3421458632561,997.3421458632561,0
2025-10-03T19:00:00,997.3421458632561,997.3421458632561,0
2025-10-03T19:15:00,997.3421458632561,997.3421458632561,0
2025-10-03T19:30:00,997.3421458632561,997.3421458632561,0
2025-10-03T19:45:00,997.3421458632561,997.3421458632561,0
2025-10-03T20:00:00,997.3421458632561,997.3421458632561,0
2025-10-03T20:15:00,997.3421458632561,997.3421458632561,0
2025-10-03T20:30:00,997.3421458632561,997.3421458632561,0
2025-10-03T20:45:00,997.3421458632561,997.3421458632561,0
2025-10-03T21:00:00,997.3421458632561,997.3421458632561,0
2025-10-03T21:15:00,997.3421458632561,997.3421458632561,0
2025-10-03T21:30:00,997.3421458632561,997.3421458632561,0
2025-10-03T21:45:00,997.3421458632561,997.3421458632561,0
2025-10-03T22:00:00,997.3421458632561,997.3421458632561,0
2025-10-03T22:15:00,997.3421458632561,997.3421458632561,0
2025-10-03T22:30:00,997.3421458632561,997.3421458632561,0
2025-10-03T22:45:00,997.3421458632561,997.3421458632561,0
2025-10-03T23:00:00,997.3421458632561,997.3421458632561,0
2025-10-03T23:15:00,997.3421458632561,997.3421458632561,0
2025-10-03T23:30:00,997.3421458632561,997.3421458632561,0
2025-10-03T23:45:00,997.3421458632561,997.3421458632561,0
2025-10-04T00:00:00,997.3421458632561,997.3421458632561,0
2025-10-04T00:15:00,997.3421458632561,997.3421458632561,0
2025-10-04T00:30:00,997.3421458632561,997.3421458632561,0
2025-10-04T00:45:00,997.3421458632561,997.3421458632561,0
2025-10-04T01:00:00,997.3421458632561,997.3421458632561,0
2025-10-04T01:15:00,997.3421458632561,997.3421458632561,0
2025-10-04T01:30:00,997.3421458632561,997.3421458632561,0
2025-10-04T01:45:00,997.3421458632561,997.3421458632561,0
2025-10-04T02:00:00,997.3421458632561,997.3421458632561,0
2025-10-04T02:15:00,997.3421458632561,997.3421458632561,0
2025-10-04T02:30:00,997.3421458632561,997.3421458632561,0
2025-10-04T02:45:00,997.3421458632561,997.3421458632561,0
2025-10-04T03:00:00,997.3421458632561,997.3421458632561,0
2025-10-04T03:15:00,997.3421458632561,997.3421458632561,0
2025-10-04T03:30:00,997.3421458632561,997.3421458632561,0
2025-10-04T03:45:00,997.3421458632561,997.3421458632561,0
2025-10-04T04:00:00,997.3421458632561,997.3421458632561,0
2025-10-04T04:15:00,997.3421458632561,997.3421458632561,0
2025-10-04T04:30:00,997.3421458632561,997.3421458632561,0
2025-10-04T04:45:00,997.3421458632561,997.3421458632561,0
2025-10-04T05:00:00,997.3421458632561,997.3421458632561,0
2025-10-04T05:15:00,997.3421458632561,997.3421458632561,0
2025-10-04T05:30:00,997.3421458632561,997.3421458632561,0
2025-10-04T05:45:00,997.3421458632561,997.3421458632561,0
2025-10-04T06:00:00,997.3421458632561,997.3421458632561,0
2025-10-04T06:15:00,997.3421458632561,997.3421458632561,0
2025-10-04T06:30:00,997.3421458632561,997.3421458632561,0
2025-10-04T06:45:00,997.3421458632561,997.3421458632561,0
2025-10-04T07:00:00,997.3421458632561,997.3421458632561,0
2025-10-04T07:15:00,997.3421458632561,997.3421458632561,0
2025-10-04T07:30:00,997.3421458632561,997.3421458632561,0
2025-10-04T07:45:00,997.3421458632561,997.3421458632561,0
2025-10-04T08:00:00,997.3421458632561,997.3421458632561,0
2025-10-04T08:15:00,997.3421458632561,997.3421458632561,0
2025-10-04T08:30:00,997.3421458632561,997.3421458632561,0
2025-10-04T08:45:00,997.3421458632561,997.3421458632561,0
2025-10-04T09:00:00,997.3421458632561,997.3421458632561,0
2025-10-04T09:15:00,997.3421458632561,997.3421458632561,0
2025-10-04T09:30:00,997.3421458632561,997.3421458632561,0
2025-10-04T09:45:00,997.3421458632561,997.3421458632561,0
2025-10-04T10:00:00,997.3421458632561,997.3421458632561,0
2025-10-04T10:15:00,997.3421458632561,997.3421458632561,0
2025-10-04T10:30:00,997.3421458632561,997.3421458632561,0
2025-10-04T10:45:00,997.3421458632561,997.3421458632561,0
2025-10-04T11:00:00,997.3421458632561,997.3421458632561,0
2025-10-04T11:15:00,997.3421458632561,997.3421458632561,0
2025-10-04T11:30:00,997.3421458632561,997.3421458632561,0
2025-10-04T11:45:00,997.3421458632561,997.3421458632561,0
2025-10-04T12:00:00,997.3421458632561,997.3421458632561,0
2025-10-04T12:15:00,997.3421458632561,997.3421458632561,0
2025-10-04T12:30:00,997.3421458632561,997.3421458632561,0
2025-10-04T12:45:00,997.3421458632561,997.3421458632561,0
2025-10-04T13:00:00,997.3421458632561,997.3421458632561,0
2025-10-04T13:15:00,997.3421458632561,997.3421458632561,0
2025-10-04T13:30:00,997.3421458632561,997.3421458632561,0
2025-10-04T13:45:00,997.3421458632561,997.3421458632561,0
2025-10-04T14:00:00,997.3421458632561,997.3421458632561,0
2025-10-04T14:15:00,997.3421458632561,997.3421458632561,0
2025-10-04T14:30:00,997.3421458632561,997.3421458632561,0
2025-10-04T14:45:00,997.3421458632561,997.3421458632561,0
2025-10-04T15:00:00,997.3421458632561,997.3421458632561,0
2025-10-04T15:15:00,997.3421458632561,997.3421458632561,0
2025-10-04T15:30:00,997.3421458632561,997.3421458632561,0
2025-10-04T15:45:00,997.3421458632561,997.3421458632561,0
2025-10-04T16:00:00,997.3421458632561,997.3421458632561,0
2025-10-04T16:15:00,997.3421458632561,997.3421458632561,0
2025-10-04T16:30:00,997.3421458632561,997.3421458632561,0
2025-10-04T16:45:00,997.3421458632561,997.3421458632561,0
2025-10-04T17:00:00,997.3421458632561,997.3421458632561,0
2025-10-04T17:15:00,997.3421458632561,997.3421458632561,0
2025-10-04T17:30:00,997.3421458632561,997.3421458632561,0
2025-10-04T17:45:00,997.3421458632561,997.3421458632561,0
2025-10-04T18:00:00,997.3421458632561,997.3421458632561,0
2025-10-04T18:15:00,997.3421458632561,997.3421458632561,0
2025-10-04T18:30:00,997.3421458632561,997.3421458632561,0
2025-10-04T18:45:00,997.3421458632561,997.3421458632561,0
2025-10-04T19:00:00,997.3421458632561,997.3421458632561,0
2025-10-04T19:15:00,997.3421458632561,997.3421458632561,0
2025-10-04T19:30:00,997.3421458632561,997.3421458632561,0
2025-10-04T19:45:00,997.3421458632561,997.3421458632561,0
2025-10-04T20:00:00,997.3421458632561,997.3421458632561,0
2025-10-04T20:15:00,997.3421458632561,997.3421458632561,0
2025-10-04T20:30:00,997.3421458632561,997.3421458632561,0
2025-10-04T20:45:00,997.3421458632561,997.3421458632561,0
2025-10-04T21:00:00,997.3421458632561,997.3421458632561,0
2025-10-04T21:15:00,997.3421458632561,997.3421458632561,0
2025-10-04T21:30:00,997.3421458632561,997.3421458632561,0
2025-10-04T21:45:00,997.3421458632561,997.3421458632561,0
2025-10-04T22:00:00,997.3421458632561,997.3421458632561,0
2025-10-04T22:15:00,997.3421458632561,997.3421458632561,0
2025-10-04T22:30:00,997.3421458632561,997.3421458632561,0
2025-10-04T22:45:00,997.3421458632561,997.3421458632561,0
2025-10-04T23:00:00,997.3421458632561,997.3421458632561,0
2025-10-04T23:15:00,997.3421458632561,997.3421458632561,0
2025-10-04T23:30:00,997.3421458632561,997.3421458632561,0
2025-10-04T23:45:00,997.3421458632561,997.3421458632561,0
2025-10-05T00:00:00,997.3421458632561,997.3421458632561,0
2025-10-05T00:15:00,997.3421458632561,997.3421458632561,0
2025-10-05T00:30:00,997.3421458632561,997.3421458632561,0
2025-10-05T00:45:00,997.3421458632561,997.3421458632561,0
2025-10-05T01:00:00,997.3421458632561,997.3421458632561,0
2025-10-05T01:15:00,997.3421458632561,997.3421458632561,0
2025-10-05T01:30:00,997.3421458632561,997.3421458632561,0
2025-10-05T01:45:00,997.3421458632561,997.3421458632561,0
2025-10-05T02:00:00,997.3421458632561,997.3421458632561,0
2025-10-05T02:15:00,997.3421458632561,997.3421458632561,0
2025-10-05T02:30:00,997.3421458632561,997.3421458632561,0
2025-10-05T02:45:00,997.3421458632561,997.3421458632561,0
2025-10-05T03:00:00,997.3421458632561,997.3421458632561,0
2025-10-05T03:15:00,997.3421458632561,997.3421458632561,0
2025-10-05T03:30:00,997.3421458632561,997.3421458632561,0
2025-10-05T03:45:00,997.3421458632561,997.3421458632561,0
2025-10-05T04:00:00,997.3421458632561,997.3421458632561,0
2025-10-05T04:15:00,997.3421458632561,997.3421458632561,0
2025-10-05T04:30:00,997.3421458632561,997.3421458632561,0
2025-10-05T04:45:00,997.3421458632561,997.3421458632561,0
2025-10-05T05:00:00,997.3421458632561,997.3421458632561,0
2025-10-05T05:15:00,997.3421458632561,997.3421458632561,0
2025-10-05T05:30:00,997.3421458632561,997.3421458632561,0
2025-10-05T05:45:00,997.3421458632561,997.3421458632561,0
2025-10-05T06:00:00,997.3421458632561,997.3421458632561,0
2025-10-05T06:15:00,997.3421458632561,997.3421458632561,0
2025-10-05T06:30:00,997.3421458632561,997.3421458632561,0
2025-10-05T06:45:00,997.3421458632561,997.3421458632561,0
2025-10-05T07:00:00,997.3421458632561,997.3421458632561,0
2025-10-05T07:15:00,997.3421458632561,997.3421458632561,0
2025-10-05T07:30:00,997.3421458632561,997.3421458632561,0
2025-10-05T07:45:00,996.585062095936,897.4483565335923,1
2025-10-05T08:00:00,995.6268274590451,897.4483565335923,1
2025-10-05T08:15:00,996.0877832906903,897.4483565335923,1
2025-10-05T08:30:00,995.2246802513246,897.4483565335923,1
2025-10-05T08:45:00,994.6729024926386,994.6729024926386,0
2025-10-05T09:00:00,994.6729024926386,994.6729024926386,0
2025-10-05T09:15:00,994.6729024926386,994.6729024926386,0
2025-10-05T09:30:00,994.6729024926386,994.6729024926386,0
2025-10-05T09:45:00,994.6729024926386,994.6729024926386,0
2025-10-05T10:00:00,994.6729024926386,994.6729024926386,0
2025-10-05T10:15:00,994.6729024926386,994.6729024926386,0
2025-10-05T10:30:00,994.6729024926386,994.6729024926386,0
2025-10-05T10:45:00,994.6729024926386,994.6729024926386,0
2025-10-05T11:00:00,994.6729024926386,994.6729024926386,0
2025-10-05T11:15:00,994.6729024926386,994.6729024926386,0
2025-10-05T11:30:00,994.6729024926386,994.6729024926386,0
2025-10-05T11:45:00,994.6729024926386,994.6729024926386,0
2025-10-05T12:00:00,994.6729024926386,994.6729024926386,0
2025-10-05T12:15:00,994.6729024926386,994.6729024926386,0
2025-10-05T12:30:00,994.6729024926386,994.6729024926386,0
2025-10-05T12:45:00,994.6729024926386,994.6729024926386,0
2025-10-05T13:00:00,994.6729024926386,994.6729024926386,0
2025-10-05T13:15:00,994.6729024926386,994.6729024926386,0
2025-10-05T13:30:00,994.6729024926386,994.6729024926386,0
2025-10-05T13:45:00,994.6729024926386,994.6729024926386,0
2025-10-05T14:00:00,994.6729024926386,994.6729024926386,0
2025-10-05T14:15:00,994.6729024926386,994.6729024926386,0
2025-10-05T14:30:00,994.6729024926386,994.6729024926386,0
2025-10-05T14:45:00,994.6729024926386,994.6729024926386,0
2025-10-05T15:00:00,994.6729024926386,994.6729024926386,0
2025-10-05T15:15:00,994.6729024926386,994.6729024926386,0
2025-10-05T15:30:00,994.6729024926386,994.6729024926386,0
2025-10-05T15:45:00,994.6729024926386,994.6729024926386,0
2025-10-05T16:00:00,994.6729024926386,994.6729024926386,0
2025-10-05T16:15:00,994.6729024926386,994.6729024926386,0
2025-10-05T16:30:00,994.6729024926386,994.6729024926386,0
2025-10-05T16:45:00,994.6729024926386,994.6729024926386,0
2025-10-05T17:00:00,994.6729024926386,994.6729024926386,0
2025-10-05T17:15:00,994.6729024926386,994.6729024926386,0
2025-10-05T17:30:00,994.6729024926386,994.6729024926386,0
2025-10-05T17:45:00,994.6729024926386,994.6729024926386,0
2025-10-05T18:00:00,994.6729024926386,994.6729024926386,0
2025-10-05T18:15:00,994.6729024926386,994.6729024926386,0
2025-10-05T18:30:00,994.6729024926386,994.6729024926386,0
2025-10-05T18:45:00,994.6729024926386,994.6729024926386,0
2025-10-05T19:00:00,994.6729024926386,994.6729024926386,0
2025-10-05T19:15:00,994.6729024926386,994.6729024926386,0
2025-10-05T19:30:00,994.6729024926386,994.6729024926386,0
2025-10-05T19:45:00,994.6729024926386,994.6729024926386,0
2025-10-05T20:00:00,993.9160545363063,895.0464645789759,1
2025-10-05T20:15:00,993.7556803831928,895.0464645789759,1
2025-10-05T20:30:00,993.2337998517901,895.0464645789759,1
2025-10-05T20:45:00,993.7893500948962,895.0464645789759,1
2025-10-05T21:00:00,994.0170636714165,895.0464645789759,1
2025-10-05T21:15:00,993.2323235487002,993.2323235487002,0
2025-10-05T21:30:00,993.2323235487002,993.2323235487002,0
2025-10-05T21:45:00,993.2323235487002,993.2323235487002,0
2025-10-05T22:00:00,993.2323235487002,993.2323235487002,0
2025-10-05T22:15:00,993.2323235487002,993.2323235487002,0
2025-10-05T22:30:00,993.2323235487002,993.2323235487002,0
2025-10-05T22:45:00,993.2323235487002,993.2323235487002,0
2025-10-05T23:00:00,993.2323235487002,993.2323235487002,0
2025-10-05T23:15:00,993.2323235487002,993.2323235487002,0
2025-10-05T23:30:00,993.2323235487002,993.2323235487002,0
2025-10-05T23:45:00,993.2323235487002,993.2323235487002,0
2025-10-06T00:00:00,993.2323235487002,993.2323235487002,0
2025-10-06T00:15:00,993.2323235487002,993.2323235487002,0
2025-10-06T00:30:00,993.2323235487002,993.2323235487002,0
2025-10-06T00:45:00,993.2323235487002,993.2323235487002,0
2025-10-06T01:00:00,993.2323235487002,993.2323235487002,0
2025-10-06T01:15:00,993.2323235487002,993.2323235487002,0
2025-10-06T01:30:00,993.2323235487002,993.2323235487002,0
2025-10-06T01:45:00,993.2323235487002,993.2323235487002,0
2025-10-06T02:00:00,993.2323235487002,993.2323235487002,0
2025-10-06T02:15:00,993.2323235487002,993.2323235487002,0
2025-10-06T02:30:00,993.2323235487002,993.2323235487002,0
2025-10-06T02:45:00,993.2323235487002,993.2323235487002,0
2025-10-06T03:00:00,993.2323235487002,993.2323235487002,0
2025-10-06T03:15:00,993.2323235487002,993.2323235487002,0
2025-10-06T03:30:00,993.2323235487002,993.2323235487002,0
2025-10-06T03:45:00,993.2323235487002,993.2323235487002,0
2025-10-06T04:00:00,993.2323235487002,993.2323235487002,0
2025-10-06T04:15:00,993.2323235487002,993.2323235487002,0
2025-10-06T04:30:00,993.2323235487002,993.2323235487002,0
2025-10-06T04:45:00,993.2323235487002,993.2323235487002,0
2025-10-06T05:00:00,993.2323235487002,993.2323235487002,0
2025-10-06T05:15:00,993.2323235487002,993.2323235487002,0
2025-10-06T05:30:00,993.2323235487002,993.2323235487002,0
2025-10-06T05:45:00,993.2323235487002,993.2323235487002,0
2025-10-06T06:00:00,993.2323235487002,993.2323235487002,0
2025-10-06T06:15:00,993.2323235487002,993.2323235487002,0
2025-10-06T06:30:00,993.2323235487002,993.2323235487002,0
2025-10-06T06:45:00,993.2323235487002,993.2323235487002,0
2025-10-06T07:00:00,992.4783595530389,893.7501740220623,1
2025-10-06T07:15:00,992.069808484998,893.7501740220623,1
2025-10-06T07:30:00,989.4476219060427,893.7501740220623,1
2025-10-06T07:45:00,988.6786299101503,988.6786299101503,0
2025-10-06T08:00:00,988.6786299101503,988.6786299101503,0
2025-10-06T08:15:00,988.6786299101503,988.6786299101503,0
2025-10-06T08:30:00,988.6786299101503,988.6786299101503,0
2025-10-06T08:45:00,988.6786299101503,988.6786299101503,0
2025-10-06T09:00:00,988.6786299101503,988.6786299101503,0
2025-10-06T09:15:00,988.6786299101503,988.6786299101503,0
2025-10-06T09:30:00,988.6786299101503,988.6786299101503,0
2025-10-06T09:45:00,988.6786299101503,988.6786299101503,0
2025-10-06T10:00:00,988.6786299101503,988.6786299101503,0
2025-10-06T10:15:00,988.6786299101503,988.6786299101503,0
2025-10-06T10:30:00,988.6786299101503,988.6786299101503,0
2025-10-06T10:45:00,988.6786299101503,988.6786299101503,0
2025-10-06T11:00:00,988.6786299101503,988.6786299101503,0
2025-10-06T11:15:00,988.6786299101503,988.6786299101503,0
2025-10-06T11:30:00,988.6786299101503,988.6786299101503,0
2025-10-06T11:45:00,988.6786299101503,988.6786299101503,0
2025-10-06T12:00:00,988.6786299101503,988.6786299101503,0
2025-10-06T12:15:00,988.6786299101503,988.6786299101503,0
2025-10-06T12:30:00,988.6786299101503,988.6786299101503,0
2025-10-06T12:45:00,988.6786299101503,988.6786299101503,0
2025-10-06T13:00:00,988.6786299101503,988.6786299101503,0
2025-10-06T13:15:00,988.6786299101503,988.6786299101503,0
2025-10-06T13:30:00,988.6786299101503,988.6786299101503,0
2025-10-06T13:45:00,988.6786299101503,988.6786299101503,0
2025-10-06T14:00:00,988.6786299101503,988.6786299101503,0
2025-10-06T14:15:00,988.6786299101503,988.6786299101503,0
2025-10-06T14:30:00,988.6786299101503,988.6786299101503,0
2025-10-06T14:45:00,988.6786299101503,988.6786299101503,0
2025-10-06T15:00:00,988.6786299101503,988.6786299101503,0
2025-10-06T15:15:00,988.6786299101503,988.6786299101503,0
2025-10-06T15:30:00,988.6786299101503,988.6786299101503,0
2025-10-06T15:45:00,988.6786299101503,988.6786299101503,0
2025-10-06T16:00:00,988.6786299101503,988.6786299101503,0
2025-10-06T16:15:00,988.6786299101503,988.6786299101503,0
2025-10-06T16:30:00,988.6786299101503,988.6786299101503,0
2025-10-06T16:45:00,988.6786299101503,988.6786299101503,0
2025-10-06T17:00:00,988.6786299101503,988.6786299101503,0
2025-10-06T17:15:00,988.6786299101503,988.6786299101503,0
2025-10-06T17:30:00,988.6786299101503,988.6786299101503,0
2025-10-06T17:45:00,988.6786299101503,988.6786299101503,0
2025-10-06T18:00:00,988.6786299101503,988.6786299101503,0
2025-10-06T18:15:00,988.6786299101503,988.6786299101503,0
2025-10-06T18:30:00,988.6786299101503,988.6786299101503,0
2025-10-06T18:45:00,987.9281226294685,889.6525783383497,1
2025-10-06T19:00:00,986.7900941939264,889.6525783383497,1
2025-10-06T19:15:00,986.8568103118708,889.6525783383497,1
2025-10-06T19:30:00,985.6705650232141,985.6705650232141,0
2025-10-06T19:45:00,985.6705650232141,985.6705650232141,0
2025-10-06T20:00:00,985.6705650232141,985.6705650232141,0
2025-10-06T20:15:00,985.6705650232141,985.6705650232141,0
2025-10-06T20:30:00,985.6705650232141,985.6705650232141,0
2025-10-06T20:45:00,985.6705650232141,985.6705650232141,0
2025-10-06T21:00:00,985.6705650232141,985.6705650232141,0
2025-10-06T21:15:00,985.6705650232141,985.6705650232141,0
2025-10-06T21:30:00,985.6705650232141,985.6705650232141,0
2025-10-06T21:45:00,985.6705650232141,985.6705650232141,0
2025-10-06T22:00:00,985.6705650232141,985.6705650232141,0
2025-10-06T22:15:00,985.6705650232141,985.6705650232141,0
2025-10-06T22:30:00,985.6705650232141,985.6705650232141,0
2025-10-06T22:45:00,985.6705650232141,985.6705650232141,0
2025-10-06T23:00:00,985.6705650232141,985.6705650232141,0
2025-10-06T23:15:00,985.6705650232141,985.6705650232141,0
2025-10-06T23:30:00,985.6705650232141,985.6705650232141,0
2025-10-06T23:45:00,985.6705650232141,985.6705650232141,0
2025-10-07T00:00:00,985.6705650232141,985.6705650232141,0
2025-10-07T00:15:00,985.6705650232141,985.6705650232141,0
2025-10-07T00:30:00,985.6705650232141,985.6705650232141,0
2025-10-07T00:45:00,985.6705650232141,985.6705650232141,0
2025-10-07T01:00:00,985.6705650232141,985.6705650232141,0
2025-10-07T01:15:00,985.6705650232141,985.6705650232141,0
2025-10-07T01:30:00,985.6705650232141,985.6705650232141,0
2025-10-07T01:45:00,985.6705650232141,985.6705650232141,0
2025-10-07T02:00:00,985.6705650232141,985.6705650232141,0
2025-10-07T02:15:00,985.6705650232141,985.6705650232141,0
2025-10-07T02:30:00,985.6705650232141,985.6705650232141,0
2025-10-07T02:45:00,985.6705650232141,985.6705650232141,0
2025-10-07T03:00:00,985.6705650232141,985.6705650232141,0
2025-10-07T03:15:00,985.6705650232141,985.6705650232141,0
2025-10-07T03:30:00,985.6705650232141,985.6705650232141,0
2025-10-07T03:45:00,985.6705650232141,985.6705650232141,0
2025-10-07T04:00:00,985.6705650232141,985.6705650232141,0
2025-10-07T04:15:00,985.6705650232141,985.6705650232141,0
2025-10-07T04:30:00,985.6705650232141,985.6705650232141,0
2025-10-07T04:45:00,985.6705650232141,985.6705650232141,0
2025-10-07T05:00:00,985.6705650232141,985.6705650232141,0
2025-10-07T05:15:00,985.6705650232141,985.6705650232141,0
2025-10-07T05:30:00,985.6705650232141,985.6705650232141,0
2025-10-07T05:45:00,985.6705650232141,985.6705650232141,0
2025-10-07T06:00:00,985.6705650232141,985.6705650232141,0
2025-10-07T06:15:00,985.6705650232141,985.6705650232141,0
2025-10-07T06:30:00,985.6705650232141,985.6705650232141,0
2025-10-07T06:45:00,985.6705650232141,985.6705650232141,0
2025-10-07T07:00:00,985.6705650232141,985.6705650232141,0
2025-10-07T07:15:00,985.6705650232141,985.6705650232141,0
2025-10-07T07:30:00,985.6705650232141,985.6705650232141,0
2025-10-07T07:45:00,985.6705650232141,985.6705650232141,0
2025-10-07T08:00:00,985.6705650232141,985.6705650232141,0
2025-10-07T08:15:00,985.6705650232141,985.6705650232141,0
2025-10-07T08:30:00,985.6705650232141,985.6705650232141,0
2025-10-07T08:45:00,985.6705650232141,985.6705650232141,0
2025-10-07T09:00:00,985.6705650232141,985.6705650232141,0
2025-10-07T09:15:00,985.6705650232141,985.6705650232141,0
2025-10-07T09:30:00,985.6705650232141,985.6705650232141,0
2025-10-07T09:45:00,985.6705650232141,985.6705650232141,0
2025-10-07T10:00:00,985.6705650232141,985.6705650232141,0
2025-10-07T10:15:00,985.6705650232141,985.6705650232141,0
2025-10-07T10:30:00,985.6705650232141,985.6705650232141,0
2025-10-07T10:45:00,985.6705650232141,985.6705650232141,0
2025-10-07T11:00:00,985.6705650232141,985.6705650232141,0
2025-10-07T11:15:00,985.6705650232141,985.6705650232141,0
2025-10-07T11:30:00,985.6705650232141,985.6705650232141,0
2025-10-07T11:45:00,985.6705650232141,985.6705650232141,0
2025-10-07T12:00:00,985.6705650232141,985.6705650232141,0
2025-10-07T12:15:00,985.6705650232141,985.6705650232141,0
2025-10-07T12:30:00,985.6705650232141,985.6705650232141,0
2025-10-07T12:45:00,985.6705650232141,985.6705650232141,0
2025-10-07T13:00:00,985.6705650232141,985.6705650232141,0
2025-10-07T13:15:00,985.6705650232141,985.6705650232141,0
2025-10-07T13:30:00,985.6705650232141,985.6705650232141,0
2025-10-07T13:45:00,985.6705650232141,985.6705650232141,0
2025-10-07T14:00:00,985.6705650232141,985.6705650232141,0
2025-10-07T14:15:00,985.6705650232141,985.6705650232141,0
2025-10-07T14:30:00,985.6705650232141,985.6705650232141,0
2025-10-07T14:45:00,985.6705650232141,985.6705650232141,0
2025-10-07T15:00:00,985.6705650232141,985.6705650232141,0
2025-10-07T15:15:00,985.6705650232141,985.6705650232141,0
2025-10-07T15:30:00,985.6705650232141,985.6705650232141,0
2025-10-07T15:45:00,985.6705650232141,985.6705650232141,0
2025-10-07T16:00:00,985.6705650232141,985.6705650232141,0
2025-10-07T16:15:00,985.6705650232141,985.6705650232141,0
2025-10-07T16:30:00,985.6705650232141,985.6705650232141,0
2025-10-07T16:45:00,985.6705650232141,985.6705650232141,0
2025-10-07T17:00:00,985.6705650232141,985.6705650232141,0
2025-10-07T17:15:00,985.6705650232141,985.6705650232141,0
2025-10-07T17:30:00,985.6705650232141,985.6705650232141,0
2025-10-07T17:45:00,985.6705650232141,985.6705650232141,0
2025-10-07T18:00:00,985.6705650232141,985.6705650232141,0
2025-10-07T18:15:00,985.6705650232141,985.6705650232141,0
2025-10-07T18:30:00,985.6705650232141,985.6705650232141,0
2025-10-07T18:45:00,985.6705650232141,985.6705650232141,0
2025-10-07T19:00:00,985.6705650232141,985.6705650232141,0
2025-10-07T19:15:00,985.6705650232141,985.6705650232141,0
2025-10-07T19:30:00,985.6705650232141,985.6705650232141,0
2025-10-07T19:45:00,985.6705650232141,985.6705650232141,0
2025-10-07T20:00:00,985.6705650232141,985.6705650232141,0
2025-10-07T20:15:00,985.6705650232141,985.6705650232141,0
2025-10-07T20:30:00,985.6705650232141,985.6705650232141,0
2025-10-07T20:45:00,985.6705650232141,985.6705650232141,0
2025-10-07T21:00:00,985.6705650232141,985.6705650232141,0
2025-10-07T21:15:00,985.6705650232141,985.6705650232141,0
2025-10-07T21:30:00,985.6705650232141,985.6705650232141,0
2025-10-07T21:45:00,985.6705650232141,985.6705650232141,0
2025-10-07T22:00:00,985.6705650232141,985.6705650232141,0
2025-10-07T22:15:00,985.6705650232141,985.6705650232141,0
2025-10-07T22:30:00,985.6705650232141,985.6705650232141,0
2025-10-07T22:45:00,985.6705650232141,985.6705650232141,0
2025-10-07T23:00:00,985.6705650232141,985.6705650232141,0
2025-10-07T23:15:00,985.6705650232141,985.6705650232141,0
2025-10-07T23:30:00,985.6705650232141,985.6705650232141,0
2025-10-07T23:45:00,984.9205669576337,886.945801230489,1
2025-10-08T00:00:00,984.5867594744154,886.945801230489,1
2025-10-08T00:15:00,984.1446421163233,886.945801230489,1
2025-10-08T00:30:00,982.9381411330959,886.945801230489,1
2025-10-08T00:45:00,982.4822585327357,982.4822585327357,0
2025-10-08T01:00:00,982.4822585327357,982.4822585327357,0
2025-10-08T01:15:00,982.4822585327357,982.4822585327357,0
2025-10-08T01:30:00,982.4822585327357,982.4822585327357,0
2025-10-08T01:45:00,982.4822585327357,982.4822585327357,0
2025-10-08T02:00:00,982.4822585327357,982.4822585327357,0
2025-10-08T02:15:00,982.4822585327357,982.4822585327357,0
2025-10-08T02:30:00,982.4822585327357,982.4822585327357,0
2025-10-08T02:45:00,982.4822585327357,982.4822585327357,0
2025-10-08T03:00:00,982.4822585327357,982.4822585327357,0
2025-10-08T03:15:00,982.4822585327357,982.4822585327357,0
2025-10-08T03:30:00,982.4822585327357,982.4822585327357,0
2025-10-08T03:45:00,982.4822585327357,982.4822585327357,0
2025-10-08T04:00:00,982.4822585327357,982.4822585327357,0
2025-10-08T04:15:00,982.4822585327357,982.4822585327357,0
2025-10-08T04:30:00,982.4822585327357,982.4822585327357,0
2025-10-08T04:45:00,982.4822585327357,982.4822585327357,0
2025-10-08T05:00:00,982.4822585327357,982.4822585327357,0
2025-10-08T05:15:00,982.4822585327357,982.4822585327357,0
2025-10-08T05:30:00,982.4822585327357,982.4822585327357,0
2025-10-08T05:45:00,982.4822585327357,982.4822585327357,0
2025-10-08T06:00:00,982.4822585327357,982.4822585327357,0
2025-10-08T06:15:00,982.4822585327357,982.4822585327357,0
2025-10-08T06:30:00,982.4822585327357,982.4822585327357,0
2025-10-08T06:45:00,982.4822585327357,982.4822585327357,0
2025-10-08T07:00:00,982.4822585327357,982.4822585327357,0
2025-10-08T07:15:00,982.4822585327357,982.4822585327357,0
2025-10-08T07:30:00,982.4822585327357,982.4822585327357,0
2025-10-08T07:45:00,982.4822585327357,982.4822585327357,0
2025-10-08T08:00:00,982.4822585327357,982.4822585327357,0
2025-10-08T08:15:00,982.4822585327357,982.4822585327357,0
2025-10-08T08:30:00,982.4822585327357,982.4822585327357,0
2025-10-08T08:45:00,982.4822585327357,982.4822585327357,0
2025-10-08T09:00:00,982.4822585327357,982.4822585327357,0
2025-10-08T09:15:00,982.4822585327357,982.4822585327357,0
2025-10-08T09:30:00,982.4822585327357,982.4822585327357,0
2025-10-08T09:45:00,982.4822585327357,982.4822585327357,0
2025-10-08T10:00:00,982.4822585327357,982.4822585327357,0
2025-10-08T10:15:00,982.4822585327357,982.4822585327357,0
2025-10-08T10:30:00,982.4822585327357,982.4822585327357,0
2025-10-08T10:45:00,982.4822585327357,982.4822585327357,0
2025-10-08T11:00:00,982.4822585327357,982.4822585327357,0
2025-10-08T11:15:00,982.4822585327357,982.4822585327357,0
2025-10-08T11:30:00,982.4822585327357,982.4822585327357,0
2025-10-08T11:45:00,982.4822585327357,982.4822585327357,0
2025-10-08T12:00:00,982.4822585327357,982.4822585327357,0
2025-10-08T12:15:00,982.4822585327357,982.4822585327357,0
2025-10-08T12:30:00,982.4822585327357,982.4822585327357,0
2025-10-08T12:45:00,982.4822585327357,982.4822585327357,0
2025-10-08T13:00:00,982.4822585327357,982.4822585327357,0
2025-10-08T13:15:00,982.4822585327357,982.4822585327357,0
2025-10-08T13:30:00,982.4822585327357,982.4822585327357,0
2025-10-08T13:45:00,982.4822585327357,982.4822585327357,0
2025-10-08T14:00:00,982.4822585327357,982.4822585327357,0
2025-10-08T14:15:00,982.4822585327357,982.4822585327357,0
2025-10-08T14:30:00,982.4822585327357,982.4822585327357,0
2025-10-08T14:45:00,982.4822585327357,982.4822585327357,0
2025-10-08T15:00:00,982.4822585327357,982.4822585327357,0
2025-10-08T15:15:00,982.4822585327357,982.4822585327357,0
2025-10-08T15:30:00,982.4822585327357,982.4822585327357,0
2025-10-08T15:45:00,982.4822585327357,982.4822585327357,0
2025-10-08T16:00:00,982.4822585327357,982.4822585327357,0
2025-10-08T16:15:00,982.4822585327357,982.4822585327357,0
2025-10-08T16:30:00,982.4822585327357,982.4822585327357,0
2025-10-08T16:45:00,982.4822585327357,982.4822585327357,0
2025-10-08T17:00:00,982.4822585327357,982.4822585327357,0
2025-10-08T17:15:00,982.4822585327357,982.4822585327357,0
2025-10-08T17:30:00,982.4822585327357,982.4822585327357,0
2025-10-08T17:45:00,982.4822585327357,982.4822585327357,0
2025-10-08T18:00:00,981.736454925919,884.0768355180969,1
2025-10-08T18:15:00,980.9271003555691,884.0768355180969,1
2025-10-08T18:30:00,980.7676623520241,884.0768355180969,1
2025-10-08T18:45:00,980.4358931862926,884.0768355180969,1
2025-10-08T19:00:00,979.8016258095832,884.0768355180969,1
2025-10-08T19:15:00,980.999770886094,884.0768355180969,1
2025-10-08T19:30:00,980.032925165019,980.032925165019,0
2025-10-08T19:45:00,980.032925165019,980.032925165019,0
2025-10-08T20:00:00,980.032925165019,980.032925165019,0
2025-10-08T20:15:00,980.032925165019,980.032925165019,0
2025-10-08T20:30:00,980.032925165019,980.032925165019,0
2025-10-08T20:45:00,980.032925165019,980.032925165019,0
2025-10-08T21:00:00,980.032925165019,980.032925165019,0
2025-10-08T21:15:00,980.032925165019,980.032925165019,0
2025-10-08T21:30:00,980.032925165019,980.032925165019,0
2025-10-08T21:45:00,980.032925165019,980.032925165019,0
2025-10-08T22:00:00,980.032925165019,980.032925165019,0
2025-10-08T22:15:00,980.032925165019,980.032925165019,0
2025-10-08T22:30:00,980.032925165019,980.032925165019,0
2025-10-08T22:45:00,980.032925165019,980.032925165019,0
2025-10-08T23:00:00,980.032925165019,980.032925165019,0
2025-10-08T23:15:00,980.032925165019,980.032925165019,0
2025-10-08T23:30:00,980.032925165019,980.032925165019,0
2025-10-08T23:45:00,980.032925165019,980.032925165019,0
2025-10-09T00:00:00,980.032925165019,980.032925165019,0
2025-10-09T00:15:00,980.032925165019,980.032925165019,0
2025-10-09T00:30:00,980.032925165019,980.032925165019,0
2025-10-09T00:45:00,980.032925165019,980.032925165019,0
2025-10-09T01:00:00,980.032925165019,980.032925165019,0
2025-10-09T01:15:00,980.032925165019,980.032925165019,0
2025-10-09T01:30:00,980.032925165019,980.032925165019,0
2025-10-09T01:45:00,980.032925165019,980.032925165019,0
2025-10-09T02:00:00,980.032925165019,980.032925165019,0
2025-10-09T02:15:00,980.032925165019,980.032925165019,0
2025-10-09T02:30:00,980.032925165019,980.032925165019,0
2025-10-09T02:45:00,980.032925165019,980.032925165019,0
2025-10-09T03:00:00,980.032925165019,980.032925165019,0
2025-10-09T03:15:00,980.032925165019,980.032925165019,0
2025-10-09T03:30:00,980.032925165019,980.032925165019,0
2025-10-09T03:45:00,980.032925165019,980.032925165019,0
2025-10-09T04:00:00,980.032925165019,980.032925165019,0
2025-10-09T04:15:00,980.032925165019,980.032925165019,0
2025-10-09T04:30:00,980.032925165019,980.032925165019,0
2025-10-09T04:45:00,980.032925165019,980.032925165019,0
2025-10-09T05:00:00,980.032925165019,980.032925165019,0
2025-10-09T05:15:00,980.032925165019,980.032925165019,0
2025-10-09T05:30:00,980.032925165019,980.032925165019,0
2025-10-09T05:45:00,980.032925165019,980.032925165019,0
2025-10-09T06:00:00,980.032925165019,980.032925165019,0
2025-10-09T06:15:00,980.032925165019,980.032925165019,0
2025-10-09T06:30:00,980.032925165019,980.032925165019,0
2025-10-09T06:45:00,980.032925165019,980.032925165019,0
2025-10-09T07:00:00,980.032925165019,980.032925165019,0
2025-10-09T07:15:00,980.032925165019,980.032925165019,0
2025-10-09T07:30:00,980.032925165019,980.032925165019,0
2025-10-09T07:45:00,980.032925165019,980.032925165019,0
2025-10-09T08:00:00,979.2872167872289,881.8728273804907,1
2025-10-09T08:15:00,984.9410931637648,881.8728273804907,1
2025-10-09T08:30:00,985.0364833832996,881.8728273804907,1
2025-10-09T08:45:00,986.0492244056497,881.8728273804907,1
2025-10-09T09:00:00,984.391039281027,881.8728273804907,1
2025-10-09T09:15:00,983.9969974395844,881.8728273804907,1
2025-10-09T09:30:00,985.1577270268203,881.8728273804907,1
2025-10-09T09:45:00,985.4412231932881,881.8728273804907,1
2025-10-09T10:00:00,984.5996496676731,881.8728273804907,1
2025-10-09T10:15:00,985.9021273381429,881.8728273804907,1
2025-10-09T10:30:00,984.0816896905733,881.8728273804907,1
2025-10-09T10:45:00,983.3568329907254,983.3568329907254,0
2025-10-09T11:00:00,983.3568329907254,983.3568329907254,0
2025-10-09T11:15:00,983.3568329907254,983.3568329907254,0
2025-10-09T11:30:00,983.3568329907254,983.3568329907254,0
2025-10-09T11:45:00,983.3568329907254,983.3568329907254,0
2025-10-09T12:00:00,983.3568329907254,983.3568329907254,0
2025-10-09T12:15:00,983.3568329907254,983.3568329907254,0
2025-10-09T12:30:00,983.3568329907254,983.3568329907254,0
2025-10-09T12:45:00,983.3568329907254,983.3568329907254,0
2025-10-09T13:00:00,983.3568329907254,983.3568329907254,0
2025-10-09T13:15:00,983.3568329907254,983.3568329907254,0
2025-10-09T13:30:00,983.3568329907254,983.3568329907254,0
2025-10-09T13:45:00,983.3568329907254,983.3568329907254,0
2025-10-09T14:00:00,983.3568329907254,983.3568329907254,0
2025-10-09T14:15:00,983.3568329907254,983.3568329907254,0
2025-10-09T14:30:00,983.3568329907254,983.3568329907254,0
2025-10-09T14:45:00,983.3568329907254,983.3568329907254,0
2025-10-09T15:00:00,983.3568329907254,983.3568329907254,0
2025-10-09T15:15:00,983.3568329907254,983.3568329907254,0
2025-10-09T15:30:00,983.3568329907254,983.3568329907254,0
2025-10-09T15:45:00,983.3568329907254,983.3568329907254,0
2025-10-09T16:00:00,983.3568329907254,983.3568329907254,0
2025-10-09T16:15:00,983.3568329907254,983.3568329907254,0
2025-10-09T16:30:00,983.3568329907254,983.3568329907254,0
2025-10-09T16:45:00,983.3568329907254,983.3568329907254,0
2025-10-09T17:00:00,983.3568329907254,983.3568329907254,0
2025-10-09T17:15:00,983.3568329907254,983.3568329907254,0
2025-10-09T17:30:00,983.3568329907254,983.3568329907254,0
2025-10-09T17:45:00,983.3568329907254,983.3568329907254,0
2025-10-09T18:00:00,983.3568329907254,983.3568329907254,0
2025-10-09T18:15:00,983.3568329907254,983.3568329907254,0
2025-10-09T18:30:00,983.3568329907254,983.3568329907254,0
2025-10-09T18:45:00,983.3568329907254,983.3568329907254,0
2025-10-09T19:00:00,983.3568329907254,983.3568329907254,0
2025-10-09T19:15:00,983.3568329907254,983.3568329907254,0
2025-10-09T19:30:00,983.3568329907254,983.3568329907254,0
2025-10-09T19:45:00,983.3568329907254,983.3568329907254,0
2025-10-09T20:00:00,983.3568329907254,983.3568329907254,0
2025-10-09T20:15:00,983.3568329907254,983.3568329907254,0
2025-10-09T20:30:00,983.3568329907254,983.3568329907254,0
2025-10-09T20:45:00,983.3568329907254,983.3568329907254,0
2025-10-09T21:00:00,983.3568329907254,983.3568329907254,0
2025-10-09T21:15:00,983.3568329907254,983.3568329907254,0
2025-10-09T21:30:00,983.3568329907254,983.3568329907254,0
2025-10-09T21:45:00,983.3568329907254,983.3568329907254,0
2025-10-09T22:00:00,983.3568329907254,983.3568329907254,0
2025-10-09T22:15:00,983.3568329907254,983.3568329907254,0
2025-10-09T22:30:00,983.3568329907254,983.3568329907254,0
2025-10-09T22:45:00,983.3568329907254,983.3568329907254,0
2025-10-09T23:00:00,983.3568329907254,983.3568329907254,0
2025-10-09T23:15:00,983.3568329907254,983.3568329907254,0
2025-10-09T23:30:00,983.3568329907254,983.3568329907254,0
2025-10-09T23:45:00,983.3568329907254,983.3568329907254,0
2025-10-10T00:00:00,983.3568329907254,983.3568329907254,0
2025-10-10T00:15:00,983.3568329907254,983.3568329907254,0
2025-10-10T00:30:00,983.3568329907254,983.3568329907254,0
2025-10-10T00:45:00,983.3568329907254,983.3568329907254,0
2025-10-10T01:00:00,983.3568329907254,983.3568329907254,0
2025-10-10T01:15:00,983.3568329907254,983.3568329907254,0
2025-10-10T01:30:00,983.3568329907254,983.3568329907254,0
2025-10-10T01:45:00,983.3568329907254,983.3568329907254,0
2025-10-10T02:00:00,983.3568329907254,983.3568329907254,0
2025-10-10T02:15:00,983.3568329907254,983.3568329907254,0
2025-10-10T02:30:00,983.3568329907254,983.3568329907254,0
2025-10-10T02:45:00,983.3568329907254,983.3568329907254,0
2025-10-10T03:00:00,983.3568329907254,983.3568329907254,0
2025-10-10T03:15:00,983.3568329907254,983.3568329907254,0
2025-10-10T03:30:00,983.3568329907254,983.3568329907254,0
2025-10-10T03:45:00,983.3568329907254,983.3568329907254,0
2025-10-10T04:00:00,983.3568329907254,983.3568329907254,0
2025-10-10T04:15:00,983.3568329907254,983.3568329907254,0
2025-10-10T04:30:00,983.3568329907254,983.3568329907254,0
2025-10-10T04:45:00,983.3568329907254,983.3568329907254,0
2025-10-10T05:00:00,983.3568329907254,983.3568329907254,0
2025-10-10T05:15:00,983.3568329907254,983.3568329907254,0
2025-10-10T05:30:00,983.3568329907254,983.3568329907254,0
2025-10-10T05:45:00,983.3568329907254,983.3568329907254,0
2025-10-10T06:00:00,983.3568329907254,983.3568329907254,0
2025-10-10T06:15:00,983.3568329907254,983.3568329907254,0
2025-10-10T06:30:00,983.3568329907254,983.3568329907254,0
2025-10-10T06:45:00,983.3568329907254,983.3568329907254,0
2025-10-10T07:00:00,983.3568329907254,983.3568329907254,0
2025-10-10T07:15:00,983.3568329907254,983.3568329907254,0
2025-10-10T07:30:00,983.3568329907254,983.3568329907254,0
2025-10-10T07:45:00,983.3568329907254,983.3568329907254,0
2025-10-10T08:00:00,983.3568329907254,983.3568329907254,0
2025-10-10T08:15:00,983.3568329907254,983.3568329907254,0
2025-10-10T08:30:00,983.3568329907254,983.3568329907254,0
2025-10-10T08:45:00,983.3568329907254,983.3568329907254,0
2025-10-10T09:00:00,983.3568329907254,983.3568329907254,0
2025-10-10T09:15:00,983.3568329907254,983.3568329907254,0
2025-10-10T09:30:00,983.3568329907254,983.3568329907254,0
2025-10-10T09:45:00,983.3568329907254,983.3568329907254,0
2025-10-10T10:00:00,983.3568329907254,983.3568329907254,0
2025-10-10T10:15:00,983.3568329907254,983.3568329907254,0
2025-10-10T10:30:00,983.3568329907254,983.3568329907254,0
2025-10-10T10:45:00,983.3568329907254,983.3568329907254,0
2025-10-10T11:00:00,983.3568329907254,983.3568329907254,0
2025-10-10T11:15:00,983.3568329907254,983.3568329907254,0
2025-10-10T11:30:00,983.3568329907254,983.3568329907254,0
2025-10-10T11:45:00,983.3568329907254,983.3568329907254,0
2025-10-10T12:00:00,983.3568329907254,983.3568329907254,0
2025-10-10T12:15:00,983.3568329907254,983.3568329907254,0
2025-10-10T12:30:00,983.3568329907254,983.3568329907254,0
2025-10-10T12:45:00,983.3568329907254,983.3568329907254,0
2025-10-10T13:00:00,983.3568329907254,983.3568329907254,0
2025-10-10T13:15:00,983.3568329907254,983.3568329907254,0
2025-10-10T13:30:00,983.3568329907254,983.3568329907254,0
2025-10-10T13:45:00,983.3568329907254,983.3568329907254,0
2025-10-10T14:00:00,983.3568329907254,983.3568329907254,0
2025-10-10T14:15:00,983.3568329907254,983.3568329907254,0
2025-10-10T14:30:00,983.3568329907254,983.3568329907254,0
2025-10-10T14:45:00,983.3568329907254,983.3568329907254,0
2025-10-10T15:00:00,983.3568329907254,983.3568329907254,0
2025-10-10T15:15:00,983.3568329907254,983.3568329907254,0
2025-10-10T15:30:00,983.3568329907254,983.3568329907254,0
2025-10-10T15:45:00,983.3568329907254,983.3568329907254,0
2025-10-10T16:00:00,983.3568329907254,983.3568329907254,0
2025-10-10T16:15:00,983.3568329907254,983.3568329907254,0
2025-10-10T16:30:00,983.3568329907254,983.3568329907254,0
2025-10-10T16:45:00,983.3568329907254,983.3568329907254,0
2025-10-10T17:00:00,983.3568329907254,983.3568329907254,0
2025-10-10T17:15:00,983.3568329907254,983.3568329907254,0
2025-10-10T17:30:00,983.3568329907254,983.3568329907254,0
2025-10-10T17:45:00,983.3568329907254,983.3568329907254,0
2025-10-10T18:00:00,983.3568329907254,983.3568329907254,0
2025-10-10T18:15:00,983.3568329907254,983.3568329907254,0
2025-10-10T18:30:00,983.3568329907254,983.3568329907254,0
2025-10-10T18:45:00,983.3568329907254,983.3568329907254,0
2025-10-10T19:00:00,983.3568329907254,983.3568329907254,0
2025-10-10T19:15:00,983.3568329907254,983.3568329907254,0
2025-10-10T19:30:00,983.3568329907254,983.3568329907254,0
2025-10-10T19:45:00,983.3568329907254,983.3568329907254,0
2025-10-10T20:00:00,983.3568329907254,983.3568329907254,0
2025-10-10T20:15:00,983.3568329907254,983.3568329907254,0
2025-10-10T20:30:00,983.3568329907254,983.3568329907254,0
2025-10-10T20:45:00,982.6085954469768,884.8638125983744,1
2025-10-10T21:00:00,989.7016666804535,884.8638125983744,1
2025-10-10T21:15:00,1012.291953552746,884.8638125983744,1
2025-10-10T21:30:00,1008.1946815282292,884.8638125983744,1
2025-10-10T21:45:00,1003.6391519950804,884.8638125983744,1
2025-10-10T22:00:00,1003.2317277154481,884.8638125983744,1
2025-10-10T22:15:00,1005.5198090936049,884.8638125983744,1
2025-10-10T22:30:00,1004.12097309274,884.8638125983744,1
2025-10-10T22:45:00,1002.9756890049258,1002.9756890049258,0
2025-10-10T23:00:00,1002.9756890049258,1002.9756890049258,0
2025-10-10T23:15:00,1002.9756890049258,1002.9756890049258,0
2025-10-10T23:30:00,1002.9756890049258,1002.9756890049258,0
2025-10-10T23:45:00,1002.9756890049258,1002.9756890049258,0
2025-10-11T00:00:00,1002.9756890049258,1002.9756890049258,0
2025-10-11T00:15:00,1002.9756890049258,1002.9756890049258,0
2025-10-11T00:30:00,1002.9756890049258,1002.9756890049258,0
2025-10-11T00:45:00,1002.9756890049258,1002.9756890049258,0
2025-10-11T01:00:00,1002.9756890049258,1002.9756890049258,0
2025-10-11T01:15:00,1002.9756890049258,1002.9756890049258,0
2025-10-11T01:30:00,1002.9756890049258,1002.9756890049258,0
2025-10-11T01:45:00,1002.9756890049258,1002.9756890049258,0
2025-10-11T02:00:00,1002.9756890049258,1002.9756890049258,0
2025-10-11T02:15:00,1002.9756890049258,1002.9756890049258,0
2025-10-11T02:30:00,1002.9756890049258,1002.9756890049258,0
2025-10-11T02:45:00,1002.9756890049258,1002.9756890049258,0
2025-10-11T03:00:00,1002.9756890049258,1002.9756890049258,0
2025-10-11T03:15:00,1002.9756890049258,1002.9756890049258,0
2025-10-11T03:30:00,1002.9756890049258,1002.9756890049258,0
2025-10-11T03:45:00,1002.9756890049258,1002.9756890049258,0
2025-10-11T04:00:00,1002.9756890049258,1002.9756890049258,0
2025-10-11T04:15:00,1002.9756890049258,1002.9756890049258,0
2025-10-11T04:30:00,1002.9756890049258,1002.9756890049258,0
2025-10-11T04:45:00,1002.9756890049258,1002.9756890049258,0
2025-10-11T05:00:00,1002.9756890049258,1002.9756890049258,0
2025-10-11T05:15:00,1002.9756890049258,1002.9756890049258,0
2025-10-11T05:30:00,1002.9756890049258,1002.9756890049258,0
2025-10-11T05:45:00,1002.9756890049258,1002.9756890049258,0
2025-10-11T06:00:00,1002.9756890049258,1002.9756890049258,0
2025-10-11T06:15:00,1002.9756890049258,1002.9756890049258,0
2025-10-11T06:30:00,1002.9756890049258,1002.9756890049258,0
2025-10-11T06:45:00,1002.9756890049258,1002.9756890049258,0
2025-10-11T07:00:00,1002.2125234471107,902.5176439941924,1
2025-10-11T07:15:00,1004.5343101905027,902.5176439941924,1
2025-10-11T07:30:00,1004.9718183182188,902.5176439941924,1
2025-10-11T07:45:00,1005.8672852833307,902.5176439941924,1
2025-10-11T08:00:00,1006.2645772888372,902.5176439941924,1
2025-10-11T08:15:00,1003.8308346321369,902.5176439941924,1
2025-10-11T08:30:00,1002.7738900175785,902.5176439941924,1
2025-10-11T08:45:00,1002.4632700673814,902.5176439941924,1
2025-10-11T09:00:00,1001.341934985796,1001.341934985796,0
2025-10-11T09:15:00,1001.341934985796,1001.341934985796,0
2025-10-11T09:30:00,1001.341934985796,1001.341934985796,0
2025-10-11T09:45:00,1001.341934985796,1001.341934985796,0
2025-10-11T10:00:00,1001.341934985796,1001.341934985796,0
2025-10-11T10:15:00,1001.341934985796,1001.341934985796,0
2025-10-11T10:30:00,1001.341934985796,1001.341934985796,0
2025-10-11T10:45:00,1001.341934985796,1001.341934985796,0
2025-10-11T11:00:00,1001.341934985796,1001.341934985796,0
2025-10-11T11:15:00,1001.341934985796,1001.341934985796,0
2025-10-11T11:30:00,1001.341934985796,1001.341934985796,0
2025-10-11T11:45:00,1001.341934985796,1001.341934985796,0
2025-10-11T12:00:00,1001.341934985796,1001.341934985796,0
2025-10-11T12:15:00,1001.341934985796,1001.341934985796,0
2025-10-11T12:30:00,1001.341934985796,1001.341934985796,0
2025-10-11T12:45:00,1001.341934985796,1001.341934985796,0
2025-10-11T13:00:00,1001.341934985796,1001.341934985796,0
2025-10-11T13:15:00,1001.341934985796,1001.341934985796,0
2025-10-11T13:30:00,1001.341934985796,1001.341934985796,0
2025-10-11T13:45:00,1001.341934985796,1001.341934985796,0
2025-10-11T14:00:00,1001.341934985796,1001.341934985796,0
2025-10-11T14:15:00,1001.341934985796,1001.341934985796,0
2025-10-11T14:30:00,1001.341934985796,1001.341934985796,0
2025-10-11T14:45:00,1001.341934985796,1001.341934985796,0
2025-10-11T15:00:00,1001.341934985796,1001.341934985796,0
2025-10-11T15:15:00,1001.341934985796,1001.341934985796,0
2025-10-11T15:30:00,1001.341934985796,1001.341934985796,0
2025-10-11T15:45:00,1001.341934985796,1001.341934985796,0
2025-10-11T16:00:00,1001.341934985796,1001.341934985796,0
2025-10-11T16:15:00,1001.341934985796,1001.341934985796,0
2025-10-11T16:30:00,1001.341934985796,1001.341934985796,0
2025-10-11T16:45:00,1001.341934985796,1001.341934985796,0
2025-10-11T17:00:00,1001.341934985796,1001.341934985796,0
2025-10-11T17:15:00,1001.341934985796,1001.341934985796,0
2025-10-11T17:30:00,1001.341934985796,1001.341934985796,0
2025-10-11T17:45:00,1001.341934985796,1001.341934985796,0
2025-10-11T18:00:00,1001.341934985796,1001.341934985796,0
2025-10-11T18:15:00,1000.580012553623,901.0475267776187,1
2025-10-11T18:30:00,999.8736107179095,901.0475267776187,1
2025-10-11T18:45:00,1000.6378281800579,901.0475267776187,1
2025-10-11T19:00:00,1003.841865077758,901.0475267776187,1
2025-10-11T19:15:00,1005.5458492677751,901.0475267776187,1
2025-10-11T19:30:00,1007.1972737973969,901.0475267776187,1
2025-10-11T19:45:00,1006.405725311843,901.0475267776187,1
2025-10-11T20:00:00,1007.7743788685377,901.0475267776187,1
2025-10-11T20:15:00,1010.6367779736682,901.0475267776187,1
2025-10-11T20:30:00,1013.5664534441048,901.0475267776187,1
2025-10-11T20:45:00,1013.2868360508015,901.0475267776187,1
2025-10-11T21:00:00,1015.765549635046,901.0475267776187,1
2025-10-11T21:15:00,1010.2930377946827,901.0475267776187,1
2025-10-11T21:30:00,1010.4370512641659,901.0475267776187,1
2025-10-11T21:45:00,1009.0189916266995,901.0475267776187,1
2025-10-11T22:00:00,1008.7393742333963,901.0475267776187,1
2025-10-11T22:15:00,1008.1643225229121,1008.1643225229121,0
2025-10-11T22:30:00,1008.1643225229121,1008.1643225229121,0
2025-10-11T22:45:00,1008.1643225229121,1008.1643225229121,0
2025-10-11T23:00:00,1008.1643225229121,1008.1643225229121,0
2025-10-11T23:15:00,1008.1643225229121,1008.1643225229121,0
2025-10-11T23:30:00,1008.1643225229121,1008.1643225229121,0
2025-10-11T23:45:00,1008.1643225229121,1008.1643225229121,0
2025-10-12T00:00:00,1008.1643225229121,1008.1643225229121,0
2025-10-12T00:15:00,1008.1643225229121,1008.1643225229121,0
2025-10-12T00:30:00,1007.397208926838,907.1865839790172,1
2025-10-12T00:45:00,1007.7681342766556,907.1865839790172,1
2025-10-12T01:00:00,1006.3368386416613,907.1865839790172,1
2025-10-12T01:15:00,1006.5827850761123,907.1865839790172,1
2025-10-12T01:30:00,1006.4225132338208,907.1865839790172,1
2025-10-12T01:45:00,1006.5278399875839,907.1865839790172,1
2025-10-12T02:00:00,1005.9318716261446,907.1865839790172,1
2025-10-12T02:15:00,1004.478384274908,1004.478384274908,0
2025-10-12T02:30:00,1004.478384274908,1004.478384274908,0
2025-10-12T02:45:00,1004.478384274908,1004.478384274908,0
2025-10-12T03:00:00,1004.478384274908,1004.478384274908,0
2025-10-12T03:15:00,1004.478384274908,1004.478384274908,0
2025-10-12T03:30:00,1004.478384274908,1004.478384274908,0
2025-10-12T03:45:00,1004.478384274908,1004.478384274908,0
2025-10-12T04:00:00,1004.478384274908,1004.478384274908,0
2025-10-12T04:15:00,1004.478384274908,1004.478384274908,0
2025-10-12T04:30:00,1004.478384274908,1004.478384274908,0
2025-10-12T04:45:00,1004.478384274908,1004.478384274908,0
2025-10-12T05:00:00,1004.478384274908,1004.478384274908,0
2025-10-12T05:15:00,1004.478384274908,1004.478384274908,0
2025-10-12T05:30:00,1004.478384274908,1004.478384274908,0
2025-10-12T05:45:00,1004.478384274908,1004.478384274908,0
2025-10-12T06:00:00,1004.478384274908,1004.478384274908,0
2025-10-12T06:15:00,1004.478384274908,1004.478384274908,0
2025-10-12T06:30:00,1004.478384274908,1004.478384274908,0
2025-10-12T06:45:00,1004.478384274908,1004.478384274908,0
2025-10-12T07:00:00,1004.478384274908,1004.478384274908,0
2025-10-12T07:15:00,1004.478384274908,1004.478384274908,0
2025-10-12T07:30:00,1004.478384274908,1004.478384274908,0
2025-10-12T07:45:00,1004.478384274908,1004.478384274908,0
2025-10-12T08:00:00,1004.478384274908,1004.478384274908,0
2025-10-12T08:15:00,1004.478384274908,1004.478384274908,0
2025-10-12T08:30:00,1004.478384274908,1004.478384274908,0
2025-10-12T08:45:00,1004.478384274908,1004.478384274908,0
2025-10-12T09:00:00,1004.478384274908,1004.478384274908,0
2025-10-12T09:15:00,1004.478384274908,1004.478384274908,0
2025-10-12T09:30:00,1004.478384274908,1004.478384274908,0
2025-10-12T09:45:00,1004.478384274908,1004.478384274908,0
2025-10-12T10:00:00,1004.478384274908,1004.478384274908,0
2025-10-12T10:15:00,1004.478384274908,1004.478384274908,0
2025-10-12T10:30:00,1004.478384274908,1004.478384274908,0
2025-10-12T10:45:00,1004.478384274908,1004.478384274908,0
2025-10-12T11:00:00,1004.478384274908,1004.478384274908,0
2025-10-12T11:15:00,1004.478384274908,1004.478384274908,0
2025-10-12T11:30:00,1004.478384274908,1004.478384274908,0
2025-10-12T11:45:00,1004.478384274908,1004.478384274908,0
2025-10-12T12:00:00,1004.478384274908,1004.478384274908,0
2025-10-12T12:15:00,1004.478384274908,1004.478384274908,0
2025-10-12T12:30:00,1004.478384274908,1004.478384274908,0
2025-10-12T12:45:00,1004.478384274908,1004.478384274908,0
2025-10-12T13:00:00,1004.478384274908,1004.478384274908,0
2025-10-12T13:15:00,1004.478384274908,1004.478384274908,0
2025-10-12T13:30:00,1004.478384274908,1004.478384274908,0
2025-10-12T13:45:00,1004.478384274908,1004.478384274908,0
2025-10-12T14:00:00,1004.478384274908,1004.478384274908,0
2025-10-12T14:15:00,1004.478384274908,1004.478384274908,0
2025-10-12T14:30:00,1004.478384274908,1004.478384274908,0
2025-10-12T14:45:00,1004.478384274908,1004.478384274908,0
2025-10-12T15:00:00,1004.478384274908,1004.478384274908,0
2025-10-12T15:15:00,1004.478384274908,1004.478384274908,0
2025-10-12T15:30:00,1004.478384274908,1004.478384274908,0
2025-10-12T15:45:00,1004.478384274908,1004.478384274908,0
2025-10-12T16:00:00,1004.478384274908,1004.478384274908,0
2025-10-12T16:15:00,1004.478384274908,1004.478384274908,0
2025-10-12T16:30:00,1004.478384274908,1004.478384274908,0
2025-10-12T16:45:00,1004.478384274908,1004.478384274908,0
2025-10-12T17:00:00,1004.478384274908,1004.478384274908,0
2025-10-12T17:15:00,1004.478384274908,1004.478384274908,0
2025-10-12T17:30:00,1004.478384274908,1004.478384274908,0
2025-10-12T17:45:00,1004.478384274908,1004.478384274908,0
2025-10-12T18:00:00,1004.478384274908,1004.478384274908,0
2025-10-12T18:15:00,1004.478384274908,1004.478384274908,0
2025-10-12T18:30:00,1004.478384274908,1004.478384274908,0
2025-10-12T18:45:00,1004.478384274908,1004.478384274908,0
2025-10-12T19:00:00,1004.478384274908,1004.478384274908,0
2025-10-12T19:15:00,1004.478384274908,1004.478384274908,0
2025-10-12T19:30:00,1004.478384274908,1004.478384274908,0
2025-10-12T19:45:00,1004.478384274908,1004.478384274908,0
2025-10-12T20:00:00,1004.478384274908,1004.478384274908,0
2025-10-12T20:15:00,1003.7158833793901,903.8698293059332,1
2025-10-12T20:30:00,1003.2787318280281,903.8698293059332,1
2025-10-12T20:45:00,1002.6612326312331,903.8698293059332,1
2025-10-12T21:00:00,1004.1693288879071,903.8698293059332,1
2025-10-12T21:15:00,1002.7488648751626,903.8698293059332,1
2025-10-12T21:30:00,1001.2784375368752,1001.2784375368752,0
2025-10-12T21:45:00,1001.2784375368752,1001.2784375368752,0
2025-10-12T22:00:00,1001.2784375368752,1001.2784375368752,0
2025-10-12T22:15:00,1001.2784375368752,1001.2784375368752,0
2025-10-12T22:30:00,1001.2784375368752,1001.2784375368752,0
2025-10-12T22:45:00,1001.2784375368752,1001.2784375368752,0
2025-10-12T23:00:00,1001.2784375368752,1001.2784375368752,0
2025-10-12T23:15:00,1001.2784375368752,1001.2784375368752,0
2025-10-12T23:30:00,1001.2784375368752,1001.2784375368752,0
2025-10-12T23:45:00,1001.2784375368752,1001.2784375368752,0
2025-10-13T00:00:00,1001.2784375368752,1001.2784375368752,0
2025-10-13T00:15:00,1001.2784375368752,1001.2784375368752,0
2025-10-13T00:30:00,1001.2784375368752,1001.2784375368752,0
2025-10-13T00:45:00,1001.2784375368752,1001.2784375368752,0
2025-10-13T01:00:00,1001.2784375368752,1001.2784375368752,0
2025-10-13T01:15:00,1001.2784375368752,1001.2784375368752,0
2025-10-13T01:30:00,1001.2784375368752,1001.2784375368752,0
2025-10-13T01:45:00,1001.2784375368752,1001.2784375368752,0
2025-10-13T02:00:00,1001.2784375368752,1001.2784375368752,0
2025-10-13T02:15:00,1001.2784375368752,1001.2784375368752,0
2025-10-13T02:30:00,1001.2784375368752,1001.2784375368752,0
2025-10-13T02:45:00,1001.2784375368752,1001.2784375368752,0
2025-10-13T03:00:00,1001.2784375368752,1001.2784375368752,0
2025-10-13T03:15:00,1001.2784375368752,1001.2784375368752,0
2025-10-13T03:30:00,1001.2784375368752,1001.2784375368752,0
2025-10-13T03:45:00,1001.2784375368752,1001.2784375368752,0
2025-10-13T04:00:00,1001.2784375368752,1001.2784375368752,0
2025-10-13T04:15:00,1001.2784375368752,1001.2784375368752,0
2025-10-13T04:30:00,1001.2784375368752,1001.2784375368752,0
2025-10-13T04:45:00,1001.2784375368752,1001.2784375368752,0
2025-10-13T05:00:00,1001.2784375368752,1001.2784375368752,0
2025-10-13T05:15:00,1001.2784375368752,1001.2784375368752,0
2025-10-13T05:30:00,1001.2784375368752,1001.2784375368752,0
2025-10-13T05:45:00,1001.2784375368752,1001.2784375368752,0
2025-10-13T06:00:00,1001.2784375368752,1001.2784375368752,0
2025-10-13T06:15:00,1001.2784375368752,1001.2784375368752,0
2025-10-13T06:30:00,1001.2784375368752,1001.2784375368752,0
2025-10-13T06:45:00,1001.2784375368752,1001.2784375368752,0
2025-10-13T07:00:00,1001.2784375368752,1001.2784375368752,0
2025-10-13T07:15:00,1000.5183657252396,900.9903892331818,1
2025-10-13T07:30:00,1000.4744441679793,900.9903892331818,1
2025-10-13T07:45:00,999.5578203642877,900.9903892331818,1
2025-10-13T08:00:00,1000.3837366040724,900.9903892331818,1
2025-10-13T08:15:00,1000.2242822548885,900.9903892331818,1
2025-10-13T08:30:00,999.2255442354495,900.9903892331818,1
2025-10-13T08:45:00,999.2771043244071,900.9903892331818,1
2025-10-13T09:00:00,996.4864006632077,996.4864006632077,0
2025-10-13T09:15:00,996.4864006632077,996.4864006632077,0
2025-10-13T09:30:00,996.4864006632077,996.4864006632077,0
2025-10-13T09:45:00,996.4864006632077,996.4864006632077,0
2025-10-13T10:00:00,996.4864006632077,996.4864006632077,0
2025-10-13T10:15:00,996.4864006632077,996.4864006632077,0
2025-10-13T10:30:00,996.4864006632077,996.4864006632077,0
2025-10-13T10:45:00,996.4864006632077,996.4864006632077,0
2025-10-13T11:00:00,996.4864006632077,996.4864006632077,0
2025-10-13T11:15:00,996.4864006632077,996.4864006632077,0
2025-10-13T11:30:00,996.4864006632077,996.4864006632077,0
2025-10-13T11:45:00,996.4864006632077,996.4864006632077,0
2025-10-13T12:00:00,996.4864006632077,996.4864006632077,0
2025-10-13T12:15:00,996.4864006632077,996.4864006632077,0
2025-10-13T12:30:00,996.4864006632077,996.4864006632077,0
2025-10-13T12:45:00,996.4864006632077,996.4864006632077,0
2025-10-13T13:00:00,996.4864006632077,996.4864006632077,0
2025-10-13T13:15:00,996.4864006632077,996.4864006632077,0
2025-10-13T13:30:00,996.4864006632077,996.4864006632077,0
2025-10-13T13:45:00,996.4864006632077,996.4864006632077,0
2025-10-13T14:00:00,996.4864006632077,996.4864006632077,0
2025-10-13T14:15:00,996.4864006632077,996.4864006632077,0
2025-10-13T14:30:00,996.4864006632077,996.4864006632077,0
2025-10-13T14:45:00,996.4864006632077,996.4864006632077,0
2025-10-13T15:00:00,996.4864006632077,996.4864006632077,0
2025-10-13T15:15:00,996.4864006632077,996.4864006632077,0
2025-10-13T15:30:00,996.4864006632077,996.4864006632077,0
2025-10-13T15:45:00,996.4864006632077,996.4864006632077,0
2025-10-13T16:00:00,996.4864006632077,996.4864006632077,0
2025-10-13T16:15:00,996.4864006632077,996.4864006632077,0
2025-10-13T16:30:00,996.4864006632077,996.4864006632077,0
2025-10-13T16:45:00,996.4864006632077,996.4864006632077,0
2025-10-13T17:00:00,996.4864006632077,996.4864006632077,0
2025-10-13T17:15:00,996.4864006632077,996.4864006632077,0
2025-10-13T17:30:00,996.4864006632077,996.4864006632077,0
2025-10-13T17:45:00,995.7299664932225,896.6783227727808,1
2025-10-13T18:00:00,993.0645063308575,896.6783227727808,1
2025-10-13T18:15:00,995.152888728874,896.6783227727808,1
2025-10-13T18:30:00,995.8230132337281,896.6783227727808,1
2025-10-13T18:45:00,995.1406704700198,896.6783227727808,1
2025-10-13T19:00:00,997.3681530457621,896.6783227727808,1
2025-10-13T19:15:00,997.0354404584994,896.6783227727808,1
2025-10-13T19:30:00,998.6285134398846,896.6783227727808,1
2025-10-13T19:45:00,997.3596942511707,896.6783227727808,1
2025-10-13T20:00:00,998.2610258081904,896.6783227727808,1
2025-10-13T20:15:00,997.1820595647507,896.6783227727808,1
2025-10-13T20:30:00,997.7337609453248,896.6783227727808,1
2025-10-13T20:45:00,1000.5787355262413,896.6783227727808,1
2025-10-13T21:00:00,998.8493819653274,896.6783227727808,1
2025-10-13T21:15:00,998.7826514746617,896.6783227727808,1
2025-10-13T21:30:00,998.6689276807103,896.6783227727808,1
2025-10-13T21:45:00,997.6351027559027,997.6351027559027,0
2025-10-13T22:00:00,997.6351027559027,997.6351027559027,0
2025-10-13T22:15:00,997.6351027559027,997.6351027559027,0
2025-10-13T22:30:00,997.6351027559027,997.6351027559027,0
2025-10-13T22:45:00,997.6351027559027,997.6351027559027,0
2025-10-13T23:00:00,997.6351027559027,997.6351027559027,0
2025-10-13T23:15:00,997.6351027559027,997.6351027559027,0
2025-10-13T23:30:00,997.6351027559027,997.6351027559027,0
2025-10-13T23:45:00,997.6351027559027,997.6351027559027,0
2025-10-14T00:00:00,997.6351027559027,997.6351027559027,0
2025-10-14T00:15:00,997.6351027559027,997.6351027559027,0
2025-10-14T00:30:00,997.6351027559027,997.6351027559027,0
2025-10-14T00:45:00,997.6351027559027,997.6351027559027,0
2025-10-14T01:00:00,997.6351027559027,997.6351027559027,0
2025-10-14T01:15:00,997.6351027559027,997.6351027559027,0
2025-10-14T01:30:00,997.6351027559027,997.6351027559027,0
2025-10-14T01:45:00,997.6351027559027,997.6351027559027,0
2025-10-14T02:00:00,997.6351027559027,997.6351027559027,0
2025-10-14T02:15:00,997.6351027559027,997.6351027559027,0
2025-10-14T02:30:00,997.6351027559027,997.6351027559027,0
2025-10-14T02:45:00,997.6351027559027,997.6351027559027,0
2025-10-14T03:00:00,997.6351027559027,997.6351027559027,0
2025-10-14T03:15:00,997.6351027559027,997.6351027559027,0
2025-10-14T03:30:00,997.6351027559027,997.6351027559027,0
2025-10-14T03:45:00,997.6351027559027,997.6351027559027,0
2025-10-14T04:00:00,997.6351027559027,997.6351027559027,0
2025-10-14T04:15:00,997.6351027559027,997.6351027559027,0
2025-10-14T04:30:00,997.6351027559027,997.6351027559027,0
2025-10-14T04:45:00,997.6351027559027,997.6351027559027,0
2025-10-14T05:00:00,997.6351027559027,997.6351027559027,0
2025-10-14T05:15:00,997.6351027559027,997.6351027559027,0
2025-10-14T05:30:00,997.6351027559027,997.6351027559027,0
2025-10-14T05:45:00,997.6351027559027,997.6351027559027,0
2025-10-14T06:00:00,997.6351027559027,997.6351027559027,0
2025-10-14T06:15:00,997.6351027559027,997.6351027559027,0
2025-10-14T06:30:00,996.8760008573852,897.7119708638716,1
2025-10-14T06:45:00,995.9303844402014,897.7119708638716,1
2025-10-14T07:00:00,995.799298989777,897.7119708638716,1
2025-10-14T07:15:00,994.6465475478767,897.7119708638716,1
2025-10-14T07:30:00,997.5504405030803,897.7119708638716,1
2025-10-14T07:45:00,998.15083187907,897.7119708638716,1
2025-10-14T08:00:00,997.5454372416137,897.7119708638716,1
2025-10-14T08:15:00,996.9720634775435,897.7119708638716,1
2025-10-14T08:30:00,995.7672781163908,897.7119708638716,1
2025-10-14T08:45:00,996.3192683770371,996.3192683770371,0
2025-10-14T09:00:00,996.3192683770371,996.3192683770371,0
2025-10-14T09:15:00,996.3192683770371,996.3192683770371,0
2025-10-14T09:30:00,996.3192683770371,996.3192683770371,0
2025-10-14T09:45:00,996.3192683770371,996.3192683770371,0
2025-10-14T10:00:00,996.3192683770371,996.3192683770371,0
2025-10-14T10:15:00,996.3192683770371,996.3192683770371,0
2025-10-14T10:30:00,996.3192683770371,996.3192683770371,0
2025-10-14T10:45:00,996.3192683770371,996.3192683770371,0
2025-10-14T11:00:00,996.3192683770371,996.3192683770371,0
2025-10-14T11:15:00,996.3192683770371,996.3192683770371,0
2025-10-14T11:30:00,996.3192683770371,996.3192683770371,0
2025-10-14T11:45:00,996.3192683770371,996.3192683770371,0
2025-10-14T12:00:00,996.3192683770371,996.3192683770371,0
2025-10-14T12:15:00,996.3192683770371,996.3192683770371,0
2025-10-14T12:30:00,996.3192683770371,996.3192683770371,0
2025-10-14T12:45:00,996.3192683770371,996.3192683770371,0
2025-10-14T13:00:00,996.3192683770371,996.3192683770371,0
2025-10-14T13:15:00,996.3192683770371,996.3192683770371,0
2025-10-14T13:30:00,996.3192683770371,996.3192683770371,0
2025-10-14T13:45:00,996.3192683770371,996.3192683770371,0
2025-10-14T14:00:00,996.3192683770371,996.3192683770371,0
2025-10-14T14:15:00,996.3192683770371,996.3192683770371,0
2025-10-14T14:30:00,996.3192683770371,996.3192683770371,0
2025-10-14T14:45:00,996.3192683770371,996.3192683770371,0
2025-10-14T15:00:00,996.3192683770371,996.3192683770371,0
2025-10-14T15:15:00,996.3192683770371,996.3192683770371,0
2025-10-14T15:30:00,996.3192683770371,996.3192683770371,0
2025-10-14T15:45:00,996.3192683770371,996.3192683770371,0
2025-10-14T16:00:00,996.3192683770371,996.3192683770371,0
2025-10-14T16:15:00,996.3192683770371,996.3192683770371,0
2025-10-14T16:30:00,996.3192683770371,996.3192683770371,0
2025-10-14T16:45:00,996.3192683770371,996.3192683770371,0
2025-10-14T17:00:00,996.3192683770371,996.3192683770371,0
2025-10-14T17:15:00,996.3192683770371,996.3192683770371,0
2025-10-14T17:30:00,996.3192683770371,996.3192683770371,0
2025-10-14T17:45:00,996.3192683770371,996.3192683770371,0
2025-10-14T18:00:00,996.3192683770371,996.3192683770371,0
2025-10-14T18:15:00,996.3192683770371,996.3192683770371,0
2025-10-14T18:30:00,996.3192683770371,996.3192683770371,0
2025-10-14T18:45:00,996.3192683770371,996.3192683770371,0
2025-10-14T19:00:00,996.3192683770371,996.3192683770371,0
2025-10-14T19:15:00,996.3192683770371,996.3192683770371,0
2025-10-14T19:30:00,996.3192683770371,996.3192683770371,0
2025-10-14T19:45:00,996.3192683770371,996.3192683770371,0
2025-10-14T20:00:00,996.3192683770371,996.3192683770371,0
2025-10-14T20:15:00,996.3192683770371,996.3192683770371,0
2025-10-14T20:30:00,996.3192683770371,996.3192683770371,0
2025-10-14T20:45:00,996.3192683770371,996.3192683770371,0
2025-10-14T21:00:00,996.3192683770371,996.3192683770371,0
2025-10-14T21:15:00,996.3192683770371,996.3192683770371,0
2025-10-14T21:30:00,996.3192683770371,996.3192683770371,0
2025-10-14T21:45:00,996.3192683770371,996.3192683770371,0
2025-10-14T22:00:00,996.3192683770371,996.3192683770371,0
2025-10-14T22:15:00,996.3192683770371,996.3192683770371,0
2025-10-14T22:30:00,996.3192683770371,996.3192683770371,0
2025-10-14T22:45:00,996.3192683770371,996.3192683770371,0
2025-10-14T23:00:00,996.3192683770371,996.3192683770371,0
2025-10-14T23:15:00,996.3192683770371,996.3192683770371,0
2025-10-14T23:30:00,996.3192683770371,996.3192683770371,0
2025-10-14T23:45:00,996.3192683770371,996.3192683770371,0
2025-10-15T00:00:00,996.3192683770371,996.3192683770371,0
2025-10-15T00:15:00,996.3192683770371,996.3192683770371,0
2025-10-15T00:30:00,996.3192683770371,996.3192683770371,0
2025-10-15T00:45:00,996.3192683770371,996.3192683770371,0
2025-10-15T01:00:00,996.3192683770371,996.3192683770371,0
2025-10-15T01:15:00,996.3192683770371,996.3192683770371,0
2025-10-15T01:30:00,996.3192683770371,996.3192683770371,0
2025-10-15T01:45:00,996.3192683770371,996.3192683770371,0
2025-10-15T02:00:00,996.3192683770371,996.3192683770371,0
2025-10-15T02:15:00,996.3192683770371,996.3192683770371,0
2025-10-15T02:30:00,996.3192683770371,996.3192683770371,0
2025-10-15T02:45:00,996.3192683770371,996.3192683770371,0
2025-10-15T03:00:00,996.3192683770371,996.3192683770371,0
2025-10-15T03:15:00,996.3192683770371,996.3192683770371,0
2025-10-15T03:30:00,996.3192683770371,996.3192683770371,0
2025-10-15T03:45:00,996.3192683770371,996.3192683770371,0
2025-10-15T04:00:00,996.3192683770371,996.3192683770371,0
2025-10-15T04:15:00,996.3192683770371,996.3192683770371,0
2025-10-15T04:30:00,996.3192683770371,996.3192683770371,0
2025-10-15T04:45:00,996.3192683770371,996.3192683770371,0
2025-10-15T05:00:00,996.3192683770371,996.3192683770371,0
2025-10-15T05:15:00,996.3192683770371,996.3192683770371,0
2025-10-15T05:30:00,996.3192683770371,996.3192683770371,0
2025-10-15T05:45:00,996.3192683770371,996.3192683770371,0
2025-10-15T06:00:00,996.3192683770371,996.3192683770371,0
2025-10-15T06:15:00,996.3192683770371,996.3192683770371,0
2025-10-15T06:30:00,996.3192683770371,996.3192683770371,0
2025-10-15T06:45:00,996.3192683770371,996.3192683770371,0
2025-10-15T07:00:00,996.3192683770371,996.3192683770371,0
2025-10-15T07:15:00,996.3192683770371,996.3192683770371,0
2025-10-15T07:30:00,996.3192683770371,996.3192683770371,0
2025-10-15T07:45:00,996.3192683770371,996.3192683770371,0
2025-10-15T08:00:00,995.5629610773956,896.527930456393,1
2025-10-15T08:15:00,999.0066217613264,896.527930456393,1
2025-10-15T08:30:00,1000.925109073374,896.527930456393,1
2025-10-15T08:45:00,999.7730550383699,896.527930456393,1
2025-10-15T09:00:00,999.3864726326341,896.527930456393,1
2025-10-15T09:15:00,997.0525534815869,896.527930456393,1
2025-10-15T09:30:00,997.7574413010008,896.527930456393,1
2025-10-15T09:45:00,997.2804640043714,896.527930456393,1
2025-10-15T10:00:00,997.1958390001307,896.527930456393,1
2025-10-15T10:15:00,994.2408189765299,994.2408189765299,0
2025-10-15T10:30:00,994.2408189765299,994.2408189765299,0
2025-10-15T10:45:00,994.2408189765299,994.2408189765299,0
2025-10-15T11:00:00,994.2408189765299,994.2408189765299,0
2025-10-15T11:15:00,994.2408189765299,994.2408189765299,0
2025-10-15T11:30:00,994.2408189765299,994.2408189765299,0
2025-10-15T11:45:00,994.2408189765299,994.2408189765299,0
2025-10-15T12:00:00,994.2408189765299,994.2408189765299,0
2025-10-15T12:15:00,994.2408189765299,994.2408189765299,0
2025-10-15T12:30:00,994.2408189765299,994.2408189765299,0
2025-10-15T12:45:00,994.2408189765299,994.2408189765299,0
2025-10-15T13:00:00,994.2408189765299,994.2408189765299,0
2025-10-15T13:15:00,994.2408189765299,994.2408189765299,0
2025-10-15T13:30:00,994.2408189765299,994.2408189765299,0
2025-10-15T13:45:00,994.2408189765299,994.2408189765299,0
2025-10-15T14:00:00,994.2408189765299,994.2408189765299,0
2025-10-15T14:15:00,994.2408189765299,994.2408189765299,0
2025-10-15T14:30:00,994.2408189765299,994.2408189765299,0
2025-10-15T14:45:00,994.2408189765299,994.2408189765299,0
2025-10-15T15:00:00,994.2408189765299,994.2408189765299,0
2025-10-15T15:15:00,994.2408189765299,994.2408189765299,0
2025-10-15T15:30:00,994.2408189765299,994.2408189765299,0
2025-10-15T15:45:00,994.2408189765299,994.2408189765299,0
2025-10-15T16:00:00,994.2408189765299,994.2408189765299,0
2025-10-15T16:15:00,994.2408189765299,994.2408189765299,0
2025-10-15T16:30:00,994.2408189765299,994.2408189765299,0
2025-10-15T16:45:00,994.2408189765299,994.2408189765299,0
2025-10-15T17:00:00,994.2408189765299,994.2408189765299,0
2025-10-15T17:15:00,994.2408189765299,994.2408189765299,0
2025-10-15T17:30:00,994.2408189765299,994.2408189765299,0
2025-10-15T17:45:00,994.2408189765299,994.2408189765299,0
2025-10-15T18:00:00,994.2408189765299,994.2408189765299,0
2025-10-15T18:15:00,994.2408189765299,994.2408189765299,0
2025-10-15T18:30:00,994.2408189765299,994.2408189765299,0
2025-10-15T18:45:00,994.2408189765299,994.2408189765299,0
2025-10-15T19:00:00,994.2408189765299,994.2408189765299,0
2025-10-15T19:15:00,994.2408189765299,994.2408189765299,0
2025-10-15T19:30:00,994.2408189765299,994.2408189765299,0
2025-10-15T19:45:00,994.2408189765299,994.2408189765299,0
2025-10-15T20:00:00,994.2408189765299,994.2408189765299,0
2025-10-15T20:15:00,994.2408189765299,994.2408189765299,0
2025-10-15T20:30:00,994.2408189765299,994.2408189765299,0
2025-10-15T20:45:00,994.2408189765299,994.2408189765299,0
2025-10-15T21:00:00,994.2408189765299,994.2408189765299,0
2025-10-15T21:15:00,994.2408189765299,994.2408189765299,0
2025-10-15T21:30:00,994.2408189765299,994.2408189765299,0
2025-10-15T21:45:00,994.2408189765299,994.2408189765299,0
2025-10-15T22:00:00,994.2408189765299,994.2408189765299,0
2025-10-15T22:15:00,994.2408189765299,994.2408189765299,0
2025-10-15T22:30:00,994.2408189765299,994.2408189765299,0
2025-10-15T22:45:00,994.2408189765299,994.2408189765299,0
2025-10-15T23:00:00,994.2408189765299,994.2408189765299,0
2025-10-15T23:15:00,994.2408189765299,994.2408189765299,0
2025-10-15T23:30:00,994.2408189765299,994.2408189765299,0
2025-10-15T23:45:00,994.2408189765299,994.2408189765299,0
2025-10-16T00:00:00,994.2408189765299,994.2408189765299,0
2025-10-16T00:15:00,994.2408189765299,994.2408189765299,0
2025-10-16T00:30:00,994.2408189765299,994.2408189765299,0
2025-10-16T00:45:00,994.2408189765299,994.2408189765299,0
2025-10-16T01:00:00,994.2408189765299,994.2408189765299,0
2025-10-16T01:15:00,994.2408189765299,994.2408189765299,0
2025-10-16T01:30:00,994.2408189765299,994.2408189765299,0
2025-10-16T01:45:00,994.2408189765299,994.2408189765299,0
2025-10-16T02:00:00,994.2408189765299,994.2408189765299,0
2025-10-16T02:15:00,994.2408189765299,994.2408189765299,0
2025-10-16T02:30:00,994.2408189765299,994.2408189765299,0
2025-10-16T02:45:00,994.2408189765299,994.2408189765299,0
2025-10-16T03:00:00,994.2408189765299,994.2408189765299,0
2025-10-16T03:15:00,994.2408189765299,994.2408189765299,0
2025-10-16T03:30:00,994.2408189765299,994.2408189765299,0
2025-10-16T03:45:00,994.2408189765299,994.2408189765299,0
2025-10-16T04:00:00,994.2408189765299,994.2408189765299,0
2025-10-16T04:15:00,994.2408189765299,994.2408189765299,0
2025-10-16T04:30:00,994.2408189765299,994.2408189765299,0
2025-10-16T04:45:00,994.2408189765299,994.2408189765299,0
2025-10-16T05:00:00,994.2408189765299,994.2408189765299,0
2025-10-16T05:15:00,994.2408189765299,994.2408189765299,0
2025-10-16T05:30:00,994.2408189765299,994.2408189765299,0
2025-10-16T05:45:00,994.2408189765299,994.2408189765299,0
2025-10-16T06:00:00,993.4842997931293,894.6576585478407,1
2025-10-16T06:15:00,991.808292802682,991.808292802682,0
2025-10-16T06:30:00,991.808292802682,991.808292802682,0
2025-10-16T06:45:00,991.808292802682,991.808292802682,0
2025-10-16T07:00:00,991.808292802682,991.808292802682,0
2025-10-16T07:15:00,991.808292802682,991.808292802682,0
2025-10-16T07:30:00,991.808292802682,991.808292802682,0
2025-10-16T07:45:00,991.808292802682,991.808292802682,0
2025-10-16T08:00:00,991.808292802682,991.808292802682,0
2025-10-16T08:15:00,991.808292802682,991.808292802682,0
2025-10-16T08:30:00,991.0536245317359,892.4687741955654,1
2025-10-16T08:45:00,990.7878890740835,892.4687741955654,1
2025-10-16T09:00:00,990.1399722840772,892.4687741955654,1
2025-10-16T09:15:00,991.4198816419084,892.4687741955654,1
2025-10-16T09:30:00,987.9770281069259,987.9770281069259,0
2025-10-16T09:45:00,987.9770281069259,987.9770281069259,0
2025-10-16T10:00:00,987.9770281069259,987.9770281069259,0
2025-10-16T10:15:00,987.9770281069259,987.9770281069259,0
2025-10-16T10:30:00,987.9770281069259,987.9770281069259,0
2025-10-16T10:45:00,987.9770281069259,987.9770281069259,0
2025-10-16T11:00:00,987.9770281069259,987.9770281069259,0
2025-10-16T11:15:00,987.9770281069259,987.9770281069259,0
2025-10-16T11:30:00,987.9770281069259,987.9770281069259,0
2025-10-16T11:45:00,987.9770281069259,987.9770281069259,0
2025-10-16T12:00:00,987.9770281069259,987.9770281069259,0
2025-10-16T12:15:00,987.9770281069259,987.9770281069259,0
2025-10-16T12:30:00,987.9770281069259,987.9770281069259,0
2025-10-16T12:45:00,987.9770281069259,987.9770281069259,0
2025-10-16T13:00:00,987.9770281069259,987.9770281069259,0
2025-10-16T13:15:00,987.9770281069259,987.9770281069259,0
2025-10-16T13:30:00,987.9770281069259,987.9770281069259,0
2025-10-16T13:45:00,987.9770281069259,987.9770281069259,0
2025-10-16T14:00:00,987.9770281069259,987.9770281069259,0
2025-10-16T14:15:00,987.9770281069259,987.9770281069259,0
2025-10-16T14:30:00,987.9770281069259,987.9770281069259,0
2025-10-16T14:45:00,987.9770281069259,987.9770281069259,0
2025-10-16T15:00:00,987.9770281069259,987.9770281069259,0
2025-10-16T15:15:00,987.9770281069259,987.9770281069259,0
2025-10-16T15:30:00,987.9770281069259,987.9770281069259,0
2025-10-16T15:45:00,987.9770281069259,987.9770281069259,0
2025-10-16T16:00:00,987.9770281069259,987.9770281069259,0
2025-10-16T16:15:00,987.9770281069259,987.9770281069259,0
2025-10-16T16:30:00,987.9770281069259,987.9770281069259,0
2025-10-16T16:45:00,987.9770281069259,987.9770281069259,0
2025-10-16T17:00:00,987.9770281069259,987.9770281069259,0
2025-10-16T17:15:00,987.9770281069259,987.9770281069259,0
2025-10-16T17:30:00,987.9770281069259,987.9770281069259,0
2025-10-16T17:45:00,987.9770281069259,987.9770281069259,0
2025-10-16T18:00:00,987.9770281069259,987.9770281069259,0
2025-10-16T18:15:00,987.9770281069259,987.9770281069259,0
2025-10-16T18:30:00,987.9770281069259,987.9770281069259,0
2025-10-16T18:45:00,987.9770281069259,987.9770281069259,0
2025-10-16T19:00:00,987.9770281069259,987.9770281069259,0
2025-10-16T19:15:00,987.9770281069259,987.9770281069259,0
2025-10-16T19:30:00,987.9770281069259,987.9770281069259,0
2025-10-16T19:45:00,987.9770281069259,987.9770281069259,0
2025-10-16T20:00:00,987.9770281069259,987.9770281069259,0
2025-10-16T20:15:00,987.9770281069259,987.9770281069259,0
2025-10-16T20:30:00,987.9770281069259,987.9770281069259,0
2025-10-16T20:45:00,987.9770281069259,987.9770281069259,0
2025-10-16T21:00:00,987.9770281069259,987.9770281069259,0
2025-10-16T21:15:00,987.9770281069259,987.9770281069259,0
2025-10-16T21:30:00,987.9770281069259,987.9770281069259,0
2025-10-16T21:45:00,987.9770281069259,987.9770281069259,0
2025-10-16T22:00:00,987.9770281069259,987.9770281069259,0
2025-10-16T22:15:00,987.9770281069259,987.9770281069259,0
2025-10-16T22:30:00,987.9770281069259,987.9770281069259,0
2025-10-16T22:45:00,987.9770281069259,987.9770281069259,0
2025-10-16T23:00:00,987.9770281069259,987.9770281069259,0
2025-10-16T23:15:00,987.9770281069259,987.9770281069259,0
2025-10-16T23:30:00,987.9770281069259,987.9770281069259,0
2025-10-16T23:45:00,987.9770281069259,987.9770281069259,0
2025-10-17T00:00:00,987.9770281069259,987.9770281069259,0
2025-10-17T00:15:00,987.9770281069259,987.9770281069259,0
2025-10-17T00:30:00,987.9770281069259,987.9770281069259,0
2025-10-17T00:45:00,987.9770281069259,987.9770281069259,0
2025-10-17T01:00:00,987.9770281069259,987.9770281069259,0
2025-10-17T01:15:00,987.9770281069259,987.9770281069259,0
2025-10-17T01:30:00,987.9770281069259,987.9770281069259,0
2025-10-17T01:45:00,987.9770281069259,987.9770281069259,0
2025-10-17T02:00:00,987.9770281069259,987.9770281069259,0
2025-10-17T02:15:00,987.9770281069259,987.9770281069259,0
2025-10-17T02:30:00,987.9770281069259,987.9770281069259,0
2025-10-17T02:45:00,987.9770281069259,987.9770281069259,0
2025-10-17T03:00:00,987.9770281069259,987.9770281069259,0
2025-10-17T03:15:00,987.9770281069259,987.9770281069259,0
2025-10-17T03:30:00,987.9770281069259,987.9770281069259,0
2025-10-17T03:45:00,987.9770281069259,987.9770281069259,0
2025-10-17T04:00:00,987.9770281069259,987.9770281069259,0
2025-10-17T04:15:00,987.9770281069259,987.9770281069259,0
2025-10-17T04:30:00,987.9770281069259,987.9770281069259,0
2025-10-17T04:45:00,987.9770281069259,987.9770281069259,0
2025-10-17T05:00:00,987.9770281069259,987.9770281069259,0
2025-10-17T05:15:00,987.9770281069259,987.9770281069259,0
2025-10-17T05:30:00,987.9770281069259,987.9770281069259,0
2025-10-17T05:45:00,987.9770281069259,987.9770281069259,0
2025-10-17T06:00:00,987.2252750504667,889.0212489717362,1
2025-10-17T06:15:00,990.1836974015025,889.0212489717362,1
2025-10-17T06:30:00,994.0503716693742,889.0212489717362,1
2025-10-17T06:45:00,994.9494801105371,889.0212489717362,1
2025-10-17T07:00:00,999.0843629981456,889.0212489717362,1
2025-10-17T07:15:00,998.4920689628935,889.0212489717362,1
2025-10-17T07:30:00,999.2489455602567,889.0212489717362,1
2025-10-17T07:45:00,1001.3722637998395,889.0212489717362,1
2025-10-17T08:00:00,1002.7630880438533,889.0212489717362,1
2025-10-17T08:15:00,1003.9202456873387,889.0212489717362,1
2025-10-17T08:30:00,1004.8996135260745,889.0212489717362,1
2025-10-17T08:45:00,1006.2172899647054,889.0212489717362,1
2025-10-17T09:00:00,1003.4996458063879,889.0212489717362,1
2025-10-17T09:15:00,1002.6472706853306,889.0212489717362,1
2025-10-17T09:30:00,1002.5040228997893,889.0212489717362,1
2025-10-17T09:45:00,1004.6364846150449,889.0212489717362,1
2025-10-17T10:00:00,1005.1901728641226,889.0212489717362,1
2025-10-17T10:15:00,1008.4655690384836,889.0212489717362,1
2025-10-17T10:30:00,1007.3439693559482,889.0212489717362,1
2025-10-17T10:45:00,1004.5348904409021,889.0212489717362,1
2025-10-17T11:00:00,998.9332995163012,998.9332995163012,0
2025-10-17T11:15:00,998.9332995163012,998.9332995163012,0
2025-10-17T11:30:00,998.9332995163012,998.9332995163012,0
2025-10-17T11:45:00,998.9332995163012,998.9332995163012,0
2025-10-17T12:00:00,998.9332995163012,998.9332995163012,0
2025-10-17T12:15:00,998.9332995163012,998.9332995163012,0
2025-10-17T12:30:00,998.9332995163012,998.9332995163012,0
2025-10-17T12:45:00,998.9332995163012,998.9332995163012,0
2025-10-17T13:00:00,998.9332995163012,998.9332995163012,0
2025-10-17T13:15:00,998.9332995163012,998.9332995163012,0
2025-10-17T13:30:00,998.9332995163012,998.9332995163012,0
2025-10-17T13:45:00,998.9332995163012,998.9332995163012,0
2025-10-17T14:00:00,998.9332995163012,998.9332995163012,0
2025-10-17T14:15:00,998.9332995163012,998.9332995163012,0
2025-10-17T14:30:00,998.9332995163012,998.9332995163012,0
2025-10-17T14:45:00,998.9332995163012,998.9332995163012,0
2025-10-17T15:00:00,998.9332995163012,998.9332995163012,0
2025-10-17T15:15:00,998.9332995163012,998.9332995163012,0
2025-10-17T15:30:00,998.9332995163012,998.9332995163012,0
2025-10-17T15:45:00,998.9332995163012,998.9332995163012,0
2025-10-17T16:00:00,998.9332995163012,998.9332995163012,0
2025-10-17T16:15:00,998.9332995163012,998.9332995163012,0
2025-10-17T16:30:00,998.9332995163012,998.9332995163012,0
2025-10-17T16:45:00,998.9332995163012,998.9332995163012,0
2025-10-17T17:00:00,998.9332995163012,998.9332995163012,0
2025-10-17T17:15:00,998.9332995163012,998.9332995163012,0
2025-10-17T17:30:00,998.9332995163012,998.9332995163012,0
2025-10-17T17:45:00,998.9332995163012,998.9332995163012,0
2025-10-17T18:00:00,998.9332995163012,998.9332995163012,0
2025-10-17T18:15:00,998.9332995163012,998.9332995163012,0
2025-10-17T18:30:00,998.9332995163012,998.9332995163012,0
2025-10-17T18:45:00,998.9332995163012,998.9332995163012,0
2025-10-17T19:00:00,998.9332995163012,998.9332995163012,0
2025-10-17T19:15:00,998.9332995163012,998.9332995163012,0
2025-10-17T19:30:00,998.9332995163012,998.9332995163012,0
2025-10-17T19:45:00,998.9332995163012,998.9332995163012,0
2025-10-17T20:00:00,998.9332995163012,998.9332995163012,0
2025-10-17T20:15:00,998.9332995163012,998.9332995163012,0
2025-10-17T20:30:00,998.9332995163012,998.9332995163012,0
2025-10-17T20:45:00,998.9332995163012,998.9332995163012,0
2025-10-17T21:00:00,998.9332995163012,998.9332995163012,0
2025-10-17T21:15:00,998.9332995163012,998.9332995163012,0
2025-10-17T21:30:00,998.9332995163012,998.9332995163012,0
2025-10-17T21:45:00,998.9332995163012,998.9332995163012,0
2025-10-17T22:00:00,998.9332995163012,998.9332995163012,0
2025-10-17T22:15:00,998.9332995163012,998.9332995163012,0
2025-10-17T22:30:00,998.9332995163012,998.9332995163012,0
2025-10-17T22:45:00,998.9332995163012,998.9332995163012,0
2025-10-17T23:00:00,998.9332995163012,998.9332995163012,0
2025-10-17T23:15:00,998.9332995163012,998.9332995163012,0
2025-10-17T23:30:00,998.9332995163012,998.9332995163012,0
2025-10-17T23:45:00,998.9332995163012,998.9332995163012,0
2025-10-18T00:00:00,998.9332995163012,998.9332995163012,0
2025-10-18T00:15:00,998.9332995163012,998.9332995163012,0
2025-10-18T00:30:00,998.9332995163012,998.9332995163012,0
2025-10-18T00:45:00,998.9332995163012,998.9332995163012,0
2025-10-18T01:00:00,998.9332995163012,998.9332995163012,0
2025-10-18T01:15:00,998.9332995163012,998.9332995163012,0
2025-10-18T01:30:00,998.9332995163012,998.9332995163012,0
2025-10-18T01:45:00,998.9332995163012,998.9332995163012,0
2025-10-18T02:00:00,998.9332995163012,998.9332995163012,0
2025-10-18T02:15:00,998.9332995163012,998.9332995163012,0
2025-10-18T02:30:00,998.9332995163012,998.9332995163012,0
2025-10-18T02:45:00,998.9332995163012,998.9332995163012,0
2025-10-18T03:00:00,998.9332995163012,998.9332995163012,0
2025-10-18T03:15:00,998.9332995163012,998.9332995163012,0
2025-10-18T03:30:00,998.9332995163012,998.9332995163012,0
2025-10-18T03:45:00,998.9332995163012,998.9332995163012,0
2025-10-18T04:00:00,998.9332995163012,998.9332995163012,0
2025-10-18T04:15:00,998.9332995163012,998.9332995163012,0
2025-10-18T04:30:00,998.9332995163012,998.9332995163012,0
2025-10-18T04:45:00,998.9332995163012,998.9332995163012,0
2025-10-18T05:00:00,998.9332995163012,998.9332995163012,0
2025-10-18T05:15:00,998.9332995163012,998.9332995163012,0
2025-10-18T05:30:00,998.9332995163012,998.9332995163012,0
2025-10-18T05:45:00,998.9332995163012,998.9332995163012,0
2025-10-18T06:00:00,998.9332995163012,998.9332995163012,0
