timestamp,equity,cash,open_positions
2025-12-17T06:00:00,1000.0,1000.0,0
2025-12-17T06:15:00,1000.0,1000.0,0
2025-12-17T06:30:00,1000.0,1000.0,0
2025-12-17T06:45:00,1000.0,1000.0,0
2025-12-17T07:00:00,1000.0,1000.0,0
2025-12-17T07:15:00,1000.0,1000.0,0
2025-12-17T07:30:00,1000.0,1000.0,0
2025-12-17T07:45:00,1000.0,1000.0,0
2025-12-17T08:00:00,1000.0,1000.0,0
2025-12-17T08:15:00,1000.0,1000.0,0
2025-12-17T08:30:00,1000.0,1000.0,0
2025-12-17T08:45:00,1000.0,1000.0,0
2025-12-17T09:00:00,1000.0,1000.0,0
2025-12-17T09:15:00,1000.0,1000.0,0
2025-12-17T09:30:00,1000.0,1000.0,0
2025-12-17T09:45:00,1000.0,1000.0,0
2025-12-17T10:00:00,1000.0,1000.0,0
2025-12-17T10:15:00,1000.0,1000.0,0
2025-12-17T10:30:00,1000.0,1000.0,0
2025-12-17T10:45:00,1000.0,1000.0,0
2025-12-17T11:00:00,1000.0,1000.0,0
2025-12-17T11:15:00,1000.0,1000.0,0
2025-12-17T11:30:00,1000.0,1000.0,0
2025-12-17T11:45:00,1000.0,1000.0,0
2025-12-17T12:00:00,1000.0,1000.0,0
2025-12-17T12:15:00,1000.0,1000.0,0
2025-12-17T12:30:00,1000.0,1000.0,0
2025-12-17T12:45:00,1000.0,1000.0,0
2025-12-17T13:00:00,1000.0,1000.0,0
2025-12-17T13:15:00,1000.0,1000.0,0
2025-12-17T13:30:00,1000.0,1000.0,0
2025-12-17T13:45:00,1000.0,1000.0,0
2025-12-17T14:00:00,1000.0,1000.0,0
2025-12-17T14:15:00,1000.0,1000.0,0
2025-12-17T14:30:00,1000.0,1000.0,0
2025-12-17T14:45:00,1000.0,1000.0,0
2025-12-17T15:00:00,1000.0,1000.0,0
2025-12-17T15:15:00,1000.0,1000.0,0
2025-12-17T15:30:00,1000.0,1000.0,0
2025-12-17T15:45:00,1000.0,1000.0,0
2025-12-17T16:00:00,1000.0,1000.0,0
2025-12-17T16:15:00,1000.0,1000.0,0
2025-12-17T16:30:00,1000.0,1000.0,0
2025-12-17T16:45:00,1000.0,1000.0,0
2025-12-17T17:00:00,1000.0,1000.0,0
2025-12-17T17:15:00,1000.0,1000.0,0
2025-12-17T17:30:00,1000.0,1000.0,0
2025-12-17T17:45:00,1000.0,1000.0,0
2025-12-17T18:00:00,1000.0,1000.0,0
2025-12-17T18:15:00,1000.0,1000.0,0
2025-12-17T18:30:00,1000.0,1000.0,0
2025-12-17T18:45:00,1000.0,1000.0,0
2025-12-17T19:00:00,1000.0,1000.0,0
2025-12-17T19:15:00,1000.0,1000.0,0
2025-12-17T19:30:00,1000.0,1000.0,0
2025-12-17T19:45:00,1000.0,1000.0,0
2025-12-17T20:00:00,1000.0,1000.0,0
2025-12-17T20:15:00,1000.0,1000.0,0
2025-12-17T20:30:00,1000.0,1000.0,0
2025-12-17T20:45:00,1000.0,1000.0,0
2025-12-17T21:00:00,1000.0,1000.0,0
2025-12-17T21:15:00,1000.0,1000.0,0
2025-12-17T21:30:00,1000.0,1000.0,0
2025-12-17T21:45:00,1000.0,1000.0,0
2025-12-17T22:00:00,1000.0,1000.0,0
2025-12-17T22:15:00,1000.0,1000.0,0
2025-12-17T22:30:00,1000.0,1000.0,0
2025-12-17T22:45:00,1000.0,1000.0,0
2025-12-17T23:00:00,1000.0,1000.0,0
2025-12-17T23:15:00,1000.0,1000.0,0
2025-12-17T23:30:00,1000.0,1000.0,0
2025-12-17T23:45:00,1000.0,1000.0,0
2025-12-18T00:00:00,1000.0,1000.0,0
2025-12-18T00:15:00,1000.0,1000.0,0
2025-12-18T00:30:00,1000.0,1000.0,0
2025-12-18T00:45:00,1000.0,1000.0,0
2025-12-18T01:00:00,1000.0,1000.0,0
2025-12-18T01:15:00,1000.0,1000.0,0
2025-12-18T01:30:00,1000.0,1000.0,0
2025-12-18T01:45:00,1000.0,1000.0,0
2025-12-18T02:00:00,1000.0,1000.0,0
2025-12-18T02:15:00,1000.0,1000.0,0
2025-12-18T02:30:00,1000.0,1000.0,0
2025-12-18T02:45:00,1000.0,1000.0,0
2025-12-18T03:00:00,1000.0,1000.0,0
2025-12-18T03:15:00,1000.0,1000.0,0
2025-12-18T03:30:00,1000.0,1000.0,0
2025-12-18T03:45:00,1000.0,1000.0,0
2025-12-18T04:00:00,1000.0,1000.0,0
2025-12-18T04:15:00,1000.0,1000.0,0
2025-12-18T04:30:00,1000.0,1000.0,0
2025-12-18T04:45:00,1000.0,1000.0,0
2025-12-18T05:00:00,1000.0,1000.0,0
2025-12-18T05:15:00,1000.0,1000.0,0
2025-12-18T05:30:00,1000.0,1000.0,0
2025-12-18T05:45:00,1000.0,1000.0,0
2025-12-18T06:00:00,1000.0,1000.0,0
2025-12-18T06:15:00,1000.0,1000.0,0
2025-12-18T06:30:00,1000.0,1000.0,0
2025-12-18T06:45:00,1000.0,1000.0,0
2025-12-18T07:00:00,1000.0,1000.0,0
2025-12-18T07:15:00,1000.0,1000.0,0
2025-12-18T07:30:00,1000.0,1000.0,0
2025-12-18T07:45:00,1000.0,1000.0,0
2025-12-18T08:00:00,1000.0,1000.0,0
2025-12-18T08:15:00,1000.0,1000.0,0
2025-12-18T08:30:00,1000.0,1000.0,0
2025-12-18T08:45:00,1000.0,1000.0,0
2025-12-18T09:00:00,1000.0,1000.0,0
2025-12-18T09:15:00,1000.0,1000.0,0
2025-12-18T09:30:00,1000.0,1000.0,0
2025-12-18T09:45:00,1000.0,1000.0,0
2025-12-18T10:00:00,1000.0,1000.0,0
2025-12-18T10:15:00,1000.0,1000.0,0
2025-12-18T10:30:00,1000.0,1000.0,0
2025-12-18T10:45:00,1000.0,1000.0,0
2025-12-18T11:00:00,1000.0,1000.0,0
2025-12-18T11:15:00,1000.0,1000.0,0
2025-12-18T11:30:00,1000.0,1000.0,0
2025-12-18T11:45:00,1000.0,1000.0,0
2025-12-18T12:00:00,1000.0,1000.0,0
2025-12-18T12:15:00,1000.0,1000.0,0
2025-12-18T12:30:00,1000.0,1000.0,0
2025-12-18T12:45:00,1000.0,1000.0,0
2025-12-18T13:00:00,1000.0,1000.0,0
2025-12-18T13:15:00,1000.0,1000.0,0
2025-12-18T13:30:00,1000.0,1000.0,0
2025-12-18T13:45:00,1000.0,1000.0,0
2025-12-18T14:00:00,1000.0,1000.0,0
2025-12-18T14:15:00,1000.0,1000.0,0
2025-12-18T14:30:00,1000.0,1000.0,0
2025-12-18T14:45:00,1000.0,1000.0,0
2025-12-18T15:00:00,1000.0,1000.0,0
2025-12-18T15:15:00,1000.0,1000.0,0
2025-12-18T15:30:00,1000.0,1000.0,0
2025-12-18T15:45:00,1000.0,1000.0,0
2025-12-18T16:00:00,1000.0,1000.0,0
2025-12-18T16:15:00,1000.0,1000.0,0
2025-12-18T16:30:00,1000.0,1000.0,0
2025-12-18T16:45:00,1000.0,1000.0,0
2025-12-18T17:00:00,1000.0,1000.0,0
2025-12-18T17:15:00,1000.0,1000.0,0
2025-12-18T17:30:00,1000.0,1000.0,0
2025-12-18T17:45:00,1000.0,1000.0,0
2025-12-18T18:00:00,1000.0,1000.0,0
2025-12-18T18:15:00,1000.0,1000.0,0
2025-12-18T18:30:00,1000.0,1000.0,0
2025-12-18T18:45:00,1000.0,1000.0,0
2025-12-18T19:00:00,1000.0,1000.0,0
2025-12-18T19:15:00,1000.0,1000.0,0
2025-12-18T19:30:00,1000.0,1000.0,0
2025-12-18T19:45:00,1000.0,1000.0,0
2025-12-18T20:00:00,1000.0,1000.0,0
2025-12-18T20:15:00,1000.0,1000.0,0
2025-12-18T20:30:00,1000.0,1000.0,0
2025-12-18T20:45:00,1000.0,1000.0,0
2025-12-18T21:00:00,1000.0,1000.0,0
2025-12-18T21:15:00,1000.0,1000.0,0
2025-12-18T21:30:00,1000.0,1000.0,0
2025-12-18T21:45:00,1000.0,1000.0,0
2025-12-18T22:00:00,1000.0,1000.0,0
2025-12-18T22:15:00,1000.0,1000.0,0
2025-12-18T22:30:00,1000.0,1000.0,0
2025-12-18T22:45:00,1000.0,1000.0,0
2025-12-18T23:00:00,1000.0,1000.0,0
2025-12-18T23:15:00,1000.0,1000.0,0
2025-12-18T23:30:00,1000.0,1000.0,0
2025-12-18T23:45:00,1000.0,1000.0,0
2025-12-19T00:00:00,1000.0,1000.0,0
2025-12-19T00:15:00,1000.0,1000.0,0
2025-12-19T00:30:00,1000.0,1000.0,0
2025-12-19T00:45:00,1000.0,1000.0,0
2025-12-19T01:00:00,1000.0,1000.0,0
2025-12-19T01:15:00,1000.0,1000.0,0
2025-12-19T01:30:00,1000.0,1000.0,0
2025-12-19T01:45:00,1000.0,1000.0,0
2025-12-19T02:00:00,1000.0,1000.0,0
2025-12-19T02:15:00,1000.0,1000.0,0
2025-12-19T02:30:00,1000.0,1000.0,0
2025-12-19T02:45:00,1000.0,1000.0,0
2025-12-19T03:00:00,1000.0,1000.0,0
2025-12-19T03:15:00,1000.0,1000.0,0
2025-12-19T03:30:00,1000.0,1000.0,0
2025-12-19T03:45:00,1000.0,1000.0,0
2025-12-19T04:00:00,1000.0,1000.0,0
2025-12-19T04:15:00,1000.0,1000.0,0
2025-12-19T04:30:00,1000.0,1000.0,0
2025-12-19T04:45:00,1000.0,1000.0,0
2025-12-19T05:00:00,1000.0,1000.0,0
2025-12-19T05:15:00,1000.0,1000.0,0
2025-12-19T05:30:00,1000.0,1000.0,0
2025-12-19T05:45:00,1000.0,1000.0,0
2025-12-19T06:00:00,1000.0,1000.0,0
2025-12-19T06:15:00,1000.0,1000.0,0
2025-12-19T06:30:00,1000.0,1000.0,0
2025-12-19T06:45:00,1000.0,1000.0,0
2025-12-19T07:00:00,1000.0,1000.0,0
2025-12-19T07:15:00,1000.0,1000.0,0
2025-12-19T07:30:00,1000.0,1000.0,0
2025-12-19T07:45:00,1000.0,1000.0,0
2025-12-19T08:00:00,1000.0,1000.0,0
2025-12-19T08:15:00,1000.0,1000.0,0
2025-12-19T08:30:00,1000.0,1000.0,0
2025-12-19T08:45:00,1000.0,1000.0,0
2025-12-19T09:00:00,1000.0,1000.0,0
2025-12-19T09:15:00,1000.0,1000.0,0
2025-12-19T09:30:00,1000.0,1000.0,0
2025-12-19T09:45:00,1000.0,1000.0,0
2025-12-19T10:00:00,1000.0,1000.0,0
2025-12-19T10:15:00,1000.0,1000.0,0
2025-12-19T10:30:00,1000.0,1000.0,0
2025-12-19T10:45:00,1000.0,1000.0,0
2025-12-19T11:00:00,1000.0,1000.0,0
2025-12-19T11:15:00,1000.0,1000.0,0
2025-12-19T11:30:00,1000.0,1000.0,0
2025-12-19T11:45:00,1000.0,1000.0,0
2025-12-19T12:00:00,1000.0,1000.0,0
2025-12-19T12:15:00,1000.0,1000.0,0
2025-12-19T12:30:00,1000.0,1000.0,0
2025-12-19T12:45:00,1000.0,1000.0,0
2025-12-19T13:00:00,1000.0,1000.0,0
2025-12-19T13:15:00,1000.0,1000.0,0
2025-12-19T13:30:00,1000.0,1000.0,0
2025-12-19T13:45:00,1000.0,1000.0,0
2025-12-19T14:00:00,1000.0,1000.0,0
2025-12-19T14:15:00,1000.0,1000.0,0
2025-12-19T14:30:00,1000.0,1000.0,0
2025-12-19T14:45:00,1000.0,1000.0,0
2025-12-19T15:00:00,1000.0,1000.0,0
2025-12-19T15:15:00,1000.0,1000.0,0
2025-12-19T15:30:00,1000.0,1000.0,0
2025-12-19T15:45:00,1000.0,1000.0,0
2025-12-19T16:00:00,1000.0,1000.0,0
2025-12-19T16:15:00,1000.0,1000.0,0
2025-12-19T16:30:00,1000.0,1000.0,0
2025-12-19T16:45:00,1000.0,1000.0,0
2025-12-19T17:00:00,1000.0,1000.0,0
2025-12-19T17:15:00,1000.0,1000.0,0
2025-12-19T17:30:00,1000.0,1000.0,0
2025-12-19T17:45:00,1000.0,1000.0,0
2025-12-19T18:00:00,1000.0,1000.0,0
2025-12-19T18:15:00,1000.0,1000.0,0
2025-12-19T18:30:00,1000.0,1000.0,0
2025-12-19T18:45:00,1000.0,1000.0,0
2025-12-19T19:00:00,1000.0,1000.0,0
2025-12-19T19:15:00,1000.0,1000.0,0
2025-12-19T19:30:00,1000.0,1000.0,0
2025-12-19T19:45:00,1000.0,1000.0,0
2025-12-19T20:00:00,1000.0,1000.0,0
2025-12-19T20:15:00,1000.0,1000.0,0
2025-12-19T20:30:00,1000.0,1000.0,0
2025-12-19T20:45:00,1000.0,1000.0,0
2025-12-19T21:00:00,1000.0,1000.0,0
2025-12-19T21:15:00,1000.0,1000.0,0
2025-12-19T21:30:00,1000.0,1000.0,0
2025-12-19T21:45:00,1000.0,1000.0,0
2025-12-19T22:00:00,1000.0,1000.0,0
2025-12-19T22:15:00,1000.0,1000.0,0
2025-12-19T22:30:00,1000.0,1000.0,0
2025-12-19T22:45:00,1000.0,1000.0,0
2025-12-19T23:00:00,1000.0,1000.0,0
2025-12-19T23:15:00,1000.0,1000.0,0
2025-12-19T23:30:00,1000.0,1000.0,0
2025-12-19T23:45:00,1000.0,1000.0,0
2025-12-20T00:00:00,1000.0,1000.0,0
2025-12-20T00:15:00,1000.0,1000.0,0
2025-12-20T00:30:00,1000.0,1000.0,0
2025-12-20T00:45:00,1000.0,1000.0,0
2025-12-20T01:00:00,1000.0,1000.0,0
2025-12-20T01:15:00,1000.0,1000.0,0
2025-12-20T01:30:00,1000.0,1000.0,0
2025-12-20T01:45:00,1000.0,1000.0,0
2025-12-20T02:00:00,1000.0,1000.0,0
2025-12-20T02:15:00,1000.0,1000.0,0
2025-12-20T02:30:00,1000.0,1000.0,0
2025-12-20T02:45:00,1000.0,1000.0,0
2025-12-20T03:00:00,1000.0,1000.0,0
2025-12-20T03:15:00,1000.0,1000.0,0
2025-12-20T03:30:00,1000.0,1000.0,0
2025-12-20T03:45:00,1000.0,1000.0,0
2025-12-20T04:00:00,1000.0,1000.0,0
2025-12-20T04:15:00,1000.0,1000.0,0
2025-12-20T04:30:00,1000.0,1000.0,0
2025-12-20T04:45:00,1000.0,1000.0,0
2025-12-20T05:00:00,1000.0,1000.0,0
2025-12-20T05:15:00,1000.0,1000.0,0
2025-12-20T05:30:00,1000.0,1000.0,0
2025-12-20T05:45:00,1000.0,1000.0,0
2025-12-20T06:00:00,1000.0,1000.0,0
2025-12-20T06:15:00,1000.0,1000.0,0
2025-12-20T06:30:00,1000.0,1000.0,0
2025-12-20T06:45:00,1000.0,1000.0,0
2025-12-20T07:00:00,1000.0,1000.0,0
2025-12-20T07:15:00,1000.0,1000.0,0
2025-12-20T07:30:00,1000.0,1000.0,0
2025-12-20T07:45:00,1000.0,1000.0,0
2025-12-20T08:00:00,1000.0,1000.0,0
2025-12-20T08:15:00,1000.0,1000.0,0
2025-12-20T08:30:00,1000.0,1000.0,0
2025-12-20T08:45:00,1000.0,1000.0,0
2025-12-20T09:00:00,1000.0,1000.0,0
2025-12-20T09:15:00,1000.0,1000.0,0
2025-12-20T09:30:00,1000.0,1000.0,0
2025-12-20T09:45:00,1000.0,1000.0,0
2025-12-20T10:00:00,1000.0,1000.0,0
2025-12-20T10:15:00,1000.0,1000.0,0
2025-12-20T10:30:00,1000.0,1000.0,0
2025-12-20T10:45:00,1000.0,1000.0,0
2025-12-20T11:00:00,1000.0,1000.0,0
2025-12-20T11:15:00,1000.0,1000.0,0
2025-12-20T11:30:00,1000.0,1000.0,0
2025-12-20T11:45:00,1000.0,1000.0,0
2025-12-20T12:00:00,1000.0,1000.0,0
2025-12-20T12:15:00,1000.0,1000.0,0
2025-12-20T12:30:00,1000.0,1000.0,0
2025-12-20T12:45:00,1000.0,1000.0,0
2025-12-20T13:00:00,1000.0,1000.0,0
2025-12-20T13:15:00,1000.0,1000.0,0
2025-12-20T13:30:00,1000.0,1000.0,0
2025-12-20T13:45:00,1000.0,1000.0,0
2025-12-20T14:00:00,1000.0,1000.0,0
2025-12-20T14:15:00,1000.0,1000.0,0
2025-12-20T14:30:00,1000.0,1000.0,0
2025-12-20T14:45:00,1000.0,1000.0,0
2025-12-20T15:00:00,1000.0,1000.0,0
2025-12-20T15:15:00,1000.0,1000.0,0
2025-12-20T15:30:00,1000.0,1000.0,0
2025-12-20T15:45:00,1000.0,1000.0,0
2025-12-20T16:00:00,1000.0,1000.0,0
2025-12-20T16:15:00,1000.0,1000.0,0
2025-12-20T16:30:00,1000.0,1000.0,0
2025-12-20T16:45:00,1000.0,1000.0,0
2025-12-20T17:00:00,1000.0,1000.0,0
2025-12-20T17:15:00,1000.0,1000.0,0
2025-12-20T17:30:00,1000.0,1000.0,0
2025-12-20T17:45:00,1000.0,1000.0,0
2025-12-20T18:00:00,1000.0,1000.0,0
2025-12-20T18:15:00,1000.0,1000.0,0
2025-12-20T18:30:00,1000.0,1000.0,0
2025-12-20T18:45:00,1000.0,1000.0,0
2025-12-20T19:00:00,1000.0,1000.0,0
2025-12-20T19:15:00,1000.0,1000.0,0
2025-12-20T19:30:00,1000.0,1000.0,0
2025-12-20T19:45:00,1000.0,1000.0,0
2025-12-20T20:00:00,1000.0,1000.0,0
2025-12-20T20:15:00,1000.0,1000.0,0
2025-12-20T20:30:00,999.240898652022,899.84,1
2025-12-20T20:45:00,999.5073801742903,899.84,1
2025-12-20T21:00:00,999.3761480678467,899.84,1
2025-12-20T21:15:00,999.2248294144983,899.84,1
2025-12-20T21:30:00,999.2502723739109,899.84,1
2025-12-20T21:45:00,998.4258683228427,998.4258683228427,0
2025-12-20T22:00:00,998.4258683228427,998.4258683228427,0
2025-12-20T22:15:00,998.4258683228427,998.4258683228427,0
2025-12-20T22:30:00,998.4258683228427,998.4258683228427,0
2025-12-20T22:45:00,998.4258683228427,998.4258683228427,0
2025-12-20T23:00:00,998.4258683228427,998.4258683228427,0
2025-12-20T23:15:00,998.4258683228427,998.4258683228427,0
2025-12-20T23:30:00,998.4258683228427,998.4258683228427,0
2025-12-20T23:45:00,998.4258683228427,998.4258683228427,0
2025-12-21T00:00:00,998.4258683228427,998.4258683228427,0
2025-12-21T00:15:00,998.4258683228427,998.4258683228427,0
2025-12-21T00:30:00,998.4258683228427,998.4258683228427,0
2025-12-21T00:45:00,998.4258683228427,998.4258683228427,0
2025-12-21T01:00:00,998.4258683228427,998.4258683228427,0
2025-12-21T01:15:00,998.4258683228427,998.4258683228427,0
2025-12-21T01:30:00,998.4258683228427,998.4258683228427,0
2025-12-21T01:45:00,998.4258683228427,998.4258683228427,0
2025-12-21T02:00:00,998.4258683228427,998.4258683228427,0
2025-12-21T02:15:00,998.4258683228427,998.4258683228427,0
2025-12-21T02:30:00,998.4258683228427,998.4258683228427,0
2025-12-21T02:45:00,998.4258683228427,998.4258683228427,0
2025-12-21T03:00:00,998.4258683228427,998.4258683228427,0
2025-12-21T03:15:00,998.4258683228427,998.4258683228427,0
2025-12-21T03:30:00,998.4258683228427,998.4258683228427,0
2025-12-21T03:45:00,998.4258683228427,998.4258683228427,0
2025-12-21T04:00:00,998.4258683228427,998.4258683228427,0
2025-12-21T04:15:00,998.4258683228427,998.4258683228427,0
2025-12-21T04:30:00,998.4258683228427,998.4258683228427,0
2025-12-21T04:45:00,998.4258683228427,998.4258683228427,0
2025-12-21T05:00:00,998.4258683228427,998.4258683228427,0
2025-12-21T05:15:00,998.4258683228427,998.4258683228427,0
2025-12-21T05:30:00,998.4258683228427,998.4258683228427,0
2025-12-21T05:45:00,998.4258683228427,998.4258683228427,0
2025-12-21T06:00:00,998.4258683228427,998.4258683228427,0
2025-12-21T06:15:00,998.4258683228427,998.4258683228427,0
2025-12-21T06:30:00,998.4258683228427,998.4258683228427,0
2025-12-21T06:45:00,998.4258683228427,998.4258683228427,0
2025-12-21T07:00:00,998.4258683228427,998.4258683228427,0
2025-12-21T07:15:00,998.4258683228427,998.4258683228427,0
2025-12-21T07:30:00,998.4258683228427,998.4258683228427,0
2025-12-21T07:45:00,998.4258683228427,998.4258683228427,0
2025-12-21T08:00:00,998.4258683228427,998.4258683228427,0
2025-12-21T08:15:00,998.4258683228427,998.4258683228427,0
2025-12-21T08:30:00,998.4258683228427,998.4258683228427,0
2025-12-21T08:45:00,998.4258683228427,998.4258683228427,0
2025-12-21T09:00:00,997.6679619003426,898.4235333516267,1
2025-12-21T09:15:00,997.8678737630644,898.4235333516267,1
2025-12-21T09:30:00,998.494264266259,898.4235333516267,1
2025-12-21T09:45:00,999.2525965988502,898.4235333516267,1
2025-12-21T10:00:00,999.0606812106373,898.4235333516267,1
2025-12-21T10:15:00,998.9847147028031,898.4235333516267,1
2025-12-21T10:30:00,998.563567045336,898.4235333516267,1
2025-12-21T10:45:00,998.2903541662829,898.4235333516267,1
2025-12-21T11:00:00,998.0344669819991,898.4235333516267,1
2025-12-21T11:15:00,998.496929757762,898.4235333516267,1
2025-12-21T11:30:00,997.9362106658441,997.9362106658441,0
2025-12-21T11:45:00,997.9362106658441,997.9362106658441,0
2025-12-21T12:00:00,997.9362106658441,997.9362106658441,0
2025-12-21T12:15:00,997.9362106658441,997.9362106658441,0
2025-12-21T12:30:00,997.9362106658441,997.9362106658441,0
2025-12-21T12:45:00,997.9362106658441,997.9362106658441,0
2025-12-21T13:00:00,997.9362106658441,997.9362106658441,0
2025-12-21T13:15:00,997.9362106658441,997.9362106658441,0
2025-12-21T13:30:00,997.9362106658441,997.9362106658441,0
2025-12-21T13:45:00,997.9362106658441,997.9362106658441,0
2025-12-21T14:00:00,997.9362106658441,997.9362106658441,0
2025-12-21T14:15:00,997.9362106658441,997.9362106658441,0
2025-12-21T14:30:00,997.9362106658441,997.9362106658441,0
2025-12-21T14:45:00,997.9362106658441,997.9362106658441,0
2025-12-21T15:00:00,997.9362106658441,997.9362106658441,0
2025-12-21T15:15:00,997.9362106658441,997.9362106658441,0
2025-12-21T15:30:00,997.9362106658441,997.9362106658441,0
2025-12-21T15:45:00,997.9362106658441,997.9362106658441,0
2025-12-21T16:00:00,997.9362106658441,997.9362106658441,0
2025-12-21T16:15:00,997.9362106658441,997.9362106658441,0
2025-12-21T16:30:00,997.9362106658441,997.9362106658441,0
2025-12-21T16:45:00,997.9362106658441,997.9362106658441,0
2025-12-21T17:00:00,997.9362106658441,997.9362106658441,0
2025-12-21T17:15:00,997.9362106658441,997.9362106658441,0
2025-12-21T17:30:00,997.9362106658441,997.9362106658441,0
2025-12-21T17:45:00,997.9362106658441,997.9362106658441,0
2025-12-21T18:00:00,997.9362106658441,997.9362106658441,0
2025-12-21T18:15:00,997.9362106658441,997.9362106658441,0
2025-12-21T18:30:00,997.9362106658441,997.9362106658441,0
2025-12-21T18:45:00,997.9362106658441,997.9362106658441,0
2025-12-21T19:00:00,997.9362106658441,997.9362106658441,0
2025-12-21T19:15:00,997.9362106658441,997.9362106658441,0
2025-12-21T19:30:00,997.9362106658441,997.9362106658441,0
2025-12-21T19:45:00,997.9362106658441,997.9362106658441,0
2025-12-21T20:00:00,997.9362106658441,997.9362106658441,0
2025-12-21T20:15:00,997.9362106658441,997.9362106658441,0
2025-12-21T20:30:00,997.9362106658441,997.9362106658441,0
2025-12-21T20:45:00,997.9362106658441,997.9362106658441,0
2025-12-21T21:00:00,997.9362106658441,997.9362106658441,0
2025-12-21T21:15:00,997.9362106658441,997.9362106658441,0
2025-12-21T21:30:00,997.9362106658441,997.9362106658441,0
2025-12-21T21:45:00,997.9362106658441,997.9362106658441,0
2025-12-21T22:00:00,997.9362106658441,997.9362106658441,0
2025-12-21T22:15:00,997.9362106658441,997.9362106658441,0
2025-12-21T22:30:00,997.9362106658441,997.9362106658441,0
2025-12-21T22:45:00,997.9362106658441,997.9362106658441,0
2025-12-21T23:00:00,997.9362106658441,997.9362106658441,0
2025-12-21T23:15:00,997.9362106658441,997.9362106658441,0
2025-12-21T23:30:00,997.9362106658441,997.9362106658441,0
2025-12-21T23:45:00,997.9362106658441,997.9362106658441,0
2025-12-22T00:00:00,997.1786759431316,897.9829198055531,1
2025-12-22T00:15:00,995.1030832248855,897.9829198055531,1
2025-12-22T00:30:00,995.5375704773809,897.9829198055531,1
2025-12-22T00:45:00,994.1411912652949,897.9829198055531,1
2025-12-22T01:00:00,995.139726728108,897.9829198055531,1
2025-12-22T01:15:00,995.791457606851,897.9829198055531,1
2025-12-22T01:30:00,996.6224799120757,897.9829198055531,1
2025-12-22T01:45:00,993.6687518130334,897.9829198055531,1
2025-12-22T02:00:00,990.1146351783267,990.1146351783267,0
2025-12-22T02:15:00,990.1146351783267,990.1146351783267,0
2025-12-22T02:30:00,990.1146351783267,990.1146351783267,0
2025-12-22T02:45:00,990.1146351783267,990.1146351783267,0
2025-12-22T03:00:00,990.1146351783267,990.1146351783267,0
2025-12-22T03:15:00,990.1146351783267,990.1146351783267,0
2025-12-22T03:30:00,990.1146351783267,990.1146351783267,0
2025-12-22T03:45:00,990.1146351783267,990.1146351783267,0
2025-12-22T04:00:00,990.1146351783267,990.1146351783267,0
2025-12-22T04:15:00,990.1146351783267,990.1146351783267,0
2025-12-22T04:30:00,990.1146351783267,990.1146351783267,0
2025-12-22T04:45:00,990.1146351783267,990.1146351783267,0
2025-12-22T05:00:00,990.1146351783267,990.1146351783267,0
2025-12-22T05:15:00,990.1146351783267,990.1146351783267,0
2025-12-22T05:30:00,990.1146351783267,990.1146351783267,0
2025-12-22T05:45:00,990.1146351783267,990.1146351783267,0
2025-12-22T06:00:00,990.1146351783267,990.1146351783267,0
2025-12-22T06:15:00,990.1146351783267,990.1146351783267,0
2025-12-22T06:30:00,990.1146351783267,990.1146351783267,0
2025-12-22T06:45:00,990.1146351783267,990.1146351783267,0
2025-12-22T07:00:00,990.1146351783267,990.1146351783267,0
2025-12-22T07:15:00,990.1146351783267,990.1146351783267,0
2025-12-22T07:30:00,990.1146351783267,990.1146351783267,0
2025-12-22T07:45:00,990.1146351783267,990.1146351783267,0
2025-12-22T08:00:00,990.1146351783267,990.1146351783267,0
2025-12-22T08:15:00,989.3630378241099,890.9447533188654,1
2025-12-22T08:30:00,988.2432195559576,890.9447533188654,1
2025-12-22T08:45:00,986.029061648768,986.029061648768,0
2025-12-22T09:00:00,986.029061648768,986.029061648768,0
2025-12-22T09:15:00,986.029061648768,986.029061648768,0
2025-12-22T09:30:00,986.029061648768,986.029061648768,0
2025-12-22T09:45:00,986.029061648768,986.029061648768,0
2025-12-22T10:00:00,986.029061648768,986.029061648768,0
2025-12-22T10:15:00,986.029061648768,986.029061648768,0
2025-12-22T10:30:00,986.029061648768,986.029061648768,0
2025-12-22T10:45:00,986.029061648768,986.029061648768,0
2025-12-22T11:00:00,986.029061648768,986.029061648768,0
2025-12-22T11:15:00,986.029061648768,986.029061648768,0
2025-12-22T11:30:00,986.029061648768,986.029061648768,0
2025-12-22T11:45:00,986.029061648768,986.029061648768,0
2025-12-22T12:00:00,986.029061648768,986.029061648768,0
2025-12-22T12:15:00,986.029061648768,986.029061648768,0
2025-12-22T12:30:00,986.029061648768,986.029061648768,0
2025-12-22T12:45:00,986.029061648768,986.029061648768,0
2025-12-22T13:00:00,986.029061648768,986.029061648768,0
2025-12-22T13:15:00,986.029061648768,986.029061648768,0
2025-12-22T13:30:00,986.029061648768,986.029061648768,0
2025-12-22T13:45:00,986.029061648768,986.029061648768,0
2025-12-22T14:00:00,986.029061648768,986.029061648768,0
2025-12-22T14:15:00,986.029061648768,986.029061648768,0
2025-12-22T14:30:00,986.029061648768,986.029061648768,0
2025-12-22T14:45:00,986.029061648768,986.029061648768,0
2025-12-22T15:00:00,986.029061648768,986.029061648768,0
2025-12-22T15:15:00,986.029061648768,986.029061648768,0
2025-12-22T15:30:00,986.029061648768,986.029061648768,0
2025-12-22T15:45:00,986.029061648768,986.029061648768,0
2025-12-22T16:00:00,986.029061648768,986.029061648768,0
2025-12-22T16:15:00,986.029061648768,986.029061648768,0
2025-12-22T16:30:00,986.029061648768,986.029061648768,0
2025-12-22T16:45:00,986.029061648768,986.029061648768,0
2025-12-22T17:00:00,986.029061648768,986.029061648768,0
2025-12-22T17:15:00,986.029061648768,986.029061648768,0
2025-12-22T17:30:00,986.029061648768,986.029061648768,0
2025-12-22T17:45:00,986.029061648768,986.029061648768,0
2025-12-22T18:00:00,986.029061648768,986.029061648768,0
2025-12-22T18:15:00,986.029061648768,986.029061648768,0
2025-12-22T18:30:00,986.029061648768,986.029061648768,0
2025-12-22T18:45:00,986.029061648768,986.029061648768,0
2025-12-22T19:00:00,986.029061648768,986.029061648768,0
2025-12-22T19:15:00,986.029061648768,986.029061648768,0
2025-12-22T19:30:00,986.029061648768,986.029061648768,0
2025-12-22T19:45:00,986.029061648768,986.029061648768,0
2025-12-22T20:00:00,985.2787908026205,887.2683908340274,1
2025-12-22T20:15:00,985.9976046627803,887.2683908340274,1
2025-12-22T20:30:00,985.1501469936989,887.2683908340274,1
2025-12-22T20:45:00,985.5572980178115,887.2683908340274,1
2025-12-22T21:00:00,984.1647619418563,887.2683908340274,1
2025-12-22T21:15:00,983.2947584505929,887.2683908340274,1
2025-12-22T21:30:00,982.9061745741596,887.2683908340274,1
2025-12-22T21:45:00,983.6004467824848,983.6004467824848,0
2025-12-22T22:00:00,983.6004467824848,983.6004467824848,0
2025-12-22T22:15:00,983.6004467824848,983.6004467824848,0
2025-12-22T22:30:00,983.6004467824848,983.6004467824848,0
2025-12-22T22:45:00,983.6004467824848,983.6004467824848,0
2025-12-22T23:00:00,983.6004467824848,983.6004467824848,0
2025-12-22T23:15:00,983.6004467824848,983.6004467824848,0
2025-12-22T23:30:00,983.6004467824848,983.6004467824848,0
2025-12-22T23:45:00,983.6004467824848,983.6004467824848,0
2025-12-23T00:00:00,983.6004467824848,983.6004467824848,0
2025-12-23T00:15:00,983.6004467824848,983.6004467824848,0
2025-12-23T00:30:00,983.6004467824848,983.6004467824848,0
2025-12-23T00:45:00,983.6004467824848,983.6004467824848,0
2025-12-23T01:00:00,983.6004467824848,983.6004467824848,0
2025-12-23T01:15:00,983.6004467824848,983.6004467824848,0
2025-12-23T01:30:00,983.6004467824848,983.6004467824848,0
2025-12-23T01:45:00,983.6004467824848,983.6004467824848,0
2025-12-23T02:00:00,983.6004467824848,983.6004467824848,0
2025-12-23T02:15:00,983.6004467824848,983.6004467824848,0
2025-12-23T02:30:00,983.6004467824848,983.6004467824848,0
2025-12-23T02:45:00,983.6004467824848,983.6004467824848,0
2025-12-23T03:00:00,983.6004467824848,983.6004467824848,0
2025-12-23T03:15:00,983.6004467824848,983.6004467824848,0
2025-12-23T03:30:00,983.6004467824848,983.6004467824848,0
2025-12-23T03:45:00,983.6004467824848,983.6004467824848,0
2025-12-23T04:00:00,983.6004467824848,983.6004467824848,0
2025-12-23T04:15:00,983.6004467824848,983.6004467824848,0
2025-12-23T04:30:00,983.6004467824848,983.6004467824848,0
2025-12-23T04:45:00,983.6004467824848,983.6004467824848,0
2025-12-23T05:00:00,983.6004467824848,983.6004467824848,0
2025-12-23T05:15:00,983.6004467824848,983.6004467824848,0
2025-12-23T05:30:00,983.6004467824848,983.6004467824848,0
2025-12-23T05:45:00,983.6004467824848,983.6004467824848,0
2025-12-23T06:00:00,982.8520238726727,885.0830260327511,1
2025-12-23T06:15:00,984.3539697184799,885.0830260327511,1
2025-12-23T06:30:00,983.9208684559422,885.0830260327511,1
2025-12-23T06:45:00,983.482140747986,885.0830260327511,1
2025-12-23T07:00:00,983.2803088979321,885.0830260327511,1
2025-12-23T07:15:00,982.6026148001595,885.0830260327511,1
2025-12-23T07:30:00,982.8993760373152,885.0830260327511,1
2025-12-23T07:45:00,982.6954286437839,885.0830260327511,1
2025-12-23T08:00:00,982.278700679502,982.278700679502,0
2025-12-23T08:15:00,982.278700679502,982.278700679502,0
2025-12-23T08:30:00,982.278700679502,982.278700679502,0
2025-12-23T08:45:00,982.278700679502,982.278700679502,0
2025-12-23T09:00:00,982.278700679502,982.278700679502,0
2025-12-23T09:15:00,982.278700679502,982.278700679502,0
2025-12-23T09:30:00,982.278700679502,982.278700679502,0
2025-12-23T09:45:00,982.278700679502,982.278700679502,0
2025-12-23T10:00:00,982.278700679502,982.278700679502,0
2025-12-23T10:15:00,982.278700679502,982.278700679502,0
2025-12-23T10:30:00,982.278700679502,982.278700679502,0
2025-12-23T10:45:00,982.278700679502,982.278700679502,0
2025-12-23T11:00:00,982.278700679502,982.278700679502,0
2025-12-23T11:15:00,982.278700679502,982.278700679502,0
2025-12-23T11:30:00,982.278700679502,982.278700679502,0
2025-12-23T11:45:00,982.278700679502,982.278700679502,0
2025-12-23T12:00:00,982.278700679502,982.278700679502,0
2025-12-23T12:15:00,982.278700679502,982.278700679502,0
2025-12-23T12:30:00,982.278700679502,982.278700679502,0
2025-12-23T12:45:00,982.278700679502,982.278700679502,0
2025-12-23T13:00:00,982.278700679502,982.278700679502,0
2025-12-23T13:15:00,982.278700679502,982.278700679502,0
2025-12-23T13:30:00,982.278700679502,982.278700679502,0
2025-12-23T13:45:00,982.278700679502,982.278700679502,0
2025-12-23T14:00:00,982.278700679502,982.278700679502,0
2025-12-23T14:15:00,982.278700679502,982.278700679502,0
2025-12-23T14:30:00,982.278700679502,982.278700679502,0
2025-12-23T14:45:00,982.278700679502,982.278700679502,0
2025-12-23T15:00:00,982.278700679502,982.278700679502,0
2025-12-23T15:15:00,982.278700679502,982.278700679502,0
2025-12-23T15:30:00,982.278700679502,982.278700679502,0
2025-12-23T15:45:00,982.278700679502,982.278700679502,0
2025-12-23T16:00:00,982.278700679502,982.278700679502,0
2025-12-23T16:15:00,982.278700679502,982.278700679502,0
2025-12-23T16:30:00,982.278700679502,982.278700679502,0
2025-12-23T16:45:00,982.278700679502,982.278700679502,0
2025-12-23T17:00:00,982.278700679502,982.278700679502,0
2025-12-23T17:15:00,982.278700679502,982.278700679502,0
2025-12-23T17:30:00,982.278700679502,982.278700679502,0
2025-12-23T17:45:00,982.278700679502,982.278700679502,0
2025-12-23T18:00:00,982.278700679502,982.278700679502,0
2025-12-23T18:15:00,982.278700679502,982.278700679502,0
2025-12-23T18:30:00,982.278700679502,982.278700679502,0
2025-12-23T18:45:00,982.278700679502,982.278700679502,0
2025-12-23T19:00:00,982.278700679502,982.278700679502,0
2025-12-23T19:15:00,982.278700679502,982.278700679502,0
2025-12-23T19:30:00,982.278700679502,982.278700679502,0
2025-12-23T19:45:00,982.278700679502,982.278700679502,0
2025-12-23T20:00:00,982.278700679502,982.278700679502,0
2025-12-23T20:15:00,982.278700679502,982.278700679502,0
2025-12-23T20:30:00,982.278700679502,982.278700679502,0
2025-12-23T20:45:00,982.278700679502,982.278700679502,0
2025-12-23T21:00:00,982.278700679502,982.278700679502,0
2025-12-23T21:15:00,982.278700679502,982.278700679502,0
2025-12-23T21:30:00,982.278700679502,982.278700679502,0
2025-12-23T21:45:00,982.278700679502,982.278700679502,0
2025-12-23T22:00:00,982.278700679502,982.278700679502,0
2025-12-23T22:15:00,982.278700679502,982.278700679502,0
2025-12-23T22:30:00,982.278700679502,982.278700679502,0
2025-12-23T22:45:00,982.278700679502,982.278700679502,0
2025-12-23T23:00:00,982.278700679502,982.278700679502,0
2025-12-23T23:15:00,982.278700679502,982.278700679502,0
2025-12-23T23:30:00,982.278700679502,982.278700679502,0
2025-12-23T23:45:00,982.278700679502,982.278700679502,0
2025-12-24T00:00:00,982.278700679502,982.278700679502,0
2025-12-24T00:15:00,982.278700679502,982.278700679502,0
2025-12-24T00:30:00,982.278700679502,982.278700679502,0
2025-12-24T00:45:00,982.278700679502,982.278700679502,0
2025-12-24T01:00:00,982.278700679502,982.278700679502,0
2025-12-24T01:15:00,982.278700679502,982.278700679502,0
2025-12-24T01:30:00,982.278700679502,982.278700679502,0
2025-12-24T01:45:00,982.278700679502,982.278700679502,0
2025-12-24T02:00:00,982.278700679502,982.278700679502,0
2025-12-24T02:15:00,982.278700679502,982.278700679502,0
2025-12-24T02:30:00,982.278700679502,982.278700679502,0
2025-12-24T02:45:00,982.278700679502,982.278700679502,0
2025-12-24T03:00:00,982.278700679502,982.278700679502,0
2025-12-24T03:15:00,982.278700679502,982.278700679502,0
2025-12-24T03:30:00,982.278700679502,982.278700679502,0
2025-12-24T03:45:00,982.278700679502,982.278700679502,0
2025-12-24T04:00:00,982.278700679502,982.278700679502,0
2025-12-24T04:15:00,982.278700679502,982.278700679502,0
2025-12-24T04:30:00,982.278700679502,982.278700679502,0
2025-12-24T04:45:00,982.278700679502,982.278700679502,0
2025-12-24T05:00:00,982.278700679502,982.278700679502,0
2025-12-24T05:15:00,982.278700679502,982.278700679502,0
2025-12-24T05:30:00,982.278700679502,982.278700679502,0
2025-12-24T05:45:00,982.278700679502,982.278700679502,0
2025-12-24T06:00:00,982.278700679502,982.278700679502,0
2025-12-24T06:15:00,982.278700679502,982.278700679502,0
2025-12-24T06:30:00,982.278700679502,982.278700679502,0
2025-12-24T06:45:00,982.278700679502,982.278700679502,0
2025-12-24T07:00:00,982.278700679502,982.278700679502,0
2025-12-24T07:15:00,982.278700679502,982.278700679502,0
2025-12-24T07:30:00,982.278700679502,982.278700679502,0
2025-12-24T07:45:00,982.278700679502,982.278700679502,0
2025-12-24T08:00:00,982.278700679502,982.278700679502,0
2025-12-24T08:15:00,982.278700679502,982.278700679502,0
2025-12-24T08:30:00,982.278700679502,982.278700679502,0
2025-12-24T08:45:00,982.278700679502,982.278700679502,0
2025-12-24T09:00:00,982.278700679502,982.278700679502,0
2025-12-24T09:15:00,982.278700679502,982.278700679502,0
2025-12-24T09:30:00,982.278700679502,982.278700679502,0
2025-12-24T09:45:00,982.278700679502,982.278700679502,0
2025-12-24T10:00:00,982.278700679502,982.278700679502,0
2025-12-24T10:15:00,982.278700679502,982.278700679502,0
2025-12-24T10:30:00,982.278700679502,982.278700679502,0
2025-12-24T10:45:00,982.278700679502,982.278700679502,0
2025-12-24T11:00:00,982.278700679502,982.278700679502,0
2025-12-24T11:15:00,982.278700679502,982.278700679502,0
2025-12-24T11:30:00,982.278700679502,982.278700679502,0
2025-12-24T11:45:00,982.278700679502,982.278700679502,0
2025-12-24T12:00:00,982.278700679502,982.278700679502,0
2025-12-24T12:15:00,982.278700679502,982.278700679502,0
2025-12-24T12:30:00,982.278700679502,982.278700679502,0
2025-12-24T12:45:00,982.278700679502,982.278700679502,0
2025-12-24T13:00:00,982.278700679502,982.278700679502,0
2025-12-24T13:15:00,982.278700679502,982.278700679502,0
2025-12-24T13:30:00,982.278700679502,982.278700679502,0
2025-12-24T13:45:00,982.278700679502,982.278700679502,0
2025-12-24T14:00:00,982.278700679502,982.278700679502,0
2025-12-24T14:15:00,982.278700679502,982.278700679502,0
2025-12-24T14:30:00,982.278700679502,982.278700679502,0
2025-12-24T14:45:00,982.278700679502,982.278700679502,0
2025-12-24T15:00:00,982.278700679502,982.278700679502,0
2025-12-24T15:15:00,982.278700679502,982.278700679502,0
2025-12-24T15:30:00,982.278700679502,982.278700679502,0
2025-12-24T15:45:00,982.278700679502,982.278700679502,0
2025-12-24T16:00:00,982.278700679502,982.278700679502,0
2025-12-24T16:15:00,982.278700679502,982.278700679502,0
2025-12-24T16:30:00,982.278700679502,982.278700679502,0
2025-12-24T16:45:00,982.278700679502,982.278700679502,0
2025-12-24T17:00:00,982.278700679502,982.278700679502,0
2025-12-24T17:15:00,982.278700679502,982.278700679502,0
2025-12-24T17:30:00,982.278700679502,982.278700679502,0
2025-12-24T17:45:00,982.278700679502,982.278700679502,0
2025-12-24T18:00:00,982.278700679502,982.278700679502,0
2025-12-24T18:15:00,982.278700679502,982.278700679502,0
2025-12-24T18:30:00,982.278700679502,982.278700679502,0
2025-12-24T18:45:00,982.278700679502,982.278700679502,0
2025-12-24T19:00:00,982.278700679502,982.278700679502,0
2025-12-24T19:15:00,982.278700679502,982.278700679502,0
2025-12-24T19:30:00,982.278700679502,982.278700679502,0
2025-12-24T19:45:00,982.278700679502,982.278700679502,0
2025-12-24T20:00:00,982.278700679502,982.278700679502,0
2025-12-24T20:15:00,982.278700679502,982.278700679502,0
2025-12-24T20:30:00,982.278700679502,982.278700679502,0
2025-12-24T20:45:00,982.278700679502,982.278700679502,0
2025-12-24T21:00:00,982.278700679502,982.278700679502,0
2025-12-24T21:15:00,982.278700679502,982.278700679502,0
2025-12-24T21:30:00,982.278700679502,982.278700679502,0
2025-12-24T21:45:00,982.278700679502,982.278700679502,0
2025-12-24T22:00:00,982.278700679502,982.278700679502,0
2025-12-24T22:15:00,982.278700679502,982.278700679502,0
2025-12-24T22:30:00,982.278700679502,982.278700679502,0
2025-12-24T22:45:00,982.278700679502,982.278700679502,0
2025-12-24T23:00:00,982.278700679502,982.278700679502,0
2025-12-24T23:15:00,982.278700679502,982.278700679502,0
2025-12-24T23:30:00,982.278700679502,982.278700679502,0
2025-12-24T23:45:00,982.278700679502,982.278700679502,0
2025-12-25T00:00:00,982.278700679502,982.278700679502,0
2025-12-25T00:15:00,982.278700679502,982.278700679502,0
2025-12-25T00:30:00,982.278700679502,982.278700679502,0
2025-12-25T00:45:00,982.278700679502,982.278700679502,0
2025-12-25T01:00:00,982.278700679502,982.278700679502,0
2025-12-25T01:15:00,982.278700679502,982.278700679502,0
2025-12-25T01:30:00,982.278700679502,982.278700679502,0
2025-12-25T01:45:00,982.278700679502,982.278700679502,0
2025-12-25T02:00:00,982.278700679502,982.278700679502,0
2025-12-25T02:15:00,982.278700679502,982.278700679502,0
2025-12-25T02:30:00,982.278700679502,982.278700679502,0
2025-12-25T02:45:00,982.278700679502,982.278700679502,0
2025-12-25T03:00:00,982.278700679502,982.278700679502,0
2025-12-25T03:15:00,982.278700679502,982.278700679502,0
2025-12-25T03:30:00,982.278700679502,982.278700679502,0
2025-12-25T03:45:00,982.278700679502,982.278700679502,0
2025-12-25T04:00:00,982.278700679502,982.278700679502,0
2025-12-25T04:15:00,982.278700679502,982.278700679502,0
2025-12-25T04:30:00,982.278700679502,982.278700679502,0
2025-12-25T04:45:00,982.278700679502,982.278700679502,0
2025-12-25T05:00:00,982.278700679502,982.278700679502,0
2025-12-25T05:15:00,982.278700679502,982.278700679502,0
2025-12-25T05:30:00,982.278700679502,982.278700679502,0
2025-12-25T05:45:00,982.278700679502,982.278700679502,0
2025-12-25T06:00:00,982.278700679502,982.278700679502,0
2025-12-25T06:15:00,982.278700679502,982.278700679502,0
2025-12-25T06:30:00,982.278700679502,982.278700679502,0
2025-12-25T06:45:00,982.278700679502,982.278700679502,0
2025-12-25T07:00:00,982.278700679502,982.278700679502,0
2025-12-25T07:15:00,982.278700679502,982.278700679502,0
2025-12-25T07:30:00,982.278700679502,982.278700679502,0
2025-12-25T07:45:00,982.278700679502,982.278700679502,0
2025-12-25T08:00:00,982.278700679502,982.278700679502,0
2025-12-25T08:15:00,982.278700679502,982.278700679502,0
2025-12-25T08:30:00,982.278700679502,982.278700679502,0
2025-12-25T08:45:00,982.278700679502,982.278700679502,0
2025-12-25T09:00:00,982.278700679502,982.278700679502,0
2025-12-25T09:15:00,982.278700679502,982.278700679502,0
2025-12-25T09:30:00,982.278700679502,982.278700679502,0
2025-12-25T09:45:00,982.278700679502,982.278700679502,0
2025-12-25T10:00:00,982.278700679502,982.278700679502,0
2025-12-25T10:15:00,982.278700679502,982.278700679502,0
2025-12-25T10:30:00,982.278700679502,982.278700679502,0
2025-12-25T10:45:00,982.278700679502,982.278700679502,0
2025-12-25T11:00:00,982.278700679502,982.278700679502,0
2025-12-25T11:15:00,982.278700679502,982.278700679502,0
2025-12-25T11:30:00,982.278700679502,982.278700679502,0
2025-12-25T11:45:00,982.278700679502,982.278700679502,0
2025-12-25T12:00:00,982.278700679502,982.278700679502,0
2025-12-25T12:15:00,982.278700679502,982.278700679502,0
2025-12-25T12:30:00,982.278700679502,982.278700679502,0
2025-12-25T12:45:00,982.278700679502,982.278700679502,0
2025-12-25T13:00:00,982.278700679502,982.278700679502,0
2025-12-25T13:15:00,982.278700679502,982.278700679502,0
2025-12-25T13:30:00,982.278700679502,982.278700679502,0
2025-12-25T13:45:00,982.278700679502,982.278700679502,0
2025-12-25T14:00:00,982.278700679502,982.278700679502,0
2025-12-25T14:15:00,982.278700679502,982.278700679502,0
2025-12-25T14:30:00,982.278700679502,982.278700679502,0
2025-12-25T14:45:00,982.278700679502,982.278700679502,0
2025-12-25T15:00:00,982.278700679502,982.278700679502,0
2025-12-25T15:15:00,982.278700679502,982.278700679502,0
2025-12-25T15:30:00,982.278700679502,982.278700679502,0
2025-12-25T15:45:00,982.278700679502,982.278700679502,0
2025-12-25T16:00:00,982.278700679502,982.278700679502,0
2025-12-25T16:15:00,982.278700679502,982.278700679502,0
2025-12-25T16:30:00,982.278700679502,982.278700679502,0
2025-12-25T16:45:00,982.278700679502,982.278700679502,0
2025-12-25T17:00:00,982.278700679502,982.278700679502,0
2025-12-25T17:15:00,982.278700679502,982.278700679502,0
2025-12-25T17:30:00,982.278700679502,982.278700679502,0
2025-12-25T17:45:00,982.278700679502,982.278700679502,0
2025-12-25T18:00:00,982.278700679502,982.278700679502,0
2025-12-25T18:15:00,982.278700679502,982.278700679502,0
2025-12-25T18:30:00,982.278700679502,982.278700679502,0
2025-12-25T18:45:00,982.278700679502,982.278700679502,0
2025-12-25T19:00:00,982.278700679502,982.278700679502,0
2025-12-25T19:15:00,982.278700679502,982.278700679502,0
2025-12-25T19:30:00,982.278700679502,982.278700679502,0
2025-12-25T19:45:00,982.278700679502,982.278700679502,0
2025-12-25T20:00:00,982.278700679502,982.278700679502,0
2025-12-25T20:15:00,982.278700679502,982.278700679502,0
2025-12-25T20:30:00,982.278700679502,982.278700679502,0
2025-12-25T20:45:00,982.278700679502,982.278700679502,0
2025-12-25T21:00:00,982.278700679502,982.278700679502,0
2025-12-25T21:15:00,982.278700679502,982.278700679502,0
2025-12-25T21:30:00,982.278700679502,982.278700679502,0
2025-12-25T21:45:00,982.278700679502,982.278700679502,0
2025-12-25T22:00:00,982.278700679502,982.278700679502,0
2025-12-25T22:15:00,982.278700679502,982.278700679502,0
2025-12-25T22:30:00,982.278700679502,982.278700679502,0
2025-12-25T22:45:00,982.278700679502,982.278700679502,0
2025-12-25T23:00:00,982.278700679502,982.278700679502,0
2025-12-25T23:15:00,982.278700679502,982.278700679502,0
2025-12-25T23:30:00,982.278700679502,982.278700679502,0
2025-12-25T23:45:00,982.278700679502,982.278700679502,0
2025-12-26T00:00:00,981.5312834880866,883.8936660194431,1
2025-12-26T00:15:00,981.9294371179599,883.8936660194431,1
2025-12-26T00:30:00,982.6580311753469,883.8936660194431,1
2025-12-26T00:45:00,981.7547370558726,883.8936660194431,1
2025-12-26T01:00:00,980.573818806725,883.8936660194431,1
2025-12-26T01:15:00,979.7707402267426,883.8936660194431,1
2025-12-26T01:30:00,979.4066977170799,979.4066977170799,0
2025-12-26T01:45:00,979.4066977170799,979.4066977170799,0
2025-12-26T02:00:00,979.4066977170799,979.4066977170799,0
2025-12-26T02:15:00,979.4066977170799,979.4066977170799,0
2025-12-26T02:30:00,979.4066977170799,979.4066977170799,0
2025-12-26T02:45:00,979.4066977170799,979.4066977170799,0
2025-12-26T03:00:00,979.4066977170799,979.4066977170799,0
2025-12-26T03:15:00,979.4066977170799,979.4066977170799,0
2025-12-26T03:30:00,979.4066977170799,979.4066977170799,0
2025-12-26T03:45:00,979.4066977170799,979.4066977170799,0
2025-12-26T04:00:00,979.4066977170799,979.4066977170799,0
2025-12-26T04:15:00,979.4066977170799,979.4066977170799,0
2025-12-26T04:30:00,979.4066977170799,979.4066977170799,0
2025-12-26T04:45:00,979.4066977170799,979.4066977170799,0
2025-12-26T05:00:00,979.4066977170799,979.4066977170799,0
2025-12-26T05:15:00,979.4066977170799,979.4066977170799,0
2025-12-26T05:30:00,979.4066977170799,979.4066977170799,0
2025-12-26T05:45:00,979.4066977170799,979.4066977170799,0
2025-12-26T06:00:00,979.4066977170799,979.4066977170799,0
2025-12-26T06:15:00,979.4066977170799,979.4066977170799,0
2025-12-26T06:30:00,979.4066977170799,979.4066977170799,0
2025-12-26T06:45:00,979.4066977170799,979.4066977170799,0
2025-12-26T07:00:00,979.4066977170799,979.4066977170799,0
2025-12-26T07:15:00,979.4066977170799,979.4066977170799,0
2025-12-26T07:30:00,979.4066977170799,979.4066977170799,0
2025-12-26T07:45:00,979.4066977170799,979.4066977170799,0
2025-12-26T08:00:00,979.4066977170799,979.4066977170799,0
2025-12-26T08:15:00,979.4066977170799,979.4066977170799,0
2025-12-26T08:30:00,979.4066977170799,979.4066977170799,0
2025-12-26T08:45:00,979.4066977170799,979.4066977170799,0
2025-12-26T09:00:00,979.4066977170799,979.4066977170799,0
2025-12-26T09:15:00,979.4066977170799,979.4066977170799,0
2025-12-26T09:30:00,979.4066977170799,979.4066977170799,0
2025-12-26T09:45:00,979.4066977170799,979.4066977170799,0
2025-12-26T10:00:00,979.4066977170799,979.4066977170799,0
2025-12-26T10:15:00,979.4066977170799,979.4066977170799,0
2025-12-26T10:30:00,979.4066977170799,979.4066977170799,0
2025-12-26T10:45:00,979.4066977170799,979.4066977170799,0
2025-12-26T11:00:00,979.4066977170799,979.4066977170799,0
2025-12-26T11:15:00,979.4066977170799,979.4066977170799,0
2025-12-26T11:30:00,979.4066977170799,979.4066977170799,0
2025-12-26T11:45:00,979.4066977170799,979.4066977170799,0
2025-12-26T12:00:00,979.4066977170799,979.4066977170799,0
2025-12-26T12:15:00,979.4066977170799,979.4066977170799,0
2025-12-26T12:30:00,979.4066977170799,979.4066977170799,0
2025-12-26T12:45:00,979.4066977170799,979.4066977170799,0
2025-12-26T13:00:00,979.4066977170799,979.4066977170799,0
2025-12-26T13:15:00,979.4066977170799,979.4066977170799,0
2025-12-26T13:30:00,979.4066977170799,979.4066977170799,0
2025-12-26T13:45:00,979.4066977170799,979.4066977170799,0
2025-12-26T14:00:00,979.4066977170799,979.4066977170799,0
2025-12-26T14:15:00,979.4066977170799,979.4066977170799,0
2025-12-26T14:30:00,979.4066977170799,979.4066977170799,0
2025-12-26T14:45:00,979.4066977170799,979.4066977170799,0
2025-12-26T15:00:00,979.4066977170799,979.4066977170799,0
2025-12-26T15:15:00,979.4066977170799,979.4066977170799,0
2025-12-26T15:30:00,979.4066977170799,979.4066977170799,0
2025-12-26T15:45:00,979.4066977170799,979.4066977170799,0
2025-12-26T16:00:00,979.4066977170799,979.4066977170799,0
2025-12-26T16:15:00,979.4066977170799,979.4066977170799,0
2025-12-26T16:30:00,979.4066977170799,979.4066977170799,0
2025-12-26T16:45:00,979.4066977170799,979.4066977170799,0
2025-12-26T17:00:00,979.4066977170799,979.4066977170799,0
2025-12-26T17:15:00,979.4066977170799,979.4066977170799,0
2025-12-26T17:30:00,979.4066977170799,979.4066977170799,0
2025-12-26T17:45:00,979.4066977170799,979.4066977170799,0
2025-12-26T18:00:00,979.4066977170799,979.4066977170799,0
2025-12-26T18:15:00,979.4066977170799,979.4066977170799,0
2025-12-26T18:30:00,979.4066977170799,979.4066977170799,0
2025-12-26T18:45:00,979.4066977170799,979.4066977170799,0
2025-12-26T19:00:00,979.4066977170799,979.4066977170799,0
2025-12-26T19:15:00,979.4066977170799,979.4066977170799,0
2025-12-26T19:30:00,979.4066977170799,979.4066977170799,0
2025-12-26T19:45:00,979.4066977170799,979.4066977170799,0
2025-12-26T20:00:00,979.4066977170799,979.4066977170799,0
2025-12-26T20:15:00,979.4066977170799,979.4066977170799,0
2025-12-26T20:30:00,979.4066977170799,979.4066977170799,0
2025-12-26T20:45:00,979.4066977170799,979.4066977170799,0
2025-12-26T21:00:00,979.4066977170799,979.4066977170799,0
2025-12-26T21:15:00,979.4066977170799,979.4066977170799,0
2025-12-26T21:30:00,979.4066977170799,979.4066977170799,0
2025-12-26T21:45:00,979.4066977170799,979.4066977170799,0
2025-12-26T22:00:00,979.4066977170799,979.4066977170799,0
2025-12-26T22:15:00,979.4066977170799,979.4066977170799,0
2025-12-26T22:30:00,979.4066977170799,979.4066977170799,0
2025-12-26T22:45:00,979.4066977170799,979.4066977170799,0
2025-12-26T23:00:00,979.4066977170799,979.4066977170799,0
2025-12-26T23:15:00,979.4066977170799,979.4066977170799,0
2025-12-26T23:30:00,979.4066977170799,979.4066977170799,0
2025-12-26T23:45:00,979.4066977170799,979.4066977170799,0
2025-12-27T00:00:00,979.4066977170799,979.4066977170799,0
2025-12-27T00:15:00,979.4066977170799,979.4066977170799,0
2025-12-27T00:30:00,979.4066977170799,979.4066977170799,0
2025-12-27T00:45:00,979.4066977170799,979.4066977170799,0
2025-12-27T01:00:00,979.4066977170799,979.4066977170799,0
2025-12-27T01:15:00,979.4066977170799,979.4066977170799,0
2025-12-27T01:30:00,979.4066977170799,979.4066977170799,0
2025-12-27T01:45:00,979.4066977170799,979.4066977170799,0
2025-12-27T02:00:00,979.4066977170799,979.4066977170799,0
2025-12-27T02:15:00,979.4066977170799,979.4066977170799,0
2025-12-27T02:30:00,979.4066977170799,979.4066977170799,0
2025-12-27T02:45:00,979.4066977170799,979.4066977170799,0
2025-12-27T03:00:00,979.4066977170799,979.4066977170799,0
2025-12-27T03:15:00,979.4066977170799,979.4066977170799,0
2025-12-27T03:30:00,979.4066977170799,979.4066977170799,0
2025-12-27T03:45:00,979.4066977170799,979.4066977170799,0
2025-12-27T04:00:00,979.4066977170799,979.4066977170799,0
2025-12-27T04:15:00,979.4066977170799,979.4066977170799,0
2025-12-27T04:30:00,979.4066977170799,979.4066977170799,0
2025-12-27T04:45:00,979.4066977170799,979.4066977170799,0
2025-12-27T05:00:00,979.4066977170799,979.4066977170799,0
2025-12-27T05:15:00,979.4066977170799,979.4066977170799,0
2025-12-27T05:30:00,979.4066977170799,979.4066977170799,0
2025-12-27T05:45:00,979.4066977170799,979.4066977170799,0
2025-12-27T06:00:00,979.4066977170799,979.4066977170799,0
2025-12-27T06:15:00,979.4066977170799,979.4066977170799,0
2025-12-27T06:30:00,979.4066977170799,979.4066977170799,0
2025-12-27T06:45:00,979.4066977170799,979.4066977170799,0
2025-12-27T07:00:00,979.4066977170799,979.4066977170799,0
2025-12-27T07:15:00,979.4066977170799,979.4066977170799,0
2025-12-27T07:30:00,979.4066977170799,979.4066977170799,0
2025-12-27T07:45:00,979.4066977170799,979.4066977170799,0
2025-12-27T08:00:00,979.4066977170799,979.4066977170799,0
2025-12-27T08:15:00,979.4066977170799,979.4066977170799,0
2025-12-27T08:30:00,979.4066977170799,979.4066977170799,0
2025-12-27T08:45:00,979.4066977170799,979.4066977170799,0
2025-12-27T09:00:00,979.4066977170799,979.4066977170799,0
2025-12-27T09:15:00,979.4066977170799,979.4066977170799,0
2025-12-27T09:30:00,979.4066977170799,979.4066977170799,0
2025-12-27T09:45:00,979.4066977170799,979.4066977170799,0
2025-12-27T10:00:00,979.4066977170799,979.4066977170799,0
2025-12-27T10:15:00,979.4066977170799,979.4066977170799,0
2025-12-27T10:30:00,979.4066977170799,979.4066977170799,0
2025-12-27T10:45:00,979.4066977170799,979.4066977170799,0
2025-12-27T11:00:00,979.4066977170799,979.4066977170799,0
2025-12-27T11:15:00,979.4066977170799,979.4066977170799,0
2025-12-27T11:30:00,979.4066977170799,979.4066977170799,0
2025-12-27T11:45:00,979.4066977170799,979.4066977170799,0
2025-12-27T12:00:00,979.4066977170799,979.4066977170799,0
2025-12-27T12:15:00,979.4066977170799,979.4066977170799,0
2025-12-27T12:30:00,979.4066977170799,979.4066977170799,0
2025-12-27T12:45:00,979.4066977170799,979.4066977170799,0
2025-12-27T13:00:00,979.4066977170799,979.4066977170799,0
2025-12-27T13:15:00,979.4066977170799,979.4066977170799,0
2025-12-27T13:30:00,979.4066977170799,979.4066977170799,0
2025-12-27T13:45:00,979.4066977170799,979.4066977170799,0
2025-12-27T14:00:00,979.4066977170799,979.4066977170799,0
2025-12-27T14:15:00,979.4066977170799,979.4066977170799,0
2025-12-27T14:30:00,979.4066977170799,979.4066977170799,0
2025-12-27T14:45:00,979.4066977170799,979.4066977170799,0
2025-12-27T15:00:00,979.4066977170799,979.4066977170799,0
2025-12-27T15:15:00,979.4066977170799,979.4066977170799,0
2025-12-27T15:30:00,979.4066977170799,979.4066977170799,0
2025-12-27T15:45:00,979.4066977170799,979.4066977170799,0
2025-12-27T16:00:00,979.4066977170799,979.4066977170799,0
2025-12-27T16:15:00,979.4066977170799,979.4066977170799,0
2025-12-27T16:30:00,979.4066977170799,979.4066977170799,0
2025-12-27T16:45:00,979.4066977170799,979.4066977170799,0
2025-12-27T17:00:00,979.4066977170799,979.4066977170799,0
2025-12-27T17:15:00,979.4066977170799,979.4066977170799,0
2025-12-27T17:30:00,979.4066977170799,979.4066977170799,0
2025-12-27T17:45:00,979.4066977170799,979.4066977170799,0
2025-12-27T18:00:00,979.4066977170799,979.4066977170799,0
2025-12-27T18:15:00,979.4066977170799,979.4066977170799,0
2025-12-27T18:30:00,979.4066977170799,979.4066977170799,0
2025-12-27T18:45:00,979.4066977170799,979.4066977170799,0
2025-12-27T19:00:00,979.4066977170799,979.4066977170799,0
2025-12-27T19:15:00,979.4066977170799,979.4066977170799,0
2025-12-27T19:30:00,979.4066977170799,979.4066977170799,0
2025-12-27T19:45:00,979.4066977170799,979.4066977170799,0
2025-12-27T20:00:00,979.4066977170799,979.4066977170799,0
2025-12-27T20:15:00,979.4066977170799,979.4066977170799,0
2025-12-27T20:30:00,979.4066977170799,979.4066977170799,0
2025-12-27T20:45:00,979.4066977170799,979.4066977170799,0
2025-12-27T21:00:00,979.4066977170799,979.4066977170799,0
2025-12-27T21:15:00,979.4066977170799,979.4066977170799,0
2025-12-27T21:30:00,979.4066977170799,979.4066977170799,0
2025-12-27T21:45:00,979.4066977170799,979.4066977170799,0
2025-12-27T22:00:00,979.4066977170799,979.4066977170799,0
2025-12-27T22:15:00,979.4066977170799,979.4066977170799,0
2025-12-27T22:30:00,979.4066977170799,979.4066977170799,0
2025-12-27T22:45:00,979.4066977170799,979.4066977170799,0
2025-12-27T23:00:00,979.4066977170799,979.4066977170799,0
2025-12-27T23:15:00,979.4066977170799,979.4066977170799,0
2025-12-27T23:30:00,979.4066977170799,979.4066977170799,0
2025-12-27T23:45:00,979.4066977170799,979.4066977170799,0
2025-12-28T00:00:00,979.4066977170799,979.4066977170799,0
2025-12-28T00:15:00,979.4066977170799,979.4066977170799,0
2025-12-28T00:30:00,979.4066977170799,979.4066977170799,0
2025-12-28T00:45:00,979.4066977170799,979.4066977170799,0
2025-12-28T01:00:00,979.4066977170799,979.4066977170799,0
2025-12-28T01:15:00,979.4066977170799,979.4066977170799,0
2025-12-28T01:30:00,979.4066977170799,979.4066977170799,0
2025-12-28T01:45:00,979.4066977170799,979.4066977170799,0
2025-12-28T02:00:00,979.4066977170799,979.4066977170799,0
2025-12-28T02:15:00,979.4066977170799,979.4066977170799,0
2025-12-28T02:30:00,979.4066977170799,979.4066977170799,0
2025-12-28T02:45:00,979.4066977170799,979.4066977170799,0
2025-12-28T03:00:00,979.4066977170799,979.4066977170799,0
2025-12-28T03:15:00,979.4066977170799,979.4066977170799,0
2025-12-28T03:30:00,979.4066977170799,979.4066977170799,0
2025-12-28T03:45:00,979.4066977170799,979.4066977170799,0
2025-12-28T04:00:00,979.4066977170799,979.4066977170799,0
2025-12-28T04:15:00,979.4066977170799,979.4066977170799,0
2025-12-28T04:30:00,979.4066977170799,979.4066977170799,0
2025-12-28T04:45:00,979.4066977170799,979.4066977170799,0
2025-12-28T05:00:00,979.4066977170799,979.4066977170799,0
2025-12-28T05:15:00,979.4066977170799,979.4066977170799,0
2025-12-28T05:30:00,979.4066977170799,979.4066977170799,0
2025-12-28T05:45:00,979.4066977170799,979.4066977170799,0
2025-12-28T06:00:00,979.4066977170799,979.4066977170799,0
2025-12-28T06:15:00,979.4066977170799,979.4066977170799,0
2025-12-28T06:30:00,979.4066977170799,979.4066977170799,0
2025-12-28T06:45:00,979.4066977170799,979.4066977170799,0
2025-12-28T07:00:00,979.4066977170799,979.4066977170799,0
2025-12-28T07:15:00,979.4066977170799,979.4066977170799,0
2025-12-28T07:30:00,979.4066977170799,979.4066977170799,0
2025-12-28T07:45:00,979.4066977170799,979.4066977170799,0
2025-12-28T08:00:00,979.4066977170799,979.4066977170799,0
2025-12-28T08:15:00,979.4066977170799,979.4066977170799,0
2025-12-28T08:30:00,979.4066977170799,979.4066977170799,0
2025-12-28T08:45:00,979.4066977170799,979.4066977170799,0
2025-12-28T09:00:00,979.4066977170799,979.4066977170799,0
2025-12-28T09:15:00,979.4066977170799,979.4066977170799,0
2025-12-28T09:30:00,979.4066977170799,979.4066977170799,0
2025-12-28T09:45:00,979.4066977170799,979.4066977170799,0
2025-12-28T10:00:00,979.4066977170799,979.4066977170799,0
2025-12-28T10:15:00,979.4066977170799,979.4066977170799,0
2025-12-28T10:30:00,979.4066977170799,979.4066977170799,0
2025-12-28T10:45:00,979.4066977170799,979.4066977170799,0
2025-12-28T11:00:00,979.4066977170799,979.4066977170799,0
2025-12-28T11:15:00,979.4066977170799,979.4066977170799,0
2025-12-28T11:30:00,979.4066977170799,979.4066977170799,0
2025-12-28T11:45:00,979.4066977170799,979.4066977170799,0
2025-12-28T12:00:00,979.4066977170799,979.4066977170799,0
2025-12-28T12:15:00,979.4066977170799,979.4066977170799,0
2025-12-28T12:30:00,979.4066977170799,979.4066977170799,0
2025-12-28T12:45:00,979.4066977170799,979.4066977170799,0
2025-12-28T13:00:00,979.4066977170799,979.4066977170799,0
2025-12-28T13:15:00,979.4066977170799,979.4066977170799,0
2025-12-28T13:30:00,979.4066977170799,979.4066977170799,0
2025-12-28T13:45:00,979.4066977170799,979.4066977170799,0
2025-12-28T14:00:00,979.4066977170799,979.4066977170799,0
2025-12-28T14:15:00,979.4066977170799,979.4066977170799,0
2025-12-28T14:30:00,979.4066977170799,979.4066977170799,0
2025-12-28T14:45:00,979.4066977170799,979.4066977170799,0
2025-12-28T15:00:00,979.4066977170799,979.4066977170799,0
2025-12-28T15:15:00,979.4066977170799,979.4066977170799,0
2025-12-28T15:30:00,979.4066977170799,979.4066977170799,0
2025-12-28T15:45:00,979.4066977170799,979.4066977170799,0
2025-12-28T16:00:00,979.4066977170799,979.4066977170799,0
2025-12-28T16:15:00,979.4066977170799,979.4066977170799,0
2025-12-28T16:30:00,979.4066977170799,979.4066977170799,0
2025-12-28T16:45:00,979.4066977170799,979.4066977170799,0
2025-12-28T17:00:00,979.4066977170799,979.4066977170799,0
2025-12-28T17:15:00,979.4066977170799,979.4066977170799,0
2025-12-28T17:30:00,979.4066977170799,979.4066977170799,0
2025-12-28T17:45:00,979.4066977170799,979.4066977170799,0
2025-12-28T18:00:00,979.4066977170799,979.4066977170799,0
2025-12-28T18:15:00,979.4066977170799,979.4066977170799,0
2025-12-28T18:30:00,979.4066977170799,979.4066977170799,0
2025-12-28T18:45:00,979.4066977170799,979.4066977170799,0
2025-12-28T19:00:00,979.4066977170799,979.4066977170799,0
2025-12-28T19:15:00,979.4066977170799,979.4066977170799,0
2025-12-28T19:30:00,979.4066977170799,979.4066977170799,0
2025-12-28T19:45:00,979.4066977170799,979.4066977170799,0
2025-12-28T20:00:00,979.4066977170799,979.4066977170799,0
2025-12-28T20:15:00,979.4066977170799,979.4066977170799,0
2025-12-28T20:30:00,979.4066977170799,979.4066977170799,0
2025-12-28T20:45:00,979.4066977170799,979.4066977170799,0
2025-12-28T21:00:00,979.4066977170799,979.4066977170799,0
2025-12-28T21:15:00,979.4066977170799,979.4066977170799,0
2025-12-28T21:30:00,979.4066977170799,979.4066977170799,0
2025-12-28T21:45:00,979.4066977170799,979.4066977170799,0
2025-12-28T22:00:00,979.4066977170799,979.4066977170799,0
2025-12-28T22:15:00,979.4066977170799,979.4066977170799,0
2025-12-28T22:30:00,979.4066977170799,979.4066977170799,0
2025-12-28T22:45:00,979.4066977170799,979.4066977170799,0
2025-12-28T23:00:00,979.4066977170799,979.4066977170799,0
2025-12-28T23:15:00,979.4066977170799,979.4066977170799,0
2025-12-28T23:30:00,979.4066977170799,979.4066977170799,0
2025-12-28T23:45:00,979.4066977170799,979.4066977170799,0
2025-12-29T00:00:00,979.4066977170799,979.4066977170799,0
2025-12-29T00:15:00,979.4066977170799,979.4066977170799,0
2025-12-29T00:30:00,979.4066977170799,979.4066977170799,0
2025-12-29T00:45:00,979.4066977170799,979.4066977170799,0
2025-12-29T01:00:00,979.4066977170799,979.4066977170799,0
2025-12-29T01:15:00,979.4066977170799,979.4066977170799,0
2025-12-29T01:30:00,979.4066977170799,979.4066977170799,0
2025-12-29T01:45:00,979.4066977170799,979.4066977170799,0
2025-12-29T02:00:00,979.4066977170799,979.4066977170799,0
2025-12-29T02:15:00,979.4066977170799,979.4066977170799,0
2025-12-29T02:30:00,979.4066977170799,979.4066977170799,0
2025-12-29T02:45:00,979.4066977170799,979.4066977170799,0
2025-12-29T03:00:00,979.4066977170799,979.4066977170799,0
2025-12-29T03:15:00,979.4066977170799,979.4066977170799,0
2025-12-29T03:30:00,979.4066977170799,979.4066977170799,0
2025-12-29T03:45:00,979.4066977170799,979.4066977170799,0
2025-12-29T04:00:00,979.4066977170799,979.4066977170799,0
2025-12-29T04:15:00,979.4066977170799,979.4066977170799,0
2025-12-29T04:30:00,979.4066977170799,979.4066977170799,0
2025-12-29T04:45:00,979.4066977170799,979.4066977170799,0
2025-12-29T05:00:00,979.4066977170799,979.4066977170799,0
2025-12-29T05:15:00,979.4066977170799,979.4066977170799,0
2025-12-29T05:30:00,979.4066977170799,979.4066977170799,0
2025-12-29T05:45:00,979.4066977170799,979.4066977170799,0
2025-12-29T06:00:00,979.4066977170799,979.4066977170799,0
2025-12-29T06:15:00,979.4066977170799,979.4066977170799,0
2025-12-29T06:30:00,979.4066977170799,979.4066977170799,0
2025-12-29T06:45:00,979.4066977170799,979.4066977170799,0
2025-12-29T07:00:00,979.4066977170799,979.4066977170799,0
2025-12-29T07:15:00,979.4066977170799,979.4066977170799,0
2025-12-29T07:30:00,979.4066977170799,979.4066977170799,0
2025-12-29T07:45:00,979.4066977170799,979.4066977170799,0
2025-12-29T08:00:00,979.4066977170799,979.4066977170799,0
2025-12-29T08:15:00,979.4066977170799,979.4066977170799,0
2025-12-29T08:30:00,979.4066977170799,979.4066977170799,0
2025-12-29T08:45:00,979.4066977170799,979.4066977170799,0
2025-12-29T09:00:00,979.4066977170799,979.4066977170799,0
2025-12-29T09:15:00,979.4066977170799,979.4066977170799,0
2025-12-29T09:30:00,979.4066977170799,979.4066977170799,0
2025-12-29T09:45:00,979.4066977170799,979.4066977170799,0
2025-12-29T10:00:00,979.4066977170799,979.4066977170799,0
2025-12-29T10:15:00,979.4066977170799,979.4066977170799,0
2025-12-29T10:30:00,979.4066977170799,979.4066977170799,0
2025-12-29T10:45:00,979.4066977170799,979.4066977170799,0
2025-12-29T11:00:00,979.4066977170799,979.4066977170799,0
2025-12-29T11:15:00,979.4066977170799,979.4066977170799,0
2025-12-29T11:30:00,979.4066977170799,979.4066977170799,0
2025-12-29T11:45:00,979.4066977170799,979.4066977170799,0
2025-12-29T12:00:00,979.4066977170799,979.4066977170799,0
2025-12-29T12:15:00,979.4066977170799,979.4066977170799,0
2025-12-29T12:30:00,979.4066977170799,979.4066977170799,0
2025-12-29T12:45:00,979.4066977170799,979.4066977170799,0
2025-12-29T13:00:00,979.4066977170799,979.4066977170799,0
2025-12-29T13:15:00,979.4066977170799,979.4066977170799,0
2025-12-29T13:30:00,979.4066977170799,979.4066977170799,0
2025-12-29T13:45:00,979.4066977170799,979.4066977170799,0
2025-12-29T14:00:00,979.4066977170799,979.4066977170799,0
2025-12-29T14:15:00,979.4066977170799,979.4066977170799,0
2025-12-29T14:30:00,979.4066977170799,979.4066977170799,0
2025-12-29T14:45:00,979.4066977170799,979.4066977170799,0
2025-12-29T15:00:00,979.4066977170799,979.4066977170799,0
2025-12-29T15:15:00,979.4066977170799,979.4066977170799,0
2025-12-29T15:30:00,979.4066977170799,979.4066977170799,0
2025-12-29T15:45:00,979.4066977170799,979.4066977170799,0
2025-12-29T16:00:00,979.4066977170799,979.4066977170799,0
2025-12-29T16:15:00,979.4066977170799,979.4066977170799,0
2025-12-29T16:30:00,979.4066977170799,979.4066977170799,0
2025-12-29T16:45:00,979.4066977170799,979.4066977170799,0
2025-12-29T17:00:00,979.4066977170799,979.4066977170799,0
2025-12-29T17:15:00,979.4066977170799,979.4066977170799,0
2025-12-29T17:30:00,979.4066977170799,979.4066977170799,0
2025-12-29T17:45:00,979.4066977170799,979.4066977170799,0
2025-12-29T18:00:00,979.4066977170799,979.4066977170799,0
2025-12-29T18:15:00,979.4066977170799,979.4066977170799,0
2025-12-29T18:30:00,979.4066977170799,979.4066977170799,0
2025-12-29T18:45:00,979.4066977170799,979.4066977170799,0
2025-12-29T19:00:00,979.4066977170799,979.4066977170799,0
2025-12-29T19:15:00,979.4066977170799,979.4066977170799,0
2025-12-29T19:30:00,979.4066977170799,979.4066977170799,0
2025-12-29T19:45:00,979.4066977170799,979.4066977170799,0
2025-12-29T20:00:00,979.4066977170799,979.4066977170799,0
2025-12-29T20:15:00,979.4066977170799,979.4066977170799,0
2025-12-29T20:30:00,979.4066977170799,979.4066977170799,0
2025-12-29T20:45:00,979.4066977170799,979.4066977170799,0
2025-12-29T21:00:00,979.4066977170799,979.4066977170799,0
2025-12-29T21:15:00,979.4066977170799,979.4066977170799,0
2025-12-29T21:30:00,979.4066977170799,979.4066977170799,0
2025-12-29T21:45:00,979.4066977170799,979.4066977170799,0
2025-12-29T22:00:00,979.4066977170799,979.4066977170799,0
2025-12-29T22:15:00,979.4066977170799,979.4066977170799,0
2025-12-29T22:30:00,979.4066977170799,979.4066977170799,0
2025-12-29T22:45:00,979.4066977170799,979.4066977170799,0
2025-12-29T23:00:00,979.4066977170799,979.4066977170799,0
2025-12-29T23:15:00,979.4066977170799,979.4066977170799,0
2025-12-29T23:30:00,979.4066977170799,979.4066977170799,0
2025-12-29T23:45:00,979.4066977170799,979.4066977170799,0
2025-12-30T00:00:00,979.4066977170799,979.4066977170799,0
2025-12-30T00:15:00,979.4066977170799,979.4066977170799,0
2025-12-30T00:30:00,979.4066977170799,979.4066977170799,0
2025-12-30T00:45:00,979.4066977170799,979.4066977170799,0
2025-12-30T01:00:00,979.4066977170799,979.4066977170799,0
2025-12-30T01:15:00,979.4066977170799,979.4066977170799,0
2025-12-30T01:30:00,979.4066977170799,979.4066977170799,0
2025-12-30T01:45:00,979.4066977170799,979.4066977170799,0
2025-12-30T02:00:00,979.4066977170799,979.4066977170799,0
2025-12-30T02:15:00,979.4066977170799,979.4066977170799,0
2025-12-30T02:30:00,979.4066977170799,979.4066977170799,0
2025-12-30T02:45:00,979.4066977170799,979.4066977170799,0
2025-12-30T03:00:00,979.4066977170799,979.4066977170799,0
2025-12-30T03:15:00,979.4066977170799,979.4066977170799,0
2025-12-30T03:30:00,979.4066977170799,979.4066977170799,0
2025-12-30T03:45:00,979.4066977170799,979.4066977170799,0
2025-12-30T04:00:00,979.4066977170799,979.4066977170799,0
2025-12-30T04:15:00,979.4066977170799,979.4066977170799,0
2025-12-30T04:30:00,979.4066977170799,979.4066977170799,0
2025-12-30T04:45:00,979.4066977170799,979.4066977170799,0
2025-12-30T05:00:00,979.4066977170799,979.4066977170799,0
2025-12-30T05:15:00,979.4066977170799,979.4066977170799,0
2025-12-30T05:30:00,979.4066977170799,979.4066977170799,0
2025-12-30T05:45:00,979.4066977170799,979.4066977170799,0
2025-12-30T06:00:00,979.4066977170799,979.4066977170799,0
2025-12-30T06:15:00,979.4066977170799,979.4066977170799,0
2025-12-30T06:30:00,979.4066977170799,979.4066977170799,0
2025-12-30T06:45:00,979.4066977170799,979.4066977170799,0
2025-12-30T07:00:00,979.4066977170799,979.4066977170799,0
2025-12-30T07:15:00,979.4066977170799,979.4066977170799,0
2025-12-30T07:30:00,979.4066977170799,979.4066977170799,0
2025-12-30T07:45:00,979.4066977170799,979.4066977170799,0
2025-12-30T08:00:00,979.4066977170799,979.4066977170799,0
2025-12-30T08:15:00,979.4066977170799,979.4066977170799,0
2025-12-30T08:30:00,979.4066977170799,979.4066977170799,0
2025-12-30T08:45:00,979.4066977170799,979.4066977170799,0
2025-12-30T09:00:00,979.4066977170799,979.4066977170799,0
2025-12-30T09:15:00,979.4066977170799,979.4066977170799,0
2025-12-30T09:30:00,979.4066977170799,979.4066977170799,0
2025-12-30T09:45:00,979.4066977170799,979.4066977170799,0
2025-12-30T10:00:00,979.4066977170799,979.4066977170799,0
2025-12-30T10:15:00,979.4066977170799,979.4066977170799,0
2025-12-30T10:30:00,979.4066977170799,979.4066977170799,0
2025-12-30T10:45:00,979.4066977170799,979.4066977170799,0
2025-12-30T11:00:00,979.4066977170799,979.4066977170799,0
2025-12-30T11:15:00,979.4066977170799,979.4066977170799,0
2025-12-30T11:30:00,979.4066977170799,979.4066977170799,0
2025-12-30T11:45:00,979.4066977170799,979.4066977170799,0
2025-12-30T12:00:00,979.4066977170799,979.4066977170799,0
2025-12-30T12:15:00,979.4066977170799,979.4066977170799,0
2025-12-30T12:30:00,979.4066977170799,979.4066977170799,0
2025-12-30T12:45:00,979.4066977170799,979.4066977170799,0
2025-12-30T13:00:00,979.4066977170799,979.4066977170799,0
2025-12-30T13:15:00,979.4066977170799,979.4066977170799,0
2025-12-30T13:30:00,979.4066977170799,979.4066977170799,0
2025-12-30T13:45:00,979.4066977170799,979.4066977170799,0
2025-12-30T14:00:00,979.4066977170799,979.4066977170799,0
2025-12-30T14:15:00,979.4066977170799,979.4066977170799,0
2025-12-30T14:30:00,979.4066977170799,979.4066977170799,0
2025-12-30T14:45:00,979.4066977170799,979.4066977170799,0
2025-12-30T15:00:00,979.4066977170799,979.4066977170799,0
2025-12-30T15:15:00,979.4066977170799,979.4066977170799,0
2025-12-30T15:30:00,979.4066977170799,979.4066977170799,0
2025-12-30T15:45:00,979.4066977170799,979.4066977170799,0
2025-12-30T16:00:00,979.4066977170799,979.4066977170799,0
2025-12-30T16:15:00,979.4066977170799,979.4066977170799,0
2025-12-30T16:30:00,979.4066977170799,979.4066977170799,0
2025-12-30T16:45:00,979.4066977170799,979.4066977170799,0
2025-12-30T17:00:00,979.4066977170799,979.4066977170799,0
2025-12-30T17:15:00,979.4066977170799,979.4066977170799,0
2025-12-30T17:30:00,979.4066977170799,979.4066977170799,0
2025-12-30T17:45:00,979.4066977170799,979.4066977170799,0
2025-12-30T18:00:00,979.4066977170799,979.4066977170799,0
2025-12-30T18:15:00,979.4066977170799,979.4066977170799,0
2025-12-30T18:30:00,979.4066977170799,979.4066977170799,0
2025-12-30T18:45:00,979.4066977170799,979.4066977170799,0
2025-12-30T19:00:00,979.4066977170799,979.4066977170799,0
2025-12-30T19:15:00,979.4066977170799,979.4066977170799,0
2025-12-30T19:30:00,979.4066977170799,979.4066977170799,0
2025-12-30T19:45:00,979.4066977170799,979.4066977170799,0
2025-12-30T20:00:00,979.4066977170799,979.4066977170799,0
2025-12-30T20:15:00,979.4066977170799,979.4066977170799,0
2025-12-30T20:30:00,979.4066977170799,979.4066977170799,0
2025-12-30T20:45:00,979.4066977170799,979.4066977170799,0
2025-12-30T21:00:00,979.4066977170799,979.4066977170799,0
2025-12-30T21:15:00,979.4066977170799,979.4066977170799,0
2025-12-30T21:30:00,979.4066977170799,979.4066977170799,0
2025-12-30T21:45:00,979.4066977170799,979.4066977170799,0
2025-12-30T22:00:00,979.4066977170799,979.4066977170799,0
2025-12-30T22:15:00,979.4066977170799,979.4066977170799,0
2025-12-30T22:30:00,979.4066977170799,979.4066977170799,0
2025-12-30T22:45:00,979.4066977170799,979.4066977170799,0
2025-12-30T23:00:00,979.4066977170799,979.4066977170799,0
2025-12-30T23:15:00,979.4066977170799,979.4066977170799,0
2025-12-30T23:30:00,979.4066977170799,979.4066977170799,0
2025-12-30T23:45:00,979.4066977170799,979.4066977170799,0
2025-12-31T00:00:00,979.4066977170799,979.4066977170799,0
2025-12-31T00:15:00,979.4066977170799,979.4066977170799,0
2025-12-31T00:30:00,979.4066977170799,979.4066977170799,0
2025-12-31T00:45:00,979.4066977170799,979.4066977170799,0
2025-12-31T01:00:00,979.4066977170799,979.4066977170799,0
2025-12-31T01:15:00,979.4066977170799,979.4066977170799,0
2025-12-31T01:30:00,979.4066977170799,979.4066977170799,0
2025-12-31T01:45:00,979.4066977170799,979.4066977170799,0
2025-12-31T02:00:00,979.4066977170799,979.4066977170799,0
2025-12-31T02:15:00,979.4066977170799,979.4066977170799,0
2025-12-31T02:30:00,979.4066977170799,979.4066977170799,0
2025-12-31T02:45:00,979.4066977170799,979.4066977170799,0
2025-12-31T03:00:00,979.4066977170799,979.4066977170799,0
2025-12-31T03:15:00,979.4066977170799,979.4066977170799,0
2025-12-31T03:30:00,979.4066977170799,979.4066977170799,0
2025-12-31T03:45:00,979.4066977170799,979.4066977170799,0
2025-12-31T04:00:00,979.4066977170799,979.4066977170799,0
2025-12-31T04:15:00,979.4066977170799,979.4066977170799,0
2025-12-31T04:30:00,979.4066977170799,979.4066977170799,0
2025-12-31T04:45:00,979.4066977170799,979.4066977170799,0
2025-12-31T05:00:00,979.4066977170799,979.4066977170799,0
2025-12-31T05:15:00,979.4066977170799,979.4066977170799,0
2025-12-31T05:30:00,979.4066977170799,979.4066977170799,0
2025-12-31T05:45:00,979.4066977170799,979.4066977170799,0
2025-12-31T06:00:00,979.4066977170799,979.4066977170799,0
2025-12-31T06:15:00,979.4066977170799,979.4066977170799,0
2025-12-31T06:30:00,979.4066977170799,979.4066977170799,0
2025-12-31T06:45:00,979.4066977170799,979.4066977170799,0
2025-12-31T07:00:00,979.4066977170799,979.4066977170799,0
2025-12-31T07:15:00,979.4066977170799,979.4066977170799,0
2025-12-31T07:30:00,979.4066977170799,979.4066977170799,0
2025-12-31T07:45:00,979.4066977170799,979.4066977170799,0
2025-12-31T08:00:00,979.4066977170799,979.4066977170799,0
2025-12-31T08:15:00,979.4066977170799,979.4066977170799,0
2025-12-31T08:30:00,979.4066977170799,979.4066977170799,0
2025-12-31T08:45:00,979.4066977170799,979.4066977170799,0
2025-12-31T09:00:00,979.4066977170799,979.4066977170799,0
2025-12-31T09:15:00,979.4066977170799,979.4066977170799,0
2025-12-31T09:30:00,979.4066977170799,979.4066977170799,0
2025-12-31T09:45:00,979.4066977170799,979.4066977170799,0
2025-12-31T10:00:00,979.4066977170799,979.4066977170799,0
2025-12-31T10:15:00,979.4066977170799,979.4066977170799,0
2025-12-31T10:30:00,979.4066977170799,979.4066977170799,0
2025-12-31T10:45:00,979.4066977170799,979.4066977170799,0
2025-12-31T11:00:00,979.4066977170799,979.4066977170799,0
2025-12-31T11:15:00,979.4066977170799,979.4066977170799,0
2025-12-31T11:30:00,979.4066977170799,979.4066977170799,0
2025-12-31T11:45:00,979.4066977170799,979.4066977170799,0
2025-12-31T12:00:00,979.4066977170799,979.4066977170799,0
2025-12-31T12:15:00,979.4066977170799,979.4066977170799,0
2025-12-31T12:30:00,979.4066977170799,979.4066977170799,0
2025-12-31T12:45:00,979.4066977170799,979.4066977170799,0
2025-12-31T13:00:00,979.4066977170799,979.4066977170799,0
2025-12-31T13:15:00,979.4066977170799,979.4066977170799,0
2025-12-31T13:30:00,979.4066977170799,979.4066977170799,0
2025-12-31T13:45:00,979.4066977170799,979.4066977170799,0
2025-12-31T14:00:00,979.4066977170799,979.4066977170799,0
2025-12-31T14:15:00,979.4066977170799,979.4066977170799,0
2025-12-31T14:30:00,979.4066977170799,979.4066977170799,0
2025-12-31T14:45:00,979.4066977170799,979.4066977170799,0
2025-12-31T15:00:00,979.4066977170799,979.4066977170799,0
2025-12-31T15:15:00,979.4066977170799,979.4066977170799,0
2025-12-31T15:30:00,979.4066977170799,979.4066977170799,0
2025-12-31T15:45:00,979.4066977170799,979.4066977170799,0
2025-12-31T16:00:00,979.4066977170799,979.4066977170799,0
2025-12-31T16:15:00,979.4066977170799,979.4066977170799,0
2025-12-31T16:30:00,979.4066977170799,979.4066977170799,0
2025-12-31T16:45:00,979.4066977170799,979.4066977170799,0
2025-12-31T17:00:00,979.4066977170799,979.4066977170799,0
2025-12-31T17:15:00,979.4066977170799,979.4066977170799,0
2025-12-31T17:30:00,979.4066977170799,979.4066977170799,0
2025-12-31T17:45:00,979.4066977170799,979.4066977170799,0
2025-12-31T18:00:00,979.4066977170799,979.4066977170799,0
2025-12-31T18:15:00,979.4066977170799,979.4066977170799,0
2025-12-31T18:30:00,979.4066977170799,979.4066977170799,0
2025-12-31T18:45:00,979.4066977170799,979.4066977170799,0
2025-12-31T19:00:00,979.4066977170799,979.4066977170799,0
2025-12-31T19:15:00,979.4066977170799,979.4066977170799,0
2025-12-31T19:30:00,979.4066977170799,979.4066977170799,0
2025-12-31T19:45:00,979.4066977170799,979.4066977170799,0
2025-12-31T20:00:00,979.4066977170799,979.4066977170799,0
2025-12-31T20:15:00,979.4066977170799,979.4066977170799,0
2025-12-31T20:30:00,979.4066977170799,979.4066977170799,0
2025-12-31T20:45:00,979.4066977170799,979.4066977170799,0
2025-12-31T21:00:00,979.4066977170799,979.4066977170799,0
2025-12-31T21:15:00,979.4066977170799,979.4066977170799,0
2025-12-31T21:30:00,979.4066977170799,979.4066977170799,0
2025-12-31T21:45:00,979.4066977170799,979.4066977170799,0
2025-12-31T22:00:00,979.4066977170799,979.4066977170799,0
2025-12-31T22:15:00,979.4066977170799,979.4066977170799,0
2025-12-31T22:30:00,979.4066977170799,979.4066977170799,0
2025-12-31T22:45:00,979.4066977170799,979.4066977170799,0
2025-12-31T23:00:00,979.4066977170799,979.4066977170799,0
2025-12-31T23:15:00,979.4066977170799,979.4066977170799,0
2025-12-31T23:30:00,979.4066977170799,979.4066977170799,0
2025-12-31T23:45:00,979.4066977170799,979.4066977170799,0
2026-01-01T00:00:00,979.4066977170799,979.4066977170799,0
2026-01-01T00:15:00,979.4066977170799,979.4066977170799,0
2026-01-01T00:30:00,979.4066977170799,979.4066977170799,0
2026-01-01T00:45:00,979.4066977170799,979.4066977170799,0
2026-01-01T01:00:00,979.4066977170799,979.4066977170799,0
2026-01-01T01:15:00,979.4066977170799,979.4066977170799,0
2026-01-01T01:30:00,979.4066977170799,979.4066977170799,0
2026-01-01T01:45:00,979.4066977170799,979.4066977170799,0
2026-01-01T02:00:00,979.4066977170799,979.4066977170799,0
2026-01-01T02:15:00,979.4066977170799,979.4066977170799,0
2026-01-01T02:30:00,979.4066977170799,979.4066977170799,0
2026-01-01T02:45:00,979.4066977170799,979.4066977170799,0
2026-01-01T03:00:00,979.4066977170799,979.4066977170799,0
2026-01-01T03:15:00,979.4066977170799,979.4066977170799,0
2026-01-01T03:30:00,979.4066977170799,979.4066977170799,0
2026-01-01T03:45:00,979.4066977170799,979.4066977170799,0
2026-01-01T04:00:00,979.4066977170799,979.4066977170799,0
2026-01-01T04:15:00,979.4066977170799,979.4066977170799,0
2026-01-01T04:30:00,979.4066977170799,979.4066977170799,0
2026-01-01T04:45:00,979.4066977170799,979.4066977170799,0
2026-01-01T05:00:00,979.4066977170799,979.4066977170799,0
2026-01-01T05:15:00,979.4066977170799,979.4066977170799,0
2026-01-01T05:30:00,979.4066977170799,979.4066977170799,0
2026-01-01T05:45:00,979.4066977170799,979.4066977170799,0
2026-01-01T06:00:00,979.4066977170799,979.4066977170799,0
2026-01-01T06:15:00,979.4066977170799,979.4066977170799,0
2026-01-01T06:30:00,979.4066977170799,979.4066977170799,0
2026-01-01T06:45:00,979.4066977170799,979.4066977170799,0
2026-01-01T07:00:00,979.4066977170799,979.4066977170799,0
2026-01-01T07:15:00,979.4066977170799,979.4066977170799,0
2026-01-01T07:30:00,979.4066977170799,979.4066977170799,0
2026-01-01T07:45:00,979.4066977170799,979.4066977170799,0
2026-01-01T08:00:00,979.4066977170799,979.4066977170799,0
2026-01-01T08:15:00,979.4066977170799,979.4066977170799,0
2026-01-01T08:30:00,979.4066977170799,979.4066977170799,0
2026-01-01T08:45:00,979.4066977170799,979.4066977170799,0
2026-01-01T09:00:00,979.4066977170799,979.4066977170799,0
2026-01-01T09:15:00,979.4066977170799,979.4066977170799,0
2026-01-01T09:30:00,979.4066977170799,979.4066977170799,0
2026-01-01T09:45:00,979.4066977170799,979.4066977170799,0
2026-01-01T10:00:00,979.4066977170799,979.4066977170799,0
2026-01-01T10:15:00,979.4066977170799,979.4066977170799,0
2026-01-01T10:30:00,979.4066977170799,979.4066977170799,0
2026-01-01T10:45:00,979.4066977170799,979.4066977170799,0
2026-01-01T11:00:00,979.4066977170799,979.4066977170799,0
2026-01-01T11:15:00,979.4066977170799,979.4066977170799,0
2026-01-01T11:30:00,979.4066977170799,979.4066977170799,0
2026-01-01T11:45:00,979.4066977170799,979.4066977170799,0
2026-01-01T12:00:00,979.4066977170799,979.4066977170799,0
2026-01-01T12:15:00,979.4066977170799,979.4066977170799,0
2026-01-01T12:30:00,979.4066977170799,979.4066977170799,0
2026-01-01T12:45:00,979.4066977170799,979.4066977170799,0
2026-01-01T13:00:00,979.4066977170799,979.4066977170799,0
2026-01-01T13:15:00,979.4066977170799,979.4066977170799,0
2026-01-01T13:30:00,979.4066977170799,979.4066977170799,0
2026-01-01T13:45:00,979.4066977170799,979.4066977170799,0
2026-01-01T14:00:00,979.4066977170799,979.4066977170799,0
2026-01-01T14:15:00,979.4066977170799,979.4066977170799,0
2026-01-01T14:30:00,979.4066977170799,979.4066977170799,0
2026-01-01T14:45:00,979.4066977170799,979.4066977170799,0
2026-01-01T15:00:00,979.4066977170799,979.4066977170799,0
2026-01-01T15:15:00,979.4066977170799,979.4066977170799,0
2026-01-01T15:30:00,979.4066977170799,979.4066977170799,0
2026-01-01T15:45:00,979.4066977170799,979.4066977170799,0
2026-01-01T16:00:00,979.4066977170799,979.4066977170799,0
2026-01-01T16:15:00,979.4066977170799,979.4066977170799,0
2026-01-01T16:30:00,979.4066977170799,979.4066977170799,0
2026-01-01T16:45:00,979.4066977170799,979.4066977170799,0
2026-01-01T17:00:00,979.4066977170799,979.4066977170799,0
2026-01-01T17:15:00,979.4066977170799,979.4066977170799,0
2026-01-01T17:30:00,979.4066977170799,979.4066977170799,0
2026-01-01T17:45:00,979.4066977170799,979.4066977170799,0
2026-01-01T18:00:00,979.4066977170799,979.4066977170799,0
2026-01-01T18:15:00,979.4066977170799,979.4066977170799,0
2026-01-01T18:30:00,979.4066977170799,979.4066977170799,0
2026-01-01T18:45:00,979.4066977170799,979.4066977170799,0
2026-01-01T19:00:00,979.4066977170799,979.4066977170799,0
2026-01-01T19:15:00,979.4066977170799,979.4066977170799,0
2026-01-01T19:30:00,979.4066977170799,979.4066977170799,0
2026-01-01T19:45:00,979.4066977170799,979.4066977170799,0
2026-01-01T20:00:00,979.4066977170799,979.4066977170799,0
2026-01-01T20:15:00,979.4066977170799,979.4066977170799,0
2026-01-01T20:30:00,979.4066977170799,979.4066977170799,0
2026-01-01T20:45:00,979.4066977170799,979.4066977170799,0
2026-01-01T21:00:00,979.4066977170799,979.4066977170799,0
2026-01-01T21:15:00,979.4066977170799,979.4066977170799,0
2026-01-01T21:30:00,979.4066977170799,979.4066977170799,0
2026-01-01T21:45:00,979.4066977170799,979.4066977170799,0
2026-01-01T22:00:00,979.4066977170799,979.4066977170799,0
2026-01-01T22:15:00,979.4066977170799,979.4066977170799,0
2026-01-01T22:30:00,979.4066977170799,979.4066977170799,0
2026-01-01T22:45:00,979.4066977170799,979.4066977170799,0
2026-01-01T23:00:00,979.4066977170799,979.4066977170799,0
2026-01-01T23:15:00,978.663228772624,881.3093228737371,1
2026-01-01T23:30:00,979.2138892365197,881.3093228737371,1
2026-01-01T23:45:00,978.572102927535,881.3093228737371,1
2026-01-02T00:00:00,978.0253478570003,881.3093228737371,1
2026-01-02T00:15:00,978.3286667413684,881.3093228737371,1
2026-01-02T00:30:00,977.8990734716625,881.3093228737371,1
2026-01-02T00:45:00,978.8259534959974,881.3093228737371,1
2026-01-02T01:00:00,978.7257150663994,881.3093228737371,1
2026-01-02T01:15:00,978.3494955059601,881.3093228737371,1
2026-01-02T01:30:00,977.8022156893294,977.8022156893294,0
2026-01-02T01:45:00,977.8022156893294,977.8022156893294,0
2026-01-02T02:00:00,977.8022156893294,977.8022156893294,0
2026-01-02T02:15:00,977.8022156893294,977.8022156893294,0
2026-01-02T02:30:00,977.8022156893294,977.8022156893294,0
2026-01-02T02:45:00,977.8022156893294,977.8022156893294,0
2026-01-02T03:00:00,977.8022156893294,977.8022156893294,0
2026-01-02T03:15:00,977.8022156893294,977.8022156893294,0
2026-01-02T03:30:00,977.8022156893294,977.8022156893294,0
2026-01-02T03:45:00,977.8022156893294,977.8022156893294,0
2026-01-02T04:00:00,977.8022156893294,977.8022156893294,0
2026-01-02T04:15:00,977.8022156893294,977.8022156893294,0
2026-01-02T04:30:00,977.8022156893294,977.8022156893294,0
2026-01-02T04:45:00,977.8022156893294,977.8022156893294,0
2026-01-02T05:00:00,977.8022156893294,977.8022156893294,0
2026-01-02T05:15:00,977.8022156893294,977.8022156893294,0
2026-01-02T05:30:00,977.8022156893294,977.8022156893294,0
2026-01-02T05:45:00,977.8022156893294,977.8022156893294,0
2026-01-02T06:00:00,977.8022156893294,977.8022156893294,0
2026-01-02T06:15:00,977.8022156893294,977.8022156893294,0
2026-01-02T06:30:00,977.0599647093437,879.8655457658862,1
2026-01-02T06:45:00,976.2154142129648,879.8655457658862,1
2026-01-02T07:00:00,976.6582882537489,879.8655457658862,1
2026-01-02T07:15:00,975.988827494424,879.8655457658862,1
2026-01-02T07:30:00,975.1996362531431,879.8655457658862,1
2026-01-02T07:45:00,974.8002081459755,974.8002081459755,0
2026-01-02T08:00:00,974.8002081459755,974.8002081459755,0
2026-01-02T08:15:00,974.8002081459755,974.8002081459755,0
2026-01-02T08:30:00,974.8002081459755,974.8002081459755,0
2026-01-02T08:45:00,974.8002081459755,974.8002081459755,0
2026-01-02T09:00:00,974.8002081459755,974.8002081459755,0
2026-01-02T09:15:00,974.8002081459755,974.8002081459755,0
2026-01-02T09:30:00,974.8002081459755,974.8002081459755,0
2026-01-02T09:45:00,974.8002081459755,974.8002081459755,0
2026-01-02T10:00:00,974.8002081459755,974.8002081459755,0
2026-01-02T10:15:00,974.8002081459755,974.8002081459755,0
2026-01-02T10:30:00,974.8002081459755,974.8002081459755,0
2026-01-02T10:45:00,974.8002081459755,974.8002081459755,0
2026-01-02T11:00:00,974.8002081459755,974.8002081459755,0
2026-01-02T11:15:00,974.8002081459755,974.8002081459755,0
2026-01-02T11:30:00,974.8002081459755,974.8002081459755,0
2026-01-02T11:45:00,974.8002081459755,974.8002081459755,0
2026-01-02T12:00:00,974.8002081459755,974.8002081459755,0
2026-01-02T12:15:00,974.8002081459755,974.8002081459755,0
2026-01-02T12:30:00,974.8002081459755,974.8002081459755,0
2026-01-02T12:45:00,974.8002081459755,974.8002081459755,0
2026-01-02T13:00:00,974.8002081459755,974.8002081459755,0
2026-01-02T13:15:00,974.8002081459755,974.8002081459755,0
2026-01-02T13:30:00,974.8002081459755,974.8002081459755,0
2026-01-02T13:45:00,974.8002081459755,974.8002081459755,0
2026-01-02T14:00:00,974.8002081459755,974.8002081459755,0
2026-01-02T14:15:00,974.8002081459755,974.8002081459755,0
2026-01-02T14:30:00,974.8002081459755,974.8002081459755,0
2026-01-02T14:45:00,974.8002081459755,974.8002081459755,0
2026-01-02T15:00:00,974.8002081459755,974.8002081459755,0
2026-01-02T15:15:00,974.8002081459755,974.8002081459755,0
2026-01-02T15:30:00,974.8002081459755,974.8002081459755,0
2026-01-02T15:45:00,974.8002081459755,974.8002081459755,0
2026-01-02T16:00:00,974.8002081459755,974.8002081459755,0
2026-01-02T16:15:00,974.8002081459755,974.8002081459755,0
2026-01-02T16:30:00,974.8002081459755,974.8002081459755,0
2026-01-02T16:45:00,974.8002081459755,974.8002081459755,0
2026-01-02T17:00:00,974.0602359939626,877.1642192980746,1
2026-01-02T17:15:00,973.3779715263934,877.1642192980746,1
2026-01-02T17:30:00,972.8495266842397,877.1642192980746,1
2026-01-02T17:45:00,972.1263263486162,877.1642192980746,1
2026-01-02T18:00:00,972.2255648166263,877.1642192980746,1
2026-01-02T18:15:00,972.1871099102724,877.1642192980746,1
2026-01-02T18:30:00,970.4638141705285,970.4638141705285,0
2026-01-02T18:45:00,970.4638141705285,970.4638141705285,0
2026-01-02T19:00:00,970.4638141705285,970.4638141705285,0
2026-01-02T19:15:00,970.4638141705285,970.4638141705285,0
2026-01-02T19:30:00,970.4638141705285,970.4638141705285,0
2026-01-02T19:45:00,970.4638141705285,970.4638141705285,0
2026-01-02T20:00:00,970.4638141705285,970.4638141705285,0
2026-01-02T20:15:00,970.4638141705285,970.4638141705285,0
2026-01-02T20:30:00,970.4638141705285,970.4638141705285,0
2026-01-02T20:45:00,970.4638141705285,970.4638141705285,0
2026-01-02T21:00:00,970.4638141705285,970.4638141705285,0
2026-01-02T21:15:00,970.4638141705285,970.4638141705285,0
2026-01-02T21:30:00,970.4638141705285,970.4638141705285,0
2026-01-02T21:45:00,970.4638141705285,970.4638141705285,0
2026-01-02T22:00:00,970.4638141705285,970.4638141705285,0
2026-01-02T22:15:00,970.4638141705285,970.4638141705285,0
2026-01-02T22:30:00,970.4638141705285,970.4638141705285,0
2026-01-02T22:45:00,970.4638141705285,970.4638141705285,0
2026-01-02T23:00:00,970.4638141705285,970.4638141705285,0
2026-01-02T23:15:00,970.4638141705285,970.4638141705285,0
2026-01-02T23:30:00,970.4638141705285,970.4638141705285,0
2026-01-02T23:45:00,970.4638141705285,970.4638141705285,0
2026-01-03T00:00:00,970.4638141705285,970.4638141705285,0
2026-01-03T00:15:00,970.4638141705285,970.4638141705285,0
2026-01-03T00:30:00,970.4638141705285,970.4638141705285,0
2026-01-03T00:45:00,970.4638141705285,970.4638141705285,0
2026-01-03T01:00:00,970.4638141705285,970.4638141705285,0
2026-01-03T01:15:00,970.4638141705285,970.4638141705285,0
2026-01-03T01:30:00,970.4638141705285,970.4638141705285,0
2026-01-03T01:45:00,970.4638141705285,970.4638141705285,0
2026-01-03T02:00:00,970.4638141705285,970.4638141705285,0
2026-01-03T02:15:00,970.4638141705285,970.4638141705285,0
2026-01-03T02:30:00,970.4638141705285,970.4638141705285,0
2026-01-03T02:45:00,970.4638141705285,970.4638141705285,0
2026-01-03T03:00:00,970.4638141705285,970.4638141705285,0
2026-01-03T03:15:00,970.4638141705285,970.4638141705285,0
2026-01-03T03:30:00,970.4638141705285,970.4638141705285,0
2026-01-03T03:45:00,970.4638141705285,970.4638141705285,0
2026-01-03T04:00:00,970.4638141705285,970.4638141705285,0
2026-01-03T04:15:00,970.4638141705285,970.4638141705285,0
2026-01-03T04:30:00,970.4638141705285,970.4638141705285,0
2026-01-03T04:45:00,970.4638141705285,970.4638141705285,0
2026-01-03T05:00:00,970.4638141705285,970.4638141705285,0
2026-01-03T05:15:00,970.4638141705285,970.4638141705285,0
2026-01-03T05:30:00,970.4638141705285,970.4638141705285,0
2026-01-03T05:45:00,970.4638141705285,970.4638141705285,0
2026-01-03T06:00:00,970.4638141705285,970.4638141705285,0
2026-01-03T06:15:00,970.4638141705285,970.4638141705285,0
2026-01-03T06:30:00,970.4638141705285,970.4638141705285,0
2026-01-03T06:45:00,970.4638141705285,970.4638141705285,0
2026-01-03T07:00:00,970.4638141705285,970.4638141705285,0
2026-01-03T07:15:00,970.4638141705285,970.4638141705285,0
2026-01-03T07:30:00,970.4638141705285,970.4638141705285,0
2026-01-03T07:45:00,970.4638141705285,970.4638141705285,0
2026-01-03T08:00:00,970.4638141705285,970.4638141705285,0
2026-01-03T08:15:00,970.4638141705285,970.4638141705285,0
2026-01-03T08:30:00,970.4638141705285,970.4638141705285,0
2026-01-03T08:45:00,970.4638141705285,970.4638141705285,0
2026-01-03T09:00:00,970.4638141705285,970.4638141705285,0
2026-01-03T09:15:00,970.4638141705285,970.4638141705285,0
2026-01-03T09:30:00,970.4638141705285,970.4638141705285,0
2026-01-03T09:45:00,970.4638141705285,970.4638141705285,0
2026-01-03T10:00:00,970.4638141705285,970.4638141705285,0
2026-01-03T10:15:00,970.4638141705285,970.4638141705285,0
2026-01-03T10:30:00,970.4638141705285,970.4638141705285,0
2026-01-03T10:45:00,970.4638141705285,970.4638141705285,0
2026-01-03T11:00:00,970.4638141705285,970.4638141705285,0
2026-01-03T11:15:00,970.4638141705285,970.4638141705285,0
2026-01-03T11:30:00,970.4638141705285,970.4638141705285,0
2026-01-03T11:45:00,970.4638141705285,970.4638141705285,0
2026-01-03T12:00:00,970.4638141705285,970.4638141705285,0
2026-01-03T12:15:00,970.4638141705285,970.4638141705285,0
2026-01-03T12:30:00,970.4638141705285,970.4638141705285,0
2026-01-03T12:45:00,970.4638141705285,970.4638141705285,0
2026-01-03T13:00:00,970.4638141705285,970.4638141705285,0
2026-01-03T13:15:00,970.4638141705285,970.4638141705285,0
2026-01-03T13:30:00,970.4638141705285,970.4638141705285,0
2026-01-03T13:45:00,970.4638141705285,970.4638141705285,0
2026-01-03T14:00:00,970.4638141705285,970.4638141705285,0
2026-01-03T14:15:00,970.4638141705285,970.4638141705285,0
2026-01-03T14:30:00,970.4638141705285,970.4638141705285,0
2026-01-03T14:45:00,970.4638141705285,970.4638141705285,0
2026-01-03T15:00:00,970.4638141705285,970.4638141705285,0
2026-01-03T15:15:00,970.4638141705285,970.4638141705285,0
2026-01-03T15:30:00,970.4638141705285,970.4638141705285,0
2026-01-03T15:45:00,970.4638141705285,970.4638141705285,0
2026-01-03T16:00:00,970.4638141705285,970.4638141705285,0
2026-01-03T16:15:00,970.4638141705285,970.4638141705285,0
2026-01-03T16:30:00,970.4638141705285,970.4638141705285,0
2026-01-03T16:45:00,970.4638141705285,970.4638141705285,0
2026-01-03T17:00:00,970.4638141705285,970.4638141705285,0
2026-01-03T17:15:00,970.4638141705285,970.4638141705285,0
2026-01-03T17:30:00,970.4638141705285,970.4638141705285,0
2026-01-03T17:45:00,970.4638141705285,970.4638141705285,0
2026-01-03T18:00:00,970.4638141705285,970.4638141705285,0
2026-01-03T18:15:00,969.7271337810278,873.2621585432083,1
2026-01-03T18:30:00,969.5505056931772,873.2621585432083,1
2026-01-03T18:45:00,969.7669372937828,873.2621585432083,1
2026-01-03T19:00:00,969.1574460047212,873.2621585432083,1
2026-01-03T19:15:00,969.3278547937038,873.2621585432083,1
2026-01-03T19:30:00,969.4833372654031,873.2621585432083,1
2026-01-03T19:45:00,969.3527319891757,873.2621585432083,1
2026-01-03T20:00:00,968.4407785726618,968.4407785726618,0
2026-01-03T20:15:00,968.4407785726618,968.4407785726618,0
2026-01-03T20:30:00,968.4407785726618,968.4407785726618,0
2026-01-03T20:45:00,968.4407785726618,968.4407785726618,0
2026-01-03T21:00:00,968.4407785726618,968.4407785726618,0
2026-01-03T21:15:00,968.4407785726618,968.4407785726618,0
2026-01-03T21:30:00,968.4407785726618,968.4407785726618,0
2026-01-03T21:45:00,968.4407785726618,968.4407785726618,0
2026-01-03T22:00:00,968.4407785726618,968.4407785726618,0
2026-01-03T22:15:00,968.4407785726618,968.4407785726618,0
2026-01-03T22:30:00,968.4407785726618,968.4407785726618,0
2026-01-03T22:45:00,968.4407785726618,968.4407785726618,0
2026-01-03T23:00:00,968.4407785726618,968.4407785726618,0
2026-01-03T23:15:00,968.4407785726618,968.4407785726618,0
2026-01-03T23:30:00,968.4407785726618,968.4407785726618,0
2026-01-03T23:45:00,968.4407785726618,968.4407785726618,0
2026-01-04T00:00:00,967.7056338722103,871.441750190824,1
2026-01-04T00:15:00,966.4289949503487,871.441750190824,1
2026-01-04T00:30:00,966.7148601645621,871.441750190824,1
2026-01-04T00:45:00,967.4579827643529,871.441750190824,1
2026-01-04T01:00:00,967.216087047929,871.441750190824,1
2026-01-04T01:15:00,966.5715678454908,871.441750190824,1
2026-01-04T01:30:00,966.3578989385236,871.441750190824,1
2026-01-04T01:45:00,967.0089775944338,871.441750190824,1
2026-01-04T02:00:00,966.5456262649856,871.441750190824,1
2026-01-04T02:15:00,966.8914575796491,871.441750190824,1
2026-01-04T02:30:00,966.3956465027188,966.3956465027188,0
2026-01-04T02:45:00,966.3956465027188,966.3956465027188,0
2026-01-04T03:00:00,966.3956465027188,966.3956465027188,0
2026-01-04T03:15:00,966.3956465027188,966.3956465027188,0
2026-01-04T03:30:00,966.3956465027188,966.3956465027188,0
2026-01-04T03:45:00,966.3956465027188,966.3956465027188,0
2026-01-04T04:00:00,966.3956465027188,966.3956465027188,0
2026-01-04T04:15:00,966.3956465027188,966.3956465027188,0
2026-01-04T04:30:00,966.3956465027188,966.3956465027188,0
2026-01-04T04:45:00,966.3956465027188,966.3956465027188,0
2026-01-04T05:00:00,966.3956465027188,966.3956465027188,0
2026-01-04T05:15:00,966.3956465027188,966.3956465027188,0
2026-01-04T05:30:00,966.3956465027188,966.3956465027188,0
2026-01-04T05:45:00,966.3956465027188,966.3956465027188,0
2026-01-04T06:00:00,966.3956465027188,966.3956465027188,0
2026-01-04T06:15:00,966.3956465027188,966.3956465027188,0
2026-01-04T06:30:00,966.3956465027188,966.3956465027188,0
2026-01-04T06:45:00,966.3956465027188,966.3956465027188,0
2026-01-04T07:00:00,966.3956465027188,966.3956465027188,0
2026-01-04T07:15:00,966.3956465027188,966.3956465027188,0
2026-01-04T07:30:00,966.3956465027188,966.3956465027188,0
2026-01-04T07:45:00,966.3956465027188,966.3956465027188,0
2026-01-04T08:00:00,966.3956465027188,966.3956465027188,0
2026-01-04T08:15:00,966.3956465027188,966.3956465027188,0
2026-01-04T08:30:00,966.3956465027188,966.3956465027188,0
2026-01-04T08:45:00,966.3956465027188,966.3956465027188,0
2026-01-04T09:00:00,966.3956465027188,966.3956465027188,0
2026-01-04T09:15:00,966.3956465027188,966.3956465027188,0
2026-01-04T09:30:00,966.3956465027188,966.3956465027188,0
2026-01-04T09:45:00,966.3956465027188,966.3956465027188,0
2026-01-04T10:00:00,966.3956465027188,966.3956465027188,0
2026-01-04T10:15:00,966.3956465027188,966.3956465027188,0
2026-01-04T10:30:00,966.3956465027188,966.3956465027188,0
2026-01-04T10:45:00,966.3956465027188,966.3956465027188,0
2026-01-04T11:00:00,966.3956465027188,966.3956465027188,0
2026-01-04T11:15:00,966.3956465027188,966.3956465027188,0
2026-01-04T11:30:00,966.3956465027188,966.3956465027188,0
2026-01-04T11:45:00,966.3956465027188,966.3956465027188,0
2026-01-04T12:00:00,966.3956465027188,966.3956465027188,0
2026-01-04T12:15:00,966.3956465027188,966.3956465027188,0
2026-01-04T12:30:00,966.3956465027188,966.3956465027188,0
2026-01-04T12:45:00,966.3956465027188,966.3956465027188,0
2026-01-04T13:00:00,966.3956465027188,966.3956465027188,0
2026-01-04T13:15:00,966.3956465027188,966.3956465027188,0
2026-01-04T13:30:00,966.3956465027188,966.3956465027188,0
2026-01-04T13:45:00,966.3956465027188,966.3956465027188,0
2026-01-04T14:00:00,966.3956465027188,966.3956465027188,0
2026-01-04T14:15:00,966.3956465027188,966.3956465027188,0
2026-01-04T14:30:00,966.3956465027188,966.3956465027188,0
2026-01-04T14:45:00,966.3956465027188,966.3956465027188,0
2026-01-04T15:00:00,966.3956465027188,966.3956465027188,0
2026-01-04T15:15:00,966.3956465027188,966.3956465027188,0
2026-01-04T15:30:00,966.3956465027188,966.3956465027188,0
2026-01-04T15:45:00,966.3956465027188,966.3956465027188,0
2026-01-04T16:00:00,966.3956465027188,966.3956465027188,0
2026-01-04T16:15:00,966.3956465027188,966.3956465027188,0
2026-01-04T16:30:00,966.3956465027188,966.3956465027188,0
2026-01-04T16:45:00,966.3956465027188,966.3956465027188,0
2026-01-04T17:00:00,966.3956465027188,966.3956465027188,0
2026-01-04T17:15:00,966.3956465027188,966.3956465027188,0
2026-01-04T17:30:00,966.3956465027188,966.3956465027188,0
2026-01-04T17:45:00,966.3956465027188,966.3956465027188,0
2026-01-04T18:00:00,966.3956465027188,966.3956465027188,0
2026-01-04T18:15:00,966.3956465027188,966.3956465027188,0
2026-01-04T18:30:00,966.3956465027188,966.3956465027188,0
2026-01-04T18:45:00,966.3956465027188,966.3956465027188,0
2026-01-04T19:00:00,966.3956465027188,966.3956465027188,0
2026-01-04T19:15:00,966.3956465027188,966.3956465027188,0
2026-01-04T19:30:00,966.3956465027188,966.3956465027188,0
2026-01-04T19:45:00,966.3956465027188,966.3956465027188,0
2026-01-04T20:00:00,966.3956465027188,966.3956465027188,0
2026-01-04T20:15:00,966.3956465027188,966.3956465027188,0
2026-01-04T20:30:00,966.3956465027188,966.3956465027188,0
2026-01-04T20:45:00,966.3956465027188,966.3956465027188,0
2026-01-04T21:00:00,966.3956465027188,966.3956465027188,0
2026-01-04T21:15:00,966.3956465027188,966.3956465027188,0
2026-01-04T21:30:00,966.3956465027188,966.3956465027188,0
2026-01-04T21:45:00,966.3956465027188,966.3956465027188,0
2026-01-04T22:00:00,966.3956465027188,966.3956465027188,0
2026-01-04T22:15:00,966.3956465027188,966.3956465027188,0
2026-01-04T22:30:00,966.3956465027188,966.3956465027188,0
2026-01-04T22:45:00,966.3956465027188,966.3956465027188,0
2026-01-04T23:00:00,966.3956465027188,966.3956465027188,0
2026-01-04T23:15:00,966.3956465027188,966.3956465027188,0
2026-01-04T23:30:00,966.3956465027188,966.3956465027188,0
2026-01-04T23:45:00,966.3956465027188,966.3956465027188,0
2026-01-05T00:00:00,965.6620542647784,869.6014585490065,1
2026-01-05T00:15:00,965.460570440784,869.6014585490065,1
2026-01-05T00:30:00,966.2847766276179,869.6014585490065,1
2026-01-05T00:45:00,967.8046207325249,869.6014585490065,1
2026-01-05T01:00:00,970.1102391503956,869.6014585490065,1
2026-01-05T01:15:00,970.210876057273,869.6014585490065,1
2026-01-05T01:30:00,971.1418514499843,869.6014585490065,1
2026-01-05T01:45:00,970.1643797901974,869.6014585490065,1
2026-01-05T02:00:00,969.7545658083934,869.6014585490065,1
2026-01-05T02:15:00,969.2357985142188,869.6014585490065,1
2026-01-05T02:30:00,969.9765466317851,869.6014585490065,1
2026-01-05T02:45:00,970.4408792718224,869.6014585490065,1
2026-01-05T03:00:00,970.3018104910749,869.6014585490065,1
2026-01-05T03:15:00,970.2790453810885,869.6014585490065,1
2026-01-05T03:30:00,970.0393816955116,869.6014585490065,1
2026-01-05T03:45:00,969.4796432297733,969.4796432297733,0
2026-01-05T04:00:00,969.4796432297733,969.4796432297733,0
2026-01-05T04:15:00,969.4796432297733,969.4796432297733,0
2026-01-05T04:30:00,969.4796432297733,969.4796432297733,0
2026-01-05T04:45:00,969.4796432297733,969.4796432297733,0
2026-01-05T05:00:00,969.4796432297733,969.4796432297733,0
2026-01-05T05:15:00,969.4796432297733,969.4796432297733,0
2026-01-05T05:30:00,969.4796432297733,969.4796432297733,0
2026-01-05T05:45:00,969.4796432297733,969.4796432297733,0
2026-01-05T06:00:00,969.4796432297733,969.4796432297733,0
2026-01-05T06:15:00,969.4796432297733,969.4796432297733,0
2026-01-05T06:30:00,969.4796432297733,969.4796432297733,0
2026-01-05T06:45:00,969.4796432297733,969.4796432297733,0
2026-01-05T07:00:00,969.4796432297733,969.4796432297733,0
2026-01-05T07:15:00,969.4796432297733,969.4796432297733,0
2026-01-05T07:30:00,969.4796432297733,969.4796432297733,0
2026-01-05T07:45:00,969.4796432297733,969.4796432297733,0
2026-01-05T08:00:00,969.4796432297733,969.4796432297733,0
2026-01-05T08:15:00,969.4796432297733,969.4796432297733,0
2026-01-05T08:30:00,969.4796432297733,969.4796432297733,0
2026-01-05T08:45:00,969.4796432297733,969.4796432297733,0
2026-01-05T09:00:00,969.4796432297733,969.4796432297733,0
2026-01-05T09:15:00,969.4796432297733,969.4796432297733,0
2026-01-05T09:30:00,969.4796432297733,969.4796432297733,0
2026-01-05T09:45:00,969.4796432297733,969.4796432297733,0
2026-01-05T10:00:00,969.4796432297733,969.4796432297733,0
2026-01-05T10:15:00,969.4796432297733,969.4796432297733,0
2026-01-05T10:30:00,969.4796432297733,969.4796432297733,0
2026-01-05T10:45:00,969.4796432297733,969.4796432297733,0
2026-01-05T11:00:00,969.4796432297733,969.4796432297733,0
2026-01-05T11:15:00,969.4796432297733,969.4796432297733,0
2026-01-05T11:30:00,969.4796432297733,969.4796432297733,0
2026-01-05T11:45:00,969.4796432297733,969.4796432297733,0
2026-01-05T12:00:00,969.4796432297733,969.4796432297733,0
2026-01-05T12:15:00,969.4796432297733,969.4796432297733,0
2026-01-05T12:30:00,969.4796432297733,969.4796432297733,0
2026-01-05T12:45:00,969.4796432297733,969.4796432297733,0
2026-01-05T13:00:00,969.4796432297733,969.4796432297733,0
2026-01-05T13:15:00,969.4796432297733,969.4796432297733,0
2026-01-05T13:30:00,969.4796432297733,969.4796432297733,0
2026-01-05T13:45:00,969.4796432297733,969.4796432297733,0
2026-01-05T14:00:00,969.4796432297733,969.4796432297733,0
2026-01-05T14:15:00,969.4796432297733,969.4796432297733,0
2026-01-05T14:30:00,969.4796432297733,969.4796432297733,0
2026-01-05T14:45:00,969.4796432297733,969.4796432297733,0
2026-01-05T15:00:00,969.4796432297733,969.4796432297733,0
2026-01-05T15:15:00,969.4796432297733,969.4796432297733,0
2026-01-05T15:30:00,969.4796432297733,969.4796432297733,0
2026-01-05T15:45:00,969.4796432297733,969.4796432297733,0
2026-01-05T16:00:00,969.4796432297733,969.4796432297733,0
2026-01-05T16:15:00,969.4796432297733,969.4796432297733,0
2026-01-05T16:30:00,969.4796432297733,969.4796432297733,0
2026-01-05T16:45:00,969.4796432297733,969.4796432297733,0
2026-01-05T17:00:00,969.4796432297733,969.4796432297733,0
2026-01-05T17:15:00,969.4796432297733,969.4796432297733,0
2026-01-05T17:30:00,969.4796432297733,969.4796432297733,0
2026-01-05T17:45:00,968.7437099257602,872.3765621638792,1
2026-01-05T18:00:00,968.4039010220946,872.3765621638792,1
2026-01-05T18:15:00,967.3169945288097,872.3765621638792,1
2026-01-05T18:30:00,967.3447094393923,872.3765621638792,1
2026-01-05T18:45:00,970.5415641252958,872.3765621638792,1
2026-01-05T19:00:00,969.6619169633246,872.3765621638792,1
2026-01-05T19:15:00,969.9703959680708,872.3765621638792,1
2026-01-05T19:30:00,969.5088824570639,872.3765621638792,1
2026-01-05T19:45:00,969.9113511585686,872.3765621638792,1
2026-01-05T20:00:00,971.6441355680405,872.3765621638792,1
2026-01-05T20:15:00,974.4770814280326,872.3765621638792,1
2026-01-05T20:30:00,972.353878278179,872.3765621638792,1
2026-01-05T20:45:00,972.1839738263461,872.3765621638792,1
2026-01-05T21:00:00,971.4947160501167,872.3765621638792,1
2026-01-05T21:15:00,971.0934523447244,872.3765621638792,1
2026-01-05T21:30:00,972.0092493900642,872.3765621638792,1
2026-01-05T21:45:00,971.437766966479,971.437766966479,0
2026-01-05T22:00:00,971.437766966479,971.437766966479,0
2026-01-05T22:15:00,971.437766966479,971.437766966479,0
2026-01-05T22:30:00,971.437766966479,971.437766966479,0
2026-01-05T22:45:00,971.437766966479,971.437766966479,0
2026-01-05T23:00:00,971.437766966479,971.437766966479,0
2026-01-05T23:15:00,971.437766966479,971.437766966479,0
2026-01-05T23:30:00,971.437766966479,971.437766966479,0
2026-01-05T23:45:00,971.437766966479,971.437766966479,0
2026-01-06T00:00:00,971.437766966479,971.437766966479,0
2026-01-06T00:15:00,971.437766966479,971.437766966479,0
2026-01-06T00:30:00,971.437766966479,971.437766966479,0
2026-01-06T00:45:00,971.437766966479,971.437766966479,0
2026-01-06T01:00:00,971.437766966479,971.437766966479,0
2026-01-06T01:15:00,971.437766966479,971.437766966479,0
2026-01-06T01:30:00,971.437766966479,971.437766966479,0
2026-01-06T01:45:00,971.437766966479,971.437766966479,0
2026-01-06T02:00:00,971.437766966479,971.437766966479,0
2026-01-06T02:15:00,971.437766966479,971.437766966479,0
2026-01-06T02:30:00,971.437766966479,971.437766966479,0
2026-01-06T02:45:00,971.437766966479,971.437766966479,0
2026-01-06T03:00:00,971.437766966479,971.437766966479,0
2026-01-06T03:15:00,971.437766966479,971.437766966479,0
2026-01-06T03:30:00,971.437766966479,971.437766966479,0
2026-01-06T03:45:00,971.437766966479,971.437766966479,0
2026-01-06T04:00:00,971.437766966479,971.437766966479,0
2026-01-06T04:15:00,971.437766966479,971.437766966479,0
2026-01-06T04:30:00,971.437766966479,971.437766966479,0
2026-01-06T04:45:00,971.437766966479,971.437766966479,0
2026-01-06T05:00:00,971.437766966479,971.437766966479,0
2026-01-06T05:15:00,971.437766966479,971.437766966479,0
2026-01-06T05:30:00,971.437766966479,971.437766966479,0
2026-01-06T05:45:00,971.437766966479,971.437766966479,0
2026-01-06T06:00:00,971.437766966479,971.437766966479,0
2026-01-06T06:15:00,971.437766966479,971.437766966479,0
2026-01-06T06:30:00,970.7003472480978,874.1385602271164,1
2026-01-06T06:45:00,969.8975707370352,874.1385602271164,1
2026-01-06T07:00:00,969.0386476545141,874.1385602271164,1
2026-01-06T07:15:00,967.228857689174,967.228857689174,0
2026-01-06T07:30:00,967.228857689174,967.228857689174,0
2026-01-06T07:45:00,967.228857689174,967.228857689174,0
2026-01-06T08:00:00,967.228857689174,967.228857689174,0
2026-01-06T08:15:00,967.228857689174,967.228857689174,0
2026-01-06T08:30:00,967.228857689174,967.228857689174,0
2026-01-06T08:45:00,967.228857689174,967.228857689174,0
2026-01-06T09:00:00,967.228857689174,967.228857689174,0
2026-01-06T09:15:00,967.228857689174,967.228857689174,0
2026-01-06T09:30:00,967.228857689174,967.228857689174,0
2026-01-06T09:45:00,967.228857689174,967.228857689174,0
2026-01-06T10:00:00,967.228857689174,967.228857689174,0
2026-01-06T10:15:00,967.228857689174,967.228857689174,0
2026-01-06T10:30:00,967.228857689174,967.228857689174,0
2026-01-06T10:45:00,967.228857689174,967.228857689174,0
2026-01-06T11:00:00,967.228857689174,967.228857689174,0
2026-01-06T11:15:00,967.228857689174,967.228857689174,0
2026-01-06T11:30:00,967.228857689174,967.228857689174,0
2026-01-06T11:45:00,967.228857689174,967.228857689174,0
2026-01-06T12:00:00,967.228857689174,967.228857689174,0
2026-01-06T12:15:00,967.228857689174,967.228857689174,0
2026-01-06T12:30:00,967.228857689174,967.228857689174,0
2026-01-06T12:45:00,967.228857689174,967.228857689174,0
2026-01-06T13:00:00,967.228857689174,967.228857689174,0
2026-01-06T13:15:00,967.228857689174,967.228857689174,0
2026-01-06T13:30:00,967.228857689174,967.228857689174,0
2026-01-06T13:45:00,967.228857689174,967.228857689174,0
2026-01-06T14:00:00,967.228857689174,967.228857689174,0
2026-01-06T14:15:00,967.228857689174,967.228857689174,0
2026-01-06T14:30:00,967.228857689174,967.228857689174,0
2026-01-06T14:45:00,967.228857689174,967.228857689174,0
2026-01-06T15:00:00,967.228857689174,967.228857689174,0
2026-01-06T15:15:00,967.228857689174,967.228857689174,0
2026-01-06T15:30:00,967.228857689174,967.228857689174,0
2026-01-06T15:45:00,967.228857689174,967.228857689174,0
2026-01-06T16:00:00,967.228857689174,967.228857689174,0
2026-01-06T16:15:00,967.228857689174,967.228857689174,0
2026-01-06T16:30:00,967.228857689174,967.228857689174,0
2026-01-06T16:45:00,967.228857689174,967.228857689174,0
2026-01-06T17:00:00,967.228857689174,967.228857689174,0
2026-01-06T17:15:00,967.228857689174,967.228857689174,0
2026-01-06T17:30:00,967.228857689174,967.228857689174,0
2026-01-06T17:45:00,967.228857689174,967.228857689174,0
2026-01-06T18:00:00,966.4928919436377,870.3512153030263,1
2026-01-06T18:15:00,965.7470371395596,870.3512153030263,1
2026-01-06T18:30:00,966.017301906482,870.3512153030263,1
2026-01-06T18:45:00,965.6194789209168,870.3512153030263,1
2026-01-06T19:00:00,964.8480955947483,870.3512153030263,1
2026-01-06T19:15:00,964.7215500778084,870.3512153030263,1
2026-01-06T19:30:00,965.2840214818796,870.3512153030263,1
2026-01-06T19:45:00,965.3223775588714,870.3512153030263,1
2026-01-06T20:00:00,963.6593705896413,963.6593705896413,0
2026-01-06T20:15:00,963.6593705896413,963.6593705896413,0
2026-01-06T20:30:00,963.6593705896413,963.6593705896413,0
2026-01-06T20:45:00,963.6593705896413,963.6593705896413,0
2026-01-06T21:00:00,963.6593705896413,963.6593705896413,0
2026-01-06T21:15:00,963.6593705896413,963.6593705896413,0
2026-01-06T21:30:00,963.6593705896413,963.6593705896413,0
2026-01-06T21:45:00,963.6593705896413,963.6593705896413,0
2026-01-06T22:00:00,963.6593705896413,963.6593705896413,0
2026-01-06T22:15:00,963.6593705896413,963.6593705896413,0
2026-01-06T22:30:00,963.6593705896413,963.6593705896413,0
2026-01-06T22:45:00,963.6593705896413,963.6593705896413,0
2026-01-06T23:00:00,963.6593705896413,963.6593705896413,0
2026-01-06T23:15:00,963.6593705896413,963.6593705896413,0
2026-01-06T23:30:00,963.6593705896413,963.6593705896413,0
2026-01-06T23:45:00,963.6593705896413,963.6593705896413,0
2026-01-07T00:00:00,963.6593705896413,963.6593705896413,0
2026-01-07T00:15:00,963.6593705896413,963.6593705896413,0
2026-01-07T00:30:00,963.6593705896413,963.6593705896413,0
2026-01-07T00:45:00,963.6593705896413,963.6593705896413,0
2026-01-07T01:00:00,963.6593705896413,963.6593705896413,0
2026-01-07T01:15:00,963.6593705896413,963.6593705896413,0
2026-01-07T01:30:00,963.6593705896413,963.6593705896413,0
2026-01-07T01:45:00,963.6593705896413,963.6593705896413,0
2026-01-07T02:00:00,963.6593705896413,963.6593705896413,0
2026-01-07T02:15:00,963.6593705896413,963.6593705896413,0
2026-01-07T02:30:00,963.6593705896413,963.6593705896413,0
2026-01-07T02:45:00,963.6593705896413,963.6593705896413,0
2026-01-07T03:00:00,963.6593705896413,963.6593705896413,0
2026-01-07T03:15:00,963.6593705896413,963.6593705896413,0
2026-01-07T03:30:00,963.6593705896413,963.6593705896413,0
2026-01-07T03:45:00,963.6593705896413,963.6593705896413,0
2026-01-07T04:00:00,963.6593705896413,963.6593705896413,0
2026-01-07T04:15:00,963.6593705896413,963.6593705896413,0
2026-01-07T04:30:00,963.6593705896413,963.6593705896413,0
2026-01-07T04:45:00,963.6593705896413,963.6593705896413,0
2026-01-07T05:00:00,963.6593705896413,963.6593705896413,0
2026-01-07T05:15:00,963.6593705896413,963.6593705896413,0
2026-01-07T05:30:00,963.6593705896413,963.6593705896413,0
2026-01-07T05:45:00,963.6593705896413,963.6593705896413,0
2026-01-07T06:00:00,963.6593705896413,963.6593705896413,0
2026-01-07T06:15:00,963.6593705896413,963.6593705896413,0
2026-01-07T06:30:00,963.6593705896413,963.6593705896413,0
2026-01-07T06:45:00,963.6593705896413,963.6593705896413,0
2026-01-07T07:00:00,963.6593705896413,963.6593705896413,0
2026-01-07T07:15:00,963.6593705896413,963.6593705896413,0
2026-01-07T07:30:00,963.6593705896413,963.6593705896413,0
2026-01-07T07:45:00,963.6593705896413,963.6593705896413,0
2026-01-07T08:00:00,963.6593705896413,963.6593705896413,0
2026-01-07T08:15:00,963.6593705896413,963.6593705896413,0
2026-01-07T08:30:00,963.6593705896413,963.6593705896413,0
2026-01-07T08:45:00,963.6593705896413,963.6593705896413,0
2026-01-07T09:00:00,962.9261208716651,867.1392480313829,1
2026-01-07T09:15:00,964.3059087491324,867.1392480313829,1
2026-01-07T09:30:00,965.1916334275467,867.1392480313829,1
2026-01-07T09:45:00,965.3132773004488,867.1392480313829,1
2026-01-07T10:00:00,964.8044060095775,867.1392480313829,1
2026-01-07T10:15:00,965.0229299408156,867.1392480313829,1
2026-01-07T10:30:00,964.652894968432,867.1392480313829,1
2026-01-07T10:45:00,964.2291492901313,867.1392480313829,1
2026-01-07T11:00:00,963.6186292333894,867.1392480313829,1
2026-01-07T11:15:00,963.4214808245216,867.1392480313829,1
2026-01-07T11:30:00,963.0030174188184,963.0030174188184,0
2026-01-07T11:45:00,963.0030174188184,963.0030174188184,0
2026-01-07T12:00:00,963.0030174188184,963.0030174188184,0
2026-01-07T12:15:00,963.0030174188184,963.0030174188184,0
2026-01-07T12:30:00,963.0030174188184,963.0030174188184,0
2026-01-07T12:45:00,963.0030174188184,963.0030174188184,0
2026-01-07T13:00:00,963.0030174188184,963.0030174188184,0
2026-01-07T13:15:00,963.0030174188184,963.0030174188184,0
2026-01-07T13:30:00,963.0030174188184,963.0030174188184,0
2026-01-07T13:45:00,963.0030174188184,963.0030174188184,0
2026-01-07T14:00:00,963.0030174188184,963.0030174188184,0
2026-01-07T14:15:00,963.0030174188184,963.0030174188184,0
2026-01-07T14:30:00,963.0030174188184,963.0030174188184,0
2026-01-07T14:45:00,963.0030174188184,963.0030174188184,0
2026-01-07T15:00:00,963.0030174188184,963.0030174188184,0
2026-01-07T15:15:00,963.0030174188184,963.0030174188184,0
2026-01-07T15:30:00,963.0030174188184,963.0030174188184,0
2026-01-07T15:45:00,963.0030174188184,963.0030174188184,0
2026-01-07T16:00:00,963.0030174188184,963.0030174188184,0
2026-01-07T16:15:00,963.0030174188184,963.0030174188184,0
2026-01-07T16:30:00,963.0030174188184,963.0030174188184,0
2026-01-07T16:45:00,963.0030174188184,963.0030174188184,0
2026-01-07T17:00:00,963.0030174188184,963.0030174188184,0
2026-01-07T17:15:00,963.0030174188184,963.0030174188184,0
2026-01-07T17:30:00,963.0030174188184,963.0030174188184,0
2026-01-07T17:45:00,963.0030174188184,963.0030174188184,0
2026-01-07T18:00:00,963.0030174188184,963.0030174188184,0
2026-01-07T18:15:00,963.0030174188184,963.0030174188184,0
2026-01-07T18:30:00,963.0030174188184,963.0030174188184,0
2026-01-07T18:45:00,963.0030174188184,963.0030174188184,0
2026-01-07T19:00:00,962.2702671208574,866.5486351941496,1
2026-01-07T19:15:00,961.753300990895,866.5486351941496,1
2026-01-07T19:30:00,960.9596649224001,866.5486351941496,1
2026-01-07T19:45:00,960.2668857266312,960.2668857266312,0
2026-01-07T20:00:00,960.2668857266312,960.2668857266312,0
2026-01-07T20:15:00,960.2668857266312,960.2668857266312,0
2026-01-07T20:30:00,960.2668857266312,960.2668857266312,0
2026-01-07T20:45:00,960.2668857266312,960.2668857266312,0
2026-01-07T21:00:00,960.2668857266312,960.2668857266312,0
2026-01-07T21:15:00,960.2668857266312,960.2668857266312,0
2026-01-07T21:30:00,960.2668857266312,960.2668857266312,0
2026-01-07T21:45:00,960.2668857266312,960.2668857266312,0
2026-01-07T22:00:00,960.2668857266312,960.2668857266312,0
2026-01-07T22:15:00,960.2668857266312,960.2668857266312,0
2026-01-07T22:30:00,960.2668857266312,960.2668857266312,0
2026-01-07T22:45:00,960.2668857266312,960.2668857266312,0
2026-01-07T23:00:00,960.2668857266312,960.2668857266312,0
2026-01-07T23:15:00,960.2668857266312,960.2668857266312,0
2026-01-07T23:30:00,960.2668857266312,960.2668857266312,0
2026-01-07T23:45:00,960.2668857266312,960.2668857266312,0
2026-01-08T00:00:00,960.2668857266312,960.2668857266312,0
2026-01-08T00:15:00,960.2668857266312,960.2668857266312,0
2026-01-08T00:30:00,960.2668857266312,960.2668857266312,0
2026-01-08T00:45:00,960.2668857266312,960.2668857266312,0
2026-01-08T01:00:00,960.2668857266312,960.2668857266312,0
2026-01-08T01:15:00,960.2668857266312,960.2668857266312,0
2026-01-08T01:30:00,960.2668857266312,960.2668857266312,0
2026-01-08T01:45:00,960.2668857266312,960.2668857266312,0
2026-01-08T02:00:00,960.2668857266312,960.2668857266312,0
2026-01-08T02:15:00,960.2668857266312,960.2668857266312,0
2026-01-08T02:30:00,960.2668857266312,960.2668857266312,0
2026-01-08T02:45:00,960.2668857266312,960.2668857266312,0
2026-01-08T03:00:00,960.2668857266312,960.2668857266312,0
2026-01-08T03:15:00,960.2668857266312,960.2668857266312,0
2026-01-08T03:30:00,960.2668857266312,960.2668857266312,0
2026-01-08T03:45:00,960.2668857266312,960.2668857266312,0
2026-01-08T04:00:00,960.2668857266312,960.2668857266312,0
2026-01-08T04:15:00,960.2668857266312,960.2668857266312,0
2026-01-08T04:30:00,960.2668857266312,960.2668857266312,0
2026-01-08T04:45:00,960.2668857266312,960.2668857266312,0
2026-01-08T05:00:00,960.2668857266312,960.2668857266312,0
2026-01-08T05:15:00,960.2668857266312,960.2668857266312,0
2026-01-08T05:30:00,960.2668857266312,960.2668857266312,0
2026-01-08T05:45:00,960.2668857266312,960.2668857266312,0
2026-01-08T06:00:00,960.2668857266312,960.2668857266312,0
2026-01-08T06:15:00,959.5362173549742,864.0865544522519,1
2026-01-08T06:30:00,959.0550202397684,864.0865544522519,1
2026-01-08T06:45:00,961.0661774135772,864.0865544522519,1
2026-01-08T07:00:00,960.4085413561293,864.0865544522519,1
2026-01-08T07:15:00,959.082164692421,864.0865544522519,1
2026-01-08T07:30:00,957.9828143599893,864.0865544522519,1
2026-01-08T07:45:00,958.2406866601893,864.0865544522519,1
2026-01-08T08:00:00,957.7212405435185,864.0865544522519,1
2026-01-08T08:15:00,957.2513008087836,957.2513008087836,0
2026-01-08T08:30:00,957.2513008087836,957.2513008087836,0
2026-01-08T08:45:00,957.2513008087836,957.2513008087836,0
2026-01-08T09:00:00,957.2513008087836,957.2513008087836,0
2026-01-08T09:15:00,957.2513008087836,957.2513008087836,0
2026-01-08T09:30:00,957.2513008087836,957.2513008087836,0
2026-01-08T09:45:00,957.2513008087836,957.2513008087836,0
2026-01-08T10:00:00,957.2513008087836,957.2513008087836,0
2026-01-08T10:15:00,957.2513008087836,957.2513008087836,0
2026-01-08T10:30:00,957.2513008087836,957.2513008087836,0
2026-01-08T10:45:00,957.2513008087836,957.2513008087836,0
2026-01-08T11:00:00,957.2513008087836,957.2513008087836,0
2026-01-08T11:15:00,957.2513008087836,957.2513008087836,0
2026-01-08T11:30:00,957.2513008087836,957.2513008087836,0
2026-01-08T11:45:00,957.2513008087836,957.2513008087836,0
2026-01-08T12:00:00,957.2513008087836,957.2513008087836,0
2026-01-08T12:15:00,957.2513008087836,957.2513008087836,0
2026-01-08T12:30:00,957.2513008087836,957.2513008087836,0
2026-01-08T12:45:00,957.2513008087836,957.2513008087836,0
2026-01-08T13:00:00,957.2513008087836,957.2513008087836,0
2026-01-08T13:15:00,957.2513008087836,957.2513008087836,0
2026-01-08T13:30:00,957.2513008087836,957.2513008087836,0
2026-01-08T13:45:00,957.2513008087836,957.2513008087836,0
2026-01-08T14:00:00,957.2513008087836,957.2513008087836,0
2026-01-08T14:15:00,957.2513008087836,957.2513008087836,0
2026-01-08T14:30:00,957.2513008087836,957.2513008087836,0
2026-01-08T14:45:00,957.2513008087836,957.2513008087836,0
2026-01-08T15:00:00,957.2513008087836,957.2513008087836,0
2026-01-08T15:15:00,957.2513008087836,957.2513008087836,0
2026-01-08T15:30:00,957.2513008087836,957.2513008087836,0
2026-01-08T15:45:00,957.2513008087836,957.2513008087836,0
2026-01-08T16:00:00,957.2513008087836,957.2513008087836,0
2026-01-08T16:15:00,957.2513008087836,957.2513008087836,0
2026-01-08T16:30:00,957.2513008087836,957.2513008087836,0
2026-01-08T16:45:00,957.2513008087836,957.2513008087836,0
2026-01-08T17:00:00,957.2513008087836,957.2513008087836,0
2026-01-08T17:15:00,957.2513008087836,957.2513008087836,0
2026-01-08T17:30:00,957.2513008087836,957.2513008087836,0
2026-01-08T17:45:00,957.2513008087836,957.2513008087836,0
2026-01-08T18:00:00,957.2513008087836,957.2513008087836,0
2026-01-08T18:15:00,957.2513008087836,957.2513008087836,0
2026-01-08T18:30:00,957.2513008087836,957.2513008087836,0
2026-01-08T18:45:00,957.2513008087836,957.2513008087836,0
2026-01-08T19:00:00,957.2513008087836,957.2513008087836,0
2026-01-08T19:15:00,957.2513008087836,957.2513008087836,0
2026-01-08T19:30:00,957.2513008087836,957.2513008087836,0
2026-01-08T19:45:00,957.2513008087836,957.2513008087836,0
2026-01-08T20:00:00,957.2513008087836,957.2513008087836,0
2026-01-08T20:15:00,956.5229269997677,861.3730105197759,1
2026-01-08T20:30:00,955.7882137103193,861.3730105197759,1
2026-01-08T20:45:00,955.0126141838527,861.3730105197759,1
2026-01-08T21:00:00,953.9952418316649,953.9952418316649,0
2026-01-08T21:15:00,953.9952418316649,953.9952418316649,0
2026-01-08T21:30:00,953.9952418316649,953.9952418316649,0
2026-01-08T21:45:00,953.9952418316649,953.9952418316649,0
2026-01-08T22:00:00,953.9952418316649,953.9952418316649,0
2026-01-08T22:15:00,953.9952418316649,953.9952418316649,0
2026-01-08T22:30:00,953.9952418316649,953.9952418316649,0
2026-01-08T22:45:00,953.9952418316649,953.9952418316649,0
2026-01-08T23:00:00,953.9952418316649,953.9952418316649,0
2026-01-08T23:15:00,953.9952418316649,953.9952418316649,0
2026-01-08T23:30:00,953.9952418316649,953.9952418316649,0
2026-01-08T23:45:00,953.9952418316649,953.9952418316649,0
2026-01-09T00:00:00,953.9952418316649,953.9952418316649,0
2026-01-09T00:15:00,953.9952418316649,953.9952418316649,0
2026-01-09T00:30:00,953.9952418316649,953.9952418316649,0
2026-01-09T00:45:00,953.9952418316649,953.9952418316649,0
2026-01-09T01:00:00,953.9952418316649,953.9952418316649,0
2026-01-09T01:15:00,953.9952418316649,953.9952418316649,0
2026-01-09T01:30:00,953.9952418316649,953.9952418316649,0
2026-01-09T01:45:00,953.9952418316649,953.9952418316649,0
2026-01-09T02:00:00,953.9952418316649,953.9952418316649,0
2026-01-09T02:15:00,953.9952418316649,953.9952418316649,0
2026-01-09T02:30:00,953.9952418316649,953.9952418316649,0
2026-01-09T02:45:00,953.9952418316649,953.9952418316649,0
2026-01-09T03:00:00,953.9952418316649,953.9952418316649,0
2026-01-09T03:15:00,953.9952418316649,953.9952418316649,0
2026-01-09T03:30:00,953.9952418316649,953.9952418316649,0
2026-01-09T03:45:00,953.9952418316649,953.9952418316649,0
2026-01-09T04:00:00,953.9952418316649,953.9952418316649,0
2026-01-09T04:15:00,953.9952418316649,953.9952418316649,0
2026-01-09T04:30:00,953.9952418316649,953.9952418316649,0
2026-01-09T04:45:00,953.9952418316649,953.9952418316649,0
2026-01-09T05:00:00,953.9952418316649,953.9952418316649,0
2026-01-09T05:15:00,953.9952418316649,953.9952418316649,0
2026-01-09T05:30:00,953.9952418316649,953.9952418316649,0
2026-01-09T05:45:00,953.9952418316649,953.9952418316649,0
2026-01-09T06:00:00,953.9952418316649,953.9952418316649,0
2026-01-09T06:15:00,953.9952418316649,953.9952418316649,0
2026-01-09T06:30:00,953.9952418316649,953.9952418316649,0
2026-01-09T06:45:00,953.9952418316649,953.9952418316649,0
2026-01-09T07:00:00,953.9952418316649,953.9952418316649,0
2026-01-09T07:15:00,953.9952418316649,953.9952418316649,0
2026-01-09T07:30:00,953.9952418316649,953.9952418316649,0
2026-01-09T07:45:00,953.9952418316649,953.9952418316649,0
2026-01-09T08:00:00,953.269345562327,858.4430784098054,1
2026-01-09T08:15:00,953.115660646549,858.4430784098054,1
2026-01-09T08:30:00,955.8721532959421,858.4430784098054,1
2026-01-09T08:45:00,956.454926496572,858.4430784098054,1
2026-01-09T09:00:00,955.1762679972996,858.4430784098054,1
2026-01-09T09:15:00,954.3783359145805,858.4430784098054,1
2026-01-09T09:30:00,954.7717692989721,858.4430784098054,1
2026-01-09T09:45:00,955.2377419636108,858.4430784098054,1
2026-01-09T10:00:00,955.0164356848906,858.4430784098054,1
2026-01-09T10:15:00,955.0152062055644,858.4430784098054,1
2026-01-09T10:30:00,954.6697225148955,858.4430784098054,1
2026-01-09T10:45:00,954.7139837706395,858.4430784098054,1
2026-01-09T11:00:00,954.4434983188704,858.4430784098054,1
2026-01-09T11:15:00,953.9699541566149,953.9699541566149,0
2026-01-09T11:30:00,953.9699541566149,953.9699541566149,0
2026-01-09T11:45:00,953.9699541566149,953.9699541566149,0
2026-01-09T12:00:00,953.9699541566149,953.9699541566149,0
2026-01-09T12:15:00,953.9699541566149,953.9699541566149,0
2026-01-09T12:30:00,953.9699541566149,953.9699541566149,0
2026-01-09T12:45:00,953.9699541566149,953.9699541566149,0
2026-01-09T13:00:00,953.9699541566149,953.9699541566149,0
2026-01-09T13:15:00,953.9699541566149,953.9699541566149,0
2026-01-09T13:30:00,953.9699541566149,953.9699541566149,0
2026-01-09T13:45:00,953.9699541566149,953.9699541566149,0
2026-01-09T14:00:00,953.9699541566149,953.9699541566149,0
2026-01-09T14:15:00,953.9699541566149,953.9699541566149,0
2026-01-09T14:30:00,953.9699541566149,953.9699541566149,0
2026-01-09T14:45:00,953.9699541566149,953.9699541566149,0
2026-01-09T15:00:00,953.9699541566149,953.9699541566149,0
2026-01-09T15:15:00,953.9699541566149,953.9699541566149,0
2026-01-09T15:30:00,953.9699541566149,953.9699541566149,0
2026-01-09T15:45:00,953.9699541566149,953.9699541566149,0
2026-01-09T16:00:00,953.9699541566149,953.9699541566149,0
2026-01-09T16:15:00,953.9699541566149,953.9699541566149,0
2026-01-09T16:30:00,953.9699541566149,953.9699541566149,0
2026-01-09T16:45:00,953.9699541566149,953.9699541566149,0
2026-01-09T17:00:00,953.9699541566149,953.9699541566149,0
2026-01-09T17:15:00,953.9699541566149,953.9699541566149,0
2026-01-09T17:30:00,953.9699541566149,953.9699541566149,0
2026-01-09T17:45:00,953.9699541566149,953.9699541566149,0
2026-01-09T18:00:00,953.9699541566149,953.9699541566149,0
2026-01-09T18:15:00,953.9699541566149,953.9699541566149,0
2026-01-09T18:30:00,953.9699541566149,953.9699541566149,0
2026-01-09T18:45:00,953.9699541566149,953.9699541566149,0
2026-01-09T19:00:00,953.9699541566149,953.9699541566149,0
2026-01-09T19:15:00,953.9699541566149,953.9699541566149,0
2026-01-09T19:30:00,953.9699541566149,953.9699541566149,0
2026-01-09T19:45:00,953.9699541566149,953.9699541566149,0
2026-01-09T20:00:00,953.9699541566149,953.9699541566149,0
2026-01-09T20:15:00,953.9699541566149,953.9699541566149,0
2026-01-09T20:30:00,953.9699541566149,953.9699541566149,0
2026-01-09T20:45:00,953.9699541566149,953.9699541566149,0
2026-01-09T21:00:00,953.9699541566149,953.9699541566149,0
2026-01-09T21:15:00,953.9699541566149,953.9699541566149,0
2026-01-09T21:30:00,953.9699541566149,953.9699541566149,0
2026-01-09T21:45:00,953.9699541566149,953.9699541566149,0
2026-01-09T22:00:00,953.9699541566149,953.9699541566149,0
2026-01-09T22:15:00,953.9699541566149,953.9699541566149,0
2026-01-09T22:30:00,953.9699541566149,953.9699541566149,0
2026-01-09T22:45:00,953.9699541566149,953.9699541566149,0
2026-01-09T23:00:00,953.9699541566149,953.9699541566149,0
2026-01-09T23:15:00,953.9699541566149,953.9699541566149,0
2026-01-09T23:30:00,953.9699541566149,953.9699541566149,0
2026-01-09T23:45:00,953.9699541566149,953.9699541566149,0
2026-01-10T00:00:00,953.9699541566149,953.9699541566149,0
2026-01-10T00:15:00,953.9699541566149,953.9699541566149,0
2026-01-10T00:30:00,953.9699541566149,953.9699541566149,0
2026-01-10T00:45:00,953.9699541566149,953.9699541566149,0
2026-01-10T01:00:00,953.9699541566149,953.9699541566149,0
2026-01-10T01:15:00,953.9699541566149,953.9699541566149,0
2026-01-10T01:30:00,953.9699541566149,953.9699541566149,0
2026-01-10T01:45:00,953.9699541566149,953.9699541566149,0
2026-01-10T02:00:00,953.9699541566149,953.9699541566149,0
2026-01-10T02:15:00,953.9699541566149,953.9699541566149,0
2026-01-10T02:30:00,953.9699541566149,953.9699541566149,0
2026-01-10T02:45:00,953.9699541566149,953.9699541566149,0
2026-01-10T03:00:00,953.9699541566149,953.9699541566149,0
2026-01-10T03:15:00,953.9699541566149,953.9699541566149,0
2026-01-10T03:30:00,953.9699541566149,953.9699541566149,0
2026-01-10T03:45:00,953.9699541566149,953.9699541566149,0
2026-01-10T04:00:00,953.9699541566149,953.9699541566149,0
2026-01-10T04:15:00,953.9699541566149,953.9699541566149,0
2026-01-10T04:30:00,953.9699541566149,953.9699541566149,0
2026-01-10T04:45:00,953.9699541566149,953.9699541566149,0
2026-01-10T05:00:00,953.9699541566149,953.9699541566149,0
2026-01-10T05:15:00,953.9699541566149,953.9699541566149,0
2026-01-10T05:30:00,953.9699541566149,953.9699541566149,0
2026-01-10T05:45:00,953.9699541566149,953.9699541566149,0
2026-01-10T06:00:00,953.9699541566149,953.9699541566149,0
2026-01-10T06:15:00,953.9699541566149,953.9699541566149,0
2026-01-10T06:30:00,953.9699541566149,953.9699541566149,0
2026-01-10T06:45:00,953.9699541566149,953.9699541566149,0
2026-01-10T07:00:00,953.9699541566149,953.9699541566149,0
2026-01-10T07:15:00,953.9699541566149,953.9699541566149,0
2026-01-10T07:30:00,953.9699541566149,953.9699541566149,0
2026-01-10T07:45:00,953.9699541566149,953.9699541566149,0
2026-01-10T08:00:00,953.9699541566149,953.9699541566149,0
2026-01-10T08:15:00,953.9699541566149,953.9699541566149,0
2026-01-10T08:30:00,953.9699541566149,953.9699541566149,0
2026-01-10T08:45:00,953.9699541566149,953.9699541566149,0
2026-01-10T09:00:00,953.9699541566149,953.9699541566149,0
2026-01-10T09:15:00,953.9699541566149,953.9699541566149,0
2026-01-10T09:30:00,953.9699541566149,953.9699541566149,0
2026-01-10T09:45:00,953.9699541566149,953.9699541566149,0
2026-01-10T10:00:00,953.9699541566149,953.9699541566149,0
2026-01-10T10:15:00,953.9699541566149,953.9699541566149,0
2026-01-10T10:30:00,953.9699541566149,953.9699541566149,0
2026-01-10T10:45:00,953.9699541566149,953.9699541566149,0
2026-01-10T11:00:00,953.9699541566149,953.9699541566149,0
2026-01-10T11:15:00,953.9699541566149,953.9699541566149,0
2026-01-10T11:30:00,953.9699541566149,953.9699541566149,0
2026-01-10T11:45:00,953.9699541566149,953.9699541566149,0
2026-01-10T12:00:00,953.9699541566149,953.9699541566149,0
2026-01-10T12:15:00,953.9699541566149,953.9699541566149,0
2026-01-10T12:30:00,953.9699541566149,953.9699541566149,0
2026-01-10T12:45:00,953.9699541566149,953.9699541566149,0
2026-01-10T13:00:00,953.9699541566149,953.9699541566149,0
2026-01-10T13:15:00,953.9699541566149,953.9699541566149,0
2026-01-10T13:30:00,953.9699541566149,953.9699541566149,0
2026-01-10T13:45:00,953.9699541566149,953.9699541566149,0
2026-01-10T14:00:00,953.9699541566149,953.9699541566149,0
2026-01-10T14:15:00,953.9699541566149,953.9699541566149,0
2026-01-10T14:30:00,953.9699541566149,953.9699541566149,0
2026-01-10T14:45:00,953.9699541566149,953.9699541566149,0
2026-01-10T15:00:00,953.9699541566149,953.9699541566149,0
2026-01-10T15:15:00,953.9699541566149,953.9699541566149,0
2026-01-10T15:30:00,953.9699541566149,953.9699541566149,0
2026-01-10T15:45:00,953.9699541566149,953.9699541566149,0
2026-01-10T16:00:00,953.9699541566149,953.9699541566149,0
2026-01-10T16:15:00,953.9699541566149,953.9699541566149,0
2026-01-10T16:30:00,953.9699541566149,953.9699541566149,0
2026-01-10T16:45:00,953.9699541566149,953.9699541566149,0
2026-01-10T17:00:00,953.9699541566149,953.9699541566149,0
2026-01-10T17:15:00,953.9699541566149,953.9699541566149,0
2026-01-10T17:30:00,953.9699541566149,953.9699541566149,0
2026-01-10T17:45:00,953.9699541566149,953.9699541566149,0
2026-01-10T18:00:00,953.9699541566149,953.9699541566149,0
2026-01-10T18:15:00,953.9699541566149,953.9699541566149,0
2026-01-10T18:30:00,953.9699541566149,953.9699541566149,0
2026-01-10T18:45:00,953.9699541566149,953.9699541566149,0
2026-01-10T19:00:00,953.9699541566149,953.9699541566149,0
2026-01-10T19:15:00,953.9699541566149,953.9699541566149,0
2026-01-10T19:30:00,953.9699541566149,953.9699541566149,0
2026-01-10T19:45:00,953.9699541566149,953.9699541566149,0
2026-01-10T20:00:00,953.9699541566149,953.9699541566149,0
2026-01-10T20:15:00,953.9699541566149,953.9699541566149,0
2026-01-10T20:30:00,953.9699541566149,953.9699541566149,0
2026-01-10T20:45:00,953.9699541566149,953.9699541566149,0
2026-01-10T21:00:00,953.9699541566149,953.9699541566149,0
2026-01-10T21:15:00,953.9699541566149,953.9699541566149,0
2026-01-10T21:30:00,953.9699541566149,953.9699541566149,0
2026-01-10T21:45:00,953.9699541566149,953.9699541566149,0
2026-01-10T22:00:00,953.9699541566149,953.9699541566149,0
2026-01-10T22:15:00,953.9699541566149,953.9699541566149,0
2026-01-10T22:30:00,953.9699541566149,953.9699541566149,0
2026-01-10T22:45:00,953.9699541566149,953.9699541566149,0
2026-01-10T23:00:00,953.9699541566149,953.9699541566149,0
2026-01-10T23:15:00,953.9699541566149,953.9699541566149,0
2026-01-10T23:30:00,953.9699541566149,953.9699541566149,0
2026-01-10T23:45:00,953.9699541566149,953.9699541566149,0
2026-01-11T00:00:00,953.9699541566149,953.9699541566149,0
2026-01-11T00:15:00,953.9699541566149,953.9699541566149,0
2026-01-11T00:30:00,953.9699541566149,953.9699541566149,0
2026-01-11T00:45:00,953.9699541566149,953.9699541566149,0
2026-01-11T01:00:00,953.9699541566149,953.9699541566149,0
2026-01-11T01:15:00,953.9699541566149,953.9699541566149,0
2026-01-11T01:30:00,953.9699541566149,953.9699541566149,0
2026-01-11T01:45:00,953.9699541566149,953.9699541566149,0
2026-01-11T02:00:00,953.9699541566149,953.9699541566149,0
2026-01-11T02:15:00,953.9699541566149,953.9699541566149,0
2026-01-11T02:30:00,953.9699541566149,953.9699541566149,0
2026-01-11T02:45:00,953.9699541566149,953.9699541566149,0
2026-01-11T03:00:00,953.9699541566149,953.9699541566149,0
2026-01-11T03:15:00,953.9699541566149,953.9699541566149,0
2026-01-11T03:30:00,953.9699541566149,953.9699541566149,0
2026-01-11T03:45:00,953.9699541566149,953.9699541566149,0
2026-01-11T04:00:00,953.9699541566149,953.9699541566149,0
2026-01-11T04:15:00,953.9699541566149,953.9699541566149,0
2026-01-11T04:30:00,953.9699541566149,953.9699541566149,0
2026-01-11T04:45:00,953.9699541566149,953.9699541566149,0
2026-01-11T05:00:00,953.9699541566149,953.9699541566149,0
2026-01-11T05:15:00,953.9699541566149,953.9699541566149,0
2026-01-11T05:30:00,953.9699541566149,953.9699541566149,0
2026-01-11T05:45:00,953.9699541566149,953.9699541566149,0
2026-01-11T06:00:00,953.9699541566149,953.9699541566149,0
2026-01-11T06:15:00,953.9699541566149,953.9699541566149,0
2026-01-11T06:30:00,953.9699541566149,953.9699541566149,0
2026-01-11T06:45:00,953.9699541566149,953.9699541566149,0
2026-01-11T07:00:00,953.9699541566149,953.9699541566149,0
2026-01-11T07:15:00,953.9699541566149,953.9699541566149,0
2026-01-11T07:30:00,953.9699541566149,953.9699541566149,0
2026-01-11T07:45:00,953.9699541566149,953.9699541566149,0
2026-01-11T08:00:00,953.9699541566149,953.9699541566149,0
2026-01-11T08:15:00,953.9699541566149,953.9699541566149,0
2026-01-11T08:30:00,953.9699541566149,953.9699541566149,0
2026-01-11T08:45:00,953.9699541566149,953.9699541566149,0
2026-01-11T09:00:00,953.9699541566149,953.9699541566149,0
2026-01-11T09:15:00,953.9699541566149,953.9699541566149,0
2026-01-11T09:30:00,953.9699541566149,953.9699541566149,0
2026-01-11T09:45:00,953.9699541566149,953.9699541566149,0
2026-01-11T10:00:00,953.9699541566149,953.9699541566149,0
2026-01-11T10:15:00,953.9699541566149,953.9699541566149,0
2026-01-11T10:30:00,953.9699541566149,953.9699541566149,0
2026-01-11T10:45:00,953.9699541566149,953.9699541566149,0
2026-01-11T11:00:00,953.9699541566149,953.9699541566149,0
2026-01-11T11:15:00,953.9699541566149,953.9699541566149,0
2026-01-11T11:30:00,953.9699541566149,953.9699541566149,0
2026-01-11T11:45:00,953.9699541566149,953.9699541566149,0
2026-01-11T12:00:00,953.9699541566149,953.9699541566149,0
2026-01-11T12:15:00,953.9699541566149,953.9699541566149,0
2026-01-11T12:30:00,953.9699541566149,953.9699541566149,0
2026-01-11T12:45:00,953.9699541566149,953.9699541566149,0
2026-01-11T13:00:00,953.9699541566149,953.9699541566149,0
2026-01-11T13:15:00,953.9699541566149,953.9699541566149,0
2026-01-11T13:30:00,953.9699541566149,953.9699541566149,0
2026-01-11T13:45:00,953.9699541566149,953.9699541566149,0
2026-01-11T14:00:00,953.9699541566149,953.9699541566149,0
2026-01-11T14:15:00,953.9699541566149,953.9699541566149,0
2026-01-11T14:30:00,953.9699541566149,953.9699541566149,0
2026-01-11T14:45:00,953.9699541566149,953.9699541566149,0
2026-01-11T15:00:00,953.9699541566149,953.9699541566149,0
2026-01-11T15:15:00,953.9699541566149,953.9699541566149,0
2026-01-11T15:30:00,953.9699541566149,953.9699541566149,0
2026-01-11T15:45:00,953.9699541566149,953.9699541566149,0
2026-01-11T16:00:00,953.9699541566149,953.9699541566149,0
2026-01-11T16:15:00,953.9699541566149,953.9699541566149,0
2026-01-11T16:30:00,953.9699541566149,953.9699541566149,0
2026-01-11T16:45:00,953.9699541566149,953.9699541566149,0
2026-01-11T17:00:00,953.9699541566149,953.9699541566149,0
2026-01-11T17:15:00,953.9699541566149,953.9699541566149,0
2026-01-11T17:30:00,953.9699541566149,953.9699541566149,0
2026-01-11T17:45:00,953.9699541566149,953.9699541566149,0
2026-01-11T18:00:00,953.9699541566149,953.9699541566149,0
2026-01-11T18:15:00,953.9699541566149,953.9699541566149,0
2026-01-11T18:30:00,953.9699541566149,953.9699541566149,0
2026-01-11T18:45:00,953.9699541566149,953.9699541566149,0
2026-01-11T19:00:00,953.9699541566149,953.9699541566149,0
2026-01-11T19:15:00,953.9699541566149,953.9699541566149,0
2026-01-11T19:30:00,953.9699541566149,953.9699541566149,0
2026-01-11T19:45:00,953.9699541566149,953.9699541566149,0
2026-01-11T20:00:00,953.9699541566149,953.9699541566149,0
2026-01-11T20:15:00,953.9699541566149,953.9699541566149,0
2026-01-11T20:30:00,953.9699541566149,953.9699541566149,0
2026-01-11T20:45:00,953.9699541566149,953.9699541566149,0
2026-01-11T21:00:00,953.9699541566149,953.9699541566149,0
2026-01-11T21:15:00,953.9699541566149,953.9699541566149,0
2026-01-11T21:30:00,953.9699541566149,953.9699541566149,0
2026-01-11T21:45:00,953.9699541566149,953.9699541566149,0
2026-01-11T22:00:00,953.9699541566149,953.9699541566149,0
2026-01-11T22:15:00,953.9699541566149,953.9699541566149,0
2026-01-11T22:30:00,953.9699541566149,953.9699541566149,0
2026-01-11T22:45:00,953.9699541566149,953.9699541566149,0
2026-01-11T23:00:00,953.9699541566149,953.9699541566149,0
2026-01-11T23:15:00,953.9699541566149,953.9699541566149,0
2026-01-11T23:30:00,953.9699541566149,953.9699541566149,0
2026-01-11T23:45:00,953.9699541566149,953.9699541566149,0
2026-01-12T00:00:00,953.9699541566149,953.9699541566149,0
2026-01-12T00:15:00,953.9699541566149,953.9699541566149,0
2026-01-12T00:30:00,953.9699541566149,953.9699541566149,0
2026-01-12T00:45:00,953.9699541566149,953.9699541566149,0
2026-01-12T01:00:00,953.9699541566149,953.9699541566149,0
2026-01-12T01:15:00,953.9699541566149,953.9699541566149,0
2026-01-12T01:30:00,953.9699541566149,953.9699541566149,0
2026-01-12T01:45:00,953.9699541566149,953.9699541566149,0
2026-01-12T02:00:00,953.9699541566149,953.9699541566149,0
2026-01-12T02:15:00,953.9699541566149,953.9699541566149,0
2026-01-12T02:30:00,953.9699541566149,953.9699541566149,0
2026-01-12T02:45:00,953.9699541566149,953.9699541566149,0
2026-01-12T03:00:00,953.9699541566149,953.9699541566149,0
2026-01-12T03:15:00,953.9699541566149,953.9699541566149,0
2026-01-12T03:30:00,953.9699541566149,953.9699541566149,0
2026-01-12T03:45:00,953.9699541566149,953.9699541566149,0
2026-01-12T04:00:00,953.9699541566149,953.9699541566149,0
2026-01-12T04:15:00,953.9699541566149,953.9699541566149,0
2026-01-12T04:30:00,953.9699541566149,953.9699541566149,0
2026-01-12T04:45:00,953.9699541566149,953.9699541566149,0
2026-01-12T05:00:00,953.9699541566149,953.9699541566149,0
2026-01-12T05:15:00,953.9699541566149,953.9699541566149,0
2026-01-12T05:30:00,953.9699541566149,953.9699541566149,0
2026-01-12T05:45:00,953.9699541566149,953.9699541566149,0
2026-01-12T06:00:00,953.9699541566149,953.9699541566149,0
2026-01-12T06:15:00,953.9699541566149,953.9699541566149,0
2026-01-12T06:30:00,953.9699541566149,953.9699541566149,0
2026-01-12T06:45:00,953.9699541566149,953.9699541566149,0
2026-01-12T07:00:00,953.9699541566149,953.9699541566149,0
2026-01-12T07:15:00,953.9699541566149,953.9699541566149,0
2026-01-12T07:30:00,953.9699541566149,953.9699541566149,0
2026-01-12T07:45:00,953.9699541566149,953.9699541566149,0
2026-01-12T08:00:00,953.9699541566149,953.9699541566149,0
2026-01-12T08:15:00,953.9699541566149,953.9699541566149,0
2026-01-12T08:30:00,953.9699541566149,953.9699541566149,0
2026-01-12T08:45:00,953.9699541566149,953.9699541566149,0
2026-01-12T09:00:00,953.9699541566149,953.9699541566149,0
2026-01-12T09:15:00,953.9699541566149,953.9699541566149,0
2026-01-12T09:30:00,953.9699541566149,953.9699541566149,0
2026-01-12T09:45:00,953.9699541566149,953.9699541566149,0
2026-01-12T10:00:00,953.9699541566149,953.9699541566149,0
2026-01-12T10:15:00,953.9699541566149,953.9699541566149,0
2026-01-12T10:30:00,953.9699541566149,953.9699541566149,0
2026-01-12T10:45:00,953.9699541566149,953.9699541566149,0
2026-01-12T11:00:00,953.9699541566149,953.9699541566149,0
2026-01-12T11:15:00,953.9699541566149,953.9699541566149,0
2026-01-12T11:30:00,953.9699541566149,953.9699541566149,0
2026-01-12T11:45:00,953.9699541566149,953.9699541566149,0
2026-01-12T12:00:00,953.9699541566149,953.9699541566149,0
2026-01-12T12:15:00,953.9699541566149,953.9699541566149,0
2026-01-12T12:30:00,953.9699541566149,953.9699541566149,0
2026-01-12T12:45:00,953.9699541566149,953.9699541566149,0
2026-01-12T13:00:00,953.9699541566149,953.9699541566149,0
2026-01-12T13:15:00,953.9699541566149,953.9699541566149,0
2026-01-12T13:30:00,953.9699541566149,953.9699541566149,0
2026-01-12T13:45:00,953.9699541566149,953.9699541566149,0
2026-01-12T14:00:00,953.9699541566149,953.9699541566149,0
2026-01-12T14:15:00,953.9699541566149,953.9699541566149,0
2026-01-12T14:30:00,953.9699541566149,953.9699541566149,0
2026-01-12T14:45:00,953.9699541566149,953.9699541566149,0
2026-01-12T15:00:00,953.9699541566149,953.9699541566149,0
2026-01-12T15:15:00,953.9699541566149,953.9699541566149,0
2026-01-12T15:30:00,953.9699541566149,953.9699541566149,0
2026-01-12T15:45:00,953.9699541566149,953.9699541566149,0
2026-01-12T16:00:00,953.9699541566149,953.9699541566149,0
2026-01-12T16:15:00,953.9699541566149,953.9699541566149,0
2026-01-12T16:30:00,953.9699541566149,953.9699541566149,0
2026-01-12T16:45:00,953.9699541566149,953.9699541566149,0
2026-01-12T17:00:00,953.9699541566149,953.9699541566149,0
2026-01-12T17:15:00,953.9699541566149,953.9699541566149,0
2026-01-12T17:30:00,953.9699541566149,953.9699541566149,0
2026-01-12T17:45:00,953.9699541566149,953.9699541566149,0
2026-01-12T18:00:00,953.9699541566149,953.9699541566149,0
2026-01-12T18:15:00,953.9699541566149,953.9699541566149,0
2026-01-12T18:30:00,953.9699541566149,953.9699541566149,0
2026-01-12T18:45:00,953.9699541566149,953.9699541566149,0
2026-01-12T19:00:00,953.9699541566149,953.9699541566149,0
2026-01-12T19:15:00,953.9699541566149,953.9699541566149,0
2026-01-12T19:30:00,953.9699541566149,953.9699541566149,0
2026-01-12T19:45:00,953.9699541566149,953.9699541566149,0
2026-01-12T20:00:00,953.9699541566149,953.9699541566149,0
2026-01-12T20:15:00,953.9699541566149,953.9699541566149,0
2026-01-12T20:30:00,953.9699541566149,953.9699541566149,0
2026-01-12T20:45:00,953.9699541566149,953.9699541566149,0
2026-01-12T21:00:00,953.9699541566149,953.9699541566149,0
2026-01-12T21:15:00,953.9699541566149,953.9699541566149,0
2026-01-12T21:30:00,953.9699541566149,953.9699541566149,0
2026-01-12T21:45:00,953.9699541566149,953.9699541566149,0
2026-01-12T22:00:00,953.9699541566149,953.9699541566149,0
2026-01-12T22:15:00,953.9699541566149,953.9699541566149,0
2026-01-12T22:30:00,953.9699541566149,953.9699541566149,0
2026-01-12T22:45:00,953.9699541566149,953.9699541566149,0
2026-01-12T23:00:00,953.9699541566149,953.9699541566149,0
2026-01-12T23:15:00,953.9699541566149,953.9699541566149,0
2026-01-12T23:30:00,953.9699541566149,953.9699541566149,0
2026-01-12T23:45:00,953.9699541566149,953.9699541566149,0
2026-01-13T00:00:00,953.9699541566149,953.9699541566149,0
2026-01-13T00:15:00,953.9699541566149,953.9699541566149,0
2026-01-13T00:30:00,953.9699541566149,953.9699541566149,0
2026-01-13T00:45:00,953.9699541566149,953.9699541566149,0
2026-01-13T01:00:00,953.9699541566149,953.9699541566149,0
2026-01-13T01:15:00,953.9699541566149,953.9699541566149,0
2026-01-13T01:30:00,953.9699541566149,953.9699541566149,0
2026-01-13T01:45:00,953.9699541566149,953.9699541566149,0
2026-01-13T02:00:00,953.9699541566149,953.9699541566149,0
2026-01-13T02:15:00,953.9699541566149,953.9699541566149,0
2026-01-13T02:30:00,953.9699541566149,953.9699541566149,0
2026-01-13T02:45:00,953.9699541566149,953.9699541566149,0
2026-01-13T03:00:00,953.9699541566149,953.9699541566149,0
2026-01-13T03:15:00,953.9699541566149,953.9699541566149,0
2026-01-13T03:30:00,953.9699541566149,953.9699541566149,0
2026-01-13T03:45:00,953.9699541566149,953.9699541566149,0
2026-01-13T04:00:00,953.9699541566149,953.9699541566149,0
2026-01-13T04:15:00,953.9699541566149,953.9699541566149,0
2026-01-13T04:30:00,953.9699541566149,953.9699541566149,0
2026-01-13T04:45:00,953.9699541566149,953.9699541566149,0
2026-01-13T05:00:00,953.9699541566149,953.9699541566149,0
2026-01-13T05:15:00,953.9699541566149,953.9699541566149,0
2026-01-13T05:30:00,953.9699541566149,953.9699541566149,0
2026-01-13T05:45:00,953.9699541566149,953.9699541566149,0
2026-01-13T06:00:00,953.9699541566149,953.9699541566149,0
2026-01-13T06:15:00,953.9699541566149,953.9699541566149,0
2026-01-13T06:30:00,953.9699541566149,953.9699541566149,0
2026-01-13T06:45:00,953.9699541566149,953.9699541566149,0
2026-01-13T07:00:00,953.9699541566149,953.9699541566149,0
2026-01-13T07:15:00,953.9699541566149,953.9699541566149,0
2026-01-13T07:30:00,953.9699541566149,953.9699541566149,0
2026-01-13T07:45:00,953.9699541566149,953.9699541566149,0
2026-01-13T08:00:00,953.9699541566149,953.9699541566149,0
2026-01-13T08:15:00,953.9699541566149,953.9699541566149,0
2026-01-13T08:30:00,953.9699541566149,953.9699541566149,0
2026-01-13T08:45:00,953.9699541566149,953.9699541566149,0
2026-01-13T09:00:00,953.9699541566149,953.9699541566149,0
2026-01-13T09:15:00,953.9699541566149,953.9699541566149,0
2026-01-13T09:30:00,953.9699541566149,953.9699541566149,0
2026-01-13T09:45:00,953.9699541566149,953.9699541566149,0
2026-01-13T10:00:00,953.9699541566149,953.9699541566149,0
2026-01-13T10:15:00,953.9699541566149,953.9699541566149,0
2026-01-13T10:30:00,953.9699541566149,953.9699541566149,0
2026-01-13T10:45:00,953.9699541566149,953.9699541566149,0
2026-01-13T11:00:00,953.9699541566149,953.9699541566149,0
2026-01-13T11:15:00,953.9699541566149,953.9699541566149,0
2026-01-13T11:30:00,953.9699541566149,953.9699541566149,0
2026-01-13T11:45:00,953.9699541566149,953.9699541566149,0
2026-01-13T12:00:00,953.9699541566149,953.9699541566149,0
2026-01-13T12:15:00,953.9699541566149,953.9699541566149,0
2026-01-13T12:30:00,953.9699541566149,953.9699541566149,0
2026-01-13T12:45:00,953.9699541566149,953.9699541566149,0
2026-01-13T13:00:00,953.9699541566149,953.9699541566149,0
2026-01-13T13:15:00,953.9699541566149,953.9699541566149,0
2026-01-13T13:30:00,953.9699541566149,953.9699541566149,0
2026-01-13T13:45:00,953.9699541566149,953.9699541566149,0
2026-01-13T14:00:00,953.9699541566149,953.9699541566149,0
2026-01-13T14:15:00,953.9699541566149,953.9699541566149,0
2026-01-13T14:30:00,953.9699541566149,953.9699541566149,0
2026-01-13T14:45:00,953.9699541566149,953.9699541566149,0
2026-01-13T15:00:00,953.9699541566149,953.9699541566149,0
2026-01-13T15:15:00,953.9699541566149,953.9699541566149,0
2026-01-13T15:30:00,953.9699541566149,953.9699541566149,0
2026-01-13T15:45:00,953.9699541566149,953.9699541566149,0
2026-01-13T16:00:00,953.9699541566149,953.9699541566149,0
2026-01-13T16:15:00,953.9699541566149,953.9699541566149,0
2026-01-13T16:30:00,953.9699541566149,953.9699541566149,0
2026-01-13T16:45:00,953.9699541566149,953.9699541566149,0
2026-01-13T17:00:00,953.9699541566149,953.9699541566149,0
2026-01-13T17:15:00,953.9699541566149,953.9699541566149,0
2026-01-13T17:30:00,953.9699541566149,953.9699541566149,0
2026-01-13T17:45:00,953.9699541566149,953.9699541566149,0
2026-01-13T18:00:00,953.9699541566149,953.9699541566149,0
2026-01-13T18:15:00,953.9699541566149,953.9699541566149,0
2026-01-13T18:30:00,953.9699541566149,953.9699541566149,0
2026-01-13T18:45:00,953.9699541566149,953.9699541566149,0
2026-01-13T19:00:00,953.9699541566149,953.9699541566149,0
2026-01-13T19:15:00,953.9699541566149,953.9699541566149,0
2026-01-13T19:30:00,953.9699541566149,953.9699541566149,0
2026-01-13T19:45:00,953.9699541566149,953.9699541566149,0
2026-01-13T20:00:00,953.9699541566149,953.9699541566149,0
2026-01-13T20:15:00,953.9699541566149,953.9699541566149,0
2026-01-13T20:30:00,953.9699541566149,953.9699541566149,0
2026-01-13T20:45:00,953.9699541566149,953.9699541566149,0
2026-01-13T21:00:00,953.9699541566149,953.9699541566149,0
2026-01-13T21:15:00,953.9699541566149,953.9699541566149,0
2026-01-13T21:30:00,953.9699541566149,953.9699541566149,0
2026-01-13T21:45:00,953.9699541566149,953.9699541566149,0
2026-01-13T22:00:00,953.9699541566149,953.9699541566149,0
2026-01-13T22:15:00,953.9699541566149,953.9699541566149,0
2026-01-13T22:30:00,953.9699541566149,953.9699541566149,0
2026-01-13T22:45:00,953.9699541566149,953.9699541566149,0
2026-01-13T23:00:00,953.245794278484,858.4203235482884,1
2026-01-13T23:15:00,952.0410072823536,858.4203235482884,1
2026-01-13T23:30:00,951.919957593643,858.4203235482884,1
2026-01-13T23:45:00,952.0307294785953,858.4203235482884,1
2026-01-14T00:00:00,952.7798671747673,858.4203235482884,1
2026-01-14T00:15:00,952.2065941206844,858.4203235482884,1
2026-01-14T00:30:00,951.3660981688815,858.4203235482884,1
2026-01-14T00:45:00,951.8879822041722,858.4203235482884,1
2026-01-14T01:00:00,952.6793441014878,952.6793441014878,0
2026-01-14T01:15:00,952.6793441014878,952.6793441014878,0
2026-01-14T01:30:00,952.6793441014878,952.6793441014878,0
2026-01-14T01:45:00,952.6793441014878,952.6793441014878,0
2026-01-14T02:00:00,952.6793441014878,952.6793441014878,0
2026-01-14T02:15:00,952.6793441014878,952.6793441014878,0
2026-01-14T02:30:00,952.6793441014878,952.6793441014878,0
2026-01-14T02:45:00,952.6793441014878,952.6793441014878,0
2026-01-14T03:00:00,952.6793441014878,952.6793441014878,0
2026-01-14T03:15:00,952.6793441014878,952.6793441014878,0
2026-01-14T03:30:00,952.6793441014878,952.6793441014878,0
2026-01-14T03:45:00,952.6793441014878,952.6793441014878,0
2026-01-14T04:00:00,952.6793441014878,952.6793441014878,0
2026-01-14T04:15:00,952.6793441014878,952.6793441014878,0
2026-01-14T04:30:00,952.6793441014878,952.6793441014878,0
2026-01-14T04:45:00,952.6793441014878,952.6793441014878,0
2026-01-14T05:00:00,952.6793441014878,952.6793441014878,0
2026-01-14T05:15:00,952.6793441014878,952.6793441014878,0
2026-01-14T05:30:00,952.6793441014878,952.6793441014878,0
2026-01-14T05:45:00,952.6793441014878,952.6793441014878,0
2026-01-14T06:00:00,952.6793441014878,952.6793441014878,0
2026-01-14T06:15:00,952.6793441014878,952.6793441014878,0
2026-01-14T06:30:00,952.6793441014878,952.6793441014878,0
2026-01-14T06:45:00,952.6793441014878,952.6793441014878,0
2026-01-14T07:00:00,952.6793441014878,952.6793441014878,0
2026-01-14T07:15:00,952.6793441014878,952.6793441014878,0
2026-01-14T07:30:00,952.6793441014878,952.6793441014878,0
2026-01-14T07:45:00,952.6793441014878,952.6793441014878,0
2026-01-14T08:00:00,952.6793441014878,952.6793441014878,0
2026-01-14T08:15:00,952.6793441014878,952.6793441014878,0
2026-01-14T08:30:00,952.6793441014878,952.6793441014878,0
2026-01-14T08:45:00,952.6793441014878,952.6793441014878,0
2026-01-14T09:00:00,952.6793441014878,952.6793441014878,0
2026-01-14T09:15:00,952.6793441014878,952.6793441014878,0
2026-01-14T09:30:00,952.6793441014878,952.6793441014878,0
2026-01-14T09:45:00,952.6793441014878,952.6793441014878,0
2026-01-14T10:00:00,952.6793441014878,952.6793441014878,0
2026-01-14T10:15:00,952.6793441014878,952.6793441014878,0
2026-01-14T10:30:00,952.6793441014878,952.6793441014878,0
2026-01-14T10:45:00,952.6793441014878,952.6793441014878,0
2026-01-14T11:00:00,952.6793441014878,952.6793441014878,0
2026-01-14T11:15:00,952.6793441014878,952.6793441014878,0
2026-01-14T11:30:00,952.6793441014878,952.6793441014878,0
2026-01-14T11:45:00,952.6793441014878,952.6793441014878,0
2026-01-14T12:00:00,952.6793441014878,952.6793441014878,0
2026-01-14T12:15:00,952.6793441014878,952.6793441014878,0
2026-01-14T12:30:00,952.6793441014878,952.6793441014878,0
2026-01-14T12:45:00,952.6793441014878,952.6793441014878,0
2026-01-14T13:00:00,952.6793441014878,952.6793441014878,0
2026-01-14T13:15:00,952.6793441014878,952.6793441014878,0
2026-01-14T13:30:00,952.6793441014878,952.6793441014878,0
2026-01-14T13:45:00,952.6793441014878,952.6793441014878,0
2026-01-14T14:00:00,952.6793441014878,952.6793441014878,0
2026-01-14T14:15:00,952.6793441014878,952.6793441014878,0
2026-01-14T14:30:00,952.6793441014878,952.6793441014878,0
2026-01-14T14:45:00,952.6793441014878,952.6793441014878,0
2026-01-14T15:00:00,952.6793441014878,952.6793441014878,0
2026-01-14T15:15:00,952.6793441014878,952.6793441014878,0
2026-01-14T15:30:00,952.6793441014878,952.6793441014878,0
2026-01-14T15:45:00,952.6793441014878,952.6793441014878,0
2026-01-14T16:00:00,952.6793441014878,952.6793441014878,0
2026-01-14T16:15:00,952.6793441014878,952.6793441014878,0
2026-01-14T16:30:00,952.6793441014878,952.6793441014878,0
2026-01-14T16:45:00,952.6793441014878,952.6793441014878,0
2026-01-14T17:00:00,952.6793441014878,952.6793441014878,0
2026-01-14T17:15:00,952.6793441014878,952.6793441014878,0
2026-01-14T17:30:00,952.6793441014878,952.6793441014878,0
2026-01-14T17:45:00,952.6793441014878,952.6793441014878,0
2026-01-14T18:00:00,952.6793441014878,952.6793441014878,0
2026-01-14T18:15:00,952.6793441014878,952.6793441014878,0
2026-01-14T18:30:00,952.6793441014878,952.6793441014878,0
2026-01-14T18:45:00,952.6793441014878,952.6793441014878,0
2026-01-14T19:00:00,952.6793441014878,952.6793441014878,0
2026-01-14T19:15:00,952.6793441014878,952.6793441014878,0
2026-01-14T19:30:00,952.6793441014878,952.6793441014878,0
2026-01-14T19:45:00,952.6793441014878,952.6793441014878,0
2026-01-14T20:00:00,952.6793441014878,952.6793441014878,0
2026-01-14T20:15:00,952.6793441014878,952.6793441014878,0
2026-01-14T20:30:00,952.6793441014878,952.6793441014878,0
2026-01-14T20:45:00,952.6793441014878,952.6793441014878,0
2026-01-14T21:00:00,952.6793441014878,952.6793441014878,0
2026-01-14T21:15:00,952.6793441014878,952.6793441014878,0
2026-01-14T21:30:00,952.6793441014878,952.6793441014878,0
2026-01-14T21:45:00,952.6793441014878,952.6793441014878,0
2026-01-14T22:00:00,952.6793441014878,952.6793441014878,0
2026-01-14T22:15:00,952.6793441014878,952.6793441014878,0
2026-01-14T22:30:00,952.6793441014878,952.6793441014878,0
2026-01-14T22:45:00,952.6793441014878,952.6793441014878,0
2026-01-14T23:00:00,952.6793441014878,952.6793441014878,0
2026-01-14T23:15:00,952.6793441014878,952.6793441014878,0
2026-01-14T23:30:00,952.6793441014878,952.6793441014878,0
2026-01-14T23:45:00,952.6793441014878,952.6793441014878,0
2026-01-15T00:00:00,952.6793441014878,952.6793441014878,0
2026-01-15T00:15:00,952.6793441014878,952.6793441014878,0
2026-01-15T00:30:00,952.6793441014878,952.6793441014878,0
2026-01-15T00:45:00,952.6793441014878,952.6793441014878,0
2026-01-15T01:00:00,952.6793441014878,952.6793441014878,0
2026-01-15T01:15:00,952.6793441014878,952.6793441014878,0
2026-01-15T01:30:00,952.6793441014878,952.6793441014878,0
2026-01-15T01:45:00,952.6793441014878,952.6793441014878,0
2026-01-15T02:00:00,952.6793441014878,952.6793441014878,0
2026-01-15T02:15:00,952.6793441014878,952.6793441014878,0
2026-01-15T02:30:00,952.6793441014878,952.6793441014878,0
2026-01-15T02:45:00,952.6793441014878,952.6793441014878,0
2026-01-15T03:00:00,952.6793441014878,952.6793441014878,0
2026-01-15T03:15:00,952.6793441014878,952.6793441014878,0
2026-01-15T03:30:00,952.6793441014878,952.6793441014878,0
2026-01-15T03:45:00,952.6793441014878,952.6793441014878,0
2026-01-15T04:00:00,952.6793441014878,952.6793441014878,0
2026-01-15T04:15:00,952.6793441014878,952.6793441014878,0
2026-01-15T04:30:00,952.6793441014878,952.6793441014878,0
2026-01-15T04:45:00,952.6793441014878,952.6793441014878,0
2026-01-15T05:00:00,952.6793441014878,952.6793441014878,0
2026-01-15T05:15:00,952.6793441014878,952.6793441014878,0
2026-01-15T05:30:00,952.6793441014878,952.6793441014878,0
2026-01-15T05:45:00,952.6793441014878,952.6793441014878,0
2026-01-15T06:00:00,952.6793441014878,952.6793441014878,0
2026-01-15T06:15:00,952.6793441014878,952.6793441014878,0
2026-01-15T06:30:00,952.6793441014878,952.6793441014878,0
2026-01-15T06:45:00,952.6793441014878,952.6793441014878,0
2026-01-15T07:00:00,952.6793441014878,952.6793441014878,0
2026-01-15T07:15:00,952.6793441014878,952.6793441014878,0
2026-01-15T07:30:00,952.6793441014878,952.6793441014878,0
2026-01-15T07:45:00,952.6793441014878,952.6793441014878,0
2026-01-15T08:00:00,951.9561639271894,857.2589809962827,1
2026-01-15T08:15:00,951.6643230538689,857.2589809962827,1
2026-01-15T08:30:00,952.2926392870179,857.2589809962827,1
2026-01-15T08:45:00,953.3032098405163,857.2589809962827,1
2026-01-15T09:00:00,952.7378396780834,857.2589809962827,1
2026-01-15T09:15:00,954.3320919782229,857.2589809962827,1
2026-01-15T09:30:00,957.1165972519051,857.2589809962827,1
2026-01-15T09:45:00,956.6839860749828,857.2589809962827,1
2026-01-15T10:00:00,956.3715446694279,857.2589809962827,1
2026-01-15T10:15:00,956.6073063161103,857.2589809962827,1
2026-01-15T10:30:00,956.8396345407538,857.2589809962827,1
2026-01-15T10:45:00,956.4688249605347,857.2589809962827,1
2026-01-15T11:00:00,955.8324974092945,857.2589809962827,1
2026-01-15T11:15:00,956.1117490684719,857.2589809962827,1
2026-01-15T11:30:00,954.8928842446036,857.2589809962827,1
2026-01-15T11:45:00,954.5436078504661,954.5436078504661,0
2026-01-15T12:00:00,954.5436078504661,954.5436078504661,0
2026-01-15T12:15:00,954.5436078504661,954.5436078504661,0
2026-01-15T12:30:00,954.5436078504661,954.5436078504661,0
2026-01-15T12:45:00,954.5436078504661,954.5436078504661,0
2026-01-15T13:00:00,954.5436078504661,954.5436078504661,0
2026-01-15T13:15:00,954.5436078504661,954.5436078504661,0
2026-01-15T13:30:00,954.5436078504661,954.5436078504661,0
2026-01-15T13:45:00,954.5436078504661,954.5436078504661,0
2026-01-15T14:00:00,954.5436078504661,954.5436078504661,0
2026-01-15T14:15:00,954.5436078504661,954.5436078504661,0
2026-01-15T14:30:00,954.5436078504661,954.5436078504661,0
2026-01-15T14:45:00,954.5436078504661,954.5436078504661,0
2026-01-15T15:00:00,954.5436078504661,954.5436078504661,0
2026-01-15T15:15:00,954.5436078504661,954.5436078504661,0
2026-01-15T15:30:00,954.5436078504661,954.5436078504661,0
2026-01-15T15:45:00,954.5436078504661,954.5436078504661,0
2026-01-15T16:00:00,954.5436078504661,954.5436078504661,0
2026-01-15T16:15:00,954.5436078504661,954.5436078504661,0
2026-01-15T16:30:00,954.5436078504661,954.5436078504661,0
2026-01-15T16:45:00,954.5436078504661,954.5436078504661,0
2026-01-15T17:00:00,954.5436078504661,954.5436078504661,0
2026-01-15T17:15:00,954.5436078504661,954.5436078504661,0
2026-01-15T17:30:00,953.8190125110428,858.9365200881633,1
2026-01-15T17:45:00,952.5722907923268,858.9365200881633,1
2026-01-15T18:00:00,950.7818054247048,950.7818054247048,0
2026-01-15T18:15:00,950.7818054247048,950.7818054247048,0
2026-01-15T18:30:00,950.7818054247048,950.7818054247048,0
2026-01-15T18:45:00,950.7818054247048,950.7818054247048,0
2026-01-15T19:00:00,950.7818054247048,950.7818054247048,0
2026-01-15T19:15:00,950.7818054247048,950.7818054247048,0
2026-01-15T19:30:00,950.7818054247048,950.7818054247048,0
2026-01-15T19:45:00,950.7818054247048,950.7818054247048,0
2026-01-15T20:00:00,950.7818054247048,950.7818054247048,0
2026-01-15T20:15:00,950.7818054247048,950.7818054247048,0
2026-01-15T20:30:00,950.7818054247048,950.7818054247048,0
2026-01-15T20:45:00,950.7818054247048,950.7818054247048,0
2026-01-15T21:00:00,950.7818054247048,950.7818054247048,0
2026-01-15T21:15:00,950.7818054247048,950.7818054247048,0
2026-01-15T21:30:00,950.7818054247048,950.7818054247048,0
2026-01-15T21:45:00,950.7818054247048,950.7818054247048,0
2026-01-15T22:00:00,950.7818054247048,950.7818054247048,0
2026-01-15T22:15:00,950.7818054247048,950.7818054247048,0
2026-01-15T22:30:00,950.7818054247048,950.7818054247048,0
2026-01-15T22:45:00,950.7818054247048,950.7818054247048,0
2026-01-15T23:00:00,950.7818054247048,950.7818054247048,0
2026-01-15T23:15:00,950.7818054247048,950.7818054247048,0
2026-01-15T23:30:00,950.7818054247048,950.7818054247048,0
2026-01-15T23:45:00,950.7818054247048,950.7818054247048,0
2026-01-16T00:00:00,950.7818054247048,950.7818054247048,0
2026-01-16T00:15:00,950.7818054247048,950.7818054247048,0
2026-01-16T00:30:00,950.7818054247048,950.7818054247048,0
2026-01-16T00:45:00,950.7818054247048,950.7818054247048,0
2026-01-16T01:00:00,950.7818054247048,950.7818054247048,0
2026-01-16T01:15:00,950.7818054247048,950.7818054247048,0
2026-01-16T01:30:00,950.7818054247048,950.7818054247048,0
2026-01-16T01:45:00,950.7818054247048,950.7818054247048,0
2026-01-16T02:00:00,950.7818054247048,950.7818054247048,0
2026-01-16T02:15:00,950.7818054247048,950.7818054247048,0
2026-01-16T02:30:00,950.7818054247048,950.7818054247048,0
2026-01-16T02:45:00,950.7818054247048,950.7818054247048,0
2026-01-16T03:00:00,950.7818054247048,950.7818054247048,0
2026-01-16T03:15:00,950.7818054247048,950.7818054247048,0
2026-01-16T03:30:00,950.7818054247048,950.7818054247048,0
2026-01-16T03:45:00,950.7818054247048,950.7818054247048,0
2026-01-16T04:00:00,950.7818054247048,950.7818054247048,0
2026-01-16T04:15:00,950.7818054247048,950.7818054247048,0
2026-01-16T04:30:00,950.7818054247048,950.7818054247048,0
2026-01-16T04:45:00,950.7818054247048,950.7818054247048,0
2026-01-16T05:00:00,950.7818054247048,950.7818054247048,0
2026-01-16T05:15:00,950.7818054247048,950.7818054247048,0
2026-01-16T05:30:00,950.7818054247048,950.7818054247048,0
2026-01-16T05:45:00,950.7818054247048,950.7818054247048,0
2026-01-16T06:00:00,950.7818054247048,950.7818054247048,0
