timestamp,equity,cash,open_positions
2025-10-18T06:00:00,1000.0,1000.0,0
2025-10-18T06:15:00,1000.0,1000.0,0
2025-10-18T06:30:00,1000.0,1000.0,0
2025-10-18T06:45:00,1000.0,1000.0,0
2025-10-18T07:00:00,1000.0,1000.0,0
2025-10-18T07:15:00,1000.0,1000.0,0
2025-10-18T07:30:00,1000.0,1000.0,0
2025-10-18T07:45:00,1000.0,1000.0,0
2025-10-18T08:00:00,1000.0,1000.0,0
2025-10-18T08:15:00,1000.0,1000.0,0
2025-10-18T08:30:00,1000.0,1000.0,0
2025-10-18T08:45:00,1000.0,1000.0,0
2025-10-18T09:00:00,999.239098647972,899.84,1
2025-10-18T09:15:00,998.469398117536,998.469398117536,0
2025-10-18T09:30:00,998.469398117536,998.469398117536,0
2025-10-18T09:45:00,998.469398117536,998.469398117536,0
2025-10-18T10:00:00,998.469398117536,998.469398117536,0
2025-10-18T10:15:00,998.469398117536,998.469398117536,0
2025-10-18T10:30:00,998.469398117536,998.469398117536,0
2025-10-18T10:45:00,998.469398117536,998.469398117536,0
2025-10-18T11:00:00,998.469398117536,998.469398117536,0
2025-10-18T11:15:00,998.469398117536,998.469398117536,0
2025-10-18T11:30:00,998.469398117536,998.469398117536,0
2025-10-18T11:45:00,998.469398117536,998.469398117536,0
2025-10-18T12:00:00,998.469398117536,998.469398117536,0
2025-10-18T12:15:00,998.469398117536,998.469398117536,0
2025-10-18T12:30:00,998.469398117536,998.469398117536,0
2025-10-18T12:45:00,998.469398117536,998.469398117536,0
2025-10-18T13:00:00,998.469398117536,998.469398117536,0
2025-10-18T13:15:00,998.469398117536,998.469398117536,0
2025-10-18T13:30:00,998.469398117536,998.469398117536,0
2025-10-18T13:45:00,998.469398117536,998.469398117536,0
2025-10-18T14:00:00,998.469398117536,998.469398117536,0
2025-10-18T14:15:00,998.469398117536,998.469398117536,0
2025-10-18T14:30:00,998.469398117536,998.469398117536,0
2025-10-18T14:45:00,998.469398117536,998.469398117536,0
2025-10-18T15:00:00,998.469398117536,998.469398117536,0
2025-10-18T15:15:00,998.469398117536,998.469398117536,0
2025-10-18T15:30:00,998.469398117536,998.469398117536,0
2025-10-18T15:45:00,998.469398117536,998.469398117536,0
2025-10-18T16:00:00,998.469398117536,998.469398117536,0
2025-10-18T16:15:00,998.469398117536,998.469398117536,0
2025-10-18T16:30:00,998.469398117536,998.469398117536,0
2025-10-18T16:45:00,998.469398117536,998.469398117536,0
2025-10-18T17:00:00,998.469398117536,998.469398117536,0
2025-10-18T17:15:00,998.469398117536,998.469398117536,0
2025-10-18T17:30:00,998.469398117536,998.469398117536,0
2025-10-18T17:45:00,998.469398117536,998.469398117536,0
2025-10-18T18:00:00,998.469398117536,998.469398117536,0
2025-10-18T18:15:00,998.469398117536,998.469398117536,0
2025-10-18T18:30:00,998.469398117536,998.469398117536,0
2025-10-18T18:45:00,998.469398117536,998.469398117536,0
2025-10-18T19:00:00,998.469398117536,998.469398117536,0
2025-10-18T19:15:00,998.469398117536,998.469398117536,0
2025-10-18T19:30:00,998.469398117536,998.469398117536,0
2025-10-18T19:45:00,998.469398117536,998.469398117536,0
2025-10-18T20:00:00,998.469398117536,998.469398117536,0
2025-10-18T20:15:00,998.469398117536,998.469398117536,0
2025-10-18T20:30:00,998.469398117536,998.469398117536,0
2025-10-18T20:45:00,998.469398117536,998.469398117536,0
2025-10-18T21:00:00,998.469398117536,998.469398117536,0
2025-10-18T21:15:00,998.469398117536,998.469398117536,0
2025-10-18T21:30:00,998.469398117536,998.469398117536,0
2025-10-18T21:45:00,998.469398117536,998.469398117536,0
2025-10-18T22:00:00,998.469398117536,998.469398117536,0
2025-10-18T22:15:00,998.469398117536,998.469398117536,0
2025-10-18T22:30:00,998.469398117536,998.469398117536,0
2025-10-18T22:45:00,998.469398117536,998.469398117536,0
2025-10-18T23:00:00,998.469398117536,998.469398117536,0
2025-10-18T23:15:00,998.469398117536,998.469398117536,0
2025-10-18T23:30:00,998.469398117536,998.469398117536,0
2025-10-18T23:45:00,998.469398117536,998.469398117536,0
2025-10-19T00:00:00,998.469398117536,998.469398117536,0
2025-10-19T00:15:00,998.469398117536,998.469398117536,0
2025-10-19T00:30:00,998.469398117536,998.469398117536,0
2025-10-19T00:45:00,998.469398117536,998.469398117536,0
2025-10-19T01:00:00,998.469398117536,998.469398117536,0
2025-10-19T01:15:00,998.469398117536,998.469398117536,0
2025-10-19T01:30:00,998.469398117536,998.469398117536,0
2025-10-19T01:45:00,998.469398117536,998.469398117536,0
2025-10-19T02:00:00,998.469398117536,998.469398117536,0
2025-10-19T02:15:00,998.469398117536,998.469398117536,0
2025-10-19T02:30:00,998.469398117536,998.469398117536,0
2025-10-19T02:45:00,998.469398117536,998.469398117536,0
2025-10-19T03:00:00,998.469398117536,998.469398117536,0
2025-10-19T03:15:00,998.469398117536,998.469398117536,0
2025-10-19T03:30:00,998.469398117536,998.469398117536,0
2025-10-19T03:45:00,998.469398117536,998.469398117536,0
2025-10-19T04:00:00,998.469398117536,998.469398117536,0
2025-10-19T04:15:00,998.469398117536,998.469398117536,0
2025-10-19T04:30:00,998.469398117536,998.469398117536,0
2025-10-19T04:45:00,998.469398117536,998.469398117536,0
2025-10-19T05:00:00,998.469398117536,998.469398117536,0
2025-10-19T05:15:00,998.469398117536,998.469398117536,0
2025-10-19T05:30:00,998.469398117536,998.469398117536,0
2025-10-19T05:45:00,998.469398117536,998.469398117536,0
2025-10-19T06:00:00,998.469398117536,998.469398117536,0
2025-10-19T06:15:00,998.469398117536,998.469398117536,0
2025-10-19T06:30:00,998.469398117536,998.469398117536,0
2025-10-19T06:45:00,998.469398117536,998.469398117536,0
2025-10-19T07:00:00,998.469398117536,998.469398117536,0
2025-10-19T07:15:00,998.469398117536,998.469398117536,0
2025-10-19T07:30:00,998.469398117536,998.469398117536,0
2025-10-19T07:45:00,998.469398117536,998.469398117536,0
2025-10-19T08:00:00,998.469398117536,998.469398117536,0
2025-10-19T08:15:00,998.469398117536,998.469398117536,0
2025-10-19T08:30:00,998.469398117536,998.469398117536,0
2025-10-19T08:45:00,998.469398117536,998.469398117536,0
2025-10-19T09:00:00,998.469398117536,998.469398117536,0
2025-10-19T09:15:00,998.469398117536,998.469398117536,0
2025-10-19T09:30:00,998.469398117536,998.469398117536,0
2025-10-19T09:45:00,998.469398117536,998.469398117536,0
2025-10-19T10:00:00,998.469398117536,998.469398117536,0
2025-10-19T10:15:00,998.469398117536,998.469398117536,0
2025-10-19T10:30:00,998.469398117536,998.469398117536,0
2025-10-19T10:45:00,998.469398117536,998.469398117536,0
2025-10-19T11:00:00,997.7114586515102,898.4627032020836,1
2025-10-19T11:15:00,996.130933348384,898.4627032020836,1
2025-10-19T11:30:00,995.4073680561601,898.4627032020836,1
2025-10-19T11:45:00,995.449811830285,898.4627032020836,1
2025-10-19T12:00:00,994.8707574832956,898.4627032020836,1
2025-10-19T12:15:00,994.4655204970081,898.4627032020836,1
2025-10-19T12:30:00,994.6373167256088,898.4627032020836,1
2025-10-19T12:45:00,995.380082772794,898.4627032020836,1
2025-10-19T13:00:00,994.4677692368797,994.4677692368797,0
2025-10-19T13:15:00,994.4677692368797,994.4677692368797,0
2025-10-19T13:30:00,994.4677692368797,994.4677692368797,0
2025-10-19T13:45:00,994.4677692368797,994.4677692368797,0
2025-10-19T14:00:00,994.4677692368797,994.4677692368797,0
2025-10-19T14:15:00,994.4677692368797,994.4677692368797,0
2025-10-19T14:30:00,994.4677692368797,994.4677692368797,0
2025-10-19T14:45:00,994.4677692368797,994.4677692368797,0
2025-10-19T15:00:00,994.4677692368797,994.4677692368797,0
2025-10-19T15:15:00,994.4677692368797,994.4677692368797,0
2025-10-19T15:30:00,994.4677692368797,994.4677692368797,0
2025-10-19T15:45:00,994.4677692368797,994.4677692368797,0
2025-10-19T16:00:00,994.4677692368797,994.4677692368797,0
2025-10-19T16:15:00,994.4677692368797,994.4677692368797,0
2025-10-19T16:30:00,994.4677692368797,994.4677692368797,0
2025-10-19T16:45:00,994.4677692368797,994.4677692368797,0
2025-10-19T17:00:00,994.4677692368797,994.4677692368797,0
2025-10-19T17:15:00,994.4677692368797,994.4677692368797,0
2025-10-19T17:30:00,994.4677692368797,994.4677692368797,0
2025-10-19T17:45:00,994.4677692368797,994.4677692368797,0
2025-10-19T18:00:00,994.4677692368797,994.4677692368797,0
2025-10-19T18:15:00,994.4677692368797,994.4677692368797,0
2025-10-19T18:30:00,994.4677692368797,994.4677692368797,0
2025-10-19T18:45:00,994.4677692368797,994.4677692368797,0
2025-10-19T19:00:00,994.4677692368797,994.4677692368797,0
2025-10-19T19:15:00,994.4677692368797,994.4677692368797,0
2025-10-19T19:30:00,994.4677692368797,994.4677692368797,0
2025-10-19T19:45:00,994.4677692368797,994.4677692368797,0
2025-10-19T20:00:00,994.4677692368797,994.4677692368797,0
2025-10-19T20:15:00,994.4677692368797,994.4677692368797,0
2025-10-19T20:30:00,994.4677692368797,994.4677692368797,0
2025-10-19T20:45:00,994.4677692368797,994.4677692368797,0
2025-10-19T21:00:00,994.4677692368797,994.4677692368797,0
2025-10-19T21:15:00,994.4677692368797,994.4677692368797,0
2025-10-19T21:30:00,994.4677692368797,994.4677692368797,0
2025-10-19T21:45:00,994.4677692368797,994.4677692368797,0
2025-10-19T22:00:00,994.4677692368797,994.4677692368797,0
2025-10-19T22:15:00,994.4677692368797,994.4677692368797,0
2025-10-19T22:30:00,994.4677692368797,994.4677692368797,0
2025-10-19T22:45:00,994.4677692368797,994.4677692368797,0
2025-10-19T23:00:00,994.4677692368797,994.4677692368797,0
2025-10-19T23:15:00,994.4677692368797,994.4677692368797,0
2025-10-19T23:30:00,994.4677692368797,994.4677692368797,0
2025-10-19T23:45:00,994.4677692368797,994.4677692368797,0
2025-10-20T00:00:00,994.4677692368797,994.4677692368797,0
2025-10-20T00:15:00,994.4677692368797,994.4677692368797,0
2025-10-20T00:30:00,994.4677692368797,994.4677692368797,0
2025-10-20T00:45:00,994.4677692368797,994.4677692368797,0
2025-10-20T01:00:00,994.4677692368797,994.4677692368797,0
2025-10-20T01:15:00,994.4677692368797,994.4677692368797,0
2025-10-20T01:30:00,994.4677692368797,994.4677692368797,0
2025-10-20T01:45:00,994.4677692368797,994.4677692368797,0
2025-10-20T02:00:00,994.4677692368797,994.4677692368797,0
2025-10-20T02:15:00,994.4677692368797,994.4677692368797,0
2025-10-20T02:30:00,994.4677692368797,994.4677692368797,0
2025-10-20T02:45:00,994.4677692368797,994.4677692368797,0
2025-10-20T03:00:00,994.4677692368797,994.4677692368797,0
2025-10-20T03:15:00,994.4677692368797,994.4677692368797,0
2025-10-20T03:30:00,994.4677692368797,994.4677692368797,0
2025-10-20T03:45:00,994.4677692368797,994.4677692368797,0
2025-10-20T04:00:00,994.4677692368797,994.4677692368797,0
2025-10-20T04:15:00,994.4677692368797,994.4677692368797,0
2025-10-20T04:30:00,994.4677692368797,994.4677692368797,0
2025-10-20T04:45:00,994.4677692368797,994.4677692368797,0
2025-10-20T05:00:00,994.4677692368797,994.4677692368797,0
2025-10-20T05:15:00,994.4677692368797,994.4677692368797,0
2025-10-20T05:30:00,994.4677692368797,994.4677692368797,0
2025-10-20T05:45:00,994.4677692368797,994.4677692368797,0
2025-10-20T06:00:00,994.4677692368797,994.4677692368797,0
2025-10-20T06:15:00,994.4677692368797,994.4677692368797,0
2025-10-20T06:30:00,994.4677692368797,994.4677692368797,0
2025-10-20T06:45:00,994.4677692368797,994.4677692368797,0
2025-10-20T07:00:00,994.4677692368797,994.4677692368797,0
2025-10-20T07:15:00,994.4677692368797,994.4677692368797,0
2025-10-20T07:30:00,994.4677692368797,994.4677692368797,0
2025-10-20T07:45:00,994.4677692368797,994.4677692368797,0
2025-10-20T08:00:00,994.4677692368797,994.4677692368797,0
2025-10-20T08:15:00,994.4677692368797,994.4677692368797,0
2025-10-20T08:30:00,994.4677692368797,994.4677692368797,0
2025-10-20T08:45:00,994.4677692368797,994.4677692368797,0
2025-10-20T09:00:00,994.4677692368797,994.4677692368797,0
2025-10-20T09:15:00,994.4677692368797,994.4677692368797,0
2025-10-20T09:30:00,994.4677692368797,994.4677692368797,0
2025-10-20T09:45:00,994.4677692368797,994.4677692368797,0
2025-10-20T10:00:00,994.4677692368797,994.4677692368797,0
2025-10-20T10:15:00,994.4677692368797,994.4677692368797,0
2025-10-20T10:30:00,994.4677692368797,994.4677692368797,0
2025-10-20T10:45:00,994.4677692368797,994.4677692368797,0
2025-10-20T11:00:00,994.4677692368797,994.4677692368797,0
2025-10-20T11:15:00,994.4677692368797,994.4677692368797,0
2025-10-20T11:30:00,994.4677692368797,994.4677692368797,0
2025-10-20T11:45:00,994.4677692368797,994.4677692368797,0
2025-10-20T12:00:00,994.4677692368797,994.4677692368797,0
2025-10-20T12:15:00,994.4677692368797,994.4677692368797,0
2025-10-20T12:30:00,994.4677692368797,994.4677692368797,0
2025-10-20T12:45:00,994.4677692368797,994.4677692368797,0
2025-10-20T13:00:00,994.4677692368797,994.4677692368797,0
2025-10-20T13:15:00,994.4677692368797,994.4677692368797,0
2025-10-20T13:30:00,994.4677692368797,994.4677692368797,0
2025-10-20T13:45:00,994.4677692368797,994.4677692368797,0
2025-10-20T14:00:00,994.4677692368797,994.4677692368797,0
2025-10-20T14:15:00,994.4677692368797,994.4677692368797,0
2025-10-20T14:30:00,994.4677692368797,994.4677692368797,0
2025-10-20T14:45:00,994.4677692368797,994.4677692368797,0
2025-10-20T15:00:00,994.4677692368797,994.4677692368797,0
2025-10-20T15:15:00,994.4677692368797,994.4677692368797,0
2025-10-20T15:30:00,994.4677692368797,994.4677692368797,0
2025-10-20T15:45:00,994.4677692368797,994.4677692368797,0
2025-10-20T16:00:00,994.4677692368797,994.4677692368797,0
2025-10-20T16:15:00,994.4677692368797,994.4677692368797,0
2025-10-20T16:30:00,994.4677692368797,994.4677692368797,0
2025-10-20T16:45:00,994.4677692368797,994.4677692368797,0
2025-10-20T17:00:00,994.4677692368797,994.4677692368797,0
2025-10-20T17:15:00,994.4677692368797,994.4677692368797,0
2025-10-20T17:30:00,994.4677692368797,994.4677692368797,0
2025-10-20T17:45:00,994.4677692368797,994.4677692368797,0
2025-10-20T18:00:00,994.4677692368797,994.4677692368797,0
2025-10-20T18:15:00,994.4677692368797,994.4677692368797,0
2025-10-20T18:30:00,994.4677692368797,994.4677692368797,0
2025-10-20T18:45:00,994.4677692368797,994.4677692368797,0
2025-10-20T19:00:00,994.4677692368797,994.4677692368797,0
2025-10-20T19:15:00,994.4677692368797,994.4677692368797,0
2025-10-20T19:30:00,994.4677692368797,994.4677692368797,0
2025-10-20T19:45:00,994.4677692368797,994.4677692368797,0
2025-10-20T20:00:00,994.4677692368797,994.4677692368797,0
2025-10-20T20:15:00,994.4677692368797,994.4677692368797,0
2025-10-20T20:30:00,994.4677692368797,994.4677692368797,0
2025-10-20T20:45:00,994.4677692368797,994.4677692368797,0
2025-10-20T21:00:00,994.4677692368797,994.4677692368797,0
2025-10-20T21:15:00,994.4677692368797,994.4677692368797,0
2025-10-20T21:30:00,994.4677692368797,994.4677692368797,0
2025-10-20T21:45:00,994.4677692368797,994.4677692368797,0
2025-10-20T22:00:00,994.4677692368797,994.4677692368797,0
2025-10-20T22:15:00,994.4677692368797,994.4677692368797,0
2025-10-20T22:30:00,994.4677692368797,994.4677692368797,0
2025-10-20T22:45:00,994.4677692368797,994.4677692368797,0
2025-10-20T23:00:00,994.4677692368797,994.4677692368797,0
2025-10-20T23:15:00,994.4677692368797,994.4677692368797,0
2025-10-20T23:30:00,994.4677692368797,994.4677692368797,0
2025-10-20T23:45:00,994.4677692368797,994.4677692368797,0
2025-10-21T00:00:00,994.4677692368797,994.4677692368797,0
2025-10-21T00:15:00,994.4677692368797,994.4677692368797,0
2025-10-21T00:30:00,994.4677692368797,994.4677692368797,0
2025-10-21T00:45:00,994.4677692368797,994.4677692368797,0
2025-10-21T01:00:00,994.4677692368797,994.4677692368797,0
2025-10-21T01:15:00,994.4677692368797,994.4677692368797,0
2025-10-21T01:30:00,994.4677692368797,994.4677692368797,0
2025-10-21T01:45:00,994.4677692368797,994.4677692368797,0
2025-10-21T02:00:00,994.4677692368797,994.4677692368797,0
2025-10-21T02:15:00,994.4677692368797,994.4677692368797,0
2025-10-21T02:30:00,994.4677692368797,994.4677692368797,0
2025-10-21T02:45:00,994.4677692368797,994.4677692368797,0
2025-10-21T03:00:00,994.4677692368797,994.4677692368797,0
2025-10-21T03:15:00,994.4677692368797,994.4677692368797,0
2025-10-21T03:30:00,994.4677692368797,994.4677692368797,0
2025-10-21T03:45:00,994.4677692368797,994.4677692368797,0
2025-10-21T04:00:00,994.4677692368797,994.4677692368797,0
2025-10-21T04:15:00,994.4677692368797,994.4677692368797,0
2025-10-21T04:30:00,994.4677692368797,994.4677692368797,0
2025-10-21T04:45:00,994.4677692368797,994.4677692368797,0
2025-10-21T05:00:00,994.4677692368797,994.4677692368797,0
2025-10-21T05:15:00,994.4677692368797,994.4677692368797,0
2025-10-21T05:30:00,994.4677692368797,994.4677692368797,0
2025-10-21T05:45:00,994.4677692368797,994.4677692368797,0
2025-10-21T06:00:00,994.4677692368797,994.4677692368797,0
2025-10-21T06:15:00,994.4677692368797,994.4677692368797,0
2025-10-21T06:30:00,994.4677692368797,994.4677692368797,0
2025-10-21T06:45:00,994.4677692368797,994.4677692368797,0
2025-10-21T07:00:00,994.4677692368797,994.4677692368797,0
2025-10-21T07:15:00,994.4677692368797,994.4677692368797,0
2025-10-21T07:30:00,994.4677692368797,994.4677692368797,0
2025-10-21T07:45:00,994.4677692368797,994.4677692368797,0
2025-10-21T08:00:00,994.4677692368797,994.4677692368797,0
2025-10-21T08:15:00,994.4677692368797,994.4677692368797,0
2025-10-21T08:30:00,994.4677692368797,994.4677692368797,0
2025-10-21T08:45:00,994.4677692368797,994.4677692368797,0
2025-10-21T09:00:00,994.4677692368797,994.4677692368797,0
2025-10-21T09:15:00,994.4677692368797,994.4677692368797,0
2025-10-21T09:30:00,994.4677692368797,994.4677692368797,0
2025-10-21T09:45:00,994.4677692368797,994.4677692368797,0
2025-10-21T10:00:00,994.4677692368797,994.4677692368797,0
2025-10-21T10:15:00,994.4677692368797,994.4677692368797,0
2025-10-21T10:30:00,994.4677692368797,994.4677692368797,0
2025-10-21T10:45:00,994.4677692368797,994.4677692368797,0
2025-10-21T11:00:00,994.4677692368797,994.4677692368797,0
2025-10-21T11:15:00,994.4677692368797,994.4677692368797,0
2025-10-21T11:30:00,994.4677692368797,994.4677692368797,0
2025-10-21T11:45:00,994.4677692368797,994.4677692368797,0
2025-10-21T12:00:00,994.4677692368797,994.4677692368797,0
2025-10-21T12:15:00,994.4677692368797,994.4677692368797,0
2025-10-21T12:30:00,994.4677692368797,994.4677692368797,0
2025-10-21T12:45:00,994.4677692368797,994.4677692368797,0
2025-10-21T13:00:00,994.4677692368797,994.4677692368797,0
2025-10-21T13:15:00,994.4677692368797,994.4677692368797,0
2025-10-21T13:30:00,994.4677692368797,994.4677692368797,0
2025-10-21T13:45:00,994.4677692368797,994.4677692368797,0
2025-10-21T14:00:00,994.4677692368797,994.4677692368797,0
2025-10-21T14:15:00,994.4677692368797,994.4677692368797,0
2025-10-21T14:30:00,994.4677692368797,994.4677692368797,0
2025-10-21T14:45:00,994.4677692368797,994.4677692368797,0
2025-10-21T15:00:00,994.4677692368797,994.4677692368797,0
2025-10-21T15:15:00,994.4677692368797,994.4677692368797,0
2025-10-21T15:30:00,994.4677692368797,994.4677692368797,0
2025-10-21T15:45:00,994.4677692368797,994.4677692368797,0
2025-10-21T16:00:00,994.4677692368797,994.4677692368797,0
2025-10-21T16:15:00,994.4677692368797,994.4677692368797,0
2025-10-21T16:30:00,994.4677692368797,994.4677692368797,0
2025-10-21T16:45:00,994.4677692368797,994.4677692368797,0
2025-10-21T17:00:00,994.4677692368797,994.4677692368797,0
2025-10-21T17:15:00,994.4677692368797,994.4677692368797,0
2025-10-21T17:30:00,994.4677692368797,994.4677692368797,0
2025-10-21T17:45:00,994.4677692368797,994.4677692368797,0
2025-10-21T18:00:00,994.4677692368797,994.4677692368797,0
2025-10-21T18:15:00,994.4677692368797,994.4677692368797,0
2025-10-21T18:30:00,994.4677692368797,994.4677692368797,0
2025-10-21T18:45:00,994.4677692368797,994.4677692368797,0
2025-10-21T19:00:00,994.4677692368797,994.4677692368797,0
2025-10-21T19:15:00,994.4677692368797,994.4677692368797,0
2025-10-21T19:30:00,994.4677692368797,994.4677692368797,0
2025-10-21T19:45:00,994.4677692368797,994.4677692368797,0
2025-10-21T20:00:00,994.4677692368797,994.4677692368797,0
2025-10-21T20:15:00,994.4677692368797,994.4677692368797,0
2025-10-21T20:30:00,994.4677692368797,994.4677692368797,0
2025-10-21T20:45:00,994.4677692368797,994.4677692368797,0
2025-10-21T21:00:00,994.4677692368797,994.4677692368797,0
2025-10-21T21:15:00,994.4677692368797,994.4677692368797,0
2025-10-21T21:30:00,994.4677692368797,994.4677692368797,0
2025-10-21T21:45:00,994.4677692368797,994.4677692368797,0
2025-10-21T22:00:00,994.4677692368797,994.4677692368797,0
2025-10-21T22:15:00,994.4677692368797,994.4677692368797,0
2025-10-21T22:30:00,994.4677692368797,994.4677692368797,0
2025-10-21T22:45:00,994.4677692368797,994.4677692368797,0
2025-10-21T23:00:00,994.4677692368797,994.4677692368797,0
2025-10-21T23:15:00,994.4677692368797,994.4677692368797,0
2025-10-21T23:30:00,994.4677692368797,994.4677692368797,0
2025-10-21T23:45:00,994.4677692368797,994.4677692368797,0
2025-10-22T00:00:00,994.4677692368797,994.4677692368797,0
2025-10-22T00:15:00,994.4677692368797,994.4677692368797,0
2025-10-22T00:30:00,994.4677692368797,994.4677692368797,0
2025-10-22T00:45:00,994.4677692368797,994.4677692368797,0
2025-10-22T01:00:00,994.4677692368797,994.4677692368797,0
2025-10-22T01:15:00,994.4677692368797,994.4677692368797,0
2025-10-22T01:30:00,994.4677692368797,994.4677692368797,0
2025-10-22T01:45:00,994.4677692368797,994.4677692368797,0
2025-10-22T02:00:00,994.4677692368797,994.4677692368797,0
2025-10-22T02:15:00,994.4677692368797,994.4677692368797,0
2025-10-22T02:30:00,994.4677692368797,994.4677692368797,0
2025-10-22T02:45:00,994.4677692368797,994.4677692368797,0
2025-10-22T03:00:00,994.4677692368797,994.4677692368797,0
2025-10-22T03:15:00,994.4677692368797,994.4677692368797,0
2025-10-22T03:30:00,994.4677692368797,994.4677692368797,0
2025-10-22T03:45:00,994.4677692368797,994.4677692368797,0
2025-10-22T04:00:00,994.4677692368797,994.4677692368797,0
2025-10-22T04:15:00,994.4677692368797,994.4677692368797,0
2025-10-22T04:30:00,994.4677692368797,994.4677692368797,0
2025-10-22T04:45:00,994.4677692368797,994.4677692368797,0
2025-10-22T05:00:00,994.4677692368797,994.4677692368797,0
2025-10-22T05:15:00,994.4677692368797,994.4677692368797,0
2025-10-22T05:30:00,994.4677692368797,994.4677692368797,0
2025-10-22T05:45:00,994.4677692368797,994.4677692368797,0
2025-10-22T06:00:00,994.4677692368797,994.4677692368797,0
2025-10-22T06:15:00,994.4677692368797,994.4677692368797,0
2025-10-22T06:30:00,994.4677692368797,994.4677692368797,0
2025-10-22T06:45:00,994.4677692368797,994.4677692368797,0
2025-10-22T07:00:00,994.4677692368797,994.4677692368797,0
2025-10-22T07:15:00,994.4677692368797,994.4677692368797,0
2025-10-22T07:30:00,994.4677692368797,994.4677692368797,0
2025-10-22T07:45:00,994.4677692368797,994.4677692368797,0
2025-10-22T08:00:00,994.4677692368797,994.4677692368797,0
2025-10-22T08:15:00,994.4677692368797,994.4677692368797,0
2025-10-22T08:30:00,994.4677692368797,994.4677692368797,0
2025-10-22T08:45:00,994.4677692368797,994.4677692368797,0
2025-10-22T09:00:00,994.4677692368797,994.4677692368797,0
2025-10-22T09:15:00,994.4677692368797,994.4677692368797,0
2025-10-22T09:30:00,994.4677692368797,994.4677692368797,0
2025-10-22T09:45:00,994.4677692368797,994.4677692368797,0
2025-10-22T10:00:00,994.4677692368797,994.4677692368797,0
2025-10-22T10:15:00,994.4677692368797,994.4677692368797,0
2025-10-22T10:30:00,994.4677692368797,994.4677692368797,0
2025-10-22T10:45:00,994.4677692368797,994.4677692368797,0
2025-10-22T11:00:00,993.711077366719,894.8618774701138,1
2025-10-22T11:15:00,993.8787450587378,894.8618774701138,1
2025-10-22T11:30:00,993.541326846228,894.8618774701138,1
2025-10-22T11:45:00,993.3382510701806,894.8618774701138,1
2025-10-22T12:00:00,992.9018985052375,894.8618774701138,1
2025-10-22T12:15:00,991.3402019701366,991.3402019701366,0
2025-10-22T12:30:00,991.3402019701366,991.3402019701366,0
2025-10-22T12:45:00,991.3402019701366,991.3402019701366,0
2025-10-22T13:00:00,991.3402019701366,991.3402019701366,0
2025-10-22T13:15:00,991.3402019701366,991.3402019701366,0
2025-10-22T13:30:00,991.3402019701366,991.3402019701366,0
2025-10-22T13:45:00,991.3402019701366,991.3402019701366,0
2025-10-22T14:00:00,991.3402019701366,991.3402019701366,0
2025-10-22T14:15:00,991.3402019701366,991.3402019701366,0
2025-10-22T14:30:00,991.3402019701366,991.3402019701366,0
2025-10-22T14:45:00,991.3402019701366,991.3402019701366,0
2025-10-22T15:00:00,991.3402019701366,991.3402019701366,0
2025-10-22T15:15:00,991.3402019701366,991.3402019701366,0
2025-10-22T15:30:00,991.3402019701366,991.3402019701366,0
2025-10-22T15:45:00,991.3402019701366,991.3402019701366,0
2025-10-22T16:00:00,991.3402019701366,991.3402019701366,0
2025-10-22T16:15:00,991.3402019701366,991.3402019701366,0
2025-10-22T16:30:00,991.3402019701366,991.3402019701366,0
2025-10-22T16:45:00,991.3402019701366,991.3402019701366,0
2025-10-22T17:00:00,991.3402019701366,991.3402019701366,0
2025-10-22T17:15:00,991.3402019701366,991.3402019701366,0
2025-10-22T17:30:00,990.5858898701379,892.0475673408077,1
2025-10-22T17:45:00,990.8551328272936,892.0475673408077,1
2025-10-22T18:00:00,991.0156770413524,892.0475673408077,1
2025-10-22T18:15:00,989.9876417403638,892.0475673408077,1
2025-10-22T18:30:00,990.2753325533092,892.0475673408077,1
2025-10-22T18:45:00,989.9534340397075,892.0475673408077,1
2025-10-22T19:00:00,989.1580880132192,989.1580880132192,0
2025-10-22T19:15:00,989.1580880132192,989.1580880132192,0
2025-10-22T19:30:00,989.1580880132192,989.1580880132192,0
2025-10-22T19:45:00,989.1580880132192,989.1580880132192,0
2025-10-22T20:00:00,989.1580880132192,989.1580880132192,0
2025-10-22T20:15:00,989.1580880132192,989.1580880132192,0
2025-10-22T20:30:00,989.1580880132192,989.1580880132192,0
2025-10-22T20:45:00,989.1580880132192,989.1580880132192,0
2025-10-22T21:00:00,989.1580880132192,989.1580880132192,0
2025-10-22T21:15:00,989.1580880132192,989.1580880132192,0
2025-10-22T21:30:00,989.1580880132192,989.1580880132192,0
2025-10-22T21:45:00,989.1580880132192,989.1580880132192,0
2025-10-22T22:00:00,989.1580880132192,989.1580880132192,0
2025-10-22T22:15:00,989.1580880132192,989.1580880132192,0
2025-10-22T22:30:00,989.1580880132192,989.1580880132192,0
2025-10-22T22:45:00,989.1580880132192,989.1580880132192,0
2025-10-22T23:00:00,989.1580880132192,989.1580880132192,0
2025-10-22T23:15:00,989.1580880132192,989.1580880132192,0
2025-10-22T23:30:00,989.1580880132192,989.1580880132192,0
2025-10-22T23:45:00,989.1580880132192,989.1580880132192,0
2025-10-23T00:00:00,989.1580880132192,989.1580880132192,0
2025-10-23T00:15:00,989.1580880132192,989.1580880132192,0
2025-10-23T00:30:00,989.1580880132192,989.1580880132192,0
2025-10-23T00:45:00,989.1580880132192,989.1580880132192,0
2025-10-23T01:00:00,989.1580880132192,989.1580880132192,0
2025-10-23T01:15:00,989.1580880132192,989.1580880132192,0
2025-10-23T01:30:00,989.1580880132192,989.1580880132192,0
2025-10-23T01:45:00,989.1580880132192,989.1580880132192,0
2025-10-23T02:00:00,989.1580880132192,989.1580880132192,0
2025-10-23T02:15:00,989.1580880132192,989.1580880132192,0
2025-10-23T02:30:00,989.1580880132192,989.1580880132192,0
2025-10-23T02:45:00,989.1580880132192,989.1580880132192,0
2025-10-23T03:00:00,989.1580880132192,989.1580880132192,0
2025-10-23T03:15:00,989.1580880132192,989.1580880132192,0
2025-10-23T03:30:00,989.1580880132192,989.1580880132192,0
2025-10-23T03:45:00,989.1580880132192,989.1580880132192,0
2025-10-23T04:00:00,989.1580880132192,989.1580880132192,0
2025-10-23T04:15:00,989.1580880132192,989.1580880132192,0
2025-10-23T04:30:00,989.1580880132192,989.1580880132192,0
2025-10-23T04:45:00,989.1580880132192,989.1580880132192,0
2025-10-23T05:00:00,989.1580880132192,989.1580880132192,0
2025-10-23T05:15:00,989.1580880132192,989.1580880132192,0
2025-10-23T05:30:00,989.1580880132192,989.1580880132192,0
2025-10-23T05:45:00,989.1580880132192,989.1580880132192,0
2025-10-23T06:00:00,989.1580880132192,989.1580880132192,0
2025-10-23T06:15:00,989.1580880132192,989.1580880132192,0
2025-10-23T06:30:00,989.1580880132192,989.1580880132192,0
2025-10-23T06:45:00,989.1580880132192,989.1580880132192,0
2025-10-23T07:00:00,988.4072167752449,890.0840139178151,1
2025-10-23T07:15:00,987.512330662462,890.0840139178151,1
2025-10-23T07:30:00,987.0674063848359,890.0840139178151,1
2025-10-23T07:45:00,986.5175929629089,890.0840139178151,1
2025-10-23T08:00:00,988.1334974885565,890.0840139178151,1
2025-10-23T08:15:00,988.3626703736517,890.0840139178151,1
2025-10-23T08:30:00,987.3357716941023,987.3357716941023,0
2025-10-23T08:45:00,987.3357716941023,987.3357716941023,0
2025-10-23T09:00:00,987.3357716941023,987.3357716941023,0
2025-10-23T09:15:00,987.3357716941023,987.3357716941023,0
2025-10-23T09:30:00,987.3357716941023,987.3357716941023,0
2025-10-23T09:45:00,987.3357716941023,987.3357716941023,0
2025-10-23T10:00:00,987.3357716941023,987.3357716941023,0
2025-10-23T10:15:00,987.3357716941023,987.3357716941023,0
2025-10-23T10:30:00,987.3357716941023,987.3357716941023,0
2025-10-23T10:45:00,987.3357716941023,987.3357716941023,0
2025-10-23T11:00:00,987.3357716941023,987.3357716941023,0
2025-10-23T11:15:00,987.3357716941023,987.3357716941023,0
2025-10-23T11:30:00,987.3357716941023,987.3357716941023,0
2025-10-23T11:45:00,987.3357716941023,987.3357716941023,0
2025-10-23T12:00:00,987.3357716941023,987.3357716941023,0
2025-10-23T12:15:00,987.3357716941023,987.3357716941023,0
2025-10-23T12:30:00,987.3357716941023,987.3357716941023,0
2025-10-23T12:45:00,987.3357716941023,987.3357716941023,0
2025-10-23T13:00:00,987.3357716941023,987.3357716941023,0
2025-10-23T13:15:00,987.3357716941023,987.3357716941023,0
2025-10-23T13:30:00,987.3357716941023,987.3357716941023,0
2025-10-23T13:45:00,987.3357716941023,987.3357716941023,0
2025-10-23T14:00:00,987.3357716941023,987.3357716941023,0
2025-10-23T14:15:00,987.3357716941023,987.3357716941023,0
2025-10-23T14:30:00,987.3357716941023,987.3357716941023,0
2025-10-23T14:45:00,987.3357716941023,987.3357716941023,0
2025-10-23T15:00:00,987.3357716941023,987.3357716941023,0
2025-10-23T15:15:00,987.3357716941023,987.3357716941023,0
2025-10-23T15:30:00,987.3357716941023,987.3357716941023,0
2025-10-23T15:45:00,987.3357716941023,987.3357716941023,0
2025-10-23T16:00:00,987.3357716941023,987.3357716941023,0
2025-10-23T16:15:00,987.3357716941023,987.3357716941023,0
2025-10-23T16:30:00,987.3357716941023,987.3357716941023,0
2025-10-23T16:45:00,987.3357716941023,987.3357716941023,0
2025-10-23T17:00:00,986.5862837789024,888.444220801221,1
2025-10-23T17:15:00,986.5822264307652,888.444220801221,1
2025-10-23T17:30:00,989.0054776056965,888.444220801221,1
2025-10-23T17:45:00,990.0543020991577,888.444220801221,1
2025-10-23T18:00:00,987.2740042881545,888.444220801221,1
2025-10-23T18:15:00,986.5426672864277,888.444220801221,1
2025-10-23T18:30:00,985.0386464087669,985.0386464087669,0
2025-10-23T18:45:00,985.0386464087669,985.0386464087669,0
2025-10-23T19:00:00,985.0386464087669,985.0386464087669,0
2025-10-23T19:15:00,985.0386464087669,985.0386464087669,0
2025-10-23T19:30:00,985.0386464087669,985.0386464087669,0
2025-10-23T19:45:00,985.0386464087669,985.0386464087669,0
2025-10-23T20:00:00,985.0386464087669,985.0386464087669,0
2025-10-23T20:15:00,985.0386464087669,985.0386464087669,0
2025-10-23T20:30:00,985.0386464087669,985.0386464087669,0
2025-10-23T20:45:00,985.0386464087669,985.0386464087669,0
2025-10-23T21:00:00,985.0386464087669,985.0386464087669,0
2025-10-23T21:15:00,985.0386464087669,985.0386464087669,0
2025-10-23T21:30:00,985.0386464087669,985.0386464087669,0
2025-10-23T21:45:00,985.0386464087669,985.0386464087669,0
2025-10-23T22:00:00,985.0386464087669,985.0386464087669,0
2025-10-23T22:15:00,985.0386464087669,985.0386464087669,0
2025-10-23T22:30:00,985.0386464087669,985.0386464087669,0
2025-10-23T22:45:00,985.0386464087669,985.0386464087669,0
2025-10-23T23:00:00,985.0386464087669,985.0386464087669,0
2025-10-23T23:15:00,985.0386464087669,985.0386464087669,0
2025-10-23T23:30:00,985.0386464087669,985.0386464087669,0
2025-10-23T23:45:00,985.0386464087669,985.0386464087669,0
2025-10-24T00:00:00,985.0386464087669,985.0386464087669,0
2025-10-24T00:15:00,985.0386464087669,985.0386464087669,0
2025-10-24T00:30:00,985.0386464087669,985.0386464087669,0
2025-10-24T00:45:00,985.0386464087669,985.0386464087669,0
2025-10-24T01:00:00,985.0386464087669,985.0386464087669,0
2025-10-24T01:15:00,985.0386464087669,985.0386464087669,0
2025-10-24T01:30:00,985.0386464087669,985.0386464087669,0
2025-10-24T01:45:00,985.0386464087669,985.0386464087669,0
2025-10-24T02:00:00,985.0386464087669,985.0386464087669,0
2025-10-24T02:15:00,985.0386464087669,985.0386464087669,0
2025-10-24T02:30:00,985.0386464087669,985.0386464087669,0
2025-10-24T02:45:00,985.0386464087669,985.0386464087669,0
2025-10-24T03:00:00,985.0386464087669,985.0386464087669,0
2025-10-24T03:15:00,985.0386464087669,985.0386464087669,0
2025-10-24T03:30:00,985.0386464087669,985.0386464087669,0
2025-10-24T03:45:00,985.0386464087669,985.0386464087669,0
2025-10-24T04:00:00,985.0386464087669,985.0386464087669,0
2025-10-24T04:15:00,985.0386464087669,985.0386464087669,0
2025-10-24T04:30:00,985.0386464087669,985.0386464087669,0
2025-10-24T04:45:00,985.0386464087669,985.0386464087669,0
2025-10-24T05:00:00,985.0386464087669,985.0386464087669,0
2025-10-24T05:15:00,985.0386464087669,985.0386464087669,0
2025-10-24T05:30:00,985.0386464087669,985.0386464087669,0
2025-10-24T05:45:00,985.0386464087669,985.0386464087669,0
2025-10-24T06:00:00,985.0386464087669,985.0386464087669,0
2025-10-24T06:15:00,985.0386464087669,985.0386464087669,0
2025-10-24T06:30:00,985.0386464087669,985.0386464087669,0
2025-10-24T06:45:00,985.0386464087669,985.0386464087669,0
2025-10-24T07:00:00,985.0386464087669,985.0386464087669,0
2025-10-24T07:15:00,985.0386464087669,985.0386464087669,0
2025-10-24T07:30:00,985.0386464087669,985.0386464087669,0
2025-10-24T07:45:00,985.0386464087669,985.0386464087669,0
2025-10-24T08:00:00,985.0386464087669,985.0386464087669,0
2025-10-24T08:15:00,985.0386464087669,985.0386464087669,0
2025-10-24T08:30:00,985.0386464087669,985.0386464087669,0
2025-10-24T08:45:00,985.0386464087669,985.0386464087669,0
2025-10-24T09:00:00,985.0386464087669,985.0386464087669,0
2025-10-24T09:15:00,985.0386464087669,985.0386464087669,0
2025-10-24T09:30:00,985.0386464087669,985.0386464087669,0
2025-10-24T09:45:00,985.0386464087669,985.0386464087669,0
2025-10-24T10:00:00,985.0386464087669,985.0386464087669,0
2025-10-24T10:15:00,985.0386464087669,985.0386464087669,0
2025-10-24T10:30:00,985.0386464087669,985.0386464087669,0
2025-10-24T10:45:00,985.0386464087669,985.0386464087669,0
2025-10-24T11:00:00,985.0386464087669,985.0386464087669,0
2025-10-24T11:15:00,985.0386464087669,985.0386464087669,0
2025-10-24T11:30:00,985.0386464087669,985.0386464087669,0
2025-10-24T11:45:00,985.0386464087669,985.0386464087669,0
2025-10-24T12:00:00,985.0386464087669,985.0386464087669,0
2025-10-24T12:15:00,985.0386464087669,985.0386464087669,0
2025-10-24T12:30:00,984.2909022444675,886.3771755844648,1
2025-10-24T12:45:00,982.9762729492886,886.3771755844648,1
2025-10-24T13:00:00,982.9475865312598,886.3771755844648,1
2025-10-24T13:15:00,983.2384074588615,886.3771755844648,1
2025-10-24T13:30:00,979.8991400055036,979.8991400055036,0
2025-10-24T13:45:00,979.8991400055036,979.8991400055036,0
2025-10-24T14:00:00,979.8991400055036,979.8991400055036,0
2025-10-24T14:15:00,979.8991400055036,979.8991400055036,0
2025-10-24T14:30:00,979.8991400055036,979.8991400055036,0
2025-10-24T14:45:00,979.8991400055036,979.8991400055036,0
2025-10-24T15:00:00,979.8991400055036,979.8991400055036,0
2025-10-24T15:15:00,979.8991400055036,979.8991400055036,0
2025-10-24T15:30:00,979.8991400055036,979.8991400055036,0
2025-10-24T15:45:00,979.8991400055036,979.8991400055036,0
2025-10-24T16:00:00,979.8991400055036,979.8991400055036,0
2025-10-24T16:15:00,979.8991400055036,979.8991400055036,0
2025-10-24T16:30:00,979.8991400055036,979.8991400055036,0
2025-10-24T16:45:00,979.8991400055036,979.8991400055036,0
2025-10-24T17:00:00,979.8991400055036,979.8991400055036,0
2025-10-24T17:15:00,979.8991400055036,979.8991400055036,0
2025-10-24T17:30:00,979.8991400055036,979.8991400055036,0
2025-10-24T17:45:00,979.8991400055036,979.8991400055036,0
2025-10-24T18:00:00,979.8991400055036,979.8991400055036,0
2025-10-24T18:15:00,979.8991400055036,979.8991400055036,0
2025-10-24T18:30:00,979.8991400055036,979.8991400055036,0
2025-10-24T18:45:00,979.8991400055036,979.8991400055036,0
2025-10-24T19:00:00,979.8991400055036,979.8991400055036,0
2025-10-24T19:15:00,979.8991400055036,979.8991400055036,0
2025-10-24T19:30:00,979.8991400055036,979.8991400055036,0
2025-10-24T19:45:00,979.8991400055036,979.8991400055036,0
2025-10-24T20:00:00,979.8991400055036,979.8991400055036,0
2025-10-24T20:15:00,979.8991400055036,979.8991400055036,0
2025-10-24T20:30:00,979.8991400055036,979.8991400055036,0
2025-10-24T20:45:00,979.8991400055036,979.8991400055036,0
2025-10-24T21:00:00,979.8991400055036,979.8991400055036,0
2025-10-24T21:15:00,979.8991400055036,979.8991400055036,0
2025-10-24T21:30:00,979.8991400055036,979.8991400055036,0
2025-10-24T21:45:00,979.8991400055036,979.8991400055036,0
2025-10-24T22:00:00,979.8991400055036,979.8991400055036,0
2025-10-24T22:15:00,979.8991400055036,979.8991400055036,0
2025-10-24T22:30:00,979.8991400055036,979.8991400055036,0
2025-10-24T22:45:00,979.8991400055036,979.8991400055036,0
2025-10-24T23:00:00,979.8991400055036,979.8991400055036,0
2025-10-24T23:15:00,979.8991400055036,979.8991400055036,0
2025-10-24T23:30:00,979.8991400055036,979.8991400055036,0
2025-10-24T23:45:00,979.8991400055036,979.8991400055036,0
2025-10-25T00:00:00,979.8991400055036,979.8991400055036,0
2025-10-25T00:15:00,979.8991400055036,979.8991400055036,0
2025-10-25T00:30:00,979.8991400055036,979.8991400055036,0
2025-10-25T00:45:00,979.8991400055036,979.8991400055036,0
2025-10-25T01:00:00,979.8991400055036,979.8991400055036,0
2025-10-25T01:15:00,979.8991400055036,979.8991400055036,0
2025-10-25T01:30:00,979.8991400055036,979.8991400055036,0
2025-10-25T01:45:00,979.8991400055036,979.8991400055036,0
2025-10-25T02:00:00,979.8991400055036,979.8991400055036,0
2025-10-25T02:15:00,979.8991400055036,979.8991400055036,0
2025-10-25T02:30:00,979.8991400055036,979.8991400055036,0
2025-10-25T02:45:00,979.8991400055036,979.8991400055036,0
2025-10-25T03:00:00,979.8991400055036,979.8991400055036,0
2025-10-25T03:15:00,979.8991400055036,979.8991400055036,0
2025-10-25T03:30:00,979.8991400055036,979.8991400055036,0
2025-10-25T03:45:00,979.8991400055036,979.8991400055036,0
2025-10-25T04:00:00,979.8991400055036,979.8991400055036,0
2025-10-25T04:15:00,979.8991400055036,979.8991400055036,0
2025-10-25T04:30:00,979.8991400055036,979.8991400055036,0
2025-10-25T04:45:00,979.8991400055036,979.8991400055036,0
2025-10-25T05:00:00,979.8991400055036,979.8991400055036,0
2025-10-25T05:15:00,979.8991400055036,979.8991400055036,0
2025-10-25T05:30:00,979.8991400055036,979.8991400055036,0
2025-10-25T05:45:00,979.8991400055036,979.8991400055036,0
2025-10-25T06:00:00,979.8991400055036,979.8991400055036,0
2025-10-25T06:15:00,979.8991400055036,979.8991400055036,0
2025-10-25T06:30:00,979.8991400055036,979.8991400055036,0
2025-10-25T06:45:00,979.8991400055036,979.8991400055036,0
2025-10-25T07:00:00,979.8991400055036,979.8991400055036,0
2025-10-25T07:15:00,979.8991400055036,979.8991400055036,0
2025-10-25T07:30:00,979.8991400055036,979.8991400055036,0
2025-10-25T07:45:00,979.8991400055036,979.8991400055036,0
2025-10-25T08:00:00,979.8991400055036,979.8991400055036,0
2025-10-25T08:15:00,979.8991400055036,979.8991400055036,0
2025-10-25T08:30:00,979.8991400055036,979.8991400055036,0
2025-10-25T08:45:00,979.8991400055036,979.8991400055036,0
2025-10-25T09:00:00,979.1552972474428,881.7524421425524,1
2025-10-25T09:15:00,978.7277309667263,881.7524421425524,1
2025-10-25T09:30:00,978.9098425307352,881.7524421425524,1
2025-10-25T09:45:00,977.9854283960378,881.7524421425524,1
2025-10-25T10:00:00,976.8820800902303,976.8820800902303,0
2025-10-25T10:15:00,976.8820800902303,976.8820800902303,0
2025-10-25T10:30:00,976.8820800902303,976.8820800902303,0
2025-10-25T10:45:00,976.8820800902303,976.8820800902303,0
2025-10-25T11:00:00,976.8820800902303,976.8820800902303,0
2025-10-25T11:15:00,976.8820800902303,976.8820800902303,0
2025-10-25T11:30:00,976.8820800902303,976.8820800902303,0
2025-10-25T11:45:00,976.8820800902303,976.8820800902303,0
2025-10-25T12:00:00,976.8820800902303,976.8820800902303,0
2025-10-25T12:15:00,976.8820800902303,976.8820800902303,0
2025-10-25T12:30:00,976.8820800902303,976.8820800902303,0
2025-10-25T12:45:00,976.8820800902303,976.8820800902303,0
2025-10-25T13:00:00,976.8820800902303,976.8820800902303,0
2025-10-25T13:15:00,976.8820800902303,976.8820800902303,0
2025-10-25T13:30:00,976.8820800902303,976.8820800902303,0
2025-10-25T13:45:00,976.8820800902303,976.8820800902303,0
2025-10-25T14:00:00,976.8820800902303,976.8820800902303,0
2025-10-25T14:15:00,976.8820800902303,976.8820800902303,0
2025-10-25T14:30:00,976.8820800902303,976.8820800902303,0
2025-10-25T14:45:00,976.8820800902303,976.8820800902303,0
2025-10-25T15:00:00,976.8820800902303,976.8820800902303,0
2025-10-25T15:15:00,976.8820800902303,976.8820800902303,0
2025-10-25T15:30:00,976.8820800902303,976.8820800902303,0
2025-10-25T15:45:00,976.8820800902303,976.8820800902303,0
2025-10-25T16:00:00,976.8820800902303,976.8820800902303,0
2025-10-25T16:15:00,976.8820800902303,976.8820800902303,0
2025-10-25T16:30:00,976.8820800902303,976.8820800902303,0
2025-10-25T16:45:00,976.8820800902303,976.8820800902303,0
2025-10-25T17:00:00,976.8820800902303,976.8820800902303,0
2025-10-25T17:15:00,976.8820800902303,976.8820800902303,0
2025-10-25T17:30:00,976.8820800902303,976.8820800902303,0
2025-10-25T17:45:00,976.8820800902303,976.8820800902303,0
2025-10-25T18:00:00,976.8820800902303,976.8820800902303,0
2025-10-25T18:15:00,976.8820800902303,976.8820800902303,0
2025-10-25T18:30:00,976.8820800902303,976.8820800902303,0
2025-10-25T18:45:00,976.8820800902303,976.8820800902303,0
2025-10-25T19:00:00,976.1405275864182,879.0375709483928,1
2025-10-25T19:15:00,976.6439186819157,879.0375709483928,1
2025-10-25T19:30:00,976.978525704217,879.0375709483928,1
2025-10-25T19:45:00,976.5876573241836,879.0375709483928,1
2025-10-25T20:00:00,976.5462015869074,879.0375709483928,1
2025-10-25T20:15:00,976.1602684136926,879.0375709483928,1
2025-10-25T20:30:00,976.1513850414192,879.0375709483928,1
2025-10-25T20:45:00,975.0940943902394,975.0940943902394,0
2025-10-25T21:00:00,975.0940943902394,975.0940943902394,0
2025-10-25T21:15:00,975.0940943902394,975.0940943902394,0
2025-10-25T21:30:00,975.0940943902394,975.0940943902394,0
2025-10-25T21:45:00,975.0940943902394,975.0940943902394,0
2025-10-25T22:00:00,975.0940943902394,975.0940943902394,0
2025-10-25T22:15:00,975.0940943902394,975.0940943902394,0
2025-10-25T22:30:00,975.0940943902394,975.0940943902394,0
2025-10-25T22:45:00,975.0940943902394,975.0940943902394,0
2025-10-25T23:00:00,975.0940943902394,975.0940943902394,0
2025-10-25T23:15:00,975.0940943902394,975.0940943902394,0
2025-10-25T23:30:00,975.0940943902394,975.0940943902394,0
2025-10-25T23:45:00,975.0940943902394,975.0940943902394,0
2025-10-26T00:00:00,975.0940943902394,975.0940943902394,0
2025-10-26T00:15:00,975.0940943902394,975.0940943902394,0
2025-10-26T00:30:00,975.0940943902394,975.0940943902394,0
2025-10-26T00:45:00,975.0940943902394,975.0940943902394,0
2025-10-26T01:00:00,975.0940943902394,975.0940943902394,0
2025-10-26T01:15:00,975.0940943902394,975.0940943902394,0
2025-10-26T01:30:00,975.0940943902394,975.0940943902394,0
2025-10-26T01:45:00,975.0940943902394,975.0940943902394,0
2025-10-26T02:00:00,975.0940943902394,975.0940943902394,0
2025-10-26T02:15:00,975.0940943902394,975.0940943902394,0
2025-10-26T02:30:00,975.0940943902394,975.0940943902394,0
2025-10-26T02:45:00,975.0940943902394,975.0940943902394,0
2025-10-26T03:00:00,975.0940943902394,975.0940943902394,0
2025-10-26T03:15:00,975.0940943902394,975.0940943902394,0
2025-10-26T03:30:00,975.0940943902394,975.0940943902394,0
2025-10-26T03:45:00,975.0940943902394,975.0940943902394,0
2025-10-26T04:00:00,975.0940943902394,975.0940943902394,0
2025-10-26T04:15:00,975.0940943902394,975.0940943902394,0
2025-10-26T04:30:00,975.0940943902394,975.0940943902394,0
2025-10-26T04:45:00,975.0940943902394,975.0940943902394,0
2025-10-26T05:00:00,975.0940943902394,975.0940943902394,0
2025-10-26T05:15:00,975.0940943902394,975.0940943902394,0
2025-10-26T05:30:00,975.0940943902394,975.0940943902394,0
2025-10-26T05:45:00,975.0940943902394,975.0940943902394,0
2025-10-26T06:00:00,975.0940943902394,975.0940943902394,0
2025-10-26T06:15:00,975.0940943902394,975.0940943902394,0
2025-10-26T06:30:00,975.0940943902394,975.0940943902394,0
2025-10-26T06:45:00,975.0940943902394,975.0940943902394,0
2025-10-26T07:00:00,975.0940943902394,975.0940943902394,0
2025-10-26T07:15:00,975.0940943902394,975.0940943902394,0
2025-10-26T07:30:00,975.0940943902394,975.0940943902394,0
2025-10-26T07:45:00,975.0940943902394,975.0940943902394,0
2025-10-26T08:00:00,975.0940943902394,975.0940943902394,0
2025-10-26T08:15:00,975.0940943902394,975.0940943902394,0
2025-10-26T08:30:00,975.0940943902394,975.0940943902394,0
2025-10-26T08:45:00,975.0940943902394,975.0940943902394,0
2025-10-26T09:00:00,975.0940943902394,975.0940943902394,0
2025-10-26T09:15:00,974.3538991487823,877.428669896113,1
2025-10-26T09:30:00,972.9228110404549,877.428669896113,1
2025-10-26T09:45:00,972.8712490623845,877.428669896113,1
2025-10-26T10:00:00,972.586198881732,877.428669896113,1
2025-10-26T10:15:00,972.2204006976864,877.428669896113,1
2025-10-26T10:30:00,972.4441602251611,877.428669896113,1
2025-10-26T10:45:00,972.4120555973061,877.428669896113,1
2025-10-26T11:00:00,972.2135906251111,877.428669896113,1
2025-10-26T11:15:00,974.1447326339689,877.428669896113,1
2025-10-26T11:30:00,978.1529467782987,877.428669896113,1
2025-10-26T11:45:00,978.4243768138006,877.428669896113,1
2025-10-26T12:00:00,978.6967797168132,877.428669896113,1
2025-10-26T12:15:00,979.3028761760165,877.428669896113,1
2025-10-26T12:30:00,978.8631400611532,877.428669896113,1
2025-10-26T12:45:00,981.13867716882,877.428669896113,1
2025-10-26T13:00:00,980.9431307991573,877.428669896113,1
2025-10-26T13:15:00,981.8605448618036,877.428669896113,1
2025-10-26T13:30:00,982.8985944957841,877.428669896113,1
2025-10-26T13:45:00,982.1728353327575,877.428669896113,1
2025-10-26T14:00:00,982.4510754408348,877.428669896113,1
2025-10-26T14:15:00,981.6027349714523,877.428669896113,1
2025-10-26T14:30:00,981.5531187284035,877.428669896113,1
2025-10-26T14:45:00,980.2377623661372,980.2377623661372,0
2025-10-26T15:00:00,980.2377623661372,980.2377623661372,0
2025-10-26T15:15:00,980.2377623661372,980.2377623661372,0
2025-10-26T15:30:00,980.2377623661372,980.2377623661372,0
2025-10-26T15:45:00,980.2377623661372,980.2377623661372,0
2025-10-26T16:00:00,980.2377623661372,980.2377623661372,0
2025-10-26T16:15:00,980.2377623661372,980.2377623661372,0
2025-10-26T16:30:00,980.2377623661372,980.2377623661372,0
2025-10-26T16:45:00,980.2377623661372,980.2377623661372,0
2025-10-26T17:00:00,980.2377623661372,980.2377623661372,0
2025-10-26T17:15:00,980.2377623661372,980.2377623661372,0
2025-10-26T17:30:00,980.2377623661372,980.2377623661372,0
2025-10-26T17:45:00,980.2377623661372,980.2377623661372,0
2025-10-26T18:00:00,980.2377623661372,980.2377623661372,0
2025-10-26T18:15:00,980.2377623661372,980.2377623661372,0
2025-10-26T18:30:00,980.2377623661372,980.2377623661372,0
2025-10-26T18:45:00,980.2377623661372,980.2377623661372,0
2025-10-26T19:00:00,980.2377623661372,980.2377623661372,0
2025-10-26T19:15:00,980.2377623661372,980.2377623661372,0
2025-10-26T19:30:00,980.2377623661372,980.2377623661372,0
2025-10-26T19:45:00,980.2377623661372,980.2377623661372,0
2025-10-26T20:00:00,980.2377623661372,980.2377623661372,0
2025-10-26T20:15:00,980.2377623661372,980.2377623661372,0
2025-10-26T20:30:00,980.2377623661372,980.2377623661372,0
2025-10-26T20:45:00,980.2377623661372,980.2377623661372,0
2025-10-26T21:00:00,980.2377623661372,980.2377623661372,0
2025-10-26T21:15:00,980.2377623661372,980.2377623661372,0
2025-10-26T21:30:00,980.2377623661372,980.2377623661372,0
2025-10-26T21:45:00,980.2377623661372,980.2377623661372,0
2025-10-26T22:00:00,980.2377623661372,980.2377623661372,0
2025-10-26T22:15:00,980.2377623661372,980.2377623661372,0
2025-10-26T22:30:00,980.2377623661372,980.2377623661372,0
2025-10-26T22:45:00,980.2377623661372,980.2377623661372,0
2025-10-26T23:00:00,979.493662559386,882.0571480875449,1
2025-10-26T23:15:00,979.6075118185149,882.0571480875449,1
2025-10-26T23:30:00,980.4571471986251,882.0571480875449,1
2025-10-26T23:45:00,979.2565550114484,882.0571480875449,1
2025-10-27T00:00:00,980.0544407283181,882.0571480875449,1
2025-10-27T00:15:00,980.584169099306,882.0571480875449,1
2025-10-27T00:30:00,981.4102819052159,882.0571480875449,1
2025-10-27T00:45:00,980.3931657968006,882.0571480875449,1
2025-10-27T01:00:00,980.6500323070665,882.0571480875449,1
2025-10-27T01:15:00,981.7433615558904,882.0571480875449,1
2025-10-27T01:30:00,981.8007566369388,882.0571480875449,1
2025-10-27T01:45:00,982.3944664097511,882.0571480875449,1
2025-10-27T02:00:00,983.2695061699973,882.0571480875449,1
2025-10-27T02:15:00,982.7670639850817,882.0571480875449,1
2025-10-27T02:30:00,984.2480452567244,882.0571480875449,1
2025-10-27T02:45:00,983.6816216699842,882.0571480875449,1
2025-10-27T03:00:00,984.1285505797874,882.0571480875449,1
2025-10-27T03:15:00,983.7192027846461,983.7192027846461,0
2025-10-27T03:30:00,983.7192027846461,983.7192027846461,0
2025-10-27T03:45:00,983.7192027846461,983.7192027846461,0
2025-10-27T04:00:00,983.7192027846461,983.7192027846461,0
2025-10-27T04:15:00,983.7192027846461,983.7192027846461,0
2025-10-27T04:30:00,983.7192027846461,983.7192027846461,0
2025-10-27T04:45:00,983.7192027846461,983.7192027846461,0
2025-10-27T05:00:00,983.7192027846461,983.7192027846461,0
2025-10-27T05:15:00,983.7192027846461,983.7192027846461,0
2025-10-27T05:30:00,983.7192027846461,983.7192027846461,0
2025-10-27T05:45:00,983.7192027846461,983.7192027846461,0
2025-10-27T06:00:00,983.7192027846461,983.7192027846461,0
2025-10-27T06:15:00,983.7192027846461,983.7192027846461,0
2025-10-27T06:30:00,983.7192027846461,983.7192027846461,0
2025-10-27T06:45:00,982.9724602117805,885.189887433736,1
2025-10-27T07:00:00,982.3417089217027,885.189887433736,1
2025-10-27T07:15:00,982.3200079085021,885.189887433736,1
2025-10-27T07:30:00,981.292439447142,981.292439447142,0
2025-10-27T07:45:00,981.292439447142,981.292439447142,0
2025-10-27T08:00:00,981.292439447142,981.292439447142,0
2025-10-27T08:15:00,981.292439447142,981.292439447142,0
2025-10-27T08:30:00,981.292439447142,981.292439447142,0
2025-10-27T08:45:00,981.292439447142,981.292439447142,0
2025-10-27T09:00:00,981.292439447142,981.292439447142,0
2025-10-27T09:15:00,981.292439447142,981.292439447142,0
2025-10-27T09:30:00,981.292439447142,981.292439447142,0
2025-10-27T09:45:00,981.292439447142,981.292439447142,0
2025-10-27T10:00:00,981.292439447142,981.292439447142,0
2025-10-27T10:15:00,981.292439447142,981.292439447142,0
2025-10-27T10:30:00,981.292439447142,981.292439447142,0
2025-10-27T10:45:00,981.292439447142,981.292439447142,0
2025-10-27T11:00:00,981.292439447142,981.292439447142,0
2025-10-27T11:15:00,981.292439447142,981.292439447142,0
2025-10-27T11:30:00,981.292439447142,981.292439447142,0
2025-10-27T11:45:00,981.292439447142,981.292439447142,0
2025-10-27T12:00:00,981.292439447142,981.292439447142,0
2025-10-27T12:15:00,981.292439447142,981.292439447142,0
2025-10-27T12:30:00,981.292439447142,981.292439447142,0
2025-10-27T12:45:00,981.292439447142,981.292439447142,0
2025-10-27T13:00:00,981.292439447142,981.292439447142,0
2025-10-27T13:15:00,981.292439447142,981.292439447142,0
2025-10-27T13:30:00,981.292439447142,981.292439447142,0
2025-10-27T13:45:00,981.292439447142,981.292439447142,0
2025-10-27T14:00:00,981.292439447142,981.292439447142,0
2025-10-27T14:15:00,981.292439447142,981.292439447142,0
2025-10-27T14:30:00,981.292439447142,981.292439447142,0
2025-10-27T14:45:00,981.292439447142,981.292439447142,0
2025-10-27T15:00:00,981.292439447142,981.292439447142,0
2025-10-27T15:15:00,981.292439447142,981.292439447142,0
2025-10-27T15:30:00,981.292439447142,981.292439447142,0
2025-10-27T15:45:00,981.292439447142,981.292439447142,0
2025-10-27T16:00:00,981.292439447142,981.292439447142,0
2025-10-27T16:15:00,981.292439447142,981.292439447142,0
2025-10-27T16:30:00,981.292439447142,981.292439447142,0
2025-10-27T16:45:00,981.292439447142,981.292439447142,0
2025-10-27T17:00:00,980.547539033597,883.0061887121162,1
2025-10-27T17:15:00,979.1957102295299,883.0061887121162,1
2025-10-27T17:30:00,980.4174661589789,883.0061887121162,1
2025-10-27T17:45:00,980.829053897949,883.0061887121162,1
2025-10-27T18:00:00,981.7005421578906,883.0061887121162,1
2025-10-27T18:15:00,979.7568817743111,883.0061887121162,1
2025-10-27T18:30:00,980.5837736200978,883.0061887121162,1
2025-10-27T18:45:00,980.2418677782443,883.0061887121162,1
2025-10-27T19:00:00,980.3561460895161,883.0061887121162,1
2025-10-27T19:15:00,980.0932130643952,883.0061887121162,1
2025-10-27T19:30:00,978.4794079169262,978.4794079169262,0
2025-10-27T19:45:00,978.4794079169262,978.4794079169262,0
2025-10-27T20:00:00,978.4794079169262,978.4794079169262,0
2025-10-27T20:15:00,978.4794079169262,978.4794079169262,0
2025-10-27T20:30:00,978.4794079169262,978.4794079169262,0
2025-10-27T20:45:00,978.4794079169262,978.4794079169262,0
2025-10-27T21:00:00,978.4794079169262,978.4794079169262,0
2025-10-27T21:15:00,978.4794079169262,978.4794079169262,0
2025-10-27T21:30:00,978.4794079169262,978.4794079169262,0
2025-10-27T21:45:00,978.4794079169262,978.4794079169262,0
2025-10-27T22:00:00,978.4794079169262,978.4794079169262,0
2025-10-27T22:15:00,978.4794079169262,978.4794079169262,0
2025-10-27T22:30:00,978.4794079169262,978.4794079169262,0
2025-10-27T22:45:00,978.4794079169262,978.4794079169262,0
2025-10-27T23:00:00,978.4794079169262,978.4794079169262,0
2025-10-27T23:15:00,978.4794079169262,978.4794079169262,0
2025-10-27T23:30:00,978.4794079169262,978.4794079169262,0
2025-10-27T23:45:00,978.4794079169262,978.4794079169262,0
2025-10-28T00:00:00,978.4794079169262,978.4794079169262,0
2025-10-28T00:15:00,978.4794079169262,978.4794079169262,0
2025-10-28T00:30:00,978.4794079169262,978.4794079169262,0
2025-10-28T00:45:00,978.4794079169262,978.4794079169262,0
2025-10-28T01:00:00,978.4794079169262,978.4794079169262,0
2025-10-28T01:15:00,978.4794079169262,978.4794079169262,0
2025-10-28T01:30:00,978.4794079169262,978.4794079169262,0
2025-10-28T01:45:00,978.4794079169262,978.4794079169262,0
2025-10-28T02:00:00,978.4794079169262,978.4794079169262,0
2025-10-28T02:15:00,978.4794079169262,978.4794079169262,0
2025-10-28T02:30:00,978.4794079169262,978.4794079169262,0
2025-10-28T02:45:00,978.4794079169262,978.4794079169262,0
2025-10-28T03:00:00,978.4794079169262,978.4794079169262,0
2025-10-28T03:15:00,978.4794079169262,978.4794079169262,0
2025-10-28T03:30:00,978.4794079169262,978.4794079169262,0
2025-10-28T03:45:00,978.4794079169262,978.4794079169262,0
2025-10-28T04:00:00,978.4794079169262,978.4794079169262,0
2025-10-28T04:15:00,978.4794079169262,978.4794079169262,0
2025-10-28T04:30:00,978.4794079169262,978.4794079169262,0
2025-10-28T04:45:00,978.4794079169262,978.4794079169262,0
2025-10-28T05:00:00,978.4794079169262,978.4794079169262,0
2025-10-28T05:15:00,978.4794079169262,978.4794079169262,0
2025-10-28T05:30:00,978.4794079169262,978.4794079169262,0
2025-10-28T05:45:00,978.4794079169262,978.4794079169262,0
2025-10-28T06:00:00,978.4794079169262,978.4794079169262,0
2025-10-28T06:15:00,978.4794079169262,978.4794079169262,0
2025-10-28T06:30:00,978.4794079169262,978.4794079169262,0
2025-10-28T06:45:00,978.4794079169262,978.4794079169262,0
2025-10-28T07:00:00,978.4794079169262,978.4794079169262,0
2025-10-28T07:15:00,978.4794079169262,978.4794079169262,0
2025-10-28T07:30:00,978.4794079169262,978.4794079169262,0
2025-10-28T07:45:00,978.4794079169262,978.4794079169262,0
2025-10-28T08:00:00,978.4794079169262,978.4794079169262,0
2025-10-28T08:15:00,978.4794079169262,978.4794079169262,0
2025-10-28T08:30:00,978.4794079169262,978.4794079169262,0
2025-10-28T08:45:00,978.4794079169262,978.4794079169262,0
2025-10-28T09:00:00,978.4794079169262,978.4794079169262,0
2025-10-28T09:15:00,978.4794079169262,978.4794079169262,0
2025-10-28T09:30:00,978.4794079169262,978.4794079169262,0
2025-10-28T09:45:00,978.4794079169262,978.4794079169262,0
2025-10-28T10:00:00,978.4794079169262,978.4794079169262,0
2025-10-28T10:15:00,978.4794079169262,978.4794079169262,0
2025-10-28T10:30:00,978.4794079169262,978.4794079169262,0
2025-10-28T10:45:00,978.4794079169262,978.4794079169262,0
2025-10-28T11:00:00,978.4794079169262,978.4794079169262,0
2025-10-28T11:15:00,978.4794079169262,978.4794079169262,0
2025-10-28T11:30:00,978.4794079169262,978.4794079169262,0
2025-10-28T11:45:00,978.4794079169262,978.4794079169262,0
2025-10-28T12:00:00,978.4794079169262,978.4794079169262,0
2025-10-28T12:15:00,978.4794079169262,978.4794079169262,0
2025-10-28T12:30:00,978.4794079169262,978.4794079169262,0
2025-10-28T12:45:00,978.4794079169262,978.4794079169262,0
2025-10-28T13:00:00,978.4794079169262,978.4794079169262,0
2025-10-28T13:15:00,978.4794079169262,978.4794079169262,0
2025-10-28T13:30:00,978.4794079169262,978.4794079169262,0
2025-10-28T13:45:00,978.4794079169262,978.4794079169262,0
2025-10-28T14:00:00,978.4794079169262,978.4794079169262,0
2025-10-28T14:15:00,978.4794079169262,978.4794079169262,0
2025-10-28T14:30:00,978.4794079169262,978.4794079169262,0
2025-10-28T14:45:00,978.4794079169262,978.4794079169262,0
2025-10-28T15:00:00,978.4794079169262,978.4794079169262,0
2025-10-28T15:15:00,978.4794079169262,978.4794079169262,0
2025-10-28T15:30:00,978.4794079169262,978.4794079169262,0
2025-10-28T15:45:00,978.4794079169262,978.4794079169262,0
2025-10-28T16:00:00,978.4794079169262,978.4794079169262,0
2025-10-28T16:15:00,978.4794079169262,978.4794079169262,0
2025-10-28T16:30:00,978.4794079169262,978.4794079169262,0
2025-10-28T16:45:00,978.4794079169262,978.4794079169262,0
2025-10-28T17:00:00,978.4794079169262,978.4794079169262,0
2025-10-28T17:15:00,978.4794079169262,978.4794079169262,0
2025-10-28T17:30:00,978.4794079169262,978.4794079169262,0
2025-10-28T17:45:00,978.4794079169262,978.4794079169262,0
2025-10-28T18:00:00,978.4794079169262,978.4794079169262,0
2025-10-28T18:15:00,978.4794079169262,978.4794079169262,0
2025-10-28T18:30:00,978.4794079169262,978.4794079169262,0
2025-10-28T18:45:00,978.4794079169262,978.4794079169262,0
2025-10-28T19:00:00,978.4794079169262,978.4794079169262,0
2025-10-28T19:15:00,978.4794079169262,978.4794079169262,0
2025-10-28T19:30:00,978.4794079169262,978.4794079169262,0
2025-10-28T19:45:00,978.4794079169262,978.4794079169262,0
2025-10-28T20:00:00,977.7348816125107,880.4749104199669,1
2025-10-28T20:15:00,980.97401117314,880.4749104199669,1
2025-10-28T20:30:00,979.9661296134522,880.4749104199669,1
2025-10-28T20:45:00,979.9533964159051,880.4749104199669,1
2025-10-28T21:00:00,981.6204658178376,880.4749104199669,1
2025-10-28T21:15:00,981.8300738389972,880.4749104199669,1
2025-10-28T21:30:00,979.4528838046316,880.4749104199669,1
2025-10-28T21:45:00,979.6340870004938,880.4749104199669,1
2025-10-28T22:00:00,980.0650567636256,880.4749104199669,1
2025-10-28T22:15:00,978.523360383695,880.4749104199669,1
2025-10-28T22:30:00,978.483201837585,880.4749104199669,1
2025-10-28T22:45:00,978.077065057419,978.077065057419,0
2025-10-28T23:00:00,978.077065057419,978.077065057419,0
2025-10-28T23:15:00,978.077065057419,978.077065057419,0
2025-10-28T23:30:00,978.077065057419,978.077065057419,0
2025-10-28T23:45:00,978.077065057419,978.077065057419,0
2025-10-29T00:00:00,978.077065057419,978.077065057419,0
2025-10-29T00:15:00,978.077065057419,978.077065057419,0
2025-10-29T00:30:00,978.077065057419,978.077065057419,0
2025-10-29T00:45:00,978.077065057419,978.077065057419,0
2025-10-29T01:00:00,978.077065057419,978.077065057419,0
2025-10-29T01:15:00,978.077065057419,978.077065057419,0
2025-10-29T01:30:00,978.077065057419,978.077065057419,0
2025-10-29T01:45:00,978.077065057419,978.077065057419,0
2025-10-29T02:00:00,978.077065057419,978.077065057419,0
2025-10-29T02:15:00,978.077065057419,978.077065057419,0
2025-10-29T02:30:00,978.077065057419,978.077065057419,0
2025-10-29T02:45:00,978.077065057419,978.077065057419,0
2025-10-29T03:00:00,978.077065057419,978.077065057419,0
2025-10-29T03:15:00,978.077065057419,978.077065057419,0
2025-10-29T03:30:00,978.077065057419,978.077065057419,0
2025-10-29T03:45:00,978.077065057419,978.077065057419,0
2025-10-29T04:00:00,978.077065057419,978.077065057419,0
2025-10-29T04:15:00,978.077065057419,978.077065057419,0
2025-10-29T04:30:00,978.077065057419,978.077065057419,0
2025-10-29T04:45:00,978.077065057419,978.077065057419,0
2025-10-29T05:00:00,978.077065057419,978.077065057419,0
2025-10-29T05:15:00,978.077065057419,978.077065057419,0
2025-10-29T05:30:00,978.077065057419,978.077065057419,0
2025-10-29T05:45:00,978.077065057419,978.077065057419,0
2025-10-29T06:00:00,978.077065057419,978.077065057419,0
2025-10-29T06:15:00,978.077065057419,978.077065057419,0
2025-10-29T06:30:00,978.077065057419,978.077065057419,0
2025-10-29T06:45:00,978.077065057419,978.077065057419,0
2025-10-29T07:00:00,978.077065057419,978.077065057419,0
2025-10-29T07:15:00,978.077065057419,978.077065057419,0
2025-10-29T07:30:00,978.077065057419,978.077065057419,0
2025-10-29T07:45:00,978.077065057419,978.077065057419,0
2025-10-29T08:00:00,978.077065057419,978.077065057419,0
2025-10-29T08:15:00,978.077065057419,978.077065057419,0
2025-10-29T08:30:00,978.077065057419,978.077065057419,0
2025-10-29T08:45:00,978.077065057419,978.077065057419,0
2025-10-29T09:00:00,977.3328448962291,880.1128662212678,1
2025-10-29T09:15:00,977.1405971541051,880.1128662212678,1
2025-10-29T09:30:00,976.7315802741778,880.1128662212678,1
2025-10-29T09:45:00,977.0670329670678,880.1128662212678,1
2025-10-29T10:00:00,977.3858111108959,880.1128662212678,1
2025-10-29T10:15:00,977.0248561664997,880.1128662212678,1
2025-10-29T10:30:00,976.8728235132894,880.1128662212678,1
2025-10-29T10:45:00,977.8811433036135,880.1128662212678,1
2025-10-29T11:00:00,976.5903370350662,880.1128662212678,1
2025-10-29T11:15:00,975.586021568647,975.586021568647,0
2025-10-29T11:30:00,975.586021568647,975.586021568647,0
2025-10-29T11:45:00,975.586021568647,975.586021568647,0
2025-10-29T12:00:00,975.586021568647,975.586021568647,0
2025-10-29T12:15:00,975.586021568647,975.586021568647,0
2025-10-29T12:30:00,975.586021568647,975.586021568647,0
2025-10-29T12:45:00,975.586021568647,975.586021568647,0
2025-10-29T13:00:00,975.586021568647,975.586021568647,0
2025-10-29T13:15:00,975.586021568647,975.586021568647,0
2025-10-29T13:30:00,975.586021568647,975.586021568647,0
2025-10-29T13:45:00,975.586021568647,975.586021568647,0
2025-10-29T14:00:00,975.586021568647,975.586021568647,0
2025-10-29T14:15:00,975.586021568647,975.586021568647,0
2025-10-29T14:30:00,975.586021568647,975.586021568647,0
2025-10-29T14:45:00,975.586021568647,975.586021568647,0
2025-10-29T15:00:00,975.586021568647,975.586021568647,0
2025-10-29T15:15:00,975.586021568647,975.586021568647,0
2025-10-29T15:30:00,975.586021568647,975.586021568647,0
2025-10-29T15:45:00,975.586021568647,975.586021568647,0
2025-10-29T16:00:00,975.586021568647,975.586021568647,0
2025-10-29T16:15:00,975.586021568647,975.586021568647,0
2025-10-29T16:30:00,975.586021568647,975.586021568647,0
2025-10-29T16:45:00,975.586021568647,975.586021568647,0
2025-10-29T17:00:00,975.586021568647,975.586021568647,0
2025-10-29T17:15:00,975.586021568647,975.586021568647,0
2025-10-29T17:30:00,975.586021568647,975.586021568647,0
2025-10-29T17:45:00,975.586021568647,975.586021568647,0
2025-10-29T18:00:00,975.586021568647,975.586021568647,0
2025-10-29T18:15:00,975.586021568647,975.586021568647,0
2025-10-29T18:30:00,974.8436968458158,877.8713256483313,1
2025-10-29T18:45:00,971.1053230137484,877.8713256483313,1
2025-10-29T19:00:00,969.3465029973547,877.8713256483313,1
2025-10-29T19:15:00,970.6027165325686,877.8713256483313,1
2025-10-29T19:30:00,972.6048458005317,877.8713256483313,1
2025-10-29T19:45:00,971.697768400491,877.8713256483313,1
2025-10-29T20:00:00,971.8838912539892,877.8713256483313,1
2025-10-29T20:15:00,968.9262622416571,968.9262622416571,0
2025-10-29T20:30:00,968.9262622416571,968.9262622416571,0
2025-10-29T20:45:00,968.9262622416571,968.9262622416571,0
2025-10-29T21:00:00,968.9262622416571,968.9262622416571,0
2025-10-29T21:15:00,968.9262622416571,968.9262622416571,0
2025-10-29T21:30:00,968.9262622416571,968.9262622416571,0
2025-10-29T21:45:00,968.9262622416571,968.9262622416571,0
2025-10-29T22:00:00,968.9262622416571,968.9262622416571,0
2025-10-29T22:15:00,968.9262622416571,968.9262622416571,0
2025-10-29T22:30:00,968.9262622416571,968.9262622416571,0
2025-10-29T22:45:00,968.9262622416571,968.9262622416571,0
2025-10-29T23:00:00,968.9262622416571,968.9262622416571,0
2025-10-29T23:15:00,968.9262622416571,968.9262622416571,0
2025-10-29T23:30:00,968.9262622416571,968.9262622416571,0
2025-10-29T23:45:00,968.9262622416571,968.9262622416571,0
2025-10-30T00:00:00,968.9262622416571,968.9262622416571,0
2025-10-30T00:15:00,968.9262622416571,968.9262622416571,0
2025-10-30T00:30:00,968.9262622416571,968.9262622416571,0
2025-10-30T00:45:00,968.9262622416571,968.9262622416571,0
2025-10-30T01:00:00,968.9262622416571,968.9262622416571,0
2025-10-30T01:15:00,968.9262622416571,968.9262622416571,0
2025-10-30T01:30:00,968.9262622416571,968.9262622416571,0
2025-10-30T01:45:00,968.9262622416571,968.9262622416571,0
2025-10-30T02:00:00,968.9262622416571,968.9262622416571,0
2025-10-30T02:15:00,968.9262622416571,968.9262622416571,0
2025-10-30T02:30:00,968.9262622416571,968.9262622416571,0
2025-10-30T02:45:00,968.9262622416571,968.9262622416571,0
2025-10-30T03:00:00,968.9262622416571,968.9262622416571,0
2025-10-30T03:15:00,968.9262622416571,968.9262622416571,0
2025-10-30T03:30:00,968.9262622416571,968.9262622416571,0
2025-10-30T03:45:00,968.9262622416571,968.9262622416571,0
2025-10-30T04:00:00,968.9262622416571,968.9262622416571,0
2025-10-30T04:15:00,968.9262622416571,968.9262622416571,0
2025-10-30T04:30:00,968.9262622416571,968.9262622416571,0
2025-10-30T04:45:00,968.9262622416571,968.9262622416571,0
2025-10-30T05:00:00,968.9262622416571,968.9262622416571,0
2025-10-30T05:15:00,968.9262622416571,968.9262622416571,0
2025-10-30T05:30:00,968.9262622416571,968.9262622416571,0
2025-10-30T05:45:00,968.9262622416571,968.9262622416571,0
2025-10-30T06:00:00,968.9262622416571,968.9262622416571,0
2025-10-30T06:15:00,968.9262622416571,968.9262622416571,0
2025-10-30T06:30:00,968.9262622416571,968.9262622416571,0
2025-10-30T06:45:00,968.9262622416571,968.9262622416571,0
2025-10-30T07:00:00,968.9262622416571,968.9262622416571,0
2025-10-30T07:15:00,968.9262622416571,968.9262622416571,0
2025-10-30T07:30:00,968.9262622416571,968.9262622416571,0
2025-10-30T07:45:00,968.9262622416571,968.9262622416571,0
2025-10-30T08:00:00,968.9262622416571,968.9262622416571,0
2025-10-30T08:15:00,968.9262622416571,968.9262622416571,0
2025-10-30T08:30:00,968.9262622416571,968.9262622416571,0
2025-10-30T08:45:00,968.9262622416571,968.9262622416571,0
2025-10-30T09:00:00,968.9262622416571,968.9262622416571,0
2025-10-30T09:15:00,968.9262622416571,968.9262622416571,0
2025-10-30T09:30:00,968.9262622416571,968.9262622416571,0
2025-10-30T09:45:00,968.9262622416571,968.9262622416571,0
2025-10-30T10:00:00,968.9262622416571,968.9262622416571,0
2025-10-30T10:15:00,968.9262622416571,968.9262622416571,0
2025-10-30T10:30:00,968.9262622416571,968.9262622416571,0
2025-10-30T10:45:00,968.9262622416571,968.9262622416571,0
2025-10-30T11:00:00,968.9262622416571,968.9262622416571,0
2025-10-30T11:15:00,968.9262622416571,968.9262622416571,0
2025-10-30T11:30:00,968.9262622416571,968.9262622416571,0
2025-10-30T11:45:00,968.9262622416571,968.9262622416571,0
2025-10-30T12:00:00,968.9262622416571,968.9262622416571,0
2025-10-30T12:15:00,968.189004938702,871.8786078155327,1
2025-10-30T12:30:00,972.4379188111947,871.8786078155327,1
2025-10-30T12:45:00,971.8064732084326,871.8786078155327,1
2025-10-30T13:00:00,970.6835675512084,871.8786078155327,1
2025-10-30T13:15:00,971.6100906047028,871.8786078155327,1
2025-10-30T13:30:00,975.4189060267856,871.8786078155327,1
2025-10-30T13:45:00,977.0030590302061,871.8786078155327,1
2025-10-30T14:00:00,974.1892488003543,871.8786078155327,1
2025-10-30T14:15:00,975.6545651512614,871.8786078155327,1
2025-10-30T14:30:00,973.9143131551326,871.8786078155327,1
2025-10-30T14:45:00,973.5104699546421,871.8786078155327,1
2025-10-30T15:00:00,974.756240625482,871.8786078155327,1
2025-10-30T15:15:00,975.2738850271082,871.8786078155327,1
2025-10-30T15:30:00,976.528719510428,871.8786078155327,1
2025-10-30T15:45:00,976.2970887470543,871.8786078155327,1
2025-10-30T16:00:00,974.3296940370245,974.3296940370245,0
2025-10-30T16:15:00,974.3296940370245,974.3296940370245,0
2025-10-30T16:30:00,974.3296940370245,974.3296940370245,0
2025-10-30T16:45:00,974.3296940370245,974.3296940370245,0
2025-10-30T17:00:00,974.3296940370245,974.3296940370245,0
2025-10-30T17:15:00,974.3296940370245,974.3296940370245,0
2025-10-30T17:30:00,974.3296940370245,974.3296940370245,0
2025-10-30T17:45:00,974.3296940370245,974.3296940370245,0
2025-10-30T18:00:00,974.3296940370245,974.3296940370245,0
2025-10-30T18:15:00,974.3296940370245,974.3296940370245,0
2025-10-30T18:30:00,974.3296940370245,974.3296940370245,0
2025-10-30T18:45:00,974.3296940370245,974.3296940370245,0
2025-10-30T19:00:00,974.3296940370245,974.3296940370245,0
2025-10-30T19:15:00,974.3296940370245,974.3296940370245,0
2025-10-30T19:30:00,974.3296940370245,974.3296940370245,0
2025-10-30T19:45:00,974.3296940370245,974.3296940370245,0
2025-10-30T20:00:00,974.3296940370245,974.3296940370245,0
2025-10-30T20:15:00,974.3296940370245,974.3296940370245,0
2025-10-30T20:30:00,974.3296940370245,974.3296940370245,0
2025-10-30T20:45:00,974.3296940370245,974.3296940370245,0
2025-10-30T21:00:00,974.3296940370245,974.3296940370245,0
2025-10-30T21:15:00,974.3296940370245,974.3296940370245,0
2025-10-30T21:30:00,974.3296940370245,974.3296940370245,0
2025-10-30T21:45:00,974.3296940370245,974.3296940370245,0
2025-10-30T22:00:00,974.3296940370245,974.3296940370245,0
2025-10-30T22:15:00,974.3296940370245,974.3296940370245,0
2025-10-30T22:30:00,974.3296940370245,974.3296940370245,0
2025-10-30T22:45:00,974.3296940370245,974.3296940370245,0
2025-10-30T23:00:00,974.3296940370245,974.3296940370245,0
2025-10-30T23:15:00,974.3296940370245,974.3296940370245,0
2025-10-30T23:30:00,974.3296940370245,974.3296940370245,0
2025-10-30T23:45:00,974.3296940370245,974.3296940370245,0
2025-10-31T00:00:00,974.3296940370245,974.3296940370245,0
2025-10-31T00:15:00,974.3296940370245,974.3296940370245,0
2025-10-31T00:30:00,974.3296940370245,974.3296940370245,0
2025-10-31T00:45:00,974.3296940370245,974.3296940370245,0
2025-10-31T01:00:00,974.3296940370245,974.3296940370245,0
2025-10-31T01:15:00,974.3296940370245,974.3296940370245,0
2025-10-31T01:30:00,974.3296940370245,974.3296940370245,0
2025-10-31T01:45:00,974.3296940370245,974.3296940370245,0
2025-10-31T02:00:00,974.3296940370245,974.3296940370245,0
2025-10-31T02:15:00,974.3296940370245,974.3296940370245,0
2025-10-31T02:30:00,974.3296940370245,974.3296940370245,0
2025-10-31T02:45:00,974.3296940370245,974.3296940370245,0
2025-10-31T03:00:00,974.3296940370245,974.3296940370245,0
2025-10-31T03:15:00,974.3296940370245,974.3296940370245,0
2025-10-31T03:30:00,974.3296940370245,974.3296940370245,0
2025-10-31T03:45:00,974.3296940370245,974.3296940370245,0
2025-10-31T04:00:00,974.3296940370245,974.3296940370245,0
2025-10-31T04:15:00,974.3296940370245,974.3296940370245,0
2025-10-31T04:30:00,974.3296940370245,974.3296940370245,0
2025-10-31T04:45:00,974.3296940370245,974.3296940370245,0
2025-10-31T05:00:00,974.3296940370245,974.3296940370245,0
2025-10-31T05:15:00,974.3296940370245,974.3296940370245,0
2025-10-31T05:30:00,974.3296940370245,974.3296940370245,0
2025-10-31T05:45:00,974.3296940370245,974.3296940370245,0
2025-10-31T06:00:00,974.3296940370245,974.3296940370245,0
2025-10-31T06:15:00,974.3296940370245,974.3296940370245,0
2025-10-31T06:30:00,974.3296940370245,974.3296940370245,0
2025-10-31T06:45:00,974.3296940370245,974.3296940370245,0
2025-10-31T07:00:00,974.3296940370245,974.3296940370245,0
2025-10-31T07:15:00,974.3296940370245,974.3296940370245,0
2025-10-31T07:30:00,974.3296940370245,974.3296940370245,0
2025-10-31T07:45:00,974.3296940370245,974.3296940370245,0
2025-10-31T08:00:00,974.3296940370245,974.3296940370245,0
2025-10-31T08:15:00,974.3296940370245,974.3296940370245,0
2025-10-31T08:30:00,974.3296940370245,974.3296940370245,0
2025-10-31T08:45:00,974.3296940370245,974.3296940370245,0
2025-10-31T09:00:00,974.3296940370245,974.3296940370245,0
2025-10-31T09:15:00,974.3296940370245,974.3296940370245,0
2025-10-31T09:30:00,974.3296940370245,974.3296940370245,0
2025-10-31T09:45:00,974.3296940370245,974.3296940370245,0
2025-10-31T10:00:00,974.3296940370245,974.3296940370245,0
2025-10-31T10:15:00,974.3296940370245,974.3296940370245,0
2025-10-31T10:30:00,974.3296940370245,974.3296940370245,0
2025-10-31T10:45:00,974.3296940370245,974.3296940370245,0
2025-10-31T11:00:00,974.3296940370245,974.3296940370245,0
2025-10-31T11:15:00,974.3296940370245,974.3296940370245,0
2025-10-31T11:30:00,974.3296940370245,974.3296940370245,0
2025-10-31T11:45:00,973.5900790529059,876.7408318822761,1
2025-10-31T12:00:00,972.7407000072528,876.7408318822761,1
2025-10-31T12:15:00,972.7247345007102,876.7408318822761,1
2025-10-31T12:30:00,970.9977115652216,970.9977115652216,0
2025-10-31T12:45:00,970.9977115652216,970.9977115652216,0
2025-10-31T13:00:00,970.9977115652216,970.9977115652216,0
2025-10-31T13:15:00,970.9977115652216,970.9977115652216,0
2025-10-31T13:30:00,970.9977115652216,970.9977115652216,0
2025-10-31T13:45:00,970.9977115652216,970.9977115652216,0
2025-10-31T14:00:00,970.9977115652216,970.9977115652216,0
2025-10-31T14:15:00,970.9977115652216,970.9977115652216,0
2025-10-31T14:30:00,970.9977115652216,970.9977115652216,0
2025-10-31T14:45:00,970.9977115652216,970.9977115652216,0
2025-10-31T15:00:00,970.9977115652216,970.9977115652216,0
2025-10-31T15:15:00,970.9977115652216,970.9977115652216,0
2025-10-31T15:30:00,970.9977115652216,970.9977115652216,0
2025-10-31T15:45:00,970.9977115652216,970.9977115652216,0
2025-10-31T16:00:00,970.9977115652216,970.9977115652216,0
2025-10-31T16:15:00,970.9977115652216,970.9977115652216,0
2025-10-31T16:30:00,970.9977115652216,970.9977115652216,0
2025-10-31T16:45:00,970.9977115652216,970.9977115652216,0
2025-10-31T17:00:00,970.9977115652216,970.9977115652216,0
2025-10-31T17:15:00,970.9977115652216,970.9977115652216,0
2025-10-31T17:30:00,970.9977115652216,970.9977115652216,0
2025-10-31T17:45:00,970.9977115652216,970.9977115652216,0
2025-10-31T18:00:00,970.9977115652216,970.9977115652216,0
2025-10-31T18:15:00,970.9977115652216,970.9977115652216,0
2025-10-31T18:30:00,970.9977115652216,970.9977115652216,0
2025-10-31T18:45:00,970.9977115652216,970.9977115652216,0
2025-10-31T19:00:00,970.9977115652216,970.9977115652216,0
2025-10-31T19:15:00,970.9977115652216,970.9977115652216,0
2025-10-31T19:30:00,970.9977115652216,970.9977115652216,0
2025-10-31T19:45:00,970.9977115652216,970.9977115652216,0
2025-10-31T20:00:00,970.9977115652216,970.9977115652216,0
2025-10-31T20:15:00,970.9977115652216,970.9977115652216,0
2025-10-31T20:30:00,970.9977115652216,970.9977115652216,0
2025-10-31T20:45:00,970.9977115652216,970.9977115652216,0
2025-10-31T21:00:00,970.9977115652216,970.9977115652216,0
2025-10-31T21:15:00,970.9977115652216,970.9977115652216,0
2025-10-31T21:30:00,970.9977115652216,970.9977115652216,0
2025-10-31T21:45:00,970.9977115652216,970.9977115652216,0
2025-10-31T22:00:00,970.9977115652216,970.9977115652216,0
2025-10-31T22:15:00,970.9977115652216,970.9977115652216,0
2025-10-31T22:30:00,970.9977115652216,970.9977115652216,0
2025-10-31T22:45:00,970.9977115652216,970.9977115652216,0
2025-10-31T23:00:00,970.9977115652216,970.9977115652216,0
2025-10-31T23:15:00,970.9977115652216,970.9977115652216,0
2025-10-31T23:30:00,970.9977115652216,970.9977115652216,0
2025-10-31T23:45:00,970.9977115652216,970.9977115652216,0
2025-11-01T00:00:00,970.9977115652216,970.9977115652216,0
2025-11-01T00:15:00,970.9977115652216,970.9977115652216,0
2025-11-01T00:30:00,970.9977115652216,970.9977115652216,0
2025-11-01T00:45:00,970.9977115652216,970.9977115652216,0
2025-11-01T01:00:00,970.9977115652216,970.9977115652216,0
2025-11-01T01:15:00,970.9977115652216,970.9977115652216,0
2025-11-01T01:30:00,970.9977115652216,970.9977115652216,0
2025-11-01T01:45:00,970.9977115652216,970.9977115652216,0
2025-11-01T02:00:00,970.9977115652216,970.9977115652216,0
2025-11-01T02:15:00,970.9977115652216,970.9977115652216,0
2025-11-01T02:30:00,970.9977115652216,970.9977115652216,0
2025-11-01T02:45:00,970.9977115652216,970.9977115652216,0
2025-11-01T03:00:00,970.9977115652216,970.9977115652216,0
2025-11-01T03:15:00,970.9977115652216,970.9977115652216,0
2025-11-01T03:30:00,970.9977115652216,970.9977115652216,0
2025-11-01T03:45:00,970.9977115652216,970.9977115652216,0
2025-11-01T04:00:00,970.9977115652216,970.9977115652216,0
2025-11-01T04:15:00,970.9977115652216,970.9977115652216,0
2025-11-01T04:30:00,970.9977115652216,970.9977115652216,0
2025-11-01T04:45:00,970.9977115652216,970.9977115652216,0
2025-11-01T05:00:00,970.9977115652216,970.9977115652216,0
2025-11-01T05:15:00,970.9977115652216,970.9977115652216,0
2025-11-01T05:30:00,970.9977115652216,970.9977115652216,0
2025-11-01T05:45:00,970.9977115652216,970.9977115652216,0
2025-11-01T06:00:00,970.9977115652216,970.9977115652216,0
2025-11-01T06:15:00,970.9977115652216,970.9977115652216,0
2025-11-01T06:30:00,970.9977115652216,970.9977115652216,0
2025-11-01T06:45:00,970.9977115652216,970.9977115652216,0
2025-11-01T07:00:00,970.9977115652216,970.9977115652216,0
2025-11-01T07:15:00,970.9977115652216,970.9977115652216,0
2025-11-01T07:30:00,970.9977115652216,970.9977115652216,0
2025-11-01T07:45:00,970.9977115652216,970.9977115652216,0
2025-11-01T08:00:00,970.9977115652216,970.9977115652216,0
2025-11-01T08:15:00,970.9977115652216,970.9977115652216,0
2025-11-01T08:30:00,970.9977115652216,970.9977115652216,0
2025-11-01T08:45:00,970.9977115652216,970.9977115652216,0
2025-11-01T09:00:00,970.2606258934889,873.742580774849,1
2025-11-01T09:15:00,969.765096920626,873.742580774849,1
2025-11-01T09:30:00,969.2785594008997,873.742580774849,1
2025-11-01T09:45:00,969.6092450662578,873.742580774849,1
2025-11-01T10:00:00,969.4024416441154,873.742580774849,1
2025-11-01T10:15:00,969.4563903629352,873.742580774849,1
2025-11-01T10:30:00,970.023850960891,873.742580774849,1
2025-11-01T10:45:00,969.7551064171408,873.742580774849,1
2025-11-01T11:00:00,969.9369335805703,873.742580774849,1
2025-11-01T11:15:00,969.0034184257041,969.0034184257041,0
2025-11-01T11:30:00,969.0034184257041,969.0034184257041,0
2025-11-01T11:45:00,969.0034184257041,969.0034184257041,0
2025-11-01T12:00:00,969.0034184257041,969.0034184257041,0
2025-11-01T12:15:00,969.0034184257041,969.0034184257041,0
2025-11-01T12:30:00,969.0034184257041,969.0034184257041,0
2025-11-01T12:45:00,969.0034184257041,969.0034184257041,0
2025-11-01T13:00:00,969.0034184257041,969.0034184257041,0
2025-11-01T13:15:00,969.0034184257041,969.0034184257041,0
2025-11-01T13:30:00,969.0034184257041,969.0034184257041,0
2025-11-01T13:45:00,969.0034184257041,969.0034184257041,0
2025-11-01T14:00:00,969.0034184257041,969.0034184257041,0
2025-11-01T14:15:00,969.0034184257041,969.0034184257041,0
2025-11-01T14:30:00,969.0034184257041,969.0034184257041,0
2025-11-01T14:45:00,969.0034184257041,969.0034184257041,0
2025-11-01T15:00:00,969.0034184257041,969.0034184257041,0
2025-11-01T15:15:00,969.0034184257041,969.0034184257041,0
2025-11-01T15:30:00,969.0034184257041,969.0034184257041,0
2025-11-01T15:45:00,969.0034184257041,969.0034184257041,0
2025-11-01T16:00:00,969.0034184257041,969.0034184257041,0
2025-11-01T16:15:00,969.0034184257041,969.0034184257041,0
2025-11-01T16:30:00,969.0034184257041,969.0034184257041,0
2025-11-01T16:45:00,969.0034184257041,969.0034184257041,0
2025-11-01T17:00:00,969.0034184257041,969.0034184257041,0
2025-11-01T17:15:00,969.0034184257041,969.0034184257041,0
2025-11-01T17:30:00,969.0034184257041,969.0034184257041,0
2025-11-01T17:45:00,969.0034184257041,969.0034184257041,0
2025-11-01T18:00:00,969.0034184257041,969.0034184257041,0
2025-11-01T18:15:00,969.0034184257041,969.0034184257041,0
2025-11-01T18:30:00,969.0034184257041,969.0034184257041,0
2025-11-01T18:45:00,969.0034184257041,969.0034184257041,0
2025-11-01T19:00:00,969.0034184257041,969.0034184257041,0
2025-11-01T19:15:00,969.0034184257041,969.0034184257041,0
2025-11-01T19:30:00,969.0034184257041,969.0034184257041,0
2025-11-01T19:45:00,969.0034184257041,969.0034184257041,0
2025-11-01T20:00:00,969.0034184257041,969.0034184257041,0
2025-11-01T20:15:00,969.0034184257041,969.0034184257041,0
2025-11-01T20:30:00,969.0034184257041,969.0034184257041,0
2025-11-01T20:45:00,969.0034184257041,969.0034184257041,0
2025-11-01T21:00:00,969.0034184257041,969.0034184257041,0
2025-11-01T21:15:00,969.0034184257041,969.0034184257041,0
2025-11-01T21:30:00,969.0034184257041,969.0034184257041,0
2025-11-01T21:45:00,969.0034184257041,969.0034184257041,0
2025-11-01T22:00:00,969.0034184257041,969.0034184257041,0
2025-11-01T22:15:00,969.0034184257041,969.0034184257041,0
2025-11-01T22:30:00,969.0034184257041,969.0034184257041,0
2025-11-01T22:45:00,969.0034184257041,969.0034184257041,0
2025-11-01T23:00:00,969.0034184257041,969.0034184257041,0
2025-11-01T23:15:00,969.0034184257041,969.0034184257041,0
2025-11-01T23:30:00,969.0034184257041,969.0034184257041,0
2025-11-01T23:45:00,969.0034184257041,969.0034184257041,0
2025-11-02T00:00:00,969.0034184257041,969.0034184257041,0
2025-11-02T00:15:00,969.0034184257041,969.0034184257041,0
2025-11-02T00:30:00,969.0034184257041,969.0034184257041,0
2025-11-02T00:45:00,969.0034184257041,969.0034184257041,0
2025-11-02T01:00:00,969.0034184257041,969.0034184257041,0
2025-11-02T01:15:00,969.0034184257041,969.0034184257041,0
2025-11-02T01:30:00,969.0034184257041,969.0034184257041,0
2025-11-02T01:45:00,969.0034184257041,969.0034184257041,0
2025-11-02T02:00:00,969.0034184257041,969.0034184257041,0
2025-11-02T02:15:00,969.0034184257041,969.0034184257041,0
2025-11-02T02:30:00,969.0034184257041,969.0034184257041,0
2025-11-02T02:45:00,969.0034184257041,969.0034184257041,0
2025-11-02T03:00:00,969.0034184257041,969.0034184257041,0
2025-11-02T03:15:00,969.0034184257041,969.0034184257041,0
2025-11-02T03:30:00,969.0034184257041,969.0034184257041,0
2025-11-02T03:45:00,969.0034184257041,969.0034184257041,0
2025-11-02T04:00:00,969.0034184257041,969.0034184257041,0
2025-11-02T04:15:00,969.0034184257041,969.0034184257041,0
2025-11-02T04:30:00,969.0034184257041,969.0034184257041,0
2025-11-02T04:45:00,969.0034184257041,969.0034184257041,0
2025-11-02T05:00:00,969.0034184257041,969.0034184257041,0
2025-11-02T05:15:00,969.0034184257041,969.0034184257041,0
2025-11-02T05:30:00,969.0034184257041,969.0034184257041,0
2025-11-02T05:45:00,969.0034184257041,969.0034184257041,0
2025-11-02T06:00:00,969.0034184257041,969.0034184257041,0
2025-11-02T06:15:00,969.0034184257041,969.0034184257041,0
2025-11-02T06:30:00,969.0034184257041,969.0034184257041,0
2025-11-02T06:45:00,969.0034184257041,969.0034184257041,0
2025-11-02T07:00:00,969.0034184257041,969.0034184257041,0
2025-11-02T07:15:00,969.0034184257041,969.0034184257041,0
2025-11-02T07:30:00,969.0034184257041,969.0034184257041,0
2025-11-02T07:45:00,969.0034184257041,969.0034184257041,0
2025-11-02T08:00:00,969.0034184257041,969.0034184257041,0
2025-11-02T08:15:00,969.0034184257041,969.0034184257041,0
2025-11-02T08:30:00,969.0034184257041,969.0034184257041,0
2025-11-02T08:45:00,969.0034184257041,969.0034184257041,0
2025-11-02T09:00:00,969.0034184257041,969.0034184257041,0
2025-11-02T09:15:00,969.0034184257041,969.0034184257041,0
2025-11-02T09:30:00,969.0034184257041,969.0034184257041,0
2025-11-02T09:45:00,969.0034184257041,969.0034184257041,0
2025-11-02T10:00:00,969.0034184257041,969.0034184257041,0
2025-11-02T10:15:00,969.0034184257041,969.0034184257041,0
2025-11-02T10:30:00,969.0034184257041,969.0034184257041,0
2025-11-02T10:45:00,969.0034184257041,969.0034184257041,0
2025-11-02T11:00:00,969.0034184257041,969.0034184257041,0
2025-11-02T11:15:00,969.0034184257041,969.0034184257041,0
2025-11-02T11:30:00,969.0034184257041,969.0034184257041,0
2025-11-02T11:45:00,969.0034184257041,969.0034184257041,0
2025-11-02T12:00:00,969.0034184257041,969.0034184257041,0
2025-11-02T12:15:00,969.0034184257041,969.0034184257041,0
2025-11-02T12:30:00,969.0034184257041,969.0034184257041,0
2025-11-02T12:45:00,969.0034184257041,969.0034184257041,0
2025-11-02T13:00:00,969.0034184257041,969.0034184257041,0
2025-11-02T13:15:00,969.0034184257041,969.0034184257041,0
2025-11-02T13:30:00,969.0034184257041,969.0034184257041,0
2025-11-02T13:45:00,969.0034184257041,969.0034184257041,0
2025-11-02T14:00:00,969.0034184257041,969.0034184257041,0
2025-11-02T14:15:00,969.0034184257041,969.0034184257041,0
2025-11-02T14:30:00,969.0034184257041,969.0034184257041,0
2025-11-02T14:45:00,969.0034184257041,969.0034184257041,0
2025-11-02T15:00:00,969.0034184257041,969.0034184257041,0
2025-11-02T15:15:00,969.0034184257041,969.0034184257041,0
2025-11-02T15:30:00,969.0034184257041,969.0034184257041,0
2025-11-02T15:45:00,969.0034184257041,969.0034184257041,0
2025-11-02T16:00:00,969.0034184257041,969.0034184257041,0
2025-11-02T16:15:00,969.0034184257041,969.0034184257041,0
2025-11-02T16:30:00,969.0034184257041,969.0034184257041,0
2025-11-02T16:45:00,969.0034184257041,969.0034184257041,0
2025-11-02T17:00:00,969.0034184257041,969.0034184257041,0
2025-11-02T17:15:00,969.0034184257041,969.0034184257041,0
2025-11-02T17:30:00,969.0034184257041,969.0034184257041,0
2025-11-02T17:45:00,969.0034184257041,969.0034184257041,0
2025-11-02T18:00:00,969.0034184257041,969.0034184257041,0
2025-11-02T18:15:00,969.0034184257041,969.0034184257041,0
2025-11-02T18:30:00,969.0034184257041,969.0034184257041,0
2025-11-02T18:45:00,969.0034184257041,969.0034184257041,0
2025-11-02T19:00:00,969.0034184257041,969.0034184257041,0
2025-11-02T19:15:00,969.0034184257041,969.0034184257041,0
2025-11-02T19:30:00,969.0034184257041,969.0034184257041,0
2025-11-02T19:45:00,969.0034184257041,969.0034184257041,0
2025-11-02T20:00:00,969.0034184257041,969.0034184257041,0
2025-11-02T20:15:00,969.0034184257041,969.0034184257041,0
2025-11-02T20:30:00,969.0034184257041,969.0034184257041,0
2025-11-02T20:45:00,969.0034184257041,969.0034184257041,0
2025-11-02T21:00:00,969.0034184257041,969.0034184257041,0
2025-11-02T21:15:00,969.0034184257041,969.0034184257041,0
2025-11-02T21:30:00,969.0034184257041,969.0034184257041,0
2025-11-02T21:45:00,969.0034184257041,969.0034184257041,0
2025-11-02T22:00:00,969.0034184257041,969.0034184257041,0
2025-11-02T22:15:00,969.0034184257041,969.0034184257041,0
2025-11-02T22:30:00,969.0034184257041,969.0034184257041,0
2025-11-02T22:45:00,969.0034184257041,969.0034184257041,0
2025-11-02T23:00:00,969.0034184257041,969.0034184257041,0
2025-11-02T23:15:00,969.0034184257041,969.0034184257041,0
2025-11-02T23:30:00,969.0034184257041,969.0034184257041,0
2025-11-02T23:45:00,969.0034184257041,969.0034184257041,0
2025-11-03T00:00:00,969.0034184257041,969.0034184257041,0
2025-11-03T00:15:00,969.0034184257041,969.0034184257041,0
2025-11-03T00:30:00,969.0034184257041,969.0034184257041,0
2025-11-03T00:45:00,969.0034184257041,969.0034184257041,0
2025-11-03T01:00:00,969.0034184257041,969.0034184257041,0
2025-11-03T01:15:00,969.0034184257041,969.0034184257041,0
2025-11-03T01:30:00,969.0034184257041,969.0034184257041,0
2025-11-03T01:45:00,969.0034184257041,969.0034184257041,0
2025-11-03T02:00:00,969.0034184257041,969.0034184257041,0
2025-11-03T02:15:00,969.0034184257041,969.0034184257041,0
2025-11-03T02:30:00,969.0034184257041,969.0034184257041,0
2025-11-03T02:45:00,969.0034184257041,969.0034184257041,0
2025-11-03T03:00:00,969.0034184257041,969.0034184257041,0
2025-11-03T03:15:00,969.0034184257041,969.0034184257041,0
2025-11-03T03:30:00,969.0034184257041,969.0034184257041,0
2025-11-03T03:45:00,969.0034184257041,969.0034184257041,0
2025-11-03T04:00:00,969.0034184257041,969.0034184257041,0
2025-11-03T04:15:00,969.0034184257041,969.0034184257041,0
2025-11-03T04:30:00,969.0034184257041,969.0034184257041,0
2025-11-03T04:45:00,969.0034184257041,969.0034184257041,0
2025-11-03T05:00:00,969.0034184257041,969.0034184257041,0
2025-11-03T05:15:00,969.0034184257041,969.0034184257041,0
2025-11-03T05:30:00,969.0034184257041,969.0034184257041,0
2025-11-03T05:45:00,969.0034184257041,969.0034184257041,0
2025-11-03T06:00:00,969.0034184257041,969.0034184257041,0
2025-11-03T06:15:00,969.0034184257041,969.0034184257041,0
2025-11-03T06:30:00,969.0034184257041,969.0034184257041,0
2025-11-03T06:45:00,969.0034184257041,969.0034184257041,0
2025-11-03T07:00:00,969.0034184257041,969.0034184257041,0
2025-11-03T07:15:00,969.0034184257041,969.0034184257041,0
2025-11-03T07:30:00,969.0034184257041,969.0034184257041,0
2025-11-03T07:45:00,969.0034184257041,969.0034184257041,0
2025-11-03T08:00:00,969.0034184257041,969.0034184257041,0
2025-11-03T08:15:00,969.0034184257041,969.0034184257041,0
2025-11-03T08:30:00,969.0034184257041,969.0034184257041,0
2025-11-03T08:45:00,969.0034184257041,969.0034184257041,0
2025-11-03T09:00:00,969.0034184257041,969.0034184257041,0
2025-11-03T09:15:00,969.0034184257041,969.0034184257041,0
2025-11-03T09:30:00,969.0034184257041,969.0034184257041,0
2025-11-03T09:45:00,969.0034184257041,969.0034184257041,0
2025-11-03T10:00:00,969.0034184257041,969.0034184257041,0
2025-11-03T10:15:00,969.0034184257041,969.0034184257041,0
2025-11-03T10:30:00,969.0034184257041,969.0034184257041,0
2025-11-03T10:45:00,969.0034184257041,969.0034184257041,0
2025-11-03T11:00:00,968.2661024145043,871.9480360361856,1
2025-11-03T11:15:00,967.2054339823462,871.9480360361856,1
2025-11-03T11:30:00,966.7444107727251,871.9480360361856,1
2025-11-03T11:45:00,966.6614475983287,871.9480360361856,1
2025-11-03T12:00:00,965.4957624897194,871.9480360361856,1
2025-11-03T12:15:00,964.8460513900151,964.8460513900151,0
2025-11-03T12:30:00,964.8460513900151,964.8460513900151,0
2025-11-03T12:45:00,964.8460513900151,964.8460513900151,0
2025-11-03T13:00:00,964.8460513900151,964.8460513900151,0
2025-11-03T13:15:00,964.8460513900151,964.8460513900151,0
2025-11-03T13:30:00,964.8460513900151,964.8460513900151,0
2025-11-03T13:45:00,964.8460513900151,964.8460513900151,0
2025-11-03T14:00:00,964.8460513900151,964.8460513900151,0
2025-11-03T14:15:00,964.8460513900151,964.8460513900151,0
2025-11-03T14:30:00,964.8460513900151,964.8460513900151,0
2025-11-03T14:45:00,964.8460513900151,964.8460513900151,0
2025-11-03T15:00:00,964.8460513900151,964.8460513900151,0
2025-11-03T15:15:00,964.8460513900151,964.8460513900151,0
2025-11-03T15:30:00,964.8460513900151,964.8460513900151,0
2025-11-03T15:45:00,964.8460513900151,964.8460513900151,0
2025-11-03T16:00:00,964.8460513900151,964.8460513900151,0
2025-11-03T16:15:00,964.8460513900151,964.8460513900151,0
2025-11-03T16:30:00,964.8460513900151,964.8460513900151,0
2025-11-03T16:45:00,964.8460513900151,964.8460513900151,0
2025-11-03T17:00:00,964.8460513900151,964.8460513900151,0
2025-11-03T17:15:00,964.8460513900151,964.8460513900151,0
2025-11-03T17:30:00,964.8460513900151,964.8460513900151,0
2025-11-03T17:45:00,964.8460513900151,964.8460513900151,0
2025-11-03T18:00:00,964.8460513900151,964.8460513900151,0
2025-11-03T18:15:00,964.8460513900151,964.8460513900151,0
2025-11-03T18:30:00,964.8460513900151,964.8460513900151,0
2025-11-03T18:45:00,964.8460513900151,964.8460513900151,0
2025-11-03T19:00:00,964.8460513900151,964.8460513900151,0
2025-11-03T19:15:00,964.8460513900151,964.8460513900151,0
2025-11-03T19:30:00,964.8460513900151,964.8460513900151,0
2025-11-03T19:45:00,964.8460513900151,964.8460513900151,0
2025-11-03T20:00:00,964.8460513900151,964.8460513900151,0
2025-11-03T20:15:00,964.8460513900151,964.8460513900151,0
2025-11-03T20:30:00,964.8460513900151,964.8460513900151,0
2025-11-03T20:45:00,964.8460513900151,964.8460513900151,0
2025-11-03T21:00:00,964.8460513900151,964.8460513900151,0
2025-11-03T21:15:00,964.8460513900151,964.8460513900151,0
2025-11-03T21:30:00,964.8460513900151,964.8460513900151,0
2025-11-03T21:45:00,964.8460513900151,964.8460513900151,0
2025-11-03T22:00:00,964.8460513900151,964.8460513900151,0
2025-11-03T22:15:00,964.8460513900151,964.8460513900151,0
2025-11-03T22:30:00,964.8460513900151,964.8460513900151,0
2025-11-03T22:45:00,964.8460513900151,964.8460513900151,0
2025-11-03T23:00:00,964.8460513900151,964.8460513900151,0
2025-11-03T23:15:00,964.8460513900151,964.8460513900151,0
2025-11-03T23:30:00,964.8460513900151,964.8460513900151,0
2025-11-03T23:45:00,964.8460513900151,964.8460513900151,0
2025-11-04T00:00:00,964.8460513900151,964.8460513900151,0
2025-11-04T00:15:00,964.1118987250136,868.2070708827912,1
2025-11-04T00:30:00,960.5838323303936,960.5838323303936,0
2025-11-04T00:45:00,960.5838323303936,960.5838323303936,0
2025-11-04T01:00:00,960.5838323303936,960.5838323303936,0
2025-11-04T01:15:00,960.5838323303936,960.5838323303936,0
2025-11-04T01:30:00,960.5838323303936,960.5838323303936,0
2025-11-04T01:45:00,960.5838323303936,960.5838323303936,0
2025-11-04T02:00:00,960.5838323303936,960.5838323303936,0
2025-11-04T02:15:00,960.5838323303936,960.5838323303936,0
2025-11-04T02:30:00,960.5838323303936,960.5838323303936,0
2025-11-04T02:45:00,960.5838323303936,960.5838323303936,0
2025-11-04T03:00:00,960.5838323303936,960.5838323303936,0
2025-11-04T03:15:00,960.5838323303936,960.5838323303936,0
2025-11-04T03:30:00,960.5838323303936,960.5838323303936,0
2025-11-04T03:45:00,960.5838323303936,960.5838323303936,0
2025-11-04T04:00:00,960.5838323303936,960.5838323303936,0
2025-11-04T04:15:00,960.5838323303936,960.5838323303936,0
2025-11-04T04:30:00,960.5838323303936,960.5838323303936,0
2025-11-04T04:45:00,960.5838323303936,960.5838323303936,0
2025-11-04T05:00:00,960.5838323303936,960.5838323303936,0
2025-11-04T05:15:00,960.5838323303936,960.5838323303936,0
2025-11-04T05:30:00,960.5838323303936,960.5838323303936,0
2025-11-04T05:45:00,960.5838323303936,960.5838323303936,0
2025-11-04T06:00:00,959.8529227936372,864.3717556841814,1
2025-11-04T06:15:00,958.2432980821065,864.3717556841814,1
2025-11-04T06:30:00,961.5850189506104,864.3717556841814,1
2025-11-04T06:45:00,960.5833774860981,864.3717556841814,1
2025-11-04T07:00:00,962.6314937121151,864.3717556841814,1
2025-11-04T07:15:00,963.6932774043,864.3717556841814,1
2025-11-04T07:30:00,964.0453828099473,864.3717556841814,1
2025-11-04T07:45:00,962.5352661478388,864.3717556841814,1
2025-11-04T08:00:00,965.2077680466031,864.3717556841814,1
2025-11-04T08:15:00,962.9190829098953,864.3717556841814,1
2025-11-04T08:30:00,961.2208850994285,864.3717556841814,1
2025-11-04T08:45:00,962.3963922766674,864.3717556841814,1
2025-11-04T09:00:00,963.4352125728318,864.3717556841814,1
2025-11-04T09:15:00,962.6269127829527,962.6269127829527,0
2025-11-04T09:30:00,962.6269127829527,962.6269127829527,0
2025-11-04T09:45:00,962.6269127829527,962.6269127829527,0
2025-11-04T10:00:00,962.6269127829527,962.6269127829527,0
2025-11-04T10:15:00,962.6269127829527,962.6269127829527,0
2025-11-04T10:30:00,962.6269127829527,962.6269127829527,0
2025-11-04T10:45:00,962.6269127829527,962.6269127829527,0
2025-11-04T11:00:00,962.6269127829527,962.6269127829527,0
2025-11-04T11:15:00,962.6269127829527,962.6269127829527,0
2025-11-04T11:30:00,962.6269127829527,962.6269127829527,0
2025-11-04T11:45:00,962.6269127829527,962.6269127829527,0
2025-11-04T12:00:00,962.6269127829527,962.6269127829527,0
2025-11-04T12:15:00,962.6269127829527,962.6269127829527,0
2025-11-04T12:30:00,962.6269127829527,962.6269127829527,0
2025-11-04T12:45:00,962.6269127829527,962.6269127829527,0
2025-11-04T13:00:00,962.6269127829527,962.6269127829527,0
2025-11-04T13:15:00,962.6269127829527,962.6269127829527,0
2025-11-04T13:30:00,962.6269127829527,962.6269127829527,0
2025-11-04T13:45:00,962.6269127829527,962.6269127829527,0
2025-11-04T14:00:00,962.6269127829527,962.6269127829527,0
2025-11-04T14:15:00,962.6269127829527,962.6269127829527,0
2025-11-04T14:30:00,962.6269127829527,962.6269127829527,0
2025-11-04T14:45:00,962.6269127829527,962.6269127829527,0
2025-11-04T15:00:00,962.6269127829527,962.6269127829527,0
2025-11-04T15:15:00,962.6269127829527,962.6269127829527,0
2025-11-04T15:30:00,962.6269127829527,962.6269127829527,0
2025-11-04T15:45:00,962.6269127829527,962.6269127829527,0
2025-11-04T16:00:00,962.6269127829527,962.6269127829527,0
2025-11-04T16:15:00,962.6269127829527,962.6269127829527,0
2025-11-04T16:30:00,962.6269127829527,962.6269127829527,0
2025-11-04T16:45:00,962.6269127829527,962.6269127829527,0
2025-11-04T17:00:00,961.8944486635176,866.2102011986121,1
2025-11-04T17:15:00,961.8500214665398,866.2102011986121,1
2025-11-04T17:30:00,961.348791551918,866.2102011986121,1
2025-11-04T17:45:00,963.2477694329965,866.2102011986121,1
2025-11-04T18:00:00,965.6491163875937,866.2102011986121,1
2025-11-04T18:15:00,969.2784766330144,866.2102011986121,1
2025-11-04T18:30:00,969.678321405815,866.2102011986121,1
2025-11-04T18:45:00,971.2252991877614,866.2102011986121,1
2025-11-04T19:00:00,970.9610143236881,866.2102011986121,1
2025-11-04T19:15:00,972.417998552782,866.2102011986121,1
2025-11-04T19:30:00,974.6735331685801,866.2102011986121,1
2025-11-04T19:45:00,979.4682529654965,866.2102011986121,1
2025-11-04T20:00:00,979.6983630626638,866.2102011986121,1
2025-11-04T20:15:00,984.7436978168911,866.2102011986121,1
2025-11-04T20:30:00,981.1439557027891,866.2102011986121,1
2025-11-04T20:45:00,981.4526677638402,866.2102011986121,1
2025-11-04T21:00:00,984.6696524885947,866.2102011986121,1
2025-11-04T21:15:00,987.0220156106267,866.2102011986121,1
2025-11-04T21:30:00,993.531169547329,866.2102011986121,1
2025-11-04T21:45:00,981.298881312763,866.2102011986121,1
2025-11-04T22:00:00,974.8683843756727,974.8683843756727,0
2025-11-04T22:15:00,974.8683843756727,974.8683843756727,0
2025-11-04T22:30:00,974.8683843756727,974.8683843756727,0
2025-11-04T22:45:00,974.8683843756727,974.8683843756727,0
2025-11-04T23:00:00,974.8683843756727,974.8683843756727,0
2025-11-04T23:15:00,974.8683843756727,974.8683843756727,0
2025-11-04T23:30:00,974.8683843756727,974.8683843756727,0
2025-11-04T23:45:00,974.8683843756727,974.8683843756727,0
2025-11-05T00:00:00,974.8683843756727,974.8683843756727,0
2025-11-05T00:15:00,974.8683843756727,974.8683843756727,0
2025-11-05T00:30:00,974.8683843756727,974.8683843756727,0
2025-11-05T00:45:00,974.8683843756727,974.8683843756727,0
2025-11-05T01:00:00,974.8683843756727,974.8683843756727,0
2025-11-05T01:15:00,974.8683843756727,974.8683843756727,0
2025-11-05T01:30:00,974.8683843756727,974.8683843756727,0
2025-11-05T01:45:00,974.8683843756727,974.8683843756727,0
2025-11-05T02:00:00,974.8683843756727,974.8683843756727,0
2025-11-05T02:15:00,974.8683843756727,974.8683843756727,0
2025-11-05T02:30:00,974.8683843756727,974.8683843756727,0
2025-11-05T02:45:00,974.8683843756727,974.8683843756727,0
2025-11-05T03:00:00,974.8683843756727,974.8683843756727,0
2025-11-05T03:15:00,974.8683843756727,974.8683843756727,0
2025-11-05T03:30:00,974.8683843756727,974.8683843756727,0
2025-11-05T03:45:00,974.8683843756727,974.8683843756727,0
2025-11-05T04:00:00,974.8683843756727,974.8683843756727,0
2025-11-05T04:15:00,974.8683843756727,974.8683843756727,0
2025-11-05T04:30:00,974.8683843756727,974.8683843756727,0
2025-11-05T04:45:00,974.8683843756727,974.8683843756727,0
2025-11-05T05:00:00,974.8683843756727,974.8683843756727,0
2025-11-05T05:15:00,974.8683843756727,974.8683843756727,0
2025-11-05T05:30:00,974.8683843756727,974.8683843756727,0
2025-11-05T05:45:00,974.8683843756727,974.8683843756727,0
2025-11-05T06:00:00,974.8683843756727,974.8683843756727,0
2025-11-05T06:15:00,974.8683843756727,974.8683843756727,0
2025-11-05T06:30:00,974.8683843756727,974.8683843756727,0
2025-11-05T06:45:00,974.8683843756727,974.8683843756727,0
2025-11-05T07:00:00,974.8683843756727,974.8683843756727,0
2025-11-05T07:15:00,974.8683843756727,974.8683843756727,0
2025-11-05T07:30:00,974.8683843756727,974.8683843756727,0
2025-11-05T07:45:00,974.8683843756727,974.8683843756727,0
2025-11-05T08:00:00,974.8683843756727,974.8683843756727,0
2025-11-05T08:15:00,974.8683843756727,974.8683843756727,0
2025-11-05T08:30:00,974.8683843756727,974.8683843756727,0
2025-11-05T08:45:00,974.8683843756727,974.8683843756727,0
2025-11-05T09:00:00,974.8683843756727,974.8683843756727,0
2025-11-05T09:15:00,974.8683843756727,974.8683843756727,0
2025-11-05T09:30:00,974.8683843756727,974.8683843756727,0
2025-11-05T09:45:00,974.8683843756727,974.8683843756727,0
2025-11-05T10:00:00,974.8683843756727,974.8683843756727,0
2025-11-05T10:15:00,974.8683843756727,974.8683843756727,0
2025-11-05T10:30:00,974.8683843756727,974.8683843756727,0
2025-11-05T10:45:00,974.8683843756727,974.8683843756727,0
2025-11-05T11:00:00,974.1266057039518,877.2255669966053,1
2025-11-05T11:15:00,973.4853011213797,877.2255669966053,1
2025-11-05T11:30:00,972.3439222451218,972.3439222451218,0
2025-11-05T11:45:00,972.3439222451218,972.3439222451218,0
2025-11-05T12:00:00,972.3439222451218,972.3439222451218,0
2025-11-05T12:15:00,972.3439222451218,972.3439222451218,0
2025-11-05T12:30:00,972.3439222451218,972.3439222451218,0
2025-11-05T12:45:00,972.3439222451218,972.3439222451218,0
2025-11-05T13:00:00,972.3439222451218,972.3439222451218,0
2025-11-05T13:15:00,972.3439222451218,972.3439222451218,0
2025-11-05T13:30:00,972.3439222451218,972.3439222451218,0
2025-11-05T13:45:00,972.3439222451218,972.3439222451218,0
2025-11-05T14:00:00,972.3439222451218,972.3439222451218,0
2025-11-05T14:15:00,972.3439222451218,972.3439222451218,0
2025-11-05T14:30:00,972.3439222451218,972.3439222451218,0
2025-11-05T14:45:00,972.3439222451218,972.3439222451218,0
2025-11-05T15:00:00,972.3439222451218,972.3439222451218,0
2025-11-05T15:15:00,972.3439222451218,972.3439222451218,0
2025-11-05T15:30:00,972.3439222451218,972.3439222451218,0
2025-11-05T15:45:00,972.3439222451218,972.3439222451218,0
2025-11-05T16:00:00,972.3439222451218,972.3439222451218,0
2025-11-05T16:15:00,972.3439222451218,972.3439222451218,0
2025-11-05T16:30:00,972.3439222451218,972.3439222451218,0
2025-11-05T16:45:00,972.3439222451218,972.3439222451218,0
2025-11-05T17:00:00,971.6058146630472,874.9539549930504,1
2025-11-05T17:15:00,973.6363995413436,874.9539549930504,1
2025-11-05T17:30:00,973.1821299936264,874.9539549930504,1
2025-11-05T17:45:00,973.4705911564268,874.9539549930504,1
2025-11-05T18:00:00,973.0333567167489,874.9539549930504,1
2025-11-05T18:15:00,974.1304176744862,874.9539549930504,1
2025-11-05T18:30:00,976.2246002894631,874.9539549930504,1
2025-11-05T18:45:00,976.4256145643279,874.9539549930504,1
2025-11-05T19:00:00,974.9174396659065,874.9539549930504,1
2025-11-05T19:15:00,975.6931049186338,874.9539549930504,1
2025-11-05T19:30:00,977.0479638447007,874.9539549930504,1
2025-11-05T19:45:00,975.639728246777,874.9539549930504,1
2025-11-05T20:00:00,978.3869233365975,874.9539549930504,1
2025-11-05T20:15:00,975.6541408839736,975.6541408839736,0
2025-11-05T20:30:00,975.6541408839736,975.6541408839736,0
2025-11-05T20:45:00,975.6541408839736,975.6541408839736,0
2025-11-05T21:00:00,975.6541408839736,975.6541408839736,0
2025-11-05T21:15:00,975.6541408839736,975.6541408839736,0
2025-11-05T21:30:00,975.6541408839736,975.6541408839736,0
2025-11-05T21:45:00,975.6541408839736,975.6541408839736,0
2025-11-05T22:00:00,975.6541408839736,975.6541408839736,0
2025-11-05T22:15:00,975.6541408839736,975.6541408839736,0
2025-11-05T22:30:00,975.6541408839736,975.6541408839736,0
2025-11-05T22:45:00,975.6541408839736,975.6541408839736,0
2025-11-05T23:00:00,975.6541408839736,975.6541408839736,0
2025-11-05T23:15:00,975.6541408839736,975.6541408839736,0
2025-11-05T23:30:00,975.6541408839736,975.6541408839736,0
2025-11-05T23:45:00,975.6541408839736,975.6541408839736,0
2025-11-06T00:00:00,975.6541408839736,975.6541408839736,0
2025-11-06T00:15:00,975.6541408839736,975.6541408839736,0
2025-11-06T00:30:00,975.6541408839736,975.6541408839736,0
2025-11-06T00:45:00,975.6541408839736,975.6541408839736,0
2025-11-06T01:00:00,975.6541408839736,975.6541408839736,0
2025-11-06T01:15:00,975.6541408839736,975.6541408839736,0
2025-11-06T01:30:00,975.6541408839736,975.6541408839736,0
2025-11-06T01:45:00,975.6541408839736,975.6541408839736,0
2025-11-06T02:00:00,975.6541408839736,975.6541408839736,0
2025-11-06T02:15:00,975.6541408839736,975.6541408839736,0
2025-11-06T02:30:00,975.6541408839736,975.6541408839736,0
2025-11-06T02:45:00,975.6541408839736,975.6541408839736,0
2025-11-06T03:00:00,975.6541408839736,975.6541408839736,0
2025-11-06T03:15:00,975.6541408839736,975.6541408839736,0
2025-11-06T03:30:00,975.6541408839736,975.6541408839736,0
2025-11-06T03:45:00,975.6541408839736,975.6541408839736,0
2025-11-06T04:00:00,975.6541408839736,975.6541408839736,0
2025-11-06T04:15:00,975.6541408839736,975.6541408839736,0
2025-11-06T04:30:00,975.6541408839736,975.6541408839736,0
2025-11-06T04:45:00,975.6541408839736,975.6541408839736,0
2025-11-06T05:00:00,975.6541408839736,975.6541408839736,0
2025-11-06T05:15:00,975.6541408839736,975.6541408839736,0
2025-11-06T05:30:00,975.6541408839736,975.6541408839736,0
2025-11-06T05:45:00,975.6541408839736,975.6541408839736,0
2025-11-06T06:00:00,975.6541408839736,975.6541408839736,0
2025-11-06T06:15:00,975.6541408839736,975.6541408839736,0
2025-11-06T06:30:00,975.6541408839736,975.6541408839736,0
2025-11-06T06:45:00,975.6541408839736,975.6541408839736,0
2025-11-06T07:00:00,975.6541408839736,975.6541408839736,0
2025-11-06T07:15:00,975.6541408839736,975.6541408839736,0
2025-11-06T07:30:00,975.6541408839736,975.6541408839736,0
2025-11-06T07:45:00,975.6541408839736,975.6541408839736,0
2025-11-06T08:00:00,975.6541408839736,975.6541408839736,0
2025-11-06T08:15:00,975.6541408839736,975.6541408839736,0
2025-11-06T08:30:00,975.6541408839736,975.6541408839736,0
2025-11-06T08:45:00,975.6541408839736,975.6541408839736,0
2025-11-06T09:00:00,975.6541408839736,975.6541408839736,0
2025-11-06T09:15:00,975.6541408839736,975.6541408839736,0
2025-11-06T09:30:00,975.6541408839736,975.6541408839736,0
2025-11-06T09:45:00,975.6541408839736,975.6541408839736,0
2025-11-06T10:00:00,975.6541408839736,975.6541408839736,0
2025-11-06T10:15:00,975.6541408839736,975.6541408839736,0
2025-11-06T10:30:00,975.6541408839736,975.6541408839736,0
2025-11-06T10:45:00,975.6541408839736,975.6541408839736,0
2025-11-06T11:00:00,975.6541408839736,975.6541408839736,0
2025-11-06T11:15:00,975.6541408839736,975.6541408839736,0
2025-11-06T11:30:00,975.6541408839736,975.6541408839736,0
2025-11-06T11:45:00,975.6541408839736,975.6541408839736,0
2025-11-06T12:00:00,975.6541408839736,975.6541408839736,0
2025-11-06T12:15:00,975.6541408839736,975.6541408839736,0
2025-11-06T12:30:00,975.6541408839736,975.6541408839736,0
2025-11-06T12:45:00,975.6541408839736,975.6541408839736,0
2025-11-06T13:00:00,975.6541408839736,975.6541408839736,0
2025-11-06T13:15:00,975.6541408839736,975.6541408839736,0
2025-11-06T13:30:00,975.6541408839736,975.6541408839736,0
2025-11-06T13:45:00,975.6541408839736,975.6541408839736,0
2025-11-06T14:00:00,975.6541408839736,975.6541408839736,0
2025-11-06T14:15:00,975.6541408839736,975.6541408839736,0
2025-11-06T14:30:00,975.6541408839736,975.6541408839736,0
2025-11-06T14:45:00,975.6541408839736,975.6541408839736,0
2025-11-06T15:00:00,975.6541408839736,975.6541408839736,0
2025-11-06T15:15:00,975.6541408839736,975.6541408839736,0
2025-11-06T15:30:00,975.6541408839736,975.6541408839736,0
2025-11-06T15:45:00,975.6541408839736,975.6541408839736,0
2025-11-06T16:00:00,975.6541408839736,975.6541408839736,0
2025-11-06T16:15:00,975.6541408839736,975.6541408839736,0
2025-11-06T16:30:00,975.6541408839736,975.6541408839736,0
2025-11-06T16:45:00,975.6541408839736,975.6541408839736,0
2025-11-06T17:00:00,975.6541408839736,975.6541408839736,0
2025-11-06T17:15:00,975.6541408839736,975.6541408839736,0
2025-11-06T17:30:00,975.6541408839736,975.6541408839736,0
2025-11-06T17:45:00,975.6541408839736,975.6541408839736,0
2025-11-06T18:00:00,975.6541408839736,975.6541408839736,0
2025-11-06T18:15:00,975.6541408839736,975.6541408839736,0
2025-11-06T18:30:00,975.6541408839736,975.6541408839736,0
2025-11-06T18:45:00,975.6541408839736,975.6541408839736,0
2025-11-06T19:00:00,975.6541408839736,975.6541408839736,0
2025-11-06T19:15:00,975.6541408839736,975.6541408839736,0
2025-11-06T19:30:00,975.6541408839736,975.6541408839736,0
2025-11-06T19:45:00,975.6541408839736,975.6541408839736,0
2025-11-06T20:00:00,975.6541408839736,975.6541408839736,0
2025-11-06T20:15:00,975.6541408839736,975.6541408839736,0
2025-11-06T20:30:00,975.6541408839736,975.6541408839736,0
2025-11-06T20:45:00,975.6541408839736,975.6541408839736,0
2025-11-06T21:00:00,975.6541408839736,975.6541408839736,0
2025-11-06T21:15:00,975.6541408839736,975.6541408839736,0
2025-11-06T21:30:00,975.6541408839736,975.6541408839736,0
2025-11-06T21:45:00,975.6541408839736,975.6541408839736,0
2025-11-06T22:00:00,975.6541408839736,975.6541408839736,0
2025-11-06T22:15:00,975.6541408839736,975.6541408839736,0
2025-11-06T22:30:00,975.6541408839736,975.6541408839736,0
2025-11-06T22:45:00,975.6541408839736,975.6541408839736,0
2025-11-06T23:00:00,975.6541408839736,975.6541408839736,0
2025-11-06T23:15:00,975.6541408839736,975.6541408839736,0
2025-11-06T23:30:00,975.6541408839736,975.6541408839736,0
2025-11-06T23:45:00,975.6541408839736,975.6541408839736,0
2025-11-07T00:00:00,975.6541408839736,975.6541408839736,0
2025-11-07T00:15:00,975.6541408839736,975.6541408839736,0
2025-11-07T00:30:00,975.6541408839736,975.6541408839736,0
2025-11-07T00:45:00,975.6541408839736,975.6541408839736,0
2025-11-07T01:00:00,975.6541408839736,975.6541408839736,0
2025-11-07T01:15:00,975.6541408839736,975.6541408839736,0
2025-11-07T01:30:00,975.6541408839736,975.6541408839736,0
2025-11-07T01:45:00,975.6541408839736,975.6541408839736,0
2025-11-07T02:00:00,975.6541408839736,975.6541408839736,0
2025-11-07T02:15:00,975.6541408839736,975.6541408839736,0
2025-11-07T02:30:00,975.6541408839736,975.6541408839736,0
2025-11-07T02:45:00,975.6541408839736,975.6541408839736,0
2025-11-07T03:00:00,975.6541408839736,975.6541408839736,0
2025-11-07T03:15:00,975.6541408839736,975.6541408839736,0
2025-11-07T03:30:00,975.6541408839736,975.6541408839736,0
2025-11-07T03:45:00,975.6541408839736,975.6541408839736,0
2025-11-07T04:00:00,975.6541408839736,975.6541408839736,0
2025-11-07T04:15:00,975.6541408839736,975.6541408839736,0
2025-11-07T04:30:00,975.6541408839736,975.6541408839736,0
2025-11-07T04:45:00,975.6541408839736,975.6541408839736,0
2025-11-07T05:00:00,975.6541408839736,975.6541408839736,0
2025-11-07T05:15:00,975.6541408839736,975.6541408839736,0
2025-11-07T05:30:00,975.6541408839736,975.6541408839736,0
2025-11-07T05:45:00,975.6541408839736,975.6541408839736,0
2025-11-07T06:00:00,975.6541408839736,975.6541408839736,0
2025-11-07T06:15:00,975.6541408839736,975.6541408839736,0
2025-11-07T06:30:00,975.6541408839736,975.6541408839736,0
2025-11-07T06:45:00,975.6541408839736,975.6541408839736,0
2025-11-07T07:00:00,975.6541408839736,975.6541408839736,0
2025-11-07T07:15:00,975.6541408839736,975.6541408839736,0
2025-11-07T07:30:00,975.6541408839736,975.6541408839736,0
2025-11-07T07:45:00,975.6541408839736,975.6541408839736,0
2025-11-07T08:00:00,975.6541408839736,975.6541408839736,0
2025-11-07T08:15:00,975.6541408839736,975.6541408839736,0
2025-11-07T08:30:00,975.6541408839736,975.6541408839736,0
2025-11-07T08:45:00,975.6541408839736,975.6541408839736,0
2025-11-07T09:00:00,974.9117643290632,877.9326221330348,1
2025-11-07T09:15:00,976.318024294258,877.9326221330348,1
2025-11-07T09:30:00,976.5716854768043,877.9326221330348,1
2025-11-07T09:45:00,976.2894927126978,877.9326221330348,1
2025-11-07T10:00:00,976.5024000010427,877.9326221330348,1
2025-11-07T10:15:00,977.6209922229665,877.9326221330348,1
2025-11-07T10:30:00,976.554797865016,877.9326221330348,1
2025-11-07T10:45:00,977.225675593593,877.9326221330348,1
2025-11-07T11:00:00,979.7991856941289,877.9326221330348,1
2025-11-07T11:15:00,980.5138632560198,877.9326221330348,1
2025-11-07T11:30:00,979.6000815222685,877.9326221330348,1
2025-11-07T11:45:00,978.6096886364089,877.9326221330348,1
2025-11-07T12:00:00,979.0661553851803,877.9326221330348,1
2025-11-07T12:15:00,980.4599231443947,877.9326221330348,1
2025-11-07T12:30:00,980.9689805380958,877.9326221330348,1
2025-11-07T12:45:00,981.5924341513769,877.9326221330348,1
2025-11-07T13:00:00,980.0297131618969,877.9326221330348,1
2025-11-07T13:15:00,979.6567205672845,877.9326221330348,1
2025-11-07T13:30:00,979.1021321155916,979.1021321155916,0
2025-11-07T13:45:00,979.1021321155916,979.1021321155916,0
2025-11-07T14:00:00,979.1021321155916,979.1021321155916,0
2025-11-07T14:15:00,979.1021321155916,979.1021321155916,0
2025-11-07T14:30:00,979.1021321155916,979.1021321155916,0
2025-11-07T14:45:00,979.1021321155916,979.1021321155916,0
2025-11-07T15:00:00,979.1021321155916,979.1021321155916,0
2025-11-07T15:15:00,979.1021321155916,979.1021321155916,0
2025-11-07T15:30:00,979.1021321155916,979.1021321155916,0
2025-11-07T15:45:00,979.1021321155916,979.1021321155916,0
2025-11-07T16:00:00,979.1021321155916,979.1021321155916,0
2025-11-07T16:15:00,979.1021321155916,979.1021321155916,0
2025-11-07T16:30:00,979.1021321155916,979.1021321155916,0
2025-11-07T16:45:00,979.1021321155916,979.1021321155916,0
2025-11-07T17:00:00,979.1021321155916,979.1021321155916,0
2025-11-07T17:15:00,979.1021321155916,979.1021321155916,0
2025-11-07T17:30:00,979.1021321155916,979.1021321155916,0
2025-11-07T17:45:00,979.1021321155916,979.1021321155916,0
2025-11-07T18:00:00,979.1021321155916,979.1021321155916,0
2025-11-07T18:15:00,979.1021321155916,979.1021321155916,0
2025-11-07T18:30:00,979.1021321155916,979.1021321155916,0
2025-11-07T18:45:00,979.1021321155916,979.1021321155916,0
2025-11-07T19:00:00,979.1021321155916,979.1021321155916,0
2025-11-07T19:15:00,979.1021321155916,979.1021321155916,0
2025-11-07T19:30:00,979.1021321155916,979.1021321155916,0
2025-11-07T19:45:00,979.1021321155916,979.1021321155916,0
2025-11-07T20:00:00,979.1021321155916,979.1021321155916,0
2025-11-07T20:15:00,979.1021321155916,979.1021321155916,0
2025-11-07T20:30:00,979.1021321155916,979.1021321155916,0
2025-11-07T20:45:00,979.1021321155916,979.1021321155916,0
2025-11-07T21:00:00,979.1021321155916,979.1021321155916,0
2025-11-07T21:15:00,979.1021321155916,979.1021321155916,0
2025-11-07T21:30:00,979.1021321155916,979.1021321155916,0
2025-11-07T21:45:00,979.1021321155916,979.1021321155916,0
2025-11-07T22:00:00,979.1021321155916,979.1021321155916,0
2025-11-07T22:15:00,979.1021321155916,979.1021321155916,0
2025-11-07T22:30:00,979.1021321155916,979.1021321155916,0
2025-11-07T22:45:00,979.1021321155916,979.1021321155916,0
2025-11-07T23:00:00,979.1021321155916,979.1021321155916,0
2025-11-07T23:15:00,979.1021321155916,979.1021321155916,0
2025-11-07T23:30:00,979.1021321155916,979.1021321155916,0
2025-11-07T23:45:00,979.1021321155916,979.1021321155916,0
2025-11-08T00:00:00,979.1021321155916,979.1021321155916,0
2025-11-08T00:15:00,979.1021321155916,979.1021321155916,0
2025-11-08T00:30:00,979.1021321155916,979.1021321155916,0
2025-11-08T00:45:00,979.1021321155916,979.1021321155916,0
2025-11-08T01:00:00,979.1021321155916,979.1021321155916,0
2025-11-08T01:15:00,979.1021321155916,979.1021321155916,0
2025-11-08T01:30:00,979.1021321155916,979.1021321155916,0
2025-11-08T01:45:00,979.1021321155916,979.1021321155916,0
2025-11-08T02:00:00,979.1021321155916,979.1021321155916,0
2025-11-08T02:15:00,979.1021321155916,979.1021321155916,0
2025-11-08T02:30:00,979.1021321155916,979.1021321155916,0
2025-11-08T02:45:00,979.1021321155916,979.1021321155916,0
2025-11-08T03:00:00,979.1021321155916,979.1021321155916,0
2025-11-08T03:15:00,979.1021321155916,979.1021321155916,0
2025-11-08T03:30:00,979.1021321155916,979.1021321155916,0
2025-11-08T03:45:00,979.1021321155916,979.1021321155916,0
2025-11-08T04:00:00,979.1021321155916,979.1021321155916,0
2025-11-08T04:15:00,979.1021321155916,979.1021321155916,0
2025-11-08T04:30:00,979.1021321155916,979.1021321155916,0
2025-11-08T04:45:00,979.1021321155916,979.1021321155916,0
2025-11-08T05:00:00,979.1021321155916,979.1021321155916,0
2025-11-08T05:15:00,979.1021321155916,979.1021321155916,0
2025-11-08T05:30:00,979.1021321155916,979.1021321155916,0
2025-11-08T05:45:00,979.1021321155916,979.1021321155916,0
2025-11-08T06:00:00,979.1021321155916,979.1021321155916,0
2025-11-08T06:15:00,979.1021321155916,979.1021321155916,0
2025-11-08T06:30:00,979.1021321155916,979.1021321155916,0
2025-11-08T06:45:00,979.1021321155916,979.1021321155916,0
2025-11-08T07:00:00,979.1021321155916,979.1021321155916,0
2025-11-08T07:15:00,979.1021321155916,979.1021321155916,0
2025-11-08T07:30:00,979.1021321155916,979.1021321155916,0
2025-11-08T07:45:00,979.1021321155916,979.1021321155916,0
2025-11-08T08:00:00,979.1021321155916,979.1021321155916,0
2025-11-08T08:15:00,979.1021321155916,979.1021321155916,0
2025-11-08T08:30:00,979.1021321155916,979.1021321155916,0
2025-11-08T08:45:00,979.1021321155916,979.1021321155916,0
2025-11-08T09:00:00,979.1021321155916,979.1021321155916,0
2025-11-08T09:15:00,979.1021321155916,979.1021321155916,0
2025-11-08T09:30:00,979.1021321155916,979.1021321155916,0
2025-11-08T09:45:00,979.1021321155916,979.1021321155916,0
2025-11-08T10:00:00,979.1021321155916,979.1021321155916,0
2025-11-08T10:15:00,979.1021321155916,979.1021321155916,0
2025-11-08T10:30:00,979.1021321155916,979.1021321155916,0
2025-11-08T10:45:00,979.1021321155916,979.1021321155916,0
2025-11-08T11:00:00,979.1021321155916,979.1021321155916,0
2025-11-08T11:15:00,979.1021321155916,979.1021321155916,0
2025-11-08T11:30:00,979.1021321155916,979.1021321155916,0
2025-11-08T11:45:00,979.1021321155916,979.1021321155916,0
2025-11-08T12:00:00,979.1021321155916,979.1021321155916,0
2025-11-08T12:15:00,979.1021321155916,979.1021321155916,0
2025-11-08T12:30:00,979.1021321155916,979.1021321155916,0
2025-11-08T12:45:00,979.1021321155916,979.1021321155916,0
2025-11-08T13:00:00,979.1021321155916,979.1021321155916,0
2025-11-08T13:15:00,979.1021321155916,979.1021321155916,0
2025-11-08T13:30:00,979.1021321155916,979.1021321155916,0
2025-11-08T13:45:00,979.1021321155916,979.1021321155916,0
2025-11-08T14:00:00,979.1021321155916,979.1021321155916,0
2025-11-08T14:15:00,979.1021321155916,979.1021321155916,0
2025-11-08T14:30:00,979.1021321155916,979.1021321155916,0
2025-11-08T14:45:00,979.1021321155916,979.1021321155916,0
2025-11-08T15:00:00,979.1021321155916,979.1021321155916,0
2025-11-08T15:15:00,979.1021321155916,979.1021321155916,0
2025-11-08T15:30:00,979.1021321155916,979.1021321155916,0
2025-11-08T15:45:00,979.1021321155916,979.1021321155916,0
2025-11-08T16:00:00,979.1021321155916,979.1021321155916,0
2025-11-08T16:15:00,979.1021321155916,979.1021321155916,0
2025-11-08T16:30:00,979.1021321155916,979.1021321155916,0
2025-11-08T16:45:00,979.1021321155916,979.1021321155916,0
2025-11-08T17:00:00,979.1021321155916,979.1021321155916,0
2025-11-08T17:15:00,979.1021321155916,979.1021321155916,0
2025-11-08T17:30:00,979.1021321155916,979.1021321155916,0
2025-11-08T17:45:00,979.1021321155916,979.1021321155916,0
2025-11-08T18:00:00,979.1021321155916,979.1021321155916,0
2025-11-08T18:15:00,979.1021321155916,979.1021321155916,0
2025-11-08T18:30:00,979.1021321155916,979.1021321155916,0
2025-11-08T18:45:00,979.1021321155916,979.1021321155916,0
2025-11-08T19:00:00,979.1021321155916,979.1021321155916,0
2025-11-08T19:15:00,979.1021321155916,979.1021321155916,0
2025-11-08T19:30:00,979.1021321155916,979.1021321155916,0
2025-11-08T19:45:00,979.1021321155916,979.1021321155916,0
2025-11-08T20:00:00,979.1021321155916,979.1021321155916,0
2025-11-08T20:15:00,979.1021321155916,979.1021321155916,0
2025-11-08T20:30:00,979.1021321155916,979.1021321155916,0
2025-11-08T20:45:00,979.1021321155916,979.1021321155916,0
2025-11-08T21:00:00,979.1021321155916,979.1021321155916,0
2025-11-08T21:15:00,979.1021321155916,979.1021321155916,0
2025-11-08T21:30:00,979.1021321155916,979.1021321155916,0
2025-11-08T21:45:00,979.1021321155916,979.1021321155916,0
2025-11-08T22:00:00,979.1021321155916,979.1021321155916,0
2025-11-08T22:15:00,979.1021321155916,979.1021321155916,0
2025-11-08T22:30:00,979.1021321155916,979.1021321155916,0
2025-11-08T22:45:00,979.1021321155916,979.1021321155916,0
2025-11-08T23:00:00,979.1021321155916,979.1021321155916,0
2025-11-08T23:15:00,979.1021321155916,979.1021321155916,0
2025-11-08T23:30:00,979.1021321155916,979.1021321155916,0
2025-11-08T23:45:00,979.1021321155916,979.1021321155916,0
2025-11-09T00:00:00,979.1021321155916,979.1021321155916,0
2025-11-09T00:15:00,979.1021321155916,979.1021321155916,0
2025-11-09T00:30:00,979.1021321155916,979.1021321155916,0
2025-11-09T00:45:00,979.1021321155916,979.1021321155916,0
2025-11-09T01:00:00,979.1021321155916,979.1021321155916,0
2025-11-09T01:15:00,979.1021321155916,979.1021321155916,0
2025-11-09T01:30:00,979.1021321155916,979.1021321155916,0
2025-11-09T01:45:00,979.1021321155916,979.1021321155916,0
2025-11-09T02:00:00,979.1021321155916,979.1021321155916,0
2025-11-09T02:15:00,979.1021321155916,979.1021321155916,0
2025-11-09T02:30:00,979.1021321155916,979.1021321155916,0
2025-11-09T02:45:00,979.1021321155916,979.1021321155916,0
2025-11-09T03:00:00,979.1021321155916,979.1021321155916,0
2025-11-09T03:15:00,979.1021321155916,979.1021321155916,0
2025-11-09T03:30:00,979.1021321155916,979.1021321155916,0
2025-11-09T03:45:00,979.1021321155916,979.1021321155916,0
2025-11-09T04:00:00,979.1021321155916,979.1021321155916,0
2025-11-09T04:15:00,979.1021321155916,979.1021321155916,0
2025-11-09T04:30:00,979.1021321155916,979.1021321155916,0
2025-11-09T04:45:00,979.1021321155916,979.1021321155916,0
2025-11-09T05:00:00,979.1021321155916,979.1021321155916,0
2025-11-09T05:15:00,979.1021321155916,979.1021321155916,0
2025-11-09T05:30:00,979.1021321155916,979.1021321155916,0
2025-11-09T05:45:00,979.1021321155916,979.1021321155916,0
2025-11-09T06:00:00,979.1021321155916,979.1021321155916,0
2025-11-09T06:15:00,979.1021321155916,979.1021321155916,0
2025-11-09T06:30:00,979.1021321155916,979.1021321155916,0
2025-11-09T06:45:00,979.1021321155916,979.1021321155916,0
2025-11-09T07:00:00,979.1021321155916,979.1021321155916,0
2025-11-09T07:15:00,979.1021321155916,979.1021321155916,0
2025-11-09T07:30:00,979.1021321155916,979.1021321155916,0
2025-11-09T07:45:00,979.1021321155916,979.1021321155916,0
2025-11-09T08:00:00,979.1021321155916,979.1021321155916,0
2025-11-09T08:15:00,979.1021321155916,979.1021321155916,0
2025-11-09T08:30:00,979.1021321155916,979.1021321155916,0
2025-11-09T08:45:00,979.1021321155916,979.1021321155916,0
2025-11-09T09:00:00,979.1021321155916,979.1021321155916,0
2025-11-09T09:15:00,979.1021321155916,979.1021321155916,0
2025-11-09T09:30:00,979.1021321155916,979.1021321155916,0
2025-11-09T09:45:00,979.1021321155916,979.1021321155916,0
2025-11-09T10:00:00,979.1021321155916,979.1021321155916,0
2025-11-09T10:15:00,979.1021321155916,979.1021321155916,0
2025-11-09T10:30:00,979.1021321155916,979.1021321155916,0
2025-11-09T10:45:00,979.1021321155916,979.1021321155916,0
2025-11-09T11:00:00,979.1021321155916,979.1021321155916,0
2025-11-09T11:15:00,979.1021321155916,979.1021321155916,0
2025-11-09T11:30:00,979.1021321155916,979.1021321155916,0
2025-11-09T11:45:00,979.1021321155916,979.1021321155916,0
2025-11-09T12:00:00,979.1021321155916,979.1021321155916,0
2025-11-09T12:15:00,979.1021321155916,979.1021321155916,0
2025-11-09T12:30:00,979.1021321155916,979.1021321155916,0
2025-11-09T12:45:00,979.1021321155916,979.1021321155916,0
2025-11-09T13:00:00,979.1021321155916,979.1021321155916,0
2025-11-09T13:15:00,979.1021321155916,979.1021321155916,0
2025-11-09T13:30:00,979.1021321155916,979.1021321155916,0
2025-11-09T13:45:00,979.1021321155916,979.1021321155916,0
2025-11-09T14:00:00,979.1021321155916,979.1021321155916,0
2025-11-09T14:15:00,979.1021321155916,979.1021321155916,0
2025-11-09T14:30:00,979.1021321155916,979.1021321155916,0
2025-11-09T14:45:00,979.1021321155916,979.1021321155916,0
2025-11-09T15:00:00,979.1021321155916,979.1021321155916,0
2025-11-09T15:15:00,979.1021321155916,979.1021321155916,0
2025-11-09T15:30:00,979.1021321155916,979.1021321155916,0
2025-11-09T15:45:00,979.1021321155916,979.1021321155916,0
2025-11-09T16:00:00,979.1021321155916,979.1021321155916,0
2025-11-09T16:15:00,979.1021321155916,979.1021321155916,0
2025-11-09T16:30:00,979.1021321155916,979.1021321155916,0
2025-11-09T16:45:00,979.1021321155916,979.1021321155916,0
2025-11-09T17:00:00,979.1021321155916,979.1021321155916,0
2025-11-09T17:15:00,979.1021321155916,979.1021321155916,0
2025-11-09T17:30:00,979.1021321155916,979.1021321155916,0
2025-11-09T17:45:00,979.1021321155916,979.1021321155916,0
2025-11-09T18:00:00,979.1021321155916,979.1021321155916,0
2025-11-09T18:15:00,979.1021321155916,979.1021321155916,0
2025-11-09T18:30:00,979.1021321155916,979.1021321155916,0
2025-11-09T18:45:00,978.3588943672945,881.035262562894,1
2025-11-09T19:00:00,977.3067676574087,881.035262562894,1
2025-11-09T19:15:00,979.1965472231648,881.035262562894,1
2025-11-09T19:30:00,978.9754505721916,881.035262562894,1
2025-11-09T19:45:00,979.4549111383739,881.035262562894,1
2025-11-09T20:00:00,978.4671415514654,881.035262562894,1
2025-11-09T20:15:00,978.3179976606583,881.035262562894,1
2025-11-09T20:30:00,978.4986466081788,881.035262562894,1
2025-11-09T20:45:00,978.8096561466607,881.035262562894,1
2025-11-09T21:00:00,977.5598525838556,977.5598525838556,0
2025-11-09T21:15:00,977.5598525838556,977.5598525838556,0
2025-11-09T21:30:00,977.5598525838556,977.5598525838556,0
2025-11-09T21:45:00,977.5598525838556,977.5598525838556,0
2025-11-09T22:00:00,977.5598525838556,977.5598525838556,0
2025-11-09T22:15:00,977.5598525838556,977.5598525838556,0
2025-11-09T22:30:00,977.5598525838556,977.5598525838556,0
2025-11-09T22:45:00,977.5598525838556,977.5598525838556,0
2025-11-09T23:00:00,977.5598525838556,977.5598525838556,0
2025-11-09T23:15:00,977.5598525838556,977.5598525838556,0
2025-11-09T23:30:00,977.5598525838556,977.5598525838556,0
2025-11-09T23:45:00,977.5598525838556,977.5598525838556,0
2025-11-10T00:00:00,977.5598525838556,977.5598525838556,0
2025-11-10T00:15:00,977.5598525838556,977.5598525838556,0
2025-11-10T00:30:00,976.81778558203,879.6474577490566,1
2025-11-10T00:45:00,977.4028197954445,879.6474577490566,1
2025-11-10T01:00:00,977.7845976369192,879.6474577490566,1
2025-11-10T01:15:00,978.2276750191376,879.6474577490566,1
2025-11-10T01:30:00,976.7995032628608,879.6474577490566,1
2025-11-10T01:45:00,976.7500334580499,879.6474577490566,1
2025-11-10T02:00:00,976.9048954557185,879.6474577490566,1
2025-11-10T02:15:00,976.294050909359,879.6474577490566,1
2025-11-10T02:30:00,975.3366752930818,975.3366752930818,0
2025-11-10T02:45:00,975.3366752930818,975.3366752930818,0
2025-11-10T03:00:00,975.3366752930818,975.3366752930818,0
2025-11-10T03:15:00,975.3366752930818,975.3366752930818,0
2025-11-10T03:30:00,975.3366752930818,975.3366752930818,0
2025-11-10T03:45:00,975.3366752930818,975.3366752930818,0
2025-11-10T04:00:00,975.3366752930818,975.3366752930818,0
2025-11-10T04:15:00,975.3366752930818,975.3366752930818,0
2025-11-10T04:30:00,975.3366752930818,975.3366752930818,0
2025-11-10T04:45:00,975.3366752930818,975.3366752930818,0
2025-11-10T05:00:00,975.3366752930818,975.3366752930818,0
2025-11-10T05:15:00,975.3366752930818,975.3366752930818,0
2025-11-10T05:30:00,975.3366752930818,975.3366752930818,0
2025-11-10T05:45:00,975.3366752930818,975.3366752930818,0
2025-11-10T06:00:00,975.3366752930818,975.3366752930818,0
2025-11-10T06:15:00,975.3366752930818,975.3366752930818,0
2025-11-10T06:30:00,975.3366752930818,975.3366752930818,0
2025-11-10T06:45:00,975.3366752930818,975.3366752930818,0
2025-11-10T07:00:00,975.3366752930818,975.3366752930818,0
2025-11-10T07:15:00,975.3366752930818,975.3366752930818,0
2025-11-10T07:30:00,975.3366752930818,975.3366752930818,0
2025-11-10T07:45:00,975.3366752930818,975.3366752930818,0
2025-11-10T08:00:00,975.3366752930818,975.3366752930818,0
2025-11-10T08:15:00,975.3366752930818,975.3366752930818,0
2025-11-10T08:30:00,975.3366752930818,975.3366752930818,0
2025-11-10T08:45:00,975.3366752930818,975.3366752930818,0
2025-11-10T09:00:00,975.3366752930818,975.3366752930818,0
2025-11-10T09:15:00,975.3366752930818,975.3366752930818,0
2025-11-10T09:30:00,975.3366752930818,975.3366752930818,0
2025-11-10T09:45:00,974.5962959081344,877.6469538957267,1
2025-11-10T10:00:00,973.9170151032822,877.6469538957267,1
2025-11-10T10:15:00,973.4591454468471,877.6469538957267,1
2025-11-10T10:30:00,973.1248791014214,877.6469538957267,1
2025-11-10T10:45:00,972.3892129794256,972.3892129794256,0
2025-11-10T11:00:00,972.3892129794256,972.3892129794256,0
2025-11-10T11:15:00,972.3892129794256,972.3892129794256,0
2025-11-10T11:30:00,972.3892129794256,972.3892129794256,0
2025-11-10T11:45:00,972.3892129794256,972.3892129794256,0
2025-11-10T12:00:00,972.3892129794256,972.3892129794256,0
2025-11-10T12:15:00,972.3892129794256,972.3892129794256,0
2025-11-10T12:30:00,972.3892129794256,972.3892129794256,0
2025-11-10T12:45:00,972.3892129794256,972.3892129794256,0
2025-11-10T13:00:00,972.3892129794256,972.3892129794256,0
2025-11-10T13:15:00,972.3892129794256,972.3892129794256,0
2025-11-10T13:30:00,972.3892129794256,972.3892129794256,0
2025-11-10T13:45:00,972.3892129794256,972.3892129794256,0
2025-11-10T14:00:00,972.3892129794256,972.3892129794256,0
2025-11-10T14:15:00,972.3892129794256,972.3892129794256,0
2025-11-10T14:30:00,972.3892129794256,972.3892129794256,0
2025-11-10T14:45:00,972.3892129794256,972.3892129794256,0
2025-11-10T15:00:00,972.3892129794256,972.3892129794256,0
2025-11-10T15:15:00,972.3892129794256,972.3892129794256,0
2025-11-10T15:30:00,972.3892129794256,972.3892129794256,0
2025-11-10T15:45:00,972.3892129794256,972.3892129794256,0
2025-11-10T16:00:00,972.3892129794256,972.3892129794256,0
2025-11-10T16:15:00,972.3892129794256,972.3892129794256,0
2025-11-10T16:30:00,972.3892129794256,972.3892129794256,0
2025-11-10T16:45:00,972.3892129794256,972.3892129794256,0
2025-11-10T17:00:00,972.3892129794256,972.3892129794256,0
2025-11-10T17:15:00,972.3892129794256,972.3892129794256,0
2025-11-10T17:30:00,972.3892129794256,972.3892129794256,0
2025-11-10T17:45:00,972.3892129794256,972.3892129794256,0
2025-11-10T18:00:00,972.3892129794256,972.3892129794256,0
2025-11-10T18:15:00,972.3892129794256,972.3892129794256,0
2025-11-10T18:30:00,972.3892129794256,972.3892129794256,0
2025-11-10T18:45:00,972.3892129794256,972.3892129794256,0
2025-11-10T19:00:00,972.3892129794256,972.3892129794256,0
2025-11-10T19:15:00,972.3892129794256,972.3892129794256,0
2025-11-10T19:30:00,972.3892129794256,972.3892129794256,0
2025-11-10T19:45:00,972.3892129794256,972.3892129794256,0
2025-11-10T20:00:00,971.6510710170935,874.9947094074063,1
2025-11-10T20:15:00,970.9236092326684,874.9947094074063,1
2025-11-10T20:30:00,971.7240767552461,874.9947094074063,1
2025-11-10T20:45:00,970.8288516596632,874.9947094074063,1
2025-11-10T21:00:00,968.9953891439195,968.9953891439195,0
2025-11-10T21:15:00,968.9953891439195,968.9953891439195,0
2025-11-10T21:30:00,968.9953891439195,968.9953891439195,0
2025-11-10T21:45:00,968.9953891439195,968.9953891439195,0
2025-11-10T22:00:00,968.9953891439195,968.9953891439195,0
2025-11-10T22:15:00,968.9953891439195,968.9953891439195,0
2025-11-10T22:30:00,968.9953891439195,968.9953891439195,0
2025-11-10T22:45:00,968.9953891439195,968.9953891439195,0
2025-11-10T23:00:00,968.9953891439195,968.9953891439195,0
2025-11-10T23:15:00,968.9953891439195,968.9953891439195,0
2025-11-10T23:30:00,968.9953891439195,968.9953891439195,0
2025-11-10T23:45:00,968.9953891439195,968.9953891439195,0
2025-11-11T00:00:00,968.9953891439195,968.9953891439195,0
2025-11-11T00:15:00,968.9953891439195,968.9953891439195,0
2025-11-11T00:30:00,968.9953891439195,968.9953891439195,0
2025-11-11T00:45:00,968.9953891439195,968.9953891439195,0
2025-11-11T01:00:00,968.9953891439195,968.9953891439195,0
2025-11-11T01:15:00,968.9953891439195,968.9953891439195,0
2025-11-11T01:30:00,968.9953891439195,968.9953891439195,0
2025-11-11T01:45:00,968.9953891439195,968.9953891439195,0
2025-11-11T02:00:00,968.9953891439195,968.9953891439195,0
2025-11-11T02:15:00,968.9953891439195,968.9953891439195,0
2025-11-11T02:30:00,968.9953891439195,968.9953891439195,0
2025-11-11T02:45:00,968.9953891439195,968.9953891439195,0
2025-11-11T03:00:00,968.9953891439195,968.9953891439195,0
2025-11-11T03:15:00,968.9953891439195,968.9953891439195,0
2025-11-11T03:30:00,968.9953891439195,968.9953891439195,0
2025-11-11T03:45:00,968.9953891439195,968.9953891439195,0
2025-11-11T04:00:00,968.9953891439195,968.9953891439195,0
2025-11-11T04:15:00,968.9953891439195,968.9953891439195,0
2025-11-11T04:30:00,968.9953891439195,968.9953891439195,0
2025-11-11T04:45:00,968.9953891439195,968.9953891439195,0
2025-11-11T05:00:00,968.9953891439195,968.9953891439195,0
2025-11-11T05:15:00,968.9953891439195,968.9953891439195,0
2025-11-11T05:30:00,968.9953891439195,968.9953891439195,0
2025-11-11T05:45:00,968.9953891439195,968.9953891439195,0
2025-11-11T06:00:00,968.9953891439195,968.9953891439195,0
2025-11-11T06:15:00,968.9953891439195,968.9953891439195,0
2025-11-11T06:30:00,968.9953891439195,968.9953891439195,0
2025-11-11T06:45:00,968.9953891439195,968.9953891439195,0
2025-11-11T07:00:00,968.9953891439195,968.9953891439195,0
2025-11-11T07:15:00,968.9953891439195,968.9953891439195,0
2025-11-11T07:30:00,968.9953891439195,968.9953891439195,0
2025-11-11T07:45:00,968.9953891439195,968.9953891439195,0
2025-11-11T08:00:00,968.9953891439195,968.9953891439195,0
2025-11-11T08:15:00,968.9953891439195,968.9953891439195,0
2025-11-11T08:30:00,968.9953891439195,968.9953891439195,0
2025-11-11T08:45:00,968.9953891439195,968.9953891439195,0
2025-11-11T09:00:00,968.9953891439195,968.9953891439195,0
2025-11-11T09:15:00,968.9953891439195,968.9953891439195,0
2025-11-11T09:30:00,968.9953891439195,968.9953891439195,0
2025-11-11T09:45:00,968.9953891439195,968.9953891439195,0
2025-11-11T10:00:00,968.9953891439195,968.9953891439195,0
2025-11-11T10:15:00,968.9953891439195,968.9953891439195,0
2025-11-11T10:30:00,968.9953891439195,968.9953891439195,0
2025-11-11T10:45:00,968.9953891439195,968.9953891439195,0
2025-11-11T11:00:00,968.9953891439195,968.9953891439195,0
2025-11-11T11:15:00,968.9953891439195,968.9953891439195,0
2025-11-11T11:30:00,968.9953891439195,968.9953891439195,0
2025-11-11T11:45:00,968.9953891439195,968.9953891439195,0
2025-11-11T12:00:00,968.9953891439195,968.9953891439195,0
2025-11-11T12:15:00,968.9953891439195,968.9953891439195,0
2025-11-11T12:30:00,968.9953891439195,968.9953891439195,0
2025-11-11T12:45:00,968.9953891439195,968.9953891439195,0
2025-11-11T13:00:00,968.9953891439195,968.9953891439195,0
2025-11-11T13:15:00,968.9953891439195,968.9953891439195,0
2025-11-11T13:30:00,968.9953891439195,968.9953891439195,0
2025-11-11T13:45:00,968.9953891439195,968.9953891439195,0
2025-11-11T14:00:00,968.9953891439195,968.9953891439195,0
2025-11-11T14:15:00,968.9953891439195,968.9953891439195,0
2025-11-11T14:30:00,968.9953891439195,968.9953891439195,0
2025-11-11T14:45:00,968.9953891439195,968.9953891439195,0
2025-11-11T15:00:00,968.9953891439195,968.9953891439195,0
2025-11-11T15:15:00,968.9953891439195,968.9953891439195,0
2025-11-11T15:30:00,968.9953891439195,968.9953891439195,0
2025-11-11T15:45:00,968.9953891439195,968.9953891439195,0
2025-11-11T16:00:00,968.9953891439195,968.9953891439195,0
2025-11-11T16:15:00,968.9953891439195,968.9953891439195,0
2025-11-11T16:30:00,968.9953891439195,968.9953891439195,0
2025-11-11T16:45:00,968.9953891439195,968.9953891439195,0
2025-11-11T17:00:00,968.9953891439195,968.9953891439195,0
2025-11-11T17:15:00,968.9953891439195,968.9953891439195,0
2025-11-11T17:30:00,968.9953891439195,968.9953891439195,0
2025-11-11T17:45:00,968.9953891439195,968.9953891439195,0
2025-11-11T18:00:00,968.9953891439195,968.9953891439195,0
2025-11-11T18:15:00,968.9953891439195,968.9953891439195,0
2025-11-11T18:30:00,968.9953891439195,968.9953891439195,0
2025-11-11T18:45:00,968.9953891439195,968.9953891439195,0
2025-11-11T19:00:00,968.9953891439195,968.9953891439195,0
2025-11-11T19:15:00,968.9953891439195,968.9953891439195,0
2025-11-11T19:30:00,968.9953891439195,968.9953891439195,0
2025-11-11T19:45:00,968.9953891439195,968.9953891439195,0
2025-11-11T20:00:00,968.9953891439195,968.9953891439195,0
2025-11-11T20:15:00,968.9953891439195,968.9953891439195,0
2025-11-11T20:30:00,968.2580792422109,871.9408109672645,1
2025-11-11T20:45:00,967.7108717163977,871.9408109672645,1
2025-11-11T21:00:00,967.2224550817876,871.9408109672645,1
2025-11-11T21:15:00,967.3483132708413,967.3483132708413,0
2025-11-11T21:30:00,967.3483132708413,967.3483132708413,0
2025-11-11T21:45:00,967.3483132708413,967.3483132708413,0
2025-11-11T22:00:00,967.3483132708413,967.3483132708413,0
2025-11-11T22:15:00,967.3483132708413,967.3483132708413,0
2025-11-11T22:30:00,967.3483132708413,967.3483132708413,0
2025-11-11T22:45:00,967.3483132708413,967.3483132708413,0
2025-11-11T23:00:00,967.3483132708413,967.3483132708413,0
2025-11-11T23:15:00,967.3483132708413,967.3483132708413,0
2025-11-11T23:30:00,967.3483132708413,967.3483132708413,0
2025-11-11T23:45:00,967.3483132708413,967.3483132708413,0
2025-11-12T00:00:00,967.3483132708413,967.3483132708413,0
2025-11-12T00:15:00,967.3483132708413,967.3483132708413,0
2025-11-12T00:30:00,967.3483132708413,967.3483132708413,0
2025-11-12T00:45:00,967.3483132708413,967.3483132708413,0
2025-11-12T01:00:00,967.3483132708413,967.3483132708413,0
2025-11-12T01:15:00,967.3483132708413,967.3483132708413,0
2025-11-12T01:30:00,967.3483132708413,967.3483132708413,0
2025-11-12T01:45:00,967.3483132708413,967.3483132708413,0
2025-11-12T02:00:00,967.3483132708413,967.3483132708413,0
2025-11-12T02:15:00,967.3483132708413,967.3483132708413,0
2025-11-12T02:30:00,967.3483132708413,967.3483132708413,0
2025-11-12T02:45:00,967.3483132708413,967.3483132708413,0
2025-11-12T03:00:00,967.3483132708413,967.3483132708413,0
2025-11-12T03:15:00,967.3483132708413,967.3483132708413,0
2025-11-12T03:30:00,967.3483132708413,967.3483132708413,0
2025-11-12T03:45:00,967.3483132708413,967.3483132708413,0
2025-11-12T04:00:00,967.3483132708413,967.3483132708413,0
2025-11-12T04:15:00,967.3483132708413,967.3483132708413,0
2025-11-12T04:30:00,967.3483132708413,967.3483132708413,0
2025-11-12T04:45:00,967.3483132708413,967.3483132708413,0
2025-11-12T05:00:00,967.3483132708413,967.3483132708413,0
2025-11-12T05:15:00,967.3483132708413,967.3483132708413,0
2025-11-12T05:30:00,967.3483132708413,967.3483132708413,0
2025-11-12T05:45:00,967.3483132708413,967.3483132708413,0
2025-11-12T06:00:00,967.3483132708413,967.3483132708413,0
2025-11-12T06:15:00,967.3483132708413,967.3483132708413,0
2025-11-12T06:30:00,967.3483132708413,967.3483132708413,0
2025-11-12T06:45:00,967.3483132708413,967.3483132708413,0
2025-11-12T07:00:00,967.3483132708413,967.3483132708413,0
2025-11-12T07:15:00,967.3483132708413,967.3483132708413,0
2025-11-12T07:30:00,967.3483132708413,967.3483132708413,0
2025-11-12T07:45:00,966.6122566313915,870.4587062136338,1
2025-11-12T08:00:00,965.556480775608,870.4587062136338,1
2025-11-12T08:15:00,962.7527873874008,962.7527873874008,0
2025-11-12T08:30:00,962.7527873874008,962.7527873874008,0
2025-11-12T08:45:00,962.7527873874008,962.7527873874008,0
2025-11-12T09:00:00,962.7527873874008,962.7527873874008,0
2025-11-12T09:15:00,962.7527873874008,962.7527873874008,0
2025-11-12T09:30:00,962.7527873874008,962.7527873874008,0
2025-11-12T09:45:00,962.7527873874008,962.7527873874008,0
2025-11-12T10:00:00,962.7527873874008,962.7527873874008,0
2025-11-12T10:15:00,962.7527873874008,962.7527873874008,0
2025-11-12T10:30:00,962.7527873874008,962.7527873874008,0
2025-11-12T10:45:00,962.7527873874008,962.7527873874008,0
2025-11-12T11:00:00,962.7527873874008,962.7527873874008,0
2025-11-12T11:15:00,962.7527873874008,962.7527873874008,0
2025-11-12T11:30:00,962.7527873874008,962.7527873874008,0
2025-11-12T11:45:00,962.7527873874008,962.7527873874008,0
2025-11-12T12:00:00,962.7527873874008,962.7527873874008,0
2025-11-12T12:15:00,962.7527873874008,962.7527873874008,0
2025-11-12T12:30:00,962.7527873874008,962.7527873874008,0
2025-11-12T12:45:00,962.7527873874008,962.7527873874008,0
2025-11-12T13:00:00,962.7527873874008,962.7527873874008,0
2025-11-12T13:15:00,962.7527873874008,962.7527873874008,0
2025-11-12T13:30:00,962.7527873874008,962.7527873874008,0
2025-11-12T13:45:00,962.7527873874008,962.7527873874008,0
2025-11-12T14:00:00,962.7527873874008,962.7527873874008,0
2025-11-12T14:15:00,962.7527873874008,962.7527873874008,0
2025-11-12T14:30:00,962.7527873874008,962.7527873874008,0
2025-11-12T14:45:00,962.7527873874008,962.7527873874008,0
2025-11-12T15:00:00,962.7527873874008,962.7527873874008,0
2025-11-12T15:15:00,962.7527873874008,962.7527873874008,0
2025-11-12T15:30:00,962.7527873874008,962.7527873874008,0
2025-11-12T15:45:00,962.7527873874008,962.7527873874008,0
2025-11-12T16:00:00,962.7527873874008,962.7527873874008,0
2025-11-12T16:15:00,962.7527873874008,962.7527873874008,0
2025-11-12T16:30:00,962.7527873874008,962.7527873874008,0
2025-11-12T16:45:00,962.7527873874008,962.7527873874008,0
2025-11-12T17:00:00,962.7527873874008,962.7527873874008,0
2025-11-12T17:15:00,962.7527873874008,962.7527873874008,0
2025-11-12T17:30:00,962.7527873874008,962.7527873874008,0
2025-11-12T17:45:00,962.7527873874008,962.7527873874008,0
2025-11-12T18:00:00,962.7527873874008,962.7527873874008,0
2025-11-12T18:15:00,962.7527873874008,962.7527873874008,0
2025-11-12T18:30:00,962.7527873874008,962.7527873874008,0
2025-11-12T18:45:00,962.7527873874008,962.7527873874008,0
2025-11-12T19:00:00,962.7527873874008,962.7527873874008,0
2025-11-12T19:15:00,962.7527873874008,962.7527873874008,0
2025-11-12T19:30:00,962.7527873874008,962.7527873874008,0
2025-11-12T19:45:00,962.7527873874008,962.7527873874008,0
2025-11-12T20:00:00,962.7527873874008,962.7527873874008,0
2025-11-12T20:15:00,962.7527873874008,962.7527873874008,0
2025-11-12T20:30:00,962.7527873874008,962.7527873874008,0
2025-11-12T20:45:00,962.7527873874008,962.7527873874008,0
2025-11-12T21:00:00,962.7527873874008,962.7527873874008,0
2025-11-12T21:15:00,962.7527873874008,962.7527873874008,0
2025-11-12T21:30:00,962.7527873874008,962.7527873874008,0
2025-11-12T21:45:00,962.7527873874008,962.7527873874008,0
2025-11-12T22:00:00,962.7527873874008,962.7527873874008,0
2025-11-12T22:15:00,962.7527873874008,962.7527873874008,0
2025-11-12T22:30:00,962.7527873874008,962.7527873874008,0
2025-11-12T22:45:00,962.7527873874008,962.7527873874008,0
2025-11-12T23:00:00,962.7527873874008,962.7527873874008,0
2025-11-12T23:15:00,962.7527873874008,962.7527873874008,0
2025-11-12T23:30:00,962.7527873874008,962.7527873874008,0
2025-11-12T23:45:00,962.7527873874008,962.7527873874008,0
2025-11-13T00:00:00,962.7527873874008,962.7527873874008,0
2025-11-13T00:15:00,962.7527873874008,962.7527873874008,0
2025-11-13T00:30:00,962.7527873874008,962.7527873874008,0
2025-11-13T00:45:00,962.7527873874008,962.7527873874008,0
2025-11-13T01:00:00,962.7527873874008,962.7527873874008,0
2025-11-13T01:15:00,962.7527873874008,962.7527873874008,0
2025-11-13T01:30:00,962.7527873874008,962.7527873874008,0
2025-11-13T01:45:00,962.7527873874008,962.7527873874008,0
2025-11-13T02:00:00,962.7527873874008,962.7527873874008,0
2025-11-13T02:15:00,962.7527873874008,962.7527873874008,0
2025-11-13T02:30:00,962.7527873874008,962.7527873874008,0
2025-11-13T02:45:00,962.7527873874008,962.7527873874008,0
2025-11-13T03:00:00,962.7527873874008,962.7527873874008,0
2025-11-13T03:15:00,962.7527873874008,962.7527873874008,0
2025-11-13T03:30:00,962.7527873874008,962.7527873874008,0
2025-11-13T03:45:00,962.7527873874008,962.7527873874008,0
2025-11-13T04:00:00,962.7527873874008,962.7527873874008,0
2025-11-13T04:15:00,962.7527873874008,962.7527873874008,0
2025-11-13T04:30:00,962.7527873874008,962.7527873874008,0
2025-11-13T04:45:00,962.7527873874008,962.7527873874008,0
2025-11-13T05:00:00,962.7527873874008,962.7527873874008,0
2025-11-13T05:15:00,962.7527873874008,962.7527873874008,0
2025-11-13T05:30:00,962.7527873874008,962.7527873874008,0
2025-11-13T05:45:00,962.7527873874008,962.7527873874008,0
2025-11-13T06:00:00,962.0219604487254,866.3234682026787,1
2025-11-13T06:15:00,962.6054819333301,866.3234682026787,1
2025-11-13T06:30:00,963.0311477924355,866.3234682026787,1
2025-11-13T06:45:00,962.9930447104184,866.3234682026787,1
2025-11-13T07:00:00,963.6723682298091,866.3234682026787,1
2025-11-13T07:15:00,963.99896607567,866.3234682026787,1
2025-11-13T07:30:00,963.1552549738626,866.3234682026787,1
2025-11-13T07:45:00,962.7459190070502,866.3234682026787,1
2025-11-13T08:00:00,962.6348757394576,866.3234682026787,1
2025-11-13T08:15:00,963.227106499952,866.3234682026787,1
2025-11-13T08:30:00,963.265917727313,963.265917727313,0
2025-11-13T08:45:00,963.265917727313,963.265917727313,0
2025-11-13T09:00:00,963.265917727313,963.265917727313,0
2025-11-13T09:15:00,963.265917727313,963.265917727313,0
2025-11-13T09:30:00,963.265917727313,963.265917727313,0
2025-11-13T09:45:00,963.265917727313,963.265917727313,0
2025-11-13T10:00:00,963.265917727313,963.265917727313,0
2025-11-13T10:15:00,963.265917727313,963.265917727313,0
2025-11-13T10:30:00,963.265917727313,963.265917727313,0
2025-11-13T10:45:00,963.265917727313,963.265917727313,0
2025-11-13T11:00:00,963.265917727313,963.265917727313,0
2025-11-13T11:15:00,963.265917727313,963.265917727313,0
2025-11-13T11:30:00,963.265917727313,963.265917727313,0
2025-11-13T11:45:00,963.265917727313,963.265917727313,0
2025-11-13T12:00:00,963.265917727313,963.265917727313,0
2025-11-13T12:15:00,963.265917727313,963.265917727313,0
2025-11-13T12:30:00,963.265917727313,963.265917727313,0
2025-11-13T12:45:00,963.265917727313,963.265917727313,0
2025-11-13T13:00:00,963.265917727313,963.265917727313,0
2025-11-13T13:15:00,963.265917727313,963.265917727313,0
2025-11-13T13:30:00,963.265917727313,963.265917727313,0
2025-11-13T13:45:00,963.265917727313,963.265917727313,0
2025-11-13T14:00:00,963.265917727313,963.265917727313,0
2025-11-13T14:15:00,963.265917727313,963.265917727313,0
2025-11-13T14:30:00,963.265917727313,963.265917727313,0
2025-11-13T14:45:00,963.265917727313,963.265917727313,0
2025-11-13T15:00:00,963.265917727313,963.265917727313,0
2025-11-13T15:15:00,963.265917727313,963.265917727313,0
2025-11-13T15:30:00,963.265917727313,963.265917727313,0
2025-11-13T15:45:00,963.265917727313,963.265917727313,0
2025-11-13T16:00:00,963.265917727313,963.265917727313,0
2025-11-13T16:15:00,963.265917727313,963.265917727313,0
2025-11-13T16:30:00,963.265917727313,963.265917727313,0
2025-11-13T16:45:00,963.265917727313,963.265917727313,0
2025-11-13T17:00:00,962.5329673881517,866.7852034077453,1
2025-11-13T17:15:00,960.9567690914581,866.7852034077453,1
2025-11-13T17:30:00,964.4780382431354,866.7852034077453,1
2025-11-13T17:45:00,967.1913008385583,866.7852034077453,1
2025-11-13T18:00:00,969.5181255157723,866.7852034077453,1
2025-11-13T18:15:00,969.0391767019926,866.7852034077453,1
2025-11-13T18:30:00,970.6926625823279,866.7852034077453,1
2025-11-13T18:45:00,972.0838390878791,866.7852034077453,1
2025-11-13T19:00:00,972.4796451980444,866.7852034077453,1
2025-11-13T19:15:00,969.8963662660191,866.7852034077453,1
2025-11-13T19:30:00,972.2618347350541,866.7852034077453,1
2025-11-13T19:45:00,973.9609905511777,866.7852034077453,1
2025-11-13T20:00:00,976.1730548769237,866.7852034077453,1
2025-11-13T20:15:00,976.5676899630945,866.7852034077453,1
2025-11-13T20:30:00,975.6156474555077,866.7852034077453,1
2025-11-13T20:45:00,977.0103370330427,866.7852034077453,1
2025-11-13T21:00:00,974.400982812301,974.400982812301,0
2025-11-13T21:15:00,974.400982812301,974.400982812301,0
2025-11-13T21:30:00,974.400982812301,974.400982812301,0
2025-11-13T21:45:00,974.400982812301,974.400982812301,0
2025-11-13T22:00:00,974.400982812301,974.400982812301,0
2025-11-13T22:15:00,974.400982812301,974.400982812301,0
2025-11-13T22:30:00,974.400982812301,974.400982812301,0
2025-11-13T22:45:00,974.400982812301,974.400982812301,0
2025-11-13T23:00:00,974.400982812301,974.400982812301,0
2025-11-13T23:15:00,974.400982812301,974.400982812301,0
2025-11-13T23:30:00,974.400982812301,974.400982812301,0
2025-11-13T23:45:00,974.400982812301,974.400982812301,0
2025-11-14T00:00:00,974.400982812301,974.400982812301,0
2025-11-14T00:15:00,974.400982812301,974.400982812301,0
2025-11-14T00:30:00,974.400982812301,974.400982812301,0
2025-11-14T00:45:00,974.400982812301,974.400982812301,0
2025-11-14T01:00:00,974.400982812301,974.400982812301,0
2025-11-14T01:15:00,974.400982812301,974.400982812301,0
2025-11-14T01:30:00,974.400982812301,974.400982812301,0
2025-11-14T01:45:00,974.400982812301,974.400982812301,0
2025-11-14T02:00:00,974.400982812301,974.400982812301,0
2025-11-14T02:15:00,974.400982812301,974.400982812301,0
2025-11-14T02:30:00,974.400982812301,974.400982812301,0
2025-11-14T02:45:00,974.400982812301,974.400982812301,0
2025-11-14T03:00:00,974.400982812301,974.400982812301,0
2025-11-14T03:15:00,974.400982812301,974.400982812301,0
2025-11-14T03:30:00,974.400982812301,974.400982812301,0
2025-11-14T03:45:00,974.400982812301,974.400982812301,0
2025-11-14T04:00:00,974.400982812301,974.400982812301,0
2025-11-14T04:15:00,974.400982812301,974.400982812301,0
2025-11-14T04:30:00,974.400982812301,974.400982812301,0
2025-11-14T04:45:00,974.400982812301,974.400982812301,0
2025-11-14T05:00:00,974.400982812301,974.400982812301,0
2025-11-14T05:15:00,974.400982812301,974.400982812301,0
2025-11-14T05:30:00,974.400982812301,974.400982812301,0
2025-11-14T05:45:00,974.400982812301,974.400982812301,0
2025-11-14T06:00:00,974.400982812301,974.400982812301,0
2025-11-14T06:15:00,974.400982812301,974.400982812301,0
2025-11-14T06:30:00,974.400982812301,974.400982812301,0
2025-11-14T06:45:00,974.400982812301,974.400982812301,0
2025-11-14T07:00:00,974.400982812301,974.400982812301,0
2025-11-14T07:15:00,974.400982812301,974.400982812301,0
2025-11-14T07:30:00,974.400982812301,974.400982812301,0
2025-11-14T07:45:00,974.400982812301,974.400982812301,0
2025-11-14T08:00:00,974.400982812301,974.400982812301,0
2025-11-14T08:15:00,974.400982812301,974.400982812301,0
2025-11-14T08:30:00,974.400982812301,974.400982812301,0
2025-11-14T08:45:00,974.400982812301,974.400982812301,0
2025-11-14T09:00:00,974.400982812301,974.400982812301,0
2025-11-14T09:15:00,974.400982812301,974.400982812301,0
2025-11-14T09:30:00,974.400982812301,974.400982812301,0
2025-11-14T09:45:00,974.400982812301,974.400982812301,0
2025-11-14T10:00:00,974.400982812301,974.400982812301,0
2025-11-14T10:15:00,974.400982812301,974.400982812301,0
2025-11-14T10:30:00,974.400982812301,974.400982812301,0
2025-11-14T10:45:00,974.400982812301,974.400982812301,0
2025-11-14T11:00:00,974.400982812301,974.400982812301,0
2025-11-14T11:15:00,974.400982812301,974.400982812301,0
2025-11-14T11:30:00,973.6595597870617,876.8049803738209,1
2025-11-14T11:45:00,972.8372524963769,876.8049803738209,1
2025-11-14T12:00:00,975.6823610800319,876.8049803738209,1
2025-11-14T12:15:00,975.727146348511,876.8049803738209,1
2025-11-14T12:30:00,980.4221353273978,876.8049803738209,1
2025-11-14T12:45:00,975.0678076736806,876.8049803738209,1
2025-11-14T13:00:00,975.9075314576627,876.8049803738209,1
2025-11-14T13:15:00,977.8320539670262,876.8049803738209,1
2025-11-14T13:30:00,979.8461470133478,876.8049803738209,1
2025-11-14T13:45:00,975.6500161639082,876.8049803738209,1
2025-11-14T14:00:00,973.9743007016505,876.8049803738209,1
2025-11-14T14:15:00,973.7544795068413,973.7544795068413,0
2025-11-14T14:30:00,973.7544795068413,973.7544795068413,0
2025-11-14T14:45:00,973.7544795068413,973.7544795068413,0
2025-11-14T15:00:00,973.7544795068413,973.7544795068413,0
2025-11-14T15:15:00,973.7544795068413,973.7544795068413,0
2025-11-14T15:30:00,973.7544795068413,973.7544795068413,0
2025-11-14T15:45:00,973.7544795068413,973.7544795068413,0
2025-11-14T16:00:00,973.7544795068413,973.7544795068413,0
2025-11-14T16:15:00,973.7544795068413,973.7544795068413,0
2025-11-14T16:30:00,973.7544795068413,973.7544795068413,0
2025-11-14T16:45:00,973.7544795068413,973.7544795068413,0
2025-11-14T17:00:00,973.7544795068413,973.7544795068413,0
2025-11-14T17:15:00,973.7544795068413,973.7544795068413,0
2025-11-14T17:30:00,973.7544795068413,973.7544795068413,0
2025-11-14T17:45:00,973.7544795068413,973.7544795068413,0
2025-11-14T18:00:00,973.7544795068413,973.7544795068413,0
2025-11-14T18:15:00,973.7544795068413,973.7544795068413,0
2025-11-14T18:30:00,973.7544795068413,973.7544795068413,0
2025-11-14T18:45:00,973.7544795068413,973.7544795068413,0
2025-11-14T19:00:00,973.7544795068413,973.7544795068413,0
2025-11-14T19:15:00,973.7544795068413,973.7544795068413,0
2025-11-14T19:30:00,973.7544795068413,973.7544795068413,0
2025-11-14T19:45:00,973.7544795068413,973.7544795068413,0
2025-11-14T20:00:00,973.7544795068413,973.7544795068413,0
2025-11-14T20:15:00,973.7544795068413,973.7544795068413,0
2025-11-14T20:30:00,973.0135484068412,876.2232308394362,1
2025-11-14T20:45:00,972.0901521963982,876.2232308394362,1
2025-11-14T21:00:00,969.3872555965993,876.2232308394362,1
2025-11-14T21:15:00,969.3511172833701,876.2232308394362,1
2025-11-14T21:30:00,968.1897066651069,876.2232308394362,1
2025-11-14T21:45:00,968.3903366109657,876.2232308394362,1
2025-11-14T22:00:00,971.0894947645685,876.2232308394362,1
2025-11-14T22:15:00,968.1884605163749,876.2232308394362,1
2025-11-14T22:30:00,967.5466939193733,876.2232308394362,1
2025-11-14T22:45:00,969.4595322230576,876.2232308394362,1
2025-11-14T23:00:00,974.0889747625935,876.2232308394362,1
2025-11-14T23:15:00,975.9220595474271,876.2232308394362,1
2025-11-14T23:30:00,974.2210665281899,876.2232308394362,1
2025-11-14T23:45:00,975.2491392321245,876.2232308394362,1
2025-11-15T00:00:00,971.3636474856178,876.2232308394362,1
2025-11-15T00:15:00,971.2116173403086,876.2232308394362,1
2025-11-15T00:30:00,972.4178893129252,876.2232308394362,1
2025-11-15T00:45:00,971.6527539914515,876.2232308394362,1
2025-11-15T01:00:00,970.6397584664473,970.6397584664473,0
2025-11-15T01:15:00,970.6397584664473,970.6397584664473,0
2025-11-15T01:30:00,970.6397584664473,970.6397584664473,0
2025-11-15T01:45:00,970.6397584664473,970.6397584664473,0
2025-11-15T02:00:00,970.6397584664473,970.6397584664473,0
2025-11-15T02:15:00,970.6397584664473,970.6397584664473,0
2025-11-15T02:30:00,970.6397584664473,970.6397584664473,0
2025-11-15T02:45:00,970.6397584664473,970.6397584664473,0
2025-11-15T03:00:00,970.6397584664473,970.6397584664473,0
2025-11-15T03:15:00,970.6397584664473,970.6397584664473,0
2025-11-15T03:30:00,970.6397584664473,970.6397584664473,0
2025-11-15T03:45:00,970.6397584664473,970.6397584664473,0
2025-11-15T04:00:00,970.6397584664473,970.6397584664473,0
2025-11-15T04:15:00,970.6397584664473,970.6397584664473,0
2025-11-15T04:30:00,970.6397584664473,970.6397584664473,0
2025-11-15T04:45:00,970.6397584664473,970.6397584664473,0
2025-11-15T05:00:00,970.6397584664473,970.6397584664473,0
2025-11-15T05:15:00,970.6397584664473,970.6397584664473,0
2025-11-15T05:30:00,970.6397584664473,970.6397584664473,0
2025-11-15T05:45:00,970.6397584664473,970.6397584664473,0
2025-11-15T06:00:00,970.6397584664473,970.6397584664473,0
2025-11-15T06:15:00,970.6397584664473,970.6397584664473,0
2025-11-15T06:30:00,970.6397584664473,970.6397584664473,0
2025-11-15T06:45:00,970.6397584664473,970.6397584664473,0
2025-11-15T07:00:00,970.6397584664473,970.6397584664473,0
2025-11-15T07:15:00,970.6397584664473,970.6397584664473,0
2025-11-15T07:30:00,970.6397584664473,970.6397584664473,0
2025-11-15T07:45:00,970.6397584664473,970.6397584664473,0
2025-11-15T08:00:00,970.6397584664473,970.6397584664473,0
2025-11-15T08:15:00,970.6397584664473,970.6397584664473,0
2025-11-15T08:30:00,969.9011973618981,873.4204802584479,1
2025-11-15T08:45:00,970.569244358199,873.4204802584479,1
2025-11-15T09:00:00,968.5342324360105,873.4204802584479,1
2025-11-15T09:15:00,968.582391091936,873.4204802584479,1
2025-11-15T09:30:00,968.3218404150053,873.4204802584479,1
2025-11-15T09:45:00,969.3973837306766,873.4204802584479,1
2025-11-15T10:00:00,969.5653216077503,873.4204802584479,1
2025-11-15T10:15:00,968.6787084037871,873.4204802584479,1
2025-11-15T10:30:00,967.2111113166866,967.2111113166866,0
2025-11-15T10:45:00,967.2111113166866,967.2111113166866,0
2025-11-15T11:00:00,967.2111113166866,967.2111113166866,0
2025-11-15T11:15:00,967.2111113166866,967.2111113166866,0
2025-11-15T11:30:00,967.2111113166866,967.2111113166866,0
2025-11-15T11:45:00,967.2111113166866,967.2111113166866,0
2025-11-15T12:00:00,967.2111113166866,967.2111113166866,0
2025-11-15T12:15:00,967.2111113166866,967.2111113166866,0
2025-11-15T12:30:00,967.2111113166866,967.2111113166866,0
2025-11-15T12:45:00,967.2111113166866,967.2111113166866,0
2025-11-15T13:00:00,967.2111113166866,967.2111113166866,0
2025-11-15T13:15:00,967.2111113166866,967.2111113166866,0
2025-11-15T13:30:00,967.2111113166866,967.2111113166866,0
2025-11-15T13:45:00,967.2111113166866,967.2111113166866,0
2025-11-15T14:00:00,967.2111113166866,967.2111113166866,0
2025-11-15T14:15:00,967.2111113166866,967.2111113166866,0
2025-11-15T14:30:00,967.2111113166866,967.2111113166866,0
2025-11-15T14:45:00,967.2111113166866,967.2111113166866,0
2025-11-15T15:00:00,967.2111113166866,967.2111113166866,0
2025-11-15T15:15:00,967.2111113166866,967.2111113166866,0
2025-11-15T15:30:00,967.2111113166866,967.2111113166866,0
2025-11-15T15:45:00,967.2111113166866,967.2111113166866,0
2025-11-15T16:00:00,967.2111113166866,967.2111113166866,0
2025-11-15T16:15:00,967.2111113166866,967.2111113166866,0
2025-11-15T16:30:00,967.2111113166866,967.2111113166866,0
2025-11-15T16:45:00,967.2111113166866,967.2111113166866,0
2025-11-15T17:00:00,967.2111113166866,967.2111113166866,0
2025-11-15T17:15:00,967.2111113166866,967.2111113166866,0
2025-11-15T17:30:00,967.2111113166866,967.2111113166866,0
2025-11-15T17:45:00,967.2111113166866,967.2111113166866,0
2025-11-15T18:00:00,966.4769000583067,870.3352464072073,1
2025-11-15T18:15:00,964.4437159159588,870.3352464072073,1
2025-11-15T18:30:00,964.4580678040224,870.3352464072073,1
2025-11-15T18:45:00,963.8576804866938,870.3352464072073,1
2025-11-15T19:00:00,964.2990010446505,870.3352464072073,1
2025-11-15T19:15:00,963.1317141488084,870.3352464072073,1
2025-11-15T19:30:00,962.2379754354498,962.2379754354498,0
2025-11-15T19:45:00,962.2379754354498,962.2379754354498,0
2025-11-15T20:00:00,961.5058072589683,865.8602198158352,1
2025-11-15T20:15:00,962.1040036442066,865.8602198158352,1
2025-11-15T20:30:00,963.2053476006823,865.8602198158352,1
2025-11-15T20:45:00,963.8990350744366,865.8602198158352,1
2025-11-15T21:00:00,962.7561575203032,865.8602198158352,1
2025-11-15T21:15:00,963.341648564922,865.8602198158352,1
2025-11-15T21:30:00,964.1087134014308,865.8602198158352,1
2025-11-15T21:45:00,963.889104001231,865.8602198158352,1
2025-11-15T22:00:00,962.8231822127478,865.8602198158352,1
2025-11-15T22:15:00,962.552188555233,865.8602198158352,1
2025-11-15T22:30:00,963.0522402048639,865.8602198158352,1
2025-11-15T22:45:00,962.5235613320652,865.8602198158352,1
2025-11-15T23:00:00,962.535834046388,962.535834046388,0
2025-11-15T23:15:00,962.535834046388,962.535834046388,0
2025-11-15T23:30:00,962.535834046388,962.535834046388,0
2025-11-15T23:45:00,962.535834046388,962.535834046388,0
2025-11-16T00:00:00,962.535834046388,962.535834046388,0
2025-11-16T00:15:00,962.535834046388,962.535834046388,0
2025-11-16T00:30:00,962.535834046388,962.535834046388,0
2025-11-16T00:45:00,962.535834046388,962.535834046388,0
2025-11-16T01:00:00,962.535834046388,962.535834046388,0
2025-11-16T01:15:00,962.535834046388,962.535834046388,0
2025-11-16T01:30:00,962.535834046388,962.535834046388,0
2025-11-16T01:45:00,962.535834046388,962.535834046388,0
2025-11-16T02:00:00,962.535834046388,962.535834046388,0
2025-11-16T02:15:00,962.535834046388,962.535834046388,0
2025-11-16T02:30:00,962.535834046388,962.535834046388,0
2025-11-16T02:45:00,962.535834046388,962.535834046388,0
2025-11-16T03:00:00,962.535834046388,962.535834046388,0
2025-11-16T03:15:00,962.535834046388,962.535834046388,0
2025-11-16T03:30:00,962.535834046388,962.535834046388,0
2025-11-16T03:45:00,962.535834046388,962.535834046388,0
2025-11-16T04:00:00,962.535834046388,962.535834046388,0
2025-11-16T04:15:00,962.535834046388,962.535834046388,0
2025-11-16T04:30:00,962.535834046388,962.535834046388,0
2025-11-16T04:45:00,962.535834046388,962.535834046388,0
2025-11-16T05:00:00,962.535834046388,962.535834046388,0
2025-11-16T05:15:00,962.535834046388,962.535834046388,0
2025-11-16T05:30:00,962.535834046388,962.535834046388,0
2025-11-16T05:45:00,962.535834046388,962.535834046388,0
2025-11-16T06:00:00,962.535834046388,962.535834046388,0
2025-11-16T06:15:00,962.535834046388,962.535834046388,0
2025-11-16T06:30:00,962.535834046388,962.535834046388,0
2025-11-16T06:45:00,962.535834046388,962.535834046388,0
2025-11-16T07:00:00,962.535834046388,962.535834046388,0
2025-11-16T07:15:00,962.535834046388,962.535834046388,0
2025-11-16T07:30:00,962.535834046388,962.535834046388,0
2025-11-16T07:45:00,961.8051717972862,866.1282449083018,1
2025-11-16T08:00:00,960.4649312540349,960.4649312540349,0
2025-11-16T08:15:00,960.4649312540349,960.4649312540349,0
2025-11-16T08:30:00,960.4649312540349,960.4649312540349,0
2025-11-16T08:45:00,960.4649312540349,960.4649312540349,0
2025-11-16T09:00:00,960.4649312540349,960.4649312540349,0
2025-11-16T09:15:00,960.4649312540349,960.4649312540349,0
2025-11-16T09:30:00,960.4649312540349,960.4649312540349,0
2025-11-16T09:45:00,960.4649312540349,960.4649312540349,0
2025-11-16T10:00:00,960.4649312540349,960.4649312540349,0
2025-11-16T10:15:00,960.4649312540349,960.4649312540349,0
2025-11-16T10:30:00,960.4649312540349,960.4649312540349,0
2025-11-16T10:45:00,960.4649312540349,960.4649312540349,0
2025-11-16T11:00:00,960.4649312540349,960.4649312540349,0
2025-11-16T11:15:00,960.4649312540349,960.4649312540349,0
2025-11-16T11:30:00,960.4649312540349,960.4649312540349,0
2025-11-16T11:45:00,960.4649312540349,960.4649312540349,0
2025-11-16T12:00:00,960.4649312540349,960.4649312540349,0
2025-11-16T12:15:00,960.4649312540349,960.4649312540349,0
2025-11-16T12:30:00,960.4649312540349,960.4649312540349,0
2025-11-16T12:45:00,960.4649312540349,960.4649312540349,0
2025-11-16T13:00:00,960.4649312540349,960.4649312540349,0
2025-11-16T13:15:00,960.4649312540349,960.4649312540349,0
2025-11-16T13:30:00,960.4649312540349,960.4649312540349,0
2025-11-16T13:45:00,960.4649312540349,960.4649312540349,0
2025-11-16T14:00:00,960.4649312540349,960.4649312540349,0
2025-11-16T14:15:00,960.4649312540349,960.4649312540349,0
2025-11-16T14:30:00,960.4649312540349,960.4649312540349,0
2025-11-16T14:45:00,960.4649312540349,960.4649312540349,0
2025-11-16T15:00:00,960.4649312540349,960.4649312540349,0
2025-11-16T15:15:00,960.4649312540349,960.4649312540349,0
2025-11-16T15:30:00,960.4649312540349,960.4649312540349,0
2025-11-16T15:45:00,960.4649312540349,960.4649312540349,0
2025-11-16T16:00:00,960.4649312540349,960.4649312540349,0
2025-11-16T16:15:00,960.4649312540349,960.4649312540349,0
2025-11-16T16:30:00,960.4649312540349,960.4649312540349,0
2025-11-16T16:45:00,960.4649312540349,960.4649312540349,0
2025-11-16T17:00:00,959.7341121892682,864.2647637396308,1
2025-11-16T17:15:00,958.885672241097,864.2647637396308,1
2025-11-16T17:30:00,960.9030738956375,864.2647637396308,1
2025-11-16T17:45:00,957.3773345554594,864.2647637396308,1
2025-11-16T18:00:00,952.6901751973404,864.2647637396308,1
2025-11-16T18:15:00,955.230419064967,955.230419064967,0
2025-11-16T18:30:00,955.230419064967,955.230419064967,0
2025-11-16T18:45:00,955.230419064967,955.230419064967,0
2025-11-16T19:00:00,955.230419064967,955.230419064967,0
2025-11-16T19:15:00,955.230419064967,955.230419064967,0
2025-11-16T19:30:00,955.230419064967,955.230419064967,0
2025-11-16T19:45:00,955.230419064967,955.230419064967,0
2025-11-16T20:00:00,955.230419064967,955.230419064967,0
2025-11-16T20:15:00,955.230419064967,955.230419064967,0
2025-11-16T20:30:00,955.230419064967,955.230419064967,0
2025-11-16T20:45:00,955.230419064967,955.230419064967,0
2025-11-16T21:00:00,955.230419064967,955.230419064967,0
2025-11-16T21:15:00,955.230419064967,955.230419064967,0
2025-11-16T21:30:00,955.230419064967,955.230419064967,0
2025-11-16T21:45:00,955.230419064967,955.230419064967,0
2025-11-16T22:00:00,955.230419064967,955.230419064967,0
2025-11-16T22:15:00,955.230419064967,955.230419064967,0
2025-11-16T22:30:00,955.230419064967,955.230419064967,0
2025-11-16T22:45:00,955.230419064967,955.230419064967,0
2025-11-16T23:00:00,955.230419064967,955.230419064967,0
2025-11-16T23:15:00,955.230419064967,955.230419064967,0
2025-11-16T23:30:00,955.230419064967,955.230419064967,0
2025-11-16T23:45:00,955.230419064967,955.230419064967,0
2025-11-17T00:00:00,955.230419064967,955.230419064967,0
2025-11-17T00:15:00,955.230419064967,955.230419064967,0
2025-11-17T00:30:00,955.230419064967,955.230419064967,0
2025-11-17T00:45:00,955.230419064967,955.230419064967,0
2025-11-17T01:00:00,955.230419064967,955.230419064967,0
2025-11-17T01:15:00,955.230419064967,955.230419064967,0
2025-11-17T01:30:00,955.230419064967,955.230419064967,0
2025-11-17T01:45:00,955.230419064967,955.230419064967,0
2025-11-17T02:00:00,955.230419064967,955.230419064967,0
2025-11-17T02:15:00,955.230419064967,955.230419064967,0
2025-11-17T02:30:00,955.230419064967,955.230419064967,0
2025-11-17T02:45:00,955.230419064967,955.230419064967,0
2025-11-17T03:00:00,955.230419064967,955.230419064967,0
2025-11-17T03:15:00,955.230419064967,955.230419064967,0
2025-11-17T03:30:00,955.230419064967,955.230419064967,0
2025-11-17T03:45:00,955.230419064967,955.230419064967,0
2025-11-17T04:00:00,955.230419064967,955.230419064967,0
2025-11-17T04:15:00,955.230419064967,955.230419064967,0
2025-11-17T04:30:00,955.230419064967,955.230419064967,0
2025-11-17T04:45:00,955.230419064967,955.230419064967,0
2025-11-17T05:00:00,955.230419064967,955.230419064967,0
2025-11-17T05:15:00,955.230419064967,955.230419064967,0
2025-11-17T05:30:00,955.230419064967,955.230419064967,0
2025-11-17T05:45:00,955.230419064967,955.230419064967,0
2025-11-17T06:00:00,955.230419064967,955.230419064967,0
