timestamp,equity,cash,open_positions
2025-12-17T06:00:00,1000.0,1000.0,0
2025-12-17T06:15:00,1000.0,1000.0,0
2025-12-17T06:30:00,1000.0,1000.0,0
2025-12-17T06:45:00,1000.0,1000.0,0
2025-12-17T07:00:00,1000.0,1000.0,0
2025-12-17T07:15:00,1000.0,1000.0,0
2025-12-17T07:30:00,1000.0,1000.0,0
2025-12-17T07:45:00,1000.0,1000.0,0
2025-12-17T08:00:00,1000.0,1000.0,0
2025-12-17T08:15:00,1000.0,1000.0,0
2025-12-17T08:30:00,1000.0,1000.0,0
2025-12-17T08:45:00,1000.0,1000.0,0
2025-12-17T09:00:00,1000.0,1000.0,0
2025-12-17T09:15:00,1000.0,1000.0,0
2025-12-17T09:30:00,1000.0,1000.0,0
2025-12-17T09:45:00,1000.0,1000.0,0
2025-12-17T10:00:00,1000.0,1000.0,0
2025-12-17T10:15:00,1000.0,1000.0,0
2025-12-17T10:30:00,1000.0,1000.0,0
2025-12-17T10:45:00,1000.0,1000.0,0
2025-12-17T11:00:00,1000.0,1000.0,0
2025-12-17T11:15:00,1000.0,1000.0,0
2025-12-17T11:30:00,1000.0,1000.0,0
2025-12-17T11:45:00,1000.0,1000.0,0
2025-12-17T12:00:00,1000.0,1000.0,0
2025-12-17T12:15:00,1000.0,1000.0,0
2025-12-17T12:30:00,1000.0,1000.0,0
2025-12-17T12:45:00,1000.0,1000.0,0
2025-12-17T13:00:00,1000.0,1000.0,0
2025-12-17T13:15:00,1000.0,1000.0,0
2025-12-17T13:30:00,1000.0,1000.0,0
2025-12-17T13:45:00,1000.0,1000.0,0
2025-12-17T14:00:00,1000.0,1000.0,0
2025-12-17T14:15:00,1000.0,1000.0,0
2025-12-17T14:30:00,1000.0,1000.0,0
2025-12-17T14:45:00,1000.0,1000.0,0
2025-12-17T15:00:00,1000.0,1000.0,0
2025-12-17T15:15:00,1000.0,1000.0,0
2025-12-17T15:30:00,1000.0,1000.0,0
2025-12-17T15:45:00,1000.0,1000.0,0
2025-12-17T16:00:00,1000.0,1000.0,0
2025-12-17T16:15:00,1000.0,1000.0,0
2025-12-17T16:30:00,1000.0,1000.0,0
2025-12-17T16:45:00,1000.0,1000.0,0
2025-12-17T17:00:00,1000.0,1000.0,0
2025-12-17T17:15:00,1000.0,1000.0,0
2025-12-17T17:30:00,1000.0,1000.0,0
2025-12-17T17:45:00,1000.0,1000.0,0
2025-12-17T18:00:00,1000.0,1000.0,0
2025-12-17T18:15:00,1000.0,1000.0,0
2025-12-17T18:30:00,1000.0,1000.0,0
2025-12-17T18:45:00,1000.0,1000.0,0
2025-12-17T19:00:00,1000.0,1000.0,0
2025-12-17T19:15:00,1000.0,1000.0,0
2025-12-17T19:30:00,1000.0,1000.0,0
2025-12-17T19:45:00,1000.0,1000.0,0
2025-12-17T20:00:00,1000.0,1000.0,0
2025-12-17T20:15:00,1000.0,1000.0,0
2025-12-17T20:30:00,1000.0,1000.0,0
2025-12-17T20:45:00,1000.0,1000.0,0
2025-12-17T21:00:00,1000.0,1000.0,0
2025-12-17T21:15:00,1000.0,1000.0,0
2025-12-17T21:30:00,1000.0,1000.0,0
2025-12-17T21:45:00,1000.0,1000.0,0
2025-12-17T22:00:00,1000.0,1000.0,0
2025-12-17T22:15:00,1000.0,1000.0,0
2025-12-17T22:30:00,1000.0,1000.0,0
2025-12-17T22:45:00,1000.0,1000.0,0
2025-12-17T23:00:00,1000.0,1000.0,0
2025-12-17T23:15:00,1000.0,1000.0,0
2025-12-17T23:30:00,1000.0,1000.0,0
2025-12-17T23:45:00,1000.0,1000.0,0
2025-12-18T00:00:00,1000.0,1000.0,0
2025-12-18T00:15:00,1000.0,1000.0,0
2025-12-18T00:30:00,1000.0,1000.0,0
2025-12-18T00:45:00,1000.0,1000.0,0
2025-12-18T01:00:00,1000.0,1000.0,0
2025-12-18T01:15:00,1000.0,1000.0,0
2025-12-18T01:30:00,1000.0,1000.0,0
2025-12-18T01:45:00,1000.0,1000.0,0
2025-12-18T02:00:00,1000.0,1000.0,0
2025-12-18T02:15:00,1000.0,1000.0,0
2025-12-18T02:30:00,1000.0,1000.0,0
2025-12-18T02:45:00,1000.0,1000.0,0
2025-12-18T03:00:00,1000.0,1000.0,0
2025-12-18T03:15:00,1000.0,1000.0,0
2025-12-18T03:30:00,1000.0,1000.0,0
2025-12-18T03:45:00,1000.0,1000.0,0
2025-12-18T04:00:00,1000.0,1000.0,0
2025-12-18T04:15:00,1000.0,1000.0,0
2025-12-18T04:30:00,1000.0,1000.0,0
2025-12-18T04:45:00,1000.0,1000.0,0
2025-12-18T05:00:00,1000.0,1000.0,0
2025-12-18T05:15:00,1000.0,1000.0,0
2025-12-18T05:30:00,1000.0,1000.0,0
2025-12-18T05:45:00,1000.0,1000.0,0
2025-12-18T06:00:00,1000.0,1000.0,0
2025-12-18T06:15:00,1000.0,1000.0,0
2025-12-18T06:30:00,1000.0,1000.0,0
2025-12-18T06:45:00,1000.0,1000.0,0
2025-12-18T07:00:00,1000.0,1000.0,0
2025-12-18T07:15:00,1000.0,1000.0,0
2025-12-18T07:30:00,1000.0,1000.0,0
2025-12-18T07:45:00,1000.0,1000.0,0
2025-12-18T08:00:00,1000.0,1000.0,0
2025-12-18T08:15:00,1000.0,1000.0,0
2025-12-18T08:30:00,1000.0,1000.0,0
2025-12-18T08:45:00,1000.0,1000.0,0
2025-12-18T09:00:00,1000.0,1000.0,0
2025-12-18T09:15:00,1000.0,1000.0,0
2025-12-18T09:30:00,1000.0,1000.0,0
2025-12-18T09:45:00,1000.0,1000.0,0
2025-12-18T10:00:00,1000.0,1000.0,0
2025-12-18T10:15:00,1000.0,1000.0,0
2025-12-18T10:30:00,1000.0,1000.0,0
2025-12-18T10:45:00,1000.0,1000.0,0
2025-12-18T11:00:00,1000.0,1000.0,0
2025-12-18T11:15:00,1000.0,1000.0,0
2025-12-18T11:30:00,1000.0,1000.0,0
2025-12-18T11:45:00,1000.0,1000.0,0
2025-12-18T12:00:00,1000.0,1000.0,0
2025-12-18T12:15:00,1000.0,1000.0,0
2025-12-18T12:30:00,1000.0,1000.0,0
2025-12-18T12:45:00,1000.0,1000.0,0
2025-12-18T13:00:00,1000.0,1000.0,0
2025-12-18T13:15:00,1000.0,1000.0,0
2025-12-18T13:30:00,1000.0,1000.0,0
2025-12-18T13:45:00,1000.0,1000.0,0
2025-12-18T14:00:00,1000.0,1000.0,0
2025-12-18T14:15:00,1000.0,1000.0,0
2025-12-18T14:30:00,1000.0,1000.0,0
2025-12-18T14:45:00,1000.0,1000.0,0
2025-12-18T15:00:00,1000.0,1000.0,0
2025-12-18T15:15:00,1000.0,1000.0,0
2025-12-18T15:30:00,1000.0,1000.0,0
2025-12-18T15:45:00,1000.0,1000.0,0
2025-12-18T16:00:00,1000.0,1000.0,0
2025-12-18T16:15:00,1000.0,1000.0,0
2025-12-18T16:30:00,1000.0,1000.0,0
2025-12-18T16:45:00,1000.0,1000.0,0
2025-12-18T17:00:00,1000.0,1000.0,0
2025-12-18T17:15:00,1000.0,1000.0,0
2025-12-18T17:30:00,1000.0,1000.0,0
2025-12-18T17:45:00,1000.0,1000.0,0
2025-12-18T18:00:00,1000.0,1000.0,0
2025-12-18T18:15:00,1000.0,1000.0,0
2025-12-18T18:30:00,1000.0,1000.0,0
2025-12-18T18:45:00,1000.0,1000.0,0
2025-12-18T19:00:00,1000.0,1000.0,0
2025-12-18T19:15:00,1000.0,1000.0,0
2025-12-18T19:30:00,1000.0,1000.0,0
2025-12-18T19:45:00,1000.0,1000.0,0
2025-12-18T20:00:00,1000.0,1000.0,0
2025-12-18T20:15:00,1000.0,1000.0,0
2025-12-18T20:30:00,1000.0,1000.0,0
2025-12-18T20:45:00,1000.0,1000.0,0
2025-12-18T21:00:00,1000.0,1000.0,0
2025-12-18T21:15:00,1000.0,1000.0,0
2025-12-18T21:30:00,1000.0,1000.0,0
2025-12-18T21:45:00,1000.0,1000.0,0
2025-12-18T22:00:00,1000.0,1000.0,0
2025-12-18T22:15:00,1000.0,1000.0,0
2025-12-18T22:30:00,1000.0,1000.0,0
2025-12-18T22:45:00,1000.0,1000.0,0
2025-12-18T23:00:00,1000.0,1000.0,0
2025-12-18T23:15:00,1000.0,1000.0,0
2025-12-18T23:30:00,1000.0,1000.0,0
2025-12-18T23:45:00,1000.0,1000.0,0
2025-12-19T00:00:00,1000.0,1000.0,0
2025-12-19T00:15:00,1000.0,1000.0,0
2025-12-19T00:30:00,1000.0,1000.0,0
2025-12-19T00:45:00,1000.0,1000.0,0
2025-12-19T01:00:00,1000.0,1000.0,0
2025-12-19T01:15:00,1000.0,1000.0,0
2025-12-19T01:30:00,1000.0,1000.0,0
2025-12-19T01:45:00,1000.0,1000.0,0
2025-12-19T02:00:00,1000.0,1000.0,0
2025-12-19T02:15:00,1000.0,1000.0,0
2025-12-19T02:30:00,1000.0,1000.0,0
2025-12-19T02:45:00,1000.0,1000.0,0
2025-12-19T03:00:00,1000.0,1000.0,0
2025-12-19T03:15:00,1000.0,1000.0,0
2025-12-19T03:30:00,1000.0,1000.0,0
2025-12-19T03:45:00,1000.0,1000.0,0
2025-12-19T04:00:00,1000.0,1000.0,0
2025-12-19T04:15:00,1000.0,1000.0,0
2025-12-19T04:30:00,1000.0,1000.0,0
2025-12-19T04:45:00,1000.0,1000.0,0
2025-12-19T05:00:00,1000.0,1000.0,0
2025-12-19T05:15:00,1000.0,1000.0,0
2025-12-19T05:30:00,1000.0,1000.0,0
2025-12-19T05:45:00,1000.0,1000.0,0
2025-12-19T06:00:00,1000.0,1000.0,0
2025-12-19T06:15:00,1000.0,1000.0,0
2025-12-19T06:30:00,1000.0,1000.0,0
2025-12-19T06:45:00,1000.0,1000.0,0
2025-12-19T07:00:00,1000.0,1000.0,0
2025-12-19T07:15:00,1000.0,1000.0,0
2025-12-19T07:30:00,1000.0,1000.0,0
2025-12-19T07:45:00,1000.0,1000.0,0
2025-12-19T08:00:00,1000.0,1000.0,0
2025-12-19T08:15:00,1000.0,1000.0,0
2025-12-19T08:30:00,1000.0,1000.0,0
2025-12-19T08:45:00,1000.0,1000.0,0
2025-12-19T09:00:00,1000.0,1000.0,0
2025-12-19T09:15:00,1000.0,1000.0,0
2025-12-19T09:30:00,1000.0,1000.0,0
2025-12-19T09:45:00,1000.0,1000.0,0
2025-12-19T10:00:00,1000.0,1000.0,0
2025-12-19T10:15:00,1000.0,1000.0,0
2025-12-19T10:30:00,1000.0,1000.0,0
2025-12-19T10:45:00,1000.0,1000.0,0
2025-12-19T11:00:00,1000.0,1000.0,0
2025-12-19T11:15:00,1000.0,1000.0,0
2025-12-19T11:30:00,1000.0,1000.0,0
2025-12-19T11:45:00,1000.0,1000.0,0
2025-12-19T12:00:00,1000.0,1000.0,0
2025-12-19T12:15:00,1000.0,1000.0,0
2025-12-19T12:30:00,1000.0,1000.0,0
2025-12-19T12:45:00,1000.0,1000.0,0
2025-12-19T13:00:00,1000.0,1000.0,0
2025-12-19T13:15:00,1000.0,1000.0,0
2025-12-19T13:30:00,1000.0,1000.0,0
2025-12-19T13:45:00,1000.0,1000.0,0
2025-12-19T14:00:00,1000.0,1000.0,0
2025-12-19T14:15:00,1000.0,1000.0,0
2025-12-19T14:30:00,1000.0,1000.0,0
2025-12-19T14:45:00,1000.0,1000.0,0
2025-12-19T15:00:00,1000.0,1000.0,0
2025-12-19T15:15:00,1000.0,1000.0,0
2025-12-19T15:30:00,1000.0,1000.0,0
2025-12-19T15:45:00,1000.0,1000.0,0
2025-12-19T16:00:00,1000.0,1000.0,0
2025-12-19T16:15:00,1000.0,1000.0,0
2025-12-19T16:30:00,1000.0,1000.0,0
2025-12-19T16:45:00,1000.0,1000.0,0
2025-12-19T17:00:00,1000.0,1000.0,0
2025-12-19T17:15:00,1000.0,1000.0,0
2025-12-19T17:30:00,1000.0,1000.0,0
2025-12-19T17:45:00,1000.0,1000.0,0
2025-12-19T18:00:00,1000.0,1000.0,0
2025-12-19T18:15:00,1000.0,1000.0,0
2025-12-19T18:30:00,1000.0,1000.0,0
2025-12-19T18:45:00,1000.0,1000.0,0
2025-12-19T19:00:00,1000.0,1000.0,0
2025-12-19T19:15:00,1000.0,1000.0,0
2025-12-19T19:30:00,1000.0,1000.0,0
2025-12-19T19:45:00,1000.0,1000.0,0
2025-12-19T20:00:00,1000.0,1000.0,0
2025-12-19T20:15:00,1000.0,1000.0,0
2025-12-19T20:30:00,1000.0,1000.0,0
2025-12-19T20:45:00,1000.0,1000.0,0
2025-12-19T21:00:00,1000.0,1000.0,0
2025-12-19T21:15:00,1000.0,1000.0,0
2025-12-19T21:30:00,1000.0,1000.0,0
2025-12-19T21:45:00,1000.0,1000.0,0
2025-12-19T22:00:00,1000.0,1000.0,0
2025-12-19T22:15:00,1000.0,1000.0,0
2025-12-19T22:30:00,1000.0,1000.0,0
2025-12-19T22:45:00,1000.0,1000.0,0
2025-12-19T23:00:00,1000.0,1000.0,0
2025-12-19T23:15:00,1000.0,1000.0,0
2025-12-19T23:30:00,1000.0,1000.0,0
2025-12-19T23:45:00,1000.0,1000.0,0
2025-12-20T00:00:00,1000.0,1000.0,0
2025-12-20T00:15:00,1000.0,1000.0,0
2025-12-20T00:30:00,1000.0,1000.0,0
2025-12-20T00:45:00,1000.0,1000.0,0
2025-12-20T01:00:00,1000.0,1000.0,0
2025-12-20T01:15:00,1000.0,1000.0,0
2025-12-20T01:30:00,1000.0,1000.0,0
2025-12-20T01:45:00,1000.0,1000.0,0
2025-12-20T02:00:00,1000.0,1000.0,0
2025-12-20T02:15:00,1000.0,1000.0,0
2025-12-20T02:30:00,1000.0,1000.0,0
2025-12-20T02:45:00,1000.0,1000.0,0
2025-12-20T03:00:00,1000.0,1000.0,0
2025-12-20T03:15:00,1000.0,1000.0,0
2025-12-20T03:30:00,1000.0,1000.0,0
2025-12-20T03:45:00,1000.0,1000.0,0
2025-12-20T04:00:00,1000.0,1000.0,0
2025-12-20T04:15:00,1000.0,1000.0,0
2025-12-20T04:30:00,1000.0,1000.0,0
2025-12-20T04:45:00,1000.0,1000.0,0
2025-12-20T05:00:00,1000.0,1000.0,0
2025-12-20T05:15:00,1000.0,1000.0,0
2025-12-20T05:30:00,1000.0,1000.0,0
2025-12-20T05:45:00,1000.0,1000.0,0
2025-12-20T06:00:00,1000.0,1000.0,0
2025-12-20T06:15:00,1000.0,1000.0,0
2025-12-20T06:30:00,1000.0,1000.0,0
2025-12-20T06:45:00,1000.0,1000.0,0
2025-12-20T07:00:00,1000.0,1000.0,0
2025-12-20T07:15:00,1000.0,1000.0,0
2025-12-20T07:30:00,1000.0,1000.0,0
2025-12-20T07:45:00,1000.0,1000.0,0
2025-12-20T08:00:00,1000.0,1000.0,0
2025-12-20T08:15:00,1000.0,1000.0,0
2025-12-20T08:30:00,1000.0,1000.0,0
2025-12-20T08:45:00,1000.0,1000.0,0
2025-12-20T09:00:00,1000.0,1000.0,0
2025-12-20T09:15:00,1000.0,1000.0,0
2025-12-20T09:30:00,1000.0,1000.0,0
2025-12-20T09:45:00,1000.0,1000.0,0
2025-12-20T10:00:00,1000.0,1000.0,0
2025-12-20T10:15:00,1000.0,1000.0,0
2025-12-20T10:30:00,1000.0,1000.0,0
2025-12-20T10:45:00,1000.0,1000.0,0
2025-12-20T11:00:00,1000.0,1000.0,0
2025-12-20T11:15:00,1000.0,1000.0,0
2025-12-20T11:30:00,1000.0,1000.0,0
2025-12-20T11:45:00,1000.0,1000.0,0
2025-12-20T12:00:00,1000.0,1000.0,0
2025-12-20T12:15:00,1000.0,1000.0,0
2025-12-20T12:30:00,1000.0,1000.0,0
2025-12-20T12:45:00,1000.0,1000.0,0
2025-12-20T13:00:00,1000.0,1000.0,0
2025-12-20T13:15:00,1000.0,1000.0,0
2025-12-20T13:30:00,1000.0,1000.0,0
2025-12-20T13:45:00,1000.0,1000.0,0
2025-12-20T14:00:00,1000.0,1000.0,0
2025-12-20T14:15:00,1000.0,1000.0,0
2025-12-20T14:30:00,1000.0,1000.0,0
2025-12-20T14:45:00,1000.0,1000.0,0
2025-12-20T15:00:00,1000.0,1000.0,0
2025-12-20T15:15:00,1000.0,1000.0,0
2025-12-20T15:30:00,1000.0,1000.0,0
2025-12-20T15:45:00,1000.0,1000.0,0
2025-12-20T16:00:00,1000.0,1000.0,0
2025-12-20T16:15:00,1000.0,1000.0,0
2025-12-20T16:30:00,1000.0,1000.0,0
2025-12-20T16:45:00,1000.0,1000.0,0
2025-12-20T17:00:00,1000.0,1000.0,0
2025-12-20T17:15:00,1000.0,1000.0,0
2025-12-20T17:30:00,1000.0,1000.0,0
2025-12-20T17:45:00,1000.0,1000.0,0
2025-12-20T18:00:00,1000.0,1000.0,0
2025-12-20T18:15:00,1000.0,1000.0,0
2025-12-20T18:30:00,1000.0,1000.0,0
2025-12-20T18:45:00,1000.0,1000.0,0
2025-12-20T19:00:00,1000.0,1000.0,0
2025-12-20T19:15:00,1000.0,1000.0,0
2025-12-20T19:30:00,1000.0,1000.0,0
2025-12-20T19:45:00,1000.0,1000.0,0
2025-12-20T20:00:00,1000.0,1000.0,0
2025-12-20T20:15:00,1000.0,1000.0,0
2025-12-20T20:30:00,999.0890783824264,879.808,1
2025-12-20T20:45:00,999.4088562091484,879.808,1
2025-12-20T21:00:00,999.251377681416,879.808,1
2025-12-20T21:15:00,999.069795297398,879.808,1
2025-12-20T21:30:00,999.1003268486929,879.808,1
2025-12-20T21:45:00,998.1110419874112,998.1110419874112,0
2025-12-20T22:00:00,998.1110419874112,998.1110419874112,0
2025-12-20T22:15:00,998.1110419874112,998.1110419874112,0
2025-12-20T22:30:00,998.1110419874112,998.1110419874112,0
2025-12-20T22:45:00,998.1110419874112,998.1110419874112,0
2025-12-20T23:00:00,998.1110419874112,998.1110419874112,0
2025-12-20T23:15:00,998.1110419874112,998.1110419874112,0
2025-12-20T23:30:00,998.1110419874112,998.1110419874112,0
2025-12-20T23:45:00,998.1110419874112,998.1110419874112,0
2025-12-21T00:00:00,998.1110419874112,998.1110419874112,0
2025-12-21T00:15:00,998.1110419874112,998.1110419874112,0
2025-12-21T00:30:00,998.1110419874112,998.1110419874112,0
2025-12-21T00:45:00,998.1110419874112,998.1110419874112,0
2025-12-21T01:00:00,998.1110419874112,998.1110419874112,0
2025-12-21T01:15:00,998.1110419874112,998.1110419874112,0
2025-12-21T01:30:00,998.1110419874112,998.1110419874112,0
2025-12-21T01:45:00,998.1110419874112,998.1110419874112,0
2025-12-21T02:00:00,998.1110419874112,998.1110419874112,0
2025-12-21T02:15:00,998.1110419874112,998.1110419874112,0
2025-12-21T02:30:00,998.1110419874112,998.1110419874112,0
2025-12-21T02:45:00,998.1110419874112,998.1110419874112,0
2025-12-21T03:00:00,998.1110419874112,998.1110419874112,0
2025-12-21T03:15:00,998.1110419874112,998.1110419874112,0
2025-12-21T03:30:00,998.1110419874112,998.1110419874112,0
2025-12-21T03:45:00,998.1110419874112,998.1110419874112,0
2025-12-21T04:00:00,998.1110419874112,998.1110419874112,0
2025-12-21T04:15:00,998.1110419874112,998.1110419874112,0
2025-12-21T04:30:00,998.1110419874112,998.1110419874112,0
2025-12-21T04:45:00,998.1110419874112,998.1110419874112,0
2025-12-21T05:00:00,998.1110419874112,998.1110419874112,0
2025-12-21T05:15:00,998.1110419874112,998.1110419874112,0
2025-12-21T05:30:00,998.1110419874112,998.1110419874112,0
2025-12-21T05:45:00,998.1110419874112,998.1110419874112,0
2025-12-21T06:00:00,998.1110419874112,998.1110419874112,0
2025-12-21T06:15:00,998.1110419874112,998.1110419874112,0
2025-12-21T06:30:00,998.1110419874112,998.1110419874112,0
2025-12-21T06:45:00,998.1110419874112,998.1110419874112,0
2025-12-21T07:00:00,998.1110419874112,998.1110419874112,0
2025-12-21T07:15:00,998.1110419874112,998.1110419874112,0
2025-12-21T07:30:00,998.1110419874112,998.1110419874112,0
2025-12-21T07:45:00,998.1110419874112,998.1110419874112,0
2025-12-21T08:00:00,998.1110419874112,998.1110419874112,0
2025-12-21T08:15:00,998.1110419874112,998.1110419874112,0
2025-12-21T08:30:00,998.1110419874112,998.1110419874112,0
2025-12-21T08:45:00,998.1110419874112,998.1110419874112,0
2025-12-21T09:00:00,997.2018410625259,878.1460796288603,1
2025-12-21T09:15:00,997.4416596536953,878.1460796288603,1
2025-12-21T09:30:00,998.1930912393592,878.1460796288603,1
2025-12-21T09:45:00,999.1028030951949,878.1460796288603,1
2025-12-21T10:00:00,998.8725772476723,878.1460796288603,1
2025-12-21T10:15:00,998.7814461830279,878.1460796288603,1
2025-12-21T10:30:00,998.2762283509645,878.1460796288603,1
2025-12-21T10:45:00,997.9484762763665,878.1460796288603,1
2025-12-21T11:00:00,997.6415084796697,878.1460796288603,1
2025-12-21T11:15:00,998.1962888205748,878.1460796288603,1
2025-12-21T11:30:00,997.5236380792194,997.5236380792194,0
2025-12-21T11:45:00,997.5236380792194,997.5236380792194,0
2025-12-21T12:00:00,997.5236380792194,997.5236380792194,0
2025-12-21T12:15:00,997.5236380792194,997.5236380792194,0
2025-12-21T12:30:00,997.5236380792194,997.5236380792194,0
2025-12-21T12:45:00,997.5236380792194,997.5236380792194,0
2025-12-21T13:00:00,997.5236380792194,997.5236380792194,0
2025-12-21T13:15:00,997.5236380792194,997.5236380792194,0
2025-12-21T13:30:00,997.5236380792194,997.5236380792194,0
2025-12-21T13:45:00,997.5236380792194,997.5236380792194,0
2025-12-21T14:00:00,997.5236380792194,997.5236380792194,0
2025-12-21T14:15:00,997.5236380792194,997.5236380792194,0
2025-12-21T14:30:00,997.5236380792194,997.5236380792194,0
2025-12-21T14:45:00,997.5236380792194,997.5236380792194,0
2025-12-21T15:00:00,997.5236380792194,997.5236380792194,0
2025-12-21T15:15:00,997.5236380792194,997.5236380792194,0
2025-12-21T15:30:00,997.5236380792194,997.5236380792194,0
2025-12-21T15:45:00,997.5236380792194,997.5236380792194,0
2025-12-21T16:00:00,997.5236380792194,997.5236380792194,0
2025-12-21T16:15:00,997.5236380792194,997.5236380792194,0
2025-12-21T16:30:00,997.5236380792194,997.5236380792194,0
2025-12-21T16:45:00,997.5236380792194,997.5236380792194,0
2025-12-21T17:00:00,997.5236380792194,997.5236380792194,0
2025-12-21T17:15:00,997.5236380792194,997.5236380792194,0
2025-12-21T17:30:00,997.5236380792194,997.5236380792194,0
2025-12-21T17:45:00,997.5236380792194,997.5236380792194,0
2025-12-21T18:00:00,997.5236380792194,997.5236380792194,0
2025-12-21T18:15:00,997.5236380792194,997.5236380792194,0
2025-12-21T18:30:00,997.5236380792194,997.5236380792194,0
2025-12-21T18:45:00,997.5236380792194,997.5236380792194,0
2025-12-21T19:00:00,997.5236380792194,997.5236380792194,0
2025-12-21T19:15:00,997.5236380792194,997.5236380792194,0
2025-12-21T19:30:00,997.5236380792194,997.5236380792194,0
2025-12-21T19:45:00,997.5236380792194,997.5236380792194,0
2025-12-21T20:00:00,997.5236380792194,997.5236380792194,0
2025-12-21T20:15:00,997.5236380792194,997.5236380792194,0
2025-12-21T20:30:00,997.5236380792194,997.5236380792194,0
2025-12-21T20:45:00,997.5236380792194,997.5236380792194,0
2025-12-21T21:00:00,997.5236380792194,997.5236380792194,0
2025-12-21T21:15:00,997.5236380792194,997.5236380792194,0
2025-12-21T21:30:00,997.5236380792194,997.5236380792194,0
2025-12-21T21:45:00,997.5236380792194,997.5236380792194,0
2025-12-21T22:00:00,997.5236380792194,997.5236380792194,0
2025-12-21T22:15:00,997.5236380792194,997.5236380792194,0
2025-12-21T22:30:00,997.5236380792194,997.5236380792194,0
2025-12-21T22:45:00,997.5236380792194,997.5236380792194,0
2025-12-21T23:00:00,997.5236380792194,997.5236380792194,0
2025-12-21T23:15:00,997.5236380792194,997.5236380792194,0
2025-12-21T23:30:00,997.5236380792194,997.5236380792194,0
2025-12-21T23:45:00,997.5236380792194,997.5236380792194,0
2025-12-22T00:00:00,996.6149722332523,877.6292769712019,1
2025-12-22T00:15:00,994.125290695679,877.6292769712019,1
2025-12-22T00:30:00,994.6464598447801,877.6292769712019,1
2025-12-22T00:45:00,992.9714975493257,877.6292769712019,1
2025-12-22T01:00:00,994.169244720302,877.6292769712019,1
2025-12-22T01:15:00,994.9509984439537,877.6292769712019,1
2025-12-22T01:30:00,995.9478129309392,877.6292769712019,1
2025-12-22T01:45:00,992.404804589008,877.6292769712019,1
2025-12-22T02:00:00,988.14162786362,988.14162786362,0
2025-12-22T02:15:00,988.14162786362,988.14162786362,0
2025-12-22T02:30:00,988.14162786362,988.14162786362,0
2025-12-22T02:45:00,988.14162786362,988.14162786362,0
2025-12-22T03:00:00,988.14162786362,988.14162786362,0
2025-12-22T03:15:00,988.14162786362,988.14162786362,0
2025-12-22T03:30:00,988.14162786362,988.14162786362,0
2025-12-22T03:45:00,988.14162786362,988.14162786362,0
2025-12-22T04:00:00,988.14162786362,988.14162786362,0
2025-12-22T04:15:00,988.14162786362,988.14162786362,0
2025-12-22T04:30:00,988.14162786362,988.14162786362,0
2025-12-22T04:45:00,988.14162786362,988.14162786362,0
2025-12-22T05:00:00,988.14162786362,988.14162786362,0
2025-12-22T05:15:00,988.14162786362,988.14162786362,0
2025-12-22T05:30:00,988.14162786362,988.14162786362,0
2025-12-22T05:45:00,988.14162786362,988.14162786362,0
2025-12-22T06:00:00,988.14162786362,988.14162786362,0
2025-12-22T06:15:00,988.14162786362,988.14162786362,0
2025-12-22T06:30:00,988.14162786362,988.14162786362,0
2025-12-22T06:45:00,988.14162786362,988.14162786362,0
2025-12-22T07:00:00,988.14162786362,988.14162786362,0
2025-12-22T07:15:00,988.14162786362,988.14162786362,0
2025-12-22T07:30:00,988.14162786362,988.14162786362,0
2025-12-22T07:45:00,988.14162786362,988.14162786362,0
2025-12-22T08:00:00,988.14162786362,988.14162786362,0
2025-12-22T08:15:00,987.2415082935745,869.3749093274357,1
2025-12-22T08:30:00,985.9004041340091,869.3749093274357,1
2025-12-22T08:45:00,983.2487092441179,983.2487092441179,0
2025-12-22T09:00:00,983.2487092441179,983.2487092441179,0
2025-12-22T09:15:00,983.2487092441179,983.2487092441179,0
2025-12-22T09:30:00,983.2487092441179,983.2487092441179,0
2025-12-22T09:45:00,983.2487092441179,983.2487092441179,0
2025-12-22T10:00:00,983.2487092441179,983.2487092441179,0
2025-12-22T10:15:00,983.2487092441179,983.2487092441179,0
2025-12-22T10:30:00,983.2487092441179,983.2487092441179,0
2025-12-22T10:45:00,983.2487092441179,983.2487092441179,0
2025-12-22T11:00:00,983.2487092441179,983.2487092441179,0
2025-12-22T11:15:00,983.2487092441179,983.2487092441179,0
2025-12-22T11:30:00,983.2487092441179,983.2487092441179,0
2025-12-22T11:45:00,983.2487092441179,983.2487092441179,0
2025-12-22T12:00:00,983.2487092441179,983.2487092441179,0
2025-12-22T12:15:00,983.2487092441179,983.2487092441179,0
2025-12-22T12:30:00,983.2487092441179,983.2487092441179,0
2025-12-22T12:45:00,983.2487092441179,983.2487092441179,0
2025-12-22T13:00:00,983.2487092441179,983.2487092441179,0
2025-12-22T13:15:00,983.2487092441179,983.2487092441179,0
2025-12-22T13:30:00,983.2487092441179,983.2487092441179,0
2025-12-22T13:45:00,983.2487092441179,983.2487092441179,0
2025-12-22T14:00:00,983.2487092441179,983.2487092441179,0
2025-12-22T14:15:00,983.2487092441179,983.2487092441179,0
2025-12-22T14:30:00,983.2487092441179,983.2487092441179,0
2025-12-22T14:45:00,983.2487092441179,983.2487092441179,0
2025-12-22T15:00:00,983.2487092441179,983.2487092441179,0
2025-12-22T15:15:00,983.2487092441179,983.2487092441179,0
2025-12-22T15:30:00,983.2487092441179,983.2487092441179,0
2025-12-22T15:45:00,983.2487092441179,983.2487092441179,0
2025-12-22T16:00:00,983.2487092441179,983.2487092441179,0
2025-12-22T16:15:00,983.2487092441179,983.2487092441179,0
2025-12-22T16:30:00,983.2487092441179,983.2487092441179,0
2025-12-22T16:45:00,983.2487092441179,983.2487092441179,0
2025-12-22T17:00:00,983.2487092441179,983.2487092441179,0
2025-12-22T17:15:00,983.2487092441179,983.2487092441179,0
2025-12-22T17:30:00,983.2487092441179,983.2487092441179,0
2025-12-22T17:45:00,983.2487092441179,983.2487092441179,0
2025-12-22T18:00:00,983.2487092441179,983.2487092441179,0
2025-12-22T18:15:00,983.2487092441179,983.2487092441179,0
2025-12-22T18:30:00,983.2487092441179,983.2487092441179,0
2025-12-22T18:45:00,983.2487092441179,983.2487092441179,0
2025-12-22T19:00:00,983.2487092441179,983.2487092441179,0
2025-12-22T19:15:00,983.2487092441179,983.2487092441179,0
2025-12-22T19:30:00,983.2487092441179,983.2487092441179,0
2025-12-22T19:45:00,983.2487092441179,983.2487092441179,0
2025-12-22T20:00:00,982.3509229174256,865.0700803826489,1
2025-12-22T20:15:00,983.2110673018196,865.0700803826489,1
2025-12-22T20:30:00,982.1969856382996,865.0700803826489,1
2025-12-22T20:45:00,982.6841891918218,865.0700803826489,1
2025-12-22T21:00:00,981.0178578198405,865.0700803826489,1
2025-12-22T21:15:00,979.976797457917,865.0700803826489,1
2025-12-22T21:30:00,979.5118116560211,865.0700803826489,1
2025-12-22T21:45:00,980.3425890997104,980.3425890997104,0
2025-12-22T22:00:00,980.3425890997104,980.3425890997104,0
2025-12-22T22:15:00,980.3425890997104,980.3425890997104,0
2025-12-22T22:30:00,980.3425890997104,980.3425890997104,0
2025-12-22T22:45:00,980.3425890997104,980.3425890997104,0
2025-12-22T23:00:00,980.3425890997104,980.3425890997104,0
2025-12-22T23:15:00,980.3425890997104,980.3425890997104,0
2025-12-22T23:30:00,980.3425890997104,980.3425890997104,0
2025-12-22T23:45:00,980.3425890997104,980.3425890997104,0
2025-12-23T00:00:00,980.3425890997104,980.3425890997104,0
2025-12-23T00:15:00,980.3425890997104,980.3425890997104,0
2025-12-23T00:30:00,980.3425890997104,980.3425890997104,0
2025-12-23T00:45:00,980.3425890997104,980.3425890997104,0
2025-12-23T01:00:00,980.3425890997104,980.3425890997104,0
2025-12-23T01:15:00,980.3425890997104,980.3425890997104,0
2025-12-23T01:30:00,980.3425890997104,980.3425890997104,0
2025-12-23T01:45:00,980.3425890997104,980.3425890997104,0
2025-12-23T02:00:00,980.3425890997104,980.3425890997104,0
2025-12-23T02:15:00,980.3425890997104,980.3425890997104,0
2025-12-23T02:30:00,980.3425890997104,980.3425890997104,0
2025-12-23T02:45:00,980.3425890997104,980.3425890997104,0
2025-12-23T03:00:00,980.3425890997104,980.3425890997104,0
2025-12-23T03:15:00,980.3425890997104,980.3425890997104,0
2025-12-23T03:30:00,980.3425890997104,980.3425890997104,0
2025-12-23T03:45:00,980.3425890997104,980.3425890997104,0
2025-12-23T04:00:00,980.3425890997104,980.3425890997104,0
2025-12-23T04:15:00,980.3425890997104,980.3425890997104,0
2025-12-23T04:30:00,980.3425890997104,980.3425890997104,0
2025-12-23T04:45:00,980.3425890997104,980.3425890997104,0
2025-12-23T05:00:00,980.3425890997104,980.3425890997104,0
2025-12-23T05:15:00,980.3425890997104,980.3425890997104,0
2025-12-23T05:30:00,980.3425890997104,980.3425890997104,0
2025-12-23T05:45:00,980.3425890997104,980.3425890997104,0
2025-12-23T06:00:00,979.4474562979144,862.513252630638,1
2025-12-23T06:15:00,981.2438216623053,862.513252630638,1
2025-12-23T06:30:00,980.7258215563305,862.513252630638,1
2025-12-23T06:45:00,980.2010920787856,862.513252630638,1
2025-12-23T07:00:00,979.9596960618253,862.513252630638,1
2025-12-23T07:15:00,979.149156714958,862.513252630638,1
2025-12-23T07:30:00,979.5040906890479,862.513252630638,1
2025-12-23T07:45:00,979.2601644283773,862.513252630638,1
2025-12-23T08:00:00,978.7617472028171,978.7617472028171,0
2025-12-23T08:15:00,978.7617472028171,978.7617472028171,0
2025-12-23T08:30:00,978.7617472028171,978.7617472028171,0
2025-12-23T08:45:00,978.7617472028171,978.7617472028171,0
2025-12-23T09:00:00,978.7617472028171,978.7617472028171,0
2025-12-23T09:15:00,978.7617472028171,978.7617472028171,0
2025-12-23T09:30:00,978.7617472028171,978.7617472028171,0
2025-12-23T09:45:00,978.7617472028171,978.7617472028171,0
2025-12-23T10:00:00,978.7617472028171,978.7617472028171,0
2025-12-23T10:15:00,978.7617472028171,978.7617472028171,0
2025-12-23T10:30:00,978.7617472028171,978.7617472028171,0
2025-12-23T10:45:00,978.7617472028171,978.7617472028171,0
2025-12-23T11:00:00,978.7617472028171,978.7617472028171,0
2025-12-23T11:15:00,978.7617472028171,978.7617472028171,0
2025-12-23T11:30:00,978.7617472028171,978.7617472028171,0
2025-12-23T11:45:00,978.7617472028171,978.7617472028171,0
2025-12-23T12:00:00,978.7617472028171,978.7617472028171,0
2025-12-23T12:15:00,978.7617472028171,978.7617472028171,0
2025-12-23T12:30:00,978.7617472028171,978.7617472028171,0
2025-12-23T12:45:00,978.7617472028171,978.7617472028171,0
2025-12-23T13:00:00,978.7617472028171,978.7617472028171,0
2025-12-23T13:15:00,978.7617472028171,978.7617472028171,0
2025-12-23T13:30:00,978.7617472028171,978.7617472028171,0
2025-12-23T13:45:00,978.7617472028171,978.7617472028171,0
2025-12-23T14:00:00,978.7617472028171,978.7617472028171,0
2025-12-23T14:15:00,978.7617472028171,978.7617472028171,0
2025-12-23T14:30:00,978.7617472028171,978.7617472028171,0
2025-12-23T14:45:00,978.7617472028171,978.7617472028171,0
2025-12-23T15:00:00,978.7617472028171,978.7617472028171,0
2025-12-23T15:15:00,978.7617472028171,978.7617472028171,0
2025-12-23T15:30:00,978.7617472028171,978.7617472028171,0
2025-12-23T15:45:00,978.7617472028171,978.7617472028171,0
2025-12-23T16:00:00,978.7617472028171,978.7617472028171,0
2025-12-23T16:15:00,978.7617472028171,978.7617472028171,0
2025-12-23T16:30:00,978.7617472028171,978.7617472028171,0
2025-12-23T16:45:00,978.7617472028171,978.7617472028171,0
2025-12-23T17:00:00,978.7617472028171,978.7617472028171,0
2025-12-23T17:15:00,978.7617472028171,978.7617472028171,0
2025-12-23T17:30:00,978.7617472028171,978.7617472028171,0
2025-12-23T17:45:00,978.7617472028171,978.7617472028171,0
2025-12-23T18:00:00,978.7617472028171,978.7617472028171,0
2025-12-23T18:15:00,978.7617472028171,978.7617472028171,0
2025-12-23T18:30:00,978.7617472028171,978.7617472028171,0
2025-12-23T18:45:00,978.7617472028171,978.7617472028171,0
2025-12-23T19:00:00,978.7617472028171,978.7617472028171,0
2025-12-23T19:15:00,978.7617472028171,978.7617472028171,0
2025-12-23T19:30:00,978.7617472028171,978.7617472028171,0
2025-12-23T19:45:00,978.7617472028171,978.7617472028171,0
2025-12-23T20:00:00,978.7617472028171,978.7617472028171,0
2025-12-23T20:15:00,978.7617472028171,978.7617472028171,0
2025-12-23T20:30:00,978.7617472028171,978.7617472028171,0
2025-12-23T20:45:00,978.7617472028171,978.7617472028171,0
2025-12-23T21:00:00,978.7617472028171,978.7617472028171,0
2025-12-23T21:15:00,978.7617472028171,978.7617472028171,0
2025-12-23T21:30:00,978.7617472028171,978.7617472028171,0
2025-12-23T21:45:00,978.7617472028171,978.7617472028171,0
2025-12-23T22:00:00,978.7617472028171,978.7617472028171,0
2025-12-23T22:15:00,978.7617472028171,978.7617472028171,0
2025-12-23T22:30:00,978.7617472028171,978.7617472028171,0
2025-12-23T22:45:00,978.7617472028171,978.7617472028171,0
2025-12-23T23:00:00,978.7617472028171,978.7617472028171,0
2025-12-23T23:15:00,978.7617472028171,978.7617472028171,0
2025-12-23T23:30:00,978.7617472028171,978.7617472028171,0
2025-12-23T23:45:00,978.7617472028171,978.7617472028171,0
2025-12-24T00:00:00,978.7617472028171,978.7617472028171,0
2025-12-24T00:15:00,978.7617472028171,978.7617472028171,0
2025-12-24T00:30:00,978.7617472028171,978.7617472028171,0
2025-12-24T00:45:00,978.7617472028171,978.7617472028171,0
2025-12-24T01:00:00,978.7617472028171,978.7617472028171,0
2025-12-24T01:15:00,978.7617472028171,978.7617472028171,0
2025-12-24T01:30:00,978.7617472028171,978.7617472028171,0
2025-12-24T01:45:00,978.7617472028171,978.7617472028171,0
2025-12-24T02:00:00,978.7617472028171,978.7617472028171,0
2025-12-24T02:15:00,978.7617472028171,978.7617472028171,0
2025-12-24T02:30:00,978.7617472028171,978.7617472028171,0
2025-12-24T02:45:00,978.7617472028171,978.7617472028171,0
2025-12-24T03:00:00,978.7617472028171,978.7617472028171,0
2025-12-24T03:15:00,978.7617472028171,978.7617472028171,0
2025-12-24T03:30:00,978.7617472028171,978.7617472028171,0
2025-12-24T03:45:00,978.7617472028171,978.7617472028171,0
2025-12-24T04:00:00,978.7617472028171,978.7617472028171,0
2025-12-24T04:15:00,978.7617472028171,978.7617472028171,0
2025-12-24T04:30:00,978.7617472028171,978.7617472028171,0
2025-12-24T04:45:00,978.7617472028171,978.7617472028171,0
2025-12-24T05:00:00,978.7617472028171,978.7617472028171,0
2025-12-24T05:15:00,978.7617472028171,978.7617472028171,0
2025-12-24T05:30:00,978.7617472028171,978.7617472028171,0
2025-12-24T05:45:00,978.7617472028171,978.7617472028171,0
2025-12-24T06:00:00,978.7617472028171,978.7617472028171,0
2025-12-24T06:15:00,978.7617472028171,978.7617472028171,0
2025-12-24T06:30:00,978.7617472028171,978.7617472028171,0
2025-12-24T06:45:00,978.7617472028171,978.7617472028171,0
2025-12-24T07:00:00,978.7617472028171,978.7617472028171,0
2025-12-24T07:15:00,978.7617472028171,978.7617472028171,0
2025-12-24T07:30:00,978.7617472028171,978.7617472028171,0
2025-12-24T07:45:00,978.7617472028171,978.7617472028171,0
2025-12-24T08:00:00,978.7617472028171,978.7617472028171,0
2025-12-24T08:15:00,978.7617472028171,978.7617472028171,0
2025-12-24T08:30:00,978.7617472028171,978.7617472028171,0
2025-12-24T08:45:00,978.7617472028171,978.7617472028171,0
2025-12-24T09:00:00,978.7617472028171,978.7617472028171,0
2025-12-24T09:15:00,978.7617472028171,978.7617472028171,0
2025-12-24T09:30:00,978.7617472028171,978.7617472028171,0
2025-12-24T09:45:00,978.7617472028171,978.7617472028171,0
2025-12-24T10:00:00,978.7617472028171,978.7617472028171,0
2025-12-24T10:15:00,978.7617472028171,978.7617472028171,0
2025-12-24T10:30:00,978.7617472028171,978.7617472028171,0
2025-12-24T10:45:00,978.7617472028171,978.7617472028171,0
2025-12-24T11:00:00,978.7617472028171,978.7617472028171,0
2025-12-24T11:15:00,978.7617472028171,978.7617472028171,0
2025-12-24T11:30:00,978.7617472028171,978.7617472028171,0
2025-12-24T11:45:00,978.7617472028171,978.7617472028171,0
2025-12-24T12:00:00,978.7617472028171,978.7617472028171,0
2025-12-24T12:15:00,978.7617472028171,978.7617472028171,0
2025-12-24T12:30:00,978.7617472028171,978.7617472028171,0
2025-12-24T12:45:00,978.7617472028171,978.7617472028171,0
2025-12-24T13:00:00,978.7617472028171,978.7617472028171,0
2025-12-24T13:15:00,978.7617472028171,978.7617472028171,0
2025-12-24T13:30:00,978.7617472028171,978.7617472028171,0
2025-12-24T13:45:00,978.7617472028171,978.7617472028171,0
2025-12-24T14:00:00,978.7617472028171,978.7617472028171,0
2025-12-24T14:15:00,978.7617472028171,978.7617472028171,0
2025-12-24T14:30:00,978.7617472028171,978.7617472028171,0
2025-12-24T14:45:00,978.7617472028171,978.7617472028171,0
2025-12-24T15:00:00,978.7617472028171,978.7617472028171,0
2025-12-24T15:15:00,978.7617472028171,978.7617472028171,0
2025-12-24T15:30:00,978.7617472028171,978.7617472028171,0
2025-12-24T15:45:00,978.7617472028171,978.7617472028171,0
2025-12-24T16:00:00,978.7617472028171,978.7617472028171,0
2025-12-24T16:15:00,978.7617472028171,978.7617472028171,0
2025-12-24T16:30:00,978.7617472028171,978.7617472028171,0
2025-12-24T16:45:00,978.7617472028171,978.7617472028171,0
2025-12-24T17:00:00,978.7617472028171,978.7617472028171,0
2025-12-24T17:15:00,978.7617472028171,978.7617472028171,0
2025-12-24T17:30:00,978.7617472028171,978.7617472028171,0
2025-12-24T17:45:00,978.7617472028171,978.7617472028171,0
2025-12-24T18:00:00,978.7617472028171,978.7617472028171,0
2025-12-24T18:15:00,978.7617472028171,978.7617472028171,0
2025-12-24T18:30:00,978.7617472028171,978.7617472028171,0
2025-12-24T18:45:00,978.7617472028171,978.7617472028171,0
2025-12-24T19:00:00,978.7617472028171,978.7617472028171,0
2025-12-24T19:15:00,978.7617472028171,978.7617472028171,0
2025-12-24T19:30:00,978.7617472028171,978.7617472028171,0
2025-12-24T19:45:00,978.7617472028171,978.7617472028171,0
2025-12-24T20:00:00,978.7617472028171,978.7617472028171,0
2025-12-24T20:15:00,978.7617472028171,978.7617472028171,0
2025-12-24T20:30:00,978.7617472028171,978.7617472028171,0
2025-12-24T20:45:00,978.7617472028171,978.7617472028171,0
2025-12-24T21:00:00,978.7617472028171,978.7617472028171,0
2025-12-24T21:15:00,978.7617472028171,978.7617472028171,0
2025-12-24T21:30:00,978.7617472028171,978.7617472028171,0
2025-12-24T21:45:00,978.7617472028171,978.7617472028171,0
2025-12-24T22:00:00,978.7617472028171,978.7617472028171,0
2025-12-24T22:15:00,978.7617472028171,978.7617472028171,0
2025-12-24T22:30:00,978.7617472028171,978.7617472028171,0
2025-12-24T22:45:00,978.7617472028171,978.7617472028171,0
2025-12-24T23:00:00,978.7617472028171,978.7617472028171,0
2025-12-24T23:15:00,978.7617472028171,978.7617472028171,0
2025-12-24T23:30:00,978.7617472028171,978.7617472028171,0
2025-12-24T23:45:00,978.7617472028171,978.7617472028171,0
2025-12-25T00:00:00,978.7617472028171,978.7617472028171,0
2025-12-25T00:15:00,978.7617472028171,978.7617472028171,0
2025-12-25T00:30:00,978.7617472028171,978.7617472028171,0
2025-12-25T00:45:00,978.7617472028171,978.7617472028171,0
2025-12-25T01:00:00,978.7617472028171,978.7617472028171,0
2025-12-25T01:15:00,978.7617472028171,978.7617472028171,0
2025-12-25T01:30:00,978.7617472028171,978.7617472028171,0
2025-12-25T01:45:00,978.7617472028171,978.7617472028171,0
2025-12-25T02:00:00,978.7617472028171,978.7617472028171,0
2025-12-25T02:15:00,978.7617472028171,978.7617472028171,0
2025-12-25T02:30:00,978.7617472028171,978.7617472028171,0
2025-12-25T02:45:00,978.7617472028171,978.7617472028171,0
2025-12-25T03:00:00,978.7617472028171,978.7617472028171,0
2025-12-25T03:15:00,978.7617472028171,978.7617472028171,0
2025-12-25T03:30:00,978.7617472028171,978.7617472028171,0
2025-12-25T03:45:00,978.7617472028171,978.7617472028171,0
2025-12-25T04:00:00,978.7617472028171,978.7617472028171,0
2025-12-25T04:15:00,978.7617472028171,978.7617472028171,0
2025-12-25T04:30:00,978.7617472028171,978.7617472028171,0
2025-12-25T04:45:00,978.7617472028171,978.7617472028171,0
2025-12-25T05:00:00,978.7617472028171,978.7617472028171,0
2025-12-25T05:15:00,978.7617472028171,978.7617472028171,0
2025-12-25T05:30:00,978.7617472028171,978.7617472028171,0
2025-12-25T05:45:00,978.7617472028171,978.7617472028171,0
2025-12-25T06:00:00,978.7617472028171,978.7617472028171,0
2025-12-25T06:15:00,978.7617472028171,978.7617472028171,0
2025-12-25T06:30:00,978.7617472028171,978.7617472028171,0
2025-12-25T06:45:00,978.7617472028171,978.7617472028171,0
2025-12-25T07:00:00,978.7617472028171,978.7617472028171,0
2025-12-25T07:15:00,978.7617472028171,978.7617472028171,0
2025-12-25T07:30:00,978.7617472028171,978.7617472028171,0
2025-12-25T07:45:00,978.7617472028171,978.7617472028171,0
2025-12-25T08:00:00,978.7617472028171,978.7617472028171,0
2025-12-25T08:15:00,978.7617472028171,978.7617472028171,0
2025-12-25T08:30:00,978.7617472028171,978.7617472028171,0
2025-12-25T08:45:00,978.7617472028171,978.7617472028171,0
2025-12-25T09:00:00,978.7617472028171,978.7617472028171,0
2025-12-25T09:15:00,978.7617472028171,978.7617472028171,0
2025-12-25T09:30:00,978.7617472028171,978.7617472028171,0
2025-12-25T09:45:00,978.7617472028171,978.7617472028171,0
2025-12-25T10:00:00,978.7617472028171,978.7617472028171,0
2025-12-25T10:15:00,978.7617472028171,978.7617472028171,0
2025-12-25T10:30:00,978.7617472028171,978.7617472028171,0
2025-12-25T10:45:00,978.7617472028171,978.7617472028171,0
2025-12-25T11:00:00,978.7617472028171,978.7617472028171,0
2025-12-25T11:15:00,978.7617472028171,978.7617472028171,0
2025-12-25T11:30:00,978.7617472028171,978.7617472028171,0
2025-12-25T11:45:00,978.7617472028171,978.7617472028171,0
2025-12-25T12:00:00,978.7617472028171,978.7617472028171,0
2025-12-25T12:15:00,978.7617472028171,978.7617472028171,0
2025-12-25T12:30:00,978.7617472028171,978.7617472028171,0
2025-12-25T12:45:00,978.7617472028171,978.7617472028171,0
2025-12-25T13:00:00,978.7617472028171,978.7617472028171,0
2025-12-25T13:15:00,978.7617472028171,978.7617472028171,0
2025-12-25T13:30:00,978.7617472028171,978.7617472028171,0
2025-12-25T13:45:00,978.7617472028171,978.7617472028171,0
2025-12-25T14:00:00,978.7617472028171,978.7617472028171,0
2025-12-25T14:15:00,978.7617472028171,978.7617472028171,0
2025-12-25T14:30:00,978.7617472028171,978.7617472028171,0
2025-12-25T14:45:00,978.7617472028171,978.7617472028171,0
2025-12-25T15:00:00,978.7617472028171,978.7617472028171,0
2025-12-25T15:15:00,978.7617472028171,978.7617472028171,0
2025-12-25T15:30:00,978.7617472028171,978.7617472028171,0
2025-12-25T15:45:00,978.7617472028171,978.7617472028171,0
2025-12-25T16:00:00,978.7617472028171,978.7617472028171,0
2025-12-25T16:15:00,978.7617472028171,978.7617472028171,0
2025-12-25T16:30:00,978.7617472028171,978.7617472028171,0
2025-12-25T16:45:00,978.7617472028171,978.7617472028171,0
2025-12-25T17:00:00,978.7617472028171,978.7617472028171,0
2025-12-25T17:15:00,978.7617472028171,978.7617472028171,0
2025-12-25T17:30:00,978.7617472028171,978.7617472028171,0
2025-12-25T17:45:00,978.7617472028171,978.7617472028171,0
2025-12-25T18:00:00,978.7617472028171,978.7617472028171,0
2025-12-25T18:15:00,978.7617472028171,978.7617472028171,0
2025-12-25T18:30:00,978.7617472028171,978.7617472028171,0
2025-12-25T18:45:00,978.7617472028171,978.7617472028171,0
2025-12-25T19:00:00,978.7617472028171,978.7617472028171,0
2025-12-25T19:15:00,978.7617472028171,978.7617472028171,0
2025-12-25T19:30:00,978.7617472028171,978.7617472028171,0
2025-12-25T19:45:00,978.7617472028171,978.7617472028171,0
2025-12-25T20:00:00,978.7617472028171,978.7617472028171,0
2025-12-25T20:15:00,978.7617472028171,978.7617472028171,0
2025-12-25T20:30:00,978.7617472028171,978.7617472028171,0
2025-12-25T20:45:00,978.7617472028171,978.7617472028171,0
2025-12-25T21:00:00,978.7617472028171,978.7617472028171,0
2025-12-25T21:15:00,978.7617472028171,978.7617472028171,0
2025-12-25T21:30:00,978.7617472028171,978.7617472028171,0
2025-12-25T21:45:00,978.7617472028171,978.7617472028171,0
2025-12-25T22:00:00,978.7617472028171,978.7617472028171,0
2025-12-25T22:15:00,978.7617472028171,978.7617472028171,0
2025-12-25T22:30:00,978.7617472028171,978.7617472028171,0
2025-12-25T22:45:00,978.7617472028171,978.7617472028171,0
2025-12-25T23:00:00,978.7617472028171,978.7617472028171,0
2025-12-25T23:15:00,978.7617472028171,978.7617472028171,0
2025-12-25T23:30:00,978.7617472028171,978.7617472028171,0
2025-12-25T23:45:00,978.7617472028171,978.7617472028171,0
2025-12-26T00:00:00,977.8680578387052,861.1224152830162,1
2025-12-26T00:15:00,978.3441315340752,861.1224152830162,1
2025-12-26T00:30:00,979.2153140106368,861.1224152830162,1
2025-12-26T00:45:00,978.1352420554945,861.1224152830162,1
2025-12-26T01:00:00,976.72321395222,861.1224152830162,1
2025-12-26T01:15:00,975.762970070062,861.1224152830162,1
2025-12-26T01:30:00,975.3276831610814,975.3276831610814,0
2025-12-26T01:45:00,975.3276831610814,975.3276831610814,0
2025-12-26T02:00:00,975.3276831610814,975.3276831610814,0
2025-12-26T02:15:00,975.3276831610814,975.3276831610814,0
2025-12-26T02:30:00,975.3276831610814,975.3276831610814,0
2025-12-26T02:45:00,975.3276831610814,975.3276831610814,0
2025-12-26T03:00:00,975.3276831610814,975.3276831610814,0
2025-12-26T03:15:00,975.3276831610814,975.3276831610814,0
2025-12-26T03:30:00,975.3276831610814,975.3276831610814,0
2025-12-26T03:45:00,975.3276831610814,975.3276831610814,0
2025-12-26T04:00:00,975.3276831610814,975.3276831610814,0
2025-12-26T04:15:00,975.3276831610814,975.3276831610814,0
2025-12-26T04:30:00,975.3276831610814,975.3276831610814,0
2025-12-26T04:45:00,975.3276831610814,975.3276831610814,0
2025-12-26T05:00:00,975.3276831610814,975.3276831610814,0
2025-12-26T05:15:00,975.3276831610814,975.3276831610814,0
2025-12-26T05:30:00,975.3276831610814,975.3276831610814,0
2025-12-26T05:45:00,975.3276831610814,975.3276831610814,0
2025-12-26T06:00:00,975.3276831610814,975.3276831610814,0
2025-12-26T06:15:00,975.3276831610814,975.3276831610814,0
2025-12-26T06:30:00,975.3276831610814,975.3276831610814,0
2025-12-26T06:45:00,975.3276831610814,975.3276831610814,0
2025-12-26T07:00:00,975.3276831610814,975.3276831610814,0
2025-12-26T07:15:00,975.3276831610814,975.3276831610814,0
2025-12-26T07:30:00,975.3276831610814,975.3276831610814,0
2025-12-26T07:45:00,975.3276831610814,975.3276831610814,0
2025-12-26T08:00:00,975.3276831610814,975.3276831610814,0
2025-12-26T08:15:00,975.3276831610814,975.3276831610814,0
2025-12-26T08:30:00,975.3276831610814,975.3276831610814,0
2025-12-26T08:45:00,975.3276831610814,975.3276831610814,0
2025-12-26T09:00:00,975.3276831610814,975.3276831610814,0
2025-12-26T09:15:00,975.3276831610814,975.3276831610814,0
2025-12-26T09:30:00,975.3276831610814,975.3276831610814,0
2025-12-26T09:45:00,975.3276831610814,975.3276831610814,0
2025-12-26T10:00:00,975.3276831610814,975.3276831610814,0
2025-12-26T10:15:00,975.3276831610814,975.3276831610814,0
2025-12-26T10:30:00,975.3276831610814,975.3276831610814,0
2025-12-26T10:45:00,975.3276831610814,975.3276831610814,0
2025-12-26T11:00:00,975.3276831610814,975.3276831610814,0
2025-12-26T11:15:00,975.3276831610814,975.3276831610814,0
2025-12-26T11:30:00,975.3276831610814,975.3276831610814,0
2025-12-26T11:45:00,975.3276831610814,975.3276831610814,0
2025-12-26T12:00:00,975.3276831610814,975.3276831610814,0
2025-12-26T12:15:00,975.3276831610814,975.3276831610814,0
2025-12-26T12:30:00,975.3276831610814,975.3276831610814,0
2025-12-26T12:45:00,975.3276831610814,975.3276831610814,0
2025-12-26T13:00:00,975.3276831610814,975.3276831610814,0
2025-12-26T13:15:00,975.3276831610814,975.3276831610814,0
2025-12-26T13:30:00,975.3276831610814,975.3276831610814,0
2025-12-26T13:45:00,975.3276831610814,975.3276831610814,0
2025-12-26T14:00:00,975.3276831610814,975.3276831610814,0
2025-12-26T14:15:00,975.3276831610814,975.3276831610814,0
2025-12-26T14:30:00,975.3276831610814,975.3276831610814,0
2025-12-26T14:45:00,975.3276831610814,975.3276831610814,0
2025-12-26T15:00:00,975.3276831610814,975.3276831610814,0
2025-12-26T15:15:00,975.3276831610814,975.3276831610814,0
2025-12-26T15:30:00,975.3276831610814,975.3276831610814,0
2025-12-26T15:45:00,975.3276831610814,975.3276831610814,0
2025-12-26T16:00:00,975.3276831610814,975.3276831610814,0
2025-12-26T16:15:00,975.3276831610814,975.3276831610814,0
2025-12-26T16:30:00,975.3276831610814,975.3276831610814,0
2025-12-26T16:45:00,975.3276831610814,975.3276831610814,0
2025-12-26T17:00:00,975.3276831610814,975.3276831610814,0
2025-12-26T17:15:00,975.3276831610814,975.3276831610814,0
2025-12-26T17:30:00,975.3276831610814,975.3276831610814,0
2025-12-26T17:45:00,975.3276831610814,975.3276831610814,0
2025-12-26T18:00:00,975.3276831610814,975.3276831610814,0
2025-12-26T18:15:00,975.3276831610814,975.3276831610814,0
2025-12-26T18:30:00,975.3276831610814,975.3276831610814,0
2025-12-26T18:45:00,975.3276831610814,975.3276831610814,0
2025-12-26T19:00:00,975.3276831610814,975.3276831610814,0
2025-12-26T19:15:00,975.3276831610814,975.3276831610814,0
2025-12-26T19:30:00,975.3276831610814,975.3276831610814,0
2025-12-26T19:45:00,975.3276831610814,975.3276831610814,0
2025-12-26T20:00:00,975.3276831610814,975.3276831610814,0
2025-12-26T20:15:00,975.3276831610814,975.3276831610814,0
2025-12-26T20:30:00,975.3276831610814,975.3276831610814,0
2025-12-26T20:45:00,975.3276831610814,975.3276831610814,0
2025-12-26T21:00:00,975.3276831610814,975.3276831610814,0
2025-12-26T21:15:00,975.3276831610814,975.3276831610814,0
2025-12-26T21:30:00,975.3276831610814,975.3276831610814,0
2025-12-26T21:45:00,975.3276831610814,975.3276831610814,0
2025-12-26T22:00:00,975.3276831610814,975.3276831610814,0
2025-12-26T22:15:00,975.3276831610814,975.3276831610814,0
2025-12-26T22:30:00,975.3276831610814,975.3276831610814,0
2025-12-26T22:45:00,975.3276831610814,975.3276831610814,0
2025-12-26T23:00:00,975.3276831610814,975.3276831610814,0
2025-12-26T23:15:00,975.3276831610814,975.3276831610814,0
2025-12-26T23:30:00,975.3276831610814,975.3276831610814,0
2025-12-26T23:45:00,975.3276831610814,975.3276831610814,0
2025-12-27T00:00:00,975.3276831610814,975.3276831610814,0
2025-12-27T00:15:00,975.3276831610814,975.3276831610814,0
2025-12-27T00:30:00,975.3276831610814,975.3276831610814,0
2025-12-27T00:45:00,975.3276831610814,975.3276831610814,0
2025-12-27T01:00:00,975.3276831610814,975.3276831610814,0
2025-12-27T01:15:00,975.3276831610814,975.3276831610814,0
2025-12-27T01:30:00,975.3276831610814,975.3276831610814,0
2025-12-27T01:45:00,975.3276831610814,975.3276831610814,0
2025-12-27T02:00:00,975.3276831610814,975.3276831610814,0
2025-12-27T02:15:00,975.3276831610814,975.3276831610814,0
2025-12-27T02:30:00,975.3276831610814,975.3276831610814,0
2025-12-27T02:45:00,975.3276831610814,975.3276831610814,0
2025-12-27T03:00:00,975.3276831610814,975.3276831610814,0
2025-12-27T03:15:00,975.3276831610814,975.3276831610814,0
2025-12-27T03:30:00,975.3276831610814,975.3276831610814,0
2025-12-27T03:45:00,975.3276831610814,975.3276831610814,0
2025-12-27T04:00:00,975.3276831610814,975.3276831610814,0
2025-12-27T04:15:00,975.3276831610814,975.3276831610814,0
2025-12-27T04:30:00,975.3276831610814,975.3276831610814,0
2025-12-27T04:45:00,975.3276831610814,975.3276831610814,0
2025-12-27T05:00:00,975.3276831610814,975.3276831610814,0
2025-12-27T05:15:00,975.3276831610814,975.3276831610814,0
2025-12-27T05:30:00,975.3276831610814,975.3276831610814,0
2025-12-27T05:45:00,975.3276831610814,975.3276831610814,0
2025-12-27T06:00:00,975.3276831610814,975.3276831610814,0
2025-12-27T06:15:00,975.3276831610814,975.3276831610814,0
2025-12-27T06:30:00,975.3276831610814,975.3276831610814,0
2025-12-27T06:45:00,975.3276831610814,975.3276831610814,0
2025-12-27T07:00:00,975.3276831610814,975.3276831610814,0
2025-12-27T07:15:00,975.3276831610814,975.3276831610814,0
2025-12-27T07:30:00,975.3276831610814,975.3276831610814,0
2025-12-27T07:45:00,975.3276831610814,975.3276831610814,0
2025-12-27T08:00:00,975.3276831610814,975.3276831610814,0
2025-12-27T08:15:00,975.3276831610814,975.3276831610814,0
2025-12-27T08:30:00,975.3276831610814,975.3276831610814,0
2025-12-27T08:45:00,975.3276831610814,975.3276831610814,0
2025-12-27T09:00:00,975.3276831610814,975.3276831610814,0
2025-12-27T09:15:00,975.3276831610814,975.3276831610814,0
2025-12-27T09:30:00,975.3276831610814,975.3276831610814,0
2025-12-27T09:45:00,975.3276831610814,975.3276831610814,0
2025-12-27T10:00:00,975.3276831610814,975.3276831610814,0
2025-12-27T10:15:00,975.3276831610814,975.3276831610814,0
2025-12-27T10:30:00,975.3276831610814,975.3276831610814,0
2025-12-27T10:45:00,975.3276831610814,975.3276831610814,0
2025-12-27T11:00:00,975.3276831610814,975.3276831610814,0
2025-12-27T11:15:00,975.3276831610814,975.3276831610814,0
2025-12-27T11:30:00,975.3276831610814,975.3276831610814,0
2025-12-27T11:45:00,975.3276831610814,975.3276831610814,0
2025-12-27T12:00:00,975.3276831610814,975.3276831610814,0
2025-12-27T12:15:00,975.3276831610814,975.3276831610814,0
2025-12-27T12:30:00,975.3276831610814,975.3276831610814,0
2025-12-27T12:45:00,975.3276831610814,975.3276831610814,0
2025-12-27T13:00:00,975.3276831610814,975.3276831610814,0
2025-12-27T13:15:00,975.3276831610814,975.3276831610814,0
2025-12-27T13:30:00,975.3276831610814,975.3276831610814,0
2025-12-27T13:45:00,975.3276831610814,975.3276831610814,0
2025-12-27T14:00:00,975.3276831610814,975.3276831610814,0
2025-12-27T14:15:00,975.3276831610814,975.3276831610814,0
2025-12-27T14:30:00,975.3276831610814,975.3276831610814,0
2025-12-27T14:45:00,975.3276831610814,975.3276831610814,0
2025-12-27T15:00:00,975.3276831610814,975.3276831610814,0
2025-12-27T15:15:00,975.3276831610814,975.3276831610814,0
2025-12-27T15:30:00,975.3276831610814,975.3276831610814,0
2025-12-27T15:45:00,975.3276831610814,975.3276831610814,0
2025-12-27T16:00:00,975.3276831610814,975.3276831610814,0
2025-12-27T16:15:00,975.3276831610814,975.3276831610814,0
2025-12-27T16:30:00,975.3276831610814,975.3276831610814,0
2025-12-27T16:45:00,975.3276831610814,975.3276831610814,0
2025-12-27T17:00:00,975.3276831610814,975.3276831610814,0
2025-12-27T17:15:00,975.3276831610814,975.3276831610814,0
2025-12-27T17:30:00,975.3276831610814,975.3276831610814,0
2025-12-27T17:45:00,975.3276831610814,975.3276831610814,0
2025-12-27T18:00:00,975.3276831610814,975.3276831610814,0
2025-12-27T18:15:00,975.3276831610814,975.3276831610814,0
2025-12-27T18:30:00,975.3276831610814,975.3276831610814,0
2025-12-27T18:45:00,975.3276831610814,975.3276831610814,0
2025-12-27T19:00:00,975.3276831610814,975.3276831610814,0
2025-12-27T19:15:00,975.3276831610814,975.3276831610814,0
2025-12-27T19:30:00,975.3276831610814,975.3276831610814,0
2025-12-27T19:45:00,975.3276831610814,975.3276831610814,0
2025-12-27T20:00:00,975.3276831610814,975.3276831610814,0
2025-12-27T20:15:00,975.3276831610814,975.3276831610814,0
2025-12-27T20:30:00,975.3276831610814,975.3276831610814,0
2025-12-27T20:45:00,975.3276831610814,975.3276831610814,0
2025-12-27T21:00:00,975.3276831610814,975.3276831610814,0
2025-12-27T21:15:00,975.3276831610814,975.3276831610814,0
2025-12-27T21:30:00,975.3276831610814,975.3276831610814,0
2025-12-27T21:45:00,975.3276831610814,975.3276831610814,0
2025-12-27T22:00:00,975.3276831610814,975.3276831610814,0
2025-12-27T22:15:00,975.3276831610814,975.3276831610814,0
2025-12-27T22:30:00,975.3276831610814,975.3276831610814,0
2025-12-27T22:45:00,975.3276831610814,975.3276831610814,0
2025-12-27T23:00:00,975.3276831610814,975.3276831610814,0
2025-12-27T23:15:00,975.3276831610814,975.3276831610814,0
2025-12-27T23:30:00,975.3276831610814,975.3276831610814,0
2025-12-27T23:45:00,975.3276831610814,975.3276831610814,0
2025-12-28T00:00:00,975.3276831610814,975.3276831610814,0
2025-12-28T00:15:00,975.3276831610814,975.3276831610814,0
2025-12-28T00:30:00,975.3276831610814,975.3276831610814,0
2025-12-28T00:45:00,975.3276831610814,975.3276831610814,0
2025-12-28T01:00:00,975.3276831610814,975.3276831610814,0
2025-12-28T01:15:00,975.3276831610814,975.3276831610814,0
2025-12-28T01:30:00,975.3276831610814,975.3276831610814,0
2025-12-28T01:45:00,975.3276831610814,975.3276831610814,0
2025-12-28T02:00:00,975.3276831610814,975.3276831610814,0
2025-12-28T02:15:00,975.3276831610814,975.3276831610814,0
2025-12-28T02:30:00,975.3276831610814,975.3276831610814,0
2025-12-28T02:45:00,975.3276831610814,975.3276831610814,0
2025-12-28T03:00:00,975.3276831610814,975.3276831610814,0
2025-12-28T03:15:00,975.3276831610814,975.3276831610814,0
2025-12-28T03:30:00,975.3276831610814,975.3276831610814,0
2025-12-28T03:45:00,975.3276831610814,975.3276831610814,0
2025-12-28T04:00:00,975.3276831610814,975.3276831610814,0
2025-12-28T04:15:00,975.3276831610814,975.3276831610814,0
2025-12-28T04:30:00,975.3276831610814,975.3276831610814,0
2025-12-28T04:45:00,975.3276831610814,975.3276831610814,0
2025-12-28T05:00:00,975.3276831610814,975.3276831610814,0
2025-12-28T05:15:00,975.3276831610814,975.3276831610814,0
2025-12-28T05:30:00,975.3276831610814,975.3276831610814,0
2025-12-28T05:45:00,975.3276831610814,975.3276831610814,0
2025-12-28T06:00:00,975.3276831610814,975.3276831610814,0
2025-12-28T06:15:00,975.3276831610814,975.3276831610814,0
2025-12-28T06:30:00,975.3276831610814,975.3276831610814,0
2025-12-28T06:45:00,975.3276831610814,975.3276831610814,0
2025-12-28T07:00:00,975.3276831610814,975.3276831610814,0
2025-12-28T07:15:00,975.3276831610814,975.3276831610814,0
2025-12-28T07:30:00,975.3276831610814,975.3276831610814,0
2025-12-28T07:45:00,975.3276831610814,975.3276831610814,0
2025-12-28T08:00:00,975.3276831610814,975.3276831610814,0
2025-12-28T08:15:00,975.3276831610814,975.3276831610814,0
2025-12-28T08:30:00,975.3276831610814,975.3276831610814,0
2025-12-28T08:45:00,975.3276831610814,975.3276831610814,0
2025-12-28T09:00:00,975.3276831610814,975.3276831610814,0
2025-12-28T09:15:00,975.3276831610814,975.3276831610814,0
2025-12-28T09:30:00,975.3276831610814,975.3276831610814,0
2025-12-28T09:45:00,975.3276831610814,975.3276831610814,0
2025-12-28T10:00:00,975.3276831610814,975.3276831610814,0
2025-12-28T10:15:00,975.3276831610814,975.3276831610814,0
2025-12-28T10:30:00,975.3276831610814,975.3276831610814,0
2025-12-28T10:45:00,975.3276831610814,975.3276831610814,0
2025-12-28T11:00:00,975.3276831610814,975.3276831610814,0
2025-12-28T11:15:00,975.3276831610814,975.3276831610814,0
2025-12-28T11:30:00,975.3276831610814,975.3276831610814,0
2025-12-28T11:45:00,975.3276831610814,975.3276831610814,0
2025-12-28T12:00:00,975.3276831610814,975.3276831610814,0
2025-12-28T12:15:00,975.3276831610814,975.3276831610814,0
2025-12-28T12:30:00,975.3276831610814,975.3276831610814,0
2025-12-28T12:45:00,975.3276831610814,975.3276831610814,0
2025-12-28T13:00:00,975.3276831610814,975.3276831610814,0
2025-12-28T13:15:00,975.3276831610814,975.3276831610814,0
2025-12-28T13:30:00,975.3276831610814,975.3276831610814,0
2025-12-28T13:45:00,975.3276831610814,975.3276831610814,0
2025-12-28T14:00:00,975.3276831610814,975.3276831610814,0
2025-12-28T14:15:00,975.3276831610814,975.3276831610814,0
2025-12-28T14:30:00,975.3276831610814,975.3276831610814,0
2025-12-28T14:45:00,975.3276831610814,975.3276831610814,0
2025-12-28T15:00:00,975.3276831610814,975.3276831610814,0
2025-12-28T15:15:00,975.3276831610814,975.3276831610814,0
2025-12-28T15:30:00,975.3276831610814,975.3276831610814,0
2025-12-28T15:45:00,975.3276831610814,975.3276831610814,0
2025-12-28T16:00:00,975.3276831610814,975.3276831610814,0
2025-12-28T16:15:00,975.3276831610814,975.3276831610814,0
2025-12-28T16:30:00,975.3276831610814,975.3276831610814,0
2025-12-28T16:45:00,975.3276831610814,975.3276831610814,0
2025-12-28T17:00:00,975.3276831610814,975.3276831610814,0
2025-12-28T17:15:00,975.3276831610814,975.3276831610814,0
2025-12-28T17:30:00,975.3276831610814,975.3276831610814,0
2025-12-28T17:45:00,975.3276831610814,975.3276831610814,0
2025-12-28T18:00:00,975.3276831610814,975.3276831610814,0
2025-12-28T18:15:00,975.3276831610814,975.3276831610814,0
2025-12-28T18:30:00,975.3276831610814,975.3276831610814,0
2025-12-28T18:45:00,975.3276831610814,975.3276831610814,0
2025-12-28T19:00:00,975.3276831610814,975.3276831610814,0
2025-12-28T19:15:00,975.3276831610814,975.3276831610814,0
2025-12-28T19:30:00,975.3276831610814,975.3276831610814,0
2025-12-28T19:45:00,975.3276831610814,975.3276831610814,0
2025-12-28T20:00:00,975.3276831610814,975.3276831610814,0
2025-12-28T20:15:00,975.3276831610814,975.3276831610814,0
2025-12-28T20:30:00,975.3276831610814,975.3276831610814,0
2025-12-28T20:45:00,975.3276831610814,975.3276831610814,0
2025-12-28T21:00:00,975.3276831610814,975.3276831610814,0
2025-12-28T21:15:00,975.3276831610814,975.3276831610814,0
2025-12-28T21:30:00,975.3276831610814,975.3276831610814,0
2025-12-28T21:45:00,975.3276831610814,975.3276831610814,0
2025-12-28T22:00:00,975.3276831610814,975.3276831610814,0
2025-12-28T22:15:00,975.3276831610814,975.3276831610814,0
2025-12-28T22:30:00,975.3276831610814,975.3276831610814,0
2025-12-28T22:45:00,975.3276831610814,975.3276831610814,0
2025-12-28T23:00:00,975.3276831610814,975.3276831610814,0
2025-12-28T23:15:00,975.3276831610814,975.3276831610814,0
2025-12-28T23:30:00,975.3276831610814,975.3276831610814,0
2025-12-28T23:45:00,975.3276831610814,975.3276831610814,0
2025-12-29T00:00:00,975.3276831610814,975.3276831610814,0
2025-12-29T00:15:00,975.3276831610814,975.3276831610814,0
2025-12-29T00:30:00,975.3276831610814,975.3276831610814,0
2025-12-29T00:45:00,975.3276831610814,975.3276831610814,0
2025-12-29T01:00:00,975.3276831610814,975.3276831610814,0
2025-12-29T01:15:00,975.3276831610814,975.3276831610814,0
2025-12-29T01:30:00,975.3276831610814,975.3276831610814,0
2025-12-29T01:45:00,975.3276831610814,975.3276831610814,0
2025-12-29T02:00:00,975.3276831610814,975.3276831610814,0
2025-12-29T02:15:00,975.3276831610814,975.3276831610814,0
2025-12-29T02:30:00,975.3276831610814,975.3276831610814,0
2025-12-29T02:45:00,975.3276831610814,975.3276831610814,0
2025-12-29T03:00:00,975.3276831610814,975.3276831610814,0
2025-12-29T03:15:00,975.3276831610814,975.3276831610814,0
2025-12-29T03:30:00,975.3276831610814,975.3276831610814,0
2025-12-29T03:45:00,975.3276831610814,975.3276831610814,0
2025-12-29T04:00:00,975.3276831610814,975.3276831610814,0
2025-12-29T04:15:00,975.3276831610814,975.3276831610814,0
2025-12-29T04:30:00,975.3276831610814,975.3276831610814,0
2025-12-29T04:45:00,975.3276831610814,975.3276831610814,0
2025-12-29T05:00:00,975.3276831610814,975.3276831610814,0
2025-12-29T05:15:00,975.3276831610814,975.3276831610814,0
2025-12-29T05:30:00,975.3276831610814,975.3276831610814,0
2025-12-29T05:45:00,975.3276831610814,975.3276831610814,0
2025-12-29T06:00:00,975.3276831610814,975.3276831610814,0
2025-12-29T06:15:00,975.3276831610814,975.3276831610814,0
2025-12-29T06:30:00,975.3276831610814,975.3276831610814,0
2025-12-29T06:45:00,975.3276831610814,975.3276831610814,0
2025-12-29T07:00:00,975.3276831610814,975.3276831610814,0
2025-12-29T07:15:00,975.3276831610814,975.3276831610814,0
2025-12-29T07:30:00,975.3276831610814,975.3276831610814,0
2025-12-29T07:45:00,975.3276831610814,975.3276831610814,0
2025-12-29T08:00:00,975.3276831610814,975.3276831610814,0
2025-12-29T08:15:00,975.3276831610814,975.3276831610814,0
2025-12-29T08:30:00,975.3276831610814,975.3276831610814,0
2025-12-29T08:45:00,975.3276831610814,975.3276831610814,0
2025-12-29T09:00:00,975.3276831610814,975.3276831610814,0
2025-12-29T09:15:00,975.3276831610814,975.3276831610814,0
2025-12-29T09:30:00,975.3276831610814,975.3276831610814,0
2025-12-29T09:45:00,975.3276831610814,975.3276831610814,0
2025-12-29T10:00:00,975.3276831610814,975.3276831610814,0
2025-12-29T10:15:00,975.3276831610814,975.3276831610814,0
2025-12-29T10:30:00,975.3276831610814,975.3276831610814,0
2025-12-29T10:45:00,975.3276831610814,975.3276831610814,0
2025-12-29T11:00:00,975.3276831610814,975.3276831610814,0
2025-12-29T11:15:00,975.3276831610814,975.3276831610814,0
2025-12-29T11:30:00,975.3276831610814,975.3276831610814,0
2025-12-29T11:45:00,975.3276831610814,975.3276831610814,0
2025-12-29T12:00:00,975.3276831610814,975.3276831610814,0
2025-12-29T12:15:00,975.3276831610814,975.3276831610814,0
2025-12-29T12:30:00,975.3276831610814,975.3276831610814,0
2025-12-29T12:45:00,975.3276831610814,975.3276831610814,0
2025-12-29T13:00:00,975.3276831610814,975.3276831610814,0
2025-12-29T13:15:00,975.3276831610814,975.3276831610814,0
2025-12-29T13:30:00,975.3276831610814,975.3276831610814,0
2025-12-29T13:45:00,975.3276831610814,975.3276831610814,0
2025-12-29T14:00:00,975.3276831610814,975.3276831610814,0
2025-12-29T14:15:00,975.3276831610814,975.3276831610814,0
2025-12-29T14:30:00,975.3276831610814,975.3276831610814,0
2025-12-29T14:45:00,975.3276831610814,975.3276831610814,0
2025-12-29T15:00:00,975.3276831610814,975.3276831610814,0
2025-12-29T15:15:00,975.3276831610814,975.3276831610814,0
2025-12-29T15:30:00,975.3276831610814,975.3276831610814,0
2025-12-29T15:45:00,975.3276831610814,975.3276831610814,0
2025-12-29T16:00:00,975.3276831610814,975.3276831610814,0
2025-12-29T16:15:00,975.3276831610814,975.3276831610814,0
2025-12-29T16:30:00,975.3276831610814,975.3276831610814,0
2025-12-29T16:45:00,975.3276831610814,975.3276831610814,0
2025-12-29T17:00:00,975.3276831610814,975.3276831610814,0
2025-12-29T17:15:00,975.3276831610814,975.3276831610814,0
2025-12-29T17:30:00,975.3276831610814,975.3276831610814,0
2025-12-29T17:45:00,975.3276831610814,975.3276831610814,0
2025-12-29T18:00:00,975.3276831610814,975.3276831610814,0
2025-12-29T18:15:00,975.3276831610814,975.3276831610814,0
2025-12-29T18:30:00,975.3276831610814,975.3276831610814,0
2025-12-29T18:45:00,975.3276831610814,975.3276831610814,0
2025-12-29T19:00:00,975.3276831610814,975.3276831610814,0
2025-12-29T19:15:00,975.3276831610814,975.3276831610814,0
2025-12-29T19:30:00,975.3276831610814,975.3276831610814,0
2025-12-29T19:45:00,975.3276831610814,975.3276831610814,0
2025-12-29T20:00:00,975.3276831610814,975.3276831610814,0
2025-12-29T20:15:00,975.3276831610814,975.3276831610814,0
2025-12-29T20:30:00,975.3276831610814,975.3276831610814,0
2025-12-29T20:45:00,975.3276831610814,975.3276831610814,0
2025-12-29T21:00:00,975.3276831610814,975.3276831610814,0
2025-12-29T21:15:00,975.3276831610814,975.3276831610814,0
2025-12-29T21:30:00,975.3276831610814,975.3276831610814,0
2025-12-29T21:45:00,975.3276831610814,975.3276831610814,0
2025-12-29T22:00:00,975.3276831610814,975.3276831610814,0
2025-12-29T22:15:00,975.3276831610814,975.3276831610814,0
2025-12-29T22:30:00,975.3276831610814,975.3276831610814,0
2025-12-29T22:45:00,975.3276831610814,975.3276831610814,0
2025-12-29T23:00:00,975.3276831610814,975.3276831610814,0
2025-12-29T23:15:00,975.3276831610814,975.3276831610814,0
2025-12-29T23:30:00,975.3276831610814,975.3276831610814,0
2025-12-29T23:45:00,975.3276831610814,975.3276831610814,0
2025-12-30T00:00:00,975.3276831610814,975.3276831610814,0
2025-12-30T00:15:00,975.3276831610814,975.3276831610814,0
2025-12-30T00:30:00,975.3276831610814,975.3276831610814,0
2025-12-30T00:45:00,975.3276831610814,975.3276831610814,0
2025-12-30T01:00:00,975.3276831610814,975.3276831610814,0
2025-12-30T01:15:00,975.3276831610814,975.3276831610814,0
2025-12-30T01:30:00,975.3276831610814,975.3276831610814,0
2025-12-30T01:45:00,975.3276831610814,975.3276831610814,0
2025-12-30T02:00:00,975.3276831610814,975.3276831610814,0
2025-12-30T02:15:00,975.3276831610814,975.3276831610814,0
2025-12-30T02:30:00,975.3276831610814,975.3276831610814,0
2025-12-30T02:45:00,975.3276831610814,975.3276831610814,0
2025-12-30T03:00:00,975.3276831610814,975.3276831610814,0
2025-12-30T03:15:00,975.3276831610814,975.3276831610814,0
2025-12-30T03:30:00,975.3276831610814,975.3276831610814,0
2025-12-30T03:45:00,975.3276831610814,975.3276831610814,0
2025-12-30T04:00:00,975.3276831610814,975.3276831610814,0
2025-12-30T04:15:00,975.3276831610814,975.3276831610814,0
2025-12-30T04:30:00,975.3276831610814,975.3276831610814,0
2025-12-30T04:45:00,975.3276831610814,975.3276831610814,0
2025-12-30T05:00:00,975.3276831610814,975.3276831610814,0
2025-12-30T05:15:00,975.3276831610814,975.3276831610814,0
2025-12-30T05:30:00,975.3276831610814,975.3276831610814,0
2025-12-30T05:45:00,975.3276831610814,975.3276831610814,0
2025-12-30T06:00:00,975.3276831610814,975.3276831610814,0
2025-12-30T06:15:00,975.3276831610814,975.3276831610814,0
2025-12-30T06:30:00,975.3276831610814,975.3276831610814,0
2025-12-30T06:45:00,975.3276831610814,975.3276831610814,0
2025-12-30T07:00:00,975.3276831610814,975.3276831610814,0
2025-12-30T07:15:00,975.3276831610814,975.3276831610814,0
2025-12-30T07:30:00,975.3276831610814,975.3276831610814,0
2025-12-30T07:45:00,975.3276831610814,975.3276831610814,0
2025-12-30T08:00:00,975.3276831610814,975.3276831610814,0
2025-12-30T08:15:00,975.3276831610814,975.3276831610814,0
2025-12-30T08:30:00,975.3276831610814,975.3276831610814,0
2025-12-30T08:45:00,975.3276831610814,975.3276831610814,0
2025-12-30T09:00:00,975.3276831610814,975.3276831610814,0
2025-12-30T09:15:00,975.3276831610814,975.3276831610814,0
2025-12-30T09:30:00,975.3276831610814,975.3276831610814,0
2025-12-30T09:45:00,975.3276831610814,975.3276831610814,0
2025-12-30T10:00:00,975.3276831610814,975.3276831610814,0
2025-12-30T10:15:00,975.3276831610814,975.3276831610814,0
2025-12-30T10:30:00,975.3276831610814,975.3276831610814,0
2025-12-30T10:45:00,975.3276831610814,975.3276831610814,0
2025-12-30T11:00:00,975.3276831610814,975.3276831610814,0
2025-12-30T11:15:00,975.3276831610814,975.3276831610814,0
2025-12-30T11:30:00,975.3276831610814,975.3276831610814,0
2025-12-30T11:45:00,975.3276831610814,975.3276831610814,0
2025-12-30T12:00:00,975.3276831610814,975.3276831610814,0
2025-12-30T12:15:00,975.3276831610814,975.3276831610814,0
2025-12-30T12:30:00,975.3276831610814,975.3276831610814,0
2025-12-30T12:45:00,975.3276831610814,975.3276831610814,0
2025-12-30T13:00:00,975.3276831610814,975.3276831610814,0
2025-12-30T13:15:00,975.3276831610814,975.3276831610814,0
2025-12-30T13:30:00,975.3276831610814,975.3276831610814,0
2025-12-30T13:45:00,975.3276831610814,975.3276831610814,0
2025-12-30T14:00:00,975.3276831610814,975.3276831610814,0
2025-12-30T14:15:00,975.3276831610814,975.3276831610814,0
2025-12-30T14:30:00,975.3276831610814,975.3276831610814,0
2025-12-30T14:45:00,975.3276831610814,975.3276831610814,0
2025-12-30T15:00:00,975.3276831610814,975.3276831610814,0
2025-12-30T15:15:00,975.3276831610814,975.3276831610814,0
2025-12-30T15:30:00,975.3276831610814,975.3276831610814,0
2025-12-30T15:45:00,975.3276831610814,975.3276831610814,0
2025-12-30T16:00:00,975.3276831610814,975.3276831610814,0
2025-12-30T16:15:00,975.3276831610814,975.3276831610814,0
2025-12-30T16:30:00,975.3276831610814,975.3276831610814,0
2025-12-30T16:45:00,975.3276831610814,975.3276831610814,0
2025-12-30T17:00:00,975.3276831610814,975.3276831610814,0
2025-12-30T17:15:00,975.3276831610814,975.3276831610814,0
2025-12-30T17:30:00,975.3276831610814,975.3276831610814,0
2025-12-30T17:45:00,975.3276831610814,975.3276831610814,0
2025-12-30T18:00:00,975.3276831610814,975.3276831610814,0
2025-12-30T18:15:00,975.3276831610814,975.3276831610814,0
2025-12-30T18:30:00,975.3276831610814,975.3276831610814,0
2025-12-30T18:45:00,975.3276831610814,975.3276831610814,0
2025-12-30T19:00:00,975.3276831610814,975.3276831610814,0
2025-12-30T19:15:00,975.3276831610814,975.3276831610814,0
2025-12-30T19:30:00,975.3276831610814,975.3276831610814,0
2025-12-30T19:45:00,975.3276831610814,975.3276831610814,0
2025-12-30T20:00:00,975.3276831610814,975.3276831610814,0
2025-12-30T20:15:00,975.3276831610814,975.3276831610814,0
2025-12-30T20:30:00,975.3276831610814,975.3276831610814,0
2025-12-30T20:45:00,975.3276831610814,975.3276831610814,0
2025-12-30T21:00:00,975.3276831610814,975.3276831610814,0
2025-12-30T21:15:00,975.3276831610814,975.3276831610814,0
2025-12-30T21:30:00,975.3276831610814,975.3276831610814,0
2025-12-30T21:45:00,975.3276831610814,975.3276831610814,0
2025-12-30T22:00:00,975.3276831610814,975.3276831610814,0
2025-12-30T22:15:00,975.3276831610814,975.3276831610814,0
2025-12-30T22:30:00,975.3276831610814,975.3276831610814,0
2025-12-30T22:45:00,975.3276831610814,975.3276831610814,0
2025-12-30T23:00:00,975.3276831610814,975.3276831610814,0
2025-12-30T23:15:00,975.3276831610814,975.3276831610814,0
2025-12-30T23:30:00,975.3276831610814,975.3276831610814,0
2025-12-30T23:45:00,975.3276831610814,975.3276831610814,0
2025-12-31T00:00:00,975.3276831610814,975.3276831610814,0
2025-12-31T00:15:00,975.3276831610814,975.3276831610814,0
2025-12-31T00:30:00,975.3276831610814,975.3276831610814,0
2025-12-31T00:45:00,975.3276831610814,975.3276831610814,0
2025-12-31T01:00:00,975.3276831610814,975.3276831610814,0
2025-12-31T01:15:00,975.3276831610814,975.3276831610814,0
2025-12-31T01:30:00,975.3276831610814,975.3276831610814,0
2025-12-31T01:45:00,975.3276831610814,975.3276831610814,0
2025-12-31T02:00:00,975.3276831610814,975.3276831610814,0
2025-12-31T02:15:00,975.3276831610814,975.3276831610814,0
2025-12-31T02:30:00,975.3276831610814,975.3276831610814,0
2025-12-31T02:45:00,975.3276831610814,975.3276831610814,0
2025-12-31T03:00:00,975.3276831610814,975.3276831610814,0
2025-12-31T03:15:00,975.3276831610814,975.3276831610814,0
2025-12-31T03:30:00,975.3276831610814,975.3276831610814,0
2025-12-31T03:45:00,975.3276831610814,975.3276831610814,0
2025-12-31T04:00:00,975.3276831610814,975.3276831610814,0
2025-12-31T04:15:00,975.3276831610814,975.3276831610814,0
2025-12-31T04:30:00,975.3276831610814,975.3276831610814,0
2025-12-31T04:45:00,975.3276831610814,975.3276831610814,0
2025-12-31T05:00:00,975.3276831610814,975.3276831610814,0
2025-12-31T05:15:00,975.3276831610814,975.3276831610814,0
2025-12-31T05:30:00,975.3276831610814,975.3276831610814,0
2025-12-31T05:45:00,975.3276831610814,975.3276831610814,0
2025-12-31T06:00:00,975.3276831610814,975.3276831610814,0
2025-12-31T06:15:00,975.3276831610814,975.3276831610814,0
2025-12-31T06:30:00,975.3276831610814,975.3276831610814,0
2025-12-31T06:45:00,975.3276831610814,975.3276831610814,0
2025-12-31T07:00:00,975.3276831610814,975.3276831610814,0
2025-12-31T07:15:00,975.3276831610814,975.3276831610814,0
2025-12-31T07:30:00,975.3276831610814,975.3276831610814,0
2025-12-31T07:45:00,975.3276831610814,975.3276831610814,0
2025-12-31T08:00:00,975.3276831610814,975.3276831610814,0
2025-12-31T08:15:00,975.3276831610814,975.3276831610814,0
2025-12-31T08:30:00,975.3276831610814,975.3276831610814,0
2025-12-31T08:45:00,975.3276831610814,975.3276831610814,0
2025-12-31T09:00:00,975.3276831610814,975.3276831610814,0
2025-12-31T09:15:00,975.3276831610814,975.3276831610814,0
2025-12-31T09:30:00,975.3276831610814,975.3276831610814,0
2025-12-31T09:45:00,975.3276831610814,975.3276831610814,0
2025-12-31T10:00:00,975.3276831610814,975.3276831610814,0
2025-12-31T10:15:00,975.3276831610814,975.3276831610814,0
2025-12-31T10:30:00,975.3276831610814,975.3276831610814,0
2025-12-31T10:45:00,975.3276831610814,975.3276831610814,0
2025-12-31T11:00:00,975.3276831610814,975.3276831610814,0
2025-12-31T11:15:00,975.3276831610814,975.3276831610814,0
2025-12-31T11:30:00,975.3276831610814,975.3276831610814,0
2025-12-31T11:45:00,975.3276831610814,975.3276831610814,0
2025-12-31T12:00:00,974.4392360902718,858.1010982665847,1
2025-12-31T12:15:00,974.6966217875124,858.1010982665847,1
2025-12-31T12:30:00,973.632760905585,858.1010982665847,1
2025-12-31T12:45:00,972.9682378327093,858.1010982665847,1
2025-12-31T13:00:00,973.4081333879932,858.1010982665847,1
2025-12-31T13:15:00,974.0710965475521,858.1010982665847,1
2025-12-31T13:30:00,973.5516454131212,858.1010982665847,1
2025-12-31T13:45:00,974.5141119294691,858.1010982665847,1
2025-12-31T14:00:00,977.3562739923314,858.1010982665847,1
2025-12-31T14:15:00,976.4062867825162,858.1010982665847,1
2025-12-31T14:30:00,974.7075411807288,858.1010982665847,1
2025-12-31T14:45:00,973.9821814885054,858.1010982665847,1
2025-12-31T15:00:00,971.4843668572275,971.4843668572275,0
2025-12-31T15:15:00,971.4843668572275,971.4843668572275,0
2025-12-31T15:30:00,971.4843668572275,971.4843668572275,0
2025-12-31T15:45:00,971.4843668572275,971.4843668572275,0
2025-12-31T16:00:00,971.4843668572275,971.4843668572275,0
2025-12-31T16:15:00,971.4843668572275,971.4843668572275,0
2025-12-31T16:30:00,971.4843668572275,971.4843668572275,0
2025-12-31T16:45:00,971.4843668572275,971.4843668572275,0
2025-12-31T17:00:00,971.4843668572275,971.4843668572275,0
2025-12-31T17:15:00,971.4843668572275,971.4843668572275,0
2025-12-31T17:30:00,971.4843668572275,971.4843668572275,0
2025-12-31T17:45:00,971.4843668572275,971.4843668572275,0
2025-12-31T18:00:00,971.4843668572275,971.4843668572275,0
2025-12-31T18:15:00,971.4843668572275,971.4843668572275,0
2025-12-31T18:30:00,971.4843668572275,971.4843668572275,0
2025-12-31T18:45:00,971.4843668572275,971.4843668572275,0
2025-12-31T19:00:00,971.4843668572275,971.4843668572275,0
2025-12-31T19:15:00,971.4843668572275,971.4843668572275,0
2025-12-31T19:30:00,971.4843668572275,971.4843668572275,0
2025-12-31T19:45:00,971.4843668572275,971.4843668572275,0
2025-12-31T20:00:00,971.4843668572275,971.4843668572275,0
2025-12-31T20:15:00,971.4843668572275,971.4843668572275,0
2025-12-31T20:30:00,971.4843668572275,971.4843668572275,0
2025-12-31T20:45:00,971.4843668572275,971.4843668572275,0
2025-12-31T21:00:00,971.4843668572275,971.4843668572275,0
2025-12-31T21:15:00,971.4843668572275,971.4843668572275,0
2025-12-31T21:30:00,971.4843668572275,971.4843668572275,0
2025-12-31T21:45:00,971.4843668572275,971.4843668572275,0
2025-12-31T22:00:00,971.4843668572275,971.4843668572275,0
2025-12-31T22:15:00,971.4843668572275,971.4843668572275,0
2025-12-31T22:30:00,971.4843668572275,971.4843668572275,0
2025-12-31T22:45:00,971.4843668572275,971.4843668572275,0
2025-12-31T23:00:00,971.4843668572275,971.4843668572275,0
2025-12-31T23:15:00,971.4843668572275,971.4843668572275,0
2025-12-31T23:30:00,971.4843668572275,971.4843668572275,0
2025-12-31T23:45:00,971.4843668572275,971.4843668572275,0
2026-01-01T00:00:00,971.4843668572275,971.4843668572275,0
2026-01-01T00:15:00,971.4843668572275,971.4843668572275,0
2026-01-01T00:30:00,971.4843668572275,971.4843668572275,0
2026-01-01T00:45:00,971.4843668572275,971.4843668572275,0
2026-01-01T01:00:00,971.4843668572275,971.4843668572275,0
2026-01-01T01:15:00,971.4843668572275,971.4843668572275,0
2026-01-01T01:30:00,971.4843668572275,971.4843668572275,0
2026-01-01T01:45:00,971.4843668572275,971.4843668572275,0
2026-01-01T02:00:00,971.4843668572275,971.4843668572275,0
2026-01-01T02:15:00,971.4843668572275,971.4843668572275,0
2026-01-01T02:30:00,971.4843668572275,971.4843668572275,0
2026-01-01T02:45:00,971.4843668572275,971.4843668572275,0
2026-01-01T03:00:00,971.4843668572275,971.4843668572275,0
2026-01-01T03:15:00,971.4843668572275,971.4843668572275,0
2026-01-01T03:30:00,971.4843668572275,971.4843668572275,0
2026-01-01T03:45:00,971.4843668572275,971.4843668572275,0
2026-01-01T04:00:00,971.4843668572275,971.4843668572275,0
2026-01-01T04:15:00,971.4843668572275,971.4843668572275,0
2026-01-01T04:30:00,971.4843668572275,971.4843668572275,0
2026-01-01T04:45:00,971.4843668572275,971.4843668572275,0
2026-01-01T05:00:00,971.4843668572275,971.4843668572275,0
2026-01-01T05:15:00,971.4843668572275,971.4843668572275,0
2026-01-01T05:30:00,971.4843668572275,971.4843668572275,0
2026-01-01T05:45:00,971.4843668572275,971.4843668572275,0
2026-01-01T06:00:00,971.4843668572275,971.4843668572275,0
2026-01-01T06:15:00,971.4843668572275,971.4843668572275,0
2026-01-01T06:30:00,971.4843668572275,971.4843668572275,0
2026-01-01T06:45:00,971.4843668572275,971.4843668572275,0
2026-01-01T07:00:00,971.4843668572275,971.4843668572275,0
2026-01-01T07:15:00,971.4843668572275,971.4843668572275,0
2026-01-01T07:30:00,971.4843668572275,971.4843668572275,0
2026-01-01T07:45:00,971.4843668572275,971.4843668572275,0
2026-01-01T08:00:00,971.4843668572275,971.4843668572275,0
2026-01-01T08:15:00,971.4843668572275,971.4843668572275,0
2026-01-01T08:30:00,971.4843668572275,971.4843668572275,0
2026-01-01T08:45:00,971.4843668572275,971.4843668572275,0
2026-01-01T09:00:00,971.4843668572275,971.4843668572275,0
2026-01-01T09:15:00,971.4843668572275,971.4843668572275,0
2026-01-01T09:30:00,971.4843668572275,971.4843668572275,0
2026-01-01T09:45:00,971.4843668572275,971.4843668572275,0
2026-01-01T10:00:00,971.4843668572275,971.4843668572275,0
2026-01-01T10:15:00,971.4843668572275,971.4843668572275,0
2026-01-01T10:30:00,971.4843668572275,971.4843668572275,0
2026-01-01T10:45:00,971.4843668572275,971.4843668572275,0
2026-01-01T11:00:00,971.4843668572275,971.4843668572275,0
2026-01-01T11:15:00,971.4843668572275,971.4843668572275,0
2026-01-01T11:30:00,971.4843668572275,971.4843668572275,0
2026-01-01T11:45:00,971.4843668572275,971.4843668572275,0
2026-01-01T12:00:00,971.4843668572275,971.4843668572275,0
2026-01-01T12:15:00,971.4843668572275,971.4843668572275,0
2026-01-01T12:30:00,971.4843668572275,971.4843668572275,0
2026-01-01T12:45:00,971.4843668572275,971.4843668572275,0
2026-01-01T13:00:00,971.4843668572275,971.4843668572275,0
2026-01-01T13:15:00,971.4843668572275,971.4843668572275,0
2026-01-01T13:30:00,971.4843668572275,971.4843668572275,0
2026-01-01T13:45:00,971.4843668572275,971.4843668572275,0
2026-01-01T14:00:00,971.4843668572275,971.4843668572275,0
2026-01-01T14:15:00,971.4843668572275,971.4843668572275,0
2026-01-01T14:30:00,971.4843668572275,971.4843668572275,0
2026-01-01T14:45:00,971.4843668572275,971.4843668572275,0
2026-01-01T15:00:00,971.4843668572275,971.4843668572275,0
2026-01-01T15:15:00,971.4843668572275,971.4843668572275,0
2026-01-01T15:30:00,971.4843668572275,971.4843668572275,0
2026-01-01T15:45:00,971.4843668572275,971.4843668572275,0
2026-01-01T16:00:00,971.4843668572275,971.4843668572275,0
2026-01-01T16:15:00,971.4843668572275,971.4843668572275,0
2026-01-01T16:30:00,971.4843668572275,971.4843668572275,0
2026-01-01T16:45:00,971.4843668572275,971.4843668572275,0
2026-01-01T17:00:00,971.4843668572275,971.4843668572275,0
2026-01-01T17:15:00,971.4843668572275,971.4843668572275,0
2026-01-01T17:30:00,971.4843668572275,971.4843668572275,0
2026-01-01T17:45:00,971.4843668572275,971.4843668572275,0
2026-01-01T18:00:00,971.4843668572275,971.4843668572275,0
2026-01-01T18:15:00,971.4843668572275,971.4843668572275,0
2026-01-01T18:30:00,971.4843668572275,971.4843668572275,0
2026-01-01T18:45:00,971.4843668572275,971.4843668572275,0
2026-01-01T19:00:00,971.4843668572275,971.4843668572275,0
2026-01-01T19:15:00,971.4843668572275,971.4843668572275,0
2026-01-01T19:30:00,971.4843668572275,971.4843668572275,0
2026-01-01T19:45:00,971.4843668572275,971.4843668572275,0
2026-01-01T20:00:00,971.4843668572275,971.4843668572275,0
2026-01-01T20:15:00,971.4843668572275,971.4843668572275,0
2026-01-01T20:30:00,971.4843668572275,971.4843668572275,0
2026-01-01T20:45:00,971.4843668572275,971.4843668572275,0
2026-01-01T21:00:00,971.4843668572275,971.4843668572275,0
2026-01-01T21:15:00,971.4843668572275,971.4843668572275,0
2026-01-01T21:30:00,971.4843668572275,971.4843668572275,0
2026-01-01T21:45:00,971.4843668572275,971.4843668572275,0
2026-01-01T22:00:00,971.4843668572275,971.4843668572275,0
2026-01-01T22:15:00,971.4843668572275,971.4843668572275,0
2026-01-01T22:30:00,971.4843668572275,971.4843668572275,0
2026-01-01T22:45:00,971.4843668572275,971.4843668572275,0
2026-01-01T23:00:00,971.4843668572275,971.4843668572275,0
2026-01-01T23:15:00,970.5994207463225,854.7197178359237,1
2026-01-01T23:30:00,971.2548682126727,854.7197178359237,1
2026-01-01T23:45:00,970.4909542625293,854.7197178359237,1
2026-01-02T00:00:00,969.8401553597702,854.7197178359237,1
2026-01-02T00:15:00,970.2011937986817,854.7197178359237,1
2026-01-02T00:30:00,969.6898518036568,854.7197178359237,1
2026-01-02T00:45:00,970.7931108959531,854.7197178359237,1
2026-01-02T01:00:00,970.6737977637806,854.7197178359237,1
2026-01-02T01:15:00,970.2259861378345,854.7197178359237,1
2026-01-02T01:30:00,969.5745626333077,969.5745626333077,0
2026-01-02T01:45:00,969.5745626333077,969.5745626333077,0
2026-01-02T02:00:00,969.5745626333077,969.5745626333077,0
2026-01-02T02:15:00,969.5745626333077,969.5745626333077,0
2026-01-02T02:30:00,969.5745626333077,969.5745626333077,0
2026-01-02T02:45:00,969.5745626333077,969.5745626333077,0
2026-01-02T03:00:00,969.5745626333077,969.5745626333077,0
2026-01-02T03:15:00,969.5745626333077,969.5745626333077,0
2026-01-02T03:30:00,969.5745626333077,969.5745626333077,0
2026-01-02T03:45:00,969.5745626333077,969.5745626333077,0
2026-01-02T04:00:00,969.5745626333077,969.5745626333077,0
2026-01-02T04:15:00,969.5745626333077,969.5745626333077,0
2026-01-02T04:30:00,969.5745626333077,969.5745626333077,0
2026-01-02T04:45:00,969.5745626333077,969.5745626333077,0
2026-01-02T05:00:00,969.5745626333077,969.5745626333077,0
2026-01-02T05:15:00,969.5745626333077,969.5745626333077,0
2026-01-02T05:30:00,969.5745626333077,969.5745626333077,0
2026-01-02T05:45:00,969.5745626333077,969.5745626333077,0
2026-01-02T06:00:00,969.5745626333077,969.5745626333077,0
2026-01-02T06:15:00,969.5745626333077,969.5745626333077,0
2026-01-02T06:30:00,968.6913562043554,853.0394568012852,1
2026-01-02T06:45:00,967.6864233068724,853.0394568012852,1
2026-01-02T07:00:00,968.2134003140891,853.0394568012852,1
2026-01-02T07:15:00,967.4168071636452,853.0394568012852,1
2026-01-02T07:30:00,966.4777463920643,853.0394568012852,1
2026-01-02T07:45:00,966.0024658176129,966.0024658176129,0
2026-01-02T08:00:00,966.0024658176129,966.0024658176129,0
2026-01-02T08:15:00,966.0024658176129,966.0024658176129,0
2026-01-02T08:30:00,966.0024658176129,966.0024658176129,0
2026-01-02T08:45:00,966.0024658176129,966.0024658176129,0
2026-01-02T09:00:00,966.0024658176129,966.0024658176129,0
2026-01-02T09:15:00,966.0024658176129,966.0024658176129,0
2026-01-02T09:30:00,966.0024658176129,966.0024658176129,0
2026-01-02T09:45:00,966.0024658176129,966.0024658176129,0
2026-01-02T10:00:00,966.0024658176129,966.0024658176129,0
2026-01-02T10:15:00,966.0024658176129,966.0024658176129,0
2026-01-02T10:30:00,966.0024658176129,966.0024658176129,0
2026-01-02T10:45:00,966.0024658176129,966.0024658176129,0
2026-01-02T11:00:00,966.0024658176129,966.0024658176129,0
2026-01-02T11:15:00,966.0024658176129,966.0024658176129,0
2026-01-02T11:30:00,966.0024658176129,966.0024658176129,0
2026-01-02T11:45:00,966.0024658176129,966.0024658176129,0
2026-01-02T12:00:00,966.0024658176129,966.0024658176129,0
2026-01-02T12:15:00,966.0024658176129,966.0024658176129,0
2026-01-02T12:30:00,966.0024658176129,966.0024658176129,0
2026-01-02T12:45:00,966.0024658176129,966.0024658176129,0
2026-01-02T13:00:00,966.0024658176129,966.0024658176129,0
2026-01-02T13:15:00,966.0024658176129,966.0024658176129,0
2026-01-02T13:30:00,966.0024658176129,966.0024658176129,0
2026-01-02T13:45:00,966.0024658176129,966.0024658176129,0
2026-01-02T14:00:00,966.0024658176129,966.0024658176129,0
2026-01-02T14:15:00,966.0024658176129,966.0024658176129,0
2026-01-02T14:30:00,966.0024658176129,966.0024658176129,0
2026-01-02T14:45:00,966.0024658176129,966.0024658176129,0
2026-01-02T15:00:00,966.0024658176129,966.0024658176129,0
2026-01-02T15:15:00,966.0024658176129,966.0024658176129,0
2026-01-02T15:30:00,966.0024658176129,966.0024658176129,0
2026-01-02T15:45:00,966.0024658176129,966.0024658176129,0
2026-01-02T16:00:00,966.0024658176129,966.0024658176129,0
2026-01-02T16:15:00,966.0024658176129,966.0024658176129,0
2026-01-02T16:30:00,966.0024658176129,966.0024658176129,0
2026-01-02T16:45:00,966.0024658176129,966.0024658176129,0
2026-01-02T17:00:00,965.1225132888702,849.8966974460624,1
2026-01-02T17:15:00,964.3111849951287,849.8966974460624,1
2026-01-02T17:30:00,963.682774353067,849.8966974460624,1
2026-01-02T17:45:00,962.8227663617009,849.8966974460624,1
2026-01-02T18:00:00,962.9407777498815,849.8966974460624,1
2026-01-02T18:15:00,962.8950483369615,849.8966974460624,1
2026-01-02T18:30:00,960.845757103725,960.845757103725,0
2026-01-02T18:45:00,960.845757103725,960.845757103725,0
2026-01-02T19:00:00,960.845757103725,960.845757103725,0
2026-01-02T19:15:00,960.845757103725,960.845757103725,0
2026-01-02T19:30:00,960.845757103725,960.845757103725,0
2026-01-02T19:45:00,960.845757103725,960.845757103725,0
2026-01-02T20:00:00,960.845757103725,960.845757103725,0
2026-01-02T20:15:00,960.845757103725,960.845757103725,0
2026-01-02T20:30:00,960.845757103725,960.845757103725,0
2026-01-02T20:45:00,960.845757103725,960.845757103725,0
2026-01-02T21:00:00,960.845757103725,960.845757103725,0
2026-01-02T21:15:00,960.845757103725,960.845757103725,0
2026-01-02T21:30:00,960.845757103725,960.845757103725,0
2026-01-02T21:45:00,960.845757103725,960.845757103725,0
2026-01-02T22:00:00,960.845757103725,960.845757103725,0
2026-01-02T22:15:00,960.845757103725,960.845757103725,0
2026-01-02T22:30:00,960.845757103725,960.845757103725,0
2026-01-02T22:45:00,960.845757103725,960.845757103725,0
2026-01-02T23:00:00,960.845757103725,960.845757103725,0
2026-01-02T23:15:00,960.845757103725,960.845757103725,0
2026-01-02T23:30:00,960.845757103725,960.845757103725,0
2026-01-02T23:45:00,960.845757103725,960.845757103725,0
2026-01-03T00:00:00,960.845757103725,960.845757103725,0
2026-01-03T00:15:00,960.845757103725,960.845757103725,0
2026-01-03T00:30:00,960.845757103725,960.845757103725,0
2026-01-03T00:45:00,960.845757103725,960.845757103725,0
2026-01-03T01:00:00,960.845757103725,960.845757103725,0
2026-01-03T01:15:00,960.845757103725,960.845757103725,0
2026-01-03T01:30:00,960.845757103725,960.845757103725,0
2026-01-03T01:45:00,960.845757103725,960.845757103725,0
2026-01-03T02:00:00,960.845757103725,960.845757103725,0
2026-01-03T02:15:00,960.845757103725,960.845757103725,0
2026-01-03T02:30:00,960.845757103725,960.845757103725,0
2026-01-03T02:45:00,960.845757103725,960.845757103725,0
2026-01-03T03:00:00,960.845757103725,960.845757103725,0
2026-01-03T03:15:00,960.845757103725,960.845757103725,0
2026-01-03T03:30:00,960.845757103725,960.845757103725,0
2026-01-03T03:45:00,960.845757103725,960.845757103725,0
2026-01-03T04:00:00,960.845757103725,960.845757103725,0
2026-01-03T04:15:00,960.845757103725,960.845757103725,0
2026-01-03T04:30:00,960.845757103725,960.845757103725,0
2026-01-03T04:45:00,960.845757103725,960.845757103725,0
2026-01-03T05:00:00,960.845757103725,960.845757103725,0
2026-01-03T05:15:00,960.845757103725,960.845757103725,0
2026-01-03T05:30:00,960.845757103725,960.845757103725,0
2026-01-03T05:45:00,960.845757103725,960.845757103725,0
2026-01-03T06:00:00,960.845757103725,960.845757103725,0
2026-01-03T06:15:00,960.845757103725,960.845757103725,0
2026-01-03T06:30:00,960.845757103725,960.845757103725,0
2026-01-03T06:45:00,960.845757103725,960.845757103725,0
2026-01-03T07:00:00,960.845757103725,960.845757103725,0
2026-01-03T07:15:00,960.845757103725,960.845757103725,0
2026-01-03T07:30:00,960.845757103725,960.845757103725,0
2026-01-03T07:45:00,960.845757103725,960.845757103725,0
2026-01-03T08:00:00,960.845757103725,960.845757103725,0
2026-01-03T08:15:00,960.845757103725,960.845757103725,0
2026-01-03T08:30:00,960.845757103725,960.845757103725,0
2026-01-03T08:45:00,960.845757103725,960.845757103725,0
2026-01-03T09:00:00,960.845757103725,960.845757103725,0
2026-01-03T09:15:00,960.845757103725,960.845757103725,0
2026-01-03T09:30:00,960.845757103725,960.845757103725,0
2026-01-03T09:45:00,960.845757103725,960.845757103725,0
2026-01-03T10:00:00,960.845757103725,960.845757103725,0
2026-01-03T10:15:00,960.845757103725,960.845757103725,0
2026-01-03T10:30:00,960.845757103725,960.845757103725,0
2026-01-03T10:45:00,960.845757103725,960.845757103725,0
2026-01-03T11:00:00,960.845757103725,960.845757103725,0
2026-01-03T11:15:00,960.845757103725,960.845757103725,0
2026-01-03T11:30:00,960.845757103725,960.845757103725,0
2026-01-03T11:45:00,960.845757103725,960.845757103725,0
2026-01-03T12:00:00,960.845757103725,960.845757103725,0
2026-01-03T12:15:00,960.845757103725,960.845757103725,0
2026-01-03T12:30:00,960.845757103725,960.845757103725,0
2026-01-03T12:45:00,960.845757103725,960.845757103725,0
2026-01-03T13:00:00,960.845757103725,960.845757103725,0
2026-01-03T13:15:00,960.845757103725,960.845757103725,0
2026-01-03T13:30:00,960.845757103725,960.845757103725,0
2026-01-03T13:45:00,960.845757103725,960.845757103725,0
2026-01-03T14:00:00,960.845757103725,960.845757103725,0
2026-01-03T14:15:00,960.845757103725,960.845757103725,0
2026-01-03T14:30:00,960.845757103725,960.845757103725,0
2026-01-03T14:45:00,960.845757103725,960.845757103725,0
2026-01-03T15:00:00,960.845757103725,960.845757103725,0
2026-01-03T15:15:00,960.845757103725,960.845757103725,0
2026-01-03T15:30:00,960.845757103725,960.845757103725,0
2026-01-03T15:45:00,960.845757103725,960.845757103725,0
2026-01-03T16:00:00,960.845757103725,960.845757103725,0
2026-01-03T16:15:00,960.845757103725,960.845757103725,0
2026-01-03T16:30:00,960.845757103725,960.845757103725,0
2026-01-03T16:45:00,960.845757103725,960.845757103725,0
2026-01-03T17:00:00,960.845757103725,960.845757103725,0
2026-01-03T17:15:00,960.845757103725,960.845757103725,0
2026-01-03T17:30:00,960.845757103725,960.845757103725,0
2026-01-03T17:45:00,960.845757103725,960.845757103725,0
2026-01-03T18:00:00,960.845757103725,960.845757103725,0
2026-01-03T18:15:00,959.9705019324253,845.3597838659141,1
2026-01-03T18:30:00,959.7606488543588,845.3597838659141,1
2026-01-03T18:45:00,960.0177927669191,845.3597838659141,1
2026-01-03T19:00:00,959.2936518637322,845.3597838659141,1
2026-01-03T19:15:00,959.496115748909,845.3597838659141,1
2026-01-03T19:30:00,959.6808455711505,845.3597838659141,1
2026-01-03T19:45:00,959.5256725204677,845.3597838659141,1
2026-01-03T20:00:00,958.4421742284483,958.4421742284483,0
2026-01-03T20:15:00,958.4421742284483,958.4421742284483,0
2026-01-03T20:30:00,958.4421742284483,958.4421742284483,0
2026-01-03T20:45:00,958.4421742284483,958.4421742284483,0
2026-01-03T21:00:00,958.4421742284483,958.4421742284483,0
2026-01-03T21:15:00,958.4421742284483,958.4421742284483,0
2026-01-03T21:30:00,958.4421742284483,958.4421742284483,0
2026-01-03T21:45:00,958.4421742284483,958.4421742284483,0
2026-01-03T22:00:00,958.4421742284483,958.4421742284483,0
2026-01-03T22:15:00,958.4421742284483,958.4421742284483,0
2026-01-03T22:30:00,958.4421742284483,958.4421742284483,0
2026-01-03T22:45:00,958.4421742284483,958.4421742284483,0
2026-01-03T23:00:00,958.4421742284483,958.4421742284483,0
2026-01-03T23:15:00,958.4421742284483,958.4421742284483,0
2026-01-03T23:30:00,958.4421742284483,958.4421742284483,0
2026-01-03T23:45:00,958.4421742284483,958.4421742284483,0
2026-01-04T00:00:00,957.5691085327493,843.2450924235826,1
2026-01-04T00:15:00,956.4002602836747,843.2450924235826,1
2026-01-04T00:30:00,957.2889351696753,843.2450924235826,1
2026-01-04T00:45:00,958.9962416009079,843.2450924235826,1
2026-01-04T01:00:00,958.8911765897551,843.2450924235826,1
2026-01-04T01:15:00,957.6479072911139,843.2450924235826,1
2026-01-04T01:30:00,957.3400084389856,843.2450924235826,1
2026-01-04T01:45:00,957.8901405112717,843.2450924235826,1
2026-01-04T02:00:00,956.732966152325,843.2450924235826,1
2026-01-04T02:15:00,957.3677339280398,843.2450924235826,1
2026-01-04T02:30:00,956.4443016711541,956.4443016711541,0
2026-01-04T02:45:00,956.4443016711541,956.4443016711541,0
2026-01-04T03:00:00,956.4443016711541,956.4443016711541,0
2026-01-04T03:15:00,956.4443016711541,956.4443016711541,0
2026-01-04T03:30:00,956.4443016711541,956.4443016711541,0
2026-01-04T03:45:00,956.4443016711541,956.4443016711541,0
2026-01-04T04:00:00,956.4443016711541,956.4443016711541,0
2026-01-04T04:15:00,956.4443016711541,956.4443016711541,0
2026-01-04T04:30:00,956.4443016711541,956.4443016711541,0
2026-01-04T04:45:00,956.4443016711541,956.4443016711541,0
2026-01-04T05:00:00,956.4443016711541,956.4443016711541,0
2026-01-04T05:15:00,956.4443016711541,956.4443016711541,0
2026-01-04T05:30:00,956.4443016711541,956.4443016711541,0
2026-01-04T05:45:00,956.4443016711541,956.4443016711541,0
2026-01-04T06:00:00,955.5730558807567,841.4873481646947,1
2026-01-04T06:15:00,954.9436295289901,841.4873481646947,1
2026-01-04T06:30:00,953.6539230827827,841.4873481646947,1
2026-01-04T06:45:00,953.410493553872,841.4873481646947,1
2026-01-04T07:00:00,953.8418958845855,841.4873481646947,1
2026-01-04T07:15:00,953.7627862882961,841.4873481646947,1
2026-01-04T07:30:00,954.6762470945025,841.4873481646947,1
2026-01-04T07:45:00,954.8829221649602,841.4873481646947,1
2026-01-04T08:00:00,953.784738951236,841.4873481646947,1
2026-01-04T08:15:00,953.0284134560995,953.0284134560995,0
2026-01-04T08:30:00,953.0284134560995,953.0284134560995,0
2026-01-04T08:45:00,953.0284134560995,953.0284134560995,0
2026-01-04T09:00:00,953.0284134560995,953.0284134560995,0
2026-01-04T09:15:00,953.0284134560995,953.0284134560995,0
2026-01-04T09:30:00,953.0284134560995,953.0284134560995,0
2026-01-04T09:45:00,953.0284134560995,953.0284134560995,0
2026-01-04T10:00:00,953.0284134560995,953.0284134560995,0
2026-01-04T10:15:00,953.0284134560995,953.0284134560995,0
2026-01-04T10:30:00,953.0284134560995,953.0284134560995,0
2026-01-04T10:45:00,953.0284134560995,953.0284134560995,0
2026-01-04T11:00:00,953.0284134560995,953.0284134560995,0
2026-01-04T11:15:00,953.0284134560995,953.0284134560995,0
2026-01-04T11:30:00,953.0284134560995,953.0284134560995,0
2026-01-04T11:45:00,953.0284134560995,953.0284134560995,0
2026-01-04T12:00:00,953.0284134560995,953.0284134560995,0
2026-01-04T12:15:00,953.0284134560995,953.0284134560995,0
2026-01-04T12:30:00,953.0284134560995,953.0284134560995,0
2026-01-04T12:45:00,953.0284134560995,953.0284134560995,0
2026-01-04T13:00:00,953.0284134560995,953.0284134560995,0
2026-01-04T13:15:00,953.0284134560995,953.0284134560995,0
2026-01-04T13:30:00,953.0284134560995,953.0284134560995,0
2026-01-04T13:45:00,953.0284134560995,953.0284134560995,0
2026-01-04T14:00:00,953.0284134560995,953.0284134560995,0
2026-01-04T14:15:00,953.0284134560995,953.0284134560995,0
2026-01-04T14:30:00,953.0284134560995,953.0284134560995,0
2026-01-04T14:45:00,953.0284134560995,953.0284134560995,0
2026-01-04T15:00:00,953.0284134560995,953.0284134560995,0
2026-01-04T15:15:00,953.0284134560995,953.0284134560995,0
2026-01-04T15:30:00,953.0284134560995,953.0284134560995,0
2026-01-04T15:45:00,953.0284134560995,953.0284134560995,0
2026-01-04T16:00:00,953.0284134560995,953.0284134560995,0
2026-01-04T16:15:00,953.0284134560995,953.0284134560995,0
2026-01-04T16:30:00,953.0284134560995,953.0284134560995,0
2026-01-04T16:45:00,953.0284134560995,953.0284134560995,0
2026-01-04T17:00:00,953.0284134560995,953.0284134560995,0
2026-01-04T17:15:00,953.0284134560995,953.0284134560995,0
2026-01-04T17:30:00,953.0284134560995,953.0284134560995,0
2026-01-04T17:45:00,953.0284134560995,953.0284134560995,0
2026-01-04T18:00:00,953.0284134560995,953.0284134560995,0
2026-01-04T18:15:00,953.0284134560995,953.0284134560995,0
2026-01-04T18:30:00,953.0284134560995,953.0284134560995,0
2026-01-04T18:45:00,953.0284134560995,953.0284134560995,0
2026-01-04T19:00:00,953.0284134560995,953.0284134560995,0
2026-01-04T19:15:00,953.0284134560995,953.0284134560995,0
2026-01-04T19:30:00,953.0284134560995,953.0284134560995,0
2026-01-04T19:45:00,953.0284134560995,953.0284134560995,0
2026-01-04T20:00:00,953.0284134560995,953.0284134560995,0
2026-01-04T20:15:00,953.0284134560995,953.0284134560995,0
2026-01-04T20:30:00,953.0284134560995,953.0284134560995,0
2026-01-04T20:45:00,953.0284134560995,953.0284134560995,0
2026-01-04T21:00:00,953.0284134560995,953.0284134560995,0
2026-01-04T21:15:00,953.0284134560995,953.0284134560995,0
2026-01-04T21:30:00,953.0284134560995,953.0284134560995,0
2026-01-04T21:45:00,953.0284134560995,953.0284134560995,0
2026-01-04T22:00:00,953.0284134560995,953.0284134560995,0
2026-01-04T22:15:00,953.0284134560995,953.0284134560995,0
2026-01-04T22:30:00,953.0284134560995,953.0284134560995,0
2026-01-04T22:45:00,953.0284134560995,953.0284134560995,0
2026-01-04T23:00:00,953.0284134560995,953.0284134560995,0
2026-01-04T23:15:00,953.0284134560995,953.0284134560995,0
2026-01-04T23:30:00,953.0284134560995,953.0284134560995,0
2026-01-04T23:45:00,953.0284134560995,953.0284134560995,0
2026-01-05T00:00:00,952.1602792721204,838.482022385984,1
2026-01-05T00:15:00,951.9218430045564,838.482022385984,1
2026-01-05T00:30:00,952.8972098751855,838.482022385984,1
2026-01-05T00:45:00,954.6957957292198,838.482022385984,1
2026-01-05T01:00:00,957.4242681151668,838.482022385984,1
2026-01-05T01:15:00,957.5433619857283,838.482022385984,1
2026-01-05T01:30:00,958.6450796989981,838.482022385984,1
2026-01-05T01:45:00,957.488338231675,838.482022385984,1
2026-01-05T02:00:00,957.0033637345682,838.482022385984,1
2026-01-05T02:15:00,956.3894537198335,838.482022385984,1
2026-01-05T02:30:00,957.2660561827807,838.482022385984,1
2026-01-05T02:45:00,957.8155481439898,838.482022385984,1
2026-01-05T03:00:00,957.6509739347123,838.482022385984,1
2026-01-05T03:15:00,957.6240336685001,838.482022385984,1
2026-01-05T03:30:00,957.3404152939494,838.482022385984,1
2026-01-05T03:45:00,956.6780199316978,956.6780199316978,0
2026-01-05T04:00:00,956.6780199316978,956.6780199316978,0
2026-01-05T04:15:00,956.6780199316978,956.6780199316978,0
2026-01-05T04:30:00,956.6780199316978,956.6780199316978,0
2026-01-05T04:45:00,956.6780199316978,956.6780199316978,0
2026-01-05T05:00:00,956.6780199316978,956.6780199316978,0
2026-01-05T05:15:00,956.6780199316978,956.6780199316978,0
2026-01-05T05:30:00,956.6780199316978,956.6780199316978,0
2026-01-05T05:45:00,956.6780199316978,956.6780199316978,0
2026-01-05T06:00:00,956.6780199316978,956.6780199316978,0
2026-01-05T06:15:00,956.6780199316978,956.6780199316978,0
2026-01-05T06:30:00,956.6780199316978,956.6780199316978,0
2026-01-05T06:45:00,956.6780199316978,956.6780199316978,0
2026-01-05T07:00:00,956.6780199316978,956.6780199316978,0
2026-01-05T07:15:00,956.6780199316978,956.6780199316978,0
2026-01-05T07:30:00,956.6780199316978,956.6780199316978,0
2026-01-05T07:45:00,956.6780199316978,956.6780199316978,0
2026-01-05T08:00:00,956.6780199316978,956.6780199316978,0
2026-01-05T08:15:00,956.6780199316978,956.6780199316978,0
2026-01-05T08:30:00,956.6780199316978,956.6780199316978,0
2026-01-05T08:45:00,956.6780199316978,956.6780199316978,0
2026-01-05T09:00:00,956.6780199316978,956.6780199316978,0
2026-01-05T09:15:00,956.6780199316978,956.6780199316978,0
2026-01-05T09:30:00,956.6780199316978,956.6780199316978,0
2026-01-05T09:45:00,956.6780199316978,956.6780199316978,0
2026-01-05T10:00:00,956.6780199316978,956.6780199316978,0
2026-01-05T10:15:00,956.6780199316978,956.6780199316978,0
2026-01-05T10:30:00,956.6780199316978,956.6780199316978,0
2026-01-05T10:45:00,956.6780199316978,956.6780199316978,0
2026-01-05T11:00:00,955.8065612422845,841.6929753600672,1
2026-01-05T11:15:00,956.1990723399175,841.6929753600672,1
2026-01-05T11:30:00,956.3983882116783,841.6929753600672,1
2026-01-05T11:45:00,957.0000378305225,841.6929753600672,1
2026-01-05T12:00:00,957.1052240917218,841.6929753600672,1
2026-01-05T12:15:00,955.9809996501108,841.6929753600672,1
2026-01-05T12:30:00,955.0666566602147,955.0666566602147,0
2026-01-05T12:45:00,955.0666566602147,955.0666566602147,0
2026-01-05T13:00:00,955.0666566602147,955.0666566602147,0
2026-01-05T13:15:00,955.0666566602147,955.0666566602147,0
2026-01-05T13:30:00,955.0666566602147,955.0666566602147,0
2026-01-05T13:45:00,955.0666566602147,955.0666566602147,0
2026-01-05T14:00:00,955.0666566602147,955.0666566602147,0
2026-01-05T14:15:00,955.0666566602147,955.0666566602147,0
2026-01-05T14:30:00,955.0666566602147,955.0666566602147,0
2026-01-05T14:45:00,955.0666566602147,955.0666566602147,0
2026-01-05T15:00:00,955.0666566602147,955.0666566602147,0
2026-01-05T15:15:00,955.0666566602147,955.0666566602147,0
2026-01-05T15:30:00,955.0666566602147,955.0666566602147,0
2026-01-05T15:45:00,955.0666566602147,955.0666566602147,0
2026-01-05T16:00:00,955.0666566602147,955.0666566602147,0
2026-01-05T16:15:00,955.0666566602147,955.0666566602147,0
2026-01-05T16:30:00,955.0666566602147,955.0666566602147,0
2026-01-05T16:45:00,955.0666566602147,955.0666566602147,0
2026-01-05T17:00:00,955.0666566602147,955.0666566602147,0
2026-01-05T17:15:00,955.0666566602147,955.0666566602147,0
2026-01-05T17:30:00,955.0666566602147,955.0666566602147,0
2026-01-05T17:45:00,954.1966657964391,840.2752850629101,1
2026-01-05T18:00:00,953.7949573263826,840.2752850629101,1
2026-01-05T18:15:00,952.5100600214503,840.2752850629101,1
2026-01-05T18:30:00,952.5428234782279,840.2752850629101,1
2026-01-05T18:45:00,956.3220169926243,840.2752850629101,1
2026-01-05T19:00:00,955.2821333644639,840.2752850629101,1
2026-01-05T19:15:00,955.6468048833804,840.2752850629101,1
2026-01-05T19:30:00,955.1012221031265,840.2752850629101,1
2026-01-05T19:45:00,955.5770044754628,840.2752850629101,1
2026-01-05T20:00:00,957.6254327731265,840.2752850629101,1
2026-01-05T20:15:00,960.9744278550511,840.2752850629101,1
2026-01-05T20:30:00,958.4644621662587,840.2752850629101,1
2026-01-05T20:45:00,958.2636079312304,840.2752850629101,1
2026-01-05T21:00:00,957.4487950061514,840.2752850629101,1
2026-01-05T21:15:00,956.9744371319358,840.2752850629101,1
2026-01-05T21:30:00,958.0570557037191,840.2752850629101,1
2026-01-05T21:45:00,957.3814720813768,957.3814720813768,0
2026-01-05T22:00:00,957.3814720813768,957.3814720813768,0
2026-01-05T22:15:00,957.3814720813768,957.3814720813768,0
2026-01-05T22:30:00,957.3814720813768,957.3814720813768,0
2026-01-05T22:45:00,957.3814720813768,957.3814720813768,0
2026-01-05T23:00:00,957.3814720813768,957.3814720813768,0
2026-01-05T23:15:00,957.3814720813768,957.3814720813768,0
2026-01-05T23:30:00,957.3814720813768,957.3814720813768,0
2026-01-05T23:45:00,957.3814720813768,957.3814720813768,0
2026-01-06T00:00:00,957.3814720813768,957.3814720813768,0
2026-01-06T00:15:00,957.3814720813768,957.3814720813768,0
2026-01-06T00:30:00,957.3814720813768,957.3814720813768,0
2026-01-06T00:45:00,957.3814720813768,957.3814720813768,0
2026-01-06T01:00:00,957.3814720813768,957.3814720813768,0
2026-01-06T01:15:00,957.3814720813768,957.3814720813768,0
2026-01-06T01:30:00,957.3814720813768,957.3814720813768,0
2026-01-06T01:45:00,957.3814720813768,957.3814720813768,0
2026-01-06T02:00:00,957.3814720813768,957.3814720813768,0
2026-01-06T02:15:00,957.3814720813768,957.3814720813768,0
2026-01-06T02:30:00,957.3814720813768,957.3814720813768,0
2026-01-06T02:45:00,957.3814720813768,957.3814720813768,0
2026-01-06T03:00:00,957.3814720813768,957.3814720813768,0
2026-01-06T03:15:00,957.3814720813768,957.3814720813768,0
2026-01-06T03:30:00,957.3814720813768,957.3814720813768,0
2026-01-06T03:45:00,957.3814720813768,957.3814720813768,0
2026-01-06T04:00:00,957.3814720813768,957.3814720813768,0
2026-01-06T04:15:00,957.3814720813768,957.3814720813768,0
2026-01-06T04:30:00,957.3814720813768,957.3814720813768,0
2026-01-06T04:45:00,957.3814720813768,957.3814720813768,0
2026-01-06T05:00:00,957.3814720813768,957.3814720813768,0
2026-01-06T05:15:00,957.3814720813768,957.3814720813768,0
2026-01-06T05:30:00,957.3814720813768,957.3814720813768,0
2026-01-06T05:45:00,957.3814720813768,957.3814720813768,0
2026-01-06T06:00:00,957.3814720813768,957.3814720813768,0
2026-01-06T06:15:00,957.3814720813768,957.3814720813768,0
2026-01-06T06:30:00,956.5093726021935,842.3118781889721,1
2026-01-06T06:45:00,955.5599797940712,842.3118781889721,1
2026-01-06T07:00:00,954.544186000857,842.3118781889721,1
2026-01-06T07:15:00,952.4038623196981,952.4038623196981,0
2026-01-06T07:30:00,952.4038623196981,952.4038623196981,0
2026-01-06T07:45:00,952.4038623196981,952.4038623196981,0
2026-01-06T08:00:00,952.4038623196981,952.4038623196981,0
2026-01-06T08:15:00,952.4038623196981,952.4038623196981,0
2026-01-06T08:30:00,952.4038623196981,952.4038623196981,0
2026-01-06T08:45:00,952.4038623196981,952.4038623196981,0
2026-01-06T09:00:00,952.4038623196981,952.4038623196981,0
2026-01-06T09:15:00,952.4038623196981,952.4038623196981,0
2026-01-06T09:30:00,952.4038623196981,952.4038623196981,0
2026-01-06T09:45:00,952.4038623196981,952.4038623196981,0
2026-01-06T10:00:00,952.4038623196981,952.4038623196981,0
2026-01-06T10:15:00,952.4038623196981,952.4038623196981,0
2026-01-06T10:30:00,952.4038623196981,952.4038623196981,0
2026-01-06T10:45:00,952.4038623196981,952.4038623196981,0
2026-01-06T11:00:00,952.4038623196981,952.4038623196981,0
2026-01-06T11:15:00,952.4038623196981,952.4038623196981,0
2026-01-06T11:30:00,952.4038623196981,952.4038623196981,0
2026-01-06T11:45:00,952.4038623196981,952.4038623196981,0
2026-01-06T12:00:00,952.4038623196981,952.4038623196981,0
2026-01-06T12:15:00,952.4038623196981,952.4038623196981,0
2026-01-06T12:30:00,952.4038623196981,952.4038623196981,0
2026-01-06T12:45:00,952.4038623196981,952.4038623196981,0
2026-01-06T13:00:00,952.4038623196981,952.4038623196981,0
2026-01-06T13:15:00,952.4038623196981,952.4038623196981,0
2026-01-06T13:30:00,952.4038623196981,952.4038623196981,0
2026-01-06T13:45:00,952.4038623196981,952.4038623196981,0
2026-01-06T14:00:00,952.4038623196981,952.4038623196981,0
2026-01-06T14:15:00,952.4038623196981,952.4038623196981,0
2026-01-06T14:30:00,952.4038623196981,952.4038623196981,0
2026-01-06T14:45:00,952.4038623196981,952.4038623196981,0
2026-01-06T15:00:00,952.4038623196981,952.4038623196981,0
2026-01-06T15:15:00,952.4038623196981,952.4038623196981,0
2026-01-06T15:30:00,952.4038623196981,952.4038623196981,0
2026-01-06T15:45:00,952.4038623196981,952.4038623196981,0
2026-01-06T16:00:00,952.4038623196981,952.4038623196981,0
2026-01-06T16:15:00,952.4038623196981,952.4038623196981,0
2026-01-06T16:30:00,952.4038623196981,952.4038623196981,0
2026-01-06T16:45:00,952.4038623196981,952.4038623196981,0
2026-01-06T17:00:00,952.4038623196981,952.4038623196981,0
2026-01-06T17:15:00,952.4038623196981,952.4038623196981,0
2026-01-06T17:30:00,952.4038623196981,952.4038623196981,0
2026-01-06T17:45:00,952.4038623196981,952.4038623196981,0
2026-01-06T18:00:00,951.5342398558792,837.9325372997689,1
2026-01-06T18:15:00,950.652932408749,837.9325372997689,1
2026-01-06T18:30:00,950.972279217918,837.9325372997689,1
2026-01-06T18:45:00,950.5022086922593,837.9325372997689,1
2026-01-06T19:00:00,949.5907365582366,837.9325372997689,1
2026-01-06T19:15:00,949.4412094574251,837.9325372997689,1
2026-01-06T19:30:00,950.1058297487945,837.9325372997689,1
2026-01-06T19:45:00,950.1511515676133,837.9325372997689,1
2026-01-06T20:00:00,948.1861304688715,948.1861304688715,0
2026-01-06T20:15:00,948.1861304688715,948.1861304688715,0
2026-01-06T20:30:00,948.1861304688715,948.1861304688715,0
2026-01-06T20:45:00,948.1861304688715,948.1861304688715,0
2026-01-06T21:00:00,948.1861304688715,948.1861304688715,0
2026-01-06T21:15:00,948.1861304688715,948.1861304688715,0
2026-01-06T21:30:00,948.1861304688715,948.1861304688715,0
2026-01-06T21:45:00,948.1861304688715,948.1861304688715,0
2026-01-06T22:00:00,948.1861304688715,948.1861304688715,0
2026-01-06T22:15:00,948.1861304688715,948.1861304688715,0
2026-01-06T22:30:00,948.1861304688715,948.1861304688715,0
2026-01-06T22:45:00,948.1861304688715,948.1861304688715,0
2026-01-06T23:00:00,948.1861304688715,948.1861304688715,0
2026-01-06T23:15:00,948.1861304688715,948.1861304688715,0
2026-01-06T23:30:00,948.1861304688715,948.1861304688715,0
2026-01-06T23:45:00,948.1861304688715,948.1861304688715,0
2026-01-07T00:00:00,948.1861304688715,948.1861304688715,0
2026-01-07T00:15:00,948.1861304688715,948.1861304688715,0
2026-01-07T00:30:00,948.1861304688715,948.1861304688715,0
2026-01-07T00:45:00,948.1861304688715,948.1861304688715,0
2026-01-07T01:00:00,948.1861304688715,948.1861304688715,0
2026-01-07T01:15:00,948.1861304688715,948.1861304688715,0
2026-01-07T01:30:00,948.1861304688715,948.1861304688715,0
2026-01-07T01:45:00,948.1861304688715,948.1861304688715,0
2026-01-07T02:00:00,948.1861304688715,948.1861304688715,0
2026-01-07T02:15:00,948.1861304688715,948.1861304688715,0
2026-01-07T02:30:00,948.1861304688715,948.1861304688715,0
2026-01-07T02:45:00,948.1861304688715,948.1861304688715,0
2026-01-07T03:00:00,948.1861304688715,948.1861304688715,0
2026-01-07T03:15:00,948.1861304688715,948.1861304688715,0
2026-01-07T03:30:00,948.1861304688715,948.1861304688715,0
2026-01-07T03:45:00,948.1861304688715,948.1861304688715,0
2026-01-07T04:00:00,948.1861304688715,948.1861304688715,0
2026-01-07T04:15:00,948.1861304688715,948.1861304688715,0
2026-01-07T04:30:00,948.1861304688715,948.1861304688715,0
2026-01-07T04:45:00,948.1861304688715,948.1861304688715,0
2026-01-07T05:00:00,948.1861304688715,948.1861304688715,0
2026-01-07T05:15:00,948.1861304688715,948.1861304688715,0
2026-01-07T05:30:00,948.1861304688715,948.1861304688715,0
2026-01-07T05:45:00,948.1861304688715,948.1861304688715,0
2026-01-07T06:00:00,948.1861304688715,948.1861304688715,0
2026-01-07T06:15:00,948.1861304688715,948.1861304688715,0
2026-01-07T06:30:00,948.1861304688715,948.1861304688715,0
2026-01-07T06:45:00,948.1861304688715,948.1861304688715,0
2026-01-07T07:00:00,948.1861304688715,948.1861304688715,0
2026-01-07T07:15:00,948.1861304688715,948.1861304688715,0
2026-01-07T07:30:00,948.1861304688715,948.1861304688715,0
2026-01-07T07:45:00,948.1861304688715,948.1861304688715,0
2026-01-07T08:00:00,948.1861304688715,948.1861304688715,0
2026-01-07T08:15:00,948.1861304688715,948.1861304688715,0
2026-01-07T08:30:00,948.1861304688715,948.1861304688715,0
2026-01-07T08:45:00,948.1861304688715,948.1861304688715,0
2026-01-07T09:00:00,947.3203591384939,834.2217430755569,1
2026-01-07T09:15:00,948.9495186963195,834.2217430755569,1
2026-01-07T09:30:00,949.9953220759587,834.2217430755569,1
2026-01-07T09:45:00,950.1389508767517,834.2217430755569,1
2026-01-07T10:00:00,949.5381103122239,834.2217430755569,1
2026-01-07T10:15:00,949.7961284880639,834.2217430755569,1
2026-01-07T10:30:00,949.359216393217,834.2217430755569,1
2026-01-07T10:45:00,948.8588863546912,834.2217430755569,1
2026-01-07T11:00:00,948.1380258500235,834.2217430755569,1
2026-01-07T11:15:00,947.9052464352582,834.2217430755569,1
2026-01-07T11:30:00,947.4111533444761,947.4111533444761,0
2026-01-07T11:45:00,947.4111533444761,947.4111533444761,0
2026-01-07T12:00:00,947.4111533444761,947.4111533444761,0
2026-01-07T12:15:00,947.4111533444761,947.4111533444761,0
2026-01-07T12:30:00,947.4111533444761,947.4111533444761,0
2026-01-07T12:45:00,947.4111533444761,947.4111533444761,0
2026-01-07T13:00:00,947.4111533444761,947.4111533444761,0
2026-01-07T13:15:00,947.4111533444761,947.4111533444761,0
2026-01-07T13:30:00,947.4111533444761,947.4111533444761,0
2026-01-07T13:45:00,947.4111533444761,947.4111533444761,0
2026-01-07T14:00:00,947.4111533444761,947.4111533444761,0
2026-01-07T14:15:00,947.4111533444761,947.4111533444761,0
2026-01-07T14:30:00,947.4111533444761,947.4111533444761,0
2026-01-07T14:45:00,947.4111533444761,947.4111533444761,0
2026-01-07T15:00:00,947.4111533444761,947.4111533444761,0
2026-01-07T15:15:00,947.4111533444761,947.4111533444761,0
2026-01-07T15:30:00,947.4111533444761,947.4111533444761,0
2026-01-07T15:45:00,947.4111533444761,947.4111533444761,0
2026-01-07T16:00:00,947.4111533444761,947.4111533444761,0
2026-01-07T16:15:00,947.4111533444761,947.4111533444761,0
2026-01-07T16:30:00,947.4111533444761,947.4111533444761,0
2026-01-07T16:45:00,947.4111533444761,947.4111533444761,0
2026-01-07T17:00:00,947.4111533444761,947.4111533444761,0
2026-01-07T17:15:00,947.4111533444761,947.4111533444761,0
2026-01-07T17:30:00,947.4111533444761,947.4111533444761,0
2026-01-07T17:45:00,947.4111533444761,947.4111533444761,0
2026-01-07T18:00:00,947.4111533444761,947.4111533444761,0
2026-01-07T18:15:00,947.4111533444761,947.4111533444761,0
2026-01-07T18:30:00,947.4111533444761,947.4111533444761,0
2026-01-07T18:45:00,947.4111533444761,947.4111533444761,0
2026-01-07T19:00:00,946.5460896314686,833.5399120016968,1
2026-01-07T19:15:00,945.9357744379726,833.5399120016968,1
2026-01-07T19:30:00,944.9988307532012,833.5399120016968,1
2026-01-07T19:45:00,944.1809557621523,944.1809557621523,0
2026-01-07T20:00:00,944.1809557621523,944.1809557621523,0
2026-01-07T20:15:00,944.1809557621523,944.1809557621523,0
2026-01-07T20:30:00,944.1809557621523,944.1809557621523,0
2026-01-07T20:45:00,944.1809557621523,944.1809557621523,0
2026-01-07T21:00:00,944.1809557621523,944.1809557621523,0
2026-01-07T21:15:00,944.1809557621523,944.1809557621523,0
2026-01-07T21:30:00,944.1809557621523,944.1809557621523,0
2026-01-07T21:45:00,944.1809557621523,944.1809557621523,0
2026-01-07T22:00:00,944.1809557621523,944.1809557621523,0
2026-01-07T22:15:00,944.1809557621523,944.1809557621523,0
2026-01-07T22:30:00,944.1809557621523,944.1809557621523,0
2026-01-07T22:45:00,944.1809557621523,944.1809557621523,0
2026-01-07T23:00:00,944.1809557621523,944.1809557621523,0
2026-01-07T23:15:00,944.1809557621523,944.1809557621523,0
2026-01-07T23:30:00,944.1809557621523,944.1809557621523,0
2026-01-07T23:45:00,944.1809557621523,944.1809557621523,0
2026-01-08T00:00:00,944.1809557621523,944.1809557621523,0
2026-01-08T00:15:00,944.1809557621523,944.1809557621523,0
2026-01-08T00:30:00,944.1809557621523,944.1809557621523,0
2026-01-08T00:45:00,944.1809557621523,944.1809557621523,0
2026-01-08T01:00:00,944.1809557621523,944.1809557621523,0
2026-01-08T01:15:00,944.1809557621523,944.1809557621523,0
2026-01-08T01:30:00,944.1809557621523,944.1809557621523,0
2026-01-08T01:45:00,944.1809557621523,944.1809557621523,0
2026-01-08T02:00:00,944.1809557621523,944.1809557621523,0
2026-01-08T02:15:00,944.1809557621523,944.1809557621523,0
2026-01-08T02:30:00,944.1809557621523,944.1809557621523,0
2026-01-08T02:45:00,944.1809557621523,944.1809557621523,0
2026-01-08T03:00:00,944.1809557621523,944.1809557621523,0
2026-01-08T03:15:00,944.1809557621523,944.1809557621523,0
2026-01-08T03:30:00,944.1809557621523,944.1809557621523,0
2026-01-08T03:45:00,944.1809557621523,944.1809557621523,0
2026-01-08T04:00:00,944.1809557621523,944.1809557621523,0
2026-01-08T04:15:00,944.1809557621523,944.1809557621523,0
2026-01-08T04:30:00,944.1809557621523,944.1809557621523,0
2026-01-08T04:45:00,944.1809557621523,944.1809557621523,0
2026-01-08T05:00:00,944.1809557621523,944.1809557621523,0
2026-01-08T05:15:00,944.1809557621523,944.1809557621523,0
2026-01-08T05:30:00,944.1809557621523,944.1809557621523,0
2026-01-08T05:45:00,944.1809557621523,944.1809557621523,0
2026-01-08T06:00:00,944.1809557621523,944.1809557621523,0
2026-01-08T06:15:00,943.3188414831941,830.6979583271877,1
2026-01-08T06:30:00,942.7510778846802,830.6979583271877,1
2026-01-08T06:45:00,945.1240385656489,830.6979583271877,1
2026-01-08T07:00:00,944.3480949810131,830.6979583271877,1
2026-01-08T07:15:00,942.7831055748527,830.6979583271877,1
2026-01-08T07:30:00,941.485984122863,830.6979583271877,1
2026-01-08T07:45:00,941.7902471795026,830.6979583271877,1
2026-01-08T08:00:00,941.1773536539272,830.6979583271877,1
2026-01-08T08:15:00,940.6228726180971,940.6228726180971,0
2026-01-08T08:30:00,940.6228726180971,940.6228726180971,0
2026-01-08T08:45:00,940.6228726180971,940.6228726180971,0
2026-01-08T09:00:00,940.6228726180971,940.6228726180971,0
2026-01-08T09:15:00,940.6228726180971,940.6228726180971,0
2026-01-08T09:30:00,940.6228726180971,940.6228726180971,0
2026-01-08T09:45:00,940.6228726180971,940.6228726180971,0
2026-01-08T10:00:00,940.6228726180971,940.6228726180971,0
2026-01-08T10:15:00,940.6228726180971,940.6228726180971,0
2026-01-08T10:30:00,940.6228726180971,940.6228726180971,0
2026-01-08T10:45:00,940.6228726180971,940.6228726180971,0
2026-01-08T11:00:00,940.6228726180971,940.6228726180971,0
2026-01-08T11:15:00,940.6228726180971,940.6228726180971,0
2026-01-08T11:30:00,940.6228726180971,940.6228726180971,0
2026-01-08T11:45:00,940.6228726180971,940.6228726180971,0
2026-01-08T12:00:00,940.6228726180971,940.6228726180971,0
2026-01-08T12:15:00,940.6228726180971,940.6228726180971,0
2026-01-08T12:30:00,940.6228726180971,940.6228726180971,0
2026-01-08T12:45:00,940.6228726180971,940.6228726180971,0
2026-01-08T13:00:00,940.6228726180971,940.6228726180971,0
2026-01-08T13:15:00,940.6228726180971,940.6228726180971,0
2026-01-08T13:30:00,940.6228726180971,940.6228726180971,0
2026-01-08T13:45:00,940.6228726180971,940.6228726180971,0
2026-01-08T14:00:00,940.6228726180971,940.6228726180971,0
2026-01-08T14:15:00,940.6228726180971,940.6228726180971,0
2026-01-08T14:30:00,940.6228726180971,940.6228726180971,0
2026-01-08T14:45:00,940.6228726180971,940.6228726180971,0
2026-01-08T15:00:00,940.6228726180971,940.6228726180971,0
2026-01-08T15:15:00,940.6228726180971,940.6228726180971,0
2026-01-08T15:30:00,940.6228726180971,940.6228726180971,0
2026-01-08T15:45:00,940.6228726180971,940.6228726180971,0
2026-01-08T16:00:00,940.6228726180971,940.6228726180971,0
2026-01-08T16:15:00,940.6228726180971,940.6228726180971,0
2026-01-08T16:30:00,940.6228726180971,940.6228726180971,0
2026-01-08T16:45:00,940.6228726180971,940.6228726180971,0
2026-01-08T17:00:00,940.6228726180971,940.6228726180971,0
2026-01-08T17:15:00,940.6228726180971,940.6228726180971,0
2026-01-08T17:30:00,940.6228726180971,940.6228726180971,0
2026-01-08T17:45:00,940.6228726180971,940.6228726180971,0
2026-01-08T18:00:00,940.6228726180971,940.6228726180971,0
2026-01-08T18:15:00,940.6228726180971,940.6228726180971,0
2026-01-08T18:30:00,940.6228726180971,940.6228726180971,0
2026-01-08T18:45:00,940.6228726180971,940.6228726180971,0
2026-01-08T19:00:00,940.6228726180971,940.6228726180971,0
2026-01-08T19:15:00,940.6228726180971,940.6228726180971,0
2026-01-08T19:30:00,940.6228726180971,940.6228726180971,0
2026-01-08T19:45:00,940.6228726180971,940.6228726180971,0
2026-01-08T20:00:00,940.6228726180971,940.6228726180971,0
2026-01-08T20:15:00,939.7640071594687,827.5675283123827,1
2026-01-08T20:30:00,938.8976664721849,827.5675283123827,1
2026-01-08T20:45:00,937.9831145830793,827.5675283123827,1
2026-01-08T21:00:00,936.7834751108171,936.7834751108171,0
2026-01-08T21:15:00,936.7834751108171,936.7834751108171,0
2026-01-08T21:30:00,936.7834751108171,936.7834751108171,0
2026-01-08T21:45:00,936.7834751108171,936.7834751108171,0
2026-01-08T22:00:00,936.7834751108171,936.7834751108171,0
2026-01-08T22:15:00,936.7834751108171,936.7834751108171,0
2026-01-08T22:30:00,936.7834751108171,936.7834751108171,0
2026-01-08T22:45:00,936.7834751108171,936.7834751108171,0
2026-01-08T23:00:00,936.7834751108171,936.7834751108171,0
2026-01-08T23:15:00,936.7834751108171,936.7834751108171,0
2026-01-08T23:30:00,936.7834751108171,936.7834751108171,0
2026-01-08T23:45:00,936.7834751108171,936.7834751108171,0
2026-01-09T00:00:00,936.7834751108171,936.7834751108171,0
2026-01-09T00:15:00,936.7834751108171,936.7834751108171,0
2026-01-09T00:30:00,936.7834751108171,936.7834751108171,0
2026-01-09T00:45:00,936.7834751108171,936.7834751108171,0
2026-01-09T01:00:00,936.7834751108171,936.7834751108171,0
2026-01-09T01:15:00,936.7834751108171,936.7834751108171,0
2026-01-09T01:30:00,936.7834751108171,936.7834751108171,0
2026-01-09T01:45:00,936.7834751108171,936.7834751108171,0
2026-01-09T02:00:00,936.7834751108171,936.7834751108171,0
2026-01-09T02:15:00,936.7834751108171,936.7834751108171,0
2026-01-09T02:30:00,936.7834751108171,936.7834751108171,0
2026-01-09T02:45:00,936.7834751108171,936.7834751108171,0
2026-01-09T03:00:00,936.7834751108171,936.7834751108171,0
2026-01-09T03:15:00,936.7834751108171,936.7834751108171,0
2026-01-09T03:30:00,936.7834751108171,936.7834751108171,0
2026-01-09T03:45:00,936.7834751108171,936.7834751108171,0
2026-01-09T04:00:00,936.7834751108171,936.7834751108171,0
2026-01-09T04:15:00,936.7834751108171,936.7834751108171,0
2026-01-09T04:30:00,936.7834751108171,936.7834751108171,0
2026-01-09T04:45:00,936.7834751108171,936.7834751108171,0
2026-01-09T05:00:00,936.7834751108171,936.7834751108171,0
2026-01-09T05:15:00,936.7834751108171,936.7834751108171,0
2026-01-09T05:30:00,936.7834751108171,936.7834751108171,0
2026-01-09T05:45:00,936.7834751108171,936.7834751108171,0
2026-01-09T06:00:00,936.7834751108171,936.7834751108171,0
2026-01-09T06:15:00,936.7834751108171,936.7834751108171,0
2026-01-09T06:30:00,936.7834751108171,936.7834751108171,0
2026-01-09T06:45:00,936.7834751108171,936.7834751108171,0
2026-01-09T07:00:00,936.7834751108171,936.7834751108171,0
2026-01-09T07:15:00,936.7834751108171,936.7834751108171,0
2026-01-09T07:30:00,936.7834751108171,936.7834751108171,0
2026-01-09T07:45:00,936.7834751108171,936.7834751108171,0
2026-01-09T08:00:00,935.9281153354939,824.1895956702978,1
2026-01-09T08:15:00,935.7470207348146,824.1895956702978,1
2026-01-09T08:30:00,938.995133492599,824.1895956702978,1
2026-01-09T08:45:00,939.6818442183751,824.1895956702978,1
2026-01-09T09:00:00,938.175137140723,824.1895956702978,1
2026-01-09T09:15:00,937.2348939739959,824.1895956702978,1
2026-01-09T09:30:00,937.6984961517351,824.1895956702978,1
2026-01-09T09:45:00,938.2475749809947,824.1895956702978,1
2026-01-09T10:00:00,937.9867987560165,824.1895956702978,1
2026-01-09T10:15:00,937.9853499992112,824.1895956702978,1
2026-01-09T10:30:00,937.5782493368839,824.1895956702978,1
2026-01-09T10:45:00,937.6304045818796,824.1895956702978,1
2026-01-09T11:00:00,937.311678084684,824.1895956702978,1
2026-01-09T11:15:00,936.7536773821844,936.7536773821844,0
2026-01-09T11:30:00,936.7536773821844,936.7536773821844,0
2026-01-09T11:45:00,936.7536773821844,936.7536773821844,0
2026-01-09T12:00:00,936.7536773821844,936.7536773821844,0
2026-01-09T12:15:00,936.7536773821844,936.7536773821844,0
2026-01-09T12:30:00,936.7536773821844,936.7536773821844,0
2026-01-09T12:45:00,936.7536773821844,936.7536773821844,0
2026-01-09T13:00:00,936.7536773821844,936.7536773821844,0
2026-01-09T13:15:00,936.7536773821844,936.7536773821844,0
2026-01-09T13:30:00,936.7536773821844,936.7536773821844,0
2026-01-09T13:45:00,936.7536773821844,936.7536773821844,0
2026-01-09T14:00:00,936.7536773821844,936.7536773821844,0
2026-01-09T14:15:00,936.7536773821844,936.7536773821844,0
2026-01-09T14:30:00,936.7536773821844,936.7536773821844,0
2026-01-09T14:45:00,936.7536773821844,936.7536773821844,0
2026-01-09T15:00:00,936.7536773821844,936.7536773821844,0
2026-01-09T15:15:00,936.7536773821844,936.7536773821844,0
2026-01-09T15:30:00,936.7536773821844,936.7536773821844,0
2026-01-09T15:45:00,936.7536773821844,936.7536773821844,0
2026-01-09T16:00:00,936.7536773821844,936.7536773821844,0
2026-01-09T16:15:00,936.7536773821844,936.7536773821844,0
2026-01-09T16:30:00,936.7536773821844,936.7536773821844,0
2026-01-09T16:45:00,936.7536773821844,936.7536773821844,0
2026-01-09T17:00:00,936.7536773821844,936.7536773821844,0
2026-01-09T17:15:00,936.7536773821844,936.7536773821844,0
2026-01-09T17:30:00,936.7536773821844,936.7536773821844,0
2026-01-09T17:45:00,936.7536773821844,936.7536773821844,0
2026-01-09T18:00:00,936.7536773821844,936.7536773821844,0
2026-01-09T18:15:00,936.7536773821844,936.7536773821844,0
2026-01-09T18:30:00,936.7536773821844,936.7536773821844,0
2026-01-09T18:45:00,936.7536773821844,936.7536773821844,0
2026-01-09T19:00:00,936.7536773821844,936.7536773821844,0
2026-01-09T19:15:00,936.7536773821844,936.7536773821844,0
2026-01-09T19:30:00,936.7536773821844,936.7536773821844,0
2026-01-09T19:45:00,936.7536773821844,936.7536773821844,0
2026-01-09T20:00:00,936.7536773821844,936.7536773821844,0
2026-01-09T20:15:00,936.7536773821844,936.7536773821844,0
2026-01-09T20:30:00,936.7536773821844,936.7536773821844,0
2026-01-09T20:45:00,936.7536773821844,936.7536773821844,0
2026-01-09T21:00:00,936.7536773821844,936.7536773821844,0
2026-01-09T21:15:00,936.7536773821844,936.7536773821844,0
2026-01-09T21:30:00,936.7536773821844,936.7536773821844,0
2026-01-09T21:45:00,936.7536773821844,936.7536773821844,0
2026-01-09T22:00:00,936.7536773821844,936.7536773821844,0
2026-01-09T22:15:00,936.7536773821844,936.7536773821844,0
2026-01-09T22:30:00,936.7536773821844,936.7536773821844,0
2026-01-09T22:45:00,936.7536773821844,936.7536773821844,0
2026-01-09T23:00:00,936.7536773821844,936.7536773821844,0
2026-01-09T23:15:00,936.7536773821844,936.7536773821844,0
2026-01-09T23:30:00,936.7536773821844,936.7536773821844,0
2026-01-09T23:45:00,936.7536773821844,936.7536773821844,0
2026-01-10T00:00:00,936.7536773821844,936.7536773821844,0
2026-01-10T00:15:00,936.7536773821844,936.7536773821844,0
2026-01-10T00:30:00,936.7536773821844,936.7536773821844,0
2026-01-10T00:45:00,936.7536773821844,936.7536773821844,0
2026-01-10T01:00:00,936.7536773821844,936.7536773821844,0
2026-01-10T01:15:00,936.7536773821844,936.7536773821844,0
2026-01-10T01:30:00,936.7536773821844,936.7536773821844,0
2026-01-10T01:45:00,936.7536773821844,936.7536773821844,0
2026-01-10T02:00:00,936.7536773821844,936.7536773821844,0
2026-01-10T02:15:00,936.7536773821844,936.7536773821844,0
2026-01-10T02:30:00,936.7536773821844,936.7536773821844,0
2026-01-10T02:45:00,936.7536773821844,936.7536773821844,0
2026-01-10T03:00:00,936.7536773821844,936.7536773821844,0
2026-01-10T03:15:00,936.7536773821844,936.7536773821844,0
2026-01-10T03:30:00,936.7536773821844,936.7536773821844,0
2026-01-10T03:45:00,936.7536773821844,936.7536773821844,0
2026-01-10T04:00:00,936.7536773821844,936.7536773821844,0
2026-01-10T04:15:00,936.7536773821844,936.7536773821844,0
2026-01-10T04:30:00,936.7536773821844,936.7536773821844,0
2026-01-10T04:45:00,936.7536773821844,936.7536773821844,0
2026-01-10T05:00:00,936.7536773821844,936.7536773821844,0
2026-01-10T05:15:00,936.7536773821844,936.7536773821844,0
2026-01-10T05:30:00,936.7536773821844,936.7536773821844,0
2026-01-10T05:45:00,936.7536773821844,936.7536773821844,0
2026-01-10T06:00:00,936.7536773821844,936.7536773821844,0
2026-01-10T06:15:00,936.7536773821844,936.7536773821844,0
2026-01-10T06:30:00,936.7536773821844,936.7536773821844,0
2026-01-10T06:45:00,936.7536773821844,936.7536773821844,0
2026-01-10T07:00:00,936.7536773821844,936.7536773821844,0
2026-01-10T07:15:00,936.7536773821844,936.7536773821844,0
2026-01-10T07:30:00,936.7536773821844,936.7536773821844,0
2026-01-10T07:45:00,936.7536773821844,936.7536773821844,0
2026-01-10T08:00:00,936.7536773821844,936.7536773821844,0
2026-01-10T08:15:00,936.7536773821844,936.7536773821844,0
2026-01-10T08:30:00,936.7536773821844,936.7536773821844,0
2026-01-10T08:45:00,936.7536773821844,936.7536773821844,0
2026-01-10T09:00:00,936.7536773821844,936.7536773821844,0
2026-01-10T09:15:00,936.7536773821844,936.7536773821844,0
2026-01-10T09:30:00,936.7536773821844,936.7536773821844,0
2026-01-10T09:45:00,936.7536773821844,936.7536773821844,0
2026-01-10T10:00:00,936.7536773821844,936.7536773821844,0
2026-01-10T10:15:00,936.7536773821844,936.7536773821844,0
2026-01-10T10:30:00,936.7536773821844,936.7536773821844,0
2026-01-10T10:45:00,936.7536773821844,936.7536773821844,0
2026-01-10T11:00:00,936.7536773821844,936.7536773821844,0
2026-01-10T11:15:00,936.7536773821844,936.7536773821844,0
2026-01-10T11:30:00,936.7536773821844,936.7536773821844,0
2026-01-10T11:45:00,936.7536773821844,936.7536773821844,0
2026-01-10T12:00:00,936.7536773821844,936.7536773821844,0
2026-01-10T12:15:00,936.7536773821844,936.7536773821844,0
2026-01-10T12:30:00,936.7536773821844,936.7536773821844,0
2026-01-10T12:45:00,936.7536773821844,936.7536773821844,0
2026-01-10T13:00:00,936.7536773821844,936.7536773821844,0
2026-01-10T13:15:00,936.7536773821844,936.7536773821844,0
2026-01-10T13:30:00,936.7536773821844,936.7536773821844,0
2026-01-10T13:45:00,936.7536773821844,936.7536773821844,0
2026-01-10T14:00:00,936.7536773821844,936.7536773821844,0
2026-01-10T14:15:00,936.7536773821844,936.7536773821844,0
2026-01-10T14:30:00,936.7536773821844,936.7536773821844,0
2026-01-10T14:45:00,936.7536773821844,936.7536773821844,0
2026-01-10T15:00:00,936.7536773821844,936.7536773821844,0
2026-01-10T15:15:00,936.7536773821844,936.7536773821844,0
2026-01-10T15:30:00,936.7536773821844,936.7536773821844,0
2026-01-10T15:45:00,936.7536773821844,936.7536773821844,0
2026-01-10T16:00:00,936.7536773821844,936.7536773821844,0
2026-01-10T16:15:00,936.7536773821844,936.7536773821844,0
2026-01-10T16:30:00,936.7536773821844,936.7536773821844,0
2026-01-10T16:45:00,936.7536773821844,936.7536773821844,0
2026-01-10T17:00:00,936.7536773821844,936.7536773821844,0
2026-01-10T17:15:00,936.7536773821844,936.7536773821844,0
2026-01-10T17:30:00,936.7536773821844,936.7536773821844,0
2026-01-10T17:45:00,936.7536773821844,936.7536773821844,0
2026-01-10T18:00:00,936.7536773821844,936.7536773821844,0
2026-01-10T18:15:00,936.7536773821844,936.7536773821844,0
2026-01-10T18:30:00,936.7536773821844,936.7536773821844,0
2026-01-10T18:45:00,936.7536773821844,936.7536773821844,0
2026-01-10T19:00:00,936.7536773821844,936.7536773821844,0
2026-01-10T19:15:00,936.7536773821844,936.7536773821844,0
2026-01-10T19:30:00,936.7536773821844,936.7536773821844,0
2026-01-10T19:45:00,936.7536773821844,936.7536773821844,0
2026-01-10T20:00:00,936.7536773821844,936.7536773821844,0
2026-01-10T20:15:00,936.7536773821844,936.7536773821844,0
2026-01-10T20:30:00,936.7536773821844,936.7536773821844,0
2026-01-10T20:45:00,936.7536773821844,936.7536773821844,0
2026-01-10T21:00:00,936.7536773821844,936.7536773821844,0
2026-01-10T21:15:00,936.7536773821844,936.7536773821844,0
2026-01-10T21:30:00,936.7536773821844,936.7536773821844,0
2026-01-10T21:45:00,936.7536773821844,936.7536773821844,0
2026-01-10T22:00:00,936.7536773821844,936.7536773821844,0
2026-01-10T22:15:00,936.7536773821844,936.7536773821844,0
2026-01-10T22:30:00,936.7536773821844,936.7536773821844,0
2026-01-10T22:45:00,936.7536773821844,936.7536773821844,0
2026-01-10T23:00:00,936.7536773821844,936.7536773821844,0
2026-01-10T23:15:00,936.7536773821844,936.7536773821844,0
2026-01-10T23:30:00,936.7536773821844,936.7536773821844,0
2026-01-10T23:45:00,936.7536773821844,936.7536773821844,0
2026-01-11T00:00:00,936.7536773821844,936.7536773821844,0
2026-01-11T00:15:00,936.7536773821844,936.7536773821844,0
2026-01-11T00:30:00,936.7536773821844,936.7536773821844,0
2026-01-11T00:45:00,936.7536773821844,936.7536773821844,0
2026-01-11T01:00:00,936.7536773821844,936.7536773821844,0
2026-01-11T01:15:00,936.7536773821844,936.7536773821844,0
2026-01-11T01:30:00,936.7536773821844,936.7536773821844,0
2026-01-11T01:45:00,936.7536773821844,936.7536773821844,0
2026-01-11T02:00:00,936.7536773821844,936.7536773821844,0
2026-01-11T02:15:00,936.7536773821844,936.7536773821844,0
2026-01-11T02:30:00,936.7536773821844,936.7536773821844,0
2026-01-11T02:45:00,936.7536773821844,936.7536773821844,0
2026-01-11T03:00:00,936.7536773821844,936.7536773821844,0
2026-01-11T03:15:00,936.7536773821844,936.7536773821844,0
2026-01-11T03:30:00,936.7536773821844,936.7536773821844,0
2026-01-11T03:45:00,936.7536773821844,936.7536773821844,0
2026-01-11T04:00:00,936.7536773821844,936.7536773821844,0
2026-01-11T04:15:00,936.7536773821844,936.7536773821844,0
2026-01-11T04:30:00,936.7536773821844,936.7536773821844,0
2026-01-11T04:45:00,936.7536773821844,936.7536773821844,0
2026-01-11T05:00:00,936.7536773821844,936.7536773821844,0
2026-01-11T05:15:00,936.7536773821844,936.7536773821844,0
2026-01-11T05:30:00,936.7536773821844,936.7536773821844,0
2026-01-11T05:45:00,936.7536773821844,936.7536773821844,0
2026-01-11T06:00:00,936.7536773821844,936.7536773821844,0
2026-01-11T06:15:00,936.7536773821844,936.7536773821844,0
2026-01-11T06:30:00,936.7536773821844,936.7536773821844,0
2026-01-11T06:45:00,936.7536773821844,936.7536773821844,0
2026-01-11T07:00:00,936.7536773821844,936.7536773821844,0
2026-01-11T07:15:00,936.7536773821844,936.7536773821844,0
2026-01-11T07:30:00,936.7536773821844,936.7536773821844,0
2026-01-11T07:45:00,936.7536773821844,936.7536773821844,0
2026-01-11T08:00:00,936.7536773821844,936.7536773821844,0
2026-01-11T08:15:00,936.7536773821844,936.7536773821844,0
2026-01-11T08:30:00,936.7536773821844,936.7536773821844,0
2026-01-11T08:45:00,936.7536773821844,936.7536773821844,0
2026-01-11T09:00:00,936.7536773821844,936.7536773821844,0
2026-01-11T09:15:00,936.7536773821844,936.7536773821844,0
2026-01-11T09:30:00,936.7536773821844,936.7536773821844,0
2026-01-11T09:45:00,936.7536773821844,936.7536773821844,0
2026-01-11T10:00:00,936.7536773821844,936.7536773821844,0
2026-01-11T10:15:00,936.7536773821844,936.7536773821844,0
2026-01-11T10:30:00,936.7536773821844,936.7536773821844,0
2026-01-11T10:45:00,936.7536773821844,936.7536773821844,0
2026-01-11T11:00:00,936.7536773821844,936.7536773821844,0
2026-01-11T11:15:00,936.7536773821844,936.7536773821844,0
2026-01-11T11:30:00,936.7536773821844,936.7536773821844,0
2026-01-11T11:45:00,936.7536773821844,936.7536773821844,0
2026-01-11T12:00:00,936.7536773821844,936.7536773821844,0
2026-01-11T12:15:00,936.7536773821844,936.7536773821844,0
2026-01-11T12:30:00,936.7536773821844,936.7536773821844,0
2026-01-11T12:45:00,936.7536773821844,936.7536773821844,0
2026-01-11T13:00:00,936.7536773821844,936.7536773821844,0
2026-01-11T13:15:00,936.7536773821844,936.7536773821844,0
2026-01-11T13:30:00,936.7536773821844,936.7536773821844,0
2026-01-11T13:45:00,936.7536773821844,936.7536773821844,0
2026-01-11T14:00:00,936.7536773821844,936.7536773821844,0
2026-01-11T14:15:00,936.7536773821844,936.7536773821844,0
2026-01-11T14:30:00,936.7536773821844,936.7536773821844,0
2026-01-11T14:45:00,936.7536773821844,936.7536773821844,0
2026-01-11T15:00:00,936.7536773821844,936.7536773821844,0
2026-01-11T15:15:00,936.7536773821844,936.7536773821844,0
2026-01-11T15:30:00,936.7536773821844,936.7536773821844,0
2026-01-11T15:45:00,936.7536773821844,936.7536773821844,0
2026-01-11T16:00:00,936.7536773821844,936.7536773821844,0
2026-01-11T16:15:00,936.7536773821844,936.7536773821844,0
2026-01-11T16:30:00,936.7536773821844,936.7536773821844,0
2026-01-11T16:45:00,936.7536773821844,936.7536773821844,0
2026-01-11T17:00:00,936.7536773821844,936.7536773821844,0
2026-01-11T17:15:00,936.7536773821844,936.7536773821844,0
2026-01-11T17:30:00,936.7536773821844,936.7536773821844,0
2026-01-11T17:45:00,936.7536773821844,936.7536773821844,0
2026-01-11T18:00:00,936.7536773821844,936.7536773821844,0
2026-01-11T18:15:00,936.7536773821844,936.7536773821844,0
2026-01-11T18:30:00,936.7536773821844,936.7536773821844,0
2026-01-11T18:45:00,936.7536773821844,936.7536773821844,0
2026-01-11T19:00:00,936.7536773821844,936.7536773821844,0
2026-01-11T19:15:00,936.7536773821844,936.7536773821844,0
2026-01-11T19:30:00,936.7536773821844,936.7536773821844,0
2026-01-11T19:45:00,936.7536773821844,936.7536773821844,0
2026-01-11T20:00:00,936.7536773821844,936.7536773821844,0
2026-01-11T20:15:00,936.7536773821844,936.7536773821844,0
2026-01-11T20:30:00,936.7536773821844,936.7536773821844,0
2026-01-11T20:45:00,936.7536773821844,936.7536773821844,0
2026-01-11T21:00:00,936.7536773821844,936.7536773821844,0
2026-01-11T21:15:00,936.7536773821844,936.7536773821844,0
2026-01-11T21:30:00,936.7536773821844,936.7536773821844,0
2026-01-11T21:45:00,936.7536773821844,936.7536773821844,0
2026-01-11T22:00:00,936.7536773821844,936.7536773821844,0
2026-01-11T22:15:00,936.7536773821844,936.7536773821844,0
2026-01-11T22:30:00,936.7536773821844,936.7536773821844,0
2026-01-11T22:45:00,936.7536773821844,936.7536773821844,0
2026-01-11T23:00:00,936.7536773821844,936.7536773821844,0
2026-01-11T23:15:00,936.7536773821844,936.7536773821844,0
2026-01-11T23:30:00,936.7536773821844,936.7536773821844,0
2026-01-11T23:45:00,936.7536773821844,936.7536773821844,0
2026-01-12T00:00:00,936.7536773821844,936.7536773821844,0
2026-01-12T00:15:00,936.7536773821844,936.7536773821844,0
2026-01-12T00:30:00,936.7536773821844,936.7536773821844,0
2026-01-12T00:45:00,936.7536773821844,936.7536773821844,0
2026-01-12T01:00:00,936.7536773821844,936.7536773821844,0
2026-01-12T01:15:00,936.7536773821844,936.7536773821844,0
2026-01-12T01:30:00,936.7536773821844,936.7536773821844,0
2026-01-12T01:45:00,936.7536773821844,936.7536773821844,0
2026-01-12T02:00:00,936.7536773821844,936.7536773821844,0
2026-01-12T02:15:00,936.7536773821844,936.7536773821844,0
2026-01-12T02:30:00,936.7536773821844,936.7536773821844,0
2026-01-12T02:45:00,936.7536773821844,936.7536773821844,0
2026-01-12T03:00:00,936.7536773821844,936.7536773821844,0
2026-01-12T03:15:00,936.7536773821844,936.7536773821844,0
2026-01-12T03:30:00,936.7536773821844,936.7536773821844,0
2026-01-12T03:45:00,936.7536773821844,936.7536773821844,0
2026-01-12T04:00:00,936.7536773821844,936.7536773821844,0
2026-01-12T04:15:00,936.7536773821844,936.7536773821844,0
2026-01-12T04:30:00,936.7536773821844,936.7536773821844,0
2026-01-12T04:45:00,936.7536773821844,936.7536773821844,0
2026-01-12T05:00:00,936.7536773821844,936.7536773821844,0
2026-01-12T05:15:00,936.7536773821844,936.7536773821844,0
2026-01-12T05:30:00,936.7536773821844,936.7536773821844,0
2026-01-12T05:45:00,936.7536773821844,936.7536773821844,0
2026-01-12T06:00:00,936.7536773821844,936.7536773821844,0
2026-01-12T06:15:00,936.7536773821844,936.7536773821844,0
2026-01-12T06:30:00,936.7536773821844,936.7536773821844,0
2026-01-12T06:45:00,936.7536773821844,936.7536773821844,0
2026-01-12T07:00:00,936.7536773821844,936.7536773821844,0
2026-01-12T07:15:00,936.7536773821844,936.7536773821844,0
2026-01-12T07:30:00,936.7536773821844,936.7536773821844,0
2026-01-12T07:45:00,936.7536773821844,936.7536773821844,0
2026-01-12T08:00:00,936.7536773821844,936.7536773821844,0
2026-01-12T08:15:00,936.7536773821844,936.7536773821844,0
2026-01-12T08:30:00,936.7536773821844,936.7536773821844,0
2026-01-12T08:45:00,936.7536773821844,936.7536773821844,0
2026-01-12T09:00:00,936.7536773821844,936.7536773821844,0
2026-01-12T09:15:00,936.7536773821844,936.7536773821844,0
2026-01-12T09:30:00,936.7536773821844,936.7536773821844,0
2026-01-12T09:45:00,936.7536773821844,936.7536773821844,0
2026-01-12T10:00:00,936.7536773821844,936.7536773821844,0
2026-01-12T10:15:00,936.7536773821844,936.7536773821844,0
2026-01-12T10:30:00,936.7536773821844,936.7536773821844,0
2026-01-12T10:45:00,936.7536773821844,936.7536773821844,0
2026-01-12T11:00:00,936.7536773821844,936.7536773821844,0
2026-01-12T11:15:00,936.7536773821844,936.7536773821844,0
2026-01-12T11:30:00,936.7536773821844,936.7536773821844,0
2026-01-12T11:45:00,936.7536773821844,936.7536773821844,0
2026-01-12T12:00:00,936.7536773821844,936.7536773821844,0
2026-01-12T12:15:00,936.7536773821844,936.7536773821844,0
2026-01-12T12:30:00,936.7536773821844,936.7536773821844,0
2026-01-12T12:45:00,936.7536773821844,936.7536773821844,0
2026-01-12T13:00:00,936.7536773821844,936.7536773821844,0
2026-01-12T13:15:00,936.7536773821844,936.7536773821844,0
2026-01-12T13:30:00,936.7536773821844,936.7536773821844,0
2026-01-12T13:45:00,936.7536773821844,936.7536773821844,0
2026-01-12T14:00:00,936.7536773821844,936.7536773821844,0
2026-01-12T14:15:00,936.7536773821844,936.7536773821844,0
2026-01-12T14:30:00,936.7536773821844,936.7536773821844,0
2026-01-12T14:45:00,936.7536773821844,936.7536773821844,0
2026-01-12T15:00:00,936.7536773821844,936.7536773821844,0
2026-01-12T15:15:00,936.7536773821844,936.7536773821844,0
2026-01-12T15:30:00,936.7536773821844,936.7536773821844,0
2026-01-12T15:45:00,936.7536773821844,936.7536773821844,0
2026-01-12T16:00:00,936.7536773821844,936.7536773821844,0
2026-01-12T16:15:00,936.7536773821844,936.7536773821844,0
2026-01-12T16:30:00,936.7536773821844,936.7536773821844,0
2026-01-12T16:45:00,936.7536773821844,936.7536773821844,0
2026-01-12T17:00:00,936.7536773821844,936.7536773821844,0
2026-01-12T17:15:00,936.7536773821844,936.7536773821844,0
2026-01-12T17:30:00,936.7536773821844,936.7536773821844,0
2026-01-12T17:45:00,936.7536773821844,936.7536773821844,0
2026-01-12T18:00:00,936.7536773821844,936.7536773821844,0
2026-01-12T18:15:00,936.7536773821844,936.7536773821844,0
2026-01-12T18:30:00,936.7536773821844,936.7536773821844,0
2026-01-12T18:45:00,936.7536773821844,936.7536773821844,0
2026-01-12T19:00:00,936.7536773821844,936.7536773821844,0
2026-01-12T19:15:00,936.7536773821844,936.7536773821844,0
2026-01-12T19:30:00,936.7536773821844,936.7536773821844,0
2026-01-12T19:45:00,936.7536773821844,936.7536773821844,0
2026-01-12T20:00:00,936.7536773821844,936.7536773821844,0
2026-01-12T20:15:00,936.7536773821844,936.7536773821844,0
2026-01-12T20:30:00,936.7536773821844,936.7536773821844,0
2026-01-12T20:45:00,936.7536773821844,936.7536773821844,0
2026-01-12T21:00:00,936.7536773821844,936.7536773821844,0
2026-01-12T21:15:00,936.7536773821844,936.7536773821844,0
2026-01-12T21:30:00,936.7536773821844,936.7536773821844,0
2026-01-12T21:45:00,936.7536773821844,936.7536773821844,0
2026-01-12T22:00:00,936.7536773821844,936.7536773821844,0
2026-01-12T22:15:00,936.7536773821844,936.7536773821844,0
2026-01-12T22:30:00,936.7536773821844,936.7536773821844,0
2026-01-12T22:45:00,936.7536773821844,936.7536773821844,0
2026-01-12T23:00:00,936.7536773821844,936.7536773821844,0
2026-01-12T23:15:00,936.7536773821844,936.7536773821844,0
2026-01-12T23:30:00,936.7536773821844,936.7536773821844,0
2026-01-12T23:45:00,936.7536773821844,936.7536773821844,0
2026-01-13T00:00:00,936.7536773821844,936.7536773821844,0
2026-01-13T00:15:00,936.7536773821844,936.7536773821844,0
2026-01-13T00:30:00,936.7536773821844,936.7536773821844,0
2026-01-13T00:45:00,936.7536773821844,936.7536773821844,0
2026-01-13T01:00:00,936.7536773821844,936.7536773821844,0
2026-01-13T01:15:00,936.7536773821844,936.7536773821844,0
2026-01-13T01:30:00,936.7536773821844,936.7536773821844,0
2026-01-13T01:45:00,936.7536773821844,936.7536773821844,0
2026-01-13T02:00:00,936.7536773821844,936.7536773821844,0
2026-01-13T02:15:00,936.7536773821844,936.7536773821844,0
2026-01-13T02:30:00,936.7536773821844,936.7536773821844,0
2026-01-13T02:45:00,936.7536773821844,936.7536773821844,0
2026-01-13T03:00:00,936.7536773821844,936.7536773821844,0
2026-01-13T03:15:00,936.7536773821844,936.7536773821844,0
2026-01-13T03:30:00,936.7536773821844,936.7536773821844,0
2026-01-13T03:45:00,936.7536773821844,936.7536773821844,0
2026-01-13T04:00:00,936.7536773821844,936.7536773821844,0
2026-01-13T04:15:00,936.7536773821844,936.7536773821844,0
2026-01-13T04:30:00,936.7536773821844,936.7536773821844,0
2026-01-13T04:45:00,936.7536773821844,936.7536773821844,0
2026-01-13T05:00:00,936.7536773821844,936.7536773821844,0
2026-01-13T05:15:00,936.7536773821844,936.7536773821844,0
2026-01-13T05:30:00,936.7536773821844,936.7536773821844,0
2026-01-13T05:45:00,936.7536773821844,936.7536773821844,0
2026-01-13T06:00:00,936.7536773821844,936.7536773821844,0
2026-01-13T06:15:00,936.7536773821844,936.7536773821844,0
2026-01-13T06:30:00,936.7536773821844,936.7536773821844,0
2026-01-13T06:45:00,936.7536773821844,936.7536773821844,0
2026-01-13T07:00:00,936.7536773821844,936.7536773821844,0
2026-01-13T07:15:00,936.7536773821844,936.7536773821844,0
2026-01-13T07:30:00,936.7536773821844,936.7536773821844,0
2026-01-13T07:45:00,936.7536773821844,936.7536773821844,0
2026-01-13T08:00:00,936.7536773821844,936.7536773821844,0
2026-01-13T08:15:00,936.7536773821844,936.7536773821844,0
2026-01-13T08:30:00,936.7536773821844,936.7536773821844,0
2026-01-13T08:45:00,936.7536773821844,936.7536773821844,0
2026-01-13T09:00:00,936.7536773821844,936.7536773821844,0
2026-01-13T09:15:00,936.7536773821844,936.7536773821844,0
2026-01-13T09:30:00,936.7536773821844,936.7536773821844,0
2026-01-13T09:45:00,936.7536773821844,936.7536773821844,0
2026-01-13T10:00:00,936.7536773821844,936.7536773821844,0
2026-01-13T10:15:00,936.7536773821844,936.7536773821844,0
2026-01-13T10:30:00,936.7536773821844,936.7536773821844,0
2026-01-13T10:45:00,936.7536773821844,936.7536773821844,0
2026-01-13T11:00:00,936.7536773821844,936.7536773821844,0
2026-01-13T11:15:00,936.7536773821844,936.7536773821844,0
2026-01-13T11:30:00,936.7536773821844,936.7536773821844,0
2026-01-13T11:45:00,936.7536773821844,936.7536773821844,0
2026-01-13T12:00:00,936.7536773821844,936.7536773821844,0
2026-01-13T12:15:00,936.7536773821844,936.7536773821844,0
2026-01-13T12:30:00,936.7536773821844,936.7536773821844,0
2026-01-13T12:45:00,936.7536773821844,936.7536773821844,0
2026-01-13T13:00:00,936.7536773821844,936.7536773821844,0
2026-01-13T13:15:00,936.7536773821844,936.7536773821844,0
2026-01-13T13:30:00,936.7536773821844,936.7536773821844,0
2026-01-13T13:45:00,936.7536773821844,936.7536773821844,0
2026-01-13T14:00:00,936.7536773821844,936.7536773821844,0
2026-01-13T14:15:00,936.7536773821844,936.7536773821844,0
2026-01-13T14:30:00,936.7536773821844,936.7536773821844,0
2026-01-13T14:45:00,936.7536773821844,936.7536773821844,0
2026-01-13T15:00:00,936.7536773821844,936.7536773821844,0
2026-01-13T15:15:00,936.7536773821844,936.7536773821844,0
2026-01-13T15:30:00,936.7536773821844,936.7536773821844,0
2026-01-13T15:45:00,936.7536773821844,936.7536773821844,0
2026-01-13T16:00:00,936.7536773821844,936.7536773821844,0
2026-01-13T16:15:00,936.7536773821844,936.7536773821844,0
2026-01-13T16:30:00,936.7536773821844,936.7536773821844,0
2026-01-13T16:45:00,936.7536773821844,936.7536773821844,0
2026-01-13T17:00:00,936.7536773821844,936.7536773821844,0
2026-01-13T17:15:00,936.7536773821844,936.7536773821844,0
2026-01-13T17:30:00,936.7536773821844,936.7536773821844,0
2026-01-13T17:45:00,936.7536773821844,936.7536773821844,0
2026-01-13T18:00:00,936.7536773821844,936.7536773821844,0
2026-01-13T18:15:00,936.7536773821844,936.7536773821844,0
2026-01-13T18:30:00,936.7536773821844,936.7536773821844,0
2026-01-13T18:45:00,936.7536773821844,936.7536773821844,0
2026-01-13T19:00:00,936.7536773821844,936.7536773821844,0
2026-01-13T19:15:00,936.7536773821844,936.7536773821844,0
2026-01-13T19:30:00,936.7536773821844,936.7536773821844,0
2026-01-13T19:45:00,936.7536773821844,936.7536773821844,0
2026-01-13T20:00:00,936.7536773821844,936.7536773821844,0
2026-01-13T20:15:00,936.7536773821844,936.7536773821844,0
2026-01-13T20:30:00,936.7536773821844,936.7536773821844,0
2026-01-13T20:45:00,936.7536773821844,936.7536773821844,0
2026-01-13T21:00:00,936.7536773821844,936.7536773821844,0
2026-01-13T21:15:00,936.7536773821844,936.7536773821844,0
2026-01-13T21:30:00,936.7536773821844,936.7536773821844,0
2026-01-13T21:45:00,936.7536773821844,936.7536773821844,0
2026-01-13T22:00:00,936.7536773821844,936.7536773821844,0
2026-01-13T22:15:00,936.7536773821844,936.7536773821844,0
2026-01-13T22:30:00,936.7536773821844,936.7536773821844,0
2026-01-13T22:45:00,936.7536773821844,936.7536773821844,0
2026-01-13T23:00:00,935.9003682071154,824.1633793902649,1
2026-01-13T23:15:00,934.4807151320852,824.1633793902649,1
2026-01-13T23:30:00,934.3380770032195,824.1633793902649,1
2026-01-13T23:45:00,934.4686043475589,824.1633793902649,1
2026-01-14T00:00:00,935.3513459752553,824.1633793902649,1
2026-01-14T00:15:00,934.6758333272315,824.1633793902649,1
2026-01-14T00:30:00,933.6854402815231,824.1633793902649,1
2026-01-14T00:45:00,934.3003990069154,824.1633793902649,1
2026-01-14T01:00:00,935.2328952528031,935.2328952528031,0
2026-01-14T01:15:00,935.2328952528031,935.2328952528031,0
2026-01-14T01:30:00,935.2328952528031,935.2328952528031,0
2026-01-14T01:45:00,935.2328952528031,935.2328952528031,0
2026-01-14T02:00:00,935.2328952528031,935.2328952528031,0
2026-01-14T02:15:00,935.2328952528031,935.2328952528031,0
2026-01-14T02:30:00,935.2328952528031,935.2328952528031,0
2026-01-14T02:45:00,935.2328952528031,935.2328952528031,0
2026-01-14T03:00:00,935.2328952528031,935.2328952528031,0
2026-01-14T03:15:00,935.2328952528031,935.2328952528031,0
2026-01-14T03:30:00,935.2328952528031,935.2328952528031,0
2026-01-14T03:45:00,935.2328952528031,935.2328952528031,0
2026-01-14T04:00:00,935.2328952528031,935.2328952528031,0
2026-01-14T04:15:00,935.2328952528031,935.2328952528031,0
2026-01-14T04:30:00,935.2328952528031,935.2328952528031,0
2026-01-14T04:45:00,935.2328952528031,935.2328952528031,0
2026-01-14T05:00:00,935.2328952528031,935.2328952528031,0
2026-01-14T05:15:00,935.2328952528031,935.2328952528031,0
2026-01-14T05:30:00,935.2328952528031,935.2328952528031,0
2026-01-14T05:45:00,935.2328952528031,935.2328952528031,0
2026-01-14T06:00:00,935.2328952528031,935.2328952528031,0
2026-01-14T06:15:00,935.2328952528031,935.2328952528031,0
2026-01-14T06:30:00,935.2328952528031,935.2328952528031,0
2026-01-14T06:45:00,935.2328952528031,935.2328952528031,0
2026-01-14T07:00:00,935.2328952528031,935.2328952528031,0
2026-01-14T07:15:00,935.2328952528031,935.2328952528031,0
2026-01-14T07:30:00,935.2328952528031,935.2328952528031,0
2026-01-14T07:45:00,935.2328952528031,935.2328952528031,0
2026-01-14T08:00:00,935.2328952528031,935.2328952528031,0
2026-01-14T08:15:00,935.2328952528031,935.2328952528031,0
2026-01-14T08:30:00,935.2328952528031,935.2328952528031,0
2026-01-14T08:45:00,935.2328952528031,935.2328952528031,0
2026-01-14T09:00:00,935.2328952528031,935.2328952528031,0
2026-01-14T09:15:00,935.2328952528031,935.2328952528031,0
2026-01-14T09:30:00,935.2328952528031,935.2328952528031,0
2026-01-14T09:45:00,935.2328952528031,935.2328952528031,0
2026-01-14T10:00:00,935.2328952528031,935.2328952528031,0
2026-01-14T10:15:00,935.2328952528031,935.2328952528031,0
2026-01-14T10:30:00,935.2328952528031,935.2328952528031,0
2026-01-14T10:45:00,935.2328952528031,935.2328952528031,0
2026-01-14T11:00:00,935.2328952528031,935.2328952528031,0
2026-01-14T11:15:00,935.2328952528031,935.2328952528031,0
2026-01-14T11:30:00,935.2328952528031,935.2328952528031,0
2026-01-14T11:45:00,935.2328952528031,935.2328952528031,0
2026-01-14T12:00:00,935.2328952528031,935.2328952528031,0
2026-01-14T12:15:00,935.2328952528031,935.2328952528031,0
2026-01-14T12:30:00,935.2328952528031,935.2328952528031,0
2026-01-14T12:45:00,935.2328952528031,935.2328952528031,0
2026-01-14T13:00:00,935.2328952528031,935.2328952528031,0
2026-01-14T13:15:00,935.2328952528031,935.2328952528031,0
2026-01-14T13:30:00,935.2328952528031,935.2328952528031,0
2026-01-14T13:45:00,935.2328952528031,935.2328952528031,0
2026-01-14T14:00:00,935.2328952528031,935.2328952528031,0
2026-01-14T14:15:00,935.2328952528031,935.2328952528031,0
2026-01-14T14:30:00,935.2328952528031,935.2328952528031,0
2026-01-14T14:45:00,935.2328952528031,935.2328952528031,0
2026-01-14T15:00:00,935.2328952528031,935.2328952528031,0
2026-01-14T15:15:00,935.2328952528031,935.2328952528031,0
2026-01-14T15:30:00,935.2328952528031,935.2328952528031,0
2026-01-14T15:45:00,935.2328952528031,935.2328952528031,0
2026-01-14T16:00:00,935.2328952528031,935.2328952528031,0
2026-01-14T16:15:00,935.2328952528031,935.2328952528031,0
2026-01-14T16:30:00,935.2328952528031,935.2328952528031,0
2026-01-14T16:45:00,935.2328952528031,935.2328952528031,0
2026-01-14T17:00:00,935.2328952528031,935.2328952528031,0
2026-01-14T17:15:00,935.2328952528031,935.2328952528031,0
2026-01-14T17:30:00,935.2328952528031,935.2328952528031,0
2026-01-14T17:45:00,935.2328952528031,935.2328952528031,0
2026-01-14T18:00:00,935.2328952528031,935.2328952528031,0
2026-01-14T18:15:00,935.2328952528031,935.2328952528031,0
2026-01-14T18:30:00,935.2328952528031,935.2328952528031,0
2026-01-14T18:45:00,935.2328952528031,935.2328952528031,0
2026-01-14T19:00:00,935.2328952528031,935.2328952528031,0
2026-01-14T19:15:00,935.2328952528031,935.2328952528031,0
2026-01-14T19:30:00,935.2328952528031,935.2328952528031,0
2026-01-14T19:45:00,935.2328952528031,935.2328952528031,0
2026-01-14T20:00:00,935.2328952528031,935.2328952528031,0
2026-01-14T20:15:00,935.2328952528031,935.2328952528031,0
2026-01-14T20:30:00,935.2328952528031,935.2328952528031,0
2026-01-14T20:45:00,935.2328952528031,935.2328952528031,0
2026-01-14T21:00:00,935.2328952528031,935.2328952528031,0
2026-01-14T21:15:00,935.2328952528031,935.2328952528031,0
2026-01-14T21:30:00,935.2328952528031,935.2328952528031,0
2026-01-14T21:45:00,935.2328952528031,935.2328952528031,0
2026-01-14T22:00:00,935.2328952528031,935.2328952528031,0
2026-01-14T22:15:00,935.2328952528031,935.2328952528031,0
2026-01-14T22:30:00,935.2328952528031,935.2328952528031,0
2026-01-14T22:45:00,935.2328952528031,935.2328952528031,0
2026-01-14T23:00:00,935.2328952528031,935.2328952528031,0
2026-01-14T23:15:00,935.2328952528031,935.2328952528031,0
2026-01-14T23:30:00,935.2328952528031,935.2328952528031,0
2026-01-14T23:45:00,935.2328952528031,935.2328952528031,0
2026-01-15T00:00:00,935.2328952528031,935.2328952528031,0
2026-01-15T00:15:00,935.2328952528031,935.2328952528031,0
2026-01-15T00:30:00,935.2328952528031,935.2328952528031,0
2026-01-15T00:45:00,935.2328952528031,935.2328952528031,0
2026-01-15T01:00:00,935.2328952528031,935.2328952528031,0
2026-01-15T01:15:00,935.2328952528031,935.2328952528031,0
2026-01-15T01:30:00,935.2328952528031,935.2328952528031,0
2026-01-15T01:45:00,935.2328952528031,935.2328952528031,0
2026-01-15T02:00:00,935.2328952528031,935.2328952528031,0
2026-01-15T02:15:00,935.2328952528031,935.2328952528031,0
2026-01-15T02:30:00,935.2328952528031,935.2328952528031,0
2026-01-15T02:45:00,935.2328952528031,935.2328952528031,0
2026-01-15T03:00:00,935.2328952528031,935.2328952528031,0
2026-01-15T03:15:00,935.2328952528031,935.2328952528031,0
2026-01-15T03:30:00,935.2328952528031,935.2328952528031,0
2026-01-15T03:45:00,935.2328952528031,935.2328952528031,0
2026-01-15T04:00:00,935.2328952528031,935.2328952528031,0
2026-01-15T04:15:00,935.2328952528031,935.2328952528031,0
2026-01-15T04:30:00,935.2328952528031,935.2328952528031,0
2026-01-15T04:45:00,935.2328952528031,935.2328952528031,0
2026-01-15T05:00:00,935.2328952528031,935.2328952528031,0
2026-01-15T05:15:00,935.2328952528031,935.2328952528031,0
2026-01-15T05:30:00,935.2328952528031,935.2328952528031,0
2026-01-15T05:45:00,935.2328952528031,935.2328952528031,0
2026-01-15T06:00:00,935.2328952528031,935.2328952528031,0
2026-01-15T06:15:00,935.2328952528031,935.2328952528031,0
2026-01-15T06:30:00,935.2328952528031,935.2328952528031,0
2026-01-15T06:45:00,935.2328952528031,935.2328952528031,0
2026-01-15T07:00:00,935.2328952528031,935.2328952528031,0
2026-01-15T07:15:00,935.2328952528031,935.2328952528031,0
2026-01-15T07:30:00,935.2328952528031,935.2328952528031,0
2026-01-15T07:45:00,935.2328952528031,935.2328952528031,0
2026-01-15T08:00:00,934.3809713910514,822.8253831065782,1
2026-01-15T08:15:00,934.0371757331332,822.8253831065782,1
2026-01-15T08:30:00,934.777347561357,822.8253831065782,1
2026-01-15T08:45:00,935.9678242905404,822.8253831065782,1
2026-01-15T09:00:00,935.3018044669657,822.8253831065782,1
2026-01-15T09:15:00,937.1798725119854,822.8253831065782,1
2026-01-15T09:30:00,940.460087554005,822.8253831065782,1
2026-01-15T09:45:00,939.9504610493261,822.8253831065782,1
2026-01-15T10:00:00,939.5823974626138,822.8253831065782,1
2026-01-15T10:15:00,939.8601304254811,822.8253831065782,1
2026-01-15T10:30:00,940.1338187335492,822.8253831065782,1
2026-01-15T10:45:00,939.6969960152533,822.8253831065782,1
2026-01-15T11:00:00,938.9473866591649,822.8253831065782,1
2026-01-15T11:15:00,939.2763519161532,822.8253831065782,1
2026-01-15T11:30:00,937.8404994624949,822.8253831065782,1
2026-01-15T11:45:00,937.4290433619441,937.4290433619441,0
2026-01-15T12:00:00,937.4290433619441,937.4290433619441,0
2026-01-15T12:15:00,937.4290433619441,937.4290433619441,0
2026-01-15T12:30:00,937.4290433619441,937.4290433619441,0
2026-01-15T12:45:00,937.4290433619441,937.4290433619441,0
2026-01-15T13:00:00,937.4290433619441,937.4290433619441,0
2026-01-15T13:15:00,937.4290433619441,937.4290433619441,0
2026-01-15T13:30:00,937.4290433619441,937.4290433619441,0
2026-01-15T13:45:00,937.4290433619441,937.4290433619441,0
2026-01-15T14:00:00,937.4290433619441,937.4290433619441,0
2026-01-15T14:15:00,937.4290433619441,937.4290433619441,0
2026-01-15T14:30:00,937.4290433619441,937.4290433619441,0
2026-01-15T14:45:00,937.4290433619441,937.4290433619441,0
2026-01-15T15:00:00,937.4290433619441,937.4290433619441,0
2026-01-15T15:15:00,937.4290433619441,937.4290433619441,0
2026-01-15T15:30:00,937.4290433619441,937.4290433619441,0
2026-01-15T15:45:00,937.4290433619441,937.4290433619441,0
2026-01-15T16:00:00,937.4290433619441,937.4290433619441,0
2026-01-15T16:15:00,937.4290433619441,937.4290433619441,0
2026-01-15T16:30:00,937.4290433619441,937.4290433619441,0
2026-01-15T16:45:00,937.4290433619441,937.4290433619441,0
2026-01-15T17:00:00,937.4290433619441,937.4290433619441,0
2026-01-15T17:15:00,937.4290433619441,937.4290433619441,0
2026-01-15T17:30:00,936.5751189814043,824.7575717821853,1
2026-01-15T17:45:00,935.1058767527588,824.7575717821853,1
2026-01-15T18:00:00,932.9958174890194,932.9958174890194,0
2026-01-15T18:15:00,932.9958174890194,932.9958174890194,0
2026-01-15T18:30:00,932.9958174890194,932.9958174890194,0
2026-01-15T18:45:00,932.9958174890194,932.9958174890194,0
2026-01-15T19:00:00,932.9958174890194,932.9958174890194,0
2026-01-15T19:15:00,932.9958174890194,932.9958174890194,0
2026-01-15T19:30:00,932.9958174890194,932.9958174890194,0
2026-01-15T19:45:00,932.9958174890194,932.9958174890194,0
2026-01-15T20:00:00,932.9958174890194,932.9958174890194,0
2026-01-15T20:15:00,932.9958174890194,932.9958174890194,0
2026-01-15T20:30:00,932.9958174890194,932.9958174890194,0
2026-01-15T20:45:00,932.9958174890194,932.9958174890194,0
2026-01-15T21:00:00,932.9958174890194,932.9958174890194,0
2026-01-15T21:15:00,932.9958174890194,932.9958174890194,0
2026-01-15T21:30:00,932.9958174890194,932.9958174890194,0
2026-01-15T21:45:00,932.9958174890194,932.9958174890194,0
2026-01-15T22:00:00,932.9958174890194,932.9958174890194,0
2026-01-15T22:15:00,932.9958174890194,932.9958174890194,0
2026-01-15T22:30:00,932.9958174890194,932.9958174890194,0
2026-01-15T22:45:00,932.9958174890194,932.9958174890194,0
2026-01-15T23:00:00,932.9958174890194,932.9958174890194,0
2026-01-15T23:15:00,932.9958174890194,932.9958174890194,0
2026-01-15T23:30:00,932.9958174890194,932.9958174890194,0
2026-01-15T23:45:00,932.9958174890194,932.9958174890194,0
2026-01-16T00:00:00,932.9958174890194,932.9958174890194,0
2026-01-16T00:15:00,932.9958174890194,932.9958174890194,0
2026-01-16T00:30:00,932.9958174890194,932.9958174890194,0
2026-01-16T00:45:00,932.9958174890194,932.9958174890194,0
2026-01-16T01:00:00,932.9958174890194,932.9958174890194,0
2026-01-16T01:15:00,932.9958174890194,932.9958174890194,0
2026-01-16T01:30:00,932.9958174890194,932.9958174890194,0
2026-01-16T01:45:00,932.9958174890194,932.9958174890194,0
2026-01-16T02:00:00,932.9958174890194,932.9958174890194,0
2026-01-16T02:15:00,932.9958174890194,932.9958174890194,0
2026-01-16T02:30:00,932.9958174890194,932.9958174890194,0
2026-01-16T02:45:00,932.9958174890194,932.9958174890194,0
2026-01-16T03:00:00,932.9958174890194,932.9958174890194,0
2026-01-16T03:15:00,932.9958174890194,932.9958174890194,0
2026-01-16T03:30:00,932.9958174890194,932.9958174890194,0
2026-01-16T03:45:00,932.9958174890194,932.9958174890194,0
2026-01-16T04:00:00,932.9958174890194,932.9958174890194,0
2026-01-16T04:15:00,932.9958174890194,932.9958174890194,0
2026-01-16T04:30:00,932.9958174890194,932.9958174890194,0
2026-01-16T04:45:00,932.9958174890194,932.9958174890194,0
2026-01-16T05:00:00,932.9958174890194,932.9958174890194,0
2026-01-16T05:15:00,932.9958174890194,932.9958174890194,0
2026-01-16T05:30:00,932.9958174890194,932.9958174890194,0
2026-01-16T05:45:00,932.9958174890194,932.9958174890194,0
2026-01-16T06:00:00,932.9958174890194,932.9958174890194,0
