timestamp,equity,cash,open_positions
2025-11-17T06:00:00,1000.0,1000.0,0
2025-11-17T06:15:00,1000.0,1000.0,0
2025-11-17T06:30:00,1000.0,1000.0,0
2025-11-17T06:45:00,1000.0,1000.0,0
2025-11-17T07:00:00,1000.0,1000.0,0
2025-11-17T07:15:00,1000.0,1000.0,0
2025-11-17T07:30:00,1000.0,1000.0,0
2025-11-17T07:45:00,1000.0,1000.0,0
2025-11-17T08:00:00,1000.0,1000.0,0
2025-11-17T08:15:00,1000.0,1000.0,0
2025-11-17T08:30:00,1000.0,1000.0,0
2025-11-17T08:45:00,1000.0,1000.0,0
2025-11-17T09:00:00,1000.0,1000.0,0
2025-11-17T09:15:00,1000.0,1000.0,0
2025-11-17T09:30:00,1000.0,1000.0,0
2025-11-17T09:45:00,1000.0,1000.0,0
2025-11-17T10:00:00,1000.0,1000.0,0
2025-11-17T10:15:00,1000.0,1000.0,0
2025-11-17T10:30:00,1000.0,1000.0,0
2025-11-17T10:45:00,1000.0,1000.0,0
2025-11-17T11:00:00,1000.0,1000.0,0
2025-11-17T11:15:00,1000.0,1000.0,0
2025-11-17T11:30:00,1000.0,1000.0,0
2025-11-17T11:45:00,1000.0,1000.0,0
2025-11-17T12:00:00,1000.0,1000.0,0
2025-11-17T12:15:00,1000.0,1000.0,0
2025-11-17T12:30:00,1000.0,1000.0,0
2025-11-17T12:45:00,1000.0,1000.0,0
2025-11-17T13:00:00,1000.0,1000.0,0
2025-11-17T13:15:00,1000.0,1000.0,0
2025-11-17T13:30:00,1000.0,1000.0,0
2025-11-17T13:45:00,1000.0,1000.0,0
2025-11-17T14:00:00,1000.0,1000.0,0
2025-11-17T14:15:00,1000.0,1000.0,0
2025-11-17T14:30:00,1000.0,1000.0,0
2025-11-17T14:45:00,1000.0,1000.0,0
2025-11-17T15:00:00,1000.0,1000.0,0
2025-11-17T15:15:00,1000.0,1000.0,0
2025-11-17T15:30:00,1000.0,1000.0,0
2025-11-17T15:45:00,1000.0,1000.0,0
2025-11-17T16:00:00,1000.0,1000.0,0
2025-11-17T16:15:00,1000.0,1000.0,0
2025-11-17T16:30:00,1000.0,1000.0,0
2025-11-17T16:45:00,1000.0,1000.0,0
2025-11-17T17:00:00,1000.0,1000.0,0
2025-11-17T17:15:00,1000.0,1000.0,0
2025-11-17T17:30:00,1000.0,1000.0,0
2025-11-17T17:45:00,1000.0,1000.0,0
2025-11-17T18:00:00,1000.0,1000.0,0
2025-11-17T18:15:00,998.9347381071609,859.7760000000001,1
2025-11-17T18:30:00,997.4642012801913,859.7760000000001,1
2025-11-17T18:45:00,999.5311019085264,859.7760000000001,1
2025-11-17T19:00:00,1000.6034455140872,859.7760000000001,1
2025-11-17T19:15:00,1001.8480308386761,859.7760000000001,1
2025-11-17T19:30:00,1006.1688903063334,859.7760000000001,1
2025-11-17T19:45:00,1007.4412565533461,859.7760000000001,1
2025-11-17T20:00:00,1010.5601281107979,859.7760000000001,1
2025-11-17T20:15:00,1006.1874109212827,859.7760000000001,1
2025-11-17T20:30:00,1007.152334960138,859.7760000000001,1
2025-11-17T20:45:00,1003.2944908662116,859.7760000000001,1
2025-11-17T21:00:00,999.9427042255478,999.9427042255478,0
2025-11-17T21:15:00,999.9427042255478,999.9427042255478,0
2025-11-17T21:30:00,999.9427042255478,999.9427042255478,0
2025-11-17T21:45:00,999.9427042255478,999.9427042255478,0
2025-11-17T22:00:00,999.9427042255478,999.9427042255478,0
2025-11-17T22:15:00,999.9427042255478,999.9427042255478,0
2025-11-17T22:30:00,999.9427042255478,999.9427042255478,0
2025-11-17T22:45:00,999.9427042255478,999.9427042255478,0
2025-11-17T23:00:00,999.9427042255478,999.9427042255478,0
2025-11-17T23:15:00,999.9427042255478,999.9427042255478,0
2025-11-17T23:30:00,999.9427042255478,999.9427042255478,0
2025-11-17T23:45:00,999.9427042255478,999.9427042255478,0
2025-11-18T00:00:00,999.9427042255478,999.9427042255478,0
2025-11-18T00:15:00,999.9427042255478,999.9427042255478,0
2025-11-18T00:30:00,999.9427042255478,999.9427042255478,0
2025-11-18T00:45:00,999.9427042255478,999.9427042255478,0
2025-11-18T01:00:00,999.9427042255478,999.9427042255478,0
2025-11-18T01:15:00,999.9427042255478,999.9427042255478,0
2025-11-18T01:30:00,999.9427042255478,999.9427042255478,0
2025-11-18T01:45:00,999.9427042255478,999.9427042255478,0
2025-11-18T02:00:00,999.9427042255478,999.9427042255478,0
2025-11-18T02:15:00,999.9427042255478,999.9427042255478,0
2025-11-18T02:30:00,999.9427042255478,999.9427042255478,0
2025-11-18T02:45:00,999.9427042255478,999.9427042255478,0
2025-11-18T03:00:00,999.9427042255478,999.9427042255478,0
2025-11-18T03:15:00,999.9427042255478,999.9427042255478,0
2025-11-18T03:30:00,999.9427042255478,999.9427042255478,0
2025-11-18T03:45:00,999.9427042255478,999.9427042255478,0
2025-11-18T04:00:00,999.9427042255478,999.9427042255478,0
2025-11-18T04:15:00,999.9427042255478,999.9427042255478,0
2025-11-18T04:30:00,999.9427042255478,999.9427042255478,0
2025-11-18T04:45:00,999.9427042255478,999.9427042255478,0
2025-11-18T05:00:00,999.9427042255478,999.9427042255478,0
2025-11-18T05:15:00,999.9427042255478,999.9427042255478,0
2025-11-18T05:30:00,999.9427042255478,999.9427042255478,0
2025-11-18T05:45:00,999.9427042255478,999.9427042255478,0
2025-11-18T06:00:00,999.9427042255478,999.9427042255478,0
2025-11-18T06:15:00,999.9427042255478,999.9427042255478,0
2025-11-18T06:30:00,999.9427042255478,999.9427042255478,0
2025-11-18T06:45:00,999.9427042255478,999.9427042255478,0
2025-11-18T07:00:00,999.9427042255478,999.9427042255478,0
2025-11-18T07:15:00,999.9427042255478,999.9427042255478,0
2025-11-18T07:30:00,999.9427042255478,999.9427042255478,0
2025-11-18T07:45:00,999.9427042255478,999.9427042255478,0
2025-11-18T08:00:00,999.9427042255478,999.9427042255478,0
2025-11-18T08:15:00,999.9427042255478,999.9427042255478,0
2025-11-18T08:30:00,999.9427042255478,999.9427042255478,0
2025-11-18T08:45:00,999.9427042255478,999.9427042255478,0
2025-11-18T09:00:00,999.9427042255478,999.9427042255478,0
2025-11-18T09:15:00,999.9427042255478,999.9427042255478,0
2025-11-18T09:30:00,999.9427042255478,999.9427042255478,0
2025-11-18T09:45:00,999.9427042255478,999.9427042255478,0
2025-11-18T10:00:00,999.9427042255478,999.9427042255478,0
2025-11-18T10:15:00,999.9427042255478,999.9427042255478,0
2025-11-18T10:30:00,999.9427042255478,999.9427042255478,0
2025-11-18T10:45:00,999.9427042255478,999.9427042255478,0
2025-11-18T11:00:00,999.9427042255478,999.9427042255478,0
2025-11-18T11:15:00,999.9427042255478,999.9427042255478,0
2025-11-18T11:30:00,999.9427042255478,999.9427042255478,0
2025-11-18T11:45:00,999.9427042255478,999.9427042255478,0
2025-11-18T12:00:00,999.9427042255478,999.9427042255478,0
2025-11-18T12:15:00,999.9427042255478,999.9427042255478,0
2025-11-18T12:30:00,999.9427042255478,999.9427042255478,0
2025-11-18T12:45:00,999.9427042255478,999.9427042255478,0
2025-11-18T13:00:00,999.9427042255478,999.9427042255478,0
2025-11-18T13:15:00,999.9427042255478,999.9427042255478,0
2025-11-18T13:30:00,999.9427042255478,999.9427042255478,0
2025-11-18T13:45:00,999.9427042255478,999.9427042255478,0
2025-11-18T14:00:00,999.9427042255478,999.9427042255478,0
2025-11-18T14:15:00,999.9427042255478,999.9427042255478,0
2025-11-18T14:30:00,999.9427042255478,999.9427042255478,0
2025-11-18T14:45:00,999.9427042255478,999.9427042255478,0
2025-11-18T15:00:00,999.9427042255478,999.9427042255478,0
2025-11-18T15:15:00,999.9427042255478,999.9427042255478,0
2025-11-18T15:30:00,999.9427042255478,999.9427042255478,0
2025-11-18T15:45:00,999.9427042255478,999.9427042255478,0
2025-11-18T16:00:00,999.9427042255478,999.9427042255478,0
2025-11-18T16:15:00,999.9427042255478,999.9427042255478,0
2025-11-18T16:30:00,999.9427042255478,999.9427042255478,0
2025-11-18T16:45:00,999.9427042255478,999.9427042255478,0
2025-11-18T17:00:00,999.9427042255478,999.9427042255478,0
2025-11-18T17:15:00,999.9427042255478,999.9427042255478,0
2025-11-18T17:30:00,999.9427042255478,999.9427042255478,0
2025-11-18T17:45:00,999.9427042255478,999.9427042255478,0
2025-11-18T18:00:00,999.9427042255478,999.9427042255478,0
2025-11-18T18:15:00,999.9427042255478,999.9427042255478,0
2025-11-18T18:30:00,999.9427042255478,999.9427042255478,0
2025-11-18T18:45:00,999.9427042255478,999.9427042255478,0
2025-11-18T19:00:00,999.9427042255478,999.9427042255478,0
2025-11-18T19:15:00,999.9427042255478,999.9427042255478,0
2025-11-18T19:30:00,999.9427042255478,999.9427042255478,0
2025-11-18T19:45:00,999.9427042255478,999.9427042255478,0
2025-11-18T20:00:00,999.9427042255478,999.9427042255478,0
2025-11-18T20:15:00,999.9427042255478,999.9427042255478,0
2025-11-18T20:30:00,999.9427042255478,999.9427042255478,0
2025-11-18T20:45:00,999.9427042255478,999.9427042255478,0
2025-11-18T21:00:00,999.9427042255478,999.9427042255478,0
2025-11-18T21:15:00,999.9427042255478,999.9427042255478,0
2025-11-18T21:30:00,999.9427042255478,999.9427042255478,0
2025-11-18T21:45:00,999.9427042255478,999.9427042255478,0
2025-11-18T22:00:00,999.9427042255478,999.9427042255478,0
2025-11-18T22:15:00,999.9427042255478,999.9427042255478,0
2025-11-18T22:30:00,999.9427042255478,999.9427042255478,0
2025-11-18T22:45:00,999.9427042255478,999.9427042255478,0
2025-11-18T23:00:00,999.9427042255478,999.9427042255478,0
2025-11-18T23:15:00,999.9427042255478,999.9427042255478,0
2025-11-18T23:30:00,999.9427042255478,999.9427042255478,0
2025-11-18T23:45:00,999.9427042255478,999.9427042255478,0
2025-11-19T00:00:00,999.9427042255478,999.9427042255478,0
2025-11-19T00:15:00,999.9427042255478,999.9427042255478,0
2025-11-19T00:30:00,999.9427042255478,999.9427042255478,0
2025-11-19T00:45:00,999.9427042255478,999.9427042255478,0
2025-11-19T01:00:00,999.9427042255478,999.9427042255478,0
2025-11-19T01:15:00,999.9427042255478,999.9427042255478,0
2025-11-19T01:30:00,999.9427042255478,999.9427042255478,0
2025-11-19T01:45:00,999.9427042255478,999.9427042255478,0
2025-11-19T02:00:00,999.9427042255478,999.9427042255478,0
2025-11-19T02:15:00,999.9427042255478,999.9427042255478,0
2025-11-19T02:30:00,999.9427042255478,999.9427042255478,0
2025-11-19T02:45:00,999.9427042255478,999.9427042255478,0
2025-11-19T03:00:00,999.9427042255478,999.9427042255478,0
2025-11-19T03:15:00,999.9427042255478,999.9427042255478,0
2025-11-19T03:30:00,999.9427042255478,999.9427042255478,0
2025-11-19T03:45:00,999.9427042255478,999.9427042255478,0
2025-11-19T04:00:00,999.9427042255478,999.9427042255478,0
2025-11-19T04:15:00,999.9427042255478,999.9427042255478,0
2025-11-19T04:30:00,999.9427042255478,999.9427042255478,0
2025-11-19T04:45:00,999.9427042255478,999.9427042255478,0
2025-11-19T05:00:00,999.9427042255478,999.9427042255478,0
2025-11-19T05:15:00,999.9427042255478,999.9427042255478,0
2025-11-19T05:30:00,999.9427042255478,999.9427042255478,0
2025-11-19T05:45:00,999.9427042255478,999.9427042255478,0
2025-11-19T06:00:00,999.9427042255478,999.9427042255478,0
2025-11-19T06:15:00,999.9427042255478,999.9427042255478,0
2025-11-19T06:30:00,999.9427042255478,999.9427042255478,0
2025-11-19T06:45:00,999.9427042255478,999.9427042255478,0
2025-11-19T07:00:00,999.9427042255478,999.9427042255478,0
2025-11-19T07:15:00,999.9427042255478,999.9427042255478,0
2025-11-19T07:30:00,999.9427042255478,999.9427042255478,0
2025-11-19T07:45:00,999.9427042255478,999.9427042255478,0
2025-11-19T08:00:00,999.9427042255478,999.9427042255478,0
2025-11-19T08:15:00,999.9427042255478,999.9427042255478,0
2025-11-19T08:30:00,999.9427042255478,999.9427042255478,0
2025-11-19T08:45:00,999.9427042255478,999.9427042255478,0
2025-11-19T09:00:00,999.9427042255478,999.9427042255478,0
2025-11-19T09:15:00,999.9427042255478,999.9427042255478,0
2025-11-19T09:30:00,999.9427042255478,999.9427042255478,0
2025-11-19T09:45:00,999.9427042255478,999.9427042255478,0
2025-11-19T10:00:00,999.9427042255478,999.9427042255478,0
2025-11-19T10:15:00,999.9427042255478,999.9427042255478,0
2025-11-19T10:30:00,999.9427042255478,999.9427042255478,0
2025-11-19T10:45:00,999.9427042255478,999.9427042255478,0
2025-11-19T11:00:00,999.9427042255478,999.9427042255478,0
2025-11-19T11:15:00,999.9427042255478,999.9427042255478,0
2025-11-19T11:30:00,999.9427042255478,999.9427042255478,0
2025-11-19T11:45:00,999.9427042255478,999.9427042255478,0
2025-11-19T12:00:00,999.9427042255478,999.9427042255478,0
2025-11-19T12:15:00,999.9427042255478,999.9427042255478,0
2025-11-19T12:30:00,999.9427042255478,999.9427042255478,0
2025-11-19T12:45:00,999.9427042255478,999.9427042255478,0
2025-11-19T13:00:00,999.9427042255478,999.9427042255478,0
2025-11-19T13:15:00,999.9427042255478,999.9427042255478,0
2025-11-19T13:30:00,999.9427042255478,999.9427042255478,0
2025-11-19T13:45:00,999.9427042255478,999.9427042255478,0
2025-11-19T14:00:00,999.9427042255478,999.9427042255478,0
2025-11-19T14:15:00,999.9427042255478,999.9427042255478,0
2025-11-19T14:30:00,999.9427042255478,999.9427042255478,0
2025-11-19T14:45:00,999.9427042255478,999.9427042255478,0
2025-11-19T15:00:00,999.9427042255478,999.9427042255478,0
2025-11-19T15:15:00,999.9427042255478,999.9427042255478,0
2025-11-19T15:30:00,999.9427042255478,999.9427042255478,0
2025-11-19T15:45:00,999.9427042255478,999.9427042255478,0
2025-11-19T16:00:00,999.9427042255478,999.9427042255478,0
2025-11-19T16:15:00,999.9427042255478,999.9427042255478,0
2025-11-19T16:30:00,999.9427042255478,999.9427042255478,0
2025-11-19T16:45:00,999.9427042255478,999.9427042255478,0
2025-11-19T17:00:00,999.9427042255478,999.9427042255478,0
2025-11-19T17:15:00,999.9427042255478,999.9427042255478,0
2025-11-19T17:30:00,999.9427042255478,999.9427042255478,0
2025-11-19T17:45:00,999.9427042255478,999.9427042255478,0
2025-11-19T18:00:00,999.9427042255478,999.9427042255478,0
2025-11-19T18:15:00,999.9427042255478,999.9427042255478,0
2025-11-19T18:30:00,999.9427042255478,999.9427042255478,0
2025-11-19T18:45:00,999.9427042255478,999.9427042255478,0
2025-11-19T19:00:00,999.9427042255478,999.9427042255478,0
2025-11-19T19:15:00,999.9427042255478,999.9427042255478,0
2025-11-19T19:30:00,999.9427042255478,999.9427042255478,0
2025-11-19T19:45:00,999.9427042255478,999.9427042255478,0
2025-11-19T20:00:00,999.9427042255478,999.9427042255478,0
2025-11-19T20:15:00,999.9427042255478,999.9427042255478,0
2025-11-19T20:30:00,999.9427042255478,999.9427042255478,0
2025-11-19T20:45:00,999.9427042255478,999.9427042255478,0
2025-11-19T21:00:00,999.9427042255478,999.9427042255478,0
2025-11-19T21:15:00,999.9427042255478,999.9427042255478,0
2025-11-19T21:30:00,999.9427042255478,999.9427042255478,0
2025-11-19T21:45:00,999.9427042255478,999.9427042255478,0
2025-11-19T22:00:00,999.9427042255478,999.9427042255478,0
2025-11-19T22:15:00,999.9427042255478,999.9427042255478,0
2025-11-19T22:30:00,999.9427042255478,999.9427042255478,0
2025-11-19T22:45:00,999.9427042255478,999.9427042255478,0
2025-11-19T23:00:00,999.9427042255478,999.9427042255478,0
2025-11-19T23:15:00,999.9427042255478,999.9427042255478,0
2025-11-19T23:30:00,999.9427042255478,999.9427042255478,0
2025-11-19T23:45:00,999.9427042255478,999.9427042255478,0
2025-11-20T00:00:00,999.9427042255478,999.9427042255478,0
2025-11-20T00:15:00,999.9427042255478,999.9427042255478,0
2025-11-20T00:30:00,999.9427042255478,999.9427042255478,0
2025-11-20T00:45:00,999.9427042255478,999.9427042255478,0
2025-11-20T01:00:00,999.9427042255478,999.9427042255478,0
2025-11-20T01:15:00,999.9427042255478,999.9427042255478,0
2025-11-20T01:30:00,999.9427042255478,999.9427042255478,0
2025-11-20T01:45:00,999.9427042255478,999.9427042255478,0
2025-11-20T02:00:00,999.9427042255478,999.9427042255478,0
2025-11-20T02:15:00,999.9427042255478,999.9427042255478,0
2025-11-20T02:30:00,999.9427042255478,999.9427042255478,0
2025-11-20T02:45:00,999.9427042255478,999.9427042255478,0
2025-11-20T03:00:00,999.9427042255478,999.9427042255478,0
2025-11-20T03:15:00,999.9427042255478,999.9427042255478,0
2025-11-20T03:30:00,999.9427042255478,999.9427042255478,0
2025-11-20T03:45:00,999.9427042255478,999.9427042255478,0
2025-11-20T04:00:00,999.9427042255478,999.9427042255478,0
2025-11-20T04:15:00,999.9427042255478,999.9427042255478,0
2025-11-20T04:30:00,999.9427042255478,999.9427042255478,0
2025-11-20T04:45:00,999.9427042255478,999.9427042255478,0
2025-11-20T05:00:00,999.9427042255478,999.9427042255478,0
2025-11-20T05:15:00,999.9427042255478,999.9427042255478,0
2025-11-20T05:30:00,999.9427042255478,999.9427042255478,0
2025-11-20T05:45:00,999.9427042255478,999.9427042255478,0
2025-11-20T06:00:00,999.9427042255478,999.9427042255478,0
2025-11-20T06:15:00,999.9427042255478,999.9427042255478,0
2025-11-20T06:30:00,999.9427042255478,999.9427042255478,0
2025-11-20T06:45:00,999.9427042255478,999.9427042255478,0
2025-11-20T07:00:00,999.9427042255478,999.9427042255478,0
2025-11-20T07:15:00,999.9427042255478,999.9427042255478,0
2025-11-20T07:30:00,999.9427042255478,999.9427042255478,0
2025-11-20T07:45:00,999.9427042255478,999.9427042255478,0
2025-11-20T08:00:00,999.9427042255478,999.9427042255478,0
2025-11-20T08:15:00,999.9427042255478,999.9427042255478,0
2025-11-20T08:30:00,999.9427042255478,999.9427042255478,0
2025-11-20T08:45:00,999.9427042255478,999.9427042255478,0
2025-11-20T09:00:00,999.9427042255478,999.9427042255478,0
2025-11-20T09:15:00,999.9427042255478,999.9427042255478,0
2025-11-20T09:30:00,999.9427042255478,999.9427042255478,0
2025-11-20T09:45:00,999.9427042255478,999.9427042255478,0
2025-11-20T10:00:00,999.9427042255478,999.9427042255478,0
2025-11-20T10:15:00,999.9427042255478,999.9427042255478,0
2025-11-20T10:30:00,999.9427042255478,999.9427042255478,0
2025-11-20T10:45:00,999.9427042255478,999.9427042255478,0
2025-11-20T11:00:00,999.9427042255478,999.9427042255478,0
2025-11-20T11:15:00,999.9427042255478,999.9427042255478,0
2025-11-20T11:30:00,999.9427042255478,999.9427042255478,0
2025-11-20T11:45:00,999.9427042255478,999.9427042255478,0
2025-11-20T12:00:00,999.9427042255478,999.9427042255478,0
2025-11-20T12:15:00,999.9427042255478,999.9427042255478,0
2025-11-20T12:30:00,999.9427042255478,999.9427042255478,0
2025-11-20T12:45:00,999.9427042255478,999.9427042255478,0
2025-11-20T13:00:00,999.9427042255478,999.9427042255478,0
2025-11-20T13:15:00,999.9427042255478,999.9427042255478,0
2025-11-20T13:30:00,999.9427042255478,999.9427042255478,0
2025-11-20T13:45:00,999.9427042255478,999.9427042255478,0
2025-11-20T14:00:00,999.9427042255478,999.9427042255478,0
2025-11-20T14:15:00,999.9427042255478,999.9427042255478,0
2025-11-20T14:30:00,999.9427042255478,999.9427042255478,0
2025-11-20T14:45:00,999.9427042255478,999.9427042255478,0
2025-11-20T15:00:00,999.9427042255478,999.9427042255478,0
2025-11-20T15:15:00,999.9427042255478,999.9427042255478,0
2025-11-20T15:30:00,999.9427042255478,999.9427042255478,0
2025-11-20T15:45:00,999.9427042255478,999.9427042255478,0
2025-11-20T16:00:00,999.9427042255478,999.9427042255478,0
2025-11-20T16:15:00,999.9427042255478,999.9427042255478,0
2025-11-20T16:30:00,999.9427042255478,999.9427042255478,0
2025-11-20T16:45:00,999.9427042255478,999.9427042255478,0
2025-11-20T17:00:00,998.8775033677136,859.7267384682245,1
2025-11-20T17:15:00,998.3487123793815,859.7267384682245,1
2025-11-20T17:30:00,1000.7558452361118,859.7267384682245,1
2025-11-20T17:45:00,997.6928131283813,859.7267384682245,1
2025-11-20T18:00:00,994.69832800062,859.7267384682245,1
2025-11-20T18:15:00,999.4549987891817,859.7267384682245,1
2025-11-20T18:30:00,1000.6983147350663,859.7267384682245,1
2025-11-20T18:45:00,1002.5087538620289,859.7267384682245,1
2025-11-20T19:00:00,1002.9306656776464,859.7267384682245,1
2025-11-20T19:15:00,999.6629589878094,859.7267384682245,1
2025-11-20T19:30:00,1001.2609926702628,859.7267384682245,1
2025-11-20T19:45:00,999.2582724996734,999.2582724996734,0
2025-11-20T20:00:00,999.2582724996734,999.2582724996734,0
2025-11-20T20:15:00,999.2582724996734,999.2582724996734,0
2025-11-20T20:30:00,999.2582724996734,999.2582724996734,0
2025-11-20T20:45:00,999.2582724996734,999.2582724996734,0
2025-11-20T21:00:00,999.2582724996734,999.2582724996734,0
2025-11-20T21:15:00,999.2582724996734,999.2582724996734,0
2025-11-20T21:30:00,999.2582724996734,999.2582724996734,0
2025-11-20T21:45:00,999.2582724996734,999.2582724996734,0
2025-11-20T22:00:00,999.2582724996734,999.2582724996734,0
2025-11-20T22:15:00,999.2582724996734,999.2582724996734,0
2025-11-20T22:30:00,999.2582724996734,999.2582724996734,0
2025-11-20T22:45:00,999.2582724996734,999.2582724996734,0
2025-11-20T23:00:00,999.2582724996734,999.2582724996734,0
2025-11-20T23:15:00,999.2582724996734,999.2582724996734,0
2025-11-20T23:30:00,999.2582724996734,999.2582724996734,0
2025-11-20T23:45:00,999.2582724996734,999.2582724996734,0
2025-11-21T00:00:00,999.2582724996734,999.2582724996734,0
2025-11-21T00:15:00,999.2582724996734,999.2582724996734,0
2025-11-21T00:30:00,999.2582724996734,999.2582724996734,0
2025-11-21T00:45:00,999.2582724996734,999.2582724996734,0
2025-11-21T01:00:00,999.2582724996734,999.2582724996734,0
2025-11-21T01:15:00,999.2582724996734,999.2582724996734,0
2025-11-21T01:30:00,999.2582724996734,999.2582724996734,0
2025-11-21T01:45:00,999.2582724996734,999.2582724996734,0
2025-11-21T02:00:00,999.2582724996734,999.2582724996734,0
2025-11-21T02:15:00,999.2582724996734,999.2582724996734,0
2025-11-21T02:30:00,999.2582724996734,999.2582724996734,0
2025-11-21T02:45:00,999.2582724996734,999.2582724996734,0
2025-11-21T03:00:00,999.2582724996734,999.2582724996734,0
2025-11-21T03:15:00,999.2582724996734,999.2582724996734,0
2025-11-21T03:30:00,999.2582724996734,999.2582724996734,0
2025-11-21T03:45:00,999.2582724996734,999.2582724996734,0
2025-11-21T04:00:00,999.2582724996734,999.2582724996734,0
2025-11-21T04:15:00,999.2582724996734,999.2582724996734,0
2025-11-21T04:30:00,999.2582724996734,999.2582724996734,0
2025-11-21T04:45:00,999.2582724996734,999.2582724996734,0
2025-11-21T05:00:00,999.2582724996734,999.2582724996734,0
2025-11-21T05:15:00,999.2582724996734,999.2582724996734,0
2025-11-21T05:30:00,999.2582724996734,999.2582724996734,0
2025-11-21T05:45:00,999.2582724996734,999.2582724996734,0
2025-11-21T06:00:00,999.2582724996734,999.2582724996734,0
2025-11-21T06:15:00,999.2582724996734,999.2582724996734,0
2025-11-21T06:30:00,999.2582724996734,999.2582724996734,0
2025-11-21T06:45:00,999.2582724996734,999.2582724996734,0
2025-11-21T07:00:00,999.2582724996734,999.2582724996734,0
2025-11-21T07:15:00,999.2582724996734,999.2582724996734,0
2025-11-21T07:30:00,999.2582724996734,999.2582724996734,0
2025-11-21T07:45:00,999.2582724996734,999.2582724996734,0
2025-11-21T08:00:00,999.2582724996734,999.2582724996734,0
2025-11-21T08:15:00,999.2582724996734,999.2582724996734,0
2025-11-21T08:30:00,999.2582724996734,999.2582724996734,0
2025-11-21T08:45:00,999.2582724996734,999.2582724996734,0
2025-11-21T09:00:00,999.2582724996734,999.2582724996734,0
2025-11-21T09:15:00,999.2582724996734,999.2582724996734,0
2025-11-21T09:30:00,999.2582724996734,999.2582724996734,0
2025-11-21T09:45:00,999.2582724996734,999.2582724996734,0
2025-11-21T10:00:00,999.2582724996734,999.2582724996734,0
2025-11-21T10:15:00,999.2582724996734,999.2582724996734,0
2025-11-21T10:30:00,999.2582724996734,999.2582724996734,0
2025-11-21T10:45:00,999.2582724996734,999.2582724996734,0
2025-11-21T11:00:00,999.2582724996734,999.2582724996734,0
2025-11-21T11:15:00,999.2582724996734,999.2582724996734,0
2025-11-21T11:30:00,999.2582724996734,999.2582724996734,0
2025-11-21T11:45:00,999.2582724996734,999.2582724996734,0
2025-11-21T12:00:00,999.2582724996734,999.2582724996734,0
2025-11-21T12:15:00,998.1938007408751,859.1382804966792,1
2025-11-21T12:30:00,978.6361275173332,978.6361275173332,0
2025-11-21T12:45:00,978.6361275173332,978.6361275173332,0
2025-11-21T13:00:00,978.6361275173332,978.6361275173332,0
2025-11-21T13:15:00,978.6361275173332,978.6361275173332,0
2025-11-21T13:30:00,978.6361275173332,978.6361275173332,0
2025-11-21T13:45:00,978.6361275173332,978.6361275173332,0
2025-11-21T14:00:00,978.6361275173332,978.6361275173332,0
2025-11-21T14:15:00,978.6361275173332,978.6361275173332,0
2025-11-21T14:30:00,978.6361275173332,978.6361275173332,0
2025-11-21T14:45:00,978.6361275173332,978.6361275173332,0
2025-11-21T15:00:00,978.6361275173332,978.6361275173332,0
2025-11-21T15:15:00,978.6361275173332,978.6361275173332,0
2025-11-21T15:30:00,978.6361275173332,978.6361275173332,0
2025-11-21T15:45:00,978.6361275173332,978.6361275173332,0
2025-11-21T16:00:00,978.6361275173332,978.6361275173332,0
2025-11-21T16:15:00,978.6361275173332,978.6361275173332,0
2025-11-21T16:30:00,978.6361275173332,978.6361275173332,0
2025-11-21T16:45:00,978.6361275173332,978.6361275173332,0
2025-11-21T17:00:00,978.6361275173332,978.6361275173332,0
2025-11-21T17:15:00,978.6361275173332,978.6361275173332,0
2025-11-21T17:30:00,978.6361275173332,978.6361275173332,0
2025-11-21T17:45:00,978.6361275173332,978.6361275173332,0
2025-11-21T18:00:00,978.6361275173332,978.6361275173332,0
2025-11-21T18:15:00,978.6361275173332,978.6361275173332,0
2025-11-21T18:30:00,978.6361275173332,978.6361275173332,0
2025-11-21T18:45:00,978.6361275173332,978.6361275173332,0
2025-11-21T19:00:00,978.6361275173332,978.6361275173332,0
2025-11-21T19:15:00,978.6361275173332,978.6361275173332,0
2025-11-21T19:30:00,978.6361275173332,978.6361275173332,0
2025-11-21T19:45:00,978.6361275173332,978.6361275173332,0
2025-11-21T20:00:00,978.6361275173332,978.6361275173332,0
2025-11-21T20:15:00,978.6361275173332,978.6361275173332,0
2025-11-21T20:30:00,978.6361275173332,978.6361275173332,0
2025-11-21T20:45:00,978.6361275173332,978.6361275173332,0
2025-11-21T21:00:00,978.6361275173332,978.6361275173332,0
2025-11-21T21:15:00,978.6361275173332,978.6361275173332,0
2025-11-21T21:30:00,978.6361275173332,978.6361275173332,0
2025-11-21T21:45:00,978.6361275173332,978.6361275173332,0
2025-11-21T22:00:00,978.6361275173332,978.6361275173332,0
2025-11-21T22:15:00,978.6361275173332,978.6361275173332,0
2025-11-21T22:30:00,978.6361275173332,978.6361275173332,0
2025-11-21T22:45:00,978.6361275173332,978.6361275173332,0
2025-11-21T23:00:00,977.5936237437332,841.4078551723427,1
2025-11-21T23:15:00,971.0276889990214,971.0276889990214,0
2025-11-21T23:30:00,971.0276889990214,971.0276889990214,0
2025-11-21T23:45:00,971.0276889990214,971.0276889990214,0
2025-11-22T00:00:00,971.0276889990214,971.0276889990214,0
2025-11-22T00:15:00,971.0276889990214,971.0276889990214,0
2025-11-22T00:30:00,971.0276889990214,971.0276889990214,0
2025-11-22T00:45:00,971.0276889990214,971.0276889990214,0
2025-11-22T01:00:00,971.0276889990214,971.0276889990214,0
2025-11-22T01:15:00,971.0276889990214,971.0276889990214,0
2025-11-22T01:30:00,971.0276889990214,971.0276889990214,0
2025-11-22T01:45:00,971.0276889990214,971.0276889990214,0
2025-11-22T02:00:00,971.0276889990214,971.0276889990214,0
2025-11-22T02:15:00,971.0276889990214,971.0276889990214,0
2025-11-22T02:30:00,971.0276889990214,971.0276889990214,0
2025-11-22T02:45:00,971.0276889990214,971.0276889990214,0
2025-11-22T03:00:00,971.0276889990214,971.0276889990214,0
2025-11-22T03:15:00,971.0276889990214,971.0276889990214,0
2025-11-22T03:30:00,971.0276889990214,971.0276889990214,0
2025-11-22T03:45:00,971.0276889990214,971.0276889990214,0
2025-11-22T04:00:00,971.0276889990214,971.0276889990214,0
2025-11-22T04:15:00,971.0276889990214,971.0276889990214,0
2025-11-22T04:30:00,971.0276889990214,971.0276889990214,0
2025-11-22T04:45:00,971.0276889990214,971.0276889990214,0
2025-11-22T05:00:00,971.0276889990214,971.0276889990214,0
2025-11-22T05:15:00,971.0276889990214,971.0276889990214,0
2025-11-22T05:30:00,971.0276889990214,971.0276889990214,0
2025-11-22T05:45:00,971.0276889990214,971.0276889990214,0
2025-11-22T06:00:00,971.0276889990214,971.0276889990214,0
2025-11-22T06:15:00,971.0276889990214,971.0276889990214,0
2025-11-22T06:30:00,971.0276889990214,971.0276889990214,0
2025-11-22T06:45:00,971.0276889990214,971.0276889990214,0
2025-11-22T07:00:00,971.0276889990214,971.0276889990214,0
2025-11-22T07:15:00,971.0276889990214,971.0276889990214,0
2025-11-22T07:30:00,971.0276889990214,971.0276889990214,0
2025-11-22T07:45:00,971.0276889990214,971.0276889990214,0
2025-11-22T08:00:00,971.0276889990214,971.0276889990214,0
2025-11-22T08:15:00,971.0276889990214,971.0276889990214,0
2025-11-22T08:30:00,971.0276889990214,971.0276889990214,0
2025-11-22T08:45:00,971.0276889990214,971.0276889990214,0
2025-11-22T09:00:00,971.0276889990214,971.0276889990214,0
2025-11-22T09:15:00,971.0276889990214,971.0276889990214,0
2025-11-22T09:30:00,971.0276889990214,971.0276889990214,0
2025-11-22T09:45:00,971.0276889990214,971.0276889990214,0
2025-11-22T10:00:00,971.0276889990214,971.0276889990214,0
2025-11-22T10:15:00,971.0276889990214,971.0276889990214,0
2025-11-22T10:30:00,971.0276889990214,971.0276889990214,0
2025-11-22T10:45:00,971.0276889990214,971.0276889990214,0
2025-11-22T11:00:00,971.0276889990214,971.0276889990214,0
2025-11-22T11:15:00,971.0276889990214,971.0276889990214,0
2025-11-22T11:30:00,971.0276889990214,971.0276889990214,0
2025-11-22T11:45:00,971.0276889990214,971.0276889990214,0
2025-11-22T12:00:00,971.0276889990214,971.0276889990214,0
2025-11-22T12:15:00,971.0276889990214,971.0276889990214,0
2025-11-22T12:30:00,971.0276889990214,971.0276889990214,0
2025-11-22T12:45:00,971.0276889990214,971.0276889990214,0
2025-11-22T13:00:00,971.0276889990214,971.0276889990214,0
2025-11-22T13:15:00,971.0276889990214,971.0276889990214,0
2025-11-22T13:30:00,971.0276889990214,971.0276889990214,0
2025-11-22T13:45:00,971.0276889990214,971.0276889990214,0
2025-11-22T14:00:00,971.0276889990214,971.0276889990214,0
2025-11-22T14:15:00,971.0276889990214,971.0276889990214,0
2025-11-22T14:30:00,971.0276889990214,971.0276889990214,0
2025-11-22T14:45:00,971.0276889990214,971.0276889990214,0
2025-11-22T15:00:00,971.0276889990214,971.0276889990214,0
2025-11-22T15:15:00,971.0276889990214,971.0276889990214,0
2025-11-22T15:30:00,971.0276889990214,971.0276889990214,0
2025-11-22T15:45:00,971.0276889990214,971.0276889990214,0
2025-11-22T16:00:00,971.0276889990214,971.0276889990214,0
2025-11-22T16:15:00,971.0276889990214,971.0276889990214,0
2025-11-22T16:30:00,971.0276889990214,971.0276889990214,0
2025-11-22T16:45:00,971.0276889990214,971.0276889990214,0
2025-11-22T17:00:00,971.0276889990214,971.0276889990214,0
2025-11-22T17:15:00,971.0276889990214,971.0276889990214,0
2025-11-22T17:30:00,971.0276889990214,971.0276889990214,0
2025-11-22T17:45:00,971.0276889990214,971.0276889990214,0
2025-11-22T18:00:00,971.0276889990214,971.0276889990214,0
2025-11-22T18:15:00,971.0276889990214,971.0276889990214,0
2025-11-22T18:30:00,971.0276889990214,971.0276889990214,0
2025-11-22T18:45:00,971.0276889990214,971.0276889990214,0
2025-11-22T19:00:00,971.0276889990214,971.0276889990214,0
2025-11-22T19:15:00,971.0276889990214,971.0276889990214,0
2025-11-22T19:30:00,971.0276889990214,971.0276889990214,0
2025-11-22T19:45:00,971.0276889990214,971.0276889990214,0
2025-11-22T20:00:00,971.0276889990214,971.0276889990214,0
2025-11-22T20:15:00,971.0276889990214,971.0276889990214,0
2025-11-22T20:30:00,971.0276889990214,971.0276889990214,0
2025-11-22T20:45:00,971.0276889990214,971.0276889990214,0
2025-11-22T21:00:00,971.0276889990214,971.0276889990214,0
2025-11-22T21:15:00,971.0276889990214,971.0276889990214,0
2025-11-22T21:30:00,971.0276889990214,971.0276889990214,0
2025-11-22T21:45:00,971.0276889990214,971.0276889990214,0
2025-11-22T22:00:00,971.0276889990214,971.0276889990214,0
2025-11-22T22:15:00,971.0276889990214,971.0276889990214,0
2025-11-22T22:30:00,971.0276889990214,971.0276889990214,0
2025-11-22T22:45:00,971.0276889990214,971.0276889990214,0
2025-11-22T23:00:00,971.0276889990214,971.0276889990214,0
2025-11-22T23:15:00,971.0276889990214,971.0276889990214,0
2025-11-22T23:30:00,971.0276889990214,971.0276889990214,0
2025-11-22T23:45:00,971.0276889990214,971.0276889990214,0
2025-11-23T00:00:00,971.0276889990214,971.0276889990214,0
2025-11-23T00:15:00,971.0276889990214,971.0276889990214,0
2025-11-23T00:30:00,971.0276889990214,971.0276889990214,0
2025-11-23T00:45:00,971.0276889990214,971.0276889990214,0
2025-11-23T01:00:00,971.0276889990214,971.0276889990214,0
2025-11-23T01:15:00,971.0276889990214,971.0276889990214,0
2025-11-23T01:30:00,971.0276889990214,971.0276889990214,0
2025-11-23T01:45:00,971.0276889990214,971.0276889990214,0
2025-11-23T02:00:00,971.0276889990214,971.0276889990214,0
2025-11-23T02:15:00,971.0276889990214,971.0276889990214,0
2025-11-23T02:30:00,971.0276889990214,971.0276889990214,0
2025-11-23T02:45:00,971.0276889990214,971.0276889990214,0
2025-11-23T03:00:00,971.0276889990214,971.0276889990214,0
2025-11-23T03:15:00,971.0276889990214,971.0276889990214,0
2025-11-23T03:30:00,971.0276889990214,971.0276889990214,0
2025-11-23T03:45:00,971.0276889990214,971.0276889990214,0
2025-11-23T04:00:00,971.0276889990214,971.0276889990214,0
2025-11-23T04:15:00,971.0276889990214,971.0276889990214,0
2025-11-23T04:30:00,971.0276889990214,971.0276889990214,0
2025-11-23T04:45:00,971.0276889990214,971.0276889990214,0
2025-11-23T05:00:00,971.0276889990214,971.0276889990214,0
2025-11-23T05:15:00,971.0276889990214,971.0276889990214,0
2025-11-23T05:30:00,971.0276889990214,971.0276889990214,0
2025-11-23T05:45:00,971.0276889990214,971.0276889990214,0
2025-11-23T06:00:00,971.0276889990214,971.0276889990214,0
2025-11-23T06:15:00,971.0276889990214,971.0276889990214,0
2025-11-23T06:30:00,971.0276889990214,971.0276889990214,0
2025-11-23T06:45:00,971.0276889990214,971.0276889990214,0
2025-11-23T07:00:00,971.0276889990214,971.0276889990214,0
2025-11-23T07:15:00,971.0276889990214,971.0276889990214,0
2025-11-23T07:30:00,971.0276889990214,971.0276889990214,0
2025-11-23T07:45:00,971.0276889990214,971.0276889990214,0
2025-11-23T08:00:00,971.0276889990214,971.0276889990214,0
2025-11-23T08:15:00,971.0276889990214,971.0276889990214,0
2025-11-23T08:30:00,971.0276889990214,971.0276889990214,0
2025-11-23T08:45:00,971.0276889990214,971.0276889990214,0
2025-11-23T09:00:00,971.0276889990214,971.0276889990214,0
2025-11-23T09:15:00,971.0276889990214,971.0276889990214,0
2025-11-23T09:30:00,971.0276889990214,971.0276889990214,0
2025-11-23T09:45:00,971.0276889990214,971.0276889990214,0
2025-11-23T10:00:00,971.0276889990214,971.0276889990214,0
2025-11-23T10:15:00,971.0276889990214,971.0276889990214,0
2025-11-23T10:30:00,971.0276889990214,971.0276889990214,0
2025-11-23T10:45:00,971.0276889990214,971.0276889990214,0
2025-11-23T11:00:00,971.0276889990214,971.0276889990214,0
2025-11-23T11:15:00,971.0276889990214,971.0276889990214,0
2025-11-23T11:30:00,971.0276889990214,971.0276889990214,0
2025-11-23T11:45:00,971.0276889990214,971.0276889990214,0
2025-11-23T12:00:00,971.0276889990214,971.0276889990214,0
2025-11-23T12:15:00,971.0276889990214,971.0276889990214,0
2025-11-23T12:30:00,971.0276889990214,971.0276889990214,0
2025-11-23T12:45:00,971.0276889990214,971.0276889990214,0
2025-11-23T13:00:00,971.0276889990214,971.0276889990214,0
2025-11-23T13:15:00,971.0276889990214,971.0276889990214,0
2025-11-23T13:30:00,971.0276889990214,971.0276889990214,0
2025-11-23T13:45:00,971.0276889990214,971.0276889990214,0
2025-11-23T14:00:00,971.0276889990214,971.0276889990214,0
2025-11-23T14:15:00,971.0276889990214,971.0276889990214,0
2025-11-23T14:30:00,971.0276889990214,971.0276889990214,0
2025-11-23T14:45:00,971.0276889990214,971.0276889990214,0
2025-11-23T15:00:00,971.0276889990214,971.0276889990214,0
2025-11-23T15:15:00,971.0276889990214,971.0276889990214,0
2025-11-23T15:30:00,971.0276889990214,971.0276889990214,0
2025-11-23T15:45:00,971.0276889990214,971.0276889990214,0
2025-11-23T16:00:00,971.0276889990214,971.0276889990214,0
2025-11-23T16:15:00,971.0276889990214,971.0276889990214,0
2025-11-23T16:30:00,971.0276889990214,971.0276889990214,0
2025-11-23T16:45:00,971.0276889990214,971.0276889990214,0
2025-11-23T17:00:00,971.0276889990214,971.0276889990214,0
2025-11-23T17:15:00,971.0276889990214,971.0276889990214,0
2025-11-23T17:30:00,971.0276889990214,971.0276889990214,0
2025-11-23T17:45:00,971.0276889990214,971.0276889990214,0
2025-11-23T18:00:00,971.0276889990214,971.0276889990214,0
2025-11-23T18:15:00,971.0276889990214,971.0276889990214,0
2025-11-23T18:30:00,971.0276889990214,971.0276889990214,0
2025-11-23T18:45:00,971.0276889990214,971.0276889990214,0
2025-11-23T19:00:00,971.0276889990214,971.0276889990214,0
2025-11-23T19:15:00,971.0276889990214,971.0276889990214,0
2025-11-23T19:30:00,969.995737200321,834.8663023368226,1
2025-11-23T19:45:00,968.0977260229319,834.8663023368226,1
2025-11-23T20:00:00,968.8821976553845,834.8663023368226,1
2025-11-23T20:15:00,969.9497011508058,834.8663023368226,1
2025-11-23T20:30:00,969.3670322280046,834.8663023368226,1
2025-11-23T20:45:00,969.0788577107835,834.8663023368226,1
2025-11-23T21:00:00,967.8741135024736,834.8663023368226,1
2025-11-23T21:15:00,969.7813566736418,834.8663023368226,1
2025-11-23T21:30:00,970.1537344092899,834.8663023368226,1
2025-11-23T21:45:00,972.230499291728,834.8663023368226,1
2025-11-23T22:00:00,970.7206036111941,834.8663023368226,1
2025-11-23T22:15:00,971.6872367316344,834.8663023368226,1
2025-11-23T22:30:00,970.7973716668461,834.8663023368226,1
2025-11-23T22:45:00,972.3047270000984,834.8663023368226,1
2025-11-23T23:00:00,967.7070830986049,967.7070830986049,0
2025-11-23T23:15:00,967.7070830986049,967.7070830986049,0
2025-11-23T23:30:00,967.7070830986049,967.7070830986049,0
2025-11-23T23:45:00,967.7070830986049,967.7070830986049,0
2025-11-24T00:00:00,967.7070830986049,967.7070830986049,0
2025-11-24T00:15:00,967.7070830986049,967.7070830986049,0
2025-11-24T00:30:00,967.7070830986049,967.7070830986049,0
2025-11-24T00:45:00,967.7070830986049,967.7070830986049,0
2025-11-24T01:00:00,967.7070830986049,967.7070830986049,0
2025-11-24T01:15:00,967.7070830986049,967.7070830986049,0
2025-11-24T01:30:00,967.7070830986049,967.7070830986049,0
2025-11-24T01:45:00,967.7070830986049,967.7070830986049,0
2025-11-24T02:00:00,967.7070830986049,967.7070830986049,0
2025-11-24T02:15:00,967.7070830986049,967.7070830986049,0
2025-11-24T02:30:00,967.7070830986049,967.7070830986049,0
2025-11-24T02:45:00,967.7070830986049,967.7070830986049,0
2025-11-24T03:00:00,967.7070830986049,967.7070830986049,0
2025-11-24T03:15:00,967.7070830986049,967.7070830986049,0
2025-11-24T03:30:00,967.7070830986049,967.7070830986049,0
2025-11-24T03:45:00,967.7070830986049,967.7070830986049,0
2025-11-24T04:00:00,967.7070830986049,967.7070830986049,0
2025-11-24T04:15:00,967.7070830986049,967.7070830986049,0
2025-11-24T04:30:00,967.7070830986049,967.7070830986049,0
2025-11-24T04:45:00,967.7070830986049,967.7070830986049,0
2025-11-24T05:00:00,967.7070830986049,967.7070830986049,0
2025-11-24T05:15:00,967.7070830986049,967.7070830986049,0
2025-11-24T05:30:00,967.7070830986049,967.7070830986049,0
2025-11-24T05:45:00,967.7070830986049,967.7070830986049,0
2025-11-24T06:00:00,967.7070830986049,967.7070830986049,0
2025-11-24T06:15:00,967.7070830986049,967.7070830986049,0
2025-11-24T06:30:00,967.7070830986049,967.7070830986049,0
2025-11-24T06:45:00,967.7070830986049,967.7070830986049,0
2025-11-24T07:00:00,967.7070830986049,967.7070830986049,0
2025-11-24T07:15:00,967.7070830986049,967.7070830986049,0
2025-11-24T07:30:00,967.7070830986049,967.7070830986049,0
2025-11-24T07:45:00,967.7070830986049,967.7070830986049,0
2025-11-24T08:00:00,967.7070830986049,967.7070830986049,0
2025-11-24T08:15:00,967.7070830986049,967.7070830986049,0
2025-11-24T08:30:00,967.7070830986049,967.7070830986049,0
2025-11-24T08:45:00,967.7070830986049,967.7070830986049,0
2025-11-24T09:00:00,967.7070830986049,967.7070830986049,0
2025-11-24T09:15:00,967.7070830986049,967.7070830986049,0
2025-11-24T09:30:00,967.7070830986049,967.7070830986049,0
2025-11-24T09:45:00,967.7070830986049,967.7070830986049,0
2025-11-24T10:00:00,967.7070830986049,967.7070830986049,0
2025-11-24T10:15:00,967.7070830986049,967.7070830986049,0
2025-11-24T10:30:00,967.7070830986049,967.7070830986049,0
2025-11-24T10:45:00,967.7070830986049,967.7070830986049,0
2025-11-24T11:00:00,967.7070830986049,967.7070830986049,0
2025-11-24T11:15:00,967.7070830986049,967.7070830986049,0
2025-11-24T11:30:00,967.7070830986049,967.7070830986049,0
2025-11-24T11:45:00,967.7070830986049,967.7070830986049,0
2025-11-24T12:00:00,967.7070830986049,967.7070830986049,0
2025-11-24T12:15:00,967.7070830986049,967.7070830986049,0
2025-11-24T12:30:00,967.7070830986049,967.7070830986049,0
2025-11-24T12:45:00,967.7070830986049,967.7070830986049,0
2025-11-24T13:00:00,967.7070830986049,967.7070830986049,0
2025-11-24T13:15:00,967.7070830986049,967.7070830986049,0
2025-11-24T13:30:00,967.7070830986049,967.7070830986049,0
2025-11-24T13:45:00,967.7070830986049,967.7070830986049,0
2025-11-24T14:00:00,967.7070830986049,967.7070830986049,0
2025-11-24T14:15:00,967.7070830986049,967.7070830986049,0
2025-11-24T14:30:00,967.7070830986049,967.7070830986049,0
2025-11-24T14:45:00,967.7070830986049,967.7070830986049,0
2025-11-24T15:00:00,967.7070830986049,967.7070830986049,0
2025-11-24T15:15:00,967.7070830986049,967.7070830986049,0
2025-11-24T15:30:00,967.7070830986049,967.7070830986049,0
2025-11-24T15:45:00,967.7070830986049,967.7070830986049,0
2025-11-24T16:00:00,967.7070830986049,967.7070830986049,0
2025-11-24T16:15:00,967.7070830986049,967.7070830986049,0
2025-11-24T16:30:00,967.7070830986049,967.7070830986049,0
2025-11-24T16:45:00,967.7070830986049,967.7070830986049,0
2025-11-24T17:00:00,967.7070830986049,967.7070830986049,0
2025-11-24T17:15:00,966.6786602468856,832.0113250781861,1
2025-11-24T17:30:00,967.8645639937081,832.0113250781861,1
2025-11-24T17:45:00,971.2069938028275,832.0113250781861,1
2025-11-24T18:00:00,972.6044672321816,832.0113250781861,1
2025-11-24T18:15:00,970.7968455586213,832.0113250781861,1
2025-11-24T18:30:00,972.0829665234851,832.0113250781861,1
2025-11-24T18:45:00,974.45477401713,832.0113250781861,1
2025-11-24T19:00:00,977.0529981885721,832.0113250781861,1
2025-11-24T19:15:00,977.3480822194715,832.0113250781861,1
2025-11-24T19:30:00,974.6050998441921,832.0113250781861,1
2025-11-24T19:45:00,974.7275875551314,832.0113250781861,1
2025-11-24T20:00:00,977.9234032860052,832.0113250781861,1
2025-11-24T20:15:00,978.3483985254768,832.0113250781861,1
2025-11-24T20:30:00,978.1609552102514,832.0113250781861,1
2025-11-24T20:45:00,977.2701354943283,832.0113250781861,1
2025-11-24T21:00:00,975.9997364993612,975.9997364993612,0
2025-11-24T21:15:00,975.9997364993612,975.9997364993612,0
2025-11-24T21:30:00,975.9997364993612,975.9997364993612,0
2025-11-24T21:45:00,975.9997364993612,975.9997364993612,0
2025-11-24T22:00:00,975.9997364993612,975.9997364993612,0
2025-11-24T22:15:00,975.9997364993612,975.9997364993612,0
2025-11-24T22:30:00,975.9997364993612,975.9997364993612,0
2025-11-24T22:45:00,975.9997364993612,975.9997364993612,0
2025-11-24T23:00:00,975.9997364993612,975.9997364993612,0
2025-11-24T23:15:00,975.9997364993612,975.9997364993612,0
2025-11-24T23:30:00,975.9997364993612,975.9997364993612,0
2025-11-24T23:45:00,975.9997364993612,975.9997364993612,0
2025-11-25T00:00:00,975.9997364993612,975.9997364993612,0
2025-11-25T00:15:00,975.9997364993612,975.9997364993612,0
2025-11-25T00:30:00,975.9997364993612,975.9997364993612,0
2025-11-25T00:45:00,975.9997364993612,975.9997364993612,0
2025-11-25T01:00:00,975.9997364993612,975.9997364993612,0
2025-11-25T01:15:00,975.9997364993612,975.9997364993612,0
2025-11-25T01:30:00,975.9997364993612,975.9997364993612,0
2025-11-25T01:45:00,975.9997364993612,975.9997364993612,0
2025-11-25T02:00:00,975.9997364993612,975.9997364993612,0
2025-11-25T02:15:00,975.9997364993612,975.9997364993612,0
2025-11-25T02:30:00,975.9997364993612,975.9997364993612,0
2025-11-25T02:45:00,975.9997364993612,975.9997364993612,0
2025-11-25T03:00:00,975.9997364993612,975.9997364993612,0
2025-11-25T03:15:00,975.9997364993612,975.9997364993612,0
2025-11-25T03:30:00,975.9997364993612,975.9997364993612,0
2025-11-25T03:45:00,975.9997364993612,975.9997364993612,0
2025-11-25T04:00:00,975.9997364993612,975.9997364993612,0
2025-11-25T04:15:00,975.9997364993612,975.9997364993612,0
2025-11-25T04:30:00,975.9997364993612,975.9997364993612,0
2025-11-25T04:45:00,975.9997364993612,975.9997364993612,0
2025-11-25T05:00:00,975.9997364993612,975.9997364993612,0
2025-11-25T05:15:00,975.9997364993612,975.9997364993612,0
2025-11-25T05:30:00,975.9997364993612,975.9997364993612,0
2025-11-25T05:45:00,975.9997364993612,975.9997364993612,0
2025-11-25T06:00:00,975.9997364993612,975.9997364993612,0
2025-11-25T06:15:00,975.9997364993612,975.9997364993612,0
2025-11-25T06:30:00,975.9997364993612,975.9997364993612,0
2025-11-25T06:45:00,975.9997364993612,975.9997364993612,0
2025-11-25T07:00:00,975.9997364993612,975.9997364993612,0
2025-11-25T07:15:00,975.9997364993612,975.9997364993612,0
2025-11-25T07:30:00,975.9997364993612,975.9997364993612,0
2025-11-25T07:45:00,975.9997364993612,975.9997364993612,0
2025-11-25T08:00:00,975.9997364993612,975.9997364993612,0
2025-11-25T08:15:00,975.9997364993612,975.9997364993612,0
2025-11-25T08:30:00,975.9997364993612,975.9997364993612,0
2025-11-25T08:45:00,975.9997364993612,975.9997364993612,0
2025-11-25T09:00:00,975.9997364993612,975.9997364993612,0
2025-11-25T09:15:00,975.9997364993612,975.9997364993612,0
2025-11-25T09:30:00,975.9997364993612,975.9997364993612,0
2025-11-25T09:45:00,975.9997364993612,975.9997364993612,0
2025-11-25T10:00:00,975.9997364993612,975.9997364993612,0
2025-11-25T10:15:00,975.9997364993612,975.9997364993612,0
2025-11-25T10:30:00,975.9997364993612,975.9997364993612,0
2025-11-25T10:45:00,975.9997364993612,975.9997364993612,0
2025-11-25T11:00:00,975.9997364993612,975.9997364993612,0
2025-11-25T11:15:00,975.9997364993612,975.9997364993612,0
2025-11-25T11:30:00,975.9997364993612,975.9997364993612,0
2025-11-25T11:45:00,975.9997364993612,975.9997364993612,0
2025-11-25T12:00:00,975.9997364993612,975.9997364993612,0
2025-11-25T12:15:00,975.9997364993612,975.9997364993612,0
2025-11-25T12:30:00,975.9997364993612,975.9997364993612,0
2025-11-25T12:45:00,975.9997364993612,975.9997364993612,0
2025-11-25T13:00:00,975.9997364993612,975.9997364993612,0
2025-11-25T13:15:00,975.9997364993612,975.9997364993612,0
2025-11-25T13:30:00,975.9997364993612,975.9997364993612,0
2025-11-25T13:45:00,975.9997364993612,975.9997364993612,0
2025-11-25T14:00:00,975.9997364993612,975.9997364993612,0
2025-11-25T14:15:00,975.9997364993612,975.9997364993612,0
2025-11-25T14:30:00,975.9997364993612,975.9997364993612,0
2025-11-25T14:45:00,975.9997364993612,975.9997364993612,0
2025-11-25T15:00:00,975.9997364993612,975.9997364993612,0
2025-11-25T15:15:00,975.9997364993612,975.9997364993612,0
2025-11-25T15:30:00,975.9997364993612,975.9997364993612,0
2025-11-25T15:45:00,975.9997364993612,975.9997364993612,0
2025-11-25T16:00:00,975.9997364993612,975.9997364993612,0
2025-11-25T16:15:00,975.9997364993612,975.9997364993612,0
2025-11-25T16:30:00,975.9997364993612,975.9997364993612,0
2025-11-25T16:45:00,975.9997364993612,975.9997364993612,0
2025-11-25T17:00:00,975.9997364993612,975.9997364993612,0
2025-11-25T17:15:00,975.9997364993612,975.9997364993612,0
2025-11-25T17:30:00,975.9997364993612,975.9997364993612,0
2025-11-25T17:45:00,975.9997364993612,975.9997364993612,0
2025-11-25T18:00:00,975.9997364993612,975.9997364993612,0
2025-11-25T18:15:00,975.9997364993612,975.9997364993612,0
2025-11-25T18:30:00,975.9997364993612,975.9997364993612,0
2025-11-25T18:45:00,975.9997364993612,975.9997364993612,0
2025-11-25T19:00:00,975.9997364993612,975.9997364993612,0
2025-11-25T19:15:00,975.9997364993612,975.9997364993612,0
2025-11-25T19:30:00,975.9997364993612,975.9997364993612,0
2025-11-25T19:45:00,975.9997364993612,975.9997364993612,0
2025-11-25T20:00:00,975.9997364993612,975.9997364993612,0
2025-11-25T20:15:00,975.9997364993612,975.9997364993612,0
2025-11-25T20:30:00,975.9997364993612,975.9997364993612,0
2025-11-25T20:45:00,975.9997364993612,975.9997364993612,0
2025-11-25T21:00:00,975.9997364993612,975.9997364993612,0
2025-11-25T21:15:00,975.9997364993612,975.9997364993612,0
2025-11-25T21:30:00,975.9997364993612,975.9997364993612,0
2025-11-25T21:45:00,975.9997364993612,975.9997364993612,0
2025-11-25T22:00:00,975.9997364993612,975.9997364993612,0
2025-11-25T22:15:00,975.9997364993612,975.9997364993612,0
2025-11-25T22:30:00,975.9997364993612,975.9997364993612,0
2025-11-25T22:45:00,975.9997364993612,975.9997364993612,0
2025-11-25T23:00:00,974.9625006975173,839.1411494484748,1
2025-11-25T23:15:00,972.3482460497833,839.1411494484748,1
2025-11-25T23:30:00,973.3015506899106,839.1411494484748,1
2025-11-25T23:45:00,971.7542639278578,839.1411494484748,1
2025-11-26T00:00:00,970.8614574668153,839.1411494484748,1
2025-11-26T00:15:00,972.1942506848396,839.1411494484748,1
2025-11-26T00:30:00,971.378441906269,839.1411494484748,1
2025-11-26T00:45:00,970.8412914071204,839.1411494484748,1
2025-11-26T01:00:00,970.0834915612911,970.0834915612911,0
2025-11-26T01:15:00,970.0834915612911,970.0834915612911,0
2025-11-26T01:30:00,970.0834915612911,970.0834915612911,0
2025-11-26T01:45:00,970.0834915612911,970.0834915612911,0
2025-11-26T02:00:00,970.0834915612911,970.0834915612911,0
2025-11-26T02:15:00,970.0834915612911,970.0834915612911,0
2025-11-26T02:30:00,970.0834915612911,970.0834915612911,0
2025-11-26T02:45:00,970.0834915612911,970.0834915612911,0
2025-11-26T03:00:00,970.0834915612911,970.0834915612911,0
2025-11-26T03:15:00,970.0834915612911,970.0834915612911,0
2025-11-26T03:30:00,970.0834915612911,970.0834915612911,0
2025-11-26T03:45:00,970.0834915612911,970.0834915612911,0
2025-11-26T04:00:00,970.0834915612911,970.0834915612911,0
2025-11-26T04:15:00,970.0834915612911,970.0834915612911,0
2025-11-26T04:30:00,970.0834915612911,970.0834915612911,0
2025-11-26T04:45:00,970.0834915612911,970.0834915612911,0
2025-11-26T05:00:00,970.0834915612911,970.0834915612911,0
2025-11-26T05:15:00,970.0834915612911,970.0834915612911,0
2025-11-26T05:30:00,970.0834915612911,970.0834915612911,0
2025-11-26T05:45:00,970.0834915612911,970.0834915612911,0
2025-11-26T06:00:00,970.0834915612911,970.0834915612911,0
2025-11-26T06:15:00,970.0834915612911,970.0834915612911,0
2025-11-26T06:30:00,970.0834915612911,970.0834915612911,0
2025-11-26T06:45:00,970.0834915612911,970.0834915612911,0
2025-11-26T07:00:00,970.0834915612911,970.0834915612911,0
2025-11-26T07:15:00,970.0834915612911,970.0834915612911,0
2025-11-26T07:30:00,970.0834915612911,970.0834915612911,0
2025-11-26T07:45:00,970.0834915612911,970.0834915612911,0
2025-11-26T08:00:00,970.0834915612911,970.0834915612911,0
2025-11-26T08:15:00,970.0834915612911,970.0834915612911,0
2025-11-26T08:30:00,970.0834915612911,970.0834915612911,0
2025-11-26T08:45:00,970.0834915612911,970.0834915612911,0
2025-11-26T09:00:00,970.0834915612911,970.0834915612911,0
2025-11-26T09:15:00,970.0834915612911,970.0834915612911,0
2025-11-26T09:30:00,970.0834915612911,970.0834915612911,0
2025-11-26T09:45:00,970.0834915612911,970.0834915612911,0
2025-11-26T10:00:00,970.0834915612911,970.0834915612911,0
2025-11-26T10:15:00,970.0834915612911,970.0834915612911,0
2025-11-26T10:30:00,970.0834915612911,970.0834915612911,0
2025-11-26T10:45:00,970.0834915612911,970.0834915612911,0
2025-11-26T11:00:00,970.0834915612911,970.0834915612911,0
2025-11-26T11:15:00,970.0834915612911,970.0834915612911,0
2025-11-26T11:30:00,970.0834915612911,970.0834915612911,0
2025-11-26T11:45:00,970.0834915612911,970.0834915612911,0
2025-11-26T12:00:00,970.0834915612911,970.0834915612911,0
2025-11-26T12:15:00,970.0834915612911,970.0834915612911,0
2025-11-26T12:30:00,970.0834915612911,970.0834915612911,0
2025-11-26T12:45:00,970.0834915612911,970.0834915612911,0
2025-11-26T13:00:00,970.0834915612911,970.0834915612911,0
2025-11-26T13:15:00,970.0834915612911,970.0834915612911,0
2025-11-26T13:30:00,970.0834915612911,970.0834915612911,0
2025-11-26T13:45:00,970.0834915612911,970.0834915612911,0
2025-11-26T14:00:00,970.0834915612911,970.0834915612911,0
2025-11-26T14:15:00,970.0834915612911,970.0834915612911,0
2025-11-26T14:30:00,970.0834915612911,970.0834915612911,0
2025-11-26T14:45:00,970.0834915612911,970.0834915612911,0
2025-11-26T15:00:00,970.0834915612911,970.0834915612911,0
2025-11-26T15:15:00,970.0834915612911,970.0834915612911,0
2025-11-26T15:30:00,970.0834915612911,970.0834915612911,0
2025-11-26T15:45:00,970.0834915612911,970.0834915612911,0
2025-11-26T16:00:00,970.0834915612911,970.0834915612911,0
2025-11-26T16:15:00,970.0834915612911,970.0834915612911,0
2025-11-26T16:30:00,970.0834915612911,970.0834915612911,0
2025-11-26T16:45:00,970.0834915612911,970.0834915612911,0
2025-11-26T17:00:00,970.0834915612911,970.0834915612911,0
2025-11-26T17:15:00,970.0834915612911,970.0834915612911,0
2025-11-26T17:30:00,970.0834915612911,970.0834915612911,0
2025-11-26T17:45:00,970.0834915612911,970.0834915612911,0
2025-11-26T18:00:00,969.0525432007574,834.0545040406006,1
2025-11-26T18:15:00,968.9954196117303,834.0545040406006,1
2025-11-26T18:30:00,965.1824200441738,834.0545040406006,1
2025-11-26T18:45:00,968.261738515164,834.0545040406006,1
2025-11-26T19:00:00,965.780432616801,834.0545040406006,1
2025-11-26T19:15:00,966.8407892381158,834.0545040406006,1
2025-11-26T19:30:00,968.093937972397,834.0545040406006,1
2025-11-26T19:45:00,967.9154267566876,834.0545040406006,1
2025-11-26T20:00:00,966.3766600772709,834.0545040406006,1
2025-11-26T20:15:00,965.9928609634953,834.0545040406006,1
2025-11-26T20:30:00,963.7540020024544,963.7540020024544,0
2025-11-26T20:45:00,963.7540020024544,963.7540020024544,0
2025-11-26T21:00:00,963.7540020024544,963.7540020024544,0
2025-11-26T21:15:00,963.7540020024544,963.7540020024544,0
2025-11-26T21:30:00,963.7540020024544,963.7540020024544,0
2025-11-26T21:45:00,963.7540020024544,963.7540020024544,0
2025-11-26T22:00:00,963.7540020024544,963.7540020024544,0
2025-11-26T22:15:00,963.7540020024544,963.7540020024544,0
2025-11-26T22:30:00,963.7540020024544,963.7540020024544,0
2025-11-26T22:45:00,963.7540020024544,963.7540020024544,0
2025-11-26T23:00:00,963.7540020024544,963.7540020024544,0
2025-11-26T23:15:00,963.7540020024544,963.7540020024544,0
2025-11-26T23:30:00,963.7540020024544,963.7540020024544,0
2025-11-26T23:45:00,963.7540020024544,963.7540020024544,0
2025-11-27T00:00:00,963.7540020024544,963.7540020024544,0
2025-11-27T00:15:00,963.7540020024544,963.7540020024544,0
2025-11-27T00:30:00,963.7540020024544,963.7540020024544,0
2025-11-27T00:45:00,963.7540020024544,963.7540020024544,0
2025-11-27T01:00:00,963.7540020024544,963.7540020024544,0
2025-11-27T01:15:00,963.7540020024544,963.7540020024544,0
2025-11-27T01:30:00,963.7540020024544,963.7540020024544,0
2025-11-27T01:45:00,963.7540020024544,963.7540020024544,0
2025-11-27T02:00:00,963.7540020024544,963.7540020024544,0
2025-11-27T02:15:00,963.7540020024544,963.7540020024544,0
2025-11-27T02:30:00,963.7540020024544,963.7540020024544,0
2025-11-27T02:45:00,963.7540020024544,963.7540020024544,0
2025-11-27T03:00:00,963.7540020024544,963.7540020024544,0
2025-11-27T03:15:00,963.7540020024544,963.7540020024544,0
2025-11-27T03:30:00,963.7540020024544,963.7540020024544,0
2025-11-27T03:45:00,963.7540020024544,963.7540020024544,0
2025-11-27T04:00:00,963.7540020024544,963.7540020024544,0
2025-11-27T04:15:00,963.7540020024544,963.7540020024544,0
2025-11-27T04:30:00,963.7540020024544,963.7540020024544,0
2025-11-27T04:45:00,963.7540020024544,963.7540020024544,0
2025-11-27T05:00:00,963.7540020024544,963.7540020024544,0
2025-11-27T05:15:00,963.7540020024544,963.7540020024544,0
2025-11-27T05:30:00,963.7540020024544,963.7540020024544,0
2025-11-27T05:45:00,963.7540020024544,963.7540020024544,0
2025-11-27T06:00:00,963.7540020024544,963.7540020024544,0
2025-11-27T06:15:00,963.7540020024544,963.7540020024544,0
2025-11-27T06:30:00,963.7540020024544,963.7540020024544,0
2025-11-27T06:45:00,963.7540020024544,963.7540020024544,0
2025-11-27T07:00:00,963.7540020024544,963.7540020024544,0
2025-11-27T07:15:00,963.7540020024544,963.7540020024544,0
2025-11-27T07:30:00,963.7540020024544,963.7540020024544,0
2025-11-27T07:45:00,963.7540020024544,963.7540020024544,0
2025-11-27T08:00:00,963.7540020024544,963.7540020024544,0
2025-11-27T08:15:00,963.7540020024544,963.7540020024544,0
2025-11-27T08:30:00,963.7540020024544,963.7540020024544,0
2025-11-27T08:45:00,963.7540020024544,963.7540020024544,0
2025-11-27T09:00:00,963.7540020024544,963.7540020024544,0
2025-11-27T09:15:00,963.7540020024544,963.7540020024544,0
2025-11-27T09:30:00,963.7540020024544,963.7540020024544,0
2025-11-27T09:45:00,963.7540020024544,963.7540020024544,0
2025-11-27T10:00:00,963.7540020024544,963.7540020024544,0
2025-11-27T10:15:00,963.7540020024544,963.7540020024544,0
2025-11-27T10:30:00,963.7540020024544,963.7540020024544,0
2025-11-27T10:45:00,963.7540020024544,963.7540020024544,0
2025-11-27T11:00:00,963.7540020024544,963.7540020024544,0
2025-11-27T11:15:00,963.7540020024544,963.7540020024544,0
2025-11-27T11:30:00,963.7540020024544,963.7540020024544,0
2025-11-27T11:45:00,963.7540020024544,963.7540020024544,0
2025-11-27T12:00:00,963.7540020024544,963.7540020024544,0
2025-11-27T12:15:00,963.7540020024544,963.7540020024544,0
2025-11-27T12:30:00,963.7540020024544,963.7540020024544,0
2025-11-27T12:45:00,963.7540020024544,963.7540020024544,0
2025-11-27T13:00:00,963.7540020024544,963.7540020024544,0
2025-11-27T13:15:00,963.7540020024544,963.7540020024544,0
2025-11-27T13:30:00,963.7540020024544,963.7540020024544,0
2025-11-27T13:45:00,963.7540020024544,963.7540020024544,0
2025-11-27T14:00:00,963.7540020024544,963.7540020024544,0
2025-11-27T14:15:00,963.7540020024544,963.7540020024544,0
2025-11-27T14:30:00,963.7540020024544,963.7540020024544,0
2025-11-27T14:45:00,963.7540020024544,963.7540020024544,0
2025-11-27T15:00:00,963.7540020024544,963.7540020024544,0
2025-11-27T15:15:00,963.7540020024544,963.7540020024544,0
2025-11-27T15:30:00,963.7540020024544,963.7540020024544,0
2025-11-27T15:45:00,963.7540020024544,963.7540020024544,0
2025-11-27T16:00:00,963.7540020024544,963.7540020024544,0
2025-11-27T16:15:00,963.7540020024544,963.7540020024544,0
2025-11-27T16:30:00,963.7540020024544,963.7540020024544,0
2025-11-27T16:45:00,963.7540020024544,963.7540020024544,0
2025-11-27T17:00:00,962.7297802555994,828.6125608256623,1
2025-11-27T17:15:00,962.1410488548187,828.6125608256623,1
2025-11-27T17:30:00,962.5910368903599,828.6125608256623,1
2025-11-27T17:45:00,962.7805055369035,828.6125608256623,1
2025-11-27T18:00:00,962.4528237545417,828.6125608256623,1
2025-11-27T18:15:00,962.4351494404983,828.6125608256623,1
2025-11-27T18:30:00,964.4360585333349,828.6125608256623,1
2025-11-27T18:45:00,964.6226992896317,828.6125608256623,1
2025-11-27T19:00:00,963.6628662083228,828.6125608256623,1
2025-11-27T19:15:00,963.6101967524739,828.6125608256623,1
2025-11-27T19:30:00,964.1560973988898,828.6125608256623,1
2025-11-27T19:45:00,963.0686557701887,828.6125608256623,1
2025-11-27T20:00:00,962.8645174429892,828.6125608256623,1
2025-11-27T20:15:00,962.0561238794477,962.0561238794477,0
2025-11-27T20:30:00,962.0561238794477,962.0561238794477,0
2025-11-27T20:45:00,962.0561238794477,962.0561238794477,0
2025-11-27T21:00:00,962.0561238794477,962.0561238794477,0
2025-11-27T21:15:00,962.0561238794477,962.0561238794477,0
2025-11-27T21:30:00,962.0561238794477,962.0561238794477,0
2025-11-27T21:45:00,962.0561238794477,962.0561238794477,0
2025-11-27T22:00:00,962.0561238794477,962.0561238794477,0
2025-11-27T22:15:00,962.0561238794477,962.0561238794477,0
2025-11-27T22:30:00,962.0561238794477,962.0561238794477,0
2025-11-27T22:45:00,962.0561238794477,962.0561238794477,0
2025-11-27T23:00:00,962.0561238794477,962.0561238794477,0
2025-11-27T23:15:00,962.0561238794477,962.0561238794477,0
2025-11-27T23:30:00,962.0561238794477,962.0561238794477,0
2025-11-27T23:45:00,962.0561238794477,962.0561238794477,0
2025-11-28T00:00:00,962.0561238794477,962.0561238794477,0
2025-11-28T00:15:00,962.0561238794477,962.0561238794477,0
2025-11-28T00:30:00,962.0561238794477,962.0561238794477,0
2025-11-28T00:45:00,962.0561238794477,962.0561238794477,0
2025-11-28T01:00:00,962.0561238794477,962.0561238794477,0
2025-11-28T01:15:00,962.0561238794477,962.0561238794477,0
2025-11-28T01:30:00,962.0561238794477,962.0561238794477,0
2025-11-28T01:45:00,962.0561238794477,962.0561238794477,0
2025-11-28T02:00:00,962.0561238794477,962.0561238794477,0
2025-11-28T02:15:00,962.0561238794477,962.0561238794477,0
2025-11-28T02:30:00,962.0561238794477,962.0561238794477,0
2025-11-28T02:45:00,962.0561238794477,962.0561238794477,0
2025-11-28T03:00:00,962.0561238794477,962.0561238794477,0
2025-11-28T03:15:00,962.0561238794477,962.0561238794477,0
2025-11-28T03:30:00,962.0561238794477,962.0561238794477,0
2025-11-28T03:45:00,962.0561238794477,962.0561238794477,0
2025-11-28T04:00:00,962.0561238794477,962.0561238794477,0
2025-11-28T04:15:00,962.0561238794477,962.0561238794477,0
2025-11-28T04:30:00,962.0561238794477,962.0561238794477,0
2025-11-28T04:45:00,962.0561238794477,962.0561238794477,0
2025-11-28T05:00:00,962.0561238794477,962.0561238794477,0
2025-11-28T05:15:00,962.0561238794477,962.0561238794477,0
2025-11-28T05:30:00,962.0561238794477,962.0561238794477,0
2025-11-28T05:45:00,962.0561238794477,962.0561238794477,0
2025-11-28T06:00:00,962.0561238794477,962.0561238794477,0
2025-11-28T06:15:00,962.0561238794477,962.0561238794477,0
2025-11-28T06:30:00,962.0561238794477,962.0561238794477,0
2025-11-28T06:45:00,962.0561238794477,962.0561238794477,0
2025-11-28T07:00:00,962.0561238794477,962.0561238794477,0
2025-11-28T07:15:00,962.0561238794477,962.0561238794477,0
2025-11-28T07:30:00,962.0561238794477,962.0561238794477,0
2025-11-28T07:45:00,962.0561238794477,962.0561238794477,0
2025-11-28T08:00:00,962.0561238794477,962.0561238794477,0
2025-11-28T08:15:00,962.0561238794477,962.0561238794477,0
2025-11-28T08:30:00,962.0561238794477,962.0561238794477,0
2025-11-28T08:45:00,962.0561238794477,962.0561238794477,0
2025-11-28T09:00:00,962.0561238794477,962.0561238794477,0
2025-11-28T09:15:00,962.0561238794477,962.0561238794477,0
2025-11-28T09:30:00,962.0561238794477,962.0561238794477,0
2025-11-28T09:45:00,962.0561238794477,962.0561238794477,0
2025-11-28T10:00:00,962.0561238794477,962.0561238794477,0
2025-11-28T10:15:00,962.0561238794477,962.0561238794477,0
2025-11-28T10:30:00,962.0561238794477,962.0561238794477,0
2025-11-28T10:45:00,962.0561238794477,962.0561238794477,0
2025-11-28T11:00:00,962.0561238794477,962.0561238794477,0
2025-11-28T11:15:00,962.0561238794477,962.0561238794477,0
2025-11-28T11:30:00,962.0561238794477,962.0561238794477,0
2025-11-28T11:45:00,962.0561238794477,962.0561238794477,0
2025-11-28T12:00:00,962.0561238794477,962.0561238794477,0
2025-11-28T12:15:00,962.0561238794477,962.0561238794477,0
2025-11-28T12:30:00,962.0561238794477,962.0561238794477,0
2025-11-28T12:45:00,962.0561238794477,962.0561238794477,0
2025-11-28T13:00:00,962.0561238794477,962.0561238794477,0
2025-11-28T13:15:00,962.0561238794477,962.0561238794477,0
2025-11-28T13:30:00,962.0561238794477,962.0561238794477,0
2025-11-28T13:45:00,962.0561238794477,962.0561238794477,0
2025-11-28T14:00:00,962.0561238794477,962.0561238794477,0
2025-11-28T14:15:00,962.0561238794477,962.0561238794477,0
2025-11-28T14:30:00,962.0561238794477,962.0561238794477,0
2025-11-28T14:45:00,962.0561238794477,962.0561238794477,0
2025-11-28T15:00:00,962.0561238794477,962.0561238794477,0
2025-11-28T15:15:00,962.0561238794477,962.0561238794477,0
2025-11-28T15:30:00,962.0561238794477,962.0561238794477,0
2025-11-28T15:45:00,962.0561238794477,962.0561238794477,0
2025-11-28T16:00:00,962.0561238794477,962.0561238794477,0
2025-11-28T16:15:00,962.0561238794477,962.0561238794477,0
2025-11-28T16:30:00,962.0561238794477,962.0561238794477,0
2025-11-28T16:45:00,962.0561238794477,962.0561238794477,0
2025-11-28T17:00:00,962.0561238794477,962.0561238794477,0
2025-11-28T17:15:00,962.0561238794477,962.0561238794477,0
2025-11-28T17:30:00,962.0561238794477,962.0561238794477,0
2025-11-28T17:45:00,962.0561238794477,962.0561238794477,0
2025-11-28T18:00:00,962.0561238794477,962.0561238794477,0
2025-11-28T18:15:00,962.0561238794477,962.0561238794477,0
2025-11-28T18:30:00,962.0561238794477,962.0561238794477,0
2025-11-28T18:45:00,962.0561238794477,962.0561238794477,0
2025-11-28T19:00:00,962.0561238794477,962.0561238794477,0
2025-11-28T19:15:00,962.0561238794477,962.0561238794477,0
2025-11-28T19:30:00,962.0561238794477,962.0561238794477,0
2025-11-28T19:45:00,962.0561238794477,962.0561238794477,0
2025-11-28T20:00:00,962.0561238794477,962.0561238794477,0
2025-11-28T20:15:00,962.0561238794477,962.0561238794477,0
2025-11-28T20:30:00,962.0561238794477,962.0561238794477,0
2025-11-28T20:45:00,962.0561238794477,962.0561238794477,0
2025-11-28T21:00:00,962.0561238794477,962.0561238794477,0
2025-11-28T21:15:00,962.0561238794477,962.0561238794477,0
2025-11-28T21:30:00,962.0561238794477,962.0561238794477,0
2025-11-28T21:45:00,962.0561238794477,962.0561238794477,0
2025-11-28T22:00:00,962.0561238794477,962.0561238794477,0
2025-11-28T22:15:00,962.0561238794477,962.0561238794477,0
2025-11-28T22:30:00,962.0561238794477,962.0561238794477,0
2025-11-28T22:45:00,962.0561238794477,962.0561238794477,0
2025-11-28T23:00:00,962.0561238794477,962.0561238794477,0
2025-11-28T23:15:00,962.0561238794477,962.0561238794477,0
2025-11-28T23:30:00,962.0561238794477,962.0561238794477,0
2025-11-28T23:45:00,962.0561238794477,962.0561238794477,0
2025-11-29T00:00:00,962.0561238794477,962.0561238794477,0
2025-11-29T00:15:00,962.0561238794477,962.0561238794477,0
2025-11-29T00:30:00,962.0561238794477,962.0561238794477,0
2025-11-29T00:45:00,962.0561238794477,962.0561238794477,0
2025-11-29T01:00:00,962.0561238794477,962.0561238794477,0
2025-11-29T01:15:00,962.0561238794477,962.0561238794477,0
2025-11-29T01:30:00,962.0561238794477,962.0561238794477,0
2025-11-29T01:45:00,962.0561238794477,962.0561238794477,0
2025-11-29T02:00:00,962.0561238794477,962.0561238794477,0
2025-11-29T02:15:00,962.0561238794477,962.0561238794477,0
2025-11-29T02:30:00,962.0561238794477,962.0561238794477,0
2025-11-29T02:45:00,962.0561238794477,962.0561238794477,0
2025-11-29T03:00:00,962.0561238794477,962.0561238794477,0
2025-11-29T03:15:00,962.0561238794477,962.0561238794477,0
2025-11-29T03:30:00,962.0561238794477,962.0561238794477,0
2025-11-29T03:45:00,962.0561238794477,962.0561238794477,0
2025-11-29T04:00:00,962.0561238794477,962.0561238794477,0
2025-11-29T04:15:00,962.0561238794477,962.0561238794477,0
2025-11-29T04:30:00,962.0561238794477,962.0561238794477,0
2025-11-29T04:45:00,962.0561238794477,962.0561238794477,0
2025-11-29T05:00:00,962.0561238794477,962.0561238794477,0
2025-11-29T05:15:00,962.0561238794477,962.0561238794477,0
2025-11-29T05:30:00,962.0561238794477,962.0561238794477,0
2025-11-29T05:45:00,962.0561238794477,962.0561238794477,0
2025-11-29T06:00:00,962.0561238794477,962.0561238794477,0
2025-11-29T06:15:00,962.0561238794477,962.0561238794477,0
2025-11-29T06:30:00,962.0561238794477,962.0561238794477,0
2025-11-29T06:45:00,962.0561238794477,962.0561238794477,0
2025-11-29T07:00:00,962.0561238794477,962.0561238794477,0
2025-11-29T07:15:00,962.0561238794477,962.0561238794477,0
2025-11-29T07:30:00,962.0561238794477,962.0561238794477,0
2025-11-29T07:45:00,962.0561238794477,962.0561238794477,0
2025-11-29T08:00:00,962.0561238794477,962.0561238794477,0
2025-11-29T08:15:00,962.0561238794477,962.0561238794477,0
2025-11-29T08:30:00,962.0561238794477,962.0561238794477,0
2025-11-29T08:45:00,962.0561238794477,962.0561238794477,0
2025-11-29T09:00:00,962.0561238794477,962.0561238794477,0
2025-11-29T09:15:00,962.0561238794477,962.0561238794477,0
2025-11-29T09:30:00,962.0561238794477,962.0561238794477,0
2025-11-29T09:45:00,962.0561238794477,962.0561238794477,0
2025-11-29T10:00:00,962.0561238794477,962.0561238794477,0
2025-11-29T10:15:00,962.0561238794477,962.0561238794477,0
2025-11-29T10:30:00,962.0561238794477,962.0561238794477,0
2025-11-29T10:45:00,962.0561238794477,962.0561238794477,0
2025-11-29T11:00:00,962.0561238794477,962.0561238794477,0
2025-11-29T11:15:00,962.0561238794477,962.0561238794477,0
2025-11-29T11:30:00,962.0561238794477,962.0561238794477,0
2025-11-29T11:45:00,962.0561238794477,962.0561238794477,0
2025-11-29T12:00:00,962.0561238794477,962.0561238794477,0
2025-11-29T12:15:00,962.0561238794477,962.0561238794477,0
2025-11-29T12:30:00,962.0561238794477,962.0561238794477,0
2025-11-29T12:45:00,962.0561238794477,962.0561238794477,0
2025-11-29T13:00:00,962.0561238794477,962.0561238794477,0
2025-11-29T13:15:00,962.0561238794477,962.0561238794477,0
2025-11-29T13:30:00,962.0561238794477,962.0561238794477,0
2025-11-29T13:45:00,962.0561238794477,962.0561238794477,0
2025-11-29T14:00:00,962.0561238794477,962.0561238794477,0
2025-11-29T14:15:00,962.0561238794477,962.0561238794477,0
2025-11-29T14:30:00,962.0561238794477,962.0561238794477,0
2025-11-29T14:45:00,962.0561238794477,962.0561238794477,0
2025-11-29T15:00:00,962.0561238794477,962.0561238794477,0
2025-11-29T15:15:00,962.0561238794477,962.0561238794477,0
2025-11-29T15:30:00,962.0561238794477,962.0561238794477,0
2025-11-29T15:45:00,962.0561238794477,962.0561238794477,0
2025-11-29T16:00:00,962.0561238794477,962.0561238794477,0
2025-11-29T16:15:00,962.0561238794477,962.0561238794477,0
2025-11-29T16:30:00,962.0561238794477,962.0561238794477,0
2025-11-29T16:45:00,962.0561238794477,962.0561238794477,0
2025-11-29T17:00:00,962.0561238794477,962.0561238794477,0
2025-11-29T17:15:00,962.0561238794477,962.0561238794477,0
2025-11-29T17:30:00,961.0312821519063,827.152765964576,1
2025-11-29T17:45:00,963.7066885147937,827.152765964576,1
2025-11-29T18:00:00,962.8010273068163,827.152765964576,1
2025-11-29T18:15:00,962.882374121904,827.152765964576,1
2025-11-29T18:30:00,959.6375400534023,827.152765964576,1
2025-11-29T18:45:00,959.2344213919673,827.152765964576,1
2025-11-29T19:00:00,958.277933043125,958.277933043125,0
2025-11-29T19:15:00,958.277933043125,958.277933043125,0
2025-11-29T19:30:00,958.277933043125,958.277933043125,0
2025-11-29T19:45:00,958.277933043125,958.277933043125,0
2025-11-29T20:00:00,958.277933043125,958.277933043125,0
2025-11-29T20:15:00,958.277933043125,958.277933043125,0
2025-11-29T20:30:00,958.277933043125,958.277933043125,0
2025-11-29T20:45:00,958.277933043125,958.277933043125,0
2025-11-29T21:00:00,958.277933043125,958.277933043125,0
2025-11-29T21:15:00,958.277933043125,958.277933043125,0
2025-11-29T21:30:00,958.277933043125,958.277933043125,0
2025-11-29T21:45:00,958.277933043125,958.277933043125,0
2025-11-29T22:00:00,958.277933043125,958.277933043125,0
2025-11-29T22:15:00,958.277933043125,958.277933043125,0
2025-11-29T22:30:00,958.277933043125,958.277933043125,0
2025-11-29T22:45:00,958.277933043125,958.277933043125,0
2025-11-29T23:00:00,958.277933043125,958.277933043125,0
2025-11-29T23:15:00,958.277933043125,958.277933043125,0
2025-11-29T23:30:00,958.277933043125,958.277933043125,0
2025-11-29T23:45:00,958.277933043125,958.277933043125,0
2025-11-30T00:00:00,958.277933043125,958.277933043125,0
2025-11-30T00:15:00,958.277933043125,958.277933043125,0
2025-11-30T00:30:00,958.277933043125,958.277933043125,0
2025-11-30T00:45:00,958.277933043125,958.277933043125,0
2025-11-30T01:00:00,958.277933043125,958.277933043125,0
2025-11-30T01:15:00,958.277933043125,958.277933043125,0
2025-11-30T01:30:00,958.277933043125,958.277933043125,0
2025-11-30T01:45:00,958.277933043125,958.277933043125,0
2025-11-30T02:00:00,958.277933043125,958.277933043125,0
2025-11-30T02:15:00,958.277933043125,958.277933043125,0
2025-11-30T02:30:00,958.277933043125,958.277933043125,0
2025-11-30T02:45:00,958.277933043125,958.277933043125,0
2025-11-30T03:00:00,958.277933043125,958.277933043125,0
2025-11-30T03:15:00,958.277933043125,958.277933043125,0
2025-11-30T03:30:00,958.277933043125,958.277933043125,0
2025-11-30T03:45:00,958.277933043125,958.277933043125,0
2025-11-30T04:00:00,958.277933043125,958.277933043125,0
2025-11-30T04:15:00,958.277933043125,958.277933043125,0
2025-11-30T04:30:00,958.277933043125,958.277933043125,0
2025-11-30T04:45:00,958.277933043125,958.277933043125,0
2025-11-30T05:00:00,958.277933043125,958.277933043125,0
2025-11-30T05:15:00,958.277933043125,958.277933043125,0
2025-11-30T05:30:00,958.277933043125,958.277933043125,0
2025-11-30T05:45:00,958.277933043125,958.277933043125,0
2025-11-30T06:00:00,958.277933043125,958.277933043125,0
2025-11-30T06:15:00,958.277933043125,958.277933043125,0
2025-11-30T06:30:00,958.277933043125,958.277933043125,0
2025-11-30T06:45:00,958.277933043125,958.277933043125,0
2025-11-30T07:00:00,958.277933043125,958.277933043125,0
2025-11-30T07:15:00,958.277933043125,958.277933043125,0
2025-11-30T07:30:00,958.277933043125,958.277933043125,0
2025-11-30T07:45:00,958.277933043125,958.277933043125,0
2025-11-30T08:00:00,958.277933043125,958.277933043125,0
2025-11-30T08:15:00,958.277933043125,958.277933043125,0
2025-11-30T08:30:00,958.277933043125,958.277933043125,0
2025-11-30T08:45:00,958.277933043125,958.277933043125,0
2025-11-30T09:00:00,958.277933043125,958.277933043125,0
2025-11-30T09:15:00,958.277933043125,958.277933043125,0
2025-11-30T09:30:00,958.277933043125,958.277933043125,0
2025-11-30T09:45:00,958.277933043125,958.277933043125,0
2025-11-30T10:00:00,958.277933043125,958.277933043125,0
2025-11-30T10:15:00,958.277933043125,958.277933043125,0
2025-11-30T10:30:00,958.277933043125,958.277933043125,0
2025-11-30T10:45:00,958.277933043125,958.277933043125,0
2025-11-30T11:00:00,958.277933043125,958.277933043125,0
2025-11-30T11:15:00,958.277933043125,958.277933043125,0
2025-11-30T11:30:00,958.277933043125,958.277933043125,0
2025-11-30T11:45:00,958.277933043125,958.277933043125,0
2025-11-30T12:00:00,958.277933043125,958.277933043125,0
2025-11-30T12:15:00,958.277933043125,958.277933043125,0
2025-11-30T12:30:00,958.277933043125,958.277933043125,0
2025-11-30T12:45:00,958.277933043125,958.277933043125,0
2025-11-30T13:00:00,958.277933043125,958.277933043125,0
2025-11-30T13:15:00,958.277933043125,958.277933043125,0
2025-11-30T13:30:00,958.277933043125,958.277933043125,0
2025-11-30T13:45:00,958.277933043125,958.277933043125,0
2025-11-30T14:00:00,958.277933043125,958.277933043125,0
2025-11-30T14:15:00,958.277933043125,958.277933043125,0
2025-11-30T14:30:00,958.277933043125,958.277933043125,0
2025-11-30T14:45:00,958.277933043125,958.277933043125,0
2025-11-30T15:00:00,958.277933043125,958.277933043125,0
2025-11-30T15:15:00,958.277933043125,958.277933043125,0
2025-11-30T15:30:00,958.277933043125,958.277933043125,0
2025-11-30T15:45:00,958.277933043125,958.277933043125,0
2025-11-30T16:00:00,958.277933043125,958.277933043125,0
2025-11-30T16:15:00,958.277933043125,958.277933043125,0
2025-11-30T16:30:00,958.277933043125,958.277933043125,0
2025-11-30T16:45:00,958.277933043125,958.277933043125,0
2025-11-30T17:00:00,958.277933043125,958.277933043125,0
2025-11-30T17:15:00,958.277933043125,958.277933043125,0
2025-11-30T17:30:00,958.277933043125,958.277933043125,0
2025-11-30T17:45:00,958.277933043125,958.277933043125,0
2025-11-30T18:00:00,958.277933043125,958.277933043125,0
2025-11-30T18:15:00,958.277933043125,958.277933043125,0
2025-11-30T18:30:00,958.277933043125,958.277933043125,0
2025-11-30T18:45:00,958.277933043125,958.277933043125,0
2025-11-30T19:00:00,958.277933043125,958.277933043125,0
2025-11-30T19:15:00,958.277933043125,958.277933043125,0
2025-11-30T19:30:00,958.277933043125,958.277933043125,0
2025-11-30T19:45:00,958.277933043125,958.277933043125,0
2025-11-30T20:00:00,958.277933043125,958.277933043125,0
2025-11-30T20:15:00,958.277933043125,958.277933043125,0
2025-11-30T20:30:00,958.277933043125,958.277933043125,0
2025-11-30T20:45:00,958.277933043125,958.277933043125,0
2025-11-30T21:00:00,958.277933043125,958.277933043125,0
2025-11-30T21:15:00,958.277933043125,958.277933043125,0
2025-11-30T21:30:00,958.277933043125,958.277933043125,0
2025-11-30T21:45:00,958.277933043125,958.277933043125,0
2025-11-30T22:00:00,958.277933043125,958.277933043125,0
2025-11-30T22:15:00,958.277933043125,958.277933043125,0
2025-11-30T22:30:00,958.277933043125,958.277933043125,0
2025-11-30T22:45:00,958.277933043125,958.277933043125,0
2025-11-30T23:00:00,958.277933043125,958.277933043125,0
2025-11-30T23:15:00,958.277933043125,958.277933043125,0
2025-11-30T23:30:00,958.277933043125,958.277933043125,0
2025-11-30T23:45:00,958.277933043125,958.277933043125,0
2025-12-01T00:00:00,958.277933043125,958.277933043125,0
2025-12-01T00:15:00,958.277933043125,958.277933043125,0
2025-12-01T00:30:00,958.277933043125,958.277933043125,0
2025-12-01T00:45:00,958.277933043125,958.277933043125,0
2025-12-01T01:00:00,958.277933043125,958.277933043125,0
2025-12-01T01:15:00,958.277933043125,958.277933043125,0
2025-12-01T01:30:00,958.277933043125,958.277933043125,0
2025-12-01T01:45:00,958.277933043125,958.277933043125,0
2025-12-01T02:00:00,958.277933043125,958.277933043125,0
2025-12-01T02:15:00,958.277933043125,958.277933043125,0
2025-12-01T02:30:00,958.277933043125,958.277933043125,0
2025-12-01T02:45:00,958.277933043125,958.277933043125,0
2025-12-01T03:00:00,958.277933043125,958.277933043125,0
2025-12-01T03:15:00,958.277933043125,958.277933043125,0
2025-12-01T03:30:00,958.277933043125,958.277933043125,0
2025-12-01T03:45:00,958.277933043125,958.277933043125,0
2025-12-01T04:00:00,958.277933043125,958.277933043125,0
2025-12-01T04:15:00,958.277933043125,958.277933043125,0
2025-12-01T04:30:00,958.277933043125,958.277933043125,0
2025-12-01T04:45:00,958.277933043125,958.277933043125,0
2025-12-01T05:00:00,958.277933043125,958.277933043125,0
2025-12-01T05:15:00,958.277933043125,958.277933043125,0
2025-12-01T05:30:00,958.277933043125,958.277933043125,0
2025-12-01T05:45:00,958.277933043125,958.277933043125,0
2025-12-01T06:00:00,958.277933043125,958.277933043125,0
2025-12-01T06:15:00,958.277933043125,958.277933043125,0
2025-12-01T06:30:00,958.277933043125,958.277933043125,0
2025-12-01T06:45:00,958.277933043125,958.277933043125,0
2025-12-01T07:00:00,958.277933043125,958.277933043125,0
2025-12-01T07:15:00,958.277933043125,958.277933043125,0
2025-12-01T07:30:00,958.277933043125,958.277933043125,0
2025-12-01T07:45:00,958.277933043125,958.277933043125,0
2025-12-01T08:00:00,958.277933043125,958.277933043125,0
2025-12-01T08:15:00,958.277933043125,958.277933043125,0
2025-12-01T08:30:00,958.277933043125,958.277933043125,0
2025-12-01T08:45:00,958.277933043125,958.277933043125,0
2025-12-01T09:00:00,958.277933043125,958.277933043125,0
2025-12-01T09:15:00,958.277933043125,958.277933043125,0
2025-12-01T09:30:00,958.277933043125,958.277933043125,0
2025-12-01T09:45:00,958.277933043125,958.277933043125,0
2025-12-01T10:00:00,958.277933043125,958.277933043125,0
2025-12-01T10:15:00,958.277933043125,958.277933043125,0
2025-12-01T10:30:00,958.277933043125,958.277933043125,0
2025-12-01T10:45:00,958.277933043125,958.277933043125,0
2025-12-01T11:00:00,958.277933043125,958.277933043125,0
2025-12-01T11:15:00,958.277933043125,958.277933043125,0
2025-12-01T11:30:00,958.277933043125,958.277933043125,0
2025-12-01T11:45:00,958.277933043125,958.277933043125,0
2025-12-01T12:00:00,957.2571160783054,823.9043681600858,1
2025-12-01T12:15:00,957.5568032237363,823.9043681600858,1
2025-12-01T12:30:00,959.7551764580207,823.9043681600858,1
2025-12-01T12:45:00,960.0890938954857,823.9043681600858,1
2025-12-01T13:00:00,956.000482633453,823.9043681600858,1
2025-12-01T13:15:00,956.5636867071382,823.9043681600858,1
2025-12-01T13:30:00,957.8375291653532,823.9043681600858,1
2025-12-01T13:45:00,956.608430141881,823.9043681600858,1
2025-12-01T14:00:00,954.6095767436537,954.6095767436537,0
2025-12-01T14:15:00,954.6095767436537,954.6095767436537,0
2025-12-01T14:30:00,954.6095767436537,954.6095767436537,0
2025-12-01T14:45:00,954.6095767436537,954.6095767436537,0
2025-12-01T15:00:00,954.6095767436537,954.6095767436537,0
2025-12-01T15:15:00,954.6095767436537,954.6095767436537,0
2025-12-01T15:30:00,954.6095767436537,954.6095767436537,0
2025-12-01T15:45:00,954.6095767436537,954.6095767436537,0
2025-12-01T16:00:00,954.6095767436537,954.6095767436537,0
2025-12-01T16:15:00,954.6095767436537,954.6095767436537,0
2025-12-01T16:30:00,954.6095767436537,954.6095767436537,0
2025-12-01T16:45:00,954.6095767436537,954.6095767436537,0
2025-12-01T17:00:00,954.6095767436537,954.6095767436537,0
2025-12-01T17:15:00,954.6095767436537,954.6095767436537,0
2025-12-01T17:30:00,954.6095767436537,954.6095767436537,0
2025-12-01T17:45:00,954.6095767436537,954.6095767436537,0
2025-12-01T18:00:00,954.6095767436537,954.6095767436537,0
2025-12-01T18:15:00,954.6095767436537,954.6095767436537,0
2025-12-01T18:30:00,954.6095767436537,954.6095767436537,0
2025-12-01T18:45:00,954.6095767436537,954.6095767436537,0
2025-12-01T19:00:00,954.6095767436537,954.6095767436537,0
2025-12-01T19:15:00,954.6095767436537,954.6095767436537,0
2025-12-01T19:30:00,954.6095767436537,954.6095767436537,0
2025-12-01T19:45:00,954.6095767436537,954.6095767436537,0
2025-12-01T20:00:00,954.6095767436537,954.6095767436537,0
2025-12-01T20:15:00,954.6095767436537,954.6095767436537,0
2025-12-01T20:30:00,954.6095767436537,954.6095767436537,0
2025-12-01T20:45:00,954.6095767436537,954.6095767436537,0
2025-12-01T21:00:00,954.6095767436537,954.6095767436537,0
2025-12-01T21:15:00,954.6095767436537,954.6095767436537,0
2025-12-01T21:30:00,954.6095767436537,954.6095767436537,0
2025-12-01T21:45:00,954.6095767436537,954.6095767436537,0
2025-12-01T22:00:00,954.6095767436537,954.6095767436537,0
2025-12-01T22:15:00,954.6095767436537,954.6095767436537,0
2025-12-01T22:30:00,954.6095767436537,954.6095767436537,0
2025-12-01T22:45:00,954.6095767436537,954.6095767436537,0
2025-12-01T23:00:00,954.6095767436537,954.6095767436537,0
2025-12-01T23:15:00,954.6095767436537,954.6095767436537,0
2025-12-01T23:30:00,954.6095767436537,954.6095767436537,0
2025-12-01T23:45:00,954.6095767436537,954.6095767436537,0
2025-12-02T00:00:00,954.6095767436537,954.6095767436537,0
2025-12-02T00:15:00,954.6095767436537,954.6095767436537,0
2025-12-02T00:30:00,954.6095767436537,954.6095767436537,0
2025-12-02T00:45:00,954.6095767436537,954.6095767436537,0
2025-12-02T01:00:00,954.6095767436537,954.6095767436537,0
2025-12-02T01:15:00,954.6095767436537,954.6095767436537,0
2025-12-02T01:30:00,954.6095767436537,954.6095767436537,0
2025-12-02T01:45:00,954.6095767436537,954.6095767436537,0
2025-12-02T02:00:00,954.6095767436537,954.6095767436537,0
2025-12-02T02:15:00,954.6095767436537,954.6095767436537,0
2025-12-02T02:30:00,954.6095767436537,954.6095767436537,0
2025-12-02T02:45:00,954.6095767436537,954.6095767436537,0
2025-12-02T03:00:00,954.6095767436537,954.6095767436537,0
2025-12-02T03:15:00,954.6095767436537,954.6095767436537,0
2025-12-02T03:30:00,954.6095767436537,954.6095767436537,0
2025-12-02T03:45:00,954.6095767436537,954.6095767436537,0
2025-12-02T04:00:00,954.6095767436537,954.6095767436537,0
2025-12-02T04:15:00,954.6095767436537,954.6095767436537,0
2025-12-02T04:30:00,954.6095767436537,954.6095767436537,0
2025-12-02T04:45:00,954.6095767436537,954.6095767436537,0
2025-12-02T05:00:00,954.6095767436537,954.6095767436537,0
2025-12-02T05:15:00,954.6095767436537,954.6095767436537,0
2025-12-02T05:30:00,954.6095767436537,954.6095767436537,0
2025-12-02T05:45:00,954.6095767436537,954.6095767436537,0
2025-12-02T06:00:00,954.6095767436537,954.6095767436537,0
2025-12-02T06:15:00,954.6095767436537,954.6095767436537,0
2025-12-02T06:30:00,954.6095767436537,954.6095767436537,0
2025-12-02T06:45:00,954.6095767436537,954.6095767436537,0
2025-12-02T07:00:00,954.6095767436537,954.6095767436537,0
2025-12-02T07:15:00,954.6095767436537,954.6095767436537,0
2025-12-02T07:30:00,954.6095767436537,954.6095767436537,0
2025-12-02T07:45:00,954.6095767436537,954.6095767436537,0
2025-12-02T08:00:00,954.6095767436537,954.6095767436537,0
2025-12-02T08:15:00,954.6095767436537,954.6095767436537,0
2025-12-02T08:30:00,954.6095767436537,954.6095767436537,0
2025-12-02T08:45:00,954.6095767436537,954.6095767436537,0
2025-12-02T09:00:00,954.6095767436537,954.6095767436537,0
2025-12-02T09:15:00,954.6095767436537,954.6095767436537,0
2025-12-02T09:30:00,954.6095767436537,954.6095767436537,0
2025-12-02T09:45:00,954.6095767436537,954.6095767436537,0
2025-12-02T10:00:00,954.6095767436537,954.6095767436537,0
2025-12-02T10:15:00,954.6095767436537,954.6095767436537,0
2025-12-02T10:30:00,954.6095767436537,954.6095767436537,0
2025-12-02T10:45:00,954.6095767436537,954.6095767436537,0
2025-12-02T11:00:00,954.6095767436537,954.6095767436537,0
2025-12-02T11:15:00,954.6095767436537,954.6095767436537,0
2025-12-02T11:30:00,954.6095767436537,954.6095767436537,0
2025-12-02T11:45:00,954.6095767436537,954.6095767436537,0
2025-12-02T12:00:00,954.6095767436537,954.6095767436537,0
2025-12-02T12:15:00,954.6095767436537,954.6095767436537,0
2025-12-02T12:30:00,954.6095767436537,954.6095767436537,0
2025-12-02T12:45:00,954.6095767436537,954.6095767436537,0
2025-12-02T13:00:00,954.6095767436537,954.6095767436537,0
2025-12-02T13:15:00,954.6095767436537,954.6095767436537,0
2025-12-02T13:30:00,954.6095767436537,954.6095767436537,0
2025-12-02T13:45:00,954.6095767436537,954.6095767436537,0
2025-12-02T14:00:00,954.6095767436537,954.6095767436537,0
2025-12-02T14:15:00,954.6095767436537,954.6095767436537,0
2025-12-02T14:30:00,954.6095767436537,954.6095767436537,0
2025-12-02T14:45:00,954.6095767436537,954.6095767436537,0
2025-12-02T15:00:00,954.6095767436537,954.6095767436537,0
2025-12-02T15:15:00,954.6095767436537,954.6095767436537,0
2025-12-02T15:30:00,954.6095767436537,954.6095767436537,0
2025-12-02T15:45:00,954.6095767436537,954.6095767436537,0
2025-12-02T16:00:00,954.6095767436537,954.6095767436537,0
2025-12-02T16:15:00,954.6095767436537,954.6095767436537,0
2025-12-02T16:30:00,954.6095767436537,954.6095767436537,0
2025-12-02T16:45:00,954.6095767436537,954.6095767436537,0
2025-12-02T17:00:00,954.6095767436537,954.6095767436537,0
2025-12-02T17:15:00,954.6095767436537,954.6095767436537,0
2025-12-02T17:30:00,954.6095767436537,954.6095767436537,0
2025-12-02T17:45:00,954.6095767436537,954.6095767436537,0
2025-12-02T18:00:00,954.6095767436537,954.6095767436537,0
2025-12-02T18:15:00,954.6095767436537,954.6095767436537,0
2025-12-02T18:30:00,954.6095767436537,954.6095767436537,0
2025-12-02T18:45:00,954.6095767436537,954.6095767436537,0
2025-12-02T19:00:00,954.6095767436537,954.6095767436537,0
2025-12-02T19:15:00,954.6095767436537,954.6095767436537,0
2025-12-02T19:30:00,954.6095767436537,954.6095767436537,0
2025-12-02T19:45:00,954.6095767436537,954.6095767436537,0
2025-12-02T20:00:00,954.6095767436537,954.6095767436537,0
2025-12-02T20:15:00,954.6095767436537,954.6095767436537,0
2025-12-02T20:30:00,954.6095767436537,954.6095767436537,0
2025-12-02T20:45:00,954.6095767436537,954.6095767436537,0
2025-12-02T21:00:00,954.6095767436537,954.6095767436537,0
2025-12-02T21:15:00,954.6095767436537,954.6095767436537,0
2025-12-02T21:30:00,954.6095767436537,954.6095767436537,0
2025-12-02T21:45:00,954.6095767436537,954.6095767436537,0
2025-12-02T22:00:00,954.6095767436537,954.6095767436537,0
2025-12-02T22:15:00,954.6095767436537,954.6095767436537,0
2025-12-02T22:30:00,954.6095767436537,954.6095767436537,0
2025-12-02T22:45:00,954.6095767436537,954.6095767436537,0
2025-12-02T23:00:00,954.6095767436537,954.6095767436537,0
2025-12-02T23:15:00,954.6095767436537,954.6095767436537,0
2025-12-02T23:30:00,954.6095767436537,954.6095767436537,0
2025-12-02T23:45:00,954.6095767436537,954.6095767436537,0
2025-12-03T00:00:00,954.6095767436537,954.6095767436537,0
2025-12-03T00:15:00,954.6095767436537,954.6095767436537,0
2025-12-03T00:30:00,954.6095767436537,954.6095767436537,0
2025-12-03T00:45:00,954.6095767436537,954.6095767436537,0
2025-12-03T01:00:00,954.6095767436537,954.6095767436537,0
2025-12-03T01:15:00,954.6095767436537,954.6095767436537,0
2025-12-03T01:30:00,954.6095767436537,954.6095767436537,0
2025-12-03T01:45:00,954.6095767436537,954.6095767436537,0
2025-12-03T02:00:00,954.6095767436537,954.6095767436537,0
2025-12-03T02:15:00,954.6095767436537,954.6095767436537,0
2025-12-03T02:30:00,954.6095767436537,954.6095767436537,0
2025-12-03T02:45:00,954.6095767436537,954.6095767436537,0
2025-12-03T03:00:00,954.6095767436537,954.6095767436537,0
2025-12-03T03:15:00,954.6095767436537,954.6095767436537,0
2025-12-03T03:30:00,954.6095767436537,954.6095767436537,0
2025-12-03T03:45:00,954.6095767436537,954.6095767436537,0
2025-12-03T04:00:00,954.6095767436537,954.6095767436537,0
2025-12-03T04:15:00,954.6095767436537,954.6095767436537,0
2025-12-03T04:30:00,954.6095767436537,954.6095767436537,0
2025-12-03T04:45:00,954.6095767436537,954.6095767436537,0
2025-12-03T05:00:00,954.6095767436537,954.6095767436537,0
2025-12-03T05:15:00,954.6095767436537,954.6095767436537,0
2025-12-03T05:30:00,954.6095767436537,954.6095767436537,0
2025-12-03T05:45:00,954.6095767436537,954.6095767436537,0
2025-12-03T06:00:00,954.6095767436537,954.6095767436537,0
2025-12-03T06:15:00,954.6095767436537,954.6095767436537,0
2025-12-03T06:30:00,954.6095767436537,954.6095767436537,0
2025-12-03T06:45:00,954.6095767436537,954.6095767436537,0
2025-12-03T07:00:00,954.6095767436537,954.6095767436537,0
2025-12-03T07:15:00,954.6095767436537,954.6095767436537,0
2025-12-03T07:30:00,954.6095767436537,954.6095767436537,0
2025-12-03T07:45:00,954.6095767436537,954.6095767436537,0
2025-12-03T08:00:00,954.6095767436537,954.6095767436537,0
2025-12-03T08:15:00,954.6095767436537,954.6095767436537,0
2025-12-03T08:30:00,954.6095767436537,954.6095767436537,0
2025-12-03T08:45:00,954.6095767436537,954.6095767436537,0
2025-12-03T09:00:00,954.6095767436537,954.6095767436537,0
2025-12-03T09:15:00,954.6095767436537,954.6095767436537,0
2025-12-03T09:30:00,954.6095767436537,954.6095767436537,0
2025-12-03T09:45:00,954.6095767436537,954.6095767436537,0
2025-12-03T10:00:00,954.6095767436537,954.6095767436537,0
2025-12-03T10:15:00,954.6095767436537,954.6095767436537,0
2025-12-03T10:30:00,954.6095767436537,954.6095767436537,0
2025-12-03T10:45:00,954.6095767436537,954.6095767436537,0
2025-12-03T11:00:00,954.6095767436537,954.6095767436537,0
2025-12-03T11:15:00,954.6095767436537,954.6095767436537,0
2025-12-03T11:30:00,954.6095767436537,954.6095767436537,0
2025-12-03T11:45:00,954.6095767436537,954.6095767436537,0
2025-12-03T12:00:00,954.6095767436537,954.6095767436537,0
2025-12-03T12:15:00,954.6095767436537,954.6095767436537,0
2025-12-03T12:30:00,954.6095767436537,954.6095767436537,0
2025-12-03T12:45:00,954.6095767436537,954.6095767436537,0
2025-12-03T13:00:00,954.6095767436537,954.6095767436537,0
2025-12-03T13:15:00,954.6095767436537,954.6095767436537,0
2025-12-03T13:30:00,954.6095767436537,954.6095767436537,0
2025-12-03T13:45:00,954.6095767436537,954.6095767436537,0
2025-12-03T14:00:00,954.6095767436537,954.6095767436537,0
2025-12-03T14:15:00,954.6095767436537,954.6095767436537,0
2025-12-03T14:30:00,954.6095767436537,954.6095767436537,0
2025-12-03T14:45:00,954.6095767436537,954.6095767436537,0
2025-12-03T15:00:00,954.6095767436537,954.6095767436537,0
2025-12-03T15:15:00,954.6095767436537,954.6095767436537,0
2025-12-03T15:30:00,954.6095767436537,954.6095767436537,0
2025-12-03T15:45:00,954.6095767436537,954.6095767436537,0
2025-12-03T16:00:00,954.6095767436537,954.6095767436537,0
2025-12-03T16:15:00,954.6095767436537,954.6095767436537,0
2025-12-03T16:30:00,954.6095767436537,954.6095767436537,0
2025-12-03T16:45:00,954.6095767436537,954.6095767436537,0
2025-12-03T17:00:00,954.6095767436537,954.6095767436537,0
2025-12-03T17:15:00,954.6095767436537,954.6095767436537,0
2025-12-03T17:30:00,954.6095767436537,954.6095767436537,0
2025-12-03T17:45:00,954.6095767436537,954.6095767436537,0
2025-12-03T18:00:00,953.5950731605553,820.7504034543516,1
2025-12-03T18:15:00,951.7417745170784,820.7504034543516,1
2025-12-03T18:30:00,951.8822174837102,820.7504034543516,1
2025-12-03T18:45:00,948.6146386446225,948.6146386446225,0
2025-12-03T19:00:00,948.6146386446225,948.6146386446225,0
2025-12-03T19:15:00,948.6146386446225,948.6146386446225,0
2025-12-03T19:30:00,948.6146386446225,948.6146386446225,0
2025-12-03T19:45:00,948.6146386446225,948.6146386446225,0
2025-12-03T20:00:00,948.6146386446225,948.6146386446225,0
2025-12-03T20:15:00,948.6146386446225,948.6146386446225,0
2025-12-03T20:30:00,948.6146386446225,948.6146386446225,0
2025-12-03T20:45:00,948.6146386446225,948.6146386446225,0
2025-12-03T21:00:00,948.6146386446225,948.6146386446225,0
2025-12-03T21:15:00,948.6146386446225,948.6146386446225,0
2025-12-03T21:30:00,948.6146386446225,948.6146386446225,0
2025-12-03T21:45:00,948.6146386446225,948.6146386446225,0
2025-12-03T22:00:00,948.6146386446225,948.6146386446225,0
2025-12-03T22:15:00,948.6146386446225,948.6146386446225,0
2025-12-03T22:30:00,948.6146386446225,948.6146386446225,0
2025-12-03T22:45:00,948.6146386446225,948.6146386446225,0
2025-12-03T23:00:00,947.6065061333529,815.5960995553189,1
2025-12-03T23:15:00,945.6276112966405,815.5960995553189,1
2025-12-03T23:30:00,947.1180132013684,815.5960995553189,1
2025-12-03T23:45:00,946.9369052776055,815.5960995553189,1
2025-12-04T00:00:00,944.8400410593594,815.5960995553189,1
2025-12-04T00:15:00,946.190873554949,815.5960995553189,1
2025-12-04T00:30:00,948.5269996174324,815.5960995553189,1
2025-12-04T00:45:00,948.5868150784918,815.5960995553189,1
2025-12-04T01:00:00,954.9604847624792,815.5960995553189,1
2025-12-04T01:15:00,950.49094058888,815.5960995553189,1
2025-12-04T01:30:00,951.8633731120744,815.5960995553189,1
2025-12-04T01:45:00,949.3677391534328,815.5960995553189,1
2025-12-04T02:00:00,950.9993720078843,815.5960995553189,1
2025-12-04T02:15:00,950.636467047367,950.636467047367,0
2025-12-04T02:30:00,950.636467047367,950.636467047367,0
2025-12-04T02:45:00,950.636467047367,950.636467047367,0
2025-12-04T03:00:00,950.636467047367,950.636467047367,0
2025-12-04T03:15:00,950.636467047367,950.636467047367,0
2025-12-04T03:30:00,950.636467047367,950.636467047367,0
2025-12-04T03:45:00,950.636467047367,950.636467047367,0
2025-12-04T04:00:00,950.636467047367,950.636467047367,0
2025-12-04T04:15:00,950.636467047367,950.636467047367,0
2025-12-04T04:30:00,950.636467047367,950.636467047367,0
2025-12-04T04:45:00,950.636467047367,950.636467047367,0
2025-12-04T05:00:00,950.636467047367,950.636467047367,0
2025-12-04T05:15:00,950.636467047367,950.636467047367,0
2025-12-04T05:30:00,950.636467047367,950.636467047367,0
2025-12-04T05:45:00,950.636467047367,950.636467047367,0
2025-12-04T06:00:00,950.636467047367,950.636467047367,0
2025-12-04T06:15:00,950.636467047367,950.636467047367,0
2025-12-04T06:30:00,950.636467047367,950.636467047367,0
2025-12-04T06:45:00,950.636467047367,950.636467047367,0
2025-12-04T07:00:00,950.636467047367,950.636467047367,0
2025-12-04T07:15:00,950.636467047367,950.636467047367,0
2025-12-04T07:30:00,950.636467047367,950.636467047367,0
2025-12-04T07:45:00,950.636467047367,950.636467047367,0
2025-12-04T08:00:00,950.636467047367,950.636467047367,0
2025-12-04T08:15:00,950.636467047367,950.636467047367,0
2025-12-04T08:30:00,950.636467047367,950.636467047367,0
2025-12-04T08:45:00,950.636467047367,950.636467047367,0
2025-12-04T09:00:00,950.636467047367,950.636467047367,0
2025-12-04T09:15:00,950.636467047367,950.636467047367,0
2025-12-04T09:30:00,950.636467047367,950.636467047367,0
2025-12-04T09:45:00,950.636467047367,950.636467047367,0
2025-12-04T10:00:00,950.636467047367,950.636467047367,0
2025-12-04T10:15:00,950.636467047367,950.636467047367,0
2025-12-04T10:30:00,950.636467047367,950.636467047367,0
2025-12-04T10:45:00,950.636467047367,950.636467047367,0
2025-12-04T11:00:00,950.636467047367,950.636467047367,0
2025-12-04T11:15:00,950.636467047367,950.636467047367,0
2025-12-04T11:30:00,950.636467047367,950.636467047367,0
2025-12-04T11:45:00,950.636467047367,950.636467047367,0
2025-12-04T12:00:00,950.636467047367,950.636467047367,0
2025-12-04T12:15:00,950.636467047367,950.636467047367,0
2025-12-04T12:30:00,950.636467047367,950.636467047367,0
2025-12-04T12:45:00,950.636467047367,950.636467047367,0
2025-12-04T13:00:00,950.636467047367,950.636467047367,0
2025-12-04T13:15:00,950.636467047367,950.636467047367,0
2025-12-04T13:30:00,950.636467047367,950.636467047367,0
2025-12-04T13:45:00,950.636467047367,950.636467047367,0
2025-12-04T14:00:00,950.636467047367,950.636467047367,0
2025-12-04T14:15:00,950.636467047367,950.636467047367,0
2025-12-04T14:30:00,950.636467047367,950.636467047367,0
2025-12-04T14:45:00,950.636467047367,950.636467047367,0
2025-12-04T15:00:00,950.636467047367,950.636467047367,0
2025-12-04T15:15:00,950.636467047367,950.636467047367,0
2025-12-04T15:30:00,950.636467047367,950.636467047367,0
2025-12-04T15:45:00,950.636467047367,950.636467047367,0
2025-12-04T16:00:00,950.636467047367,950.636467047367,0
2025-12-04T16:15:00,950.636467047367,950.636467047367,0
2025-12-04T16:30:00,950.636467047367,950.636467047367,0
2025-12-04T16:45:00,950.636467047367,950.636467047367,0
2025-12-04T17:00:00,950.636467047367,950.636467047367,0
2025-12-04T17:15:00,950.636467047367,950.636467047367,0
2025-12-04T17:30:00,950.636467047367,950.636467047367,0
2025-12-04T17:45:00,950.636467047367,950.636467047367,0
2025-12-04T18:00:00,950.636467047367,950.636467047367,0
2025-12-04T18:15:00,950.636467047367,950.636467047367,0
2025-12-04T18:30:00,950.636467047367,950.636467047367,0
2025-12-04T18:45:00,950.636467047367,950.636467047367,0
2025-12-04T19:00:00,949.623790245078,817.334419092117,1
2025-12-04T19:15:00,949.3123276166073,817.334419092117,1
2025-12-04T19:30:00,945.8354281865027,817.334419092117,1
2025-12-04T19:45:00,945.6167677550393,817.334419092117,1
2025-12-04T20:00:00,945.4458808900655,817.334419092117,1
2025-12-04T20:15:00,945.0454066086015,945.0454066086015,0
2025-12-04T20:30:00,945.0454066086015,945.0454066086015,0
2025-12-04T20:45:00,945.0454066086015,945.0454066086015,0
2025-12-04T21:00:00,945.0454066086015,945.0454066086015,0
2025-12-04T21:15:00,945.0454066086015,945.0454066086015,0
2025-12-04T21:30:00,945.0454066086015,945.0454066086015,0
2025-12-04T21:45:00,945.0454066086015,945.0454066086015,0
2025-12-04T22:00:00,945.0454066086015,945.0454066086015,0
2025-12-04T22:15:00,945.0454066086015,945.0454066086015,0
2025-12-04T22:30:00,945.0454066086015,945.0454066086015,0
2025-12-04T22:45:00,945.0454066086015,945.0454066086015,0
2025-12-04T23:00:00,945.0454066086015,945.0454066086015,0
2025-12-04T23:15:00,945.0454066086015,945.0454066086015,0
2025-12-04T23:30:00,945.0454066086015,945.0454066086015,0
2025-12-04T23:45:00,945.0454066086015,945.0454066086015,0
2025-12-05T00:00:00,945.0454066086015,945.0454066086015,0
2025-12-05T00:15:00,945.0454066086015,945.0454066086015,0
2025-12-05T00:30:00,945.0454066086015,945.0454066086015,0
2025-12-05T00:45:00,945.0454066086015,945.0454066086015,0
2025-12-05T01:00:00,945.0454066086015,945.0454066086015,0
2025-12-05T01:15:00,945.0454066086015,945.0454066086015,0
2025-12-05T01:30:00,945.0454066086015,945.0454066086015,0
2025-12-05T01:45:00,945.0454066086015,945.0454066086015,0
2025-12-05T02:00:00,945.0454066086015,945.0454066086015,0
2025-12-05T02:15:00,945.0454066086015,945.0454066086015,0
2025-12-05T02:30:00,945.0454066086015,945.0454066086015,0
2025-12-05T02:45:00,945.0454066086015,945.0454066086015,0
2025-12-05T03:00:00,945.0454066086015,945.0454066086015,0
2025-12-05T03:15:00,945.0454066086015,945.0454066086015,0
2025-12-05T03:30:00,945.0454066086015,945.0454066086015,0
2025-12-05T03:45:00,945.0454066086015,945.0454066086015,0
2025-12-05T04:00:00,945.0454066086015,945.0454066086015,0
2025-12-05T04:15:00,945.0454066086015,945.0454066086015,0
2025-12-05T04:30:00,945.0454066086015,945.0454066086015,0
2025-12-05T04:45:00,945.0454066086015,945.0454066086015,0
2025-12-05T05:00:00,945.0454066086015,945.0454066086015,0
2025-12-05T05:15:00,945.0454066086015,945.0454066086015,0
2025-12-05T05:30:00,945.0454066086015,945.0454066086015,0
2025-12-05T05:45:00,945.0454066086015,945.0454066086015,0
2025-12-05T06:00:00,945.0454066086015,945.0454066086015,0
2025-12-05T06:15:00,945.0454066086015,945.0454066086015,0
2025-12-05T06:30:00,945.0454066086015,945.0454066086015,0
2025-12-05T06:45:00,945.0454066086015,945.0454066086015,0
2025-12-05T07:00:00,945.0454066086015,945.0454066086015,0
2025-12-05T07:15:00,945.0454066086015,945.0454066086015,0
2025-12-05T07:30:00,945.0454066086015,945.0454066086015,0
2025-12-05T07:45:00,945.0454066086015,945.0454066086015,0
2025-12-05T08:00:00,945.0454066086015,945.0454066086015,0
2025-12-05T08:15:00,945.0454066086015,945.0454066086015,0
2025-12-05T08:30:00,945.0454066086015,945.0454066086015,0
2025-12-05T08:45:00,945.0454066086015,945.0454066086015,0
2025-12-05T09:00:00,945.0454066086015,945.0454066086015,0
2025-12-05T09:15:00,945.0454066086015,945.0454066086015,0
2025-12-05T09:30:00,945.0454066086015,945.0454066086015,0
2025-12-05T09:45:00,945.0454066086015,945.0454066086015,0
2025-12-05T10:00:00,945.0454066086015,945.0454066086015,0
2025-12-05T10:15:00,945.0454066086015,945.0454066086015,0
2025-12-05T10:30:00,945.0454066086015,945.0454066086015,0
2025-12-05T10:45:00,945.0454066086015,945.0454066086015,0
2025-12-05T11:00:00,945.0454066086015,945.0454066086015,0
2025-12-05T11:15:00,945.0454066086015,945.0454066086015,0
2025-12-05T11:30:00,945.0454066086015,945.0454066086015,0
2025-12-05T11:45:00,945.0454066086015,945.0454066086015,0
2025-12-05T12:00:00,945.0454066086015,945.0454066086015,0
2025-12-05T12:15:00,945.0454066086015,945.0454066086015,0
2025-12-05T12:30:00,945.0454066086015,945.0454066086015,0
2025-12-05T12:45:00,945.0454066086015,945.0454066086015,0
2025-12-05T13:00:00,945.0454066086015,945.0454066086015,0
2025-12-05T13:15:00,945.0454066086015,945.0454066086015,0
2025-12-05T13:30:00,945.0454066086015,945.0454066086015,0
2025-12-05T13:45:00,945.0454066086015,945.0454066086015,0
2025-12-05T14:00:00,945.0454066086015,945.0454066086015,0
2025-12-05T14:15:00,945.0454066086015,945.0454066086015,0
2025-12-05T14:30:00,945.0454066086015,945.0454066086015,0
2025-12-05T14:45:00,945.0454066086015,945.0454066086015,0
2025-12-05T15:00:00,945.0454066086015,945.0454066086015,0
2025-12-05T15:15:00,945.0454066086015,945.0454066086015,0
2025-12-05T15:30:00,945.0454066086015,945.0454066086015,0
2025-12-05T15:45:00,945.0454066086015,945.0454066086015,0
2025-12-05T16:00:00,945.0454066086015,945.0454066086015,0
2025-12-05T16:15:00,945.0454066086015,945.0454066086015,0
2025-12-05T16:30:00,945.0454066086015,945.0454066086015,0
2025-12-05T16:45:00,945.0454066086015,945.0454066086015,0
2025-12-05T17:00:00,944.0386857499386,812.5273595123169,1
2025-12-05T17:15:00,944.0281374143873,812.5273595123169,1
2025-12-05T17:30:00,943.2475605835939,812.5273595123169,1
2025-12-05T17:45:00,940.7493631138697,812.5273595123169,1
2025-12-05T18:00:00,937.6323299584714,812.5273595123169,1
2025-12-05T18:15:00,941.6002621816715,812.5273595123169,1
2025-12-05T18:30:00,944.5555541919505,812.5273595123169,1
2025-12-05T18:45:00,945.3185504634918,812.5273595123169,1
2025-12-05T19:00:00,944.6821342185656,812.5273595123169,1
2025-12-05T19:15:00,942.0854856170297,812.5273595123169,1
2025-12-05T19:30:00,940.8748406435723,940.8748406435723,0
2025-12-05T19:45:00,940.8748406435723,940.8748406435723,0
2025-12-05T20:00:00,940.8748406435723,940.8748406435723,0
2025-12-05T20:15:00,940.8748406435723,940.8748406435723,0
2025-12-05T20:30:00,940.8748406435723,940.8748406435723,0
2025-12-05T20:45:00,940.8748406435723,940.8748406435723,0
2025-12-05T21:00:00,940.8748406435723,940.8748406435723,0
2025-12-05T21:15:00,940.8748406435723,940.8748406435723,0
2025-12-05T21:30:00,940.8748406435723,940.8748406435723,0
2025-12-05T21:45:00,940.8748406435723,940.8748406435723,0
2025-12-05T22:00:00,940.8748406435723,940.8748406435723,0
2025-12-05T22:15:00,940.8748406435723,940.8748406435723,0
2025-12-05T22:30:00,940.8748406435723,940.8748406435723,0
2025-12-05T22:45:00,940.8748406435723,940.8748406435723,0
2025-12-05T23:00:00,940.8748406435723,940.8748406435723,0
2025-12-05T23:15:00,940.8748406435723,940.8748406435723,0
2025-12-05T23:30:00,940.8748406435723,940.8748406435723,0
2025-12-05T23:45:00,940.8748406435723,940.8748406435723,0
2025-12-06T00:00:00,940.8748406435723,940.8748406435723,0
2025-12-06T00:15:00,940.8748406435723,940.8748406435723,0
2025-12-06T00:30:00,940.8748406435723,940.8748406435723,0
2025-12-06T00:45:00,940.8748406435723,940.8748406435723,0
2025-12-06T01:00:00,940.8748406435723,940.8748406435723,0
2025-12-06T01:15:00,940.8748406435723,940.8748406435723,0
2025-12-06T01:30:00,940.8748406435723,940.8748406435723,0
2025-12-06T01:45:00,940.8748406435723,940.8748406435723,0
2025-12-06T02:00:00,940.8748406435723,940.8748406435723,0
2025-12-06T02:15:00,940.8748406435723,940.8748406435723,0
2025-12-06T02:30:00,940.8748406435723,940.8748406435723,0
2025-12-06T02:45:00,940.8748406435723,940.8748406435723,0
2025-12-06T03:00:00,940.8748406435723,940.8748406435723,0
2025-12-06T03:15:00,940.8748406435723,940.8748406435723,0
2025-12-06T03:30:00,940.8748406435723,940.8748406435723,0
2025-12-06T03:45:00,940.8748406435723,940.8748406435723,0
2025-12-06T04:00:00,940.8748406435723,940.8748406435723,0
2025-12-06T04:15:00,940.8748406435723,940.8748406435723,0
2025-12-06T04:30:00,940.8748406435723,940.8748406435723,0
2025-12-06T04:45:00,940.8748406435723,940.8748406435723,0
2025-12-06T05:00:00,940.8748406435723,940.8748406435723,0
2025-12-06T05:15:00,940.8748406435723,940.8748406435723,0
2025-12-06T05:30:00,940.8748406435723,940.8748406435723,0
2025-12-06T05:45:00,940.8748406435723,940.8748406435723,0
2025-12-06T06:00:00,940.8748406435723,940.8748406435723,0
2025-12-06T06:15:00,940.8748406435723,940.8748406435723,0
2025-12-06T06:30:00,940.8748406435723,940.8748406435723,0
2025-12-06T06:45:00,940.8748406435723,940.8748406435723,0
2025-12-06T07:00:00,940.8748406435723,940.8748406435723,0
2025-12-06T07:15:00,940.8748406435723,940.8748406435723,0
2025-12-06T07:30:00,940.8748406435723,940.8748406435723,0
2025-12-06T07:45:00,940.8748406435723,940.8748406435723,0
2025-12-06T08:00:00,940.8748406435723,940.8748406435723,0
2025-12-06T08:15:00,940.8748406435723,940.8748406435723,0
2025-12-06T08:30:00,940.8748406435723,940.8748406435723,0
2025-12-06T08:45:00,940.8748406435723,940.8748406435723,0
2025-12-06T09:00:00,940.8748406435723,940.8748406435723,0
2025-12-06T09:15:00,940.8748406435723,940.8748406435723,0
2025-12-06T09:30:00,940.8748406435723,940.8748406435723,0
2025-12-06T09:45:00,940.8748406435723,940.8748406435723,0
2025-12-06T10:00:00,940.8748406435723,940.8748406435723,0
2025-12-06T10:15:00,940.8748406435723,940.8748406435723,0
2025-12-06T10:30:00,940.8748406435723,940.8748406435723,0
2025-12-06T10:45:00,940.8748406435723,940.8748406435723,0
2025-12-06T11:00:00,940.8748406435723,940.8748406435723,0
2025-12-06T11:15:00,940.8748406435723,940.8748406435723,0
2025-12-06T11:30:00,940.8748406435723,940.8748406435723,0
2025-12-06T11:45:00,940.8748406435723,940.8748406435723,0
2025-12-06T12:00:00,940.8748406435723,940.8748406435723,0
2025-12-06T12:15:00,940.8748406435723,940.8748406435723,0
2025-12-06T12:30:00,940.8748406435723,940.8748406435723,0
2025-12-06T12:45:00,940.8748406435723,940.8748406435723,0
2025-12-06T13:00:00,940.8748406435723,940.8748406435723,0
2025-12-06T13:15:00,940.8748406435723,940.8748406435723,0
2025-12-06T13:30:00,940.8748406435723,940.8748406435723,0
2025-12-06T13:45:00,940.8748406435723,940.8748406435723,0
2025-12-06T14:00:00,940.8748406435723,940.8748406435723,0
2025-12-06T14:15:00,940.8748406435723,940.8748406435723,0
2025-12-06T14:30:00,940.8748406435723,940.8748406435723,0
2025-12-06T14:45:00,940.8748406435723,940.8748406435723,0
2025-12-06T15:00:00,940.8748406435723,940.8748406435723,0
2025-12-06T15:15:00,940.8748406435723,940.8748406435723,0
2025-12-06T15:30:00,940.8748406435723,940.8748406435723,0
2025-12-06T15:45:00,940.8748406435723,940.8748406435723,0
2025-12-06T16:00:00,940.8748406435723,940.8748406435723,0
2025-12-06T16:15:00,940.8748406435723,940.8748406435723,0
2025-12-06T16:30:00,940.8748406435723,940.8748406435723,0
2025-12-06T16:45:00,940.8748406435723,940.8748406435723,0
2025-12-06T17:00:00,940.8748406435723,940.8748406435723,0
2025-12-06T17:15:00,940.8748406435723,940.8748406435723,0
2025-12-06T17:30:00,940.8748406435723,940.8748406435723,0
2025-12-06T17:45:00,940.8748406435723,940.8748406435723,0
2025-12-06T18:00:00,940.8748406435723,940.8748406435723,0
2025-12-06T18:15:00,940.8748406435723,940.8748406435723,0
2025-12-06T18:30:00,940.8748406435723,940.8748406435723,0
2025-12-06T18:45:00,940.8748406435723,940.8748406435723,0
2025-12-06T19:00:00,939.8725625299036,808.941606989168,1
2025-12-06T19:15:00,939.478661282369,808.941606989168,1
2025-12-06T19:30:00,940.193993023962,808.941606989168,1
2025-12-06T19:45:00,940.3534994423125,808.941606989168,1
2025-12-06T20:00:00,940.4313362157774,808.941606989168,1
2025-12-06T20:15:00,940.1000581905305,808.941606989168,1
2025-12-06T20:30:00,939.5665814560327,808.941606989168,1
2025-12-06T20:45:00,939.508852515713,808.941606989168,1
2025-12-06T21:00:00,939.8664299356305,808.941606989168,1
2025-12-06T21:15:00,940.1980617643932,808.941606989168,1
2025-12-06T21:30:00,939.9931505615216,808.941606989168,1
2025-12-06T21:45:00,940.2671713844695,808.941606989168,1
2025-12-06T22:00:00,939.7970844465436,808.941606989168,1
2025-12-06T22:15:00,940.681534268665,808.941606989168,1
2025-12-06T22:30:00,940.7230472145129,808.941606989168,1
2025-12-06T22:45:00,941.0593374562329,808.941606989168,1
2025-12-06T23:00:00,941.7316820706624,808.941606989168,1
2025-12-06T23:15:00,942.6629518913678,808.941606989168,1
2025-12-06T23:30:00,942.1676269693185,808.941606989168,1
2025-12-06T23:45:00,941.3491615028845,808.941606989168,1
2025-12-07T00:00:00,941.6604496294914,808.941606989168,1
2025-12-07T00:15:00,940.6718636392345,808.941606989168,1
2025-12-07T00:30:00,939.3398312141267,939.3398312141267,0
2025-12-07T00:45:00,939.3398312141267,939.3398312141267,0
2025-12-07T01:00:00,939.3398312141267,939.3398312141267,0
2025-12-07T01:15:00,939.3398312141267,939.3398312141267,0
2025-12-07T01:30:00,939.3398312141267,939.3398312141267,0
2025-12-07T01:45:00,939.3398312141267,939.3398312141267,0
2025-12-07T02:00:00,939.3398312141267,939.3398312141267,0
2025-12-07T02:15:00,939.3398312141267,939.3398312141267,0
2025-12-07T02:30:00,939.3398312141267,939.3398312141267,0
2025-12-07T02:45:00,939.3398312141267,939.3398312141267,0
2025-12-07T03:00:00,939.3398312141267,939.3398312141267,0
2025-12-07T03:15:00,939.3398312141267,939.3398312141267,0
2025-12-07T03:30:00,939.3398312141267,939.3398312141267,0
2025-12-07T03:45:00,939.3398312141267,939.3398312141267,0
2025-12-07T04:00:00,939.3398312141267,939.3398312141267,0
2025-12-07T04:15:00,939.3398312141267,939.3398312141267,0
2025-12-07T04:30:00,939.3398312141267,939.3398312141267,0
2025-12-07T04:45:00,939.3398312141267,939.3398312141267,0
2025-12-07T05:00:00,939.3398312141267,939.3398312141267,0
2025-12-07T05:15:00,939.3398312141267,939.3398312141267,0
2025-12-07T05:30:00,939.3398312141267,939.3398312141267,0
2025-12-07T05:45:00,939.3398312141267,939.3398312141267,0
2025-12-07T06:00:00,939.3398312141267,939.3398312141267,0
2025-12-07T06:15:00,939.3398312141267,939.3398312141267,0
2025-12-07T06:30:00,939.3398312141267,939.3398312141267,0
2025-12-07T06:45:00,939.3398312141267,939.3398312141267,0
2025-12-07T07:00:00,939.3398312141267,939.3398312141267,0
2025-12-07T07:15:00,939.3398312141267,939.3398312141267,0
2025-12-07T07:30:00,939.3398312141267,939.3398312141267,0
2025-12-07T07:45:00,939.3398312141267,939.3398312141267,0
2025-12-07T08:00:00,939.3398312141267,939.3398312141267,0
2025-12-07T08:15:00,939.3398312141267,939.3398312141267,0
2025-12-07T08:30:00,939.3398312141267,939.3398312141267,0
2025-12-07T08:45:00,939.3398312141267,939.3398312141267,0
2025-12-07T09:00:00,939.3398312141267,939.3398312141267,0
2025-12-07T09:15:00,939.3398312141267,939.3398312141267,0
2025-12-07T09:30:00,939.3398312141267,939.3398312141267,0
2025-12-07T09:45:00,939.3398312141267,939.3398312141267,0
2025-12-07T10:00:00,939.3398312141267,939.3398312141267,0
2025-12-07T10:15:00,939.3398312141267,939.3398312141267,0
2025-12-07T10:30:00,939.3398312141267,939.3398312141267,0
2025-12-07T10:45:00,939.3398312141267,939.3398312141267,0
2025-12-07T11:00:00,939.3398312141267,939.3398312141267,0
2025-12-07T11:15:00,939.3398312141267,939.3398312141267,0
2025-12-07T11:30:00,939.3398312141267,939.3398312141267,0
2025-12-07T11:45:00,939.3398312141267,939.3398312141267,0
2025-12-07T12:00:00,939.3398312141267,939.3398312141267,0
2025-12-07T12:15:00,939.3398312141267,939.3398312141267,0
2025-12-07T12:30:00,939.3398312141267,939.3398312141267,0
2025-12-07T12:45:00,939.3398312141267,939.3398312141267,0
2025-12-07T13:00:00,939.3398312141267,939.3398312141267,0
2025-12-07T13:15:00,939.3398312141267,939.3398312141267,0
2025-12-07T13:30:00,939.3398312141267,939.3398312141267,0
2025-12-07T13:45:00,939.3398312141267,939.3398312141267,0
2025-12-07T14:00:00,939.3398312141267,939.3398312141267,0
2025-12-07T14:15:00,939.3398312141267,939.3398312141267,0
2025-12-07T14:30:00,939.3398312141267,939.3398312141267,0
2025-12-07T14:45:00,939.3398312141267,939.3398312141267,0
2025-12-07T15:00:00,939.3398312141267,939.3398312141267,0
2025-12-07T15:15:00,939.3398312141267,939.3398312141267,0
2025-12-07T15:30:00,939.3398312141267,939.3398312141267,0
2025-12-07T15:45:00,939.3398312141267,939.3398312141267,0
2025-12-07T16:00:00,939.3398312141267,939.3398312141267,0
2025-12-07T16:15:00,939.3398312141267,939.3398312141267,0
2025-12-07T16:30:00,939.3398312141267,939.3398312141267,0
2025-12-07T16:45:00,939.3398312141267,939.3398312141267,0
2025-12-07T17:00:00,939.3398312141267,939.3398312141267,0
2025-12-07T17:15:00,939.3398312141267,939.3398312141267,0
2025-12-07T17:30:00,939.3398312141267,939.3398312141267,0
2025-12-07T17:45:00,939.3398312141267,939.3398312141267,0
2025-12-07T18:00:00,938.3415554292089,807.6218427219569,1
2025-12-07T18:15:00,939.7615183440246,807.6218427219569,1
2025-12-07T18:30:00,938.6528660512379,807.6218427219569,1
2025-12-07T18:45:00,938.5473896646129,807.6218427219569,1
2025-12-07T19:00:00,939.4810914840554,807.6218427219569,1
2025-12-07T19:15:00,937.9924021341159,807.6218427219569,1
2025-12-07T19:30:00,938.6185891011678,807.6218427219569,1
2025-12-07T19:45:00,938.9024666608086,807.6218427219569,1
2025-12-07T20:00:00,938.5184037873724,807.6218427219569,1
2025-12-07T20:15:00,938.9288070016344,807.6218427219569,1
2025-12-07T20:30:00,939.2786504366616,807.6218427219569,1
2025-12-07T20:45:00,938.5594578610214,938.5594578610214,0
2025-12-07T21:00:00,938.5594578610214,938.5594578610214,0
2025-12-07T21:15:00,938.5594578610214,938.5594578610214,0
2025-12-07T21:30:00,938.5594578610214,938.5594578610214,0
2025-12-07T21:45:00,938.5594578610214,938.5594578610214,0
2025-12-07T22:00:00,938.5594578610214,938.5594578610214,0
2025-12-07T22:15:00,938.5594578610214,938.5594578610214,0
2025-12-07T22:30:00,938.5594578610214,938.5594578610214,0
2025-12-07T22:45:00,938.5594578610214,938.5594578610214,0
2025-12-07T23:00:00,938.5594578610214,938.5594578610214,0
2025-12-07T23:15:00,938.5594578610214,938.5594578610214,0
2025-12-07T23:30:00,938.5594578610214,938.5594578610214,0
2025-12-07T23:45:00,938.5594578610214,938.5594578610214,0
2025-12-08T00:00:00,938.5594578610214,938.5594578610214,0
2025-12-08T00:15:00,938.5594578610214,938.5594578610214,0
2025-12-08T00:30:00,938.5594578610214,938.5594578610214,0
2025-12-08T00:45:00,938.5594578610214,938.5594578610214,0
2025-12-08T01:00:00,938.5594578610214,938.5594578610214,0
2025-12-08T01:15:00,938.5594578610214,938.5594578610214,0
2025-12-08T01:30:00,938.5594578610214,938.5594578610214,0
2025-12-08T01:45:00,938.5594578610214,938.5594578610214,0
2025-12-08T02:00:00,938.5594578610214,938.5594578610214,0
2025-12-08T02:15:00,938.5594578610214,938.5594578610214,0
2025-12-08T02:30:00,938.5594578610214,938.5594578610214,0
2025-12-08T02:45:00,938.5594578610214,938.5594578610214,0
2025-12-08T03:00:00,938.5594578610214,938.5594578610214,0
2025-12-08T03:15:00,938.5594578610214,938.5594578610214,0
2025-12-08T03:30:00,938.5594578610214,938.5594578610214,0
2025-12-08T03:45:00,938.5594578610214,938.5594578610214,0
2025-12-08T04:00:00,938.5594578610214,938.5594578610214,0
2025-12-08T04:15:00,938.5594578610214,938.5594578610214,0
2025-12-08T04:30:00,938.5594578610214,938.5594578610214,0
2025-12-08T04:45:00,938.5594578610214,938.5594578610214,0
2025-12-08T05:00:00,938.5594578610214,938.5594578610214,0
2025-12-08T05:15:00,938.5594578610214,938.5594578610214,0
2025-12-08T05:30:00,938.5594578610214,938.5594578610214,0
2025-12-08T05:45:00,938.5594578610214,938.5594578610214,0
2025-12-08T06:00:00,938.5594578610214,938.5594578610214,0
2025-12-08T06:15:00,938.5594578610214,938.5594578610214,0
2025-12-08T06:30:00,938.5594578610214,938.5594578610214,0
2025-12-08T06:45:00,938.5594578610214,938.5594578610214,0
2025-12-08T07:00:00,938.5594578610214,938.5594578610214,0
2025-12-08T07:15:00,938.5594578610214,938.5594578610214,0
2025-12-08T07:30:00,938.5594578610214,938.5594578610214,0
2025-12-08T07:45:00,938.5594578610214,938.5594578610214,0
2025-12-08T08:00:00,938.5594578610214,938.5594578610214,0
2025-12-08T08:15:00,938.5594578610214,938.5594578610214,0
2025-12-08T08:30:00,938.5594578610214,938.5594578610214,0
2025-12-08T08:45:00,938.5594578610214,938.5594578610214,0
2025-12-08T09:00:00,938.5594578610214,938.5594578610214,0
2025-12-08T09:15:00,938.5594578610214,938.5594578610214,0
2025-12-08T09:30:00,938.5594578610214,938.5594578610214,0
2025-12-08T09:45:00,938.5594578610214,938.5594578610214,0
2025-12-08T10:00:00,938.5594578610214,938.5594578610214,0
2025-12-08T10:15:00,938.5594578610214,938.5594578610214,0
2025-12-08T10:30:00,938.5594578610214,938.5594578610214,0
2025-12-08T10:45:00,938.5594578610214,938.5594578610214,0
2025-12-08T11:00:00,938.5594578610214,938.5594578610214,0
2025-12-08T11:15:00,938.5594578610214,938.5594578610214,0
2025-12-08T11:30:00,938.5594578610214,938.5594578610214,0
2025-12-08T11:45:00,938.5594578610214,938.5594578610214,0
2025-12-08T12:00:00,938.5594578610214,938.5594578610214,0
2025-12-08T12:15:00,938.5594578610214,938.5594578610214,0
2025-12-08T12:30:00,938.5594578610214,938.5594578610214,0
2025-12-08T12:45:00,938.5594578610214,938.5594578610214,0
2025-12-08T13:00:00,938.5594578610214,938.5594578610214,0
2025-12-08T13:15:00,938.5594578610214,938.5594578610214,0
2025-12-08T13:30:00,938.5594578610214,938.5594578610214,0
2025-12-08T13:45:00,938.5594578610214,938.5594578610214,0
2025-12-08T14:00:00,938.5594578610214,938.5594578610214,0
2025-12-08T14:15:00,938.5594578610214,938.5594578610214,0
2025-12-08T14:30:00,938.5594578610214,938.5594578610214,0
2025-12-08T14:45:00,938.5594578610214,938.5594578610214,0
2025-12-08T15:00:00,938.5594578610214,938.5594578610214,0
2025-12-08T15:15:00,938.5594578610214,938.5594578610214,0
2025-12-08T15:30:00,938.5594578610214,938.5594578610214,0
2025-12-08T15:45:00,938.5594578610214,938.5594578610214,0
2025-12-08T16:00:00,938.5594578610214,938.5594578610214,0
2025-12-08T16:15:00,938.5594578610214,938.5594578610214,0
2025-12-08T16:30:00,938.5594578610214,938.5594578610214,0
2025-12-08T16:45:00,938.5594578610214,938.5594578610214,0
2025-12-08T17:00:00,938.5594578610214,938.5594578610214,0
2025-12-08T17:15:00,938.5594578610214,938.5594578610214,0
2025-12-08T17:30:00,938.5594578610214,938.5594578610214,0
2025-12-08T17:45:00,938.5594578610214,938.5594578610214,0
2025-12-08T18:00:00,938.5594578610214,938.5594578610214,0
2025-12-08T18:15:00,938.5594578610214,938.5594578610214,0
2025-12-08T18:30:00,938.5594578610214,938.5594578610214,0
2025-12-08T18:45:00,938.5594578610214,938.5594578610214,0
2025-12-08T19:00:00,938.5594578610214,938.5594578610214,0
2025-12-08T19:15:00,938.5594578610214,938.5594578610214,0
2025-12-08T19:30:00,938.5594578610214,938.5594578610214,0
2025-12-08T19:45:00,938.5594578610214,938.5594578610214,0
2025-12-08T20:00:00,938.5594578610214,938.5594578610214,0
2025-12-08T20:15:00,938.5594578610214,938.5594578610214,0
2025-12-08T20:30:00,938.5594578610214,938.5594578610214,0
2025-12-08T20:45:00,938.5594578610214,938.5594578610214,0
2025-12-08T21:00:00,938.5594578610214,938.5594578610214,0
2025-12-08T21:15:00,938.5594578610214,938.5594578610214,0
2025-12-08T21:30:00,938.5594578610214,938.5594578610214,0
2025-12-08T21:45:00,938.5594578610214,938.5594578610214,0
2025-12-08T22:00:00,938.5594578610214,938.5594578610214,0
2025-12-08T22:15:00,938.5594578610214,938.5594578610214,0
2025-12-08T22:30:00,938.5594578610214,938.5594578610214,0
2025-12-08T22:45:00,938.5594578610214,938.5594578610214,0
2025-12-08T23:00:00,938.5594578610214,938.5594578610214,0
2025-12-08T23:15:00,938.5594578610214,938.5594578610214,0
2025-12-08T23:30:00,938.5594578610214,938.5594578610214,0
2025-12-08T23:45:00,938.5594578610214,938.5594578610214,0
2025-12-09T00:00:00,938.5594578610214,938.5594578610214,0
2025-12-09T00:15:00,938.5594578610214,938.5594578610214,0
2025-12-09T00:30:00,938.5594578610214,938.5594578610214,0
2025-12-09T00:45:00,938.5594578610214,938.5594578610214,0
2025-12-09T01:00:00,938.5594578610214,938.5594578610214,0
2025-12-09T01:15:00,938.5594578610214,938.5594578610214,0
2025-12-09T01:30:00,938.5594578610214,938.5594578610214,0
2025-12-09T01:45:00,938.5594578610214,938.5594578610214,0
2025-12-09T02:00:00,938.5594578610214,938.5594578610214,0
2025-12-09T02:15:00,938.5594578610214,938.5594578610214,0
2025-12-09T02:30:00,938.5594578610214,938.5594578610214,0
2025-12-09T02:45:00,938.5594578610214,938.5594578610214,0
2025-12-09T03:00:00,938.5594578610214,938.5594578610214,0
2025-12-09T03:15:00,938.5594578610214,938.5594578610214,0
2025-12-09T03:30:00,938.5594578610214,938.5594578610214,0
2025-12-09T03:45:00,938.5594578610214,938.5594578610214,0
2025-12-09T04:00:00,938.5594578610214,938.5594578610214,0
2025-12-09T04:15:00,938.5594578610214,938.5594578610214,0
2025-12-09T04:30:00,938.5594578610214,938.5594578610214,0
2025-12-09T04:45:00,938.5594578610214,938.5594578610214,0
2025-12-09T05:00:00,938.5594578610214,938.5594578610214,0
2025-12-09T05:15:00,938.5594578610214,938.5594578610214,0
2025-12-09T05:30:00,938.5594578610214,938.5594578610214,0
2025-12-09T05:45:00,938.5594578610214,938.5594578610214,0
2025-12-09T06:00:00,938.5594578610214,938.5594578610214,0
2025-12-09T06:15:00,938.5594578610214,938.5594578610214,0
2025-12-09T06:30:00,938.5594578610214,938.5594578610214,0
2025-12-09T06:45:00,938.5594578610214,938.5594578610214,0
2025-12-09T07:00:00,938.5594578610214,938.5594578610214,0
2025-12-09T07:15:00,938.5594578610214,938.5594578610214,0
2025-12-09T07:30:00,938.5594578610214,938.5594578610214,0
2025-12-09T07:45:00,938.5594578610214,938.5594578610214,0
2025-12-09T08:00:00,938.5594578610214,938.5594578610214,0
2025-12-09T08:15:00,938.5594578610214,938.5594578610214,0
2025-12-09T08:30:00,938.5594578610214,938.5594578610214,0
2025-12-09T08:45:00,938.5594578610214,938.5594578610214,0
2025-12-09T09:00:00,938.5594578610214,938.5594578610214,0
2025-12-09T09:15:00,938.5594578610214,938.5594578610214,0
2025-12-09T09:30:00,938.5594578610214,938.5594578610214,0
2025-12-09T09:45:00,938.5594578610214,938.5594578610214,0
2025-12-09T10:00:00,938.5594578610214,938.5594578610214,0
2025-12-09T10:15:00,938.5594578610214,938.5594578610214,0
2025-12-09T10:30:00,938.5594578610214,938.5594578610214,0
2025-12-09T10:45:00,938.5594578610214,938.5594578610214,0
2025-12-09T11:00:00,938.5594578610214,938.5594578610214,0
2025-12-09T11:15:00,938.5594578610214,938.5594578610214,0
2025-12-09T11:30:00,938.5594578610214,938.5594578610214,0
2025-12-09T11:45:00,938.5594578610214,938.5594578610214,0
2025-12-09T12:00:00,938.5594578610214,938.5594578610214,0
2025-12-09T12:15:00,938.5594578610214,938.5594578610214,0
2025-12-09T12:30:00,938.5594578610214,938.5594578610214,0
2025-12-09T12:45:00,938.5594578610214,938.5594578610214,0
2025-12-09T13:00:00,938.5594578610214,938.5594578610214,0
2025-12-09T13:15:00,938.5594578610214,938.5594578610214,0
2025-12-09T13:30:00,938.5594578610214,938.5594578610214,0
2025-12-09T13:45:00,938.5594578610214,938.5594578610214,0
2025-12-09T14:00:00,938.5594578610214,938.5594578610214,0
2025-12-09T14:15:00,938.5594578610214,938.5594578610214,0
2025-12-09T14:30:00,938.5594578610214,938.5594578610214,0
2025-12-09T14:45:00,938.5594578610214,938.5594578610214,0
2025-12-09T15:00:00,938.5594578610214,938.5594578610214,0
2025-12-09T15:15:00,938.5594578610214,938.5594578610214,0
2025-12-09T15:30:00,938.5594578610214,938.5594578610214,0
2025-12-09T15:45:00,938.5594578610214,938.5594578610214,0
2025-12-09T16:00:00,938.5594578610214,938.5594578610214,0
2025-12-09T16:15:00,938.5594578610214,938.5594578610214,0
2025-12-09T16:30:00,938.5594578610214,938.5594578610214,0
2025-12-09T16:45:00,938.5594578610214,938.5594578610214,0
2025-12-09T17:00:00,937.5620114115536,806.9508964419175,1
2025-12-09T17:15:00,934.9684835012856,806.9508964419175,1
2025-12-09T17:30:00,935.1913317353072,806.9508964419175,1
2025-12-09T17:45:00,935.8616030795253,806.9508964419175,1
2025-12-09T18:00:00,936.0872919183794,806.9508964419175,1
2025-12-09T18:15:00,936.9924422935569,806.9508964419175,1
2025-12-09T18:30:00,935.737062051964,806.9508964419175,1
2025-12-09T18:45:00,935.8754719148842,806.9508964419175,1
2025-12-09T19:00:00,935.5168404864206,935.5168404864206,0
2025-12-09T19:15:00,935.5168404864206,935.5168404864206,0
2025-12-09T19:30:00,935.5168404864206,935.5168404864206,0
2025-12-09T19:45:00,935.5168404864206,935.5168404864206,0
2025-12-09T20:00:00,935.5168404864206,935.5168404864206,0
2025-12-09T20:15:00,935.5168404864206,935.5168404864206,0
2025-12-09T20:30:00,935.5168404864206,935.5168404864206,0
2025-12-09T20:45:00,935.5168404864206,935.5168404864206,0
2025-12-09T21:00:00,935.5168404864206,935.5168404864206,0
2025-12-09T21:15:00,935.5168404864206,935.5168404864206,0
2025-12-09T21:30:00,935.5168404864206,935.5168404864206,0
2025-12-09T21:45:00,935.5168404864206,935.5168404864206,0
2025-12-09T22:00:00,935.5168404864206,935.5168404864206,0
2025-12-09T22:15:00,935.5168404864206,935.5168404864206,0
2025-12-09T22:30:00,935.5168404864206,935.5168404864206,0
2025-12-09T22:45:00,935.5168404864206,935.5168404864206,0
2025-12-09T23:00:00,935.5168404864206,935.5168404864206,0
2025-12-09T23:15:00,935.5168404864206,935.5168404864206,0
2025-12-09T23:30:00,935.5168404864206,935.5168404864206,0
2025-12-09T23:45:00,935.5168404864206,935.5168404864206,0
2025-12-10T00:00:00,935.5168404864206,935.5168404864206,0
2025-12-10T00:15:00,935.5168404864206,935.5168404864206,0
2025-12-10T00:30:00,935.5168404864206,935.5168404864206,0
2025-12-10T00:45:00,935.5168404864206,935.5168404864206,0
2025-12-10T01:00:00,935.5168404864206,935.5168404864206,0
2025-12-10T01:15:00,935.5168404864206,935.5168404864206,0
2025-12-10T01:30:00,935.5168404864206,935.5168404864206,0
2025-12-10T01:45:00,935.5168404864206,935.5168404864206,0
2025-12-10T02:00:00,935.5168404864206,935.5168404864206,0
2025-12-10T02:15:00,935.5168404864206,935.5168404864206,0
2025-12-10T02:30:00,935.5168404864206,935.5168404864206,0
2025-12-10T02:45:00,935.5168404864206,935.5168404864206,0
2025-12-10T03:00:00,935.5168404864206,935.5168404864206,0
2025-12-10T03:15:00,935.5168404864206,935.5168404864206,0
2025-12-10T03:30:00,935.5168404864206,935.5168404864206,0
2025-12-10T03:45:00,935.5168404864206,935.5168404864206,0
2025-12-10T04:00:00,935.5168404864206,935.5168404864206,0
2025-12-10T04:15:00,935.5168404864206,935.5168404864206,0
2025-12-10T04:30:00,935.5168404864206,935.5168404864206,0
2025-12-10T04:45:00,935.5168404864206,935.5168404864206,0
2025-12-10T05:00:00,935.5168404864206,935.5168404864206,0
2025-12-10T05:15:00,935.5168404864206,935.5168404864206,0
2025-12-10T05:30:00,935.5168404864206,935.5168404864206,0
2025-12-10T05:45:00,935.5168404864206,935.5168404864206,0
2025-12-10T06:00:00,935.5168404864206,935.5168404864206,0
2025-12-10T06:15:00,935.5168404864206,935.5168404864206,0
2025-12-10T06:30:00,935.5168404864206,935.5168404864206,0
2025-12-10T06:45:00,935.5168404864206,935.5168404864206,0
2025-12-10T07:00:00,935.5168404864206,935.5168404864206,0
2025-12-10T07:15:00,935.5168404864206,935.5168404864206,0
2025-12-10T07:30:00,935.5168404864206,935.5168404864206,0
2025-12-10T07:45:00,935.5168404864206,935.5168404864206,0
2025-12-10T08:00:00,935.5168404864206,935.5168404864206,0
2025-12-10T08:15:00,935.5168404864206,935.5168404864206,0
2025-12-10T08:30:00,935.5168404864206,935.5168404864206,0
2025-12-10T08:45:00,935.5168404864206,935.5168404864206,0
2025-12-10T09:00:00,935.5168404864206,935.5168404864206,0
2025-12-10T09:15:00,935.5168404864206,935.5168404864206,0
2025-12-10T09:30:00,935.5168404864206,935.5168404864206,0
2025-12-10T09:45:00,935.5168404864206,935.5168404864206,0
2025-12-10T10:00:00,935.5168404864206,935.5168404864206,0
2025-12-10T10:15:00,935.5168404864206,935.5168404864206,0
2025-12-10T10:30:00,935.5168404864206,935.5168404864206,0
2025-12-10T10:45:00,935.5168404864206,935.5168404864206,0
2025-12-10T11:00:00,935.5168404864206,935.5168404864206,0
2025-12-10T11:15:00,935.5168404864206,935.5168404864206,0
2025-12-10T11:30:00,935.5168404864206,935.5168404864206,0
2025-12-10T11:45:00,935.5168404864206,935.5168404864206,0
2025-12-10T12:00:00,935.5168404864206,935.5168404864206,0
2025-12-10T12:15:00,935.5168404864206,935.5168404864206,0
2025-12-10T12:30:00,935.5168404864206,935.5168404864206,0
2025-12-10T12:45:00,935.5168404864206,935.5168404864206,0
2025-12-10T13:00:00,935.5168404864206,935.5168404864206,0
2025-12-10T13:15:00,935.5168404864206,935.5168404864206,0
2025-12-10T13:30:00,935.5168404864206,935.5168404864206,0
2025-12-10T13:45:00,935.5168404864206,935.5168404864206,0
2025-12-10T14:00:00,935.5168404864206,935.5168404864206,0
2025-12-10T14:15:00,935.5168404864206,935.5168404864206,0
2025-12-10T14:30:00,935.5168404864206,935.5168404864206,0
2025-12-10T14:45:00,935.5168404864206,935.5168404864206,0
2025-12-10T15:00:00,935.5168404864206,935.5168404864206,0
2025-12-10T15:15:00,935.5168404864206,935.5168404864206,0
2025-12-10T15:30:00,935.5168404864206,935.5168404864206,0
2025-12-10T15:45:00,935.5168404864206,935.5168404864206,0
2025-12-10T16:00:00,935.5168404864206,935.5168404864206,0
2025-12-10T16:15:00,935.5168404864206,935.5168404864206,0
2025-12-10T16:30:00,935.5168404864206,935.5168404864206,0
2025-12-10T16:45:00,935.5168404864206,935.5168404864206,0
2025-12-10T17:00:00,935.5168404864206,935.5168404864206,0
2025-12-10T17:15:00,934.5226275538835,804.3349270460527,1
2025-12-10T17:30:00,934.7120570058528,804.3349270460527,1
2025-12-10T17:45:00,934.7508745165022,804.3349270460527,1
2025-12-10T18:00:00,934.4620722372703,804.3349270460527,1
2025-12-10T18:15:00,935.1204172178851,804.3349270460527,1
2025-12-10T18:30:00,938.3950624162736,804.3349270460527,1
2025-12-10T18:45:00,936.4728192889123,804.3349270460527,1
2025-12-10T19:00:00,939.1683072284109,804.3349270460527,1
2025-12-10T19:15:00,935.6265975567541,804.3349270460527,1
2025-12-10T19:30:00,934.1499794516486,804.3349270460527,1
2025-12-10T19:45:00,937.8935401786825,804.3349270460527,1
2025-12-10T20:00:00,945.7921272456347,804.3349270460527,1
2025-12-10T20:15:00,939.5145594234041,804.3349270460527,1
2025-12-10T20:30:00,939.0549600973144,804.3349270460527,1
2025-12-10T20:45:00,931.999210279294,931.999210279294,0
2025-12-10T21:00:00,931.999210279294,931.999210279294,0
2025-12-10T21:15:00,931.999210279294,931.999210279294,0
2025-12-10T21:30:00,931.999210279294,931.999210279294,0
2025-12-10T21:45:00,931.999210279294,931.999210279294,0
2025-12-10T22:00:00,931.999210279294,931.999210279294,0
2025-12-10T22:15:00,931.999210279294,931.999210279294,0
2025-12-10T22:30:00,931.999210279294,931.999210279294,0
2025-12-10T22:45:00,931.999210279294,931.999210279294,0
2025-12-10T23:00:00,931.999210279294,931.999210279294,0
2025-12-10T23:15:00,931.999210279294,931.999210279294,0
2025-12-10T23:30:00,931.999210279294,931.999210279294,0
2025-12-10T23:45:00,931.999210279294,931.999210279294,0
2025-12-11T00:00:00,931.999210279294,931.999210279294,0
2025-12-11T00:15:00,931.999210279294,931.999210279294,0
2025-12-11T00:30:00,931.999210279294,931.999210279294,0
2025-12-11T00:45:00,931.999210279294,931.999210279294,0
2025-12-11T01:00:00,931.999210279294,931.999210279294,0
2025-12-11T01:15:00,931.999210279294,931.999210279294,0
2025-12-11T01:30:00,931.999210279294,931.999210279294,0
2025-12-11T01:45:00,931.999210279294,931.999210279294,0
2025-12-11T02:00:00,931.999210279294,931.999210279294,0
2025-12-11T02:15:00,931.999210279294,931.999210279294,0
2025-12-11T02:30:00,931.999210279294,931.999210279294,0
2025-12-11T02:45:00,931.999210279294,931.999210279294,0
2025-12-11T03:00:00,931.999210279294,931.999210279294,0
2025-12-11T03:15:00,931.999210279294,931.999210279294,0
2025-12-11T03:30:00,931.999210279294,931.999210279294,0
2025-12-11T03:45:00,931.999210279294,931.999210279294,0
2025-12-11T04:00:00,931.999210279294,931.999210279294,0
2025-12-11T04:15:00,931.999210279294,931.999210279294,0
2025-12-11T04:30:00,931.999210279294,931.999210279294,0
2025-12-11T04:45:00,931.999210279294,931.999210279294,0
2025-12-11T05:00:00,931.999210279294,931.999210279294,0
2025-12-11T05:15:00,931.999210279294,931.999210279294,0
2025-12-11T05:30:00,931.999210279294,931.999210279294,0
2025-12-11T05:45:00,931.999210279294,931.999210279294,0
2025-12-11T06:00:00,931.999210279294,931.999210279294,0
2025-12-11T06:15:00,931.999210279294,931.999210279294,0
2025-12-11T06:30:00,931.999210279294,931.999210279294,0
2025-12-11T06:45:00,931.999210279294,931.999210279294,0
2025-12-11T07:00:00,931.999210279294,931.999210279294,0
2025-12-11T07:15:00,931.999210279294,931.999210279294,0
2025-12-11T07:30:00,931.999210279294,931.999210279294,0
2025-12-11T07:45:00,931.999210279294,931.999210279294,0
2025-12-11T08:00:00,931.999210279294,931.999210279294,0
2025-12-11T08:15:00,931.999210279294,931.999210279294,0
2025-12-11T08:30:00,931.999210279294,931.999210279294,0
2025-12-11T08:45:00,931.999210279294,931.999210279294,0
2025-12-11T09:00:00,931.999210279294,931.999210279294,0
2025-12-11T09:15:00,931.999210279294,931.999210279294,0
2025-12-11T09:30:00,931.999210279294,931.999210279294,0
2025-12-11T09:45:00,931.999210279294,931.999210279294,0
2025-12-11T10:00:00,931.999210279294,931.999210279294,0
2025-12-11T10:15:00,931.999210279294,931.999210279294,0
2025-12-11T10:30:00,931.999210279294,931.999210279294,0
2025-12-11T10:45:00,931.999210279294,931.999210279294,0
2025-12-11T11:00:00,931.999210279294,931.999210279294,0
2025-12-11T11:15:00,931.999210279294,931.999210279294,0
2025-12-11T11:30:00,931.999210279294,931.999210279294,0
2025-12-11T11:45:00,931.999210279294,931.999210279294,0
2025-12-11T12:00:00,931.999210279294,931.999210279294,0
2025-12-11T12:15:00,931.999210279294,931.999210279294,0
2025-12-11T12:30:00,931.999210279294,931.999210279294,0
2025-12-11T12:45:00,931.999210279294,931.999210279294,0
2025-12-11T13:00:00,931.999210279294,931.999210279294,0
2025-12-11T13:15:00,931.999210279294,931.999210279294,0
2025-12-11T13:30:00,931.999210279294,931.999210279294,0
2025-12-11T13:45:00,931.999210279294,931.999210279294,0
2025-12-11T14:00:00,931.999210279294,931.999210279294,0
2025-12-11T14:15:00,931.999210279294,931.999210279294,0
2025-12-11T14:30:00,931.999210279294,931.999210279294,0
2025-12-11T14:45:00,931.999210279294,931.999210279294,0
2025-12-11T15:00:00,931.999210279294,931.999210279294,0
2025-12-11T15:15:00,931.999210279294,931.999210279294,0
2025-12-11T15:30:00,931.999210279294,931.999210279294,0
2025-12-11T15:45:00,931.999210279294,931.999210279294,0
2025-12-11T16:00:00,931.999210279294,931.999210279294,0
2025-12-11T16:15:00,931.999210279294,931.999210279294,0
2025-12-11T16:30:00,931.999210279294,931.999210279294,0
2025-12-11T16:45:00,931.999210279294,931.999210279294,0
2025-12-11T17:00:00,931.999210279294,931.999210279294,0
2025-12-11T17:15:00,931.999210279294,931.999210279294,0
2025-12-11T17:30:00,931.999210279294,931.999210279294,0
2025-12-11T17:45:00,931.999210279294,931.999210279294,0
2025-12-11T18:00:00,931.999210279294,931.999210279294,0
2025-12-11T18:15:00,931.999210279294,931.999210279294,0
2025-12-11T18:30:00,931.999210279294,931.999210279294,0
2025-12-11T18:45:00,931.999210279294,931.999210279294,0
2025-12-11T19:00:00,931.999210279294,931.999210279294,0
2025-12-11T19:15:00,931.999210279294,931.999210279294,0
2025-12-11T19:30:00,931.999210279294,931.999210279294,0
2025-12-11T19:45:00,931.999210279294,931.999210279294,0
2025-12-11T20:00:00,931.999210279294,931.999210279294,0
2025-12-11T20:15:00,931.999210279294,931.999210279294,0
2025-12-11T20:30:00,931.999210279294,931.999210279294,0
2025-12-11T20:45:00,931.999210279294,931.999210279294,0
2025-12-11T21:00:00,931.999210279294,931.999210279294,0
2025-12-11T21:15:00,931.999210279294,931.999210279294,0
2025-12-11T21:30:00,931.999210279294,931.999210279294,0
2025-12-11T21:45:00,931.999210279294,931.999210279294,0
2025-12-11T22:00:00,931.999210279294,931.999210279294,0
2025-12-11T22:15:00,931.999210279294,931.999210279294,0
2025-12-11T22:30:00,931.999210279294,931.999210279294,0
2025-12-11T22:45:00,931.999210279294,931.999210279294,0
2025-12-11T23:00:00,931.999210279294,931.999210279294,0
2025-12-11T23:15:00,931.999210279294,931.999210279294,0
2025-12-11T23:30:00,931.999210279294,931.999210279294,0
2025-12-11T23:45:00,931.999210279294,931.999210279294,0
2025-12-12T00:00:00,931.999210279294,931.999210279294,0
2025-12-12T00:15:00,931.999210279294,931.999210279294,0
2025-12-12T00:30:00,931.999210279294,931.999210279294,0
2025-12-12T00:45:00,931.999210279294,931.999210279294,0
2025-12-12T01:00:00,931.999210279294,931.999210279294,0
2025-12-12T01:15:00,931.999210279294,931.999210279294,0
2025-12-12T01:30:00,931.999210279294,931.999210279294,0
2025-12-12T01:45:00,931.999210279294,931.999210279294,0
2025-12-12T02:00:00,931.999210279294,931.999210279294,0
2025-12-12T02:15:00,931.999210279294,931.999210279294,0
2025-12-12T02:30:00,931.999210279294,931.999210279294,0
2025-12-12T02:45:00,931.999210279294,931.999210279294,0
2025-12-12T03:00:00,931.999210279294,931.999210279294,0
2025-12-12T03:15:00,931.999210279294,931.999210279294,0
2025-12-12T03:30:00,931.999210279294,931.999210279294,0
2025-12-12T03:45:00,931.999210279294,931.999210279294,0
2025-12-12T04:00:00,931.999210279294,931.999210279294,0
2025-12-12T04:15:00,931.999210279294,931.999210279294,0
2025-12-12T04:30:00,931.999210279294,931.999210279294,0
2025-12-12T04:45:00,931.999210279294,931.999210279294,0
2025-12-12T05:00:00,931.999210279294,931.999210279294,0
2025-12-12T05:15:00,931.999210279294,931.999210279294,0
2025-12-12T05:30:00,931.999210279294,931.999210279294,0
2025-12-12T05:45:00,931.999210279294,931.999210279294,0
2025-12-12T06:00:00,931.999210279294,931.999210279294,0
2025-12-12T06:15:00,931.999210279294,931.999210279294,0
2025-12-12T06:30:00,931.999210279294,931.999210279294,0
2025-12-12T06:45:00,931.999210279294,931.999210279294,0
2025-12-12T07:00:00,931.999210279294,931.999210279294,0
2025-12-12T07:15:00,931.999210279294,931.999210279294,0
2025-12-12T07:30:00,931.999210279294,931.999210279294,0
2025-12-12T07:45:00,931.999210279294,931.999210279294,0
2025-12-12T08:00:00,931.999210279294,931.999210279294,0
2025-12-12T08:15:00,931.999210279294,931.999210279294,0
2025-12-12T08:30:00,931.999210279294,931.999210279294,0
2025-12-12T08:45:00,931.999210279294,931.999210279294,0
2025-12-12T09:00:00,931.999210279294,931.999210279294,0
2025-12-12T09:15:00,931.999210279294,931.999210279294,0
2025-12-12T09:30:00,931.999210279294,931.999210279294,0
2025-12-12T09:45:00,931.999210279294,931.999210279294,0
2025-12-12T10:00:00,931.999210279294,931.999210279294,0
2025-12-12T10:15:00,931.999210279294,931.999210279294,0
2025-12-12T10:30:00,931.999210279294,931.999210279294,0
2025-12-12T10:45:00,931.999210279294,931.999210279294,0
2025-12-12T11:00:00,931.999210279294,931.999210279294,0
2025-12-12T11:15:00,931.999210279294,931.999210279294,0
2025-12-12T11:30:00,931.999210279294,931.999210279294,0
2025-12-12T11:45:00,931.999210279294,931.999210279294,0
2025-12-12T12:00:00,931.999210279294,931.999210279294,0
2025-12-12T12:15:00,931.999210279294,931.999210279294,0
2025-12-12T12:30:00,931.999210279294,931.999210279294,0
2025-12-12T12:45:00,931.999210279294,931.999210279294,0
2025-12-12T13:00:00,931.999210279294,931.999210279294,0
2025-12-12T13:15:00,931.999210279294,931.999210279294,0
2025-12-12T13:30:00,931.999210279294,931.999210279294,0
2025-12-12T13:45:00,931.999210279294,931.999210279294,0
2025-12-12T14:00:00,931.999210279294,931.999210279294,0
2025-12-12T14:15:00,931.999210279294,931.999210279294,0
2025-12-12T14:30:00,931.999210279294,931.999210279294,0
2025-12-12T14:45:00,931.999210279294,931.999210279294,0
2025-12-12T15:00:00,931.999210279294,931.999210279294,0
2025-12-12T15:15:00,931.999210279294,931.999210279294,0
2025-12-12T15:30:00,931.999210279294,931.999210279294,0
2025-12-12T15:45:00,931.999210279294,931.999210279294,0
2025-12-12T16:00:00,931.999210279294,931.999210279294,0
2025-12-12T16:15:00,931.999210279294,931.999210279294,0
2025-12-12T16:30:00,931.999210279294,931.999210279294,0
2025-12-12T16:45:00,931.999210279294,931.999210279294,0
2025-12-12T17:00:00,931.999210279294,931.999210279294,0
2025-12-12T17:15:00,931.999210279294,931.999210279294,0
2025-12-12T17:30:00,931.999210279294,931.999210279294,0
2025-12-12T17:45:00,931.999210279294,931.999210279294,0
2025-12-12T18:00:00,931.999210279294,931.999210279294,0
2025-12-12T18:15:00,931.999210279294,931.999210279294,0
2025-12-12T18:30:00,931.999210279294,931.999210279294,0
2025-12-12T18:45:00,931.999210279294,931.999210279294,0
2025-12-12T19:00:00,931.999210279294,931.999210279294,0
2025-12-12T19:15:00,931.999210279294,931.999210279294,0
2025-12-12T19:30:00,931.999210279294,931.999210279294,0
2025-12-12T19:45:00,931.999210279294,931.999210279294,0
2025-12-12T20:00:00,931.999210279294,931.999210279294,0
2025-12-12T20:15:00,931.999210279294,931.999210279294,0
2025-12-12T20:30:00,931.999210279294,931.999210279294,0
2025-12-12T20:45:00,931.999210279294,931.999210279294,0
2025-12-12T21:00:00,931.999210279294,931.999210279294,0
2025-12-12T21:15:00,931.999210279294,931.999210279294,0
2025-12-12T21:30:00,931.999210279294,931.999210279294,0
2025-12-12T21:45:00,931.999210279294,931.999210279294,0
2025-12-12T22:00:00,931.999210279294,931.999210279294,0
2025-12-12T22:15:00,931.999210279294,931.999210279294,0
2025-12-12T22:30:00,931.999210279294,931.999210279294,0
2025-12-12T22:45:00,931.999210279294,931.999210279294,0
2025-12-12T23:00:00,931.999210279294,931.999210279294,0
2025-12-12T23:15:00,931.999210279294,931.999210279294,0
2025-12-12T23:30:00,931.999210279294,931.999210279294,0
2025-12-12T23:45:00,931.999210279294,931.999210279294,0
2025-12-13T00:00:00,931.999210279294,931.999210279294,0
2025-12-13T00:15:00,931.999210279294,931.999210279294,0
2025-12-13T00:30:00,931.999210279294,931.999210279294,0
2025-12-13T00:45:00,931.999210279294,931.999210279294,0
2025-12-13T01:00:00,931.999210279294,931.999210279294,0
2025-12-13T01:15:00,931.999210279294,931.999210279294,0
2025-12-13T01:30:00,931.999210279294,931.999210279294,0
2025-12-13T01:45:00,931.999210279294,931.999210279294,0
2025-12-13T02:00:00,931.999210279294,931.999210279294,0
2025-12-13T02:15:00,931.999210279294,931.999210279294,0
2025-12-13T02:30:00,931.999210279294,931.999210279294,0
2025-12-13T02:45:00,931.999210279294,931.999210279294,0
2025-12-13T03:00:00,931.999210279294,931.999210279294,0
2025-12-13T03:15:00,931.999210279294,931.999210279294,0
2025-12-13T03:30:00,931.999210279294,931.999210279294,0
2025-12-13T03:45:00,931.999210279294,931.999210279294,0
2025-12-13T04:00:00,931.999210279294,931.999210279294,0
2025-12-13T04:15:00,931.999210279294,931.999210279294,0
2025-12-13T04:30:00,931.999210279294,931.999210279294,0
2025-12-13T04:45:00,931.999210279294,931.999210279294,0
2025-12-13T05:00:00,931.999210279294,931.999210279294,0
2025-12-13T05:15:00,931.999210279294,931.999210279294,0
2025-12-13T05:30:00,931.999210279294,931.999210279294,0
2025-12-13T05:45:00,931.999210279294,931.999210279294,0
2025-12-13T06:00:00,931.999210279294,931.999210279294,0
2025-12-13T06:15:00,931.999210279294,931.999210279294,0
2025-12-13T06:30:00,931.999210279294,931.999210279294,0
2025-12-13T06:45:00,931.999210279294,931.999210279294,0
2025-12-13T07:00:00,931.999210279294,931.999210279294,0
2025-12-13T07:15:00,931.999210279294,931.999210279294,0
2025-12-13T07:30:00,931.999210279294,931.999210279294,0
2025-12-13T07:45:00,931.999210279294,931.999210279294,0
2025-12-13T08:00:00,931.999210279294,931.999210279294,0
2025-12-13T08:15:00,931.999210279294,931.999210279294,0
2025-12-13T08:30:00,931.999210279294,931.999210279294,0
2025-12-13T08:45:00,931.999210279294,931.999210279294,0
2025-12-13T09:00:00,931.999210279294,931.999210279294,0
2025-12-13T09:15:00,931.999210279294,931.999210279294,0
2025-12-13T09:30:00,931.999210279294,931.999210279294,0
2025-12-13T09:45:00,931.999210279294,931.999210279294,0
2025-12-13T10:00:00,931.999210279294,931.999210279294,0
2025-12-13T10:15:00,931.999210279294,931.999210279294,0
2025-12-13T10:30:00,931.999210279294,931.999210279294,0
2025-12-13T10:45:00,931.999210279294,931.999210279294,0
2025-12-13T11:00:00,931.999210279294,931.999210279294,0
2025-12-13T11:15:00,931.999210279294,931.999210279294,0
2025-12-13T11:30:00,931.999210279294,931.999210279294,0
2025-12-13T11:45:00,931.999210279294,931.999210279294,0
2025-12-13T12:00:00,931.999210279294,931.999210279294,0
2025-12-13T12:15:00,931.999210279294,931.999210279294,0
2025-12-13T12:30:00,931.0063870364272,801.3105530170902,1
2025-12-13T12:45:00,930.7398107986869,801.3105530170902,1
2025-12-13T13:00:00,930.7779592765742,801.3105530170902,1
2025-12-13T13:15:00,931.3827197446899,801.3105530170902,1
2025-12-13T13:30:00,931.344455489935,801.3105530170902,1
2025-12-13T13:45:00,931.290792911784,801.3105530170902,1
2025-12-13T14:00:00,931.0444197374469,801.3105530170902,1
2025-12-13T14:15:00,932.9391660648038,801.3105530170902,1
2025-12-13T14:30:00,931.7371127365349,801.3105530170902,1
2025-12-13T14:45:00,932.2527250165682,801.3105530170902,1
2025-12-13T15:00:00,931.8930062888118,801.3105530170902,1
2025-12-13T15:15:00,931.9150038936633,801.3105530170902,1
2025-12-13T15:30:00,932.1202762799884,801.3105530170902,1
2025-12-13T15:45:00,932.1805960280286,801.3105530170902,1
2025-12-13T16:00:00,931.6276457081817,801.3105530170902,1
2025-12-13T16:15:00,932.2901788332497,801.3105530170902,1
2025-12-13T16:30:00,932.4245957765793,801.3105530170902,1
2025-12-13T16:45:00,932.2088455837327,801.3105530170902,1
2025-12-13T17:00:00,932.3011776356753,801.3105530170902,1
2025-12-13T17:15:00,932.6613015824686,801.3105530170902,1
2025-12-13T17:30:00,932.1602771877579,801.3105530170902,1
2025-12-13T17:45:00,931.992256778512,931.992256778512,0
2025-12-13T18:00:00,931.992256778512,931.992256778512,0
2025-12-13T18:15:00,931.992256778512,931.992256778512,0
2025-12-13T18:30:00,931.992256778512,931.992256778512,0
2025-12-13T18:45:00,931.992256778512,931.992256778512,0
2025-12-13T19:00:00,931.992256778512,931.992256778512,0
2025-12-13T19:15:00,931.992256778512,931.992256778512,0
2025-12-13T19:30:00,931.992256778512,931.992256778512,0
2025-12-13T19:45:00,931.992256778512,931.992256778512,0
2025-12-13T20:00:00,931.992256778512,931.992256778512,0
2025-12-13T20:15:00,931.992256778512,931.992256778512,0
2025-12-13T20:30:00,931.992256778512,931.992256778512,0
2025-12-13T20:45:00,931.992256778512,931.992256778512,0
2025-12-13T21:00:00,931.992256778512,931.992256778512,0
2025-12-13T21:15:00,931.992256778512,931.992256778512,0
2025-12-13T21:30:00,931.992256778512,931.992256778512,0
2025-12-13T21:45:00,931.992256778512,931.992256778512,0
2025-12-13T22:00:00,931.992256778512,931.992256778512,0
2025-12-13T22:15:00,931.992256778512,931.992256778512,0
2025-12-13T22:30:00,931.992256778512,931.992256778512,0
2025-12-13T22:45:00,931.992256778512,931.992256778512,0
2025-12-13T23:00:00,931.992256778512,931.992256778512,0
2025-12-13T23:15:00,931.992256778512,931.992256778512,0
2025-12-13T23:30:00,931.992256778512,931.992256778512,0
2025-12-13T23:45:00,931.992256778512,931.992256778512,0
2025-12-14T00:00:00,931.992256778512,931.992256778512,0
2025-12-14T00:15:00,931.992256778512,931.992256778512,0
2025-12-14T00:30:00,931.992256778512,931.992256778512,0
2025-12-14T00:45:00,931.992256778512,931.992256778512,0
2025-12-14T01:00:00,931.992256778512,931.992256778512,0
2025-12-14T01:15:00,931.992256778512,931.992256778512,0
2025-12-14T01:30:00,931.992256778512,931.992256778512,0
2025-12-14T01:45:00,931.992256778512,931.992256778512,0
2025-12-14T02:00:00,931.992256778512,931.992256778512,0
2025-12-14T02:15:00,931.992256778512,931.992256778512,0
2025-12-14T02:30:00,931.992256778512,931.992256778512,0
2025-12-14T02:45:00,931.992256778512,931.992256778512,0
2025-12-14T03:00:00,931.992256778512,931.992256778512,0
2025-12-14T03:15:00,931.992256778512,931.992256778512,0
2025-12-14T03:30:00,931.992256778512,931.992256778512,0
2025-12-14T03:45:00,931.992256778512,931.992256778512,0
2025-12-14T04:00:00,931.992256778512,931.992256778512,0
2025-12-14T04:15:00,931.992256778512,931.992256778512,0
2025-12-14T04:30:00,931.992256778512,931.992256778512,0
2025-12-14T04:45:00,931.992256778512,931.992256778512,0
2025-12-14T05:00:00,931.992256778512,931.992256778512,0
2025-12-14T05:15:00,931.992256778512,931.992256778512,0
2025-12-14T05:30:00,931.992256778512,931.992256778512,0
2025-12-14T05:45:00,931.992256778512,931.992256778512,0
2025-12-14T06:00:00,931.992256778512,931.992256778512,0
2025-12-14T06:15:00,931.992256778512,931.992256778512,0
2025-12-14T06:30:00,931.992256778512,931.992256778512,0
2025-12-14T06:45:00,931.992256778512,931.992256778512,0
2025-12-14T07:00:00,931.992256778512,931.992256778512,0
2025-12-14T07:15:00,931.992256778512,931.992256778512,0
2025-12-14T07:30:00,931.992256778512,931.992256778512,0
2025-12-14T07:45:00,931.992256778512,931.992256778512,0
2025-12-14T08:00:00,931.992256778512,931.992256778512,0
2025-12-14T08:15:00,931.992256778512,931.992256778512,0
2025-12-14T08:30:00,931.992256778512,931.992256778512,0
2025-12-14T08:45:00,931.992256778512,931.992256778512,0
2025-12-14T09:00:00,931.992256778512,931.992256778512,0
2025-12-14T09:15:00,931.992256778512,931.992256778512,0
2025-12-14T09:30:00,931.992256778512,931.992256778512,0
2025-12-14T09:45:00,931.992256778512,931.992256778512,0
2025-12-14T10:00:00,931.992256778512,931.992256778512,0
2025-12-14T10:15:00,931.992256778512,931.992256778512,0
2025-12-14T10:30:00,931.992256778512,931.992256778512,0
2025-12-14T10:45:00,931.992256778512,931.992256778512,0
2025-12-14T11:00:00,931.992256778512,931.992256778512,0
2025-12-14T11:15:00,930.9994409429446,801.3045745640019,1
2025-12-14T11:30:00,934.7201535438113,801.3045745640019,1
2025-12-14T11:45:00,931.9036490225508,801.3045745640019,1
2025-12-14T12:00:00,932.1211027447628,801.3045745640019,1
2025-12-14T12:15:00,931.7782802949489,801.3045745640019,1
2025-12-14T12:30:00,930.5545483786232,801.3045745640019,1
2025-12-14T12:45:00,931.4852666595945,801.3045745640019,1
2025-12-14T13:00:00,932.5817028953556,801.3045745640019,1
2025-12-14T13:15:00,932.368103079069,801.3045745640019,1
2025-12-14T13:30:00,932.3915768697052,801.3045745640019,1
2025-12-14T13:45:00,931.1474659659864,801.3045745640019,1
2025-12-14T14:00:00,931.5396150769066,931.5396150769066,0
2025-12-14T14:15:00,931.5396150769066,931.5396150769066,0
2025-12-14T14:30:00,931.5396150769066,931.5396150769066,0
2025-12-14T14:45:00,931.5396150769066,931.5396150769066,0
2025-12-14T15:00:00,931.5396150769066,931.5396150769066,0
2025-12-14T15:15:00,931.5396150769066,931.5396150769066,0
2025-12-14T15:30:00,931.5396150769066,931.5396150769066,0
2025-12-14T15:45:00,931.5396150769066,931.5396150769066,0
2025-12-14T16:00:00,931.5396150769066,931.5396150769066,0
2025-12-14T16:15:00,931.5396150769066,931.5396150769066,0
2025-12-14T16:30:00,931.5396150769066,931.5396150769066,0
2025-12-14T16:45:00,931.5396150769066,931.5396150769066,0
2025-12-14T17:00:00,931.5396150769066,931.5396150769066,0
2025-12-14T17:15:00,931.5396150769066,931.5396150769066,0
2025-12-14T17:30:00,931.5396150769066,931.5396150769066,0
2025-12-14T17:45:00,931.5396150769066,931.5396150769066,0
2025-12-14T18:00:00,931.5396150769066,931.5396150769066,0
2025-12-14T18:15:00,931.5396150769066,931.5396150769066,0
2025-12-14T18:30:00,931.5396150769066,931.5396150769066,0
2025-12-14T18:45:00,931.5396150769066,931.5396150769066,0
2025-12-14T19:00:00,931.5396150769066,931.5396150769066,0
2025-12-14T19:15:00,931.5396150769066,931.5396150769066,0
2025-12-14T19:30:00,931.5396150769066,931.5396150769066,0
2025-12-14T19:45:00,931.5396150769066,931.5396150769066,0
2025-12-14T20:00:00,931.5396150769066,931.5396150769066,0
2025-12-14T20:15:00,931.5396150769066,931.5396150769066,0
2025-12-14T20:30:00,931.5396150769066,931.5396150769066,0
2025-12-14T20:45:00,931.5396150769066,931.5396150769066,0
2025-12-14T21:00:00,931.5396150769066,931.5396150769066,0
2025-12-14T21:15:00,931.5396150769066,931.5396150769066,0
2025-12-14T21:30:00,931.5396150769066,931.5396150769066,0
2025-12-14T21:45:00,931.5396150769066,931.5396150769066,0
2025-12-14T22:00:00,931.5396150769066,931.5396150769066,0
2025-12-14T22:15:00,931.5396150769066,931.5396150769066,0
2025-12-14T22:30:00,931.5396150769066,931.5396150769066,0
2025-12-14T22:45:00,931.5396150769066,931.5396150769066,0
2025-12-14T23:00:00,930.5472814232951,800.9154040923625,1
2025-12-14T23:15:00,930.7413464791003,800.9154040923625,1
2025-12-14T23:30:00,930.6701517169583,800.9154040923625,1
2025-12-14T23:45:00,929.8767454218545,800.9154040923625,1
2025-12-15T00:00:00,929.9256918208271,800.9154040923625,1
2025-12-15T00:15:00,927.2640304976442,927.2640304976442,0
2025-12-15T00:30:00,927.2640304976442,927.2640304976442,0
2025-12-15T00:45:00,927.2640304976442,927.2640304976442,0
2025-12-15T01:00:00,927.2640304976442,927.2640304976442,0
2025-12-15T01:15:00,927.2640304976442,927.2640304976442,0
2025-12-15T01:30:00,927.2640304976442,927.2640304976442,0
2025-12-15T01:45:00,927.2640304976442,927.2640304976442,0
2025-12-15T02:00:00,927.2640304976442,927.2640304976442,0
2025-12-15T02:15:00,927.2640304976442,927.2640304976442,0
2025-12-15T02:30:00,927.2640304976442,927.2640304976442,0
2025-12-15T02:45:00,927.2640304976442,927.2640304976442,0
2025-12-15T03:00:00,927.2640304976442,927.2640304976442,0
2025-12-15T03:15:00,927.2640304976442,927.2640304976442,0
2025-12-15T03:30:00,927.2640304976442,927.2640304976442,0
2025-12-15T03:45:00,927.2640304976442,927.2640304976442,0
2025-12-15T04:00:00,927.2640304976442,927.2640304976442,0
2025-12-15T04:15:00,927.2640304976442,927.2640304976442,0
2025-12-15T04:30:00,927.2640304976442,927.2640304976442,0
2025-12-15T04:45:00,927.2640304976442,927.2640304976442,0
2025-12-15T05:00:00,927.2640304976442,927.2640304976442,0
2025-12-15T05:15:00,927.2640304976442,927.2640304976442,0
2025-12-15T05:30:00,927.2640304976442,927.2640304976442,0
2025-12-15T05:45:00,927.2640304976442,927.2640304976442,0
2025-12-15T06:00:00,927.2640304976442,927.2640304976442,0
2025-12-15T06:15:00,927.2640304976442,927.2640304976442,0
2025-12-15T06:30:00,927.2640304976442,927.2640304976442,0
2025-12-15T06:45:00,927.2640304976442,927.2640304976442,0
2025-12-15T07:00:00,927.2640304976442,927.2640304976442,0
2025-12-15T07:15:00,927.2640304976442,927.2640304976442,0
2025-12-15T07:30:00,927.2640304976442,927.2640304976442,0
2025-12-15T07:45:00,927.2640304976442,927.2640304976442,0
2025-12-15T08:00:00,927.2640304976442,927.2640304976442,0
2025-12-15T08:15:00,927.2640304976442,927.2640304976442,0
2025-12-15T08:30:00,927.2640304976442,927.2640304976442,0
2025-12-15T08:45:00,927.2640304976442,927.2640304976442,0
2025-12-15T09:00:00,927.2640304976442,927.2640304976442,0
2025-12-15T09:15:00,927.2640304976442,927.2640304976442,0
2025-12-15T09:30:00,927.2640304976442,927.2640304976442,0
2025-12-15T09:45:00,927.2640304976442,927.2640304976442,0
2025-12-15T10:00:00,927.2640304976442,927.2640304976442,0
2025-12-15T10:15:00,927.2640304976442,927.2640304976442,0
2025-12-15T10:30:00,927.2640304976442,927.2640304976442,0
2025-12-15T10:45:00,927.2640304976442,927.2640304976442,0
2025-12-15T11:00:00,927.2640304976442,927.2640304976442,0
2025-12-15T11:15:00,927.2640304976442,927.2640304976442,0
2025-12-15T11:30:00,927.2640304976442,927.2640304976442,0
2025-12-15T11:45:00,927.2640304976442,927.2640304976442,0
2025-12-15T12:00:00,927.2640304976442,927.2640304976442,0
2025-12-15T12:15:00,927.2640304976442,927.2640304976442,0
2025-12-15T12:30:00,927.2640304976442,927.2640304976442,0
2025-12-15T12:45:00,927.2640304976442,927.2640304976442,0
2025-12-15T13:00:00,927.2640304976442,927.2640304976442,0
2025-12-15T13:15:00,927.2640304976442,927.2640304976442,0
2025-12-15T13:30:00,927.2640304976442,927.2640304976442,0
2025-12-15T13:45:00,927.2640304976442,927.2640304976442,0
2025-12-15T14:00:00,927.2640304976442,927.2640304976442,0
2025-12-15T14:15:00,927.2640304976442,927.2640304976442,0
2025-12-15T14:30:00,927.2640304976442,927.2640304976442,0
2025-12-15T14:45:00,927.2640304976442,927.2640304976442,0
2025-12-15T15:00:00,927.2640304976442,927.2640304976442,0
2025-12-15T15:15:00,927.2640304976442,927.2640304976442,0
2025-12-15T15:30:00,927.2640304976442,927.2640304976442,0
2025-12-15T15:45:00,927.2640304976442,927.2640304976442,0
2025-12-15T16:00:00,927.2640304976442,927.2640304976442,0
2025-12-15T16:15:00,927.2640304976442,927.2640304976442,0
2025-12-15T16:30:00,927.2640304976442,927.2640304976442,0
2025-12-15T16:45:00,927.2640304976442,927.2640304976442,0
2025-12-15T17:00:00,927.2640304976442,927.2640304976442,0
2025-12-15T17:15:00,927.2640304976442,927.2640304976442,0
2025-12-15T17:30:00,927.2640304976442,927.2640304976442,0
2025-12-15T17:45:00,927.2640304976442,927.2640304976442,0
2025-12-15T18:00:00,927.2640304976442,927.2640304976442,0
2025-12-15T18:15:00,927.2640304976442,927.2640304976442,0
2025-12-15T18:30:00,927.2640304976442,927.2640304976442,0
2025-12-15T18:45:00,927.2640304976442,927.2640304976442,0
2025-12-15T19:00:00,927.2640304976442,927.2640304976442,0
2025-12-15T19:15:00,927.2640304976442,927.2640304976442,0
2025-12-15T19:30:00,927.2640304976442,927.2640304976442,0
2025-12-15T19:45:00,927.2640304976442,927.2640304976442,0
2025-12-15T20:00:00,927.2640304976442,927.2640304976442,0
2025-12-15T20:15:00,927.2640304976442,927.2640304976442,0
2025-12-15T20:30:00,927.2640304976442,927.2640304976442,0
2025-12-15T20:45:00,927.2640304976442,927.2640304976442,0
2025-12-15T21:00:00,927.2640304976442,927.2640304976442,0
2025-12-15T21:15:00,927.2640304976442,927.2640304976442,0
2025-12-15T21:30:00,927.2640304976442,927.2640304976442,0
2025-12-15T21:45:00,927.2640304976442,927.2640304976442,0
2025-12-15T22:00:00,927.2640304976442,927.2640304976442,0
2025-12-15T22:15:00,927.2640304976442,927.2640304976442,0
2025-12-15T22:30:00,927.2640304976442,927.2640304976442,0
2025-12-15T22:45:00,927.2640304976442,927.2640304976442,0
2025-12-15T23:00:00,927.2640304976442,927.2640304976442,0
2025-12-15T23:15:00,927.2640304976442,927.2640304976442,0
2025-12-15T23:30:00,927.2640304976442,927.2640304976442,0
2025-12-15T23:45:00,927.2640304976442,927.2640304976442,0
2025-12-16T00:00:00,927.2640304976442,927.2640304976442,0
2025-12-16T00:15:00,927.2640304976442,927.2640304976442,0
2025-12-16T00:30:00,927.2640304976442,927.2640304976442,0
2025-12-16T00:45:00,927.2640304976442,927.2640304976442,0
2025-12-16T01:00:00,927.2640304976442,927.2640304976442,0
2025-12-16T01:15:00,927.2640304976442,927.2640304976442,0
2025-12-16T01:30:00,927.2640304976442,927.2640304976442,0
2025-12-16T01:45:00,927.2640304976442,927.2640304976442,0
2025-12-16T02:00:00,927.2640304976442,927.2640304976442,0
2025-12-16T02:15:00,927.2640304976442,927.2640304976442,0
2025-12-16T02:30:00,927.2640304976442,927.2640304976442,0
2025-12-16T02:45:00,927.2640304976442,927.2640304976442,0
2025-12-16T03:00:00,927.2640304976442,927.2640304976442,0
2025-12-16T03:15:00,927.2640304976442,927.2640304976442,0
2025-12-16T03:30:00,927.2640304976442,927.2640304976442,0
2025-12-16T03:45:00,927.2640304976442,927.2640304976442,0
2025-12-16T04:00:00,927.2640304976442,927.2640304976442,0
2025-12-16T04:15:00,927.2640304976442,927.2640304976442,0
2025-12-16T04:30:00,927.2640304976442,927.2640304976442,0
2025-12-16T04:45:00,927.2640304976442,927.2640304976442,0
2025-12-16T05:00:00,927.2640304976442,927.2640304976442,0
2025-12-16T05:15:00,927.2640304976442,927.2640304976442,0
2025-12-16T05:30:00,927.2640304976442,927.2640304976442,0
2025-12-16T05:45:00,927.2640304976442,927.2640304976442,0
2025-12-16T06:00:00,927.2640304976442,927.2640304976442,0
2025-12-16T06:15:00,927.2640304976442,927.2640304976442,0
2025-12-16T06:30:00,927.2640304976442,927.2640304976442,0
2025-12-16T06:45:00,927.2640304976442,927.2640304976442,0
2025-12-16T07:00:00,927.2640304976442,927.2640304976442,0
2025-12-16T07:15:00,927.2640304976442,927.2640304976442,0
2025-12-16T07:30:00,927.2640304976442,927.2640304976442,0
2025-12-16T07:45:00,927.2640304976442,927.2640304976442,0
2025-12-16T08:00:00,927.2640304976442,927.2640304976442,0
2025-12-16T08:15:00,927.2640304976442,927.2640304976442,0
2025-12-16T08:30:00,927.2640304976442,927.2640304976442,0
2025-12-16T08:45:00,927.2640304976442,927.2640304976442,0
2025-12-16T09:00:00,927.2640304976442,927.2640304976442,0
2025-12-16T09:15:00,927.2640304976442,927.2640304976442,0
2025-12-16T09:30:00,927.2640304976442,927.2640304976442,0
2025-12-16T09:45:00,927.2640304976442,927.2640304976442,0
2025-12-16T10:00:00,927.2640304976442,927.2640304976442,0
2025-12-16T10:15:00,927.2640304976442,927.2640304976442,0
2025-12-16T10:30:00,927.2640304976442,927.2640304976442,0
2025-12-16T10:45:00,927.2640304976442,927.2640304976442,0
2025-12-16T11:00:00,927.2640304976442,927.2640304976442,0
2025-12-16T11:15:00,927.2640304976442,927.2640304976442,0
2025-12-16T11:30:00,927.2640304976442,927.2640304976442,0
2025-12-16T11:45:00,927.2640304976442,927.2640304976442,0
2025-12-16T12:00:00,927.2640304976442,927.2640304976442,0
2025-12-16T12:15:00,927.2640304976442,927.2640304976442,0
2025-12-16T12:30:00,927.2640304976442,927.2640304976442,0
2025-12-16T12:45:00,927.2640304976442,927.2640304976442,0
2025-12-16T13:00:00,927.2640304976442,927.2640304976442,0
2025-12-16T13:15:00,927.2640304976442,927.2640304976442,0
2025-12-16T13:30:00,927.2640304976442,927.2640304976442,0
2025-12-16T13:45:00,927.2640304976442,927.2640304976442,0
2025-12-16T14:00:00,927.2640304976442,927.2640304976442,0
2025-12-16T14:15:00,927.2640304976442,927.2640304976442,0
2025-12-16T14:30:00,927.2640304976442,927.2640304976442,0
2025-12-16T14:45:00,927.2640304976442,927.2640304976442,0
2025-12-16T15:00:00,927.2640304976442,927.2640304976442,0
2025-12-16T15:15:00,927.2640304976442,927.2640304976442,0
2025-12-16T15:30:00,927.2640304976442,927.2640304976442,0
2025-12-16T15:45:00,927.2640304976442,927.2640304976442,0
2025-12-16T16:00:00,927.2640304976442,927.2640304976442,0
2025-12-16T16:15:00,927.2640304976442,927.2640304976442,0
2025-12-16T16:30:00,927.2640304976442,927.2640304976442,0
2025-12-16T16:45:00,927.2640304976442,927.2640304976442,0
2025-12-16T17:00:00,927.2640304976442,927.2640304976442,0
2025-12-16T17:15:00,927.2640304976442,927.2640304976442,0
2025-12-16T17:30:00,927.2640304976442,927.2640304976442,0
2025-12-16T17:45:00,927.2640304976442,927.2640304976442,0
2025-12-16T18:00:00,927.2640304976442,927.2640304976442,0
2025-12-16T18:15:00,927.2640304976442,927.2640304976442,0
2025-12-16T18:30:00,927.2640304976442,927.2640304976442,0
2025-12-16T18:45:00,927.2640304976442,927.2640304976442,0
2025-12-16T19:00:00,927.2640304976442,927.2640304976442,0
2025-12-16T19:15:00,927.2640304976442,927.2640304976442,0
2025-12-16T19:30:00,927.2640304976442,927.2640304976442,0
2025-12-16T19:45:00,927.2640304976442,927.2640304976442,0
2025-12-16T20:00:00,927.2640304976442,927.2640304976442,0
2025-12-16T20:15:00,927.2640304976442,927.2640304976442,0
2025-12-16T20:30:00,927.2640304976442,927.2640304976442,0
2025-12-16T20:45:00,927.2640304976442,927.2640304976442,0
2025-12-16T21:00:00,927.2640304976442,927.2640304976442,0
2025-12-16T21:15:00,927.2640304976442,927.2640304976442,0
2025-12-16T21:30:00,927.2640304976442,927.2640304976442,0
2025-12-16T21:45:00,927.2640304976442,927.2640304976442,0
2025-12-16T22:00:00,927.2640304976442,927.2640304976442,0
2025-12-16T22:15:00,927.2640304976442,927.2640304976442,0
2025-12-16T22:30:00,927.2640304976442,927.2640304976442,0
2025-12-16T22:45:00,927.2640304976442,927.2640304976442,0
2025-12-16T23:00:00,927.2640304976442,927.2640304976442,0
2025-12-16T23:15:00,927.2640304976442,927.2640304976442,0
2025-12-16T23:30:00,927.2640304976442,927.2640304976442,0
2025-12-16T23:45:00,927.2640304976442,927.2640304976442,0
2025-12-17T00:00:00,927.2640304976442,927.2640304976442,0
2025-12-17T00:15:00,927.2640304976442,927.2640304976442,0
2025-12-17T00:30:00,927.2640304976442,927.2640304976442,0
2025-12-17T00:45:00,927.2640304976442,927.2640304976442,0
2025-12-17T01:00:00,927.2640304976442,927.2640304976442,0
2025-12-17T01:15:00,927.2640304976442,927.2640304976442,0
2025-12-17T01:30:00,927.2640304976442,927.2640304976442,0
2025-12-17T01:45:00,927.2640304976442,927.2640304976442,0
2025-12-17T02:00:00,927.2640304976442,927.2640304976442,0
2025-12-17T02:15:00,927.2640304976442,927.2640304976442,0
2025-12-17T02:30:00,927.2640304976442,927.2640304976442,0
2025-12-17T02:45:00,927.2640304976442,927.2640304976442,0
2025-12-17T03:00:00,927.2640304976442,927.2640304976442,0
2025-12-17T03:15:00,927.2640304976442,927.2640304976442,0
2025-12-17T03:30:00,927.2640304976442,927.2640304976442,0
2025-12-17T03:45:00,927.2640304976442,927.2640304976442,0
2025-12-17T04:00:00,927.2640304976442,927.2640304976442,0
2025-12-17T04:15:00,927.2640304976442,927.2640304976442,0
2025-12-17T04:30:00,927.2640304976442,927.2640304976442,0
2025-12-17T04:45:00,927.2640304976442,927.2640304976442,0
2025-12-17T05:00:00,927.2640304976442,927.2640304976442,0
2025-12-17T05:15:00,927.2640304976442,927.2640304976442,0
2025-12-17T05:30:00,927.2640304976442,927.2640304976442,0
2025-12-17T05:45:00,927.2640304976442,927.2640304976442,0
2025-12-17T06:00:00,927.2640304976442,927.2640304976442,0
