timestamp,equity,cash,open_positions
2026-01-16T06:00:00,1000.0,1000.0,0
2026-01-16T06:15:00,1000.0,1000.0,0
2026-01-16T06:30:00,1000.0,1000.0,0
2026-01-16T06:45:00,1000.0,1000.0,0
2026-01-16T07:00:00,1000.0,1000.0,0
2026-01-16T07:15:00,1000.0,1000.0,0
2026-01-16T07:30:00,1000.0,1000.0,0
2026-01-16T07:45:00,1000.0,1000.0,0
2026-01-16T08:00:00,1000.0,1000.0,0
2026-01-16T08:15:00,1000.0,1000.0,0
2026-01-16T08:30:00,1000.0,1000.0,0
2026-01-16T08:45:00,1000.0,1000.0,0
2026-01-16T09:00:00,1000.0,1000.0,0
2026-01-16T09:15:00,1000.0,1000.0,0
2026-01-16T09:30:00,1000.0,1000.0,0
2026-01-16T09:45:00,1000.0,1000.0,0
2026-01-16T10:00:00,1000.0,1000.0,0
2026-01-16T10:15:00,1000.0,1000.0,0
2026-01-16T10:30:00,1000.0,1000.0,0
2026-01-16T10:45:00,1000.0,1000.0,0
2026-01-16T11:00:00,1000.0,1000.0,0
2026-01-16T11:15:00,1000.0,1000.0,0
2026-01-16T11:30:00,1000.0,1000.0,0
2026-01-16T11:45:00,1000.0,1000.0,0
2026-01-16T12:00:00,1000.0,1000.0,0
2026-01-16T12:15:00,1000.0,1000.0,0
2026-01-16T12:30:00,1000.0,1000.0,0
2026-01-16T12:45:00,1000.0,1000.0,0
2026-01-16T13:00:00,1000.0,1000.0,0
2026-01-16T13:15:00,1000.0,1000.0,0
2026-01-16T13:30:00,1000.0,1000.0,0
2026-01-16T13:45:00,1000.0,1000.0,0
2026-01-16T14:00:00,1000.0,1000.0,0
2026-01-16T14:15:00,1000.0,1000.0,0
2026-01-16T14:30:00,1000.0,1000.0,0
2026-01-16T14:45:00,1000.0,1000.0,0
2026-01-16T15:00:00,1000.0,1000.0,0
2026-01-16T15:15:00,1000.0,1000.0,0
2026-01-16T15:30:00,1000.0,1000.0,0
2026-01-16T15:45:00,1000.0,1000.0,0
2026-01-16T16:00:00,1000.0,1000.0,0
2026-01-16T16:15:00,1000.0,1000.0,0
2026-01-16T16:30:00,1000.0,1000.0,0
2026-01-16T16:45:00,1000.0,1000.0,0
2026-01-16T17:00:00,1000.0,1000.0,0
2026-01-16T17:15:00,1000.0,1000.0,0
2026-01-16T17:30:00,1000.0,1000.0,0
2026-01-16T17:45:00,1000.0,1000.0,0
2026-01-16T18:00:00,1000.0,1000.0,0
2026-01-16T18:15:00,1000.0,1000.0,0
2026-01-16T18:30:00,1000.0,1000.0,0
2026-01-16T18:45:00,1000.0,1000.0,0
2026-01-16T19:00:00,1000.0,1000.0,0
2026-01-16T19:15:00,1000.0,1000.0,0
2026-01-16T19:30:00,1000.0,1000.0,0
2026-01-16T19:45:00,1000.0,1000.0,0
2026-01-16T20:00:00,1000.0,1000.0,0
2026-01-16T20:15:00,1000.0,1000.0,0
2026-01-16T20:30:00,1000.0,1000.0,0
2026-01-16T20:45:00,1000.0,1000.0,0
2026-01-16T21:00:00,1000.0,1000.0,0
2026-01-16T21:15:00,1000.0,1000.0,0
2026-01-16T21:30:00,1000.0,1000.0,0
2026-01-16T21:45:00,1000.0,1000.0,0
2026-01-16T22:00:00,1000.0,1000.0,0
2026-01-16T22:15:00,1000.0,1000.0,0
2026-01-16T22:30:00,1000.0,1000.0,0
2026-01-16T22:45:00,1000.0,1000.0,0
2026-01-16T23:00:00,1000.0,1000.0,0
2026-01-16T23:15:00,1000.0,1000.0,0
2026-01-16T23:30:00,1000.0,1000.0,0
2026-01-16T23:45:00,1000.0,1000.0,0
2026-01-17T00:00:00,1000.0,1000.0,0
2026-01-17T00:15:00,1000.0,1000.0,0
2026-01-17T00:30:00,1000.0,1000.0,0
2026-01-17T00:45:00,1000.0,1000.0,0
2026-01-17T01:00:00,1000.0,1000.0,0
2026-01-17T01:15:00,1000.0,1000.0,0
2026-01-17T01:30:00,1000.0,1000.0,0
2026-01-17T01:45:00,1000.0,1000.0,0
2026-01-17T02:00:00,1000.0,1000.0,0
2026-01-17T02:15:00,1000.0,1000.0,0
2026-01-17T02:30:00,1000.0,1000.0,0
2026-01-17T02:45:00,1000.0,1000.0,0
2026-01-17T03:00:00,1000.0,1000.0,0
2026-01-17T03:15:00,1000.0,1000.0,0
2026-01-17T03:30:00,1000.0,1000.0,0
2026-01-17T03:45:00,1000.0,1000.0,0
2026-01-17T04:00:00,1000.0,1000.0,0
2026-01-17T04:15:00,1000.0,1000.0,0
2026-01-17T04:30:00,1000.0,1000.0,0
2026-01-17T04:45:00,1000.0,1000.0,0
2026-01-17T05:00:00,1000.0,1000.0,0
2026-01-17T05:15:00,1000.0,1000.0,0
2026-01-17T05:30:00,1000.0,1000.0,0
2026-01-17T05:45:00,1000.0,1000.0,0
2026-01-17T06:00:00,1000.0,1000.0,0
2026-01-17T06:15:00,1000.0,1000.0,0
2026-01-17T06:30:00,1000.0,1000.0,0
2026-01-17T06:45:00,1000.0,1000.0,0
2026-01-17T07:00:00,1000.0,1000.0,0
2026-01-17T07:15:00,1000.0,1000.0,0
2026-01-17T07:30:00,1000.0,1000.0,0
2026-01-17T07:45:00,1000.0,1000.0,0
2026-01-17T08:00:00,1000.0,1000.0,0
2026-01-17T08:15:00,1000.0,1000.0,0
2026-01-17T08:30:00,1000.0,1000.0,0
2026-01-17T08:45:00,1000.0,1000.0,0
2026-01-17T09:00:00,1000.0,1000.0,0
2026-01-17T09:15:00,1000.0,1000.0,0
2026-01-17T09:30:00,1000.0,1000.0,0
2026-01-17T09:45:00,1000.0,1000.0,0
2026-01-17T10:00:00,1000.0,1000.0,0
2026-01-17T10:15:00,1000.0,1000.0,0
2026-01-17T10:30:00,1000.0,1000.0,0
2026-01-17T10:45:00,1000.0,1000.0,0
2026-01-17T11:00:00,1000.0,1000.0,0
2026-01-17T11:15:00,1000.0,1000.0,0
2026-01-17T11:30:00,1000.0,1000.0,0
2026-01-17T11:45:00,1000.0,1000.0,0
2026-01-17T12:00:00,1000.0,1000.0,0
2026-01-17T12:15:00,1000.0,1000.0,0
2026-01-17T12:30:00,1000.0,1000.0,0
2026-01-17T12:45:00,1000.0,1000.0,0
2026-01-17T13:00:00,1000.0,1000.0,0
2026-01-17T13:15:00,1000.0,1000.0,0
2026-01-17T13:30:00,1000.0,1000.0,0
2026-01-17T13:45:00,1000.0,1000.0,0
2026-01-17T14:00:00,1000.0,1000.0,0
2026-01-17T14:15:00,1000.0,1000.0,0
2026-01-17T14:30:00,1000.0,1000.0,0
2026-01-17T14:45:00,1000.0,1000.0,0
2026-01-17T15:00:00,1000.0,1000.0,0
2026-01-17T15:15:00,1000.0,1000.0,0
2026-01-17T15:30:00,1000.0,1000.0,0
2026-01-17T15:45:00,1000.0,1000.0,0
2026-01-17T16:00:00,1000.0,1000.0,0
2026-01-17T16:15:00,1000.0,1000.0,0
2026-01-17T16:30:00,1000.0,1000.0,0
2026-01-17T16:45:00,1000.0,1000.0,0
2026-01-17T17:00:00,1000.0,1000.0,0
2026-01-17T17:15:00,1000.0,1000.0,0
2026-01-17T17:30:00,1000.0,1000.0,0
2026-01-17T17:45:00,1000.0,1000.0,0
2026-01-17T18:00:00,1000.0,1000.0,0
2026-01-17T18:15:00,1000.0,1000.0,0
2026-01-17T18:30:00,1000.0,1000.0,0
2026-01-17T18:45:00,1000.0,1000.0,0
2026-01-17T19:00:00,1000.0,1000.0,0
2026-01-17T19:15:00,1000.0,1000.0,0
2026-01-17T19:30:00,1000.0,1000.0,0
2026-01-17T19:45:00,1000.0,1000.0,0
2026-01-17T20:00:00,1000.0,1000.0,0
2026-01-17T20:15:00,1000.0,1000.0,0
2026-01-17T20:30:00,1000.0,1000.0,0
2026-01-17T20:45:00,1000.0,1000.0,0
2026-01-17T21:00:00,1000.0,1000.0,0
2026-01-17T21:15:00,1000.0,1000.0,0
2026-01-17T21:30:00,1000.0,1000.0,0
2026-01-17T21:45:00,1000.0,1000.0,0
2026-01-17T22:00:00,1000.0,1000.0,0
2026-01-17T22:15:00,1000.0,1000.0,0
2026-01-17T22:30:00,1000.0,1000.0,0
2026-01-17T22:45:00,1000.0,1000.0,0
2026-01-17T23:00:00,1000.0,1000.0,0
2026-01-17T23:15:00,1000.0,1000.0,0
2026-01-17T23:30:00,1000.0,1000.0,0
2026-01-17T23:45:00,1000.0,1000.0,0
2026-01-18T00:00:00,1000.0,1000.0,0
2026-01-18T00:15:00,1000.0,1000.0,0
2026-01-18T00:30:00,1000.0,1000.0,0
2026-01-18T00:45:00,1000.0,1000.0,0
2026-01-18T01:00:00,1000.0,1000.0,0
2026-01-18T01:15:00,1000.0,1000.0,0
2026-01-18T01:30:00,1000.0,1000.0,0
2026-01-18T01:45:00,1000.0,1000.0,0
2026-01-18T02:00:00,1000.0,1000.0,0
2026-01-18T02:15:00,1000.0,1000.0,0
2026-01-18T02:30:00,1000.0,1000.0,0
2026-01-18T02:45:00,1000.0,1000.0,0
2026-01-18T03:00:00,1000.0,1000.0,0
2026-01-18T03:15:00,1000.0,1000.0,0
2026-01-18T03:30:00,1000.0,1000.0,0
2026-01-18T03:45:00,1000.0,1000.0,0
2026-01-18T04:00:00,1000.0,1000.0,0
2026-01-18T04:15:00,1000.0,1000.0,0
2026-01-18T04:30:00,1000.0,1000.0,0
2026-01-18T04:45:00,1000.0,1000.0,0
2026-01-18T05:00:00,1000.0,1000.0,0
2026-01-18T05:15:00,1000.0,1000.0,0
2026-01-18T05:30:00,1000.0,1000.0,0
2026-01-18T05:45:00,1000.0,1000.0,0
2026-01-18T06:00:00,1000.0,1000.0,0
2026-01-18T06:15:00,1000.0,1000.0,0
2026-01-18T06:30:00,1000.0,1000.0,0
2026-01-18T06:45:00,1000.0,1000.0,0
2026-01-18T07:00:00,1000.0,1000.0,0
2026-01-18T07:15:00,1000.0,1000.0,0
2026-01-18T07:30:00,1000.0,1000.0,0
2026-01-18T07:45:00,1000.0,1000.0,0
2026-01-18T08:00:00,1000.0,1000.0,0
2026-01-18T08:15:00,1000.0,1000.0,0
2026-01-18T08:30:00,1000.0,1000.0,0
2026-01-18T08:45:00,1000.0,1000.0,0
2026-01-18T09:00:00,1000.0,1000.0,0
2026-01-18T09:15:00,1000.0,1000.0,0
2026-01-18T09:30:00,1000.0,1000.0,0
2026-01-18T09:45:00,1000.0,1000.0,0
2026-01-18T10:00:00,1000.0,1000.0,0
2026-01-18T10:15:00,1000.0,1000.0,0
2026-01-18T10:30:00,1000.0,1000.0,0
2026-01-18T10:45:00,1000.0,1000.0,0
2026-01-18T11:00:00,1000.0,1000.0,0
2026-01-18T11:15:00,1000.0,1000.0,0
2026-01-18T11:30:00,1000.0,1000.0,0
2026-01-18T11:45:00,1000.0,1000.0,0
2026-01-18T12:00:00,1000.0,1000.0,0
2026-01-18T12:15:00,1000.0,1000.0,0
2026-01-18T12:30:00,1000.0,1000.0,0
2026-01-18T12:45:00,1000.0,1000.0,0
2026-01-18T13:00:00,1000.0,1000.0,0
2026-01-18T13:15:00,1000.0,1000.0,0
2026-01-18T13:30:00,1000.0,1000.0,0
2026-01-18T13:45:00,1000.0,1000.0,0
2026-01-18T14:00:00,1000.0,1000.0,0
2026-01-18T14:15:00,1000.0,1000.0,0
2026-01-18T14:30:00,1000.0,1000.0,0
2026-01-18T14:45:00,1000.0,1000.0,0
2026-01-18T15:00:00,1000.0,1000.0,0
2026-01-18T15:15:00,1000.0,1000.0,0
2026-01-18T15:30:00,1000.0,1000.0,0
2026-01-18T15:45:00,1000.0,1000.0,0
2026-01-18T16:00:00,1000.0,1000.0,0
2026-01-18T16:15:00,1000.0,1000.0,0
2026-01-18T16:30:00,1000.0,1000.0,0
2026-01-18T16:45:00,1000.0,1000.0,0
2026-01-18T17:00:00,1000.0,1000.0,0
2026-01-18T17:15:00,1000.0,1000.0,0
2026-01-18T17:30:00,1000.0,1000.0,0
2026-01-18T17:45:00,1000.0,1000.0,0
2026-01-18T18:00:00,1000.0,1000.0,0
2026-01-18T18:15:00,999.0890783824264,879.808,1
2026-01-18T18:30:00,998.7754715285106,879.808,1
2026-01-18T18:45:00,999.0349099258409,879.808,1
2026-01-18T19:00:00,998.0527502788045,879.808,1
2026-01-18T19:15:00,997.7120591965961,879.808,1
2026-01-18T19:30:00,997.4283875423722,879.808,1
2026-01-18T19:45:00,996.855342291126,879.808,1
2026-01-18T20:00:00,996.069272266199,996.069272266199,0
2026-01-18T20:15:00,996.069272266199,996.069272266199,0
2026-01-18T20:30:00,996.069272266199,996.069272266199,0
2026-01-18T20:45:00,996.069272266199,996.069272266199,0
2026-01-18T21:00:00,996.069272266199,996.069272266199,0
2026-01-18T21:15:00,996.069272266199,996.069272266199,0
2026-01-18T21:30:00,996.069272266199,996.069272266199,0
2026-01-18T21:45:00,996.069272266199,996.069272266199,0
2026-01-18T22:00:00,996.069272266199,996.069272266199,0
2026-01-18T22:15:00,996.069272266199,996.069272266199,0
2026-01-18T22:30:00,996.069272266199,996.069272266199,0
2026-01-18T22:45:00,996.069272266199,996.069272266199,0
2026-01-18T23:00:00,996.069272266199,996.069272266199,0
2026-01-18T23:15:00,996.069272266199,996.069272266199,0
2026-01-18T23:30:00,996.069272266199,996.069272266199,0
2026-01-18T23:45:00,996.069272266199,996.069272266199,0
2026-01-19T00:00:00,995.1597797190219,876.34971429398,1
2026-01-19T00:15:00,994.1769820681637,876.34971429398,1
2026-01-19T00:30:00,992.418460548167,876.34971429398,1
2026-01-19T00:45:00,993.8006443748233,876.34971429398,1
2026-01-19T01:00:00,993.5584022344774,876.34971429398,1
2026-01-19T01:15:00,994.5599494373572,876.34971429398,1
2026-01-19T01:30:00,994.7975818812116,876.34971429398,1
2026-01-19T01:45:00,994.4448106137547,876.34971429398,1
2026-01-19T02:00:00,995.298484968508,876.34971429398,1
2026-01-19T02:15:00,994.9114776405917,876.34971429398,1
2026-01-19T02:30:00,994.5413552683634,876.34971429398,1
2026-01-19T02:45:00,994.5476223838181,876.34971429398,1
2026-01-19T03:00:00,993.671313901348,876.34971429398,1
2026-01-19T03:15:00,994.261390154147,994.261390154147,0
2026-01-19T03:30:00,994.261390154147,994.261390154147,0
2026-01-19T03:45:00,994.261390154147,994.261390154147,0
2026-01-19T04:00:00,994.261390154147,994.261390154147,0
2026-01-19T04:15:00,994.261390154147,994.261390154147,0
2026-01-19T04:30:00,994.261390154147,994.261390154147,0
2026-01-19T04:45:00,994.261390154147,994.261390154147,0
2026-01-19T05:00:00,994.261390154147,994.261390154147,0
2026-01-19T05:15:00,994.261390154147,994.261390154147,0
2026-01-19T05:30:00,994.261390154147,994.261390154147,0
2026-01-19T05:45:00,994.261390154147,994.261390154147,0
2026-01-19T06:00:00,994.261390154147,994.261390154147,0
2026-01-19T06:15:00,994.261390154147,994.261390154147,0
2026-01-19T06:30:00,994.261390154147,994.261390154147,0
2026-01-19T06:45:00,994.261390154147,994.261390154147,0
2026-01-19T07:00:00,994.261390154147,994.261390154147,0
2026-01-19T07:15:00,994.261390154147,994.261390154147,0
2026-01-19T07:30:00,994.261390154147,994.261390154147,0
2026-01-19T07:45:00,994.261390154147,994.261390154147,0
2026-01-19T08:00:00,994.261390154147,994.261390154147,0
2026-01-19T08:15:00,994.261390154147,994.261390154147,0
2026-01-19T08:30:00,994.261390154147,994.261390154147,0
2026-01-19T08:45:00,994.261390154147,994.261390154147,0
2026-01-19T09:00:00,994.261390154147,994.261390154147,0
2026-01-19T09:15:00,994.261390154147,994.261390154147,0
2026-01-19T09:30:00,994.261390154147,994.261390154147,0
2026-01-19T09:45:00,994.261390154147,994.261390154147,0
2026-01-19T10:00:00,994.261390154147,994.261390154147,0
2026-01-19T10:15:00,994.261390154147,994.261390154147,0
2026-01-19T10:30:00,994.261390154147,994.261390154147,0
2026-01-19T10:45:00,994.261390154147,994.261390154147,0
2026-01-19T11:00:00,994.261390154147,994.261390154147,0
2026-01-19T11:15:00,994.261390154147,994.261390154147,0
2026-01-19T11:30:00,994.261390154147,994.261390154147,0
2026-01-19T11:45:00,994.261390154147,994.261390154147,0
2026-01-19T12:00:00,994.261390154147,994.261390154147,0
2026-01-19T12:15:00,994.261390154147,994.261390154147,0
2026-01-19T12:30:00,994.261390154147,994.261390154147,0
2026-01-19T12:45:00,994.261390154147,994.261390154147,0
2026-01-19T13:00:00,994.261390154147,994.261390154147,0
2026-01-19T13:15:00,994.261390154147,994.261390154147,0
2026-01-19T13:30:00,994.261390154147,994.261390154147,0
2026-01-19T13:45:00,994.261390154147,994.261390154147,0
2026-01-19T14:00:00,994.261390154147,994.261390154147,0
2026-01-19T14:15:00,994.261390154147,994.261390154147,0
2026-01-19T14:30:00,994.261390154147,994.261390154147,0
2026-01-19T14:45:00,994.261390154147,994.261390154147,0
2026-01-19T15:00:00,994.261390154147,994.261390154147,0
2026-01-19T15:15:00,994.261390154147,994.261390154147,0
2026-01-19T15:30:00,994.261390154147,994.261390154147,0
2026-01-19T15:45:00,994.261390154147,994.261390154147,0
2026-01-19T16:00:00,994.261390154147,994.261390154147,0
2026-01-19T16:15:00,994.261390154147,994.261390154147,0
2026-01-19T16:30:00,994.261390154147,994.261390154147,0
2026-01-19T16:45:00,994.261390154147,994.261390154147,0
2026-01-19T17:00:00,994.261390154147,994.261390154147,0
2026-01-19T17:15:00,994.261390154147,994.261390154147,0
2026-01-19T17:30:00,994.261390154147,994.261390154147,0
2026-01-19T17:45:00,994.261390154147,994.261390154147,0
2026-01-19T18:00:00,994.261390154147,994.261390154147,0
2026-01-19T18:15:00,993.3535483509019,874.7591251487397,1
2026-01-19T18:30:00,992.442483073359,874.7591251487397,1
2026-01-19T18:45:00,992.7238414678943,874.7591251487397,1
2026-01-19T19:00:00,991.492625827531,991.492625827531,0
2026-01-19T19:15:00,991.492625827531,991.492625827531,0
2026-01-19T19:30:00,991.492625827531,991.492625827531,0
2026-01-19T19:45:00,991.492625827531,991.492625827531,0
2026-01-19T20:00:00,991.492625827531,991.492625827531,0
2026-01-19T20:15:00,991.492625827531,991.492625827531,0
2026-01-19T20:30:00,991.492625827531,991.492625827531,0
2026-01-19T20:45:00,991.492625827531,991.492625827531,0
2026-01-19T21:00:00,991.492625827531,991.492625827531,0
2026-01-19T21:15:00,991.492625827531,991.492625827531,0
2026-01-19T21:30:00,991.492625827531,991.492625827531,0
2026-01-19T21:45:00,991.492625827531,991.492625827531,0
2026-01-19T22:00:00,991.492625827531,991.492625827531,0
2026-01-19T22:15:00,991.492625827531,991.492625827531,0
2026-01-19T22:30:00,991.492625827531,991.492625827531,0
2026-01-19T22:45:00,991.492625827531,991.492625827531,0
2026-01-19T23:00:00,990.5873121321094,872.3231441440685,1
2026-01-19T23:15:00,990.0859434603874,872.3231441440685,1
2026-01-19T23:30:00,989.5000165182391,872.3231441440685,1
2026-01-19T23:45:00,989.6140155035515,872.3231441440685,1
2026-01-20T00:00:00,989.2455683081457,872.3231441440685,1
2026-01-20T00:15:00,990.4666619169892,872.3231441440685,1
2026-01-20T00:30:00,989.1373440339845,872.3231441440685,1
2026-01-20T00:45:00,989.1659597901348,872.3231441440685,1
2026-01-20T01:00:00,989.121772937845,872.3231441440685,1
2026-01-20T01:15:00,988.0659582718333,988.0659582718333,0
2026-01-20T01:30:00,988.0659582718333,988.0659582718333,0
2026-01-20T01:45:00,988.0659582718333,988.0659582718333,0
2026-01-20T02:00:00,988.0659582718333,988.0659582718333,0
2026-01-20T02:15:00,988.0659582718333,988.0659582718333,0
2026-01-20T02:30:00,988.0659582718333,988.0659582718333,0
2026-01-20T02:45:00,988.0659582718333,988.0659582718333,0
2026-01-20T03:00:00,988.0659582718333,988.0659582718333,0
2026-01-20T03:15:00,988.0659582718333,988.0659582718333,0
2026-01-20T03:30:00,988.0659582718333,988.0659582718333,0
2026-01-20T03:45:00,988.0659582718333,988.0659582718333,0
2026-01-20T04:00:00,988.0659582718333,988.0659582718333,0
2026-01-20T04:15:00,988.0659582718333,988.0659582718333,0
2026-01-20T04:30:00,988.0659582718333,988.0659582718333,0
2026-01-20T04:45:00,988.0659582718333,988.0659582718333,0
2026-01-20T05:00:00,988.0659582718333,988.0659582718333,0
2026-01-20T05:15:00,988.0659582718333,988.0659582718333,0
2026-01-20T05:30:00,988.0659582718333,988.0659582718333,0
2026-01-20T05:45:00,988.0659582718333,988.0659582718333,0
2026-01-20T06:00:00,988.0659582718333,988.0659582718333,0
2026-01-20T06:15:00,987.163773403583,869.3083346152251,1
2026-01-20T06:30:00,989.2335231646143,869.3083346152251,1
2026-01-20T06:45:00,990.9116986465317,869.3083346152251,1
2026-01-20T07:00:00,990.378008605886,869.3083346152251,1
2026-01-20T07:15:00,989.8171049087766,869.3083346152251,1
2026-01-20T07:30:00,989.3091166547908,869.3083346152251,1
2026-01-20T07:45:00,989.9350307534519,869.3083346152251,1
2026-01-20T08:00:00,992.429615929275,869.3083346152251,1
2026-01-20T08:15:00,991.7054302933846,869.3083346152251,1
2026-01-20T08:30:00,994.3799279758275,869.3083346152251,1
2026-01-20T08:45:00,992.4341515386855,869.3083346152251,1
2026-01-20T09:00:00,993.5242096670299,869.3083346152251,1
2026-01-20T09:15:00,993.887058419877,869.3083346152251,1
2026-01-20T09:30:00,994.3209650534898,869.3083346152251,1
2026-01-20T09:45:00,994.3602736683816,869.3083346152251,1
2026-01-20T10:00:00,993.1054217314525,869.3083346152251,1
2026-01-20T10:15:00,991.8085115450435,991.8085115450435,0
2026-01-20T10:30:00,991.8085115450435,991.8085115450435,0
2026-01-20T10:45:00,991.8085115450435,991.8085115450435,0
2026-01-20T11:00:00,991.8085115450435,991.8085115450435,0
2026-01-20T11:15:00,991.8085115450435,991.8085115450435,0
2026-01-20T11:30:00,991.8085115450435,991.8085115450435,0
2026-01-20T11:45:00,991.8085115450435,991.8085115450435,0
2026-01-20T12:00:00,991.8085115450435,991.8085115450435,0
2026-01-20T12:15:00,991.8085115450435,991.8085115450435,0
2026-01-20T12:30:00,991.8085115450435,991.8085115450435,0
2026-01-20T12:45:00,991.8085115450435,991.8085115450435,0
2026-01-20T13:00:00,991.8085115450435,991.8085115450435,0
2026-01-20T13:15:00,991.8085115450435,991.8085115450435,0
2026-01-20T13:30:00,991.8085115450435,991.8085115450435,0
2026-01-20T13:45:00,991.8085115450435,991.8085115450435,0
2026-01-20T14:00:00,991.8085115450435,991.8085115450435,0
2026-01-20T14:15:00,991.8085115450435,991.8085115450435,0
2026-01-20T14:30:00,991.8085115450435,991.8085115450435,0
2026-01-20T14:45:00,991.8085115450435,991.8085115450435,0
2026-01-20T15:00:00,991.8085115450435,991.8085115450435,0
2026-01-20T15:15:00,991.8085115450435,991.8085115450435,0
2026-01-20T15:30:00,991.8085115450435,991.8085115450435,0
2026-01-20T15:45:00,991.8085115450435,991.8085115450435,0
2026-01-20T16:00:00,991.8085115450435,991.8085115450435,0
2026-01-20T16:15:00,991.8085115450435,991.8085115450435,0
2026-01-20T16:30:00,991.8085115450435,991.8085115450435,0
2026-01-20T16:45:00,991.8085115450435,991.8085115450435,0
2026-01-20T17:00:00,991.8085115450435,991.8085115450435,0
2026-01-20T17:15:00,991.8085115450435,991.8085115450435,0
2026-01-20T17:30:00,990.9029094201786,872.6010629254217,1
2026-01-20T17:45:00,990.438023465804,872.6010629254217,1
2026-01-20T18:00:00,989.7332786862565,872.6010629254217,1
2026-01-20T18:15:00,990.6630505950055,872.6010629254217,1
2026-01-20T18:30:00,991.8351266981559,872.6010629254217,1
2026-01-20T18:45:00,991.8970583318719,872.6010629254217,1
2026-01-20T19:00:00,991.4994200312748,872.6010629254217,1
2026-01-20T19:15:00,991.9905671247529,872.6010629254217,1
2026-01-20T19:30:00,992.1964565817333,872.6010629254217,1
2026-01-20T19:45:00,990.7022296628586,872.6010629254217,1
2026-01-20T20:00:00,992.4339231978786,872.6010629254217,1
2026-01-20T20:15:00,990.0933390022075,990.0933390022075,0
2026-01-20T20:30:00,990.0933390022075,990.0933390022075,0
2026-01-20T20:45:00,990.0933390022075,990.0933390022075,0
2026-01-20T21:00:00,990.0933390022075,990.0933390022075,0
2026-01-20T21:15:00,990.0933390022075,990.0933390022075,0
2026-01-20T21:30:00,990.0933390022075,990.0933390022075,0
2026-01-20T21:45:00,990.0933390022075,990.0933390022075,0
2026-01-20T22:00:00,990.0933390022075,990.0933390022075,0
2026-01-20T22:15:00,990.0933390022075,990.0933390022075,0
2026-01-20T22:30:00,990.0933390022075,990.0933390022075,0
2026-01-20T22:45:00,990.0933390022075,990.0933390022075,0
2026-01-20T23:00:00,989.1893029698706,871.0920404008541,1
2026-01-20T23:15:00,989.734188982917,871.0920404008541,1
2026-01-20T23:30:00,989.050251939835,871.0920404008541,1
2026-01-20T23:45:00,989.8069482428193,871.0920404008541,1
2026-01-21T00:00:00,990.4197428984413,871.0920404008541,1
2026-01-21T00:15:00,990.0866671753328,871.0920404008541,1
2026-01-21T00:30:00,987.8440650978982,871.0920404008541,1
2026-01-21T00:45:00,986.1722652707097,986.1722652707097,0
2026-01-21T01:00:00,986.1722652707097,986.1722652707097,0
2026-01-21T01:15:00,986.1722652707097,986.1722652707097,0
2026-01-21T01:30:00,986.1722652707097,986.1722652707097,0
2026-01-21T01:45:00,986.1722652707097,986.1722652707097,0
2026-01-21T02:00:00,986.1722652707097,986.1722652707097,0
2026-01-21T02:15:00,986.1722652707097,986.1722652707097,0
2026-01-21T02:30:00,986.1722652707097,986.1722652707097,0
2026-01-21T02:45:00,986.1722652707097,986.1722652707097,0
2026-01-21T03:00:00,986.1722652707097,986.1722652707097,0
2026-01-21T03:15:00,986.1722652707097,986.1722652707097,0
2026-01-21T03:30:00,986.1722652707097,986.1722652707097,0
2026-01-21T03:45:00,986.1722652707097,986.1722652707097,0
2026-01-21T04:00:00,986.1722652707097,986.1722652707097,0
2026-01-21T04:15:00,986.1722652707097,986.1722652707097,0
2026-01-21T04:30:00,986.1722652707097,986.1722652707097,0
2026-01-21T04:45:00,986.1722652707097,986.1722652707097,0
2026-01-21T05:00:00,986.1722652707097,986.1722652707097,0
2026-01-21T05:15:00,986.1722652707097,986.1722652707097,0
2026-01-21T05:30:00,986.1722652707097,986.1722652707097,0
2026-01-21T05:45:00,986.1722652707097,986.1722652707097,0
2026-01-21T06:00:00,986.1722652707097,986.1722652707097,0
2026-01-21T06:15:00,986.1722652707097,986.1722652707097,0
2026-01-21T06:30:00,986.1722652707097,986.1722652707097,0
2026-01-21T06:45:00,986.1722652707097,986.1722652707097,0
2026-01-21T07:00:00,986.1722652707097,986.1722652707097,0
2026-01-21T07:15:00,986.1722652707097,986.1722652707097,0
2026-01-21T07:30:00,986.1722652707097,986.1722652707097,0
2026-01-21T07:45:00,986.1722652707097,986.1722652707097,0
2026-01-21T08:00:00,986.1722652707097,986.1722652707097,0
2026-01-21T08:15:00,986.1722652707097,986.1722652707097,0
2026-01-21T08:30:00,985.2718094987373,867.6422483632925,1
2026-01-21T08:45:00,984.3010525570141,867.6422483632925,1
2026-01-21T09:00:00,983.7836359032575,867.6422483632925,1
2026-01-21T09:15:00,983.463254074306,867.6422483632925,1
2026-01-21T09:30:00,983.5769896235837,867.6422483632925,1
2026-01-21T09:45:00,986.1272289820378,867.6422483632925,1
2026-01-21T10:00:00,984.7816253004414,867.6422483632925,1
2026-01-21T10:15:00,984.3491098313568,867.6422483632925,1
2026-01-21T10:30:00,983.905380998259,867.6422483632925,1
2026-01-21T10:45:00,984.5525522927411,867.6422483632925,1
2026-01-21T11:00:00,983.892565725101,867.6422483632925,1
2026-01-21T11:15:00,983.4056685895849,983.4056685895849,0
2026-01-21T11:30:00,983.4056685895849,983.4056685895849,0
2026-01-21T11:45:00,983.4056685895849,983.4056685895849,0
2026-01-21T12:00:00,983.4056685895849,983.4056685895849,0
2026-01-21T12:15:00,983.4056685895849,983.4056685895849,0
2026-01-21T12:30:00,983.4056685895849,983.4056685895849,0
2026-01-21T12:45:00,983.4056685895849,983.4056685895849,0
2026-01-21T13:00:00,983.4056685895849,983.4056685895849,0
2026-01-21T13:15:00,983.4056685895849,983.4056685895849,0
2026-01-21T13:30:00,983.4056685895849,983.4056685895849,0
2026-01-21T13:45:00,983.4056685895849,983.4056685895849,0
2026-01-21T14:00:00,983.4056685895849,983.4056685895849,0
2026-01-21T14:15:00,983.4056685895849,983.4056685895849,0
2026-01-21T14:30:00,983.4056685895849,983.4056685895849,0
2026-01-21T14:45:00,983.4056685895849,983.4056685895849,0
2026-01-21T15:00:00,983.4056685895849,983.4056685895849,0
2026-01-21T15:15:00,983.4056685895849,983.4056685895849,0
2026-01-21T15:30:00,983.4056685895849,983.4056685895849,0
2026-01-21T15:45:00,983.4056685895849,983.4056685895849,0
2026-01-21T16:00:00,983.4056685895849,983.4056685895849,0
2026-01-21T16:15:00,983.4056685895849,983.4056685895849,0
2026-01-21T16:30:00,983.4056685895849,983.4056685895849,0
2026-01-21T16:45:00,983.4056685895849,983.4056685895849,0
2026-01-21T17:00:00,982.5077389461987,865.2081744704656,1
2026-01-21T17:15:00,980.0339328186068,865.2081744704656,1
2026-01-21T17:30:00,979.2459095777002,865.2081744704656,1
2026-01-21T17:45:00,979.2089879062039,865.2081744704656,1
2026-01-21T18:00:00,979.3528849778122,865.2081744704656,1
2026-01-21T18:15:00,978.7580779327559,865.2081744704656,1
2026-01-21T18:30:00,978.1685763478265,865.2081744704656,1
2026-01-21T18:45:00,976.214921862075,865.2081744704656,1
2026-01-21T19:00:00,976.6773630906972,865.2081744704656,1
2026-01-21T19:15:00,969.5453873866086,969.5453873866086,0
2026-01-21T19:30:00,969.5453873866086,969.5453873866086,0
2026-01-21T19:45:00,969.5453873866086,969.5453873866086,0
2026-01-21T20:00:00,969.5453873866086,969.5453873866086,0
2026-01-21T20:15:00,969.5453873866086,969.5453873866086,0
2026-01-21T20:30:00,969.5453873866086,969.5453873866086,0
2026-01-21T20:45:00,969.5453873866086,969.5453873866086,0
2026-01-21T21:00:00,969.5453873866086,969.5453873866086,0
2026-01-21T21:15:00,969.5453873866086,969.5453873866086,0
2026-01-21T21:30:00,969.5453873866086,969.5453873866086,0
2026-01-21T21:45:00,969.5453873866086,969.5453873866086,0
2026-01-21T22:00:00,969.5453873866086,969.5453873866086,0
2026-01-21T22:15:00,969.5453873866086,969.5453873866086,0
2026-01-21T22:30:00,969.5453873866086,969.5453873866086,0
2026-01-21T22:45:00,969.5453873866086,969.5453873866086,0
2026-01-21T23:00:00,969.5453873866086,969.5453873866086,0
2026-01-21T23:15:00,969.5453873866086,969.5453873866086,0
2026-01-21T23:30:00,969.5453873866086,969.5453873866086,0
2026-01-21T23:45:00,969.5453873866086,969.5453873866086,0
2026-01-22T00:00:00,969.5453873866086,969.5453873866086,0
2026-01-22T00:15:00,969.5453873866086,969.5453873866086,0
2026-01-22T00:30:00,969.5453873866086,969.5453873866086,0
2026-01-22T00:45:00,969.5453873866086,969.5453873866086,0
2026-01-22T01:00:00,969.5453873866086,969.5453873866086,0
2026-01-22T01:15:00,969.5453873866086,969.5453873866086,0
2026-01-22T01:30:00,969.5453873866086,969.5453873866086,0
2026-01-22T01:45:00,969.5453873866086,969.5453873866086,0
2026-01-22T02:00:00,969.5453873866086,969.5453873866086,0
2026-01-22T02:15:00,969.5453873866086,969.5453873866086,0
2026-01-22T02:30:00,969.5453873866086,969.5453873866086,0
2026-01-22T02:45:00,969.5453873866086,969.5453873866086,0
2026-01-22T03:00:00,969.5453873866086,969.5453873866086,0
2026-01-22T03:15:00,969.5453873866086,969.5453873866086,0
2026-01-22T03:30:00,969.5453873866086,969.5453873866086,0
2026-01-22T03:45:00,969.5453873866086,969.5453873866086,0
2026-01-22T04:00:00,969.5453873866086,969.5453873866086,0
2026-01-22T04:15:00,969.5453873866086,969.5453873866086,0
2026-01-22T04:30:00,969.5453873866086,969.5453873866086,0
2026-01-22T04:45:00,969.5453873866086,969.5453873866086,0
2026-01-22T05:00:00,969.5453873866086,969.5453873866086,0
2026-01-22T05:15:00,969.5453873866086,969.5453873866086,0
2026-01-22T05:30:00,969.5453873866086,969.5453873866086,0
2026-01-22T05:45:00,969.5453873866086,969.5453873866086,0
2026-01-22T06:00:00,969.5453873866086,969.5453873866086,0
2026-01-22T06:15:00,969.5453873866086,969.5453873866086,0
2026-01-22T06:30:00,969.5453873866086,969.5453873866086,0
2026-01-22T06:45:00,969.5453873866086,969.5453873866086,0
2026-01-22T07:00:00,969.5453873866086,969.5453873866086,0
2026-01-22T07:15:00,969.5453873866086,969.5453873866086,0
2026-01-22T07:30:00,969.5453873866086,969.5453873866086,0
2026-01-22T07:45:00,969.5453873866086,969.5453873866086,0
2026-01-22T08:00:00,969.5453873866086,969.5453873866086,0
2026-01-22T08:15:00,969.5453873866086,969.5453873866086,0
2026-01-22T08:30:00,969.5453873866086,969.5453873866086,0
2026-01-22T08:45:00,969.5453873866086,969.5453873866086,0
2026-01-22T09:00:00,969.5453873866086,969.5453873866086,0
2026-01-22T09:15:00,969.5453873866086,969.5453873866086,0
2026-01-22T09:30:00,969.5453873866086,969.5453873866086,0
2026-01-22T09:45:00,969.5453873866086,969.5453873866086,0
2026-01-22T10:00:00,969.5453873866086,969.5453873866086,0
2026-01-22T10:15:00,969.5453873866086,969.5453873866086,0
2026-01-22T10:30:00,969.5453873866086,969.5453873866086,0
2026-01-22T10:45:00,969.5453873866086,969.5453873866086,0
2026-01-22T11:00:00,969.5453873866086,969.5453873866086,0
2026-01-22T11:15:00,969.5453873866086,969.5453873866086,0
2026-01-22T11:30:00,969.5453873866086,969.5453873866086,0
2026-01-22T11:45:00,969.5453873866086,969.5453873866086,0
2026-01-22T12:00:00,969.5453873866086,969.5453873866086,0
2026-01-22T12:15:00,969.5453873866086,969.5453873866086,0
2026-01-22T12:30:00,969.5453873866086,969.5453873866086,0
2026-01-22T12:45:00,969.5453873866086,969.5453873866086,0
2026-01-22T13:00:00,969.5453873866086,969.5453873866086,0
2026-01-22T13:15:00,969.5453873866086,969.5453873866086,0
2026-01-22T13:30:00,969.5453873866086,969.5453873866086,0
2026-01-22T13:45:00,969.5453873866086,969.5453873866086,0
2026-01-22T14:00:00,969.5453873866086,969.5453873866086,0
2026-01-22T14:15:00,969.5453873866086,969.5453873866086,0
2026-01-22T14:30:00,969.5453873866086,969.5453873866086,0
2026-01-22T14:45:00,969.5453873866086,969.5453873866086,0
2026-01-22T15:00:00,969.5453873866086,969.5453873866086,0
2026-01-22T15:15:00,969.5453873866086,969.5453873866086,0
2026-01-22T15:30:00,969.5453873866086,969.5453873866086,0
2026-01-22T15:45:00,969.5453873866086,969.5453873866086,0
2026-01-22T16:00:00,969.5453873866086,969.5453873866086,0
2026-01-22T16:15:00,969.5453873866086,969.5453873866086,0
2026-01-22T16:30:00,969.5453873866086,969.5453873866086,0
2026-01-22T16:45:00,969.5453873866086,969.5453873866086,0
2026-01-22T17:00:00,969.5453873866086,969.5453873866086,0
2026-01-22T17:15:00,969.5453873866086,969.5453873866086,0
2026-01-22T17:30:00,969.5453873866086,969.5453873866086,0
2026-01-22T17:45:00,969.5453873866086,969.5453873866086,0
2026-01-22T18:00:00,969.5453873866086,969.5453873866086,0
2026-01-22T18:15:00,969.5453873866086,969.5453873866086,0
2026-01-22T18:30:00,969.5453873866086,969.5453873866086,0
2026-01-22T18:45:00,969.5453873866086,969.5453873866086,0
2026-01-22T19:00:00,969.5453873866086,969.5453873866086,0
2026-01-22T19:15:00,969.5453873866086,969.5453873866086,0
2026-01-22T19:30:00,969.5453873866086,969.5453873866086,0
2026-01-22T19:45:00,969.5453873866086,969.5453873866086,0
2026-01-22T20:00:00,969.5453873866086,969.5453873866086,0
2026-01-22T20:15:00,969.5453873866086,969.5453873866086,0
2026-01-22T20:30:00,969.5453873866086,969.5453873866086,0
2026-01-22T20:45:00,969.5453873866086,969.5453873866086,0
2026-01-22T21:00:00,969.5453873866086,969.5453873866086,0
2026-01-22T21:15:00,969.5453873866086,969.5453873866086,0
2026-01-22T21:30:00,969.5453873866086,969.5453873866086,0
2026-01-22T21:45:00,969.5453873866086,969.5453873866086,0
2026-01-22T22:00:00,969.5453873866086,969.5453873866086,0
2026-01-22T22:15:00,969.5453873866086,969.5453873866086,0
2026-01-22T22:30:00,969.5453873866086,969.5453873866086,0
2026-01-22T22:45:00,969.5453873866086,969.5453873866086,0
2026-01-22T23:00:00,969.5453873866086,969.5453873866086,0
2026-01-22T23:15:00,969.5453873866086,969.5453873866086,0
2026-01-22T23:30:00,969.5453873866086,969.5453873866086,0
2026-01-22T23:45:00,969.5453873866086,969.5453873866086,0
2026-01-23T00:00:00,969.5453873866086,969.5453873866086,0
2026-01-23T00:15:00,969.5453873866086,969.5453873866086,0
2026-01-23T00:30:00,969.5453873866086,969.5453873866086,0
2026-01-23T00:45:00,969.5453873866086,969.5453873866086,0
2026-01-23T01:00:00,969.5453873866086,969.5453873866086,0
2026-01-23T01:15:00,969.5453873866086,969.5453873866086,0
2026-01-23T01:30:00,969.5453873866086,969.5453873866086,0
2026-01-23T01:45:00,969.5453873866086,969.5453873866086,0
2026-01-23T02:00:00,969.5453873866086,969.5453873866086,0
2026-01-23T02:15:00,969.5453873866086,969.5453873866086,0
2026-01-23T02:30:00,969.5453873866086,969.5453873866086,0
2026-01-23T02:45:00,969.5453873866086,969.5453873866086,0
2026-01-23T03:00:00,969.5453873866086,969.5453873866086,0
2026-01-23T03:15:00,969.5453873866086,969.5453873866086,0
2026-01-23T03:30:00,969.5453873866086,969.5453873866086,0
2026-01-23T03:45:00,969.5453873866086,969.5453873866086,0
2026-01-23T04:00:00,969.5453873866086,969.5453873866086,0
2026-01-23T04:15:00,969.5453873866086,969.5453873866086,0
2026-01-23T04:30:00,969.5453873866086,969.5453873866086,0
2026-01-23T04:45:00,969.5453873866086,969.5453873866086,0
2026-01-23T05:00:00,969.5453873866086,969.5453873866086,0
2026-01-23T05:15:00,969.5453873866086,969.5453873866086,0
2026-01-23T05:30:00,969.5453873866086,969.5453873866086,0
2026-01-23T05:45:00,969.5453873866086,969.5453873866086,0
2026-01-23T06:00:00,969.5453873866086,969.5453873866086,0
2026-01-23T06:15:00,969.5453873866086,969.5453873866086,0
2026-01-23T06:30:00,969.5453873866086,969.5453873866086,0
2026-01-23T06:45:00,969.5453873866086,969.5453873866086,0
2026-01-23T07:00:00,968.6601133112706,853.0137881858374,1
2026-01-23T07:15:00,967.798235713551,853.0137881858374,1
2026-01-23T07:30:00,967.6176216581465,853.0137881858374,1
2026-01-23T07:45:00,967.6017783199532,853.0137881858374,1
2026-01-23T08:00:00,967.8980487441693,853.0137881858374,1
2026-01-23T08:15:00,969.3794008652499,853.0137881858374,1
2026-01-23T08:30:00,969.938670703476,853.0137881858374,1
2026-01-23T08:45:00,970.9051143332719,853.0137881858374,1
2026-01-23T09:00:00,970.8480783157758,853.0137881858374,1
2026-01-23T09:15:00,970.6817232647453,853.0137881858374,1
2026-01-23T09:30:00,971.4897335126075,853.0137881858374,1
2026-01-23T09:45:00,971.9301783143833,853.0137881858374,1
2026-01-23T10:00:00,971.3011977881063,853.0137881858374,1
2026-01-23T10:15:00,971.0160177006255,853.0137881858374,1
2026-01-23T10:30:00,970.6405305854425,853.0137881858374,1
2026-01-23T10:45:00,970.3806998390712,853.0137881858374,1
2026-01-23T11:00:00,968.707544635479,968.707544635479,0
2026-01-23T11:15:00,968.707544635479,968.707544635479,0
2026-01-23T11:30:00,968.707544635479,968.707544635479,0
2026-01-23T11:45:00,968.707544635479,968.707544635479,0
2026-01-23T12:00:00,968.707544635479,968.707544635479,0
2026-01-23T12:15:00,968.707544635479,968.707544635479,0
2026-01-23T12:30:00,968.707544635479,968.707544635479,0
2026-01-23T12:45:00,968.707544635479,968.707544635479,0
2026-01-23T13:00:00,968.707544635479,968.707544635479,0
2026-01-23T13:15:00,968.707544635479,968.707544635479,0
2026-01-23T13:30:00,968.707544635479,968.707544635479,0
2026-01-23T13:45:00,968.707544635479,968.707544635479,0
2026-01-23T14:00:00,968.707544635479,968.707544635479,0
2026-01-23T14:15:00,968.707544635479,968.707544635479,0
2026-01-23T14:30:00,968.707544635479,968.707544635479,0
2026-01-23T14:45:00,968.707544635479,968.707544635479,0
2026-01-23T15:00:00,968.707544635479,968.707544635479,0
2026-01-23T15:15:00,968.707544635479,968.707544635479,0
2026-01-23T15:30:00,968.707544635479,968.707544635479,0
2026-01-23T15:45:00,968.707544635479,968.707544635479,0
2026-01-23T16:00:00,968.707544635479,968.707544635479,0
2026-01-23T16:15:00,968.707544635479,968.707544635479,0
2026-01-23T16:30:00,968.707544635479,968.707544635479,0
2026-01-23T16:45:00,968.707544635479,968.707544635479,0
2026-01-23T17:00:00,968.707544635479,968.707544635479,0
2026-01-23T17:15:00,968.707544635479,968.707544635479,0
2026-01-23T17:30:00,968.707544635479,968.707544635479,0
2026-01-23T17:45:00,968.707544635479,968.707544635479,0
2026-01-23T18:00:00,968.707544635479,968.707544635479,0
2026-01-23T18:15:00,968.707544635479,968.707544635479,0
2026-01-23T18:30:00,968.707544635479,968.707544635479,0
2026-01-23T18:45:00,968.707544635479,968.707544635479,0
2026-01-23T19:00:00,968.707544635479,968.707544635479,0
2026-01-23T19:15:00,968.707544635479,968.707544635479,0
2026-01-23T19:30:00,968.707544635479,968.707544635479,0
2026-01-23T19:45:00,968.707544635479,968.707544635479,0
2026-01-23T20:00:00,968.707544635479,968.707544635479,0
2026-01-23T20:15:00,968.707544635479,968.707544635479,0
2026-01-23T20:30:00,968.707544635479,968.707544635479,0
2026-01-23T20:45:00,968.707544635479,968.707544635479,0
2026-01-23T21:00:00,968.707544635479,968.707544635479,0
2026-01-23T21:15:00,968.707544635479,968.707544635479,0
2026-01-23T21:30:00,968.707544635479,968.707544635479,0
2026-01-23T21:45:00,968.707544635479,968.707544635479,0
2026-01-23T22:00:00,968.707544635479,968.707544635479,0
2026-01-23T22:15:00,968.707544635479,968.707544635479,0
2026-01-23T22:30:00,968.707544635479,968.707544635479,0
2026-01-23T22:45:00,968.707544635479,968.707544635479,0
2026-01-23T23:00:00,968.707544635479,968.707544635479,0
2026-01-23T23:15:00,968.707544635479,968.707544635479,0
2026-01-23T23:30:00,968.707544635479,968.707544635479,0
2026-01-23T23:45:00,968.707544635479,968.707544635479,0
2026-01-24T00:00:00,968.707544635479,968.707544635479,0
2026-01-24T00:15:00,968.707544635479,968.707544635479,0
2026-01-24T00:30:00,968.707544635479,968.707544635479,0
2026-01-24T00:45:00,968.707544635479,968.707544635479,0
2026-01-24T01:00:00,968.707544635479,968.707544635479,0
2026-01-24T01:15:00,968.707544635479,968.707544635479,0
2026-01-24T01:30:00,968.707544635479,968.707544635479,0
2026-01-24T01:45:00,968.707544635479,968.707544635479,0
2026-01-24T02:00:00,968.707544635479,968.707544635479,0
2026-01-24T02:15:00,968.707544635479,968.707544635479,0
2026-01-24T02:30:00,968.707544635479,968.707544635479,0
2026-01-24T02:45:00,968.707544635479,968.707544635479,0
2026-01-24T03:00:00,968.707544635479,968.707544635479,0
2026-01-24T03:15:00,968.707544635479,968.707544635479,0
2026-01-24T03:30:00,968.707544635479,968.707544635479,0
2026-01-24T03:45:00,968.707544635479,968.707544635479,0
2026-01-24T04:00:00,968.707544635479,968.707544635479,0
2026-01-24T04:15:00,968.707544635479,968.707544635479,0
2026-01-24T04:30:00,968.707544635479,968.707544635479,0
2026-01-24T04:45:00,968.707544635479,968.707544635479,0
2026-01-24T05:00:00,968.707544635479,968.707544635479,0
2026-01-24T05:15:00,968.707544635479,968.707544635479,0
2026-01-24T05:30:00,968.707544635479,968.707544635479,0
2026-01-24T05:45:00,968.707544635479,968.707544635479,0
2026-01-24T06:00:00,968.707544635479,968.707544635479,0
2026-01-24T06:15:00,968.707544635479,968.707544635479,0
2026-01-24T06:30:00,968.707544635479,968.707544635479,0
2026-01-24T06:45:00,968.707544635479,968.707544635479,0
2026-01-24T07:00:00,968.707544635479,968.707544635479,0
2026-01-24T07:15:00,968.707544635479,968.707544635479,0
2026-01-24T07:30:00,968.707544635479,968.707544635479,0
2026-01-24T07:45:00,968.707544635479,968.707544635479,0
2026-01-24T08:00:00,968.707544635479,968.707544635479,0
2026-01-24T08:15:00,968.707544635479,968.707544635479,0
2026-01-24T08:30:00,968.707544635479,968.707544635479,0
2026-01-24T08:45:00,968.707544635479,968.707544635479,0
2026-01-24T09:00:00,968.707544635479,968.707544635479,0
2026-01-24T09:15:00,968.707544635479,968.707544635479,0
2026-01-24T09:30:00,968.707544635479,968.707544635479,0
2026-01-24T09:45:00,968.707544635479,968.707544635479,0
2026-01-24T10:00:00,968.707544635479,968.707544635479,0
2026-01-24T10:15:00,968.707544635479,968.707544635479,0
2026-01-24T10:30:00,968.707544635479,968.707544635479,0
2026-01-24T10:45:00,968.707544635479,968.707544635479,0
2026-01-24T11:00:00,968.707544635479,968.707544635479,0
2026-01-24T11:15:00,968.707544635479,968.707544635479,0
2026-01-24T11:30:00,968.707544635479,968.707544635479,0
2026-01-24T11:45:00,968.707544635479,968.707544635479,0
2026-01-24T12:00:00,968.707544635479,968.707544635479,0
2026-01-24T12:15:00,968.707544635479,968.707544635479,0
2026-01-24T12:30:00,968.707544635479,968.707544635479,0
2026-01-24T12:45:00,968.707544635479,968.707544635479,0
2026-01-24T13:00:00,968.707544635479,968.707544635479,0
2026-01-24T13:15:00,968.707544635479,968.707544635479,0
2026-01-24T13:30:00,968.707544635479,968.707544635479,0
2026-01-24T13:45:00,968.707544635479,968.707544635479,0
2026-01-24T14:00:00,968.707544635479,968.707544635479,0
2026-01-24T14:15:00,968.707544635479,968.707544635479,0
2026-01-24T14:30:00,968.707544635479,968.707544635479,0
2026-01-24T14:45:00,968.707544635479,968.707544635479,0
2026-01-24T15:00:00,968.707544635479,968.707544635479,0
2026-01-24T15:15:00,968.707544635479,968.707544635479,0
2026-01-24T15:30:00,968.707544635479,968.707544635479,0
2026-01-24T15:45:00,968.707544635479,968.707544635479,0
2026-01-24T16:00:00,968.707544635479,968.707544635479,0
2026-01-24T16:15:00,968.707544635479,968.707544635479,0
2026-01-24T16:30:00,968.707544635479,968.707544635479,0
2026-01-24T16:45:00,968.707544635479,968.707544635479,0
2026-01-24T17:00:00,968.707544635479,968.707544635479,0
2026-01-24T17:15:00,968.707544635479,968.707544635479,0
2026-01-24T17:30:00,968.707544635479,968.707544635479,0
2026-01-24T17:45:00,968.707544635479,968.707544635479,0
2026-01-24T18:00:00,968.707544635479,968.707544635479,0
2026-01-24T18:15:00,968.707544635479,968.707544635479,0
2026-01-24T18:30:00,968.707544635479,968.707544635479,0
2026-01-24T18:45:00,968.707544635479,968.707544635479,0
2026-01-24T19:00:00,968.707544635479,968.707544635479,0
2026-01-24T19:15:00,968.707544635479,968.707544635479,0
2026-01-24T19:30:00,968.707544635479,968.707544635479,0
2026-01-24T19:45:00,968.707544635479,968.707544635479,0
2026-01-24T20:00:00,968.707544635479,968.707544635479,0
2026-01-24T20:15:00,968.707544635479,968.707544635479,0
2026-01-24T20:30:00,968.707544635479,968.707544635479,0
2026-01-24T20:45:00,968.707544635479,968.707544635479,0
2026-01-24T21:00:00,968.707544635479,968.707544635479,0
2026-01-24T21:15:00,968.707544635479,968.707544635479,0
2026-01-24T21:30:00,968.707544635479,968.707544635479,0
2026-01-24T21:45:00,968.707544635479,968.707544635479,0
2026-01-24T22:00:00,968.707544635479,968.707544635479,0
2026-01-24T22:15:00,968.707544635479,968.707544635479,0
2026-01-24T22:30:00,968.707544635479,968.707544635479,0
2026-01-24T22:45:00,968.707544635479,968.707544635479,0
2026-01-24T23:00:00,968.707544635479,968.707544635479,0
2026-01-24T23:15:00,968.707544635479,968.707544635479,0
2026-01-24T23:30:00,968.707544635479,968.707544635479,0
2026-01-24T23:45:00,968.707544635479,968.707544635479,0
2026-01-25T00:00:00,968.707544635479,968.707544635479,0
2026-01-25T00:15:00,968.707544635479,968.707544635479,0
2026-01-25T00:30:00,968.707544635479,968.707544635479,0
2026-01-25T00:45:00,968.707544635479,968.707544635479,0
2026-01-25T01:00:00,968.707544635479,968.707544635479,0
2026-01-25T01:15:00,968.707544635479,968.707544635479,0
2026-01-25T01:30:00,968.707544635479,968.707544635479,0
2026-01-25T01:45:00,968.707544635479,968.707544635479,0
2026-01-25T02:00:00,968.707544635479,968.707544635479,0
2026-01-25T02:15:00,968.707544635479,968.707544635479,0
2026-01-25T02:30:00,968.707544635479,968.707544635479,0
2026-01-25T02:45:00,968.707544635479,968.707544635479,0
2026-01-25T03:00:00,968.707544635479,968.707544635479,0
2026-01-25T03:15:00,968.707544635479,968.707544635479,0
2026-01-25T03:30:00,968.707544635479,968.707544635479,0
2026-01-25T03:45:00,968.707544635479,968.707544635479,0
2026-01-25T04:00:00,968.707544635479,968.707544635479,0
2026-01-25T04:15:00,968.707544635479,968.707544635479,0
2026-01-25T04:30:00,968.707544635479,968.707544635479,0
2026-01-25T04:45:00,968.707544635479,968.707544635479,0
2026-01-25T05:00:00,968.707544635479,968.707544635479,0
2026-01-25T05:15:00,968.707544635479,968.707544635479,0
2026-01-25T05:30:00,968.707544635479,968.707544635479,0
2026-01-25T05:45:00,968.707544635479,968.707544635479,0
2026-01-25T06:00:00,968.707544635479,968.707544635479,0
2026-01-25T06:15:00,968.707544635479,968.707544635479,0
2026-01-25T06:30:00,968.707544635479,968.707544635479,0
2026-01-25T06:45:00,968.707544635479,968.707544635479,0
2026-01-25T07:00:00,968.707544635479,968.707544635479,0
2026-01-25T07:15:00,968.707544635479,968.707544635479,0
2026-01-25T07:30:00,968.707544635479,968.707544635479,0
2026-01-25T07:45:00,968.707544635479,968.707544635479,0
2026-01-25T08:00:00,968.707544635479,968.707544635479,0
2026-01-25T08:15:00,968.707544635479,968.707544635479,0
2026-01-25T08:30:00,967.8230355789595,852.2766474306516,1
2026-01-25T08:45:00,967.9127259369241,852.2766474306516,1
2026-01-25T09:00:00,967.5964105592471,852.2766474306516,1
2026-01-25T09:15:00,967.0456664152507,852.2766474306516,1
2026-01-25T09:30:00,966.9215446617833,852.2766474306516,1
2026-01-25T09:45:00,967.394040427638,852.2766474306516,1
2026-01-25T10:00:00,966.9643070840696,852.2766474306516,1
2026-01-25T10:15:00,965.8225129837946,965.8225129837946,0
2026-01-25T10:30:00,965.8225129837946,965.8225129837946,0
2026-01-25T10:45:00,965.8225129837946,965.8225129837946,0
2026-01-25T11:00:00,965.8225129837946,965.8225129837946,0
2026-01-25T11:15:00,965.8225129837946,965.8225129837946,0
2026-01-25T11:30:00,965.8225129837946,965.8225129837946,0
2026-01-25T11:45:00,965.8225129837946,965.8225129837946,0
2026-01-25T12:00:00,965.8225129837946,965.8225129837946,0
2026-01-25T12:15:00,965.8225129837946,965.8225129837946,0
2026-01-25T12:30:00,965.8225129837946,965.8225129837946,0
2026-01-25T12:45:00,965.8225129837946,965.8225129837946,0
2026-01-25T13:00:00,965.8225129837946,965.8225129837946,0
2026-01-25T13:15:00,965.8225129837946,965.8225129837946,0
2026-01-25T13:30:00,965.8225129837946,965.8225129837946,0
2026-01-25T13:45:00,965.8225129837946,965.8225129837946,0
2026-01-25T14:00:00,965.8225129837946,965.8225129837946,0
2026-01-25T14:15:00,965.8225129837946,965.8225129837946,0
2026-01-25T14:30:00,965.8225129837946,965.8225129837946,0
2026-01-25T14:45:00,965.8225129837946,965.8225129837946,0
2026-01-25T15:00:00,965.8225129837946,965.8225129837946,0
2026-01-25T15:15:00,965.8225129837946,965.8225129837946,0
2026-01-25T15:30:00,965.8225129837946,965.8225129837946,0
2026-01-25T15:45:00,965.8225129837946,965.8225129837946,0
2026-01-25T16:00:00,965.8225129837946,965.8225129837946,0
2026-01-25T16:15:00,965.8225129837946,965.8225129837946,0
2026-01-25T16:30:00,965.8225129837946,965.8225129837946,0
2026-01-25T16:45:00,965.8225129837946,965.8225129837946,0
2026-01-25T17:00:00,964.9406381966563,849.7383735032463,1
2026-01-25T17:15:00,965.0050367795413,849.7383735032463,1
2026-01-25T17:30:00,963.5512387709125,849.7383735032463,1
2026-01-25T17:45:00,964.8520901451895,849.7383735032463,1
2026-01-25T18:00:00,967.0030028135486,849.7383735032463,1
2026-01-25T18:15:00,969.5386970146457,849.7383735032463,1
2026-01-25T18:30:00,972.3835044135907,849.7383735032463,1
2026-01-25T18:45:00,970.6833818254265,849.7383735032463,1
2026-01-25T19:00:00,970.4789163247667,849.7383735032463,1
2026-01-25T19:15:00,975.0818050364724,849.7383735032463,1
2026-01-25T19:30:00,974.4700184990647,849.7383735032463,1
2026-01-25T19:45:00,976.3552870130233,849.7383735032463,1
2026-01-25T20:00:00,977.715707076469,849.7383735032463,1
2026-01-25T20:15:00,977.5675903358335,849.7383735032463,1
2026-01-25T20:30:00,978.6961755008931,849.7383735032463,1
2026-01-25T20:45:00,976.8769155343919,849.7383735032463,1
2026-01-25T21:00:00,975.6163132744178,849.7383735032463,1
2026-01-25T21:15:00,974.9562277998466,849.7383735032463,1
2026-01-25T21:30:00,976.6973662183179,976.6973662183179,0
2026-01-25T21:45:00,976.6973662183179,976.6973662183179,0
2026-01-25T22:00:00,976.6973662183179,976.6973662183179,0
2026-01-25T22:15:00,976.6973662183179,976.6973662183179,0
2026-01-25T22:30:00,976.6973662183179,976.6973662183179,0
2026-01-25T22:45:00,976.6973662183179,976.6973662183179,0
2026-01-25T23:00:00,976.6973662183179,976.6973662183179,0
2026-01-25T23:15:00,976.6973662183179,976.6973662183179,0
2026-01-25T23:30:00,976.6973662183179,976.6973662183179,0
2026-01-25T23:45:00,976.6973662183179,976.6973662183179,0
2026-01-26T00:00:00,976.6973662183179,976.6973662183179,0
2026-01-26T00:15:00,976.6973662183179,976.6973662183179,0
2026-01-26T00:30:00,976.6973662183179,976.6973662183179,0
2026-01-26T00:45:00,976.6973662183179,976.6973662183179,0
2026-01-26T01:00:00,976.6973662183179,976.6973662183179,0
2026-01-26T01:15:00,976.6973662183179,976.6973662183179,0
2026-01-26T01:30:00,976.6973662183179,976.6973662183179,0
2026-01-26T01:45:00,976.6973662183179,976.6973662183179,0
2026-01-26T02:00:00,976.6973662183179,976.6973662183179,0
2026-01-26T02:15:00,976.6973662183179,976.6973662183179,0
2026-01-26T02:30:00,976.6973662183179,976.6973662183179,0
2026-01-26T02:45:00,976.6973662183179,976.6973662183179,0
2026-01-26T03:00:00,976.6973662183179,976.6973662183179,0
2026-01-26T03:15:00,976.6973662183179,976.6973662183179,0
2026-01-26T03:30:00,976.6973662183179,976.6973662183179,0
2026-01-26T03:45:00,976.6973662183179,976.6973662183179,0
2026-01-26T04:00:00,976.6973662183179,976.6973662183179,0
2026-01-26T04:15:00,976.6973662183179,976.6973662183179,0
2026-01-26T04:30:00,976.6973662183179,976.6973662183179,0
2026-01-26T04:45:00,976.6973662183179,976.6973662183179,0
2026-01-26T05:00:00,976.6973662183179,976.6973662183179,0
2026-01-26T05:15:00,976.6973662183179,976.6973662183179,0
2026-01-26T05:30:00,976.6973662183179,976.6973662183179,0
2026-01-26T05:45:00,976.6973662183179,976.6973662183179,0
2026-01-26T06:00:00,976.6973662183179,976.6973662183179,0
2026-01-26T06:15:00,976.6973662183179,976.6973662183179,0
2026-01-26T06:30:00,976.6973662183179,976.6973662183179,0
2026-01-26T06:45:00,976.6973662183179,976.6973662183179,0
2026-01-26T07:00:00,976.6973662183179,976.6973662183179,0
2026-01-26T07:15:00,976.6973662183179,976.6973662183179,0
2026-01-26T07:30:00,976.6973662183179,976.6973662183179,0
2026-01-26T07:45:00,976.6973662183179,976.6973662183179,0
2026-01-26T08:00:00,976.6973662183179,976.6973662183179,0
2026-01-26T08:15:00,976.6973662183179,976.6973662183179,0
2026-01-26T08:30:00,976.6973662183179,976.6973662183179,0
2026-01-26T08:45:00,976.6973662183179,976.6973662183179,0
2026-01-26T09:00:00,976.6973662183179,976.6973662183179,0
2026-01-26T09:15:00,976.6973662183179,976.6973662183179,0
2026-01-26T09:30:00,976.6973662183179,976.6973662183179,0
2026-01-26T09:45:00,976.6973662183179,976.6973662183179,0
2026-01-26T10:00:00,976.6973662183179,976.6973662183179,0
2026-01-26T10:15:00,976.6973662183179,976.6973662183179,0
2026-01-26T10:30:00,976.6973662183179,976.6973662183179,0
2026-01-26T10:45:00,976.6973662183179,976.6973662183179,0
2026-01-26T11:00:00,976.6973662183179,976.6973662183179,0
2026-01-26T11:15:00,976.6973662183179,976.6973662183179,0
2026-01-26T11:30:00,976.6973662183179,976.6973662183179,0
2026-01-26T11:45:00,976.6973662183179,976.6973662183179,0
2026-01-26T12:00:00,976.6973662183179,976.6973662183179,0
2026-01-26T12:15:00,976.6973662183179,976.6973662183179,0
2026-01-26T12:30:00,976.6973662183179,976.6973662183179,0
2026-01-26T12:45:00,976.6973662183179,976.6973662183179,0
2026-01-26T13:00:00,976.6973662183179,976.6973662183179,0
2026-01-26T13:15:00,976.6973662183179,976.6973662183179,0
2026-01-26T13:30:00,976.6973662183179,976.6973662183179,0
2026-01-26T13:45:00,976.6973662183179,976.6973662183179,0
2026-01-26T14:00:00,976.6973662183179,976.6973662183179,0
2026-01-26T14:15:00,976.6973662183179,976.6973662183179,0
2026-01-26T14:30:00,976.6973662183179,976.6973662183179,0
2026-01-26T14:45:00,976.6973662183179,976.6973662183179,0
2026-01-26T15:00:00,976.6973662183179,976.6973662183179,0
2026-01-26T15:15:00,976.6973662183179,976.6973662183179,0
2026-01-26T15:30:00,976.6973662183179,976.6973662183179,0
2026-01-26T15:45:00,976.6973662183179,976.6973662183179,0
2026-01-26T16:00:00,976.6973662183179,976.6973662183179,0
2026-01-26T16:15:00,976.6973662183179,976.6973662183179,0
2026-01-26T16:30:00,976.6973662183179,976.6973662183179,0
2026-01-26T16:45:00,976.6973662183179,976.6973662183179,0
2026-01-26T17:00:00,976.6973662183179,976.6973662183179,0
2026-01-26T17:15:00,976.6973662183179,976.6973662183179,0
2026-01-26T17:30:00,976.6973662183179,976.6973662183179,0
2026-01-26T17:45:00,976.6973662183179,976.6973662183179,0
2026-01-26T18:00:00,976.6973662183179,976.6973662183179,0
2026-01-26T18:15:00,976.6973662183179,976.6973662183179,0
2026-01-26T18:30:00,976.6973662183179,976.6973662183179,0
2026-01-26T18:45:00,976.6973662183179,976.6973662183179,0
2026-01-26T19:00:00,976.6973662183179,976.6973662183179,0
2026-01-26T19:15:00,976.6973662183179,976.6973662183179,0
2026-01-26T19:30:00,976.6973662183179,976.6973662183179,0
2026-01-26T19:45:00,976.6973662183179,976.6973662183179,0
2026-01-26T20:00:00,976.6973662183179,976.6973662183179,0
2026-01-26T20:15:00,976.6973662183179,976.6973662183179,0
2026-01-26T20:30:00,976.6973662183179,976.6973662183179,0
2026-01-26T20:45:00,976.6973662183179,976.6973662183179,0
2026-01-26T21:00:00,976.6973662183179,976.6973662183179,0
2026-01-26T21:15:00,976.6973662183179,976.6973662183179,0
2026-01-26T21:30:00,976.6973662183179,976.6973662183179,0
2026-01-26T21:45:00,976.6973662183179,976.6973662183179,0
2026-01-26T22:00:00,976.6973662183179,976.6973662183179,0
2026-01-26T22:15:00,976.6973662183179,976.6973662183179,0
2026-01-26T22:30:00,976.6973662183179,976.6973662183179,0
2026-01-26T22:45:00,976.6973662183179,976.6973662183179,0
2026-01-26T23:00:00,976.6973662183179,976.6973662183179,0
2026-01-26T23:15:00,976.6973662183179,976.6973662183179,0
2026-01-26T23:30:00,976.6973662183179,976.6973662183179,0
2026-01-26T23:45:00,976.6973662183179,976.6973662183179,0
2026-01-27T00:00:00,976.6973662183179,976.6973662183179,0
2026-01-27T00:15:00,976.6973662183179,976.6973662183179,0
2026-01-27T00:30:00,976.6973662183179,976.6973662183179,0
2026-01-27T00:45:00,976.6973662183179,976.6973662183179,0
2026-01-27T01:00:00,976.6973662183179,976.6973662183179,0
2026-01-27T01:15:00,976.6973662183179,976.6973662183179,0
2026-01-27T01:30:00,976.6973662183179,976.6973662183179,0
2026-01-27T01:45:00,976.6973662183179,976.6973662183179,0
2026-01-27T02:00:00,976.6973662183179,976.6973662183179,0
2026-01-27T02:15:00,976.6973662183179,976.6973662183179,0
2026-01-27T02:30:00,976.6973662183179,976.6973662183179,0
2026-01-27T02:45:00,976.6973662183179,976.6973662183179,0
2026-01-27T03:00:00,976.6973662183179,976.6973662183179,0
2026-01-27T03:15:00,976.6973662183179,976.6973662183179,0
2026-01-27T03:30:00,976.6973662183179,976.6973662183179,0
2026-01-27T03:45:00,976.6973662183179,976.6973662183179,0
2026-01-27T04:00:00,976.6973662183179,976.6973662183179,0
2026-01-27T04:15:00,976.6973662183179,976.6973662183179,0
2026-01-27T04:30:00,976.6973662183179,976.6973662183179,0
2026-01-27T04:45:00,976.6973662183179,976.6973662183179,0
2026-01-27T05:00:00,976.6973662183179,976.6973662183179,0
2026-01-27T05:15:00,976.6973662183179,976.6973662183179,0
2026-01-27T05:30:00,976.6973662183179,976.6973662183179,0
2026-01-27T05:45:00,976.6973662183179,976.6973662183179,0
2026-01-27T06:00:00,976.6973662183179,976.6973662183179,0
2026-01-27T06:15:00,976.6973662183179,976.6973662183179,0
2026-01-27T06:30:00,976.6973662183179,976.6973662183179,0
2026-01-27T06:45:00,976.6973662183179,976.6973662183179,0
2026-01-27T07:00:00,976.6973662183179,976.6973662183179,0
2026-01-27T07:15:00,975.8076714736025,859.3061563778059,1
2026-01-27T07:30:00,975.0477231460322,975.0477231460322,0
2026-01-27T07:45:00,975.0477231460322,975.0477231460322,0
2026-01-27T08:00:00,975.0477231460322,975.0477231460322,0
2026-01-27T08:15:00,975.0477231460322,975.0477231460322,0
2026-01-27T08:30:00,975.0477231460322,975.0477231460322,0
2026-01-27T08:45:00,975.0477231460322,975.0477231460322,0
2026-01-27T09:00:00,975.0477231460322,975.0477231460322,0
2026-01-27T09:15:00,975.0477231460322,975.0477231460322,0
2026-01-27T09:30:00,975.0477231460322,975.0477231460322,0
2026-01-27T09:45:00,975.0477231460322,975.0477231460322,0
2026-01-27T10:00:00,975.0477231460322,975.0477231460322,0
2026-01-27T10:15:00,975.0477231460322,975.0477231460322,0
2026-01-27T10:30:00,975.0477231460322,975.0477231460322,0
2026-01-27T10:45:00,975.0477231460322,975.0477231460322,0
2026-01-27T11:00:00,975.0477231460322,975.0477231460322,0
2026-01-27T11:15:00,975.0477231460322,975.0477231460322,0
2026-01-27T11:30:00,975.0477231460322,975.0477231460322,0
2026-01-27T11:45:00,975.0477231460322,975.0477231460322,0
2026-01-27T12:00:00,975.0477231460322,975.0477231460322,0
2026-01-27T12:15:00,975.0477231460322,975.0477231460322,0
2026-01-27T12:30:00,975.0477231460322,975.0477231460322,0
2026-01-27T12:45:00,975.0477231460322,975.0477231460322,0
2026-01-27T13:00:00,975.0477231460322,975.0477231460322,0
2026-01-27T13:15:00,975.0477231460322,975.0477231460322,0
2026-01-27T13:30:00,975.0477231460322,975.0477231460322,0
2026-01-27T13:45:00,975.0477231460322,975.0477231460322,0
2026-01-27T14:00:00,975.0477231460322,975.0477231460322,0
2026-01-27T14:15:00,975.0477231460322,975.0477231460322,0
2026-01-27T14:30:00,975.0477231460322,975.0477231460322,0
2026-01-27T14:45:00,975.0477231460322,975.0477231460322,0
2026-01-27T15:00:00,975.0477231460322,975.0477231460322,0
2026-01-27T15:15:00,975.0477231460322,975.0477231460322,0
2026-01-27T15:30:00,975.0477231460322,975.0477231460322,0
2026-01-27T15:45:00,975.0477231460322,975.0477231460322,0
2026-01-27T16:00:00,975.0477231460322,975.0477231460322,0
2026-01-27T16:15:00,975.0477231460322,975.0477231460322,0
2026-01-27T16:30:00,975.0477231460322,975.0477231460322,0
2026-01-27T16:45:00,975.0477231460322,975.0477231460322,0
2026-01-27T17:00:00,974.1595310968526,857.8547872056644,1
2026-01-27T17:15:00,972.2791346937508,857.8547872056644,1
2026-01-27T17:30:00,967.7960985312113,967.7960985312113,0
2026-01-27T17:45:00,967.7960985312113,967.7960985312113,0
2026-01-27T18:00:00,967.7960985312113,967.7960985312113,0
2026-01-27T18:15:00,967.7960985312113,967.7960985312113,0
2026-01-27T18:30:00,967.7960985312113,967.7960985312113,0
2026-01-27T18:45:00,967.7960985312113,967.7960985312113,0
2026-01-27T19:00:00,967.7960985312113,967.7960985312113,0
2026-01-27T19:15:00,967.7960985312113,967.7960985312113,0
2026-01-27T19:30:00,967.7960985312113,967.7960985312113,0
2026-01-27T19:45:00,967.7960985312113,967.7960985312113,0
2026-01-27T20:00:00,967.7960985312113,967.7960985312113,0
2026-01-27T20:15:00,967.7960985312113,967.7960985312113,0
2026-01-27T20:30:00,967.7960985312113,967.7960985312113,0
2026-01-27T20:45:00,967.7960985312113,967.7960985312113,0
2026-01-27T21:00:00,967.7960985312113,967.7960985312113,0
2026-01-27T21:15:00,967.7960985312113,967.7960985312113,0
2026-01-27T21:30:00,967.7960985312113,967.7960985312113,0
2026-01-27T21:45:00,967.7960985312113,967.7960985312113,0
2026-01-27T22:00:00,967.7960985312113,967.7960985312113,0
2026-01-27T22:15:00,967.7960985312113,967.7960985312113,0
2026-01-27T22:30:00,967.7960985312113,967.7960985312113,0
2026-01-27T22:45:00,967.7960985312113,967.7960985312113,0
2026-01-27T23:00:00,967.7960985312113,967.7960985312113,0
2026-01-27T23:15:00,967.7960985312113,967.7960985312113,0
2026-01-27T23:30:00,967.7960985312113,967.7960985312113,0
2026-01-27T23:45:00,967.7960985312113,967.7960985312113,0
2026-01-28T00:00:00,967.7960985312113,967.7960985312113,0
2026-01-28T00:15:00,967.7960985312113,967.7960985312113,0
2026-01-28T00:30:00,967.7960985312113,967.7960985312113,0
2026-01-28T00:45:00,967.7960985312113,967.7960985312113,0
2026-01-28T01:00:00,967.7960985312113,967.7960985312113,0
2026-01-28T01:15:00,967.7960985312113,967.7960985312113,0
2026-01-28T01:30:00,967.7960985312113,967.7960985312113,0
2026-01-28T01:45:00,967.7960985312113,967.7960985312113,0
2026-01-28T02:00:00,967.7960985312113,967.7960985312113,0
2026-01-28T02:15:00,967.7960985312113,967.7960985312113,0
2026-01-28T02:30:00,967.7960985312113,967.7960985312113,0
2026-01-28T02:45:00,967.7960985312113,967.7960985312113,0
2026-01-28T03:00:00,967.7960985312113,967.7960985312113,0
2026-01-28T03:15:00,967.7960985312113,967.7960985312113,0
2026-01-28T03:30:00,967.7960985312113,967.7960985312113,0
2026-01-28T03:45:00,967.7960985312113,967.7960985312113,0
2026-01-28T04:00:00,967.7960985312113,967.7960985312113,0
2026-01-28T04:15:00,967.7960985312113,967.7960985312113,0
2026-01-28T04:30:00,967.7960985312113,967.7960985312113,0
2026-01-28T04:45:00,967.7960985312113,967.7960985312113,0
2026-01-28T05:00:00,967.7960985312113,967.7960985312113,0
2026-01-28T05:15:00,967.7960985312113,967.7960985312113,0
2026-01-28T05:30:00,967.7960985312113,967.7960985312113,0
2026-01-28T05:45:00,967.7960985312113,967.7960985312113,0
2026-01-28T06:00:00,967.7960985312113,967.7960985312113,0
2026-01-28T06:15:00,967.7960985312113,967.7960985312113,0
2026-01-28T06:30:00,967.7960985312113,967.7960985312113,0
2026-01-28T06:45:00,967.7960985312113,967.7960985312113,0
2026-01-28T07:00:00,967.7960985312113,967.7960985312113,0
2026-01-28T07:15:00,967.7960985312113,967.7960985312113,0
2026-01-28T07:30:00,967.7960985312113,967.7960985312113,0
2026-01-28T07:45:00,967.7960985312113,967.7960985312113,0
2026-01-28T08:00:00,967.7960985312113,967.7960985312113,0
2026-01-28T08:15:00,967.7960985312113,967.7960985312113,0
2026-01-28T08:30:00,967.7960985312113,967.7960985312113,0
2026-01-28T08:45:00,967.7960985312113,967.7960985312113,0
2026-01-28T09:00:00,967.7960985312113,967.7960985312113,0
2026-01-28T09:15:00,967.7960985312113,967.7960985312113,0
2026-01-28T09:30:00,967.7960985312113,967.7960985312113,0
2026-01-28T09:45:00,966.9145121436558,851.474749856548,1
2026-01-28T10:00:00,966.9145639311515,851.474749856548,1
2026-01-28T10:15:00,965.7431825650679,851.474749856548,1
2026-01-28T10:30:00,966.5346508624222,851.474749856548,1
2026-01-28T10:45:00,966.0678901633412,851.474749856548,1
2026-01-28T11:00:00,965.6975577813232,851.474749856548,1
2026-01-28T11:15:00,966.3429853406981,851.474749856548,1
2026-01-28T11:30:00,967.4337853634145,851.474749856548,1
2026-01-28T11:45:00,969.5699159875898,851.474749856548,1
2026-01-28T12:00:00,968.7871997770151,851.474749856548,1
2026-01-28T12:15:00,968.4704674530852,851.474749856548,1
2026-01-28T12:30:00,968.6827961856085,851.474749856548,1
2026-01-28T12:45:00,969.1488318597492,851.474749856548,1
2026-01-28T13:00:00,970.0839586702789,851.474749856548,1
2026-01-28T13:15:00,969.8844214492028,851.474749856548,1
2026-01-28T13:30:00,971.3078007695445,851.474749856548,1
2026-01-28T13:45:00,970.4912673242534,851.474749856548,1
2026-01-28T14:00:00,969.9310301953665,851.474749856548,1
2026-01-28T14:15:00,969.2118572420616,851.474749856548,1
2026-01-28T14:30:00,967.2858029861173,967.2858029861173,0
2026-01-28T14:45:00,967.2858029861173,967.2858029861173,0
2026-01-28T15:00:00,967.2858029861173,967.2858029861173,0
2026-01-28T15:15:00,967.2858029861173,967.2858029861173,0
2026-01-28T15:30:00,967.2858029861173,967.2858029861173,0
2026-01-28T15:45:00,967.2858029861173,967.2858029861173,0
2026-01-28T16:00:00,967.2858029861173,967.2858029861173,0
2026-01-28T16:15:00,967.2858029861173,967.2858029861173,0
2026-01-28T16:30:00,967.2858029861173,967.2858029861173,0
2026-01-28T16:45:00,967.2858029861173,967.2858029861173,0
2026-01-28T17:00:00,967.2858029861173,967.2858029861173,0
2026-01-28T17:15:00,967.2858029861173,967.2858029861173,0
2026-01-28T17:30:00,967.2858029861173,967.2858029861173,0
2026-01-28T17:45:00,967.2858029861173,967.2858029861173,0
2026-01-28T18:00:00,967.2858029861173,967.2858029861173,0
2026-01-28T18:15:00,967.2858029861173,967.2858029861173,0
2026-01-28T18:30:00,967.2858029861173,967.2858029861173,0
2026-01-28T18:45:00,967.2858029861173,967.2858029861173,0
2026-01-28T19:00:00,967.2858029861173,967.2858029861173,0
2026-01-28T19:15:00,967.2858029861173,967.2858029861173,0
2026-01-28T19:30:00,967.2858029861173,967.2858029861173,0
2026-01-28T19:45:00,967.2858029861173,967.2858029861173,0
2026-01-28T20:00:00,967.2858029861173,967.2858029861173,0
2026-01-28T20:15:00,966.4046814378052,851.02578775361,1
2026-01-28T20:30:00,963.2869637367461,963.2869637367461,0
2026-01-28T20:45:00,963.2869637367461,963.2869637367461,0
2026-01-28T21:00:00,963.2869637367461,963.2869637367461,0
2026-01-28T21:15:00,963.2869637367461,963.2869637367461,0
2026-01-28T21:30:00,963.2869637367461,963.2869637367461,0
2026-01-28T21:45:00,963.2869637367461,963.2869637367461,0
2026-01-28T22:00:00,963.2869637367461,963.2869637367461,0
2026-01-28T22:15:00,963.2869637367461,963.2869637367461,0
2026-01-28T22:30:00,963.2869637367461,963.2869637367461,0
2026-01-28T22:45:00,963.2869637367461,963.2869637367461,0
2026-01-28T23:00:00,963.2869637367461,963.2869637367461,0
2026-01-28T23:15:00,963.2869637367461,963.2869637367461,0
2026-01-28T23:30:00,963.2869637367461,963.2869637367461,0
2026-01-28T23:45:00,963.2869637367461,963.2869637367461,0
2026-01-29T00:00:00,963.2869637367461,963.2869637367461,0
2026-01-29T00:15:00,963.2869637367461,963.2869637367461,0
2026-01-29T00:30:00,963.2869637367461,963.2869637367461,0
2026-01-29T00:45:00,963.2869637367461,963.2869637367461,0
2026-01-29T01:00:00,963.2869637367461,963.2869637367461,0
2026-01-29T01:15:00,963.2869637367461,963.2869637367461,0
2026-01-29T01:30:00,963.2869637367461,963.2869637367461,0
2026-01-29T01:45:00,963.2869637367461,963.2869637367461,0
2026-01-29T02:00:00,963.2869637367461,963.2869637367461,0
2026-01-29T02:15:00,963.2869637367461,963.2869637367461,0
2026-01-29T02:30:00,963.2869637367461,963.2869637367461,0
2026-01-29T02:45:00,963.2869637367461,963.2869637367461,0
2026-01-29T03:00:00,963.2869637367461,963.2869637367461,0
2026-01-29T03:15:00,963.2869637367461,963.2869637367461,0
2026-01-29T03:30:00,963.2869637367461,963.2869637367461,0
2026-01-29T03:45:00,963.2869637367461,963.2869637367461,0
2026-01-29T04:00:00,963.2869637367461,963.2869637367461,0
2026-01-29T04:15:00,963.2869637367461,963.2869637367461,0
2026-01-29T04:30:00,963.2869637367461,963.2869637367461,0
2026-01-29T04:45:00,963.2869637367461,963.2869637367461,0
2026-01-29T05:00:00,963.2869637367461,963.2869637367461,0
2026-01-29T05:15:00,963.2869637367461,963.2869637367461,0
2026-01-29T05:30:00,963.2869637367461,963.2869637367461,0
2026-01-29T05:45:00,963.2869637367461,963.2869637367461,0
2026-01-29T06:00:00,963.2869637367461,963.2869637367461,0
2026-01-29T06:15:00,963.2869637367461,963.2869637367461,0
2026-01-29T06:30:00,963.2869637367461,963.2869637367461,0
2026-01-29T06:45:00,963.2869637367461,963.2869637367461,0
2026-01-29T07:00:00,963.2869637367461,963.2869637367461,0
2026-01-29T07:15:00,963.2869637367461,963.2869637367461,0
2026-01-29T07:30:00,963.2869637367461,963.2869637367461,0
2026-01-29T07:45:00,963.2869637367461,963.2869637367461,0
2026-01-29T08:00:00,963.2869637367461,963.2869637367461,0
2026-01-29T08:15:00,963.2869637367461,963.2869637367461,0
2026-01-29T08:30:00,963.2869637367461,963.2869637367461,0
2026-01-29T08:45:00,963.2869637367461,963.2869637367461,0
2026-01-29T09:00:00,963.2869637367461,963.2869637367461,0
2026-01-29T09:15:00,963.2869637367461,963.2869637367461,0
2026-01-29T09:30:00,963.2869637367461,963.2869637367461,0
2026-01-29T09:45:00,963.2869637367461,963.2869637367461,0
2026-01-29T10:00:00,963.2869637367461,963.2869637367461,0
2026-01-29T10:15:00,963.2869637367461,963.2869637367461,0
2026-01-29T10:30:00,963.2869637367461,963.2869637367461,0
2026-01-29T10:45:00,963.2869637367461,963.2869637367461,0
2026-01-29T11:00:00,963.2869637367461,963.2869637367461,0
2026-01-29T11:15:00,963.2869637367461,963.2869637367461,0
2026-01-29T11:30:00,963.2869637367461,963.2869637367461,0
2026-01-29T11:45:00,963.2869637367461,963.2869637367461,0
2026-01-29T12:00:00,963.2869637367461,963.2869637367461,0
2026-01-29T12:15:00,963.2869637367461,963.2869637367461,0
2026-01-29T12:30:00,963.2869637367461,963.2869637367461,0
2026-01-29T12:45:00,963.2869637367461,963.2869637367461,0
2026-01-29T13:00:00,963.2869637367461,963.2869637367461,0
2026-01-29T13:15:00,963.2869637367461,963.2869637367461,0
2026-01-29T13:30:00,963.2869637367461,963.2869637367461,0
2026-01-29T13:45:00,963.2869637367461,963.2869637367461,0
2026-01-29T14:00:00,963.2869637367461,963.2869637367461,0
2026-01-29T14:15:00,963.2869637367461,963.2869637367461,0
2026-01-29T14:30:00,963.2869637367461,963.2869637367461,0
2026-01-29T14:45:00,963.2869637367461,963.2869637367461,0
2026-01-29T15:00:00,963.2869637367461,963.2869637367461,0
2026-01-29T15:15:00,963.2869637367461,963.2869637367461,0
2026-01-29T15:30:00,963.2869637367461,963.2869637367461,0
2026-01-29T15:45:00,963.2869637367461,963.2869637367461,0
2026-01-29T16:00:00,963.2869637367461,963.2869637367461,0
2026-01-29T16:15:00,963.2869637367461,963.2869637367461,0
2026-01-29T16:30:00,963.2869637367461,963.2869637367461,0
2026-01-29T16:45:00,963.2869637367461,963.2869637367461,0
2026-01-29T17:00:00,963.2869637367461,963.2869637367461,0
2026-01-29T17:15:00,963.2869637367461,963.2869637367461,0
2026-01-29T17:30:00,963.2869637367461,963.2869637367461,0
2026-01-29T17:45:00,963.2869637367461,963.2869637367461,0
2026-01-29T18:00:00,963.2869637367461,963.2869637367461,0
2026-01-29T18:15:00,963.2869637367461,963.2869637367461,0
2026-01-29T18:30:00,963.2869637367461,963.2869637367461,0
2026-01-29T18:45:00,963.2869637367461,963.2869637367461,0
2026-01-29T19:00:00,963.2869637367461,963.2869637367461,0
2026-01-29T19:15:00,963.2869637367461,963.2869637367461,0
2026-01-29T19:30:00,963.2869637367461,963.2869637367461,0
2026-01-29T19:45:00,963.2869637367461,963.2869637367461,0
2026-01-29T20:00:00,963.2869637367461,963.2869637367461,0
2026-01-29T20:15:00,963.2869637367461,963.2869637367461,0
2026-01-29T20:30:00,963.2869637367461,963.2869637367461,0
2026-01-29T20:45:00,963.2869637367461,963.2869637367461,0
2026-01-29T21:00:00,963.2869637367461,963.2869637367461,0
2026-01-29T21:15:00,963.2869637367461,963.2869637367461,0
2026-01-29T21:30:00,963.2869637367461,963.2869637367461,0
2026-01-29T21:45:00,963.2869637367461,963.2869637367461,0
2026-01-29T22:00:00,963.2869637367461,963.2869637367461,0
2026-01-29T22:15:00,963.2869637367461,963.2869637367461,0
2026-01-29T22:30:00,963.2869637367461,963.2869637367461,0
2026-01-29T22:45:00,963.2869637367461,963.2869637367461,0
2026-01-29T23:00:00,963.2869637367461,963.2869637367461,0
2026-01-29T23:15:00,963.2869637367461,963.2869637367461,0
2026-01-29T23:30:00,963.2869637367461,963.2869637367461,0
2026-01-29T23:45:00,963.2869637367461,963.2869637367461,0
2026-01-30T00:00:00,963.2869637367461,963.2869637367461,0
2026-01-30T00:15:00,963.2869637367461,963.2869637367461,0
2026-01-30T00:30:00,963.2869637367461,963.2869637367461,0
2026-01-30T00:45:00,963.2869637367461,963.2869637367461,0
2026-01-30T01:00:00,963.2869637367461,963.2869637367461,0
2026-01-30T01:15:00,963.2869637367461,963.2869637367461,0
2026-01-30T01:30:00,963.2869637367461,963.2869637367461,0
2026-01-30T01:45:00,963.2869637367461,963.2869637367461,0
2026-01-30T02:00:00,963.2869637367461,963.2869637367461,0
2026-01-30T02:15:00,963.2869637367461,963.2869637367461,0
2026-01-30T02:30:00,963.2869637367461,963.2869637367461,0
2026-01-30T02:45:00,963.2869637367461,963.2869637367461,0
2026-01-30T03:00:00,963.2869637367461,963.2869637367461,0
2026-01-30T03:15:00,963.2869637367461,963.2869637367461,0
2026-01-30T03:30:00,963.2869637367461,963.2869637367461,0
2026-01-30T03:45:00,963.2869637367461,963.2869637367461,0
2026-01-30T04:00:00,963.2869637367461,963.2869637367461,0
2026-01-30T04:15:00,963.2869637367461,963.2869637367461,0
2026-01-30T04:30:00,963.2869637367461,963.2869637367461,0
2026-01-30T04:45:00,963.2869637367461,963.2869637367461,0
2026-01-30T05:00:00,963.2869637367461,963.2869637367461,0
2026-01-30T05:15:00,963.2869637367461,963.2869637367461,0
2026-01-30T05:30:00,963.2869637367461,963.2869637367461,0
2026-01-30T05:45:00,963.2869637367461,963.2869637367461,0
2026-01-30T06:00:00,963.2869637367461,963.2869637367461,0
2026-01-30T06:15:00,963.2869637367461,963.2869637367461,0
2026-01-30T06:30:00,962.4074041130282,847.5075769912991,1
2026-01-30T06:45:00,960.4556631580449,847.5075769912991,1
2026-01-30T07:00:00,955.4215810394533,955.4215810394533,0
2026-01-30T07:15:00,955.4215810394533,955.4215810394533,0
2026-01-30T07:30:00,955.4215810394533,955.4215810394533,0
2026-01-30T07:45:00,955.4215810394533,955.4215810394533,0
2026-01-30T08:00:00,955.4215810394533,955.4215810394533,0
2026-01-30T08:15:00,955.4215810394533,955.4215810394533,0
2026-01-30T08:30:00,955.4215810394533,955.4215810394533,0
2026-01-30T08:45:00,955.4215810394533,955.4215810394533,0
2026-01-30T09:00:00,955.4215810394533,955.4215810394533,0
2026-01-30T09:15:00,955.4215810394533,955.4215810394533,0
2026-01-30T09:30:00,955.4215810394533,955.4215810394533,0
2026-01-30T09:45:00,955.4215810394533,955.4215810394533,0
2026-01-30T10:00:00,955.4215810394533,955.4215810394533,0
2026-01-30T10:15:00,955.4215810394533,955.4215810394533,0
2026-01-30T10:30:00,955.4215810394533,955.4215810394533,0
2026-01-30T10:45:00,955.4215810394533,955.4215810394533,0
2026-01-30T11:00:00,955.4215810394533,955.4215810394533,0
2026-01-30T11:15:00,955.4215810394533,955.4215810394533,0
2026-01-30T11:30:00,955.4215810394533,955.4215810394533,0
2026-01-30T11:45:00,955.4215810394533,955.4215810394533,0
2026-01-30T12:00:00,955.4215810394533,955.4215810394533,0
2026-01-30T12:15:00,955.4215810394533,955.4215810394533,0
2026-01-30T12:30:00,955.4215810394533,955.4215810394533,0
2026-01-30T12:45:00,955.4215810394533,955.4215810394533,0
2026-01-30T13:00:00,955.4215810394533,955.4215810394533,0
2026-01-30T13:15:00,955.4215810394533,955.4215810394533,0
2026-01-30T13:30:00,955.4215810394533,955.4215810394533,0
2026-01-30T13:45:00,955.4215810394533,955.4215810394533,0
2026-01-30T14:00:00,955.4215810394533,955.4215810394533,0
2026-01-30T14:15:00,955.4215810394533,955.4215810394533,0
2026-01-30T14:30:00,955.4215810394533,955.4215810394533,0
2026-01-30T14:45:00,955.4215810394533,955.4215810394533,0
2026-01-30T15:00:00,955.4215810394533,955.4215810394533,0
2026-01-30T15:15:00,955.4215810394533,955.4215810394533,0
2026-01-30T15:30:00,955.4215810394533,955.4215810394533,0
2026-01-30T15:45:00,955.4215810394533,955.4215810394533,0
2026-01-30T16:00:00,955.4215810394533,955.4215810394533,0
2026-01-30T16:15:00,955.4215810394533,955.4215810394533,0
2026-01-30T16:30:00,955.4215810394533,955.4215810394533,0
2026-01-30T16:45:00,955.4215810394533,955.4215810394533,0
2026-01-30T17:00:00,955.4215810394533,955.4215810394533,0
2026-01-30T17:15:00,955.4215810394533,955.4215810394533,0
2026-01-30T17:30:00,955.4215810394533,955.4215810394533,0
2026-01-30T17:45:00,955.4215810394533,955.4215810394533,0
2026-01-30T18:00:00,954.5492031521296,840.5875503711593,1
2026-01-30T18:15:00,958.962245534857,840.5875503711593,1
2026-01-30T18:30:00,952.38518044288,840.5875503711593,1
2026-01-30T18:45:00,947.6414640152057,947.6414640152057,0
2026-01-30T19:00:00,947.6414640152057,947.6414640152057,0
2026-01-30T19:15:00,947.6414640152057,947.6414640152057,0
2026-01-30T19:30:00,947.6414640152057,947.6414640152057,0
2026-01-30T19:45:00,947.6414640152057,947.6414640152057,0
2026-01-30T20:00:00,947.6414640152057,947.6414640152057,0
2026-01-30T20:15:00,947.6414640152057,947.6414640152057,0
2026-01-30T20:30:00,947.6414640152057,947.6414640152057,0
2026-01-30T20:45:00,947.6414640152057,947.6414640152057,0
2026-01-30T21:00:00,947.6414640152057,947.6414640152057,0
2026-01-30T21:15:00,947.6414640152057,947.6414640152057,0
2026-01-30T21:30:00,947.6414640152057,947.6414640152057,0
2026-01-30T21:45:00,947.6414640152057,947.6414640152057,0
2026-01-30T22:00:00,947.6414640152057,947.6414640152057,0
2026-01-30T22:15:00,947.6414640152057,947.6414640152057,0
2026-01-30T22:30:00,947.6414640152057,947.6414640152057,0
2026-01-30T22:45:00,947.6414640152057,947.6414640152057,0
2026-01-30T23:00:00,947.6414640152057,947.6414640152057,0
2026-01-30T23:15:00,947.6414640152057,947.6414640152057,0
2026-01-30T23:30:00,947.6414640152057,947.6414640152057,0
2026-01-30T23:45:00,947.6414640152057,947.6414640152057,0
2026-01-31T00:00:00,947.6414640152057,947.6414640152057,0
2026-01-31T00:15:00,947.6414640152057,947.6414640152057,0
2026-01-31T00:30:00,947.6414640152057,947.6414640152057,0
2026-01-31T00:45:00,947.6414640152057,947.6414640152057,0
2026-01-31T01:00:00,947.6414640152057,947.6414640152057,0
2026-01-31T01:15:00,947.6414640152057,947.6414640152057,0
2026-01-31T01:30:00,947.6414640152057,947.6414640152057,0
2026-01-31T01:45:00,947.6414640152057,947.6414640152057,0
2026-01-31T02:00:00,947.6414640152057,947.6414640152057,0
2026-01-31T02:15:00,947.6414640152057,947.6414640152057,0
2026-01-31T02:30:00,947.6414640152057,947.6414640152057,0
2026-01-31T02:45:00,947.6414640152057,947.6414640152057,0
2026-01-31T03:00:00,947.6414640152057,947.6414640152057,0
2026-01-31T03:15:00,947.6414640152057,947.6414640152057,0
2026-01-31T03:30:00,947.6414640152057,947.6414640152057,0
2026-01-31T03:45:00,947.6414640152057,947.6414640152057,0
2026-01-31T04:00:00,947.6414640152057,947.6414640152057,0
2026-01-31T04:15:00,947.6414640152057,947.6414640152057,0
2026-01-31T04:30:00,947.6414640152057,947.6414640152057,0
2026-01-31T04:45:00,947.6414640152057,947.6414640152057,0
2026-01-31T05:00:00,947.6414640152057,947.6414640152057,0
2026-01-31T05:15:00,947.6414640152057,947.6414640152057,0
2026-01-31T05:30:00,947.6414640152057,947.6414640152057,0
2026-01-31T05:45:00,947.6414640152057,947.6414640152057,0
2026-01-31T06:00:00,947.6414640152057,947.6414640152057,0
2026-01-31T06:15:00,947.6414640152057,947.6414640152057,0
2026-01-31T06:30:00,947.6414640152057,947.6414640152057,0
2026-01-31T06:45:00,947.6414640152057,947.6414640152057,0
2026-01-31T07:00:00,947.6414640152057,947.6414640152057,0
2026-01-31T07:15:00,947.6414640152057,947.6414640152057,0
2026-01-31T07:30:00,946.7761900097573,833.7425411722901,1
2026-01-31T07:45:00,945.9212991773027,833.7425411722901,1
2026-01-31T08:00:00,947.1814968187698,833.7425411722901,1
2026-01-31T08:15:00,948.710763686388,833.7425411722901,1
2026-01-31T08:30:00,954.1262076051252,833.7425411722901,1
2026-01-31T08:45:00,952.0570993154189,833.7425411722901,1
2026-01-31T09:00:00,951.7863271194822,833.7425411722901,1
2026-01-31T09:15:00,952.814920870085,833.7425411722901,1
2026-01-31T09:30:00,950.9246244078843,833.7425411722901,1
2026-01-31T09:45:00,951.3214163679679,833.7425411722901,1
2026-01-31T10:00:00,952.1252181068496,833.7425411722901,1
2026-01-31T10:15:00,951.5853766847616,833.7425411722901,1
2026-01-31T10:30:00,950.1804266115043,833.7425411722901,1
2026-01-31T10:45:00,950.3934546823295,950.3934546823295,0
2026-01-31T11:00:00,950.3934546823295,950.3934546823295,0
2026-01-31T11:15:00,950.3934546823295,950.3934546823295,0
2026-01-31T11:30:00,950.3934546823295,950.3934546823295,0
2026-01-31T11:45:00,950.3934546823295,950.3934546823295,0
2026-01-31T12:00:00,950.3934546823295,950.3934546823295,0
2026-01-31T12:15:00,950.3934546823295,950.3934546823295,0
2026-01-31T12:30:00,950.3934546823295,950.3934546823295,0
2026-01-31T12:45:00,950.3934546823295,950.3934546823295,0
2026-01-31T13:00:00,950.3934546823295,950.3934546823295,0
2026-01-31T13:15:00,950.3934546823295,950.3934546823295,0
2026-01-31T13:30:00,950.3934546823295,950.3934546823295,0
2026-01-31T13:45:00,950.3934546823295,950.3934546823295,0
2026-01-31T14:00:00,950.3934546823295,950.3934546823295,0
2026-01-31T14:15:00,950.3934546823295,950.3934546823295,0
2026-01-31T14:30:00,950.3934546823295,950.3934546823295,0
2026-01-31T14:45:00,950.3934546823295,950.3934546823295,0
2026-01-31T15:00:00,950.3934546823295,950.3934546823295,0
2026-01-31T15:15:00,950.3934546823295,950.3934546823295,0
2026-01-31T15:30:00,950.3934546823295,950.3934546823295,0
2026-01-31T15:45:00,950.3934546823295,950.3934546823295,0
2026-01-31T16:00:00,950.3934546823295,950.3934546823295,0
2026-01-31T16:15:00,950.3934546823295,950.3934546823295,0
2026-01-31T16:30:00,950.3934546823295,950.3934546823295,0
2026-01-31T16:45:00,950.3934546823295,950.3934546823295,0
2026-01-31T17:00:00,949.5256678847779,836.163764577151,1
2026-01-31T17:15:00,947.9418691223186,836.163764577151,1
2026-01-31T17:30:00,949.175045329199,836.163764577151,1
2026-01-31T17:45:00,949.2524592664413,836.163764577151,1
2026-01-31T18:00:00,950.8225251672791,836.163764577151,1
2026-01-31T18:15:00,951.9004099431643,836.163764577151,1
2026-01-31T18:30:00,957.096067201229,836.163764577151,1
2026-01-31T18:45:00,954.2098484781433,836.163764577151,1
2026-01-31T19:00:00,953.1213019025181,836.163764577151,1
2026-01-31T19:15:00,954.5334109224258,836.163764577151,1
2026-01-31T19:30:00,957.2135208320601,836.163764577151,1
2026-01-31T19:45:00,955.8807958645641,836.163764577151,1
2026-01-31T20:00:00,957.143118187038,836.163764577151,1
2026-01-31T20:15:00,958.0076510789961,836.163764577151,1
2026-01-31T20:30:00,957.2307303675099,836.163764577151,1
2026-01-31T20:45:00,954.0746000025938,954.0746000025938,0
2026-01-31T21:00:00,954.0746000025938,954.0746000025938,0
2026-01-31T21:15:00,954.0746000025938,954.0746000025938,0
2026-01-31T21:30:00,954.0746000025938,954.0746000025938,0
2026-01-31T21:45:00,954.0746000025938,954.0746000025938,0
2026-01-31T22:00:00,954.0746000025938,954.0746000025938,0
2026-01-31T22:15:00,954.0746000025938,954.0746000025938,0
2026-01-31T22:30:00,954.0746000025938,954.0746000025938,0
2026-01-31T22:45:00,954.0746000025938,954.0746000025938,0
2026-01-31T23:00:00,954.0746000025938,954.0746000025938,0
2026-01-31T23:15:00,954.0746000025938,954.0746000025938,0
2026-01-31T23:30:00,954.0746000025938,954.0746000025938,0
2026-01-31T23:45:00,954.0746000025938,954.0746000025938,0
2026-02-01T00:00:00,954.0746000025938,954.0746000025938,0
2026-02-01T00:15:00,954.0746000025938,954.0746000025938,0
2026-02-01T00:30:00,954.0746000025938,954.0746000025938,0
2026-02-01T00:45:00,954.0746000025938,954.0746000025938,0
2026-02-01T01:00:00,954.0746000025938,954.0746000025938,0
2026-02-01T01:15:00,954.0746000025938,954.0746000025938,0
2026-02-01T01:30:00,954.0746000025938,954.0746000025938,0
2026-02-01T01:45:00,954.0746000025938,954.0746000025938,0
2026-02-01T02:00:00,954.0746000025938,954.0746000025938,0
2026-02-01T02:15:00,954.0746000025938,954.0746000025938,0
2026-02-01T02:30:00,954.0746000025938,954.0746000025938,0
2026-02-01T02:45:00,954.0746000025938,954.0746000025938,0
2026-02-01T03:00:00,954.0746000025938,954.0746000025938,0
2026-02-01T03:15:00,954.0746000025938,954.0746000025938,0
2026-02-01T03:30:00,954.0746000025938,954.0746000025938,0
2026-02-01T03:45:00,954.0746000025938,954.0746000025938,0
2026-02-01T04:00:00,954.0746000025938,954.0746000025938,0
2026-02-01T04:15:00,954.0746000025938,954.0746000025938,0
2026-02-01T04:30:00,954.0746000025938,954.0746000025938,0
2026-02-01T04:45:00,954.0746000025938,954.0746000025938,0
2026-02-01T05:00:00,954.0746000025938,954.0746000025938,0
2026-02-01T05:15:00,954.0746000025938,954.0746000025938,0
2026-02-01T05:30:00,954.0746000025938,954.0746000025938,0
2026-02-01T05:45:00,954.0746000025938,954.0746000025938,0
2026-02-01T06:00:00,953.2034520189007,839.4024656790821,1
2026-02-01T06:15:00,953.2079970127036,839.4024656790821,1
2026-02-01T06:30:00,954.2827715087496,839.4024656790821,1
2026-02-01T06:45:00,955.5997708668214,839.4024656790821,1
2026-02-01T07:00:00,956.6317175366494,839.4024656790821,1
2026-02-01T07:15:00,956.1110826696299,839.4024656790821,1
2026-02-01T07:30:00,953.9675936692747,839.4024656790821,1
2026-02-01T07:45:00,955.3492135161573,839.4024656790821,1
2026-02-01T08:00:00,954.7486916426822,839.4024656790821,1
2026-02-01T08:15:00,954.4312995754572,839.4024656790821,1
2026-02-01T08:30:00,951.9522241212483,951.9522241212483,0
2026-02-01T08:45:00,951.9522241212483,951.9522241212483,0
2026-02-01T09:00:00,951.9522241212483,951.9522241212483,0
2026-02-01T09:15:00,951.9522241212483,951.9522241212483,0
2026-02-01T09:30:00,951.9522241212483,951.9522241212483,0
2026-02-01T09:45:00,951.9522241212483,951.9522241212483,0
2026-02-01T10:00:00,951.9522241212483,951.9522241212483,0
2026-02-01T10:15:00,951.9522241212483,951.9522241212483,0
2026-02-01T10:30:00,951.9522241212483,951.9522241212483,0
2026-02-01T10:45:00,951.9522241212483,951.9522241212483,0
2026-02-01T11:00:00,951.9522241212483,951.9522241212483,0
2026-02-01T11:15:00,951.9522241212483,951.9522241212483,0
2026-02-01T11:30:00,951.9522241212483,951.9522241212483,0
2026-02-01T11:45:00,951.9522241212483,951.9522241212483,0
2026-02-01T12:00:00,951.9522241212483,951.9522241212483,0
2026-02-01T12:15:00,951.9522241212483,951.9522241212483,0
2026-02-01T12:30:00,951.9522241212483,951.9522241212483,0
2026-02-01T12:45:00,951.9522241212483,951.9522241212483,0
2026-02-01T13:00:00,951.9522241212483,951.9522241212483,0
2026-02-01T13:15:00,951.9522241212483,951.9522241212483,0
2026-02-01T13:30:00,951.9522241212483,951.9522241212483,0
2026-02-01T13:45:00,951.9522241212483,951.9522241212483,0
2026-02-01T14:00:00,951.9522241212483,951.9522241212483,0
2026-02-01T14:15:00,951.9522241212483,951.9522241212483,0
2026-02-01T14:30:00,951.9522241212483,951.9522241212483,0
2026-02-01T14:45:00,951.9522241212483,951.9522241212483,0
2026-02-01T15:00:00,951.9522241212483,951.9522241212483,0
2026-02-01T15:15:00,951.9522241212483,951.9522241212483,0
2026-02-01T15:30:00,951.9522241212483,951.9522241212483,0
2026-02-01T15:45:00,951.9522241212483,951.9522241212483,0
2026-02-01T16:00:00,951.9522241212483,951.9522241212483,0
2026-02-01T16:15:00,951.9522241212483,951.9522241212483,0
2026-02-01T16:30:00,951.9522241212483,951.9522241212483,0
2026-02-01T16:45:00,951.9522241212483,951.9522241212483,0
2026-02-01T17:00:00,951.9522241212483,951.9522241212483,0
2026-02-01T17:15:00,951.9522241212483,951.9522241212483,0
2026-02-01T17:30:00,951.9522241212483,951.9522241212483,0
2026-02-01T17:45:00,951.9522241212483,951.9522241212483,0
2026-02-01T18:00:00,951.9522241212483,951.9522241212483,0
2026-02-01T18:15:00,951.9522241212483,951.9522241212483,0
2026-02-01T18:30:00,951.9522241212483,951.9522241212483,0
2026-02-01T18:45:00,951.9522241212483,951.9522241212483,0
2026-02-01T19:00:00,951.9522241212483,951.9522241212483,0
2026-02-01T19:15:00,951.9522241212483,951.9522241212483,0
2026-02-01T19:30:00,951.9522241212483,951.9522241212483,0
2026-02-01T19:45:00,951.9522241212483,951.9522241212483,0
2026-02-01T20:00:00,951.9522241212483,951.9522241212483,0
2026-02-01T20:15:00,951.0830140399684,837.5351823996672,1
2026-02-01T20:30:00,946.7395472514714,837.5351823996672,1
2026-02-01T20:45:00,948.6107682158295,837.5351823996672,1
2026-02-01T21:00:00,950.7623321896444,837.5351823996672,1
2026-02-01T21:15:00,949.274151194998,837.5351823996672,1
2026-02-01T21:30:00,950.1718694228123,837.5351823996672,1
2026-02-01T21:45:00,952.0539508443268,837.5351823996672,1
2026-02-01T22:00:00,945.9253348474653,945.9253348474653,0
2026-02-01T22:15:00,945.9253348474653,945.9253348474653,0
2026-02-01T22:30:00,945.9253348474653,945.9253348474653,0
2026-02-01T22:45:00,945.9253348474653,945.9253348474653,0
2026-02-01T23:00:00,945.0616278080217,832.2326770014787,1
2026-02-01T23:15:00,945.303122391092,832.2326770014787,1
2026-02-01T23:30:00,937.6235946494564,832.2326770014787,1
2026-02-01T23:45:00,942.9304381124263,832.2326770014787,1
2026-02-02T00:00:00,938.7626440996047,832.2326770014787,1
2026-02-02T00:15:00,933.7520258889197,933.7520258889197,0
2026-02-02T00:30:00,933.7520258889197,933.7520258889197,0
2026-02-02T00:45:00,933.7520258889197,933.7520258889197,0
2026-02-02T01:00:00,933.7520258889197,933.7520258889197,0
2026-02-02T01:15:00,933.7520258889197,933.7520258889197,0
2026-02-02T01:30:00,933.7520258889197,933.7520258889197,0
2026-02-02T01:45:00,933.7520258889197,933.7520258889197,0
2026-02-02T02:00:00,933.7520258889197,933.7520258889197,0
2026-02-02T02:15:00,933.7520258889197,933.7520258889197,0
2026-02-02T02:30:00,933.7520258889197,933.7520258889197,0
2026-02-02T02:45:00,933.7520258889197,933.7520258889197,0
2026-02-02T03:00:00,933.7520258889197,933.7520258889197,0
2026-02-02T03:15:00,933.7520258889197,933.7520258889197,0
2026-02-02T03:30:00,933.7520258889197,933.7520258889197,0
2026-02-02T03:45:00,933.7520258889197,933.7520258889197,0
2026-02-02T04:00:00,933.7520258889197,933.7520258889197,0
2026-02-02T04:15:00,933.7520258889197,933.7520258889197,0
2026-02-02T04:30:00,933.7520258889197,933.7520258889197,0
2026-02-02T04:45:00,933.7520258889197,933.7520258889197,0
2026-02-02T05:00:00,933.7520258889197,933.7520258889197,0
2026-02-02T05:15:00,933.7520258889197,933.7520258889197,0
2026-02-02T05:30:00,933.7520258889197,933.7520258889197,0
2026-02-02T05:45:00,933.7520258889197,933.7520258889197,0
2026-02-02T06:00:00,933.7520258889197,933.7520258889197,0
2026-02-02T06:15:00,933.7520258889197,933.7520258889197,0
2026-02-02T06:30:00,933.7520258889197,933.7520258889197,0
2026-02-02T06:45:00,933.7520258889197,933.7520258889197,0
2026-02-02T07:00:00,933.7520258889197,933.7520258889197,0
2026-02-02T07:15:00,933.7520258889197,933.7520258889197,0
2026-02-02T07:30:00,933.7520258889197,933.7520258889197,0
2026-02-02T07:45:00,933.7520258889197,933.7520258889197,0
2026-02-02T08:00:00,933.7520258889197,933.7520258889197,0
2026-02-02T08:15:00,933.7520258889197,933.7520258889197,0
2026-02-02T08:30:00,933.7520258889197,933.7520258889197,0
2026-02-02T08:45:00,933.7520258889197,933.7520258889197,0
2026-02-02T09:00:00,933.7520258889197,933.7520258889197,0
2026-02-02T09:15:00,933.7520258889197,933.7520258889197,0
2026-02-02T09:30:00,933.7520258889197,933.7520258889197,0
2026-02-02T09:45:00,933.7520258889197,933.7520258889197,0
2026-02-02T10:00:00,933.7520258889197,933.7520258889197,0
2026-02-02T10:15:00,933.7520258889197,933.7520258889197,0
2026-02-02T10:30:00,933.7520258889197,933.7520258889197,0
2026-02-02T10:45:00,933.7520258889197,933.7520258889197,0
2026-02-02T11:00:00,933.7520258889197,933.7520258889197,0
2026-02-02T11:15:00,933.7520258889197,933.7520258889197,0
2026-02-02T11:30:00,933.7520258889197,933.7520258889197,0
2026-02-02T11:45:00,933.7520258889197,933.7520258889197,0
2026-02-02T12:00:00,933.7520258889197,933.7520258889197,0
2026-02-02T12:15:00,933.7520258889197,933.7520258889197,0
2026-02-02T12:30:00,933.7520258889197,933.7520258889197,0
2026-02-02T12:45:00,933.7520258889197,933.7520258889197,0
2026-02-02T13:00:00,933.7520258889197,933.7520258889197,0
2026-02-02T13:15:00,933.7520258889197,933.7520258889197,0
2026-02-02T13:30:00,933.7520258889197,933.7520258889197,0
2026-02-02T13:45:00,933.7520258889197,933.7520258889197,0
2026-02-02T14:00:00,933.7520258889197,933.7520258889197,0
2026-02-02T14:15:00,933.7520258889197,933.7520258889197,0
2026-02-02T14:30:00,933.7520258889197,933.7520258889197,0
2026-02-02T14:45:00,933.7520258889197,933.7520258889197,0
2026-02-02T15:00:00,933.7520258889197,933.7520258889197,0
2026-02-02T15:15:00,933.7520258889197,933.7520258889197,0
2026-02-02T15:30:00,933.7520258889197,933.7520258889197,0
2026-02-02T15:45:00,933.7520258889197,933.7520258889197,0
2026-02-02T16:00:00,933.7520258889197,933.7520258889197,0
2026-02-02T16:15:00,933.7520258889197,933.7520258889197,0
2026-02-02T16:30:00,933.7520258889197,933.7520258889197,0
2026-02-02T16:45:00,933.7520258889197,933.7520258889197,0
2026-02-02T17:00:00,933.7520258889197,933.7520258889197,0
2026-02-02T17:15:00,933.7520258889197,933.7520258889197,0
2026-02-02T17:30:00,933.7520258889197,933.7520258889197,0
2026-02-02T17:45:00,933.7520258889197,933.7520258889197,0
2026-02-02T18:00:00,933.7520258889197,933.7520258889197,0
2026-02-02T18:15:00,933.7520258889197,933.7520258889197,0
2026-02-02T18:30:00,933.7520258889197,933.7520258889197,0
2026-02-02T18:45:00,933.7520258889197,933.7520258889197,0
2026-02-02T19:00:00,933.7520258889197,933.7520258889197,0
2026-02-02T19:15:00,933.7520258889197,933.7520258889197,0
2026-02-02T19:30:00,933.7520258889197,933.7520258889197,0
2026-02-02T19:45:00,933.7520258889197,933.7520258889197,0
2026-02-02T20:00:00,933.7520258889197,933.7520258889197,0
2026-02-02T20:15:00,933.7520258889197,933.7520258889197,0
2026-02-02T20:30:00,933.7520258889197,933.7520258889197,0
2026-02-02T20:45:00,933.7520258889197,933.7520258889197,0
2026-02-02T21:00:00,933.7520258889197,933.7520258889197,0
2026-02-02T21:15:00,933.7520258889197,933.7520258889197,0
2026-02-02T21:30:00,933.7520258889197,933.7520258889197,0
2026-02-02T21:45:00,933.7520258889197,933.7520258889197,0
2026-02-02T22:00:00,933.7520258889197,933.7520258889197,0
2026-02-02T22:15:00,933.7520258889197,933.7520258889197,0
2026-02-02T22:30:00,933.7520258889197,933.7520258889197,0
2026-02-02T22:45:00,933.7520258889197,933.7520258889197,0
2026-02-02T23:00:00,933.7520258889197,933.7520258889197,0
2026-02-02T23:15:00,933.7520258889197,933.7520258889197,0
2026-02-02T23:30:00,933.7520258889197,933.7520258889197,0
2026-02-02T23:45:00,933.7520258889197,933.7520258889197,0
2026-02-03T00:00:00,933.7520258889197,933.7520258889197,0
2026-02-03T00:15:00,933.7520258889197,933.7520258889197,0
2026-02-03T00:30:00,933.7520258889197,933.7520258889197,0
2026-02-03T00:45:00,933.7520258889197,933.7520258889197,0
2026-02-03T01:00:00,933.7520258889197,933.7520258889197,0
2026-02-03T01:15:00,933.7520258889197,933.7520258889197,0
2026-02-03T01:30:00,933.7520258889197,933.7520258889197,0
2026-02-03T01:45:00,933.7520258889197,933.7520258889197,0
2026-02-03T02:00:00,933.7520258889197,933.7520258889197,0
2026-02-03T02:15:00,933.7520258889197,933.7520258889197,0
2026-02-03T02:30:00,933.7520258889197,933.7520258889197,0
2026-02-03T02:45:00,933.7520258889197,933.7520258889197,0
2026-02-03T03:00:00,933.7520258889197,933.7520258889197,0
2026-02-03T03:15:00,933.7520258889197,933.7520258889197,0
2026-02-03T03:30:00,933.7520258889197,933.7520258889197,0
2026-02-03T03:45:00,933.7520258889197,933.7520258889197,0
2026-02-03T04:00:00,933.7520258889197,933.7520258889197,0
2026-02-03T04:15:00,933.7520258889197,933.7520258889197,0
2026-02-03T04:30:00,933.7520258889197,933.7520258889197,0
2026-02-03T04:45:00,933.7520258889197,933.7520258889197,0
2026-02-03T05:00:00,933.7520258889197,933.7520258889197,0
2026-02-03T05:15:00,933.7520258889197,933.7520258889197,0
2026-02-03T05:30:00,933.7520258889197,933.7520258889197,0
2026-02-03T05:45:00,933.7520258889197,933.7520258889197,0
2026-02-03T06:00:00,933.7520258889197,933.7520258889197,0
2026-02-03T06:15:00,933.7520258889197,933.7520258889197,0
2026-02-03T06:30:00,933.7520258889197,933.7520258889197,0
2026-02-03T06:45:00,933.7520258889197,933.7520258889197,0
2026-02-03T07:00:00,933.7520258889197,933.7520258889197,0
2026-02-03T07:15:00,933.7520258889197,933.7520258889197,0
2026-02-03T07:30:00,932.9014509830841,821.5225023932786,1
2026-02-03T07:45:00,932.6441951792355,821.5225023932786,1
2026-02-03T08:00:00,930.5496563201796,930.5496563201796,0
2026-02-03T08:15:00,930.5496563201796,930.5496563201796,0
2026-02-03T08:30:00,930.5496563201796,930.5496563201796,0
2026-02-03T08:45:00,930.5496563201796,930.5496563201796,0
2026-02-03T09:00:00,929.6999885302317,818.7050320277446,1
2026-02-03T09:15:00,931.5085063982331,818.7050320277446,1
2026-02-03T09:30:00,927.5622929787804,818.7050320277446,1
2026-02-03T09:45:00,927.9306584816886,818.7050320277446,1
2026-02-03T10:00:00,927.3545975356514,818.7050320277446,1
2026-02-03T10:15:00,927.8248513691512,818.7050320277446,1
2026-02-03T10:30:00,930.2721306943231,818.7050320277446,1
2026-02-03T10:45:00,929.9429530108733,818.7050320277446,1
2026-02-03T11:00:00,930.1388921081649,818.7050320277446,1
2026-02-03T11:15:00,931.7024861045518,818.7050320277446,1
2026-02-03T11:30:00,930.7345469639313,818.7050320277446,1
2026-02-03T11:45:00,930.9442017980334,818.7050320277446,1
2026-02-03T12:00:00,927.9247803087699,818.7050320277446,1
2026-02-03T12:15:00,927.0509448027448,927.0509448027448,0
2026-02-03T12:30:00,927.0509448027448,927.0509448027448,0
2026-02-03T12:45:00,927.0509448027448,927.0509448027448,0
2026-02-03T13:00:00,927.0509448027448,927.0509448027448,0
2026-02-03T13:15:00,927.0509448027448,927.0509448027448,0
2026-02-03T13:30:00,927.0509448027448,927.0509448027448,0
2026-02-03T13:45:00,927.0509448027448,927.0509448027448,0
2026-02-03T14:00:00,927.0509448027448,927.0509448027448,0
2026-02-03T14:15:00,927.0509448027448,927.0509448027448,0
2026-02-03T14:30:00,927.0509448027448,927.0509448027448,0
2026-02-03T14:45:00,927.0509448027448,927.0509448027448,0
2026-02-03T15:00:00,927.0509448027448,927.0509448027448,0
2026-02-03T15:15:00,927.0509448027448,927.0509448027448,0
2026-02-03T15:30:00,927.0509448027448,927.0509448027448,0
2026-02-03T15:45:00,927.0509448027448,927.0509448027448,0
2026-02-03T16:00:00,927.0509448027448,927.0509448027448,0
2026-02-03T16:15:00,927.0509448027448,927.0509448027448,0
2026-02-03T16:30:00,927.0509448027448,927.0509448027448,0
2026-02-03T16:45:00,927.0509448027448,927.0509448027448,0
2026-02-03T17:00:00,926.2044716219857,815.6268376450133,1
2026-02-03T17:15:00,925.0198563907427,815.6268376450133,1
2026-02-03T17:30:00,929.4491234386403,815.6268376450133,1
2026-02-03T17:45:00,930.8158286664161,815.6268376450133,1
2026-02-03T18:00:00,932.2014905637308,815.6268376450133,1
2026-02-03T18:15:00,935.6883403259839,815.6268376450133,1
2026-02-03T18:30:00,937.8156083294493,815.6268376450133,1
2026-02-03T18:45:00,941.2753182635739,815.6268376450133,1
2026-02-03T19:00:00,932.7791391398641,815.6268376450133,1
2026-02-03T19:15:00,930.7086822733705,815.6268376450133,1
2026-02-03T19:30:00,930.8332546731972,815.6268376450133,1
2026-02-03T19:45:00,930.3482805885551,930.3482805885551,0
2026-02-03T20:00:00,930.3482805885551,930.3482805885551,0
2026-02-03T20:15:00,930.3482805885551,930.3482805885551,0
2026-02-03T20:30:00,930.3482805885551,930.3482805885551,0
2026-02-03T20:45:00,930.3482805885551,930.3482805885551,0
2026-02-03T21:00:00,930.3482805885551,930.3482805885551,0
2026-02-03T21:15:00,930.3482805885551,930.3482805885551,0
2026-02-03T21:30:00,930.3482805885551,930.3482805885551,0
2026-02-03T21:45:00,930.3482805885551,930.3482805885551,0
2026-02-03T22:00:00,930.3482805885551,930.3482805885551,0
2026-02-03T22:15:00,930.3482805885551,930.3482805885551,0
2026-02-03T22:30:00,930.3482805885551,930.3482805885551,0
2026-02-03T22:45:00,930.3482805885551,930.3482805885551,0
2026-02-03T23:00:00,930.3482805885551,930.3482805885551,0
2026-02-03T23:15:00,930.3482805885551,930.3482805885551,0
2026-02-03T23:30:00,930.3482805885551,930.3482805885551,0
2026-02-03T23:45:00,930.3482805885551,930.3482805885551,0
2026-02-04T00:00:00,930.3482805885551,930.3482805885551,0
2026-02-04T00:15:00,930.3482805885551,930.3482805885551,0
2026-02-04T00:30:00,930.3482805885551,930.3482805885551,0
2026-02-04T00:45:00,930.3482805885551,930.3482805885551,0
2026-02-04T01:00:00,930.3482805885551,930.3482805885551,0
2026-02-04T01:15:00,930.3482805885551,930.3482805885551,0
2026-02-04T01:30:00,930.3482805885551,930.3482805885551,0
2026-02-04T01:45:00,930.3482805885551,930.3482805885551,0
2026-02-04T02:00:00,930.3482805885551,930.3482805885551,0
2026-02-04T02:15:00,930.3482805885551,930.3482805885551,0
2026-02-04T02:30:00,930.3482805885551,930.3482805885551,0
2026-02-04T02:45:00,930.3482805885551,930.3482805885551,0
2026-02-04T03:00:00,930.3482805885551,930.3482805885551,0
2026-02-04T03:15:00,930.3482805885551,930.3482805885551,0
2026-02-04T03:30:00,930.3482805885551,930.3482805885551,0
2026-02-04T03:45:00,930.3482805885551,930.3482805885551,0
2026-02-04T04:00:00,930.3482805885551,930.3482805885551,0
2026-02-04T04:15:00,930.3482805885551,930.3482805885551,0
2026-02-04T04:30:00,930.3482805885551,930.3482805885551,0
2026-02-04T04:45:00,930.3482805885551,930.3482805885551,0
2026-02-04T05:00:00,930.3482805885551,930.3482805885551,0
2026-02-04T05:15:00,930.3482805885551,930.3482805885551,0
2026-02-04T05:30:00,930.3482805885551,930.3482805885551,0
2026-02-04T05:45:00,930.3482805885551,930.3482805885551,0
2026-02-04T06:00:00,930.3482805885551,930.3482805885551,0
2026-02-04T06:15:00,930.3482805885551,930.3482805885551,0
2026-02-04T06:30:00,930.3482805885551,930.3482805885551,0
2026-02-04T06:45:00,930.3482805885551,930.3482805885551,0
2026-02-04T07:00:00,930.3482805885551,930.3482805885551,0
2026-02-04T07:15:00,930.3482805885551,930.3482805885551,0
2026-02-04T07:30:00,930.3482805885551,930.3482805885551,0
2026-02-04T07:45:00,930.3482805885551,930.3482805885551,0
2026-02-04T08:00:00,930.3482805885551,930.3482805885551,0
2026-02-04T08:15:00,930.3482805885551,930.3482805885551,0
2026-02-04T08:30:00,930.3482805885551,930.3482805885551,0
2026-02-04T08:45:00,930.3482805885551,930.3482805885551,0
2026-02-04T09:00:00,930.3482805885551,930.3482805885551,0
2026-02-04T09:15:00,929.4987966710869,818.5278600480555,1
2026-02-04T09:30:00,929.8561978193216,818.5278600480555,1
2026-02-04T09:45:00,929.7270025307714,818.5278600480555,1
2026-02-04T10:00:00,929.5450133493092,818.5278600480555,1
2026-02-04T10:15:00,929.7477912272018,818.5278600480555,1
2026-02-04T10:30:00,928.8770737075049,818.5278600480555,1
2026-02-04T10:45:00,928.6517453792471,818.5278600480555,1
2026-02-04T11:00:00,931.4983873870564,818.5278600480555,1
2026-02-04T11:15:00,931.3231515956775,818.5278600480555,1
2026-02-04T11:30:00,930.2144798445236,818.5278600480555,1
2026-02-04T11:45:00,930.3245307403159,818.5278600480555,1
2026-02-04T12:00:00,929.7746873372727,818.5278600480555,1
2026-02-04T12:15:00,930.0043613252361,818.5278600480555,1
2026-02-04T12:30:00,929.384047764802,818.5278600480555,1
2026-02-04T12:45:00,929.0062115083564,929.0062115083564,0
2026-02-04T13:00:00,929.0062115083564,929.0062115083564,0
2026-02-04T13:15:00,929.0062115083564,929.0062115083564,0
2026-02-04T13:30:00,929.0062115083564,929.0062115083564,0
2026-02-04T13:45:00,929.0062115083564,929.0062115083564,0
2026-02-04T14:00:00,929.0062115083564,929.0062115083564,0
2026-02-04T14:15:00,929.0062115083564,929.0062115083564,0
2026-02-04T14:30:00,929.0062115083564,929.0062115083564,0
2026-02-04T14:45:00,929.0062115083564,929.0062115083564,0
2026-02-04T15:00:00,929.0062115083564,929.0062115083564,0
2026-02-04T15:15:00,929.0062115083564,929.0062115083564,0
2026-02-04T15:30:00,929.0062115083564,929.0062115083564,0
2026-02-04T15:45:00,929.0062115083564,929.0062115083564,0
2026-02-04T16:00:00,929.0062115083564,929.0062115083564,0
2026-02-04T16:15:00,929.0062115083564,929.0062115083564,0
2026-02-04T16:30:00,929.0062115083564,929.0062115083564,0
2026-02-04T16:45:00,929.0062115083564,929.0062115083564,0
2026-02-04T17:00:00,929.0062115083564,929.0062115083564,0
2026-02-04T17:15:00,929.0062115083564,929.0062115083564,0
2026-02-04T17:30:00,929.0062115083564,929.0062115083564,0
2026-02-04T17:45:00,929.0062115083564,929.0062115083564,0
2026-02-04T18:00:00,929.0062115083564,929.0062115083564,0
2026-02-04T18:15:00,929.0062115083564,929.0062115083564,0
2026-02-04T18:30:00,929.0062115083564,929.0062115083564,0
2026-02-04T18:45:00,929.0062115083564,929.0062115083564,0
2026-02-04T19:00:00,929.0062115083564,929.0062115083564,0
2026-02-04T19:15:00,929.0062115083564,929.0062115083564,0
2026-02-04T19:30:00,929.0062115083564,929.0062115083564,0
2026-02-04T19:45:00,929.0062115083564,929.0062115083564,0
2026-02-04T20:00:00,929.0062115083564,929.0062115083564,0
2026-02-04T20:15:00,929.0062115083564,929.0062115083564,0
2026-02-04T20:30:00,929.0062115083564,929.0062115083564,0
2026-02-04T20:45:00,929.0062115083564,929.0062115083564,0
2026-02-04T21:00:00,929.0062115083564,929.0062115083564,0
2026-02-04T21:15:00,929.0062115083564,929.0062115083564,0
2026-02-04T21:30:00,929.0062115083564,929.0062115083564,0
2026-02-04T21:45:00,929.0062115083564,929.0062115083564,0
2026-02-04T22:00:00,929.0062115083564,929.0062115083564,0
2026-02-04T22:15:00,929.0062115083564,929.0062115083564,0
2026-02-04T22:30:00,929.0062115083564,929.0062115083564,0
2026-02-04T22:45:00,929.0062115083564,929.0062115083564,0
2026-02-04T23:00:00,929.0062115083564,929.0062115083564,0
2026-02-04T23:15:00,929.0062115083564,929.0062115083564,0
2026-02-04T23:30:00,929.0062115083564,929.0062115083564,0
2026-02-04T23:45:00,929.0062115083564,929.0062115083564,0
2026-02-05T00:00:00,929.0062115083564,929.0062115083564,0
2026-02-05T00:15:00,929.0062115083564,929.0062115083564,0
2026-02-05T00:30:00,929.0062115083564,929.0062115083564,0
2026-02-05T00:45:00,929.0062115083564,929.0062115083564,0
2026-02-05T01:00:00,929.0062115083564,929.0062115083564,0
2026-02-05T01:15:00,929.0062115083564,929.0062115083564,0
2026-02-05T01:30:00,929.0062115083564,929.0062115083564,0
2026-02-05T01:45:00,929.0062115083564,929.0062115083564,0
2026-02-05T02:00:00,929.0062115083564,929.0062115083564,0
2026-02-05T02:15:00,929.0062115083564,929.0062115083564,0
2026-02-05T02:30:00,929.0062115083564,929.0062115083564,0
2026-02-05T02:45:00,929.0062115083564,929.0062115083564,0
2026-02-05T03:00:00,929.0062115083564,929.0062115083564,0
2026-02-05T03:15:00,929.0062115083564,929.0062115083564,0
2026-02-05T03:30:00,929.0062115083564,929.0062115083564,0
2026-02-05T03:45:00,929.0062115083564,929.0062115083564,0
2026-02-05T04:00:00,929.0062115083564,929.0062115083564,0
2026-02-05T04:15:00,929.0062115083564,929.0062115083564,0
2026-02-05T04:30:00,929.0062115083564,929.0062115083564,0
2026-02-05T04:45:00,929.0062115083564,929.0062115083564,0
2026-02-05T05:00:00,929.0062115083564,929.0062115083564,0
2026-02-05T05:15:00,929.0062115083564,929.0062115083564,0
2026-02-05T05:30:00,929.0062115083564,929.0062115083564,0
2026-02-05T05:45:00,929.0062115083564,929.0062115083564,0
2026-02-05T06:00:00,929.0062115083564,929.0062115083564,0
2026-02-05T06:15:00,929.0062115083564,929.0062115083564,0
2026-02-05T06:30:00,929.0062115083564,929.0062115083564,0
2026-02-05T06:45:00,929.0062115083564,929.0062115083564,0
2026-02-05T07:00:00,929.0062115083564,929.0062115083564,0
2026-02-05T07:15:00,929.0062115083564,929.0062115083564,0
2026-02-05T07:30:00,929.0062115083564,929.0062115083564,0
2026-02-05T07:45:00,929.0062115083564,929.0062115083564,0
2026-02-05T08:00:00,929.0062115083564,929.0062115083564,0
2026-02-05T08:15:00,929.0062115083564,929.0062115083564,0
2026-02-05T08:30:00,929.0062115083564,929.0062115083564,0
2026-02-05T08:45:00,929.0062115083564,929.0062115083564,0
2026-02-05T09:00:00,929.0062115083564,929.0062115083564,0
2026-02-05T09:15:00,929.0062115083564,929.0062115083564,0
2026-02-05T09:30:00,929.0062115083564,929.0062115083564,0
2026-02-05T09:45:00,929.0062115083564,929.0062115083564,0
2026-02-05T10:00:00,929.0062115083564,929.0062115083564,0
2026-02-05T10:15:00,929.0062115083564,929.0062115083564,0
2026-02-05T10:30:00,929.0062115083564,929.0062115083564,0
2026-02-05T10:45:00,929.0062115083564,929.0062115083564,0
2026-02-05T11:00:00,929.0062115083564,929.0062115083564,0
2026-02-05T11:15:00,929.0062115083564,929.0062115083564,0
2026-02-05T11:30:00,929.0062115083564,929.0062115083564,0
2026-02-05T11:45:00,929.0062115083564,929.0062115083564,0
2026-02-05T12:00:00,929.0062115083564,929.0062115083564,0
2026-02-05T12:15:00,929.0062115083564,929.0062115083564,0
2026-02-05T12:30:00,929.0062115083564,929.0062115083564,0
2026-02-05T12:45:00,929.0062115083564,929.0062115083564,0
2026-02-05T13:00:00,929.0062115083564,929.0062115083564,0
2026-02-05T13:15:00,929.0062115083564,929.0062115083564,0
2026-02-05T13:30:00,929.0062115083564,929.0062115083564,0
2026-02-05T13:45:00,929.0062115083564,929.0062115083564,0
2026-02-05T14:00:00,929.0062115083564,929.0062115083564,0
2026-02-05T14:15:00,929.0062115083564,929.0062115083564,0
2026-02-05T14:30:00,929.0062115083564,929.0062115083564,0
2026-02-05T14:45:00,929.0062115083564,929.0062115083564,0
2026-02-05T15:00:00,929.0062115083564,929.0062115083564,0
2026-02-05T15:15:00,929.0062115083564,929.0062115083564,0
2026-02-05T15:30:00,929.0062115083564,929.0062115083564,0
2026-02-05T15:45:00,929.0062115083564,929.0062115083564,0
2026-02-05T16:00:00,929.0062115083564,929.0062115083564,0
2026-02-05T16:15:00,929.0062115083564,929.0062115083564,0
2026-02-05T16:30:00,929.0062115083564,929.0062115083564,0
2026-02-05T16:45:00,929.0062115083564,929.0062115083564,0
2026-02-05T17:00:00,929.0062115083564,929.0062115083564,0
2026-02-05T17:15:00,929.0062115083564,929.0062115083564,0
2026-02-05T17:30:00,929.0062115083564,929.0062115083564,0
2026-02-05T17:45:00,929.0062115083564,929.0062115083564,0
2026-02-05T18:00:00,929.0062115083564,929.0062115083564,0
2026-02-05T18:15:00,929.0062115083564,929.0062115083564,0
2026-02-05T18:30:00,929.0062115083564,929.0062115083564,0
2026-02-05T18:45:00,929.0062115083564,929.0062115083564,0
2026-02-05T19:00:00,929.0062115083564,929.0062115083564,0
2026-02-05T19:15:00,929.0062115083564,929.0062115083564,0
2026-02-05T19:30:00,929.0062115083564,929.0062115083564,0
2026-02-05T19:45:00,929.0062115083564,929.0062115083564,0
2026-02-05T20:00:00,929.0062115083564,929.0062115083564,0
2026-02-05T20:15:00,929.0062115083564,929.0062115083564,0
2026-02-05T20:30:00,929.0062115083564,929.0062115083564,0
2026-02-05T20:45:00,928.1579530095014,817.3470969347441,1
2026-02-05T21:00:00,926.5885633778952,817.3470969347441,1
2026-02-05T21:15:00,925.6211314132063,817.3470969347441,1
2026-02-05T21:30:00,930.7473264656068,817.3470969347441,1
2026-02-05T21:45:00,932.7227986502924,817.3470969347441,1
2026-02-05T22:00:00,931.8103072663142,817.3470969347441,1
2026-02-05T22:15:00,926.5646761688905,817.3470969347441,1
2026-02-05T22:30:00,926.4651175672058,926.4651175672058,0
2026-02-05T22:45:00,926.4651175672058,926.4651175672058,0
2026-02-05T23:00:00,926.4651175672058,926.4651175672058,0
2026-02-05T23:15:00,926.4651175672058,926.4651175672058,0
2026-02-05T23:30:00,926.4651175672058,926.4651175672058,0
2026-02-05T23:45:00,926.4651175672058,926.4651175672058,0
2026-02-06T00:00:00,926.4651175672058,926.4651175672058,0
2026-02-06T00:15:00,926.4651175672058,926.4651175672058,0
2026-02-06T00:30:00,926.4651175672058,926.4651175672058,0
2026-02-06T00:45:00,926.4651175672058,926.4651175672058,0
2026-02-06T01:00:00,926.4651175672058,926.4651175672058,0
2026-02-06T01:15:00,926.4651175672058,926.4651175672058,0
2026-02-06T01:30:00,926.4651175672058,926.4651175672058,0
2026-02-06T01:45:00,926.4651175672058,926.4651175672058,0
2026-02-06T02:00:00,926.4651175672058,926.4651175672058,0
2026-02-06T02:15:00,926.4651175672058,926.4651175672058,0
2026-02-06T02:30:00,926.4651175672058,926.4651175672058,0
2026-02-06T02:45:00,926.4651175672058,926.4651175672058,0
2026-02-06T03:00:00,926.4651175672058,926.4651175672058,0
2026-02-06T03:15:00,926.4651175672058,926.4651175672058,0
2026-02-06T03:30:00,926.4651175672058,926.4651175672058,0
2026-02-06T03:45:00,926.4651175672058,926.4651175672058,0
2026-02-06T04:00:00,926.4651175672058,926.4651175672058,0
2026-02-06T04:15:00,926.4651175672058,926.4651175672058,0
2026-02-06T04:30:00,926.4651175672058,926.4651175672058,0
2026-02-06T04:45:00,926.4651175672058,926.4651175672058,0
2026-02-06T05:00:00,926.4651175672058,926.4651175672058,0
2026-02-06T05:15:00,926.4651175672058,926.4651175672058,0
2026-02-06T05:30:00,926.4651175672058,926.4651175672058,0
2026-02-06T05:45:00,926.4651175672058,926.4651175672058,0
2026-02-06T06:00:00,926.4651175672058,926.4651175672058,0
2026-02-06T06:15:00,926.4651175672058,926.4651175672058,0
2026-02-06T06:30:00,926.4651175672058,926.4651175672058,0
2026-02-06T06:45:00,926.4651175672058,926.4651175672058,0
2026-02-06T07:00:00,926.4651175672058,926.4651175672058,0
2026-02-06T07:15:00,926.4651175672058,926.4651175672058,0
2026-02-06T07:30:00,926.4651175672058,926.4651175672058,0
2026-02-06T07:45:00,926.4651175672058,926.4651175672058,0
2026-02-06T08:00:00,926.4651175672058,926.4651175672058,0
2026-02-06T08:15:00,925.6191792945294,815.1114221565682,1
2026-02-06T08:30:00,927.1368752205523,815.1114221565682,1
2026-02-06T08:45:00,925.7854370642033,815.1114221565682,1
2026-02-06T09:00:00,922.9661803127335,815.1114221565682,1
2026-02-06T09:15:00,918.3416836578355,918.3416836578355,0
2026-02-06T09:30:00,918.3416836578355,918.3416836578355,0
2026-02-06T09:45:00,918.3416836578355,918.3416836578355,0
2026-02-06T10:00:00,918.3416836578355,918.3416836578355,0
2026-02-06T10:15:00,918.3416836578355,918.3416836578355,0
2026-02-06T10:30:00,918.3416836578355,918.3416836578355,0
2026-02-06T10:45:00,918.3416836578355,918.3416836578355,0
2026-02-06T11:00:00,918.3416836578355,918.3416836578355,0
2026-02-06T11:15:00,918.3416836578355,918.3416836578355,0
2026-02-06T11:30:00,918.3416836578355,918.3416836578355,0
2026-02-06T11:45:00,918.3416836578355,918.3416836578355,0
2026-02-06T12:00:00,918.3416836578355,918.3416836578355,0
2026-02-06T12:15:00,918.3416836578355,918.3416836578355,0
2026-02-06T12:30:00,918.3416836578355,918.3416836578355,0
2026-02-06T12:45:00,918.3416836578355,918.3416836578355,0
2026-02-06T13:00:00,918.3416836578355,918.3416836578355,0
2026-02-06T13:15:00,918.3416836578355,918.3416836578355,0
2026-02-06T13:30:00,918.3416836578355,918.3416836578355,0
2026-02-06T13:45:00,918.3416836578355,918.3416836578355,0
2026-02-06T14:00:00,918.3416836578355,918.3416836578355,0
2026-02-06T14:15:00,918.3416836578355,918.3416836578355,0
2026-02-06T14:30:00,918.3416836578355,918.3416836578355,0
2026-02-06T14:45:00,918.3416836578355,918.3416836578355,0
2026-02-06T15:00:00,918.3416836578355,918.3416836578355,0
2026-02-06T15:15:00,918.3416836578355,918.3416836578355,0
2026-02-06T15:30:00,918.3416836578355,918.3416836578355,0
2026-02-06T15:45:00,918.3416836578355,918.3416836578355,0
2026-02-06T16:00:00,918.3416836578355,918.3416836578355,0
2026-02-06T16:15:00,918.3416836578355,918.3416836578355,0
2026-02-06T16:30:00,918.3416836578355,918.3416836578355,0
2026-02-06T16:45:00,918.3416836578355,918.3416836578355,0
2026-02-06T17:00:00,918.3416836578355,918.3416836578355,0
2026-02-06T17:15:00,917.5051463658726,807.9643600156329,1
2026-02-06T17:30:00,919.4549715229617,807.9643600156329,1
2026-02-06T17:45:00,916.8715063475383,807.9643600156329,1
2026-02-06T18:00:00,913.0824240902506,807.9643600156329,1
2026-02-06T18:15:00,910.790263218558,807.9643600156329,1
2026-02-06T18:30:00,914.2710307018241,807.9643600156329,1
2026-02-06T18:45:00,911.7583541745299,911.7583541745299,0
2026-02-06T19:00:00,911.7583541745299,911.7583541745299,0
2026-02-06T19:15:00,911.7583541745299,911.7583541745299,0
2026-02-06T19:30:00,911.7583541745299,911.7583541745299,0
2026-02-06T19:45:00,911.7583541745299,911.7583541745299,0
2026-02-06T20:00:00,911.7583541745299,911.7583541745299,0
2026-02-06T20:15:00,911.7583541745299,911.7583541745299,0
2026-02-06T20:30:00,911.7583541745299,911.7583541745299,0
2026-02-06T20:45:00,911.7583541745299,911.7583541745299,0
2026-02-06T21:00:00,911.7583541745299,911.7583541745299,0
2026-02-06T21:15:00,911.7583541745299,911.7583541745299,0
2026-02-06T21:30:00,911.7583541745299,911.7583541745299,0
2026-02-06T21:45:00,911.7583541745299,911.7583541745299,0
2026-02-06T22:00:00,911.7583541745299,911.7583541745299,0
2026-02-06T22:15:00,911.7583541745299,911.7583541745299,0
2026-02-06T22:30:00,911.7583541745299,911.7583541745299,0
2026-02-06T22:45:00,911.7583541745299,911.7583541745299,0
2026-02-06T23:00:00,910.927813779709,802.1722940695848,1
2026-02-06T23:15:00,907.5777880815834,802.1722940695848,1
2026-02-06T23:30:00,908.0006963382862,802.1722940695848,1
2026-02-06T23:45:00,907.6015663026126,802.1722940695848,1
2026-02-07T00:00:00,905.7054528634374,802.1722940695848,1
2026-02-07T00:15:00,904.7188102968049,802.1722940695848,1
2026-02-07T00:30:00,902.0614539529226,902.0614539529226,0
2026-02-07T00:45:00,902.0614539529226,902.0614539529226,0
2026-02-07T01:00:00,902.0614539529226,902.0614539529226,0
2026-02-07T01:15:00,902.0614539529226,902.0614539529226,0
2026-02-07T01:30:00,902.0614539529226,902.0614539529226,0
2026-02-07T01:45:00,902.0614539529226,902.0614539529226,0
2026-02-07T02:00:00,902.0614539529226,902.0614539529226,0
2026-02-07T02:15:00,902.0614539529226,902.0614539529226,0
2026-02-07T02:30:00,902.0614539529226,902.0614539529226,0
2026-02-07T02:45:00,902.0614539529226,902.0614539529226,0
2026-02-07T03:00:00,902.0614539529226,902.0614539529226,0
2026-02-07T03:15:00,902.0614539529226,902.0614539529226,0
2026-02-07T03:30:00,902.0614539529226,902.0614539529226,0
2026-02-07T03:45:00,902.0614539529226,902.0614539529226,0
2026-02-07T04:00:00,902.0614539529226,902.0614539529226,0
2026-02-07T04:15:00,902.0614539529226,902.0614539529226,0
2026-02-07T04:30:00,902.0614539529226,902.0614539529226,0
2026-02-07T04:45:00,902.0614539529226,902.0614539529226,0
2026-02-07T05:00:00,902.0614539529226,902.0614539529226,0
2026-02-07T05:15:00,902.0614539529226,902.0614539529226,0
2026-02-07T05:30:00,902.0614539529226,902.0614539529226,0
2026-02-07T05:45:00,902.0614539529226,902.0614539529226,0
2026-02-07T06:00:00,902.0614539529226,902.0614539529226,0
2026-02-07T06:15:00,902.0614539529226,902.0614539529226,0
2026-02-07T06:30:00,902.0614539529226,902.0614539529226,0
2026-02-07T06:45:00,902.0614539529226,902.0614539529226,0
2026-02-07T07:00:00,902.0614539529226,902.0614539529226,0
2026-02-07T07:15:00,902.0614539529226,902.0614539529226,0
2026-02-07T07:30:00,902.0614539529226,902.0614539529226,0
2026-02-07T07:45:00,902.0614539529226,902.0614539529226,0
2026-02-07T08:00:00,902.0614539529226,902.0614539529226,0
2026-02-07T08:15:00,902.0614539529226,902.0614539529226,0
2026-02-07T08:30:00,902.0614539529226,902.0614539529226,0
2026-02-07T08:45:00,902.0614539529226,902.0614539529226,0
2026-02-07T09:00:00,902.0614539529226,902.0614539529226,0
2026-02-07T09:15:00,902.0614539529226,902.0614539529226,0
2026-02-07T09:30:00,902.0614539529226,902.0614539529226,0
2026-02-07T09:45:00,902.0614539529226,902.0614539529226,0
2026-02-07T10:00:00,902.0614539529226,902.0614539529226,0
2026-02-07T10:15:00,902.0614539529226,902.0614539529226,0
2026-02-07T10:30:00,902.0614539529226,902.0614539529226,0
2026-02-07T10:45:00,902.0614539529226,902.0614539529226,0
2026-02-07T11:00:00,902.0614539529226,902.0614539529226,0
2026-02-07T11:15:00,902.0614539529226,902.0614539529226,0
2026-02-07T11:30:00,902.0614539529226,902.0614539529226,0
2026-02-07T11:45:00,902.0614539529226,902.0614539529226,0
2026-02-07T12:00:00,902.0614539529226,902.0614539529226,0
2026-02-07T12:15:00,902.0614539529226,902.0614539529226,0
2026-02-07T12:30:00,902.0614539529226,902.0614539529226,0
2026-02-07T12:45:00,902.0614539529226,902.0614539529226,0
2026-02-07T13:00:00,902.0614539529226,902.0614539529226,0
2026-02-07T13:15:00,902.0614539529226,902.0614539529226,0
2026-02-07T13:30:00,902.0614539529226,902.0614539529226,0
2026-02-07T13:45:00,902.0614539529226,902.0614539529226,0
2026-02-07T14:00:00,902.0614539529226,902.0614539529226,0
2026-02-07T14:15:00,902.0614539529226,902.0614539529226,0
2026-02-07T14:30:00,902.0614539529226,902.0614539529226,0
2026-02-07T14:45:00,902.0614539529226,902.0614539529226,0
2026-02-07T15:00:00,902.0614539529226,902.0614539529226,0
2026-02-07T15:15:00,902.0614539529226,902.0614539529226,0
2026-02-07T15:30:00,902.0614539529226,902.0614539529226,0
2026-02-07T15:45:00,902.0614539529226,902.0614539529226,0
2026-02-07T16:00:00,902.0614539529226,902.0614539529226,0
2026-02-07T16:15:00,902.0614539529226,902.0614539529226,0
2026-02-07T16:30:00,902.0614539529226,902.0614539529226,0
2026-02-07T16:45:00,902.0614539529226,902.0614539529226,0
2026-02-07T17:00:00,902.0614539529226,902.0614539529226,0
2026-02-07T17:15:00,902.0614539529226,902.0614539529226,0
2026-02-07T17:30:00,901.239746674137,793.640883679413,1
2026-02-07T17:45:00,899.7368425755349,793.640883679413,1
2026-02-07T18:00:00,900.8070607931766,793.640883679413,1
2026-02-07T18:15:00,905.8529724677602,793.640883679413,1
2026-02-07T18:30:00,908.0017699828686,793.640883679413,1
2026-02-07T18:45:00,907.2492727985893,793.640883679413,1
2026-02-07T19:00:00,905.4997168451401,793.640883679413,1
2026-02-07T19:15:00,906.3483664474106,793.640883679413,1
2026-02-07T19:30:00,906.7455177391136,793.640883679413,1
2026-02-07T19:45:00,906.034825953961,793.640883679413,1
2026-02-07T20:00:00,905.1757250019087,793.640883679413,1
2026-02-07T20:15:00,907.0277041832182,793.640883679413,1
2026-02-07T20:30:00,906.7517885489825,793.640883679413,1
2026-02-07T20:45:00,908.9674747026937,793.640883679413,1
2026-02-07T21:00:00,909.1075227897679,793.640883679413,1
2026-02-07T21:15:00,909.0740784704666,793.640883679413,1
2026-02-07T21:30:00,908.5494207114275,793.640883679413,1
2026-02-07T21:45:00,907.5944288320653,907.5944288320653,0
2026-02-07T22:00:00,907.5944288320653,907.5944288320653,0
2026-02-07T22:15:00,907.5944288320653,907.5944288320653,0
2026-02-07T22:30:00,907.5944288320653,907.5944288320653,0
2026-02-07T22:45:00,907.5944288320653,907.5944288320653,0
2026-02-07T23:00:00,907.5944288320653,907.5944288320653,0
2026-02-07T23:15:00,907.5944288320653,907.5944288320653,0
2026-02-07T23:30:00,907.5944288320653,907.5944288320653,0
2026-02-07T23:45:00,907.5944288320653,907.5944288320653,0
2026-02-08T00:00:00,907.5944288320653,907.5944288320653,0
2026-02-08T00:15:00,907.5944288320653,907.5944288320653,0
2026-02-08T00:30:00,907.5944288320653,907.5944288320653,0
2026-02-08T00:45:00,907.5944288320653,907.5944288320653,0
2026-02-08T01:00:00,907.5944288320653,907.5944288320653,0
2026-02-08T01:15:00,907.5944288320653,907.5944288320653,0
2026-02-08T01:30:00,907.5944288320653,907.5944288320653,0
2026-02-08T01:45:00,907.5944288320653,907.5944288320653,0
2026-02-08T02:00:00,907.5944288320653,907.5944288320653,0
2026-02-08T02:15:00,907.5944288320653,907.5944288320653,0
2026-02-08T02:30:00,907.5944288320653,907.5944288320653,0
2026-02-08T02:45:00,907.5944288320653,907.5944288320653,0
2026-02-08T03:00:00,907.5944288320653,907.5944288320653,0
2026-02-08T03:15:00,907.5944288320653,907.5944288320653,0
2026-02-08T03:30:00,907.5944288320653,907.5944288320653,0
2026-02-08T03:45:00,907.5944288320653,907.5944288320653,0
2026-02-08T04:00:00,907.5944288320653,907.5944288320653,0
2026-02-08T04:15:00,907.5944288320653,907.5944288320653,0
2026-02-08T04:30:00,907.5944288320653,907.5944288320653,0
2026-02-08T04:45:00,907.5944288320653,907.5944288320653,0
2026-02-08T05:00:00,907.5944288320653,907.5944288320653,0
2026-02-08T05:15:00,907.5944288320653,907.5944288320653,0
2026-02-08T05:30:00,907.5944288320653,907.5944288320653,0
2026-02-08T05:45:00,907.5944288320653,907.5944288320653,0
2026-02-08T06:00:00,907.5944288320653,907.5944288320653,0
2026-02-08T06:15:00,907.5944288320653,907.5944288320653,0
2026-02-08T06:30:00,907.5944288320653,907.5944288320653,0
2026-02-08T06:45:00,907.5944288320653,907.5944288320653,0
2026-02-08T07:00:00,907.5944288320653,907.5944288320653,0
2026-02-08T07:15:00,907.5944288320653,907.5944288320653,0
2026-02-08T07:30:00,907.5944288320653,907.5944288320653,0
2026-02-08T07:45:00,907.5944288320653,907.5944288320653,0
2026-02-08T08:00:00,906.7676814468529,798.5088392418818,1
2026-02-08T08:15:00,910.454455354695,798.5088392418818,1
2026-02-08T08:30:00,911.4170102425783,798.5088392418818,1
2026-02-08T08:45:00,913.2879505332226,798.5088392418818,1
2026-02-08T09:00:00,911.6497453430175,798.5088392418818,1
2026-02-08T09:15:00,911.9633910354213,798.5088392418818,1
2026-02-08T09:30:00,909.9495607649907,798.5088392418818,1
2026-02-08T09:45:00,909.7991107993914,798.5088392418818,1
2026-02-08T10:00:00,911.1639693951211,798.5088392418818,1
2026-02-08T10:15:00,909.4176126723361,798.5088392418818,1
2026-02-08T10:30:00,910.5955959162768,798.5088392418818,1
2026-02-08T10:45:00,910.7939049656175,798.5088392418818,1
2026-02-08T11:00:00,913.0921406527457,798.5088392418818,1
2026-02-08T11:15:00,913.5279332233666,798.5088392418818,1
2026-02-08T11:30:00,914.7520261328441,798.5088392418818,1
2026-02-08T11:45:00,915.3771932241176,798.5088392418818,1
2026-02-08T12:00:00,914.5897051151419,798.5088392418818,1
2026-02-08T12:15:00,915.126651545524,798.5088392418818,1
2026-02-08T12:30:00,913.8573236796124,798.5088392418818,1
2026-02-08T12:45:00,916.9389863263127,798.5088392418818,1
2026-02-08T13:00:00,916.1020771530558,798.5088392418818,1
2026-02-08T13:15:00,918.2179984715717,798.5088392418818,1
2026-02-08T13:30:00,916.764419381178,798.5088392418818,1
2026-02-08T13:45:00,918.5935610725757,798.5088392418818,1
2026-02-08T14:00:00,917.7912029088604,798.5088392418818,1
2026-02-08T14:15:00,916.8946260789808,798.5088392418818,1
2026-02-08T14:30:00,915.9165911067325,915.9165911067325,0
2026-02-08T14:45:00,915.9165911067325,915.9165911067325,0
2026-02-08T15:00:00,915.9165911067325,915.9165911067325,0
2026-02-08T15:15:00,915.9165911067325,915.9165911067325,0
2026-02-08T15:30:00,915.9165911067325,915.9165911067325,0
2026-02-08T15:45:00,915.9165911067325,915.9165911067325,0
2026-02-08T16:00:00,915.9165911067325,915.9165911067325,0
2026-02-08T16:15:00,915.9165911067325,915.9165911067325,0
2026-02-08T16:30:00,915.9165911067325,915.9165911067325,0
2026-02-08T16:45:00,915.9165911067325,915.9165911067325,0
2026-02-08T17:00:00,915.9165911067325,915.9165911067325,0
2026-02-08T17:15:00,915.9165911067325,915.9165911067325,0
2026-02-08T17:30:00,915.9165911067325,915.9165911067325,0
2026-02-08T17:45:00,915.9165911067325,915.9165911067325,0
2026-02-08T18:00:00,915.9165911067325,915.9165911067325,0
2026-02-08T18:15:00,915.9165911067325,915.9165911067325,0
2026-02-08T18:30:00,915.9165911067325,915.9165911067325,0
2026-02-08T18:45:00,915.9165911067325,915.9165911067325,0
2026-02-08T19:00:00,915.9165911067325,915.9165911067325,0
2026-02-08T19:15:00,915.9165911067325,915.9165911067325,0
2026-02-08T19:30:00,915.0822628839991,805.8307441884322,1
2026-02-08T19:45:00,916.6046199262469,805.8307441884322,1
2026-02-08T20:00:00,914.6845859423506,805.8307441884322,1
2026-02-08T20:15:00,913.9389416767599,805.8307441884322,1
2026-02-08T20:30:00,913.6075442253863,805.8307441884322,1
2026-02-08T20:45:00,911.6604028305403,911.6604028305403,0
2026-02-08T21:00:00,911.6604028305403,911.6604028305403,0
2026-02-08T21:15:00,911.6604028305403,911.6604028305403,0
2026-02-08T21:30:00,911.6604028305403,911.6604028305403,0
2026-02-08T21:45:00,911.6604028305403,911.6604028305403,0
2026-02-08T22:00:00,911.6604028305403,911.6604028305403,0
2026-02-08T22:15:00,911.6604028305403,911.6604028305403,0
2026-02-08T22:30:00,911.6604028305403,911.6604028305403,0
2026-02-08T22:45:00,911.6604028305403,911.6604028305403,0
2026-02-08T23:00:00,911.6604028305403,911.6604028305403,0
2026-02-08T23:15:00,911.6604028305403,911.6604028305403,0
2026-02-08T23:30:00,911.6604028305403,911.6604028305403,0
2026-02-08T23:45:00,911.6604028305403,911.6604028305403,0
2026-02-09T00:00:00,911.6604028305403,911.6604028305403,0
2026-02-09T00:15:00,911.6604028305403,911.6604028305403,0
2026-02-09T00:30:00,911.6604028305403,911.6604028305403,0
2026-02-09T00:45:00,911.6604028305403,911.6604028305403,0
2026-02-09T01:00:00,911.6604028305403,911.6604028305403,0
2026-02-09T01:15:00,911.6604028305403,911.6604028305403,0
2026-02-09T01:30:00,911.6604028305403,911.6604028305403,0
2026-02-09T01:45:00,911.6604028305403,911.6604028305403,0
2026-02-09T02:00:00,911.6604028305403,911.6604028305403,0
2026-02-09T02:15:00,911.6604028305403,911.6604028305403,0
2026-02-09T02:30:00,911.6604028305403,911.6604028305403,0
2026-02-09T02:45:00,911.6604028305403,911.6604028305403,0
2026-02-09T03:00:00,911.6604028305403,911.6604028305403,0
2026-02-09T03:15:00,911.6604028305403,911.6604028305403,0
2026-02-09T03:30:00,911.6604028305403,911.6604028305403,0
2026-02-09T03:45:00,911.6604028305403,911.6604028305403,0
2026-02-09T04:00:00,911.6604028305403,911.6604028305403,0
2026-02-09T04:15:00,911.6604028305403,911.6604028305403,0
2026-02-09T04:30:00,911.6604028305403,911.6604028305403,0
2026-02-09T04:45:00,911.6604028305403,911.6604028305403,0
2026-02-09T05:00:00,911.6604028305403,911.6604028305403,0
2026-02-09T05:15:00,911.6604028305403,911.6604028305403,0
2026-02-09T05:30:00,911.6604028305403,911.6604028305403,0
2026-02-09T05:45:00,911.6604028305403,911.6604028305403,0
2026-02-09T06:00:00,911.6604028305403,911.6604028305403,0
2026-02-09T06:15:00,911.6604028305403,911.6604028305403,0
2026-02-09T06:30:00,911.6604028305403,911.6604028305403,0
2026-02-09T06:45:00,911.6604028305403,911.6604028305403,0
2026-02-09T07:00:00,911.6604028305403,911.6604028305403,0
2026-02-09T07:15:00,911.6604028305403,911.6604028305403,0
2026-02-09T07:30:00,911.6604028305403,911.6604028305403,0
2026-02-09T07:45:00,911.6604028305403,911.6604028305403,0
2026-02-09T08:00:00,910.8279824708154,802.0861156935321,1
2026-02-09T08:15:00,913.7857653753318,802.0861156935321,1
2026-02-09T08:30:00,914.3900436031363,802.0861156935321,1
2026-02-09T08:45:00,914.4112463479715,802.0861156935321,1
2026-02-09T09:00:00,914.5935899535547,802.0861156935321,1
2026-02-09T09:15:00,914.9561568902374,802.0861156935321,1
2026-02-09T09:30:00,916.3767407941987,802.0861156935321,1
2026-02-09T09:45:00,916.0650604451206,802.0861156935321,1
2026-02-09T10:00:00,916.5930087915182,802.0861156935321,1
2026-02-09T10:15:00,919.1118948779451,802.0861156935321,1
2026-02-09T10:30:00,920.6533344274674,802.0861156935321,1
2026-02-09T10:45:00,920.2144376093778,802.0861156935321,1
2026-02-09T11:00:00,920.1232658065862,802.0861156935321,1
2026-02-09T11:15:00,919.1458192696815,802.0861156935321,1
2026-02-09T11:30:00,919.2094275041873,802.0861156935321,1
2026-02-09T11:45:00,919.0419258199888,802.0861156935321,1
2026-02-09T12:00:00,916.8431308260501,916.8431308260501,0
2026-02-09T12:15:00,916.8431308260501,916.8431308260501,0
2026-02-09T12:30:00,916.8431308260501,916.8431308260501,0
2026-02-09T12:45:00,916.8431308260501,916.8431308260501,0
2026-02-09T13:00:00,916.8431308260501,916.8431308260501,0
2026-02-09T13:15:00,916.8431308260501,916.8431308260501,0
2026-02-09T13:30:00,916.8431308260501,916.8431308260501,0
2026-02-09T13:45:00,916.8431308260501,916.8431308260501,0
2026-02-09T14:00:00,916.8431308260501,916.8431308260501,0
2026-02-09T14:15:00,916.8431308260501,916.8431308260501,0
2026-02-09T14:30:00,916.8431308260501,916.8431308260501,0
2026-02-09T14:45:00,916.8431308260501,916.8431308260501,0
2026-02-09T15:00:00,916.8431308260501,916.8431308260501,0
2026-02-09T15:15:00,916.8431308260501,916.8431308260501,0
2026-02-09T15:30:00,916.8431308260501,916.8431308260501,0
2026-02-09T15:45:00,916.8431308260501,916.8431308260501,0
2026-02-09T16:00:00,916.8431308260501,916.8431308260501,0
2026-02-09T16:15:00,916.8431308260501,916.8431308260501,0
2026-02-09T16:30:00,916.8431308260501,916.8431308260501,0
2026-02-09T16:45:00,916.8431308260501,916.8431308260501,0
2026-02-09T17:00:00,916.8431308260501,916.8431308260501,0
2026-02-09T17:15:00,916.8431308260501,916.8431308260501,0
2026-02-09T17:30:00,916.8431308260501,916.8431308260501,0
2026-02-09T17:45:00,916.8431308260501,916.8431308260501,0
2026-02-09T18:00:00,916.0079585982568,806.6459212458055,1
2026-02-09T18:15:00,913.9722127219483,806.6459212458055,1
2026-02-09T18:30:00,916.6610506763415,806.6459212458055,1
2026-02-09T18:45:00,916.9379947854028,806.6459212458055,1
2026-02-09T19:00:00,915.9418226916152,806.6459212458055,1
2026-02-09T19:15:00,916.2456345127497,806.6459212458055,1
2026-02-09T19:30:00,916.9214608087424,806.6459212458055,1
2026-02-09T19:45:00,917.0764668399333,806.6459212458055,1
2026-02-09T20:00:00,919.0068086150319,806.6459212458055,1
2026-02-09T20:15:00,914.6935074537571,806.6459212458055,1
2026-02-09T20:30:00,916.3172490141466,916.3172490141466,0
2026-02-09T20:45:00,916.3172490141466,916.3172490141466,0
2026-02-09T21:00:00,916.3172490141466,916.3172490141466,0
2026-02-09T21:15:00,916.3172490141466,916.3172490141466,0
2026-02-09T21:30:00,916.3172490141466,916.3172490141466,0
2026-02-09T21:45:00,916.3172490141466,916.3172490141466,0
2026-02-09T22:00:00,916.3172490141466,916.3172490141466,0
2026-02-09T22:15:00,916.3172490141466,916.3172490141466,0
2026-02-09T22:30:00,916.3172490141466,916.3172490141466,0
2026-02-09T22:45:00,916.3172490141466,916.3172490141466,0
2026-02-09T23:00:00,916.3172490141466,916.3172490141466,0
2026-02-09T23:15:00,916.3172490141466,916.3172490141466,0
2026-02-09T23:30:00,916.3172490141466,916.3172490141466,0
2026-02-09T23:45:00,916.3172490141466,916.3172490141466,0
2026-02-10T00:00:00,916.3172490141466,916.3172490141466,0
2026-02-10T00:15:00,916.3172490141466,916.3172490141466,0
2026-02-10T00:30:00,916.3172490141466,916.3172490141466,0
2026-02-10T00:45:00,916.3172490141466,916.3172490141466,0
2026-02-10T01:00:00,916.3172490141466,916.3172490141466,0
2026-02-10T01:15:00,916.3172490141466,916.3172490141466,0
2026-02-10T01:30:00,916.3172490141466,916.3172490141466,0
2026-02-10T01:45:00,916.3172490141466,916.3172490141466,0
2026-02-10T02:00:00,916.3172490141466,916.3172490141466,0
2026-02-10T02:15:00,916.3172490141466,916.3172490141466,0
2026-02-10T02:30:00,916.3172490141466,916.3172490141466,0
2026-02-10T02:45:00,916.3172490141466,916.3172490141466,0
2026-02-10T03:00:00,916.3172490141466,916.3172490141466,0
2026-02-10T03:15:00,916.3172490141466,916.3172490141466,0
2026-02-10T03:30:00,916.3172490141466,916.3172490141466,0
2026-02-10T03:45:00,916.3172490141466,916.3172490141466,0
2026-02-10T04:00:00,916.3172490141466,916.3172490141466,0
2026-02-10T04:15:00,916.3172490141466,916.3172490141466,0
2026-02-10T04:30:00,916.3172490141466,916.3172490141466,0
2026-02-10T04:45:00,916.3172490141466,916.3172490141466,0
2026-02-10T05:00:00,916.3172490141466,916.3172490141466,0
2026-02-10T05:15:00,916.3172490141466,916.3172490141466,0
2026-02-10T05:30:00,916.3172490141466,916.3172490141466,0
2026-02-10T05:45:00,916.3172490141466,916.3172490141466,0
2026-02-10T06:00:00,916.3172490141466,916.3172490141466,0
2026-02-10T06:15:00,916.3172490141466,916.3172490141466,0
2026-02-10T06:30:00,916.3172490141466,916.3172490141466,0
2026-02-10T06:45:00,915.4805765737528,806.1832462206382,1
2026-02-10T07:00:00,914.8753561512135,806.1832462206382,1
2026-02-10T07:15:00,914.4652973866669,806.1832462206382,1
2026-02-10T07:30:00,914.9499122902218,806.1832462206382,1
2026-02-10T07:45:00,915.7700298193151,806.1832462206382,1
2026-02-10T08:00:00,916.3949856904155,806.1832462206382,1
2026-02-10T08:15:00,914.906055737864,806.1832462206382,1
2026-02-10T08:30:00,915.4783837461349,806.1832462206382,1
2026-02-10T08:45:00,914.145144554454,806.1832462206382,1
2026-02-10T09:00:00,912.3117295566766,912.3117295566766,0
2026-02-10T09:15:00,912.3117295566766,912.3117295566766,0
2026-02-10T09:30:00,912.3117295566766,912.3117295566766,0
2026-02-10T09:45:00,912.3117295566766,912.3117295566766,0
2026-02-10T10:00:00,912.3117295566766,912.3117295566766,0
2026-02-10T10:15:00,912.3117295566766,912.3117295566766,0
2026-02-10T10:30:00,912.3117295566766,912.3117295566766,0
2026-02-10T10:45:00,912.3117295566766,912.3117295566766,0
2026-02-10T11:00:00,912.3117295566766,912.3117295566766,0
2026-02-10T11:15:00,912.3117295566766,912.3117295566766,0
2026-02-10T11:30:00,912.3117295566766,912.3117295566766,0
2026-02-10T11:45:00,912.3117295566766,912.3117295566766,0
2026-02-10T12:00:00,912.3117295566766,912.3117295566766,0
2026-02-10T12:15:00,912.3117295566766,912.3117295566766,0
2026-02-10T12:30:00,912.3117295566766,912.3117295566766,0
2026-02-10T12:45:00,912.3117295566766,912.3117295566766,0
2026-02-10T13:00:00,912.3117295566766,912.3117295566766,0
2026-02-10T13:15:00,912.3117295566766,912.3117295566766,0
2026-02-10T13:30:00,912.3117295566766,912.3117295566766,0
2026-02-10T13:45:00,912.3117295566766,912.3117295566766,0
2026-02-10T14:00:00,912.3117295566766,912.3117295566766,0
2026-02-10T14:15:00,912.3117295566766,912.3117295566766,0
2026-02-10T14:30:00,912.3117295566766,912.3117295566766,0
2026-02-10T14:45:00,912.3117295566766,912.3117295566766,0
2026-02-10T15:00:00,912.3117295566766,912.3117295566766,0
2026-02-10T15:15:00,912.3117295566766,912.3117295566766,0
2026-02-10T15:30:00,912.3117295566766,912.3117295566766,0
2026-02-10T15:45:00,912.3117295566766,912.3117295566766,0
2026-02-10T16:00:00,912.3117295566766,912.3117295566766,0
2026-02-10T16:15:00,912.3117295566766,912.3117295566766,0
2026-02-10T16:30:00,912.3117295566766,912.3117295566766,0
2026-02-10T16:45:00,912.3117295566766,912.3117295566766,0
2026-02-10T17:00:00,912.3117295566766,912.3117295566766,0
2026-02-10T17:15:00,912.3117295566766,912.3117295566766,0
2026-02-10T17:30:00,912.3117295566766,912.3117295566766,0
2026-02-10T17:45:00,912.3117295566766,912.3117295566766,0
2026-02-10T18:00:00,912.3117295566766,912.3117295566766,0
2026-02-10T18:15:00,912.3117295566766,912.3117295566766,0
2026-02-10T18:30:00,912.3117295566766,912.3117295566766,0
2026-02-10T18:45:00,912.3117295566766,912.3117295566766,0
2026-02-10T19:00:00,912.3117295566766,912.3117295566766,0
2026-02-10T19:15:00,912.3117295566766,912.3117295566766,0
2026-02-10T19:30:00,912.3117295566766,912.3117295566766,0
2026-02-10T19:45:00,912.3117295566766,912.3117295566766,0
2026-02-10T20:00:00,912.3117295566766,912.3117295566766,0
2026-02-10T20:15:00,912.3117295566766,912.3117295566766,0
2026-02-10T20:30:00,912.3117295566766,912.3117295566766,0
2026-02-10T20:45:00,912.3117295566766,912.3117295566766,0
2026-02-10T21:00:00,912.3117295566766,912.3117295566766,0
2026-02-10T21:15:00,912.3117295566766,912.3117295566766,0
2026-02-10T21:30:00,912.3117295566766,912.3117295566766,0
2026-02-10T21:45:00,912.3117295566766,912.3117295566766,0
2026-02-10T22:00:00,912.3117295566766,912.3117295566766,0
2026-02-10T22:15:00,912.3117295566766,912.3117295566766,0
2026-02-10T22:30:00,912.3117295566766,912.3117295566766,0
2026-02-10T22:45:00,912.3117295566766,912.3117295566766,0
2026-02-10T23:00:00,912.3117295566766,912.3117295566766,0
2026-02-10T23:15:00,912.3117295566766,912.3117295566766,0
2026-02-10T23:30:00,912.3117295566766,912.3117295566766,0
2026-02-10T23:45:00,912.3117295566766,912.3117295566766,0
2026-02-11T00:00:00,912.3117295566766,912.3117295566766,0
2026-02-11T00:15:00,912.3117295566766,912.3117295566766,0
2026-02-11T00:30:00,912.3117295566766,912.3117295566766,0
2026-02-11T00:45:00,912.3117295566766,912.3117295566766,0
2026-02-11T01:00:00,912.3117295566766,912.3117295566766,0
2026-02-11T01:15:00,912.3117295566766,912.3117295566766,0
2026-02-11T01:30:00,912.3117295566766,912.3117295566766,0
2026-02-11T01:45:00,912.3117295566766,912.3117295566766,0
2026-02-11T02:00:00,912.3117295566766,912.3117295566766,0
2026-02-11T02:15:00,912.3117295566766,912.3117295566766,0
2026-02-11T02:30:00,912.3117295566766,912.3117295566766,0
2026-02-11T02:45:00,912.3117295566766,912.3117295566766,0
2026-02-11T03:00:00,912.3117295566766,912.3117295566766,0
2026-02-11T03:15:00,912.3117295566766,912.3117295566766,0
2026-02-11T03:30:00,912.3117295566766,912.3117295566766,0
2026-02-11T03:45:00,912.3117295566766,912.3117295566766,0
2026-02-11T04:00:00,912.3117295566766,912.3117295566766,0
2026-02-11T04:15:00,912.3117295566766,912.3117295566766,0
2026-02-11T04:30:00,912.3117295566766,912.3117295566766,0
2026-02-11T04:45:00,912.3117295566766,912.3117295566766,0
2026-02-11T05:00:00,912.3117295566766,912.3117295566766,0
2026-02-11T05:15:00,912.3117295566766,912.3117295566766,0
2026-02-11T05:30:00,912.3117295566766,912.3117295566766,0
2026-02-11T05:45:00,912.3117295566766,912.3117295566766,0
2026-02-11T06:00:00,912.3117295566766,912.3117295566766,0
2026-02-11T06:15:00,912.3117295566766,912.3117295566766,0
2026-02-11T06:30:00,912.3117295566766,912.3117295566766,0
2026-02-11T06:45:00,912.3117295566766,912.3117295566766,0
2026-02-11T07:00:00,912.3117295566766,912.3117295566766,0
2026-02-11T07:15:00,912.3117295566766,912.3117295566766,0
2026-02-11T07:30:00,912.3117295566766,912.3117295566766,0
2026-02-11T07:45:00,912.3117295566766,912.3117295566766,0
2026-02-11T08:00:00,912.3117295566766,912.3117295566766,0
2026-02-11T08:15:00,912.3117295566766,912.3117295566766,0
2026-02-11T08:30:00,912.3117295566766,912.3117295566766,0
2026-02-11T08:45:00,912.3117295566766,912.3117295566766,0
2026-02-11T09:00:00,912.3117295566766,912.3117295566766,0
2026-02-11T09:15:00,912.3117295566766,912.3117295566766,0
2026-02-11T09:30:00,912.3117295566766,912.3117295566766,0
2026-02-11T09:45:00,912.3117295566766,912.3117295566766,0
2026-02-11T10:00:00,912.3117295566766,912.3117295566766,0
2026-02-11T10:15:00,912.3117295566766,912.3117295566766,0
2026-02-11T10:30:00,912.3117295566766,912.3117295566766,0
2026-02-11T10:45:00,912.3117295566766,912.3117295566766,0
2026-02-11T11:00:00,912.3117295566766,912.3117295566766,0
2026-02-11T11:15:00,912.3117295566766,912.3117295566766,0
2026-02-11T11:30:00,912.3117295566766,912.3117295566766,0
2026-02-11T11:45:00,912.3117295566766,912.3117295566766,0
2026-02-11T12:00:00,912.3117295566766,912.3117295566766,0
2026-02-11T12:15:00,912.3117295566766,912.3117295566766,0
2026-02-11T12:30:00,912.3117295566766,912.3117295566766,0
2026-02-11T12:45:00,912.3117295566766,912.3117295566766,0
2026-02-11T13:00:00,912.3117295566766,912.3117295566766,0
2026-02-11T13:15:00,912.3117295566766,912.3117295566766,0
2026-02-11T13:30:00,912.3117295566766,912.3117295566766,0
2026-02-11T13:45:00,912.3117295566766,912.3117295566766,0
2026-02-11T14:00:00,912.3117295566766,912.3117295566766,0
2026-02-11T14:15:00,912.3117295566766,912.3117295566766,0
2026-02-11T14:30:00,912.3117295566766,912.3117295566766,0
2026-02-11T14:45:00,912.3117295566766,912.3117295566766,0
2026-02-11T15:00:00,912.3117295566766,912.3117295566766,0
2026-02-11T15:15:00,912.3117295566766,912.3117295566766,0
2026-02-11T15:30:00,912.3117295566766,912.3117295566766,0
2026-02-11T15:45:00,912.3117295566766,912.3117295566766,0
2026-02-11T16:00:00,912.3117295566766,912.3117295566766,0
2026-02-11T16:15:00,912.3117295566766,912.3117295566766,0
2026-02-11T16:30:00,912.3117295566766,912.3117295566766,0
2026-02-11T16:45:00,912.3117295566766,912.3117295566766,0
2026-02-11T17:00:00,912.3117295566766,912.3117295566766,0
2026-02-11T17:15:00,912.3117295566766,912.3117295566766,0
2026-02-11T17:30:00,912.3117295566766,912.3117295566766,0
2026-02-11T17:45:00,912.3117295566766,912.3117295566766,0
2026-02-11T18:00:00,912.3117295566766,912.3117295566766,0
2026-02-11T18:15:00,912.3117295566766,912.3117295566766,0
2026-02-11T18:30:00,912.3117295566766,912.3117295566766,0
2026-02-11T18:45:00,912.3117295566766,912.3117295566766,0
2026-02-11T19:00:00,912.3117295566766,912.3117295566766,0
2026-02-11T19:15:00,912.3117295566766,912.3117295566766,0
2026-02-11T19:30:00,912.3117295566766,912.3117295566766,0
2026-02-11T19:45:00,912.3117295566766,912.3117295566766,0
2026-02-11T20:00:00,912.3117295566766,912.3117295566766,0
2026-02-11T20:15:00,912.3117295566766,912.3117295566766,0
2026-02-11T20:30:00,912.3117295566766,912.3117295566766,0
2026-02-11T20:45:00,912.3117295566766,912.3117295566766,0
2026-02-11T21:00:00,912.3117295566766,912.3117295566766,0
2026-02-11T21:15:00,912.3117295566766,912.3117295566766,0
2026-02-11T21:30:00,912.3117295566766,912.3117295566766,0
2026-02-11T21:45:00,912.3117295566766,912.3117295566766,0
2026-02-11T22:00:00,912.3117295566766,912.3117295566766,0
2026-02-11T22:15:00,912.3117295566766,912.3117295566766,0
2026-02-11T22:30:00,912.3117295566766,912.3117295566766,0
2026-02-11T22:45:00,912.3117295566766,912.3117295566766,0
2026-02-11T23:00:00,912.3117295566766,912.3117295566766,0
2026-02-11T23:15:00,912.3117295566766,912.3117295566766,0
2026-02-11T23:30:00,912.3117295566766,912.3117295566766,0
2026-02-11T23:45:00,911.4787144824878,802.6591581578006,1
2026-02-12T00:00:00,908.4068589343397,908.4068589343397,0
2026-02-12T00:15:00,908.4068589343397,908.4068589343397,0
2026-02-12T00:30:00,908.4068589343397,908.4068589343397,0
2026-02-12T00:45:00,908.4068589343397,908.4068589343397,0
2026-02-12T01:00:00,908.4068589343397,908.4068589343397,0
2026-02-12T01:15:00,908.4068589343397,908.4068589343397,0
2026-02-12T01:30:00,908.4068589343397,908.4068589343397,0
2026-02-12T01:45:00,908.4068589343397,908.4068589343397,0
2026-02-12T02:00:00,908.4068589343397,908.4068589343397,0
2026-02-12T02:15:00,908.4068589343397,908.4068589343397,0
2026-02-12T02:30:00,908.4068589343397,908.4068589343397,0
2026-02-12T02:45:00,908.4068589343397,908.4068589343397,0
2026-02-12T03:00:00,908.4068589343397,908.4068589343397,0
2026-02-12T03:15:00,908.4068589343397,908.4068589343397,0
2026-02-12T03:30:00,908.4068589343397,908.4068589343397,0
2026-02-12T03:45:00,908.4068589343397,908.4068589343397,0
2026-02-12T04:00:00,908.4068589343397,908.4068589343397,0
2026-02-12T04:15:00,908.4068589343397,908.4068589343397,0
2026-02-12T04:30:00,908.4068589343397,908.4068589343397,0
2026-02-12T04:45:00,908.4068589343397,908.4068589343397,0
2026-02-12T05:00:00,908.4068589343397,908.4068589343397,0
2026-02-12T05:15:00,908.4068589343397,908.4068589343397,0
2026-02-12T05:30:00,908.4068589343397,908.4068589343397,0
2026-02-12T05:45:00,908.4068589343397,908.4068589343397,0
2026-02-12T06:00:00,908.4068589343397,908.4068589343397,0
2026-02-12T06:15:00,908.4068589343397,908.4068589343397,0
2026-02-12T06:30:00,908.4068589343397,908.4068589343397,0
2026-02-12T06:45:00,908.4068589343397,908.4068589343397,0
2026-02-12T07:00:00,908.4068589343397,908.4068589343397,0
2026-02-12T07:15:00,908.4068589343397,908.4068589343397,0
2026-02-12T07:30:00,908.4068589343397,908.4068589343397,0
2026-02-12T07:45:00,908.4068589343397,908.4068589343397,0
2026-02-12T08:00:00,908.4068589343397,908.4068589343397,0
2026-02-12T08:15:00,908.4068589343397,908.4068589343397,0
2026-02-12T08:30:00,908.4068589343397,908.4068589343397,0
2026-02-12T08:45:00,908.4068589343397,908.4068589343397,0
2026-02-12T09:00:00,908.4068589343397,908.4068589343397,0
2026-02-12T09:15:00,908.4068589343397,908.4068589343397,0
2026-02-12T09:30:00,908.4068589343397,908.4068589343397,0
2026-02-12T09:45:00,908.4068589343397,908.4068589343397,0
2026-02-12T10:00:00,908.4068589343397,908.4068589343397,0
2026-02-12T10:15:00,908.4068589343397,908.4068589343397,0
2026-02-12T10:30:00,908.4068589343397,908.4068589343397,0
2026-02-12T10:45:00,908.4068589343397,908.4068589343397,0
2026-02-12T11:00:00,908.4068589343397,908.4068589343397,0
2026-02-12T11:15:00,908.4068589343397,908.4068589343397,0
2026-02-12T11:30:00,908.4068589343397,908.4068589343397,0
2026-02-12T11:45:00,908.4068589343397,908.4068589343397,0
2026-02-12T12:00:00,908.4068589343397,908.4068589343397,0
2026-02-12T12:15:00,908.4068589343397,908.4068589343397,0
2026-02-12T12:30:00,908.4068589343397,908.4068589343397,0
2026-02-12T12:45:00,908.4068589343397,908.4068589343397,0
2026-02-12T13:00:00,908.4068589343397,908.4068589343397,0
2026-02-12T13:15:00,908.4068589343397,908.4068589343397,0
2026-02-12T13:30:00,908.4068589343397,908.4068589343397,0
2026-02-12T13:45:00,908.4068589343397,908.4068589343397,0
2026-02-12T14:00:00,908.4068589343397,908.4068589343397,0
2026-02-12T14:15:00,908.4068589343397,908.4068589343397,0
2026-02-12T14:30:00,908.4068589343397,908.4068589343397,0
2026-02-12T14:45:00,908.4068589343397,908.4068589343397,0
2026-02-12T15:00:00,908.4068589343397,908.4068589343397,0
2026-02-12T15:15:00,908.4068589343397,908.4068589343397,0
2026-02-12T15:30:00,908.4068589343397,908.4068589343397,0
2026-02-12T15:45:00,908.4068589343397,908.4068589343397,0
2026-02-12T16:00:00,908.4068589343397,908.4068589343397,0
2026-02-12T16:15:00,908.4068589343397,908.4068589343397,0
2026-02-12T16:30:00,908.4068589343397,908.4068589343397,0
2026-02-12T16:45:00,908.4068589343397,908.4068589343397,0
2026-02-12T17:00:00,907.577409325754,799.2236217453035,1
2026-02-12T17:15:00,904.9940816058119,799.2236217453035,1
2026-02-12T17:30:00,905.9987828597107,799.2236217453035,1
2026-02-12T17:45:00,909.7453055321834,799.2236217453035,1
2026-02-12T18:00:00,907.8847648762857,799.2236217453035,1
2026-02-12T18:15:00,910.4758645001423,799.2236217453035,1
2026-02-12T18:30:00,909.6203572307893,799.2236217453035,1
2026-02-12T18:45:00,908.569821671754,799.2236217453035,1
2026-02-12T19:00:00,909.5156025942672,799.2236217453035,1
2026-02-12T19:15:00,907.3140281375419,799.2236217453035,1
2026-02-12T19:30:00,905.6410867891215,905.6410867891215,0
2026-02-12T19:45:00,905.6410867891215,905.6410867891215,0
2026-02-12T20:00:00,905.6410867891215,905.6410867891215,0
2026-02-12T20:15:00,905.6410867891215,905.6410867891215,0
2026-02-12T20:30:00,905.6410867891215,905.6410867891215,0
2026-02-12T20:45:00,905.6410867891215,905.6410867891215,0
2026-02-12T21:00:00,905.6410867891215,905.6410867891215,0
2026-02-12T21:15:00,905.6410867891215,905.6410867891215,0
2026-02-12T21:30:00,905.6410867891215,905.6410867891215,0
2026-02-12T21:45:00,905.6410867891215,905.6410867891215,0
2026-02-12T22:00:00,905.6410867891215,905.6410867891215,0
2026-02-12T22:15:00,905.6410867891215,905.6410867891215,0
2026-02-12T22:30:00,905.6410867891215,905.6410867891215,0
2026-02-12T22:45:00,905.6410867891215,905.6410867891215,0
2026-02-12T23:00:00,905.6410867891215,905.6410867891215,0
2026-02-12T23:15:00,905.6410867891215,905.6410867891215,0
2026-02-12T23:30:00,905.6410867891215,905.6410867891215,0
2026-02-12T23:45:00,905.6410867891215,905.6410867891215,0
2026-02-13T00:00:00,905.6410867891215,905.6410867891215,0
2026-02-13T00:15:00,905.6410867891215,905.6410867891215,0
2026-02-13T00:30:00,905.6410867891215,905.6410867891215,0
2026-02-13T00:45:00,905.6410867891215,905.6410867891215,0
2026-02-13T01:00:00,905.6410867891215,905.6410867891215,0
2026-02-13T01:15:00,905.6410867891215,905.6410867891215,0
2026-02-13T01:30:00,905.6410867891215,905.6410867891215,0
2026-02-13T01:45:00,905.6410867891215,905.6410867891215,0
2026-02-13T02:00:00,905.6410867891215,905.6410867891215,0
2026-02-13T02:15:00,905.6410867891215,905.6410867891215,0
2026-02-13T02:30:00,905.6410867891215,905.6410867891215,0
2026-02-13T02:45:00,905.6410867891215,905.6410867891215,0
2026-02-13T03:00:00,905.6410867891215,905.6410867891215,0
2026-02-13T03:15:00,905.6410867891215,905.6410867891215,0
2026-02-13T03:30:00,905.6410867891215,905.6410867891215,0
2026-02-13T03:45:00,905.6410867891215,905.6410867891215,0
2026-02-13T04:00:00,905.6410867891215,905.6410867891215,0
2026-02-13T04:15:00,905.6410867891215,905.6410867891215,0
2026-02-13T04:30:00,905.6410867891215,905.6410867891215,0
2026-02-13T04:45:00,905.6410867891215,905.6410867891215,0
2026-02-13T05:00:00,905.6410867891215,905.6410867891215,0
2026-02-13T05:15:00,905.6410867891215,905.6410867891215,0
2026-02-13T05:30:00,905.6410867891215,905.6410867891215,0
2026-02-13T05:45:00,905.6410867891215,905.6410867891215,0
2026-02-13T06:00:00,904.8141625562535,796.7902732857634,1
2026-02-13T06:15:00,905.7343491747553,796.7902732857634,1
2026-02-13T06:30:00,905.9908315085186,796.7902732857634,1
2026-02-13T06:45:00,904.4766858013018,796.7902732857634,1
2026-02-13T07:00:00,901.8305128013988,901.8305128013988,0
2026-02-13T07:15:00,901.8305128013988,901.8305128013988,0
2026-02-13T07:30:00,901.0070679336098,793.437699806773,1
2026-02-13T07:45:00,900.4730854484584,793.437699806773,1
2026-02-13T08:00:00,900.1366338691096,793.437699806773,1
2026-02-13T08:15:00,898.7812758966169,898.7812758966169,0
2026-02-13T08:30:00,898.7812758966169,898.7812758966169,0
2026-02-13T08:45:00,898.7812758966169,898.7812758966169,0
2026-02-13T09:00:00,898.7812758966169,898.7812758966169,0
2026-02-13T09:15:00,898.7812758966169,898.7812758966169,0
2026-02-13T09:30:00,898.7812758966169,898.7812758966169,0
2026-02-13T09:45:00,898.7812758966169,898.7812758966169,0
2026-02-13T10:00:00,898.7812758966169,898.7812758966169,0
2026-02-13T10:15:00,898.7812758966169,898.7812758966169,0
2026-02-13T10:30:00,898.7812758966169,898.7812758966169,0
2026-02-13T10:45:00,898.7812758966169,898.7812758966169,0
2026-02-13T11:00:00,898.7812758966169,898.7812758966169,0
2026-02-13T11:15:00,898.7812758966169,898.7812758966169,0
2026-02-13T11:30:00,898.7812758966169,898.7812758966169,0
2026-02-13T11:45:00,898.7812758966169,898.7812758966169,0
2026-02-13T12:00:00,898.7812758966169,898.7812758966169,0
2026-02-13T12:15:00,898.7812758966169,898.7812758966169,0
2026-02-13T12:30:00,898.7812758966169,898.7812758966169,0
2026-02-13T12:45:00,898.7812758966169,898.7812758966169,0
2026-02-13T13:00:00,898.7812758966169,898.7812758966169,0
2026-02-13T13:15:00,898.7812758966169,898.7812758966169,0
2026-02-13T13:30:00,898.7812758966169,898.7812758966169,0
2026-02-13T13:45:00,898.7812758966169,898.7812758966169,0
2026-02-13T14:00:00,898.7812758966169,898.7812758966169,0
2026-02-13T14:15:00,898.7812758966169,898.7812758966169,0
2026-02-13T14:30:00,898.7812758966169,898.7812758966169,0
2026-02-13T14:45:00,898.7812758966169,898.7812758966169,0
2026-02-13T15:00:00,898.7812758966169,898.7812758966169,0
2026-02-13T15:15:00,898.7812758966169,898.7812758966169,0
2026-02-13T15:30:00,898.7812758966169,898.7812758966169,0
2026-02-13T15:45:00,898.7812758966169,898.7812758966169,0
2026-02-13T16:00:00,898.7812758966169,898.7812758966169,0
2026-02-13T16:15:00,898.7812758966169,898.7812758966169,0
2026-02-13T16:30:00,898.7812758966169,898.7812758966169,0
2026-02-13T16:45:00,898.7812758966169,898.7812758966169,0
2026-02-13T17:00:00,898.7812758966169,898.7812758966169,0
2026-02-13T17:15:00,898.7812758966169,898.7812758966169,0
2026-02-13T17:30:00,898.7812758966169,898.7812758966169,0
2026-02-13T17:45:00,898.7812758966169,898.7812758966169,0
2026-02-13T18:00:00,898.7812758966169,898.7812758966169,0
2026-02-13T18:15:00,898.7812758966169,898.7812758966169,0
2026-02-13T18:30:00,898.7812758966169,898.7812758966169,0
2026-02-13T18:45:00,898.7812758966169,898.7812758966169,0
2026-02-13T19:00:00,898.7812758966169,898.7812758966169,0
2026-02-13T19:15:00,898.7812758966169,898.7812758966169,0
2026-02-13T19:30:00,898.7812758966169,898.7812758966169,0
2026-02-13T19:45:00,898.7812758966169,898.7812758966169,0
2026-02-13T20:00:00,898.7812758966169,898.7812758966169,0
2026-02-13T20:15:00,898.7812758966169,898.7812758966169,0
2026-02-13T20:30:00,898.7812758966169,898.7812758966169,0
2026-02-13T20:45:00,898.7812758966169,898.7812758966169,0
2026-02-13T21:00:00,898.7812758966169,898.7812758966169,0
2026-02-13T21:15:00,898.7812758966169,898.7812758966169,0
2026-02-13T21:30:00,898.7812758966169,898.7812758966169,0
2026-02-13T21:45:00,898.7812758966169,898.7812758966169,0
2026-02-13T22:00:00,898.7812758966169,898.7812758966169,0
2026-02-13T22:15:00,898.7812758966169,898.7812758966169,0
2026-02-13T22:30:00,898.7812758966169,898.7812758966169,0
2026-02-13T22:45:00,898.7812758966169,898.7812758966169,0
2026-02-13T23:00:00,898.7812758966169,898.7812758966169,0
2026-02-13T23:15:00,898.7812758966169,898.7812758966169,0
2026-02-13T23:30:00,898.7812758966169,898.7812758966169,0
2026-02-13T23:45:00,898.7812758966169,898.7812758966169,0
2026-02-14T00:00:00,898.7812758966169,898.7812758966169,0
2026-02-14T00:15:00,898.7812758966169,898.7812758966169,0
2026-02-14T00:30:00,898.7812758966169,898.7812758966169,0
2026-02-14T00:45:00,898.7812758966169,898.7812758966169,0
2026-02-14T01:00:00,898.7812758966169,898.7812758966169,0
2026-02-14T01:15:00,898.7812758966169,898.7812758966169,0
2026-02-14T01:30:00,898.7812758966169,898.7812758966169,0
2026-02-14T01:45:00,898.7812758966169,898.7812758966169,0
2026-02-14T02:00:00,898.7812758966169,898.7812758966169,0
2026-02-14T02:15:00,898.7812758966169,898.7812758966169,0
2026-02-14T02:30:00,898.7812758966169,898.7812758966169,0
2026-02-14T02:45:00,898.7812758966169,898.7812758966169,0
2026-02-14T03:00:00,898.7812758966169,898.7812758966169,0
2026-02-14T03:15:00,898.7812758966169,898.7812758966169,0
2026-02-14T03:30:00,898.7812758966169,898.7812758966169,0
2026-02-14T03:45:00,898.7812758966169,898.7812758966169,0
2026-02-14T04:00:00,898.7812758966169,898.7812758966169,0
2026-02-14T04:15:00,898.7812758966169,898.7812758966169,0
2026-02-14T04:30:00,898.7812758966169,898.7812758966169,0
2026-02-14T04:45:00,898.7812758966169,898.7812758966169,0
2026-02-14T05:00:00,898.7812758966169,898.7812758966169,0
2026-02-14T05:15:00,898.7812758966169,898.7812758966169,0
2026-02-14T05:30:00,898.7812758966169,898.7812758966169,0
2026-02-14T05:45:00,898.7812758966169,898.7812758966169,0
2026-02-14T06:00:00,898.7812758966169,898.7812758966169,0
2026-02-14T06:15:00,898.7812758966169,898.7812758966169,0
2026-02-14T06:30:00,898.7812758966169,898.7812758966169,0
2026-02-14T06:45:00,898.7812758966169,898.7812758966169,0
2026-02-14T07:00:00,898.7812758966169,898.7812758966169,0
2026-02-14T07:15:00,898.7812758966169,898.7812758966169,0
2026-02-14T07:30:00,897.9625566029322,790.7549567840507,1
2026-02-14T07:45:00,898.1970518333876,790.7549567840507,1
2026-02-14T08:00:00,900.3626769303711,790.7549567840507,1
2026-02-14T08:15:00,899.9170986326708,790.7549567840507,1
2026-02-14T08:30:00,900.9608078872894,790.7549567840507,1
2026-02-14T08:45:00,901.478117068018,790.7549567840507,1
2026-02-14T09:00:00,901.2921273565548,790.7549567840507,1
2026-02-14T09:15:00,900.537334158578,790.7549567840507,1
2026-02-14T09:30:00,901.3583787971296,790.7549567840507,1
2026-02-14T09:45:00,901.2834100617423,790.7549567840507,1
2026-02-14T10:00:00,900.8860259510768,790.7549567840507,1
2026-02-14T10:15:00,900.6921906742824,790.7549567840507,1
2026-02-14T10:30:00,900.6164124758054,790.7549567840507,1
2026-02-14T10:45:00,901.015228713476,790.7549567840507,1
2026-02-14T11:00:00,903.6679637913019,790.7549567840507,1
2026-02-14T11:15:00,904.2664060801778,790.7549567840507,1
2026-02-14T11:30:00,904.992369938882,790.7549567840507,1
2026-02-14T11:45:00,906.2074985693488,790.7549567840507,1
2026-02-14T12:00:00,906.0999645111978,790.7549567840507,1
2026-02-14T12:15:00,905.2774877456413,790.7549567840507,1
2026-02-14T12:30:00,903.6033935432981,790.7549567840507,1
2026-02-14T12:45:00,900.4720775546162,900.4720775546162,0
2026-02-14T13:00:00,900.4720775546162,900.4720775546162,0
2026-02-14T13:15:00,900.4720775546162,900.4720775546162,0
2026-02-14T13:30:00,900.4720775546162,900.4720775546162,0
2026-02-14T13:45:00,900.4720775546162,900.4720775546162,0
2026-02-14T14:00:00,900.4720775546162,900.4720775546162,0
2026-02-14T14:15:00,900.4720775546162,900.4720775546162,0
2026-02-14T14:30:00,900.4720775546162,900.4720775546162,0
2026-02-14T14:45:00,900.4720775546162,900.4720775546162,0
2026-02-14T15:00:00,900.4720775546162,900.4720775546162,0
2026-02-14T15:15:00,900.4720775546162,900.4720775546162,0
2026-02-14T15:30:00,900.4720775546162,900.4720775546162,0
2026-02-14T15:45:00,900.4720775546162,900.4720775546162,0
2026-02-14T16:00:00,900.4720775546162,900.4720775546162,0
2026-02-14T16:15:00,900.4720775546162,900.4720775546162,0
2026-02-14T16:30:00,900.4720775546162,900.4720775546162,0
2026-02-14T16:45:00,900.4720775546162,900.4720775546162,0
2026-02-14T17:00:00,900.4720775546162,900.4720775546162,0
2026-02-14T17:15:00,900.4720775546162,900.4720775546162,0
2026-02-14T17:30:00,900.4720775546162,900.4720775546162,0
2026-02-14T17:45:00,900.4720775546162,900.4720775546162,0
2026-02-14T18:00:00,900.4720775546162,900.4720775546162,0
2026-02-14T18:15:00,900.4720775546162,900.4720775546162,0
2026-02-14T18:30:00,900.4720775546162,900.4720775546162,0
2026-02-14T18:45:00,900.4720775546162,900.4720775546162,0
2026-02-14T19:00:00,900.4720775546162,900.4720775546162,0
2026-02-14T19:15:00,900.4720775546162,900.4720775546162,0
2026-02-14T19:30:00,900.4720775546162,900.4720775546162,0
2026-02-14T19:45:00,900.4720775546162,900.4720775546162,0
2026-02-14T20:00:00,900.4720775546162,900.4720775546162,0
2026-02-14T20:15:00,900.4720775546162,900.4720775546162,0
2026-02-14T20:30:00,900.4720775546162,900.4720775546162,0
2026-02-14T20:45:00,900.4720775546162,900.4720775546162,0
2026-02-14T21:00:00,900.4720775546162,900.4720775546162,0
2026-02-14T21:15:00,900.4720775546162,900.4720775546162,0
2026-02-14T21:30:00,900.4720775546162,900.4720775546162,0
2026-02-14T21:45:00,900.4720775546162,900.4720775546162,0
2026-02-14T22:00:00,900.4720775546162,900.4720775546162,0
2026-02-14T22:15:00,900.4720775546162,900.4720775546162,0
2026-02-14T22:30:00,900.4720775546162,900.4720775546162,0
2026-02-14T22:45:00,900.4720775546162,900.4720775546162,0
2026-02-14T23:00:00,900.4720775546162,900.4720775546162,0
2026-02-14T23:15:00,900.4720775546162,900.4720775546162,0
2026-02-14T23:30:00,900.4720775546162,900.4720775546162,0
2026-02-14T23:45:00,900.4720775546162,900.4720775546162,0
2026-02-15T00:00:00,900.4720775546162,900.4720775546162,0
2026-02-15T00:15:00,900.4720775546162,900.4720775546162,0
2026-02-15T00:30:00,900.4720775546162,900.4720775546162,0
2026-02-15T00:45:00,900.4720775546162,900.4720775546162,0
2026-02-15T01:00:00,900.4720775546162,900.4720775546162,0
2026-02-15T01:15:00,900.4720775546162,900.4720775546162,0
2026-02-15T01:30:00,900.4720775546162,900.4720775546162,0
2026-02-15T01:45:00,900.4720775546162,900.4720775546162,0
2026-02-15T02:00:00,900.4720775546162,900.4720775546162,0
2026-02-15T02:15:00,900.4720775546162,900.4720775546162,0
2026-02-15T02:30:00,900.4720775546162,900.4720775546162,0
2026-02-15T02:45:00,900.4720775546162,900.4720775546162,0
2026-02-15T03:00:00,900.4720775546162,900.4720775546162,0
2026-02-15T03:15:00,900.4720775546162,900.4720775546162,0
2026-02-15T03:30:00,900.4720775546162,900.4720775546162,0
2026-02-15T03:45:00,900.4720775546162,900.4720775546162,0
2026-02-15T04:00:00,900.4720775546162,900.4720775546162,0
2026-02-15T04:15:00,900.4720775546162,900.4720775546162,0
2026-02-15T04:30:00,900.4720775546162,900.4720775546162,0
2026-02-15T04:45:00,900.4720775546162,900.4720775546162,0
2026-02-15T05:00:00,900.4720775546162,900.4720775546162,0
2026-02-15T05:15:00,900.4720775546162,900.4720775546162,0
2026-02-15T05:30:00,900.4720775546162,900.4720775546162,0
2026-02-15T05:45:00,900.4720775546162,900.4720775546162,0
2026-02-15T06:00:00,900.4720775546162,900.4720775546162,0
