timestamp,equity,cash,open_positions
2026-01-16T05:45:00,1000.0,1000.0,0
2026-01-16T06:00:00,1000.0,1000.0,0
2026-01-16T06:15:00,1000.0,1000.0,0
2026-01-16T06:30:00,1000.0,1000.0,0
2026-01-16T06:45:00,1000.0,1000.0,0
2026-01-16T07:00:00,1000.0,1000.0,0
2026-01-16T07:15:00,1000.0,1000.0,0
2026-01-16T07:30:00,1000.0,1000.0,0
2026-01-16T07:45:00,1000.0,1000.0,0
2026-01-16T08:00:00,1000.0,1000.0,0
2026-01-16T08:15:00,1000.0,1000.0,0
2026-01-16T08:30:00,1000.0,1000.0,0
2026-01-16T08:45:00,1000.0,1000.0,0
2026-01-16T09:00:00,1000.0,1000.0,0
2026-01-16T09:15:00,1000.0,1000.0,0
2026-01-16T09:30:00,1000.0,1000.0,0
2026-01-16T09:45:00,1000.0,1000.0,0
2026-01-16T10:00:00,1000.0,1000.0,0
2026-01-16T10:15:00,1000.0,1000.0,0
2026-01-16T10:30:00,1000.0,1000.0,0
2026-01-16T10:45:00,1000.0,1000.0,0
2026-01-16T11:00:00,1000.0,1000.0,0
2026-01-16T11:15:00,1000.0,1000.0,0
2026-01-16T11:30:00,1000.0,1000.0,0
2026-01-16T11:45:00,1000.0,1000.0,0
2026-01-16T12:00:00,1000.0,1000.0,0
2026-01-16T12:15:00,1000.0,1000.0,0
2026-01-16T12:30:00,1000.0,1000.0,0
2026-01-16T12:45:00,1000.0,1000.0,0
2026-01-16T13:00:00,1000.0,1000.0,0
2026-01-16T13:15:00,1000.0,1000.0,0
2026-01-16T13:30:00,1000.0,1000.0,0
2026-01-16T13:45:00,1000.0,1000.0,0
2026-01-16T14:00:00,1000.0,1000.0,0
2026-01-16T14:15:00,1000.0,1000.0,0
2026-01-16T14:30:00,1000.0,1000.0,0
2026-01-16T14:45:00,1000.0,1000.0,0
2026-01-16T15:00:00,1000.0,1000.0,0
2026-01-16T15:15:00,1000.0,1000.0,0
2026-01-16T15:30:00,1000.0,1000.0,0
2026-01-16T15:45:00,1000.0,1000.0,0
2026-01-16T16:00:00,1000.0,1000.0,0
2026-01-16T16:15:00,1000.0,1000.0,0
2026-01-16T16:30:00,1000.0,1000.0,0
2026-01-16T16:45:00,1000.0,1000.0,0
2026-01-16T17:00:00,1000.0,1000.0,0
2026-01-16T17:15:00,1000.0,1000.0,0
2026-01-16T17:30:00,1000.0,1000.0,0
2026-01-16T17:45:00,1000.0,1000.0,0
2026-01-16T18:00:00,1000.0,1000.0,0
2026-01-16T18:15:00,1000.0,1000.0,0
2026-01-16T18:30:00,1000.0,1000.0,0
2026-01-16T18:45:00,1000.0,1000.0,0
2026-01-16T19:00:00,1000.0,1000.0,0
2026-01-16T19:15:00,1000.0,1000.0,0
2026-01-16T19:30:00,1000.0,1000.0,0
2026-01-16T19:45:00,1000.0,1000.0,0
2026-01-16T20:00:00,1000.0,1000.0,0
2026-01-16T20:15:00,1000.0,1000.0,0
2026-01-16T20:30:00,1000.0,1000.0,0
2026-01-16T20:45:00,1000.0,1000.0,0
2026-01-16T21:00:00,1000.0,1000.0,0
2026-01-16T21:15:00,1000.0,1000.0,0
2026-01-16T21:30:00,1000.0,1000.0,0
2026-01-16T21:45:00,1000.0,1000.0,0
2026-01-16T22:00:00,1000.0,1000.0,0
2026-01-16T22:15:00,1000.0,1000.0,0
2026-01-16T22:30:00,1000.0,1000.0,0
2026-01-16T22:45:00,1000.0,1000.0,0
2026-01-16T23:00:00,1000.0,1000.0,0
2026-01-16T23:15:00,1000.0,1000.0,0
2026-01-16T23:30:00,1000.0,1000.0,0
2026-01-16T23:45:00,1000.0,1000.0,0
2026-01-17T00:00:00,1000.0,1000.0,0
2026-01-17T00:15:00,1000.0,1000.0,0
2026-01-17T00:30:00,1000.0,1000.0,0
2026-01-17T00:45:00,1000.0,1000.0,0
2026-01-17T01:00:00,1000.0,1000.0,0
2026-01-17T01:15:00,1000.0,1000.0,0
2026-01-17T01:30:00,1000.0,1000.0,0
2026-01-17T01:45:00,1000.0,1000.0,0
2026-01-17T02:00:00,1000.0,1000.0,0
2026-01-17T02:15:00,1000.0,1000.0,0
2026-01-17T02:30:00,1000.0,1000.0,0
2026-01-17T02:45:00,1000.0,1000.0,0
2026-01-17T03:00:00,1000.0,1000.0,0
2026-01-17T03:15:00,1000.0,1000.0,0
2026-01-17T03:30:00,1000.0,1000.0,0
2026-01-17T03:45:00,1000.0,1000.0,0
2026-01-17T04:00:00,1000.0,1000.0,0
2026-01-17T04:15:00,1000.0,1000.0,0
2026-01-17T04:30:00,1000.0,1000.0,0
2026-01-17T04:45:00,1000.0,1000.0,0
2026-01-17T05:00:00,1000.0,1000.0,0
2026-01-17T05:15:00,1000.0,1000.0,0
2026-01-17T05:30:00,1000.0,1000.0,0
2026-01-17T05:45:00,1000.0,1000.0,0
2026-01-17T06:00:00,1000.0,1000.0,0
2026-01-17T06:15:00,1000.0,1000.0,0
2026-01-17T06:30:00,1000.0,1000.0,0
2026-01-17T06:45:00,1000.0,1000.0,0
2026-01-17T07:00:00,1000.0,1000.0,0
2026-01-17T07:15:00,1000.0,1000.0,0
2026-01-17T07:30:00,1000.0,1000.0,0
2026-01-17T07:45:00,1000.0,1000.0,0
2026-01-17T08:00:00,1000.0,1000.0,0
2026-01-17T08:15:00,1000.0,1000.0,0
2026-01-17T08:30:00,1000.0,1000.0,0
2026-01-17T08:45:00,1000.0,1000.0,0
2026-01-17T09:00:00,1000.0,1000.0,0
2026-01-17T09:15:00,1000.0,1000.0,0
2026-01-17T09:30:00,1000.0,1000.0,0
2026-01-17T09:45:00,1000.0,1000.0,0
2026-01-17T10:00:00,1000.0,1000.0,0
2026-01-17T10:15:00,1000.0,1000.0,0
2026-01-17T10:30:00,1000.0,1000.0,0
2026-01-17T10:45:00,1000.0,1000.0,0
2026-01-17T11:00:00,1000.0,1000.0,0
2026-01-17T11:15:00,1000.0,1000.0,0
2026-01-17T11:30:00,1000.0,1000.0,0
2026-01-17T11:45:00,1000.0,1000.0,0
2026-01-17T12:00:00,1000.0,1000.0,0
2026-01-17T12:15:00,1000.0,1000.0,0
2026-01-17T12:30:00,1000.0,1000.0,0
2026-01-17T12:45:00,1000.0,1000.0,0
2026-01-17T13:00:00,1000.0,1000.0,0
2026-01-17T13:15:00,1000.0,1000.0,0
2026-01-17T13:30:00,1000.0,1000.0,0
2026-01-17T13:45:00,1000.0,1000.0,0
2026-01-17T14:00:00,1000.0,1000.0,0
2026-01-17T14:15:00,1000.0,1000.0,0
2026-01-17T14:30:00,1000.0,1000.0,0
2026-01-17T14:45:00,1000.0,1000.0,0
2026-01-17T15:00:00,1000.0,1000.0,0
2026-01-17T15:15:00,1000.0,1000.0,0
2026-01-17T15:30:00,1000.0,1000.0,0
2026-01-17T15:45:00,1000.0,1000.0,0
2026-01-17T16:00:00,1000.0,1000.0,0
2026-01-17T16:15:00,1000.0,1000.0,0
2026-01-17T16:30:00,1000.0,1000.0,0
2026-01-17T16:45:00,1000.0,1000.0,0
2026-01-17T17:00:00,1000.0,1000.0,0
2026-01-17T17:15:00,1000.0,1000.0,0
2026-01-17T17:30:00,1000.0,1000.0,0
2026-01-17T17:45:00,1000.0,1000.0,0
2026-01-17T18:00:00,1000.0,1000.0,0
2026-01-17T18:15:00,1000.0,1000.0,0
2026-01-17T18:30:00,1000.0,1000.0,0
2026-01-17T18:45:00,1000.0,1000.0,0
2026-01-17T19:00:00,1000.0,1000.0,0
2026-01-17T19:15:00,1000.0,1000.0,0
2026-01-17T19:30:00,1000.0,1000.0,0
2026-01-17T19:45:00,1000.0,1000.0,0
2026-01-17T20:00:00,1000.0,1000.0,0
2026-01-17T20:15:00,1000.0,1000.0,0
2026-01-17T20:30:00,1000.0,1000.0,0
2026-01-17T20:45:00,1000.0,1000.0,0
2026-01-17T21:00:00,1000.0,1000.0,0
2026-01-17T21:15:00,1000.0,1000.0,0
2026-01-17T21:30:00,1000.0,1000.0,0
2026-01-17T21:45:00,1000.0,1000.0,0
2026-01-17T22:00:00,1000.0,1000.0,0
2026-01-17T22:15:00,1000.0,1000.0,0
2026-01-17T22:30:00,1000.0,1000.0,0
2026-01-17T22:45:00,1000.0,1000.0,0
2026-01-17T23:00:00,1000.0,1000.0,0
2026-01-17T23:15:00,1000.0,1000.0,0
2026-01-17T23:30:00,1000.0,1000.0,0
2026-01-17T23:45:00,1000.0,1000.0,0
2026-01-18T00:00:00,1000.0,1000.0,0
2026-01-18T00:15:00,1000.0,1000.0,0
2026-01-18T00:30:00,1000.0,1000.0,0
2026-01-18T00:45:00,1000.0,1000.0,0
2026-01-18T01:00:00,1000.0,1000.0,0
2026-01-18T01:15:00,1000.0,1000.0,0
2026-01-18T01:30:00,1000.0,1000.0,0
2026-01-18T01:45:00,1000.0,1000.0,0
2026-01-18T02:00:00,1000.0,1000.0,0
2026-01-18T02:15:00,1000.0,1000.0,0
2026-01-18T02:30:00,1000.0,1000.0,0
2026-01-18T02:45:00,1000.0,1000.0,0
2026-01-18T03:00:00,1000.0,1000.0,0
2026-01-18T03:15:00,1000.0,1000.0,0
2026-01-18T03:30:00,1000.0,1000.0,0
2026-01-18T03:45:00,1000.0,1000.0,0
2026-01-18T04:00:00,1000.0,1000.0,0
2026-01-18T04:15:00,1000.0,1000.0,0
2026-01-18T04:30:00,1000.0,1000.0,0
2026-01-18T04:45:00,1000.0,1000.0,0
2026-01-18T05:00:00,1000.0,1000.0,0
2026-01-18T05:15:00,1000.0,1000.0,0
2026-01-18T05:30:00,1000.0,1000.0,0
2026-01-18T05:45:00,1000.0,1000.0,0
2026-01-18T06:00:00,1000.0,1000.0,0
2026-01-18T06:15:00,1000.0,1000.0,0
2026-01-18T06:30:00,1000.0,1000.0,0
2026-01-18T06:45:00,1000.0,1000.0,0
2026-01-18T07:00:00,1000.0,1000.0,0
2026-01-18T07:15:00,1000.0,1000.0,0
2026-01-18T07:30:00,1000.0,1000.0,0
2026-01-18T07:45:00,1000.0,1000.0,0
2026-01-18T08:00:00,1000.0,1000.0,0
2026-01-18T08:15:00,1000.0,1000.0,0
2026-01-18T08:30:00,1000.0,1000.0,0
2026-01-18T08:45:00,1000.0,1000.0,0
2026-01-18T09:00:00,1000.0,1000.0,0
2026-01-18T09:15:00,1000.0,1000.0,0
2026-01-18T09:30:00,1000.0,1000.0,0
2026-01-18T09:45:00,1000.0,1000.0,0
2026-01-18T10:00:00,1000.0,1000.0,0
2026-01-18T10:15:00,1000.0,1000.0,0
2026-01-18T10:30:00,1000.0,1000.0,0
2026-01-18T10:45:00,1000.0,1000.0,0
2026-01-18T11:00:00,1000.0,1000.0,0
2026-01-18T11:15:00,1000.0,1000.0,0
2026-01-18T11:30:00,1000.0,1000.0,0
2026-01-18T11:45:00,1000.0,1000.0,0
2026-01-18T12:00:00,1000.0,1000.0,0
2026-01-18T12:15:00,1000.0,1000.0,0
2026-01-18T12:30:00,1000.0,1000.0,0
2026-01-18T12:45:00,1000.0,1000.0,0
2026-01-18T13:00:00,1000.0,1000.0,0
2026-01-18T13:15:00,1000.0,1000.0,0
2026-01-18T13:30:00,1000.0,1000.0,0
2026-01-18T13:45:00,1000.0,1000.0,0
2026-01-18T14:00:00,1000.0,1000.0,0
2026-01-18T14:15:00,1000.0,1000.0,0
2026-01-18T14:30:00,1000.0,1000.0,0
2026-01-18T14:45:00,1000.0,1000.0,0
2026-01-18T15:00:00,1000.0,1000.0,0
2026-01-18T15:15:00,1000.0,1000.0,0
2026-01-18T15:30:00,1000.0,1000.0,0
2026-01-18T15:45:00,1000.0,1000.0,0
2026-01-18T16:00:00,1000.0,1000.0,0
2026-01-18T16:15:00,1000.0,1000.0,0
2026-01-18T16:30:00,1000.0,1000.0,0
2026-01-18T16:45:00,1000.0,1000.0,0
2026-01-18T17:00:00,1000.0,1000.0,0
2026-01-18T17:15:00,1000.0,1000.0,0
2026-01-18T17:30:00,1000.0,1000.0,0
2026-01-18T17:45:00,1000.0,1000.0,0
2026-01-18T18:00:00,1000.0,1000.0,0
2026-01-18T18:15:00,999.240898652022,899.84,1
2026-01-18T18:30:00,998.9795596070921,899.84,1
2026-01-18T18:45:00,999.1957582715341,899.84,1
2026-01-18T19:00:00,998.3772918990038,899.84,1
2026-01-18T19:15:00,998.0933826638301,899.84,1
2026-01-18T19:30:00,997.8569896186435,899.84,1
2026-01-18T19:45:00,997.3794519092718,899.84,1
2026-01-18T20:00:00,996.724393555166,996.724393555166,0
2026-01-18T20:15:00,996.724393555166,996.724393555166,0
2026-01-18T20:30:00,996.724393555166,996.724393555166,0
2026-01-18T20:45:00,996.724393555166,996.724393555166,0
2026-01-18T21:00:00,996.724393555166,996.724393555166,0
2026-01-18T21:15:00,996.724393555166,996.724393555166,0
2026-01-18T21:30:00,996.724393555166,996.724393555166,0
2026-01-18T21:45:00,996.724393555166,996.724393555166,0
2026-01-18T22:00:00,996.724393555166,996.724393555166,0
2026-01-18T22:15:00,996.724393555166,996.724393555166,0
2026-01-18T22:30:00,996.724393555166,996.724393555166,0
2026-01-18T22:45:00,996.724393555166,996.724393555166,0
2026-01-18T23:00:00,996.724393555166,996.724393555166,0
2026-01-18T23:15:00,996.724393555166,996.724393555166,0
2026-01-18T23:30:00,996.724393555166,996.724393555166,0
2026-01-18T23:45:00,996.724393555166,996.724393555166,0
2026-01-19T00:00:00,995.9659846165106,896.8924782966806,1
2026-01-19T00:15:00,995.1464479137483,896.8924782966806,1
2026-01-19T00:30:00,993.6800494878096,896.8924782966806,1
2026-01-19T00:45:00,994.8326269028249,896.8924782966806,1
2026-01-19T01:00:00,994.6306256823339,896.8924782966806,1
2026-01-19T01:15:00,995.4657972882002,896.8924782966806,1
2026-01-19T01:30:00,995.6639545684254,896.8924782966806,1
2026-01-19T01:45:00,995.3697851622323,896.8924782966806,1
2026-01-19T02:00:00,996.0816483472088,896.8924782966806,1
2026-01-19T02:15:00,995.7589301262317,896.8924782966806,1
2026-01-19T02:30:00,995.4502919561163,896.8924782966806,1
2026-01-19T02:45:00,995.4555179872643,896.8924782966806,1
2026-01-19T03:00:00,994.7247806236787,896.8924782966806,1
2026-01-19T03:15:00,995.2168342485271,995.2168342485271,0
2026-01-19T03:30:00,995.2168342485271,995.2168342485271,0
2026-01-19T03:45:00,995.2168342485271,995.2168342485271,0
2026-01-19T04:00:00,995.2168342485271,995.2168342485271,0
2026-01-19T04:15:00,995.2168342485271,995.2168342485271,0
2026-01-19T04:30:00,995.2168342485271,995.2168342485271,0
2026-01-19T04:45:00,995.2168342485271,995.2168342485271,0
2026-01-19T05:00:00,995.2168342485271,995.2168342485271,0
2026-01-19T05:15:00,995.2168342485271,995.2168342485271,0
2026-01-19T05:30:00,995.2168342485271,995.2168342485271,0
2026-01-19T05:45:00,995.2168342485271,995.2168342485271,0
2026-01-19T06:00:00,995.2168342485271,995.2168342485271,0
2026-01-19T06:15:00,995.2168342485271,995.2168342485271,0
2026-01-19T06:30:00,995.2168342485271,995.2168342485271,0
2026-01-19T06:45:00,995.2168342485271,995.2168342485271,0
2026-01-19T07:00:00,995.2168342485271,995.2168342485271,0
2026-01-19T07:15:00,995.2168342485271,995.2168342485271,0
2026-01-19T07:30:00,995.2168342485271,995.2168342485271,0
2026-01-19T07:45:00,995.2168342485271,995.2168342485271,0
2026-01-19T08:00:00,995.2168342485271,995.2168342485271,0
2026-01-19T08:15:00,995.2168342485271,995.2168342485271,0
2026-01-19T08:30:00,995.2168342485271,995.2168342485271,0
2026-01-19T08:45:00,995.2168342485271,995.2168342485271,0
2026-01-19T09:00:00,995.2168342485271,995.2168342485271,0
2026-01-19T09:15:00,995.2168342485271,995.2168342485271,0
2026-01-19T09:30:00,995.2168342485271,995.2168342485271,0
2026-01-19T09:45:00,995.2168342485271,995.2168342485271,0
2026-01-19T10:00:00,995.2168342485271,995.2168342485271,0
2026-01-19T10:15:00,995.2168342485271,995.2168342485271,0
2026-01-19T10:30:00,995.2168342485271,995.2168342485271,0
2026-01-19T10:45:00,995.2168342485271,995.2168342485271,0
2026-01-19T11:00:00,995.2168342485271,995.2168342485271,0
2026-01-19T11:15:00,995.2168342485271,995.2168342485271,0
2026-01-19T11:30:00,995.2168342485271,995.2168342485271,0
2026-01-19T11:45:00,995.2168342485271,995.2168342485271,0
2026-01-19T12:00:00,995.2168342485271,995.2168342485271,0
2026-01-19T12:15:00,995.2168342485271,995.2168342485271,0
2026-01-19T12:30:00,995.2168342485271,995.2168342485271,0
2026-01-19T12:45:00,995.2168342485271,995.2168342485271,0
2026-01-19T13:00:00,995.2168342485271,995.2168342485271,0
2026-01-19T13:15:00,995.2168342485271,995.2168342485271,0
2026-01-19T13:30:00,995.2168342485271,995.2168342485271,0
2026-01-19T13:45:00,995.2168342485271,995.2168342485271,0
2026-01-19T14:00:00,995.2168342485271,995.2168342485271,0
2026-01-19T14:15:00,995.2168342485271,995.2168342485271,0
2026-01-19T14:30:00,995.2168342485271,995.2168342485271,0
2026-01-19T14:45:00,995.2168342485271,995.2168342485271,0
2026-01-19T15:00:00,995.2168342485271,995.2168342485271,0
2026-01-19T15:15:00,995.2168342485271,995.2168342485271,0
2026-01-19T15:30:00,995.2168342485271,995.2168342485271,0
2026-01-19T15:45:00,995.2168342485271,995.2168342485271,0
2026-01-19T16:00:00,995.2168342485271,995.2168342485271,0
2026-01-19T16:15:00,995.2168342485271,995.2168342485271,0
2026-01-19T16:30:00,995.2168342485271,995.2168342485271,0
2026-01-19T16:45:00,995.2168342485271,995.2168342485271,0
2026-01-19T17:00:00,995.2168342485271,995.2168342485271,0
2026-01-19T17:15:00,995.2168342485271,995.2168342485271,0
2026-01-19T17:30:00,995.2168342485271,995.2168342485271,0
2026-01-19T17:45:00,995.2168342485271,995.2168342485271,0
2026-01-19T18:00:00,995.2168342485271,995.2168342485271,0
2026-01-19T18:15:00,994.4595724137864,895.5359161301947,1
2026-01-19T18:30:00,993.6996217691095,895.5359161301947,1
2026-01-19T18:45:00,993.9343124093773,895.5359161301947,1
2026-01-19T19:00:00,992.9073134196301,992.9073134196301,0
2026-01-19T19:15:00,992.9073134196301,992.9073134196301,0
2026-01-19T19:30:00,992.9073134196301,992.9073134196301,0
2026-01-19T19:45:00,992.9073134196301,992.9073134196301,0
2026-01-19T20:00:00,992.9073134196301,992.9073134196301,0
2026-01-19T20:15:00,992.9073134196301,992.9073134196301,0
2026-01-19T20:30:00,992.9073134196301,992.9073134196301,0
2026-01-19T20:45:00,992.9073134196301,992.9073134196301,0
2026-01-19T21:00:00,992.9073134196301,992.9073134196301,0
2026-01-19T21:15:00,992.9073134196301,992.9073134196301,0
2026-01-19T21:30:00,992.9073134196301,992.9073134196301,0
2026-01-19T21:45:00,992.9073134196301,992.9073134196301,0
2026-01-19T22:00:00,992.9073134196301,992.9073134196301,0
2026-01-19T22:15:00,992.9073134196301,992.9073134196301,0
2026-01-19T22:30:00,992.9073134196301,992.9073134196301,0
2026-01-19T22:45:00,992.9073134196301,992.9073134196301,0
2026-01-19T23:00:00,992.1518089024106,893.45771690752,1
2026-01-19T23:15:00,991.733405537705,893.45771690752,1
2026-01-19T23:30:00,991.2444364060193,893.45771690752,1
2026-01-19T23:45:00,991.3395711077227,893.45771690752,1
2026-01-20T00:00:00,991.0320936864778,893.45771690752,1
2026-01-20T00:15:00,992.0511236007435,893.45771690752,1
2026-01-20T00:30:00,990.9417781103242,893.45771690752,1
2026-01-20T00:45:00,990.9656585985401,893.45771690752,1
2026-01-20T01:00:00,990.9287836825022,893.45771690752,1
2026-01-20T01:15:00,990.047682740859,990.047682740859,0
2026-01-20T01:30:00,990.047682740859,990.047682740859,0
2026-01-20T01:45:00,990.047682740859,990.047682740859,0
2026-01-20T02:00:00,990.047682740859,990.047682740859,0
2026-01-20T02:15:00,990.047682740859,990.047682740859,0
2026-01-20T02:30:00,990.047682740859,990.047682740859,0
2026-01-20T02:45:00,990.047682740859,990.047682740859,0
2026-01-20T03:00:00,990.047682740859,990.047682740859,0
2026-01-20T03:15:00,990.047682740859,990.047682740859,0
2026-01-20T03:30:00,990.047682740859,990.047682740859,0
2026-01-20T03:45:00,990.047682740859,990.047682740859,0
2026-01-20T04:00:00,990.047682740859,990.047682740859,0
2026-01-20T04:15:00,990.047682740859,990.047682740859,0
2026-01-20T04:30:00,990.047682740859,990.047682740859,0
2026-01-20T04:45:00,990.047682740859,990.047682740859,0
2026-01-20T05:00:00,990.047682740859,990.047682740859,0
2026-01-20T05:15:00,990.047682740859,990.047682740859,0
2026-01-20T05:30:00,990.047682740859,990.047682740859,0
2026-01-20T05:45:00,990.047682740859,990.047682740859,0
2026-01-20T06:00:00,990.047682740859,990.047682740859,0
2026-01-20T06:15:00,989.2943541204893,890.8845068375346,1
2026-01-20T06:30:00,991.0226049334432,890.8845068375346,1
2026-01-20T06:45:00,992.423889376379,890.8845068375346,1
2026-01-20T07:00:00,991.978255675157,890.8845068375346,1
2026-01-20T07:15:00,991.509898442428,890.8845068375346,1
2026-01-20T07:30:00,991.0857258542961,890.8845068375346,1
2026-01-20T07:45:00,991.6083670789587,890.8845068375346,1
2026-01-20T08:00:00,993.6913574671063,890.8845068375346,1
2026-01-20T08:15:00,993.086659045335,890.8845068375346,1
2026-01-20T08:30:00,995.3198772251126,890.8845068375346,1
2026-01-20T08:45:00,993.6951447223574,890.8845068375346,1
2026-01-20T09:00:00,994.6053484010571,890.8845068375346,1
2026-01-20T09:15:00,994.9083288211514,890.8845068375346,1
2026-01-20T09:30:00,995.2706429068473,890.8845068375346,1
2026-01-20T09:45:00,995.3034657856908,890.8845068375346,1
2026-01-20T10:00:00,994.2556584995317,890.8845068375346,1
2026-01-20T10:15:00,993.1727323766788,993.1727323766788,0
2026-01-20T10:30:00,993.1727323766788,993.1727323766788,0
2026-01-20T10:45:00,993.1727323766788,993.1727323766788,0
2026-01-20T11:00:00,993.1727323766788,993.1727323766788,0
2026-01-20T11:15:00,993.1727323766788,993.1727323766788,0
2026-01-20T11:30:00,993.1727323766788,993.1727323766788,0
2026-01-20T11:45:00,993.1727323766788,993.1727323766788,0
2026-01-20T12:00:00,993.1727323766788,993.1727323766788,0
2026-01-20T12:15:00,993.1727323766788,993.1727323766788,0
2026-01-20T12:30:00,993.1727323766788,993.1727323766788,0
2026-01-20T12:45:00,993.1727323766788,993.1727323766788,0
2026-01-20T13:00:00,993.1727323766788,993.1727323766788,0
2026-01-20T13:15:00,993.1727323766788,993.1727323766788,0
2026-01-20T13:30:00,993.1727323766788,993.1727323766788,0
2026-01-20T13:45:00,993.1727323766788,993.1727323766788,0
2026-01-20T14:00:00,993.1727323766788,993.1727323766788,0
2026-01-20T14:15:00,993.1727323766788,993.1727323766788,0
2026-01-20T14:30:00,993.1727323766788,993.1727323766788,0
2026-01-20T14:45:00,993.1727323766788,993.1727323766788,0
2026-01-20T15:00:00,993.1727323766788,993.1727323766788,0
2026-01-20T15:15:00,993.1727323766788,993.1727323766788,0
2026-01-20T15:30:00,993.1727323766788,993.1727323766788,0
2026-01-20T15:45:00,993.1727323766788,993.1727323766788,0
2026-01-20T16:00:00,993.1727323766788,993.1727323766788,0
2026-01-20T16:15:00,993.1727323766788,993.1727323766788,0
2026-01-20T16:30:00,993.1727323766788,993.1727323766788,0
2026-01-20T16:45:00,993.1727323766788,993.1727323766788,0
2026-01-20T17:00:00,993.1727323766788,993.1727323766788,0
2026-01-20T17:15:00,993.1727323766788,993.1727323766788,0
2026-01-20T17:30:00,992.417025901816,893.6965515018306,1
2026-01-20T17:45:00,992.0290880689117,893.6965515018306,1
2026-01-20T18:00:00,991.4409929458917,893.6965515018306,1
2026-01-20T18:15:00,992.2168686117001,893.6965515018306,1
2026-01-20T18:30:00,993.1949421782949,893.6965515018306,1
2026-01-20T18:45:00,993.2466228615807,893.6965515018306,1
2026-01-20T19:00:00,992.9148018221154,893.6965515018306,1
2026-01-20T19:15:00,993.3246540391768,893.6965515018306,1
2026-01-20T19:30:00,993.4964645854134,893.6965515018306,1
2026-01-20T19:45:00,992.2495627435297,893.6965515018306,1
2026-01-20T20:00:00,993.6946256259603,893.6965515018306,1
2026-01-20T20:15:00,991.7414559247587,991.7414559247587,0
2026-01-20T20:30:00,991.7414559247587,991.7414559247587,0
2026-01-20T20:45:00,991.7414559247587,991.7414559247587,0
2026-01-20T21:00:00,991.7414559247587,991.7414559247587,0
2026-01-20T21:15:00,991.7414559247587,991.7414559247587,0
2026-01-20T21:30:00,991.7414559247587,991.7414559247587,0
2026-01-20T21:45:00,991.7414559247587,991.7414559247587,0
2026-01-20T22:00:00,991.7414559247587,991.7414559247587,0
2026-01-20T22:15:00,991.7414559247587,991.7414559247587,0
2026-01-20T22:30:00,991.7414559247587,991.7414559247587,0
2026-01-20T22:45:00,991.7414559247587,991.7414559247587,0
2026-01-20T23:00:00,990.9868385100833,892.4086316993348,1
2026-01-20T23:15:00,991.4416660387992,892.4086316993348,1
2026-01-20T23:30:00,990.8707697638828,892.4086316993348,1
2026-01-20T23:45:00,991.5023996850668,892.4086316993348,1
2026-01-21T00:00:00,992.0139119502993,892.4086316993348,1
2026-01-21T00:15:00,991.7358868140516,892.4086316993348,1
2026-01-21T00:30:00,989.8639408724226,892.4086316993348,1
2026-01-21T00:45:00,988.4684552741476,988.4684552741476,0
2026-01-21T01:00:00,988.4684552741476,988.4684552741476,0
2026-01-21T01:15:00,988.4684552741476,988.4684552741476,0
2026-01-21T01:30:00,988.4684552741476,988.4684552741476,0
2026-01-21T01:45:00,988.4684552741476,988.4684552741476,0
2026-01-21T02:00:00,988.4684552741476,988.4684552741476,0
2026-01-21T02:15:00,988.4684552741476,988.4684552741476,0
2026-01-21T02:30:00,988.4684552741476,988.4684552741476,0
2026-01-21T02:45:00,988.4684552741476,988.4684552741476,0
2026-01-21T03:00:00,988.4684552741476,988.4684552741476,0
2026-01-21T03:15:00,988.4684552741476,988.4684552741476,0
2026-01-21T03:30:00,988.4684552741476,988.4684552741476,0
2026-01-21T03:45:00,988.4684552741476,988.4684552741476,0
2026-01-21T04:00:00,988.4684552741476,988.4684552741476,0
2026-01-21T04:15:00,988.4684552741476,988.4684552741476,0
2026-01-21T04:30:00,988.4684552741476,988.4684552741476,0
2026-01-21T04:45:00,988.4684552741476,988.4684552741476,0
2026-01-21T05:00:00,988.4684552741476,988.4684552741476,0
2026-01-21T05:15:00,988.4684552741476,988.4684552741476,0
2026-01-21T05:30:00,988.4684552741476,988.4684552741476,0
2026-01-21T05:45:00,988.4684552741476,988.4684552741476,0
2026-01-21T06:00:00,988.4684552741476,988.4684552741476,0
2026-01-21T06:15:00,988.4684552741476,988.4684552741476,0
2026-01-21T06:30:00,988.4684552741476,988.4684552741476,0
2026-01-21T06:45:00,988.4684552741476,988.4684552741476,0
2026-01-21T07:00:00,988.4684552741476,988.4684552741476,0
2026-01-21T07:15:00,988.4684552741476,988.4684552741476,0
2026-01-21T07:30:00,988.4684552741476,988.4684552741476,0
2026-01-21T07:45:00,988.4684552741476,988.4684552741476,0
2026-01-21T08:00:00,988.4684552741476,988.4684552741476,0
2026-01-21T08:15:00,988.4684552741476,988.4684552741476,0
2026-01-21T08:30:00,987.7163282900925,889.463454793889,1
2026-01-21T08:45:00,986.9054805910107,889.463454793889,1
2026-01-21T09:00:00,986.4732960913351,889.463454793889,1
2026-01-21T09:15:00,986.205689589988,889.463454793889,1
2026-01-21T09:30:00,986.3006898979661,889.463454793889,1
2026-01-21T09:45:00,988.4308376486892,889.463454793889,1
2026-01-21T10:00:00,987.3068903430313,889.463454793889,1
2026-01-21T10:15:00,986.9456215662127,889.463454793889,1
2026-01-21T10:30:00,986.5749865618469,889.463454793889,1
2026-01-21T10:45:00,987.1155516945681,889.463454793889,1
2026-01-21T11:00:00,986.5642823017931,889.463454793889,1
2026-01-21T11:15:00,986.157589951675,986.157589951675,0
2026-01-21T11:30:00,986.157589951675,986.157589951675,0
2026-01-21T11:45:00,986.157589951675,986.157589951675,0
2026-01-21T12:00:00,986.157589951675,986.157589951675,0
2026-01-21T12:15:00,986.157589951675,986.157589951675,0
2026-01-21T12:30:00,986.157589951675,986.157589951675,0
2026-01-21T12:45:00,986.157589951675,986.157589951675,0
2026-01-21T13:00:00,986.157589951675,986.157589951675,0
2026-01-21T13:15:00,986.157589951675,986.157589951675,0
2026-01-21T13:30:00,986.157589951675,986.157589951675,0
2026-01-21T13:45:00,986.157589951675,986.157589951675,0
2026-01-21T14:00:00,986.157589951675,986.157589951675,0
2026-01-21T14:15:00,986.157589951675,986.157589951675,0
2026-01-21T14:30:00,986.157589951675,986.157589951675,0
2026-01-21T14:45:00,986.157589951675,986.157589951675,0
2026-01-21T15:00:00,986.157589951675,986.157589951675,0
2026-01-21T15:15:00,986.157589951675,986.157589951675,0
2026-01-21T15:30:00,986.157589951675,986.157589951675,0
2026-01-21T15:45:00,986.157589951675,986.157589951675,0
2026-01-21T16:00:00,986.157589951675,986.157589951675,0
2026-01-21T16:15:00,986.157589951675,986.157589951675,0
2026-01-21T16:30:00,986.157589951675,986.157589951675,0
2026-01-21T16:45:00,986.157589951675,986.157589951675,0
2026-01-21T17:00:00,985.4072213081681,887.3840457421153,1
2026-01-21T17:15:00,983.3399473720276,887.3840457421153,1
2026-01-21T17:30:00,982.68142369516,887.3840457421153,1
2026-01-21T17:45:00,982.6505695355266,887.3840457421153,1
2026-01-21T18:00:00,982.770819324831,887.3840457421153,1
2026-01-21T18:15:00,982.2737597179511,887.3840457421153,1
2026-01-21T18:30:00,981.7811336999921,887.3840457421153,1
2026-01-21T18:45:00,980.1485324409156,887.3840457421153,1
2026-01-21T19:00:00,980.5349785282887,887.3840457421153,1
2026-01-21T19:15:00,974.5750339223619,974.5750339223619,0
2026-01-21T19:30:00,974.5750339223619,974.5750339223619,0
2026-01-21T19:45:00,974.5750339223619,974.5750339223619,0
2026-01-21T20:00:00,974.5750339223619,974.5750339223619,0
2026-01-21T20:15:00,974.5750339223619,974.5750339223619,0
2026-01-21T20:30:00,974.5750339223619,974.5750339223619,0
2026-01-21T20:45:00,974.5750339223619,974.5750339223619,0
2026-01-21T21:00:00,974.5750339223619,974.5750339223619,0
2026-01-21T21:15:00,974.5750339223619,974.5750339223619,0
2026-01-21T21:30:00,974.5750339223619,974.5750339223619,0
2026-01-21T21:45:00,974.5750339223619,974.5750339223619,0
2026-01-21T22:00:00,974.5750339223619,974.5750339223619,0
2026-01-21T22:15:00,974.5750339223619,974.5750339223619,0
2026-01-21T22:30:00,974.5750339223619,974.5750339223619,0
2026-01-21T22:45:00,974.5750339223619,974.5750339223619,0
2026-01-21T23:00:00,974.5750339223619,974.5750339223619,0
2026-01-21T23:15:00,974.5750339223619,974.5750339223619,0
2026-01-21T23:30:00,974.5750339223619,974.5750339223619,0
2026-01-21T23:45:00,974.5750339223619,974.5750339223619,0
2026-01-22T00:00:00,974.5750339223619,974.5750339223619,0
2026-01-22T00:15:00,974.5750339223619,974.5750339223619,0
2026-01-22T00:30:00,974.5750339223619,974.5750339223619,0
2026-01-22T00:45:00,974.5750339223619,974.5750339223619,0
2026-01-22T01:00:00,974.5750339223619,974.5750339223619,0
2026-01-22T01:15:00,974.5750339223619,974.5750339223619,0
2026-01-22T01:30:00,974.5750339223619,974.5750339223619,0
2026-01-22T01:45:00,974.5750339223619,974.5750339223619,0
2026-01-22T02:00:00,974.5750339223619,974.5750339223619,0
2026-01-22T02:15:00,974.5750339223619,974.5750339223619,0
2026-01-22T02:30:00,974.5750339223619,974.5750339223619,0
2026-01-22T02:45:00,974.5750339223619,974.5750339223619,0
2026-01-22T03:00:00,974.5750339223619,974.5750339223619,0
2026-01-22T03:15:00,974.5750339223619,974.5750339223619,0
2026-01-22T03:30:00,974.5750339223619,974.5750339223619,0
2026-01-22T03:45:00,974.5750339223619,974.5750339223619,0
2026-01-22T04:00:00,974.5750339223619,974.5750339223619,0
2026-01-22T04:15:00,974.5750339223619,974.5750339223619,0
2026-01-22T04:30:00,974.5750339223619,974.5750339223619,0
2026-01-22T04:45:00,974.5750339223619,974.5750339223619,0
2026-01-22T05:00:00,974.5750339223619,974.5750339223619,0
2026-01-22T05:15:00,974.5750339223619,974.5750339223619,0
2026-01-22T05:30:00,974.5750339223619,974.5750339223619,0
2026-01-22T05:45:00,974.5750339223619,974.5750339223619,0
2026-01-22T06:00:00,974.5750339223619,974.5750339223619,0
2026-01-22T06:15:00,974.5750339223619,974.5750339223619,0
2026-01-22T06:30:00,974.5750339223619,974.5750339223619,0
2026-01-22T06:45:00,974.5750339223619,974.5750339223619,0
2026-01-22T07:00:00,974.5750339223619,974.5750339223619,0
2026-01-22T07:15:00,974.5750339223619,974.5750339223619,0
2026-01-22T07:30:00,974.5750339223619,974.5750339223619,0
2026-01-22T07:45:00,974.5750339223619,974.5750339223619,0
2026-01-22T08:00:00,974.5750339223619,974.5750339223619,0
2026-01-22T08:15:00,974.5750339223619,974.5750339223619,0
2026-01-22T08:30:00,974.5750339223619,974.5750339223619,0
2026-01-22T08:45:00,974.5750339223619,974.5750339223619,0
2026-01-22T09:00:00,974.5750339223619,974.5750339223619,0
2026-01-22T09:15:00,974.5750339223619,974.5750339223619,0
2026-01-22T09:30:00,974.5750339223619,974.5750339223619,0
2026-01-22T09:45:00,974.5750339223619,974.5750339223619,0
2026-01-22T10:00:00,974.5750339223619,974.5750339223619,0
2026-01-22T10:15:00,974.5750339223619,974.5750339223619,0
2026-01-22T10:30:00,974.5750339223619,974.5750339223619,0
2026-01-22T10:45:00,974.5750339223619,974.5750339223619,0
2026-01-22T11:00:00,974.5750339223619,974.5750339223619,0
2026-01-22T11:15:00,974.5750339223619,974.5750339223619,0
2026-01-22T11:30:00,974.5750339223619,974.5750339223619,0
2026-01-22T11:45:00,974.5750339223619,974.5750339223619,0
2026-01-22T12:00:00,974.5750339223619,974.5750339223619,0
2026-01-22T12:15:00,974.5750339223619,974.5750339223619,0
2026-01-22T12:30:00,974.5750339223619,974.5750339223619,0
2026-01-22T12:45:00,974.5750339223619,974.5750339223619,0
2026-01-22T13:00:00,974.5750339223619,974.5750339223619,0
2026-01-22T13:15:00,974.5750339223619,974.5750339223619,0
2026-01-22T13:30:00,974.5750339223619,974.5750339223619,0
2026-01-22T13:45:00,974.5750339223619,974.5750339223619,0
2026-01-22T14:00:00,974.5750339223619,974.5750339223619,0
2026-01-22T14:15:00,974.5750339223619,974.5750339223619,0
2026-01-22T14:30:00,974.5750339223619,974.5750339223619,0
2026-01-22T14:45:00,974.5750339223619,974.5750339223619,0
2026-01-22T15:00:00,974.5750339223619,974.5750339223619,0
2026-01-22T15:15:00,974.5750339223619,974.5750339223619,0
2026-01-22T15:30:00,974.5750339223619,974.5750339223619,0
2026-01-22T15:45:00,974.5750339223619,974.5750339223619,0
2026-01-22T16:00:00,974.5750339223619,974.5750339223619,0
2026-01-22T16:15:00,974.5750339223619,974.5750339223619,0
2026-01-22T16:30:00,974.5750339223619,974.5750339223619,0
2026-01-22T16:45:00,974.5750339223619,974.5750339223619,0
2026-01-22T17:00:00,974.5750339223619,974.5750339223619,0
2026-01-22T17:15:00,974.5750339223619,974.5750339223619,0
2026-01-22T17:30:00,974.5750339223619,974.5750339223619,0
2026-01-22T17:45:00,974.5750339223619,974.5750339223619,0
2026-01-22T18:00:00,974.5750339223619,974.5750339223619,0
2026-01-22T18:15:00,974.5750339223619,974.5750339223619,0
2026-01-22T18:30:00,974.5750339223619,974.5750339223619,0
2026-01-22T18:45:00,974.5750339223619,974.5750339223619,0
2026-01-22T19:00:00,974.5750339223619,974.5750339223619,0
2026-01-22T19:15:00,974.5750339223619,974.5750339223619,0
2026-01-22T19:30:00,974.5750339223619,974.5750339223619,0
2026-01-22T19:45:00,974.5750339223619,974.5750339223619,0
2026-01-22T20:00:00,974.5750339223619,974.5750339223619,0
2026-01-22T20:15:00,974.5750339223619,974.5750339223619,0
2026-01-22T20:30:00,974.5750339223619,974.5750339223619,0
2026-01-22T20:45:00,974.5750339223619,974.5750339223619,0
2026-01-22T21:00:00,974.5750339223619,974.5750339223619,0
2026-01-22T21:15:00,974.5750339223619,974.5750339223619,0
2026-01-22T21:30:00,974.5750339223619,974.5750339223619,0
2026-01-22T21:45:00,974.5750339223619,974.5750339223619,0
2026-01-22T22:00:00,974.5750339223619,974.5750339223619,0
2026-01-22T22:15:00,974.5750339223619,974.5750339223619,0
2026-01-22T22:30:00,974.5750339223619,974.5750339223619,0
2026-01-22T22:45:00,974.5750339223619,974.5750339223619,0
2026-01-22T23:00:00,974.5750339223619,974.5750339223619,0
2026-01-22T23:15:00,974.5750339223619,974.5750339223619,0
2026-01-22T23:30:00,974.5750339223619,974.5750339223619,0
2026-01-22T23:45:00,974.5750339223619,974.5750339223619,0
2026-01-23T00:00:00,974.5750339223619,974.5750339223619,0
2026-01-23T00:15:00,974.5750339223619,974.5750339223619,0
2026-01-23T00:30:00,974.5750339223619,974.5750339223619,0
2026-01-23T00:45:00,974.5750339223619,974.5750339223619,0
2026-01-23T01:00:00,974.5750339223619,974.5750339223619,0
2026-01-23T01:15:00,974.5750339223619,974.5750339223619,0
2026-01-23T01:30:00,974.5750339223619,974.5750339223619,0
2026-01-23T01:45:00,974.5750339223619,974.5750339223619,0
2026-01-23T02:00:00,974.5750339223619,974.5750339223619,0
2026-01-23T02:15:00,974.5750339223619,974.5750339223619,0
2026-01-23T02:30:00,974.5750339223619,974.5750339223619,0
2026-01-23T02:45:00,974.5750339223619,974.5750339223619,0
2026-01-23T03:00:00,974.5750339223619,974.5750339223619,0
2026-01-23T03:15:00,974.5750339223619,974.5750339223619,0
2026-01-23T03:30:00,974.5750339223619,974.5750339223619,0
2026-01-23T03:45:00,974.5750339223619,974.5750339223619,0
2026-01-23T04:00:00,974.5750339223619,974.5750339223619,0
2026-01-23T04:15:00,974.5750339223619,974.5750339223619,0
2026-01-23T04:30:00,974.5750339223619,974.5750339223619,0
2026-01-23T04:45:00,974.5750339223619,974.5750339223619,0
2026-01-23T05:00:00,974.5750339223619,974.5750339223619,0
2026-01-23T05:15:00,974.5750339223619,974.5750339223619,0
2026-01-23T05:30:00,974.5750339223619,974.5750339223619,0
2026-01-23T05:45:00,974.5750339223619,974.5750339223619,0
2026-01-23T06:00:00,974.5750339223619,974.5750339223619,0
2026-01-23T06:15:00,974.5750339223619,974.5750339223619,0
2026-01-23T06:30:00,974.5750339223619,974.5750339223619,0
2026-01-23T06:45:00,974.5750339223619,974.5750339223619,0
2026-01-23T07:00:00,973.8334784613975,876.961598524698,1
2026-01-23T07:15:00,973.1115212087493,876.961598524698,1
2026-01-23T07:30:00,972.9602286962457,876.961598524698,1
2026-01-23T07:45:00,972.9469574232191,876.961598524698,1
2026-01-23T08:00:00,973.195130228817,876.961598524698,1
2026-01-23T08:15:00,974.4359942568062,876.961598524698,1
2026-01-23T08:30:00,974.904470194646,876.961598524698,1
2026-01-23T08:45:00,975.7140178492699,876.961598524698,1
2026-01-23T09:00:00,975.6662412663741,876.961598524698,1
2026-01-23T09:15:00,975.5268928995945,876.961598524698,1
2026-01-23T09:30:00,976.2037278239522,876.961598524698,1
2026-01-23T09:45:00,976.5726692140923,876.961598524698,1
2026-01-23T10:00:00,976.0457996749356,876.961598524698,1
2026-01-23T10:15:00,975.8069167604563,876.961598524698,1
2026-01-23T10:30:00,975.4923875897254,876.961598524698,1
2026-01-23T10:45:00,975.2747387120887,876.961598524698,1
2026-01-23T11:00:00,973.8732096118597,973.8732096118597,0
2026-01-23T11:15:00,973.8732096118597,973.8732096118597,0
2026-01-23T11:30:00,973.8732096118597,973.8732096118597,0
2026-01-23T11:45:00,973.8732096118597,973.8732096118597,0
2026-01-23T12:00:00,973.8732096118597,973.8732096118597,0
2026-01-23T12:15:00,973.8732096118597,973.8732096118597,0
2026-01-23T12:30:00,973.8732096118597,973.8732096118597,0
2026-01-23T12:45:00,973.8732096118597,973.8732096118597,0
2026-01-23T13:00:00,973.8732096118597,973.8732096118597,0
2026-01-23T13:15:00,973.8732096118597,973.8732096118597,0
2026-01-23T13:30:00,973.8732096118597,973.8732096118597,0
2026-01-23T13:45:00,973.8732096118597,973.8732096118597,0
2026-01-23T14:00:00,973.8732096118597,973.8732096118597,0
2026-01-23T14:15:00,973.8732096118597,973.8732096118597,0
2026-01-23T14:30:00,973.8732096118597,973.8732096118597,0
2026-01-23T14:45:00,973.8732096118597,973.8732096118597,0
2026-01-23T15:00:00,973.8732096118597,973.8732096118597,0
2026-01-23T15:15:00,973.8732096118597,973.8732096118597,0
2026-01-23T15:30:00,973.8732096118597,973.8732096118597,0
2026-01-23T15:45:00,973.8732096118597,973.8732096118597,0
2026-01-23T16:00:00,973.8732096118597,973.8732096118597,0
2026-01-23T16:15:00,973.8732096118597,973.8732096118597,0
2026-01-23T16:30:00,973.8732096118597,973.8732096118597,0
2026-01-23T16:45:00,973.8732096118597,973.8732096118597,0
2026-01-23T17:00:00,973.8732096118597,973.8732096118597,0
2026-01-23T17:15:00,973.8732096118597,973.8732096118597,0
2026-01-23T17:30:00,973.8732096118597,973.8732096118597,0
2026-01-23T17:45:00,973.8732096118597,973.8732096118597,0
2026-01-23T18:00:00,973.8732096118597,973.8732096118597,0
2026-01-23T18:15:00,973.8732096118597,973.8732096118597,0
2026-01-23T18:30:00,973.8732096118597,973.8732096118597,0
2026-01-23T18:45:00,973.8732096118597,973.8732096118597,0
2026-01-23T19:00:00,973.8732096118597,973.8732096118597,0
2026-01-23T19:15:00,973.8732096118597,973.8732096118597,0
2026-01-23T19:30:00,973.8732096118597,973.8732096118597,0
2026-01-23T19:45:00,973.8732096118597,973.8732096118597,0
2026-01-23T20:00:00,973.8732096118597,973.8732096118597,0
2026-01-23T20:15:00,973.8732096118597,973.8732096118597,0
2026-01-23T20:30:00,973.8732096118597,973.8732096118597,0
2026-01-23T20:45:00,973.8732096118597,973.8732096118597,0
2026-01-23T21:00:00,973.8732096118597,973.8732096118597,0
2026-01-23T21:15:00,973.8732096118597,973.8732096118597,0
2026-01-23T21:30:00,973.8732096118597,973.8732096118597,0
2026-01-23T21:45:00,973.8732096118597,973.8732096118597,0
2026-01-23T22:00:00,973.8732096118597,973.8732096118597,0
2026-01-23T22:15:00,973.8732096118597,973.8732096118597,0
2026-01-23T22:30:00,973.8732096118597,973.8732096118597,0
2026-01-23T22:45:00,973.8732096118597,973.8732096118597,0
2026-01-23T23:00:00,973.8732096118597,973.8732096118597,0
2026-01-23T23:15:00,973.8732096118597,973.8732096118597,0
2026-01-23T23:30:00,973.8732096118597,973.8732096118597,0
2026-01-23T23:45:00,973.8732096118597,973.8732096118597,0
2026-01-24T00:00:00,973.8732096118597,973.8732096118597,0
2026-01-24T00:15:00,973.8732096118597,973.8732096118597,0
2026-01-24T00:30:00,973.8732096118597,973.8732096118597,0
2026-01-24T00:45:00,973.8732096118597,973.8732096118597,0
2026-01-24T01:00:00,973.8732096118597,973.8732096118597,0
2026-01-24T01:15:00,973.8732096118597,973.8732096118597,0
2026-01-24T01:30:00,973.8732096118597,973.8732096118597,0
2026-01-24T01:45:00,973.8732096118597,973.8732096118597,0
2026-01-24T02:00:00,973.8732096118597,973.8732096118597,0
2026-01-24T02:15:00,973.8732096118597,973.8732096118597,0
2026-01-24T02:30:00,973.8732096118597,973.8732096118597,0
2026-01-24T02:45:00,973.8732096118597,973.8732096118597,0
2026-01-24T03:00:00,973.8732096118597,973.8732096118597,0
2026-01-24T03:15:00,973.8732096118597,973.8732096118597,0
2026-01-24T03:30:00,973.8732096118597,973.8732096118597,0
2026-01-24T03:45:00,973.8732096118597,973.8732096118597,0
2026-01-24T04:00:00,973.8732096118597,973.8732096118597,0
2026-01-24T04:15:00,973.8732096118597,973.8732096118597,0
2026-01-24T04:30:00,973.8732096118597,973.8732096118597,0
2026-01-24T04:45:00,973.8732096118597,973.8732096118597,0
2026-01-24T05:00:00,973.8732096118597,973.8732096118597,0
2026-01-24T05:15:00,973.8732096118597,973.8732096118597,0
2026-01-24T05:30:00,973.8732096118597,973.8732096118597,0
2026-01-24T05:45:00,973.8732096118597,973.8732096118597,0
2026-01-24T06:00:00,973.8732096118597,973.8732096118597,0
2026-01-24T06:15:00,973.8732096118597,973.8732096118597,0
2026-01-24T06:30:00,973.8732096118597,973.8732096118597,0
2026-01-24T06:45:00,973.8732096118597,973.8732096118597,0
2026-01-24T07:00:00,973.8732096118597,973.8732096118597,0
2026-01-24T07:15:00,973.8732096118597,973.8732096118597,0
2026-01-24T07:30:00,973.8732096118597,973.8732096118597,0
2026-01-24T07:45:00,973.8732096118597,973.8732096118597,0
2026-01-24T08:00:00,973.8732096118597,973.8732096118597,0
2026-01-24T08:15:00,973.8732096118597,973.8732096118597,0
2026-01-24T08:30:00,973.8732096118597,973.8732096118597,0
2026-01-24T08:45:00,973.8732096118597,973.8732096118597,0
2026-01-24T09:00:00,973.8732096118597,973.8732096118597,0
2026-01-24T09:15:00,973.8732096118597,973.8732096118597,0
2026-01-24T09:30:00,973.8732096118597,973.8732096118597,0
2026-01-24T09:45:00,973.8732096118597,973.8732096118597,0
2026-01-24T10:00:00,973.8732096118597,973.8732096118597,0
2026-01-24T10:15:00,973.8732096118597,973.8732096118597,0
2026-01-24T10:30:00,973.8732096118597,973.8732096118597,0
2026-01-24T10:45:00,973.8732096118597,973.8732096118597,0
2026-01-24T11:00:00,973.8732096118597,973.8732096118597,0
2026-01-24T11:15:00,973.8732096118597,973.8732096118597,0
2026-01-24T11:30:00,973.8732096118597,973.8732096118597,0
2026-01-24T11:45:00,973.8732096118597,973.8732096118597,0
2026-01-24T12:00:00,973.8732096118597,973.8732096118597,0
2026-01-24T12:15:00,973.8732096118597,973.8732096118597,0
2026-01-24T12:30:00,973.8732096118597,973.8732096118597,0
2026-01-24T12:45:00,973.8732096118597,973.8732096118597,0
2026-01-24T13:00:00,973.8732096118597,973.8732096118597,0
2026-01-24T13:15:00,973.8732096118597,973.8732096118597,0
2026-01-24T13:30:00,973.8732096118597,973.8732096118597,0
2026-01-24T13:45:00,973.8732096118597,973.8732096118597,0
2026-01-24T14:00:00,973.8732096118597,973.8732096118597,0
2026-01-24T14:15:00,973.8732096118597,973.8732096118597,0
2026-01-24T14:30:00,973.8732096118597,973.8732096118597,0
2026-01-24T14:45:00,973.8732096118597,973.8732096118597,0
2026-01-24T15:00:00,973.8732096118597,973.8732096118597,0
2026-01-24T15:15:00,973.8732096118597,973.8732096118597,0
2026-01-24T15:30:00,973.8732096118597,973.8732096118597,0
2026-01-24T15:45:00,973.8732096118597,973.8732096118597,0
2026-01-24T16:00:00,973.8732096118597,973.8732096118597,0
2026-01-24T16:15:00,973.8732096118597,973.8732096118597,0
2026-01-24T16:30:00,973.8732096118597,973.8732096118597,0
2026-01-24T16:45:00,973.8732096118597,973.8732096118597,0
2026-01-24T17:00:00,973.8732096118597,973.8732096118597,0
2026-01-24T17:15:00,973.8732096118597,973.8732096118597,0
2026-01-24T17:30:00,973.8732096118597,973.8732096118597,0
2026-01-24T17:45:00,973.8732096118597,973.8732096118597,0
2026-01-24T18:00:00,973.8732096118597,973.8732096118597,0
2026-01-24T18:15:00,973.8732096118597,973.8732096118597,0
2026-01-24T18:30:00,973.8732096118597,973.8732096118597,0
2026-01-24T18:45:00,973.8732096118597,973.8732096118597,0
2026-01-24T19:00:00,973.8732096118597,973.8732096118597,0
2026-01-24T19:15:00,973.8732096118597,973.8732096118597,0
2026-01-24T19:30:00,973.8732096118597,973.8732096118597,0
2026-01-24T19:45:00,973.8732096118597,973.8732096118597,0
2026-01-24T20:00:00,973.8732096118597,973.8732096118597,0
2026-01-24T20:15:00,973.8732096118597,973.8732096118597,0
2026-01-24T20:30:00,973.8732096118597,973.8732096118597,0
2026-01-24T20:45:00,973.8732096118597,973.8732096118597,0
2026-01-24T21:00:00,973.8732096118597,973.8732096118597,0
2026-01-24T21:15:00,973.8732096118597,973.8732096118597,0
2026-01-24T21:30:00,973.8732096118597,973.8732096118597,0
2026-01-24T21:45:00,973.8732096118597,973.8732096118597,0
2026-01-24T22:00:00,973.8732096118597,973.8732096118597,0
2026-01-24T22:15:00,973.8732096118597,973.8732096118597,0
2026-01-24T22:30:00,973.8732096118597,973.8732096118597,0
2026-01-24T22:45:00,973.8732096118597,973.8732096118597,0
2026-01-24T23:00:00,973.8732096118597,973.8732096118597,0
2026-01-24T23:15:00,973.8732096118597,973.8732096118597,0
2026-01-24T23:30:00,973.8732096118597,973.8732096118597,0
2026-01-24T23:45:00,973.8732096118597,973.8732096118597,0
2026-01-25T00:00:00,973.8732096118597,973.8732096118597,0
2026-01-25T00:15:00,973.8732096118597,973.8732096118597,0
2026-01-25T00:30:00,973.8732096118597,973.8732096118597,0
2026-01-25T00:45:00,973.8732096118597,973.8732096118597,0
2026-01-25T01:00:00,973.8732096118597,973.8732096118597,0
2026-01-25T01:15:00,973.8732096118597,973.8732096118597,0
2026-01-25T01:30:00,973.8732096118597,973.8732096118597,0
2026-01-25T01:45:00,973.8732096118597,973.8732096118597,0
2026-01-25T02:00:00,973.8732096118597,973.8732096118597,0
2026-01-25T02:15:00,973.8732096118597,973.8732096118597,0
2026-01-25T02:30:00,973.8732096118597,973.8732096118597,0
2026-01-25T02:45:00,973.8732096118597,973.8732096118597,0
2026-01-25T03:00:00,973.8732096118597,973.8732096118597,0
2026-01-25T03:15:00,973.8732096118597,973.8732096118597,0
2026-01-25T03:30:00,973.8732096118597,973.8732096118597,0
2026-01-25T03:45:00,973.8732096118597,973.8732096118597,0
2026-01-25T04:00:00,973.8732096118597,973.8732096118597,0
2026-01-25T04:15:00,973.8732096118597,973.8732096118597,0
2026-01-25T04:30:00,973.8732096118597,973.8732096118597,0
2026-01-25T04:45:00,973.8732096118597,973.8732096118597,0
2026-01-25T05:00:00,973.8732096118597,973.8732096118597,0
2026-01-25T05:15:00,973.8732096118597,973.8732096118597,0
2026-01-25T05:30:00,973.8732096118597,973.8732096118597,0
2026-01-25T05:45:00,973.8732096118597,973.8732096118597,0
2026-01-25T06:00:00,973.8732096118597,973.8732096118597,0
2026-01-25T06:15:00,973.8732096118597,973.8732096118597,0
2026-01-25T06:30:00,973.8732096118597,973.8732096118597,0
2026-01-25T06:45:00,973.8732096118597,973.8732096118597,0
2026-01-25T07:00:00,973.8732096118597,973.8732096118597,0
2026-01-25T07:15:00,973.8732096118597,973.8732096118597,0
2026-01-25T07:30:00,973.8732096118597,973.8732096118597,0
2026-01-25T07:45:00,973.8732096118597,973.8732096118597,0
2026-01-25T08:00:00,973.8732096118597,973.8732096118597,0
2026-01-25T08:15:00,973.8732096118597,973.8732096118597,0
2026-01-25T08:30:00,973.1321881699622,876.3300689371358,1
2026-01-25T08:45:00,973.2073286989294,876.3300689371358,1
2026-01-25T09:00:00,972.9423269156996,876.3300689371358,1
2026-01-25T09:15:00,972.480926077921,876.3300689371358,1
2026-01-25T09:30:00,972.3769397139065,876.3300689371358,1
2026-01-25T09:45:00,972.7727858515163,876.3300689371358,1
2026-01-25T10:00:00,972.4127650925028,876.3300689371358,1
2026-01-25T10:15:00,971.4561961299811,971.4561961299811,0
2026-01-25T10:30:00,971.4561961299811,971.4561961299811,0
2026-01-25T10:45:00,971.4561961299811,971.4561961299811,0
2026-01-25T11:00:00,971.4561961299811,971.4561961299811,0
2026-01-25T11:15:00,971.4561961299811,971.4561961299811,0
2026-01-25T11:30:00,971.4561961299811,971.4561961299811,0
2026-01-25T11:45:00,971.4561961299811,971.4561961299811,0
2026-01-25T12:00:00,971.4561961299811,971.4561961299811,0
2026-01-25T12:15:00,971.4561961299811,971.4561961299811,0
2026-01-25T12:30:00,971.4561961299811,971.4561961299811,0
2026-01-25T12:45:00,971.4561961299811,971.4561961299811,0
2026-01-25T13:00:00,971.4561961299811,971.4561961299811,0
2026-01-25T13:15:00,971.4561961299811,971.4561961299811,0
2026-01-25T13:30:00,971.4561961299811,971.4561961299811,0
2026-01-25T13:45:00,971.4561961299811,971.4561961299811,0
2026-01-25T14:00:00,971.4561961299811,971.4561961299811,0
2026-01-25T14:15:00,971.4561961299811,971.4561961299811,0
2026-01-25T14:30:00,971.4561961299811,971.4561961299811,0
2026-01-25T14:45:00,971.4561961299811,971.4561961299811,0
2026-01-25T15:00:00,971.4561961299811,971.4561961299811,0
2026-01-25T15:15:00,971.4561961299811,971.4561961299811,0
2026-01-25T15:30:00,971.4561961299811,971.4561961299811,0
2026-01-25T15:45:00,971.4561961299811,971.4561961299811,0
2026-01-25T16:00:00,971.4561961299811,971.4561961299811,0
2026-01-25T16:15:00,971.4561961299811,971.4561961299811,0
2026-01-25T16:30:00,971.4561961299811,971.4561961299811,0
2026-01-25T16:45:00,971.4561961299811,971.4561961299811,0
2026-01-25T17:00:00,970.7170137969098,874.1551435256022,1
2026-01-25T17:15:00,970.770992315672,874.1551435256022,1
2026-01-25T17:30:00,969.552427254616,874.1551435256022,1
2026-01-25T17:45:00,970.6427933336118,874.1551435256022,1
2026-01-25T18:00:00,972.4456758602682,874.1551435256022,1
2026-01-25T18:15:00,974.5710800365288,874.1551435256022,1
2026-01-25T18:30:00,976.9555811028476,874.1551435256022,1
2026-01-25T18:45:00,975.5305482075264,874.1551435256022,1
2026-01-25T19:00:00,975.3591664104565,874.1551435256022,1
2026-01-25T19:15:00,979.2172810389826,874.1551435256022,1
2026-01-25T19:30:00,978.704485110742,874.1551435256022,1
2026-01-25T19:45:00,980.2847062475046,874.1551435256022,1
2026-01-25T20:00:00,981.4250024563554,874.1551435256022,1
2026-01-25T20:15:00,981.3008518632024,874.1551435256022,1
2026-01-25T20:30:00,982.2468254045094,874.1551435256022,1
2026-01-25T20:45:00,980.7219322494782,874.1551435256022,1
2026-01-25T21:00:00,979.6653027447086,874.1551435256022,1
2026-01-25T21:15:00,979.1120229273963,874.1551435256022,1
2026-01-25T21:30:00,980.571435053853,980.571435053853,0
2026-01-25T21:45:00,980.571435053853,980.571435053853,0
2026-01-25T22:00:00,980.571435053853,980.571435053853,0
2026-01-25T22:15:00,980.571435053853,980.571435053853,0
2026-01-25T22:30:00,980.571435053853,980.571435053853,0
2026-01-25T22:45:00,980.571435053853,980.571435053853,0
2026-01-25T23:00:00,980.571435053853,980.571435053853,0
2026-01-25T23:15:00,980.571435053853,980.571435053853,0
2026-01-25T23:30:00,980.571435053853,980.571435053853,0
2026-01-25T23:45:00,980.571435053853,980.571435053853,0
2026-01-26T00:00:00,980.571435053853,980.571435053853,0
2026-01-26T00:15:00,980.571435053853,980.571435053853,0
2026-01-26T00:30:00,980.571435053853,980.571435053853,0
2026-01-26T00:45:00,980.571435053853,980.571435053853,0
2026-01-26T01:00:00,980.571435053853,980.571435053853,0
2026-01-26T01:15:00,980.571435053853,980.571435053853,0
2026-01-26T01:30:00,980.571435053853,980.571435053853,0
2026-01-26T01:45:00,980.571435053853,980.571435053853,0
2026-01-26T02:00:00,980.571435053853,980.571435053853,0
2026-01-26T02:15:00,980.571435053853,980.571435053853,0
2026-01-26T02:30:00,980.571435053853,980.571435053853,0
2026-01-26T02:45:00,980.571435053853,980.571435053853,0
2026-01-26T03:00:00,980.571435053853,980.571435053853,0
2026-01-26T03:15:00,980.571435053853,980.571435053853,0
2026-01-26T03:30:00,980.571435053853,980.571435053853,0
2026-01-26T03:45:00,980.571435053853,980.571435053853,0
2026-01-26T04:00:00,980.571435053853,980.571435053853,0
2026-01-26T04:15:00,980.571435053853,980.571435053853,0
2026-01-26T04:30:00,980.571435053853,980.571435053853,0
2026-01-26T04:45:00,980.571435053853,980.571435053853,0
2026-01-26T05:00:00,980.571435053853,980.571435053853,0
2026-01-26T05:15:00,980.571435053853,980.571435053853,0
2026-01-26T05:30:00,980.571435053853,980.571435053853,0
2026-01-26T05:45:00,980.571435053853,980.571435053853,0
2026-01-26T06:00:00,980.571435053853,980.571435053853,0
2026-01-26T06:15:00,980.571435053853,980.571435053853,0
2026-01-26T06:30:00,980.571435053853,980.571435053853,0
2026-01-26T06:45:00,980.571435053853,980.571435053853,0
2026-01-26T07:00:00,980.571435053853,980.571435053853,0
2026-01-26T07:15:00,980.571435053853,980.571435053853,0
2026-01-26T07:30:00,980.571435053853,980.571435053853,0
2026-01-26T07:45:00,980.571435053853,980.571435053853,0
2026-01-26T08:00:00,980.571435053853,980.571435053853,0
2026-01-26T08:15:00,980.571435053853,980.571435053853,0
2026-01-26T08:30:00,980.571435053853,980.571435053853,0
2026-01-26T08:45:00,980.571435053853,980.571435053853,0
2026-01-26T09:00:00,980.571435053853,980.571435053853,0
2026-01-26T09:15:00,980.571435053853,980.571435053853,0
2026-01-26T09:30:00,980.571435053853,980.571435053853,0
2026-01-26T09:45:00,980.571435053853,980.571435053853,0
2026-01-26T10:00:00,980.571435053853,980.571435053853,0
2026-01-26T10:15:00,980.571435053853,980.571435053853,0
2026-01-26T10:30:00,980.571435053853,980.571435053853,0
2026-01-26T10:45:00,980.571435053853,980.571435053853,0
2026-01-26T11:00:00,980.571435053853,980.571435053853,0
2026-01-26T11:15:00,980.571435053853,980.571435053853,0
2026-01-26T11:30:00,980.571435053853,980.571435053853,0
2026-01-26T11:45:00,980.571435053853,980.571435053853,0
2026-01-26T12:00:00,980.571435053853,980.571435053853,0
2026-01-26T12:15:00,980.571435053853,980.571435053853,0
2026-01-26T12:30:00,980.571435053853,980.571435053853,0
2026-01-26T12:45:00,980.571435053853,980.571435053853,0
2026-01-26T13:00:00,980.571435053853,980.571435053853,0
2026-01-26T13:15:00,980.571435053853,980.571435053853,0
2026-01-26T13:30:00,980.571435053853,980.571435053853,0
2026-01-26T13:45:00,980.571435053853,980.571435053853,0
2026-01-26T14:00:00,980.571435053853,980.571435053853,0
2026-01-26T14:15:00,980.571435053853,980.571435053853,0
2026-01-26T14:30:00,980.571435053853,980.571435053853,0
2026-01-26T14:45:00,980.571435053853,980.571435053853,0
2026-01-26T15:00:00,980.571435053853,980.571435053853,0
2026-01-26T15:15:00,980.571435053853,980.571435053853,0
2026-01-26T15:30:00,980.571435053853,980.571435053853,0
2026-01-26T15:45:00,980.571435053853,980.571435053853,0
2026-01-26T16:00:00,980.571435053853,980.571435053853,0
2026-01-26T16:15:00,980.571435053853,980.571435053853,0
2026-01-26T16:30:00,980.571435053853,980.571435053853,0
2026-01-26T16:45:00,980.571435053853,980.571435053853,0
2026-01-26T17:00:00,980.571435053853,980.571435053853,0
2026-01-26T17:15:00,980.571435053853,980.571435053853,0
2026-01-26T17:30:00,980.571435053853,980.571435053853,0
2026-01-26T17:45:00,980.571435053853,980.571435053853,0
2026-01-26T18:00:00,980.571435053853,980.571435053853,0
2026-01-26T18:15:00,980.571435053853,980.571435053853,0
2026-01-26T18:30:00,980.571435053853,980.571435053853,0
2026-01-26T18:45:00,980.571435053853,980.571435053853,0
2026-01-26T19:00:00,980.571435053853,980.571435053853,0
2026-01-26T19:15:00,980.571435053853,980.571435053853,0
2026-01-26T19:30:00,980.571435053853,980.571435053853,0
2026-01-26T19:45:00,980.571435053853,980.571435053853,0
2026-01-26T20:00:00,980.571435053853,980.571435053853,0
2026-01-26T20:15:00,980.571435053853,980.571435053853,0
2026-01-26T20:30:00,980.571435053853,980.571435053853,0
2026-01-26T20:45:00,980.571435053853,980.571435053853,0
2026-01-26T21:00:00,980.571435053853,980.571435053853,0
2026-01-26T21:15:00,980.571435053853,980.571435053853,0
2026-01-26T21:30:00,980.571435053853,980.571435053853,0
2026-01-26T21:45:00,980.571435053853,980.571435053853,0
2026-01-26T22:00:00,980.571435053853,980.571435053853,0
2026-01-26T22:15:00,980.571435053853,980.571435053853,0
2026-01-26T22:30:00,980.571435053853,980.571435053853,0
2026-01-26T22:45:00,980.571435053853,980.571435053853,0
2026-01-26T23:00:00,980.571435053853,980.571435053853,0
2026-01-26T23:15:00,980.571435053853,980.571435053853,0
2026-01-26T23:30:00,980.571435053853,980.571435053853,0
2026-01-26T23:45:00,980.571435053853,980.571435053853,0
2026-01-27T00:00:00,980.571435053853,980.571435053853,0
2026-01-27T00:15:00,980.571435053853,980.571435053853,0
2026-01-27T00:30:00,980.571435053853,980.571435053853,0
2026-01-27T00:45:00,980.571435053853,980.571435053853,0
2026-01-27T01:00:00,980.571435053853,980.571435053853,0
2026-01-27T01:15:00,980.571435053853,980.571435053853,0
2026-01-27T01:30:00,980.571435053853,980.571435053853,0
2026-01-27T01:45:00,980.571435053853,980.571435053853,0
2026-01-27T02:00:00,980.571435053853,980.571435053853,0
2026-01-27T02:15:00,980.571435053853,980.571435053853,0
2026-01-27T02:30:00,980.571435053853,980.571435053853,0
2026-01-27T02:45:00,980.571435053853,980.571435053853,0
2026-01-27T03:00:00,980.571435053853,980.571435053853,0
2026-01-27T03:15:00,980.571435053853,980.571435053853,0
2026-01-27T03:30:00,980.571435053853,980.571435053853,0
2026-01-27T03:45:00,980.571435053853,980.571435053853,0
2026-01-27T04:00:00,980.571435053853,980.571435053853,0
2026-01-27T04:15:00,980.571435053853,980.571435053853,0
2026-01-27T04:30:00,980.571435053853,980.571435053853,0
2026-01-27T04:45:00,980.571435053853,980.571435053853,0
2026-01-27T05:00:00,980.571435053853,980.571435053853,0
2026-01-27T05:15:00,980.571435053853,980.571435053853,0
2026-01-27T05:30:00,980.571435053853,980.571435053853,0
2026-01-27T05:45:00,980.571435053853,980.571435053853,0
2026-01-27T06:00:00,980.571435053853,980.571435053853,0
2026-01-27T06:15:00,980.571435053853,980.571435053853,0
2026-01-27T06:30:00,980.571435053853,980.571435053853,0
2026-01-27T06:45:00,980.571435053853,980.571435053853,0
2026-01-27T07:00:00,980.571435053853,980.571435053853,0
2026-01-27T07:15:00,979.8270819557147,882.357400118859,1
2026-01-27T07:30:00,979.1912797376938,979.1912797376938,0
2026-01-27T07:45:00,979.1912797376938,979.1912797376938,0
2026-01-27T08:00:00,979.1912797376938,979.1912797376938,0
2026-01-27T08:15:00,979.1912797376938,979.1912797376938,0
2026-01-27T08:30:00,979.1912797376938,979.1912797376938,0
2026-01-27T08:45:00,979.1912797376938,979.1912797376938,0
2026-01-27T09:00:00,979.1912797376938,979.1912797376938,0
2026-01-27T09:15:00,979.1912797376938,979.1912797376938,0
2026-01-27T09:30:00,979.1912797376938,979.1912797376938,0
2026-01-27T09:45:00,979.1912797376938,979.1912797376938,0
2026-01-27T10:00:00,979.1912797376938,979.1912797376938,0
2026-01-27T10:15:00,979.1912797376938,979.1912797376938,0
2026-01-27T10:30:00,979.1912797376938,979.1912797376938,0
2026-01-27T10:45:00,979.1912797376938,979.1912797376938,0
2026-01-27T11:00:00,979.1912797376938,979.1912797376938,0
2026-01-27T11:15:00,979.1912797376938,979.1912797376938,0
2026-01-27T11:30:00,979.1912797376938,979.1912797376938,0
2026-01-27T11:45:00,979.1912797376938,979.1912797376938,0
2026-01-27T12:00:00,979.1912797376938,979.1912797376938,0
2026-01-27T12:15:00,979.1912797376938,979.1912797376938,0
2026-01-27T12:30:00,979.1912797376938,979.1912797376938,0
2026-01-27T12:45:00,979.1912797376938,979.1912797376938,0
2026-01-27T13:00:00,979.1912797376938,979.1912797376938,0
2026-01-27T13:15:00,979.1912797376938,979.1912797376938,0
2026-01-27T13:30:00,979.1912797376938,979.1912797376938,0
2026-01-27T13:45:00,979.1912797376938,979.1912797376938,0
2026-01-27T14:00:00,979.1912797376938,979.1912797376938,0
2026-01-27T14:15:00,979.1912797376938,979.1912797376938,0
2026-01-27T14:30:00,979.1912797376938,979.1912797376938,0
2026-01-27T14:45:00,979.1912797376938,979.1912797376938,0
2026-01-27T15:00:00,979.1912797376938,979.1912797376938,0
2026-01-27T15:15:00,979.1912797376938,979.1912797376938,0
2026-01-27T15:30:00,979.1912797376938,979.1912797376938,0
2026-01-27T15:45:00,979.1912797376938,979.1912797376938,0
2026-01-27T16:00:00,979.1912797376938,979.1912797376938,0
2026-01-27T16:15:00,979.1912797376938,979.1912797376938,0
2026-01-27T16:30:00,979.1912797376938,979.1912797376938,0
2026-01-27T16:45:00,979.1912797376938,979.1912797376938,0
2026-01-27T17:00:00,978.4479743173165,881.1154811591664,1
2026-01-27T17:15:00,976.8743182142539,881.1154811591664,1
2026-01-27T17:30:00,973.1225788438775,973.1225788438775,0
2026-01-27T17:45:00,973.1225788438775,973.1225788438775,0
2026-01-27T18:00:00,973.1225788438775,973.1225788438775,0
2026-01-27T18:15:00,973.1225788438775,973.1225788438775,0
2026-01-27T18:30:00,973.1225788438775,973.1225788438775,0
2026-01-27T18:45:00,973.1225788438775,973.1225788438775,0
2026-01-27T19:00:00,973.1225788438775,973.1225788438775,0
2026-01-27T19:15:00,973.1225788438775,973.1225788438775,0
2026-01-27T19:30:00,973.1225788438775,973.1225788438775,0
2026-01-27T19:45:00,973.1225788438775,973.1225788438775,0
2026-01-27T20:00:00,973.1225788438775,973.1225788438775,0
2026-01-27T20:15:00,973.1225788438775,973.1225788438775,0
2026-01-27T20:30:00,973.1225788438775,973.1225788438775,0
2026-01-27T20:45:00,973.1225788438775,973.1225788438775,0
2026-01-27T21:00:00,973.1225788438775,973.1225788438775,0
2026-01-27T21:15:00,973.1225788438775,973.1225788438775,0
2026-01-27T21:30:00,973.1225788438775,973.1225788438775,0
2026-01-27T21:45:00,973.1225788438775,973.1225788438775,0
2026-01-27T22:00:00,973.1225788438775,973.1225788438775,0
2026-01-27T22:15:00,973.1225788438775,973.1225788438775,0
2026-01-27T22:30:00,973.1225788438775,973.1225788438775,0
2026-01-27T22:45:00,973.1225788438775,973.1225788438775,0
2026-01-27T23:00:00,973.1225788438775,973.1225788438775,0
2026-01-27T23:15:00,973.1225788438775,973.1225788438775,0
2026-01-27T23:30:00,973.1225788438775,973.1225788438775,0
2026-01-27T23:45:00,973.1225788438775,973.1225788438775,0
2026-01-28T00:00:00,973.1225788438775,973.1225788438775,0
2026-01-28T00:15:00,973.1225788438775,973.1225788438775,0
2026-01-28T00:30:00,973.1225788438775,973.1225788438775,0
2026-01-28T00:45:00,973.1225788438775,973.1225788438775,0
2026-01-28T01:00:00,973.1225788438775,973.1225788438775,0
2026-01-28T01:15:00,973.1225788438775,973.1225788438775,0
2026-01-28T01:30:00,973.1225788438775,973.1225788438775,0
2026-01-28T01:45:00,973.1225788438775,973.1225788438775,0
2026-01-28T02:00:00,973.1225788438775,973.1225788438775,0
2026-01-28T02:15:00,973.1225788438775,973.1225788438775,0
2026-01-28T02:30:00,973.1225788438775,973.1225788438775,0
2026-01-28T02:45:00,973.1225788438775,973.1225788438775,0
2026-01-28T03:00:00,973.1225788438775,973.1225788438775,0
2026-01-28T03:15:00,973.1225788438775,973.1225788438775,0
2026-01-28T03:30:00,973.1225788438775,973.1225788438775,0
2026-01-28T03:45:00,973.1225788438775,973.1225788438775,0
2026-01-28T04:00:00,973.1225788438775,973.1225788438775,0
2026-01-28T04:15:00,973.1225788438775,973.1225788438775,0
2026-01-28T04:30:00,973.1225788438775,973.1225788438775,0
2026-01-28T04:45:00,973.1225788438775,973.1225788438775,0
2026-01-28T05:00:00,973.1225788438775,973.1225788438775,0
2026-01-28T05:15:00,973.1225788438775,973.1225788438775,0
2026-01-28T05:30:00,973.1225788438775,973.1225788438775,0
2026-01-28T05:45:00,973.1225788438775,973.1225788438775,0
2026-01-28T06:00:00,973.1225788438775,973.1225788438775,0
2026-01-28T06:15:00,973.1225788438775,973.1225788438775,0
2026-01-28T06:30:00,973.1225788438775,973.1225788438775,0
2026-01-28T06:45:00,973.1225788438775,973.1225788438775,0
2026-01-28T07:00:00,973.1225788438775,973.1225788438775,0
2026-01-28T07:15:00,973.1225788438775,973.1225788438775,0
2026-01-28T07:30:00,973.1225788438775,973.1225788438775,0
2026-01-28T07:45:00,973.1225788438775,973.1225788438775,0
2026-01-28T08:00:00,973.1225788438775,973.1225788438775,0
2026-01-28T08:15:00,973.1225788438775,973.1225788438775,0
2026-01-28T08:30:00,973.1225788438775,973.1225788438775,0
2026-01-28T08:45:00,973.1225788438775,973.1225788438775,0
2026-01-28T09:00:00,973.1225788438775,973.1225788438775,0
2026-01-28T09:15:00,973.1225788438775,973.1225788438775,0
2026-01-28T09:30:00,973.1225788438775,973.1225788438775,0
2026-01-28T09:45:00,972.3838801825292,875.6546213468747,1
2026-01-28T10:00:00,972.3839235762956,875.6546213468747,1
2026-01-28T10:15:00,971.4023999737664,875.6546213468747,1
2026-01-28T10:30:00,972.065586905879,875.6546213468747,1
2026-01-28T10:45:00,971.6744788891851,875.6546213468747,1
2026-01-28T11:00:00,971.3641700655551,875.6546213468747,1
2026-01-28T11:15:00,971.9049865763789,875.6546213468747,1
2026-01-28T11:30:00,972.8189894783673,875.6546213468747,1
2026-01-28T11:45:00,974.6088955554321,875.6546213468747,1
2026-01-28T12:00:00,973.9530421698436,875.6546213468747,1
2026-01-28T12:15:00,973.6876458944525,875.6546213468747,1
2026-01-28T12:30:00,973.865560336752,875.6546213468747,1
2026-01-28T12:45:00,974.2560608407159,875.6546213468747,1
2026-01-28T13:00:00,975.0396220808624,875.6546213468747,1
2026-01-28T13:15:00,974.8724258988673,875.6546213468747,1
2026-01-28T13:30:00,976.0651035687696,875.6546213468747,1
2026-01-28T13:45:00,975.3809140537123,875.6546213468747,1
2026-01-28T14:00:00,974.9114802886404,875.6546213468747,1
2026-01-28T14:15:00,974.3088710544424,875.6546213468747,1
2026-01-28T14:30:00,972.6949921191117,972.6949921191117,0
2026-01-28T14:45:00,972.6949921191117,972.6949921191117,0
2026-01-28T15:00:00,972.6949921191117,972.6949921191117,0
2026-01-28T15:15:00,972.6949921191117,972.6949921191117,0
2026-01-28T15:30:00,972.6949921191117,972.6949921191117,0
2026-01-28T15:45:00,972.6949921191117,972.6949921191117,0
2026-01-28T16:00:00,972.6949921191117,972.6949921191117,0
2026-01-28T16:15:00,972.6949921191117,972.6949921191117,0
2026-01-28T16:30:00,972.6949921191117,972.6949921191117,0
2026-01-28T16:45:00,972.6949921191117,972.6949921191117,0
2026-01-28T17:00:00,972.6949921191117,972.6949921191117,0
2026-01-28T17:15:00,972.6949921191117,972.6949921191117,0
2026-01-28T17:30:00,972.6949921191117,972.6949921191117,0
2026-01-28T17:45:00,972.6949921191117,972.6949921191117,0
2026-01-28T18:00:00,972.6949921191117,972.6949921191117,0
2026-01-28T18:15:00,972.6949921191117,972.6949921191117,0
2026-01-28T18:30:00,972.6949921191117,972.6949921191117,0
2026-01-28T18:45:00,972.6949921191117,972.6949921191117,0
2026-01-28T19:00:00,972.6949921191117,972.6949921191117,0
2026-01-28T19:15:00,972.6949921191117,972.6949921191117,0
2026-01-28T19:30:00,972.6949921191117,972.6949921191117,0
2026-01-28T19:45:00,972.6949921191117,972.6949921191117,0
2026-01-28T20:00:00,972.6949921191117,972.6949921191117,0
2026-01-28T20:15:00,971.9566180394226,875.2698617084615,1
2026-01-28T20:30:00,969.3439910498095,969.3439910498095,0
2026-01-28T20:45:00,969.3439910498095,969.3439910498095,0
2026-01-28T21:00:00,969.3439910498095,969.3439910498095,0
2026-01-28T21:15:00,969.3439910498095,969.3439910498095,0
2026-01-28T21:30:00,969.3439910498095,969.3439910498095,0
2026-01-28T21:45:00,969.3439910498095,969.3439910498095,0
2026-01-28T22:00:00,969.3439910498095,969.3439910498095,0
2026-01-28T22:15:00,969.3439910498095,969.3439910498095,0
2026-01-28T22:30:00,969.3439910498095,969.3439910498095,0
2026-01-28T22:45:00,969.3439910498095,969.3439910498095,0
2026-01-28T23:00:00,969.3439910498095,969.3439910498095,0
2026-01-28T23:15:00,969.3439910498095,969.3439910498095,0
2026-01-28T23:30:00,969.3439910498095,969.3439910498095,0
2026-01-28T23:45:00,969.3439910498095,969.3439910498095,0
2026-01-29T00:00:00,969.3439910498095,969.3439910498095,0
2026-01-29T00:15:00,969.3439910498095,969.3439910498095,0
2026-01-29T00:30:00,969.3439910498095,969.3439910498095,0
2026-01-29T00:45:00,969.3439910498095,969.3439910498095,0
2026-01-29T01:00:00,969.3439910498095,969.3439910498095,0
2026-01-29T01:15:00,969.3439910498095,969.3439910498095,0
2026-01-29T01:30:00,969.3439910498095,969.3439910498095,0
2026-01-29T01:45:00,969.3439910498095,969.3439910498095,0
2026-01-29T02:00:00,969.3439910498095,969.3439910498095,0
2026-01-29T02:15:00,969.3439910498095,969.3439910498095,0
2026-01-29T02:30:00,969.3439910498095,969.3439910498095,0
2026-01-29T02:45:00,969.3439910498095,969.3439910498095,0
2026-01-29T03:00:00,969.3439910498095,969.3439910498095,0
2026-01-29T03:15:00,969.3439910498095,969.3439910498095,0
2026-01-29T03:30:00,969.3439910498095,969.3439910498095,0
2026-01-29T03:45:00,969.3439910498095,969.3439910498095,0
2026-01-29T04:00:00,969.3439910498095,969.3439910498095,0
2026-01-29T04:15:00,969.3439910498095,969.3439910498095,0
2026-01-29T04:30:00,969.3439910498095,969.3439910498095,0
2026-01-29T04:45:00,969.3439910498095,969.3439910498095,0
2026-01-29T05:00:00,969.3439910498095,969.3439910498095,0
2026-01-29T05:15:00,969.3439910498095,969.3439910498095,0
2026-01-29T05:30:00,969.3439910498095,969.3439910498095,0
2026-01-29T05:45:00,969.3439910498095,969.3439910498095,0
2026-01-29T06:00:00,969.3439910498095,969.3439910498095,0
2026-01-29T06:15:00,969.3439910498095,969.3439910498095,0
2026-01-29T06:30:00,969.3439910498095,969.3439910498095,0
2026-01-29T06:45:00,969.3439910498095,969.3439910498095,0
2026-01-29T07:00:00,969.3439910498095,969.3439910498095,0
2026-01-29T07:15:00,969.3439910498095,969.3439910498095,0
2026-01-29T07:30:00,969.3439910498095,969.3439910498095,0
2026-01-29T07:45:00,969.3439910498095,969.3439910498095,0
2026-01-29T08:00:00,969.3439910498095,969.3439910498095,0
2026-01-29T08:15:00,969.3439910498095,969.3439910498095,0
2026-01-29T08:30:00,969.3439910498095,969.3439910498095,0
2026-01-29T08:45:00,969.3439910498095,969.3439910498095,0
2026-01-29T09:00:00,969.3439910498095,969.3439910498095,0
2026-01-29T09:15:00,969.3439910498095,969.3439910498095,0
2026-01-29T09:30:00,969.3439910498095,969.3439910498095,0
2026-01-29T09:45:00,969.3439910498095,969.3439910498095,0
2026-01-29T10:00:00,969.3439910498095,969.3439910498095,0
2026-01-29T10:15:00,969.3439910498095,969.3439910498095,0
2026-01-29T10:30:00,969.3439910498095,969.3439910498095,0
2026-01-29T10:45:00,969.3439910498095,969.3439910498095,0
2026-01-29T11:00:00,969.3439910498095,969.3439910498095,0
2026-01-29T11:15:00,969.3439910498095,969.3439910498095,0
2026-01-29T11:30:00,969.3439910498095,969.3439910498095,0
2026-01-29T11:45:00,969.3439910498095,969.3439910498095,0
2026-01-29T12:00:00,969.3439910498095,969.3439910498095,0
2026-01-29T12:15:00,969.3439910498095,969.3439910498095,0
2026-01-29T12:30:00,969.3439910498095,969.3439910498095,0
2026-01-29T12:45:00,969.3439910498095,969.3439910498095,0
2026-01-29T13:00:00,969.3439910498095,969.3439910498095,0
2026-01-29T13:15:00,969.3439910498095,969.3439910498095,0
2026-01-29T13:30:00,969.3439910498095,969.3439910498095,0
2026-01-29T13:45:00,969.3439910498095,969.3439910498095,0
2026-01-29T14:00:00,969.3439910498095,969.3439910498095,0
2026-01-29T14:15:00,969.3439910498095,969.3439910498095,0
2026-01-29T14:30:00,969.3439910498095,969.3439910498095,0
2026-01-29T14:45:00,969.3439910498095,969.3439910498095,0
2026-01-29T15:00:00,969.3439910498095,969.3439910498095,0
2026-01-29T15:15:00,969.3439910498095,969.3439910498095,0
2026-01-29T15:30:00,969.3439910498095,969.3439910498095,0
2026-01-29T15:45:00,969.3439910498095,969.3439910498095,0
2026-01-29T16:00:00,969.3439910498095,969.3439910498095,0
2026-01-29T16:15:00,969.3439910498095,969.3439910498095,0
2026-01-29T16:30:00,969.3439910498095,969.3439910498095,0
2026-01-29T16:45:00,969.3439910498095,969.3439910498095,0
2026-01-29T17:00:00,969.3439910498095,969.3439910498095,0
2026-01-29T17:15:00,969.3439910498095,969.3439910498095,0
2026-01-29T17:30:00,969.3439910498095,969.3439910498095,0
2026-01-29T17:45:00,969.3439910498095,969.3439910498095,0
2026-01-29T18:00:00,969.3439910498095,969.3439910498095,0
2026-01-29T18:15:00,969.3439910498095,969.3439910498095,0
2026-01-29T18:30:00,969.3439910498095,969.3439910498095,0
2026-01-29T18:45:00,969.3439910498095,969.3439910498095,0
2026-01-29T19:00:00,969.3439910498095,969.3439910498095,0
2026-01-29T19:15:00,969.3439910498095,969.3439910498095,0
2026-01-29T19:30:00,969.3439910498095,969.3439910498095,0
2026-01-29T19:45:00,969.3439910498095,969.3439910498095,0
2026-01-29T20:00:00,969.3439910498095,969.3439910498095,0
2026-01-29T20:15:00,969.3439910498095,969.3439910498095,0
2026-01-29T20:30:00,969.3439910498095,969.3439910498095,0
2026-01-29T20:45:00,969.3439910498095,969.3439910498095,0
2026-01-29T21:00:00,969.3439910498095,969.3439910498095,0
2026-01-29T21:15:00,969.3439910498095,969.3439910498095,0
2026-01-29T21:30:00,969.3439910498095,969.3439910498095,0
2026-01-29T21:45:00,969.3439910498095,969.3439910498095,0
2026-01-29T22:00:00,969.3439910498095,969.3439910498095,0
2026-01-29T22:15:00,969.3439910498095,969.3439910498095,0
2026-01-29T22:30:00,969.3439910498095,969.3439910498095,0
2026-01-29T22:45:00,969.3439910498095,969.3439910498095,0
2026-01-29T23:00:00,969.3439910498095,969.3439910498095,0
2026-01-29T23:15:00,969.3439910498095,969.3439910498095,0
2026-01-29T23:30:00,969.3439910498095,969.3439910498095,0
2026-01-29T23:45:00,969.3439910498095,969.3439910498095,0
2026-01-30T00:00:00,969.3439910498095,969.3439910498095,0
2026-01-30T00:15:00,969.3439910498095,969.3439910498095,0
2026-01-30T00:30:00,969.3439910498095,969.3439910498095,0
2026-01-30T00:45:00,969.3439910498095,969.3439910498095,0
2026-01-30T01:00:00,969.3439910498095,969.3439910498095,0
2026-01-30T01:15:00,969.3439910498095,969.3439910498095,0
2026-01-30T01:30:00,969.3439910498095,969.3439910498095,0
2026-01-30T01:45:00,969.3439910498095,969.3439910498095,0
2026-01-30T02:00:00,969.3439910498095,969.3439910498095,0
2026-01-30T02:15:00,969.3439910498095,969.3439910498095,0
2026-01-30T02:30:00,969.3439910498095,969.3439910498095,0
2026-01-30T02:45:00,969.3439910498095,969.3439910498095,0
2026-01-30T03:00:00,969.3439910498095,969.3439910498095,0
2026-01-30T03:15:00,969.3439910498095,969.3439910498095,0
2026-01-30T03:30:00,969.3439910498095,969.3439910498095,0
2026-01-30T03:45:00,969.3439910498095,969.3439910498095,0
2026-01-30T04:00:00,969.3439910498095,969.3439910498095,0
2026-01-30T04:15:00,969.3439910498095,969.3439910498095,0
2026-01-30T04:30:00,969.3439910498095,969.3439910498095,0
2026-01-30T04:45:00,969.3439910498095,969.3439910498095,0
2026-01-30T05:00:00,969.3439910498095,969.3439910498095,0
2026-01-30T05:15:00,969.3439910498095,969.3439910498095,0
2026-01-30T05:30:00,969.3439910498095,969.3439910498095,0
2026-01-30T05:45:00,969.3439910498095,969.3439910498095,0
2026-01-30T06:00:00,969.3439910498095,969.3439910498095,0
2026-01-30T06:15:00,969.3439910498095,969.3439910498095,0
2026-01-30T06:30:00,968.6064158964394,872.2544969062606,1
2026-01-30T06:45:00,966.969738182511,872.2544969062606,1
2026-01-30T07:00:00,962.7482916874995,962.7482916874995,0
2026-01-30T07:15:00,962.7482916874995,962.7482916874995,0
2026-01-30T07:30:00,962.7482916874995,962.7482916874995,0
2026-01-30T07:45:00,962.7482916874995,962.7482916874995,0
2026-01-30T08:00:00,962.7482916874995,962.7482916874995,0
2026-01-30T08:15:00,962.7482916874995,962.7482916874995,0
2026-01-30T08:30:00,962.7482916874995,962.7482916874995,0
2026-01-30T08:45:00,962.7482916874995,962.7482916874995,0
2026-01-30T09:00:00,962.7482916874995,962.7482916874995,0
2026-01-30T09:15:00,962.7482916874995,962.7482916874995,0
2026-01-30T09:30:00,962.7482916874995,962.7482916874995,0
2026-01-30T09:45:00,962.7482916874995,962.7482916874995,0
2026-01-30T10:00:00,962.7482916874995,962.7482916874995,0
2026-01-30T10:15:00,962.7482916874995,962.7482916874995,0
2026-01-30T10:30:00,962.7482916874995,962.7482916874995,0
2026-01-30T10:45:00,962.7482916874995,962.7482916874995,0
2026-01-30T11:00:00,962.7482916874995,962.7482916874995,0
2026-01-30T11:15:00,962.7482916874995,962.7482916874995,0
2026-01-30T11:30:00,962.7482916874995,962.7482916874995,0
2026-01-30T11:45:00,962.7482916874995,962.7482916874995,0
2026-01-30T12:00:00,962.7482916874995,962.7482916874995,0
2026-01-30T12:15:00,962.7482916874995,962.7482916874995,0
2026-01-30T12:30:00,962.7482916874995,962.7482916874995,0
2026-01-30T12:45:00,962.7482916874995,962.7482916874995,0
2026-01-30T13:00:00,962.7482916874995,962.7482916874995,0
2026-01-30T13:15:00,962.7482916874995,962.7482916874995,0
2026-01-30T13:30:00,962.7482916874995,962.7482916874995,0
2026-01-30T13:45:00,962.7482916874995,962.7482916874995,0
2026-01-30T14:00:00,962.7482916874995,962.7482916874995,0
2026-01-30T14:15:00,962.7482916874995,962.7482916874995,0
2026-01-30T14:30:00,962.7482916874995,962.7482916874995,0
2026-01-30T14:45:00,962.7482916874995,962.7482916874995,0
2026-01-30T15:00:00,962.7482916874995,962.7482916874995,0
2026-01-30T15:15:00,962.7482916874995,962.7482916874995,0
2026-01-30T15:30:00,962.7482916874995,962.7482916874995,0
2026-01-30T15:45:00,962.7482916874995,962.7482916874995,0
2026-01-30T16:00:00,962.7482916874995,962.7482916874995,0
2026-01-30T16:15:00,962.7482916874995,962.7482916874995,0
2026-01-30T16:30:00,962.7482916874995,962.7482916874995,0
2026-01-30T16:45:00,962.7482916874995,962.7482916874995,0
2026-01-30T17:00:00,962.7482916874995,962.7482916874995,0
2026-01-30T17:15:00,962.7482916874995,962.7482916874995,0
2026-01-30T17:30:00,962.7482916874995,962.7482916874995,0
2026-01-30T17:45:00,962.7482916874995,962.7482916874995,0
2026-01-30T18:00:00,962.0157352106918,866.3194227920795,1
2026-01-30T18:15:00,965.721471941149,866.3194227920795,1
2026-01-30T18:30:00,960.1985538324668,866.3194227920795,1
2026-01-30T18:45:00,956.2151422355806,956.2151422355806,0
2026-01-30T19:00:00,956.2151422355806,956.2151422355806,0
2026-01-30T19:15:00,956.2151422355806,956.2151422355806,0
2026-01-30T19:30:00,956.2151422355806,956.2151422355806,0
2026-01-30T19:45:00,956.2151422355806,956.2151422355806,0
2026-01-30T20:00:00,956.2151422355806,956.2151422355806,0
2026-01-30T20:15:00,956.2151422355806,956.2151422355806,0
2026-01-30T20:30:00,956.2151422355806,956.2151422355806,0
2026-01-30T20:45:00,956.2151422355806,956.2151422355806,0
2026-01-30T21:00:00,956.2151422355806,956.2151422355806,0
2026-01-30T21:15:00,956.2151422355806,956.2151422355806,0
2026-01-30T21:30:00,956.2151422355806,956.2151422355806,0
2026-01-30T21:45:00,956.2151422355806,956.2151422355806,0
2026-01-30T22:00:00,956.2151422355806,956.2151422355806,0
2026-01-30T22:15:00,956.2151422355806,956.2151422355806,0
2026-01-30T22:30:00,956.2151422355806,956.2151422355806,0
2026-01-30T22:45:00,956.2151422355806,956.2151422355806,0
2026-01-30T23:00:00,956.2151422355806,956.2151422355806,0
2026-01-30T23:15:00,956.2151422355806,956.2151422355806,0
2026-01-30T23:30:00,956.2151422355806,956.2151422355806,0
2026-01-30T23:45:00,956.2151422355806,956.2151422355806,0
2026-01-31T00:00:00,956.2151422355806,956.2151422355806,0
2026-01-31T00:15:00,956.2151422355806,956.2151422355806,0
2026-01-31T00:30:00,956.2151422355806,956.2151422355806,0
2026-01-31T00:45:00,956.2151422355806,956.2151422355806,0
2026-01-31T01:00:00,956.2151422355806,956.2151422355806,0
2026-01-31T01:15:00,956.2151422355806,956.2151422355806,0
2026-01-31T01:30:00,956.2151422355806,956.2151422355806,0
2026-01-31T01:45:00,956.2151422355806,956.2151422355806,0
2026-01-31T02:00:00,956.2151422355806,956.2151422355806,0
2026-01-31T02:15:00,956.2151422355806,956.2151422355806,0
2026-01-31T02:30:00,956.2151422355806,956.2151422355806,0
2026-01-31T02:45:00,956.2151422355806,956.2151422355806,0
2026-01-31T03:00:00,956.2151422355806,956.2151422355806,0
2026-01-31T03:15:00,956.2151422355806,956.2151422355806,0
2026-01-31T03:30:00,956.2151422355806,956.2151422355806,0
2026-01-31T03:45:00,956.2151422355806,956.2151422355806,0
2026-01-31T04:00:00,956.2151422355806,956.2151422355806,0
2026-01-31T04:15:00,956.2151422355806,956.2151422355806,0
2026-01-31T04:30:00,956.2151422355806,956.2151422355806,0
2026-01-31T04:45:00,956.2151422355806,956.2151422355806,0
2026-01-31T05:00:00,956.2151422355806,956.2151422355806,0
2026-01-31T05:15:00,956.2151422355806,956.2151422355806,0
2026-01-31T05:30:00,956.2151422355806,956.2151422355806,0
2026-01-31T05:45:00,956.2151422355806,956.2151422355806,0
2026-01-31T06:00:00,956.2151422355806,956.2151422355806,0
2026-01-31T06:15:00,956.2151422355806,956.2151422355806,0
2026-01-31T06:30:00,956.2151422355806,956.2151422355806,0
2026-01-31T06:45:00,956.2151422355806,956.2151422355806,0
2026-01-31T07:00:00,956.2151422355806,956.2151422355806,0
2026-01-31T07:15:00,956.2151422355806,956.2151422355806,0
2026-01-31T07:30:00,955.4875568410239,860.4406335892648,1
2026-01-31T07:45:00,954.7687023744412,860.4406335892648,1
2026-01-31T08:00:00,955.8283683211966,860.4406335892648,1
2026-01-31T08:15:00,957.1142872673944,860.4406335892648,1
2026-01-31T08:30:00,961.6679868764245,860.4406335892648,1
2026-01-31T08:45:00,959.9281299503327,860.4406335892648,1
2026-01-31T09:00:00,959.7004449698813,860.4406335892648,1
2026-01-31T09:15:00,960.5653614993952,860.4406335892648,1
2026-01-31T09:30:00,958.9758625792621,860.4406335892648,1
2026-01-31T09:45:00,959.309514154389,860.4406335892648,1
2026-01-31T10:00:00,959.985409190698,860.4406335892648,1
2026-01-31T10:15:00,959.531471210804,860.4406335892648,1
2026-01-31T10:30:00,958.3500868782727,860.4406335892648,1
2026-01-31T10:45:00,958.5292163933015,958.5292163933015,0
2026-01-31T11:00:00,958.5292163933015,958.5292163933015,0
2026-01-31T11:15:00,958.5292163933015,958.5292163933015,0
2026-01-31T11:30:00,958.5292163933015,958.5292163933015,0
2026-01-31T11:45:00,958.5292163933015,958.5292163933015,0
2026-01-31T12:00:00,958.5292163933015,958.5292163933015,0
2026-01-31T12:15:00,958.5292163933015,958.5292163933015,0
2026-01-31T12:30:00,958.5292163933015,958.5292163933015,0
2026-01-31T12:45:00,958.5292163933015,958.5292163933015,0
2026-01-31T13:00:00,958.5292163933015,958.5292163933015,0
2026-01-31T13:15:00,958.5292163933015,958.5292163933015,0
2026-01-31T13:30:00,958.5292163933015,958.5292163933015,0
2026-01-31T13:45:00,958.5292163933015,958.5292163933015,0
2026-01-31T14:00:00,958.5292163933015,958.5292163933015,0
2026-01-31T14:15:00,958.5292163933015,958.5292163933015,0
2026-01-31T14:30:00,958.5292163933015,958.5292163933015,0
2026-01-31T14:45:00,958.5292163933015,958.5292163933015,0
2026-01-31T15:00:00,958.5292163933015,958.5292163933015,0
2026-01-31T15:15:00,958.5292163933015,958.5292163933015,0
2026-01-31T15:30:00,958.5292163933015,958.5292163933015,0
2026-01-31T15:45:00,958.5292163933015,958.5292163933015,0
2026-01-31T16:00:00,958.5292163933015,958.5292163933015,0
2026-01-31T16:15:00,958.5292163933015,958.5292163933015,0
2026-01-31T16:30:00,958.5292163933015,958.5292163933015,0
2026-01-31T16:45:00,958.5292163933015,958.5292163933015,0
2026-01-31T17:00:00,957.7998702165895,862.5229300793484,1
2026-01-31T17:15:00,956.4687396032406,862.5229300793484,1
2026-01-31T17:30:00,957.5051835249942,862.5229300793484,1
2026-01-31T17:45:00,957.5702473855084,862.5229300793484,1
2026-01-31T18:00:00,958.8898359816851,862.5229300793484,1
2026-01-31T18:15:00,959.7957625784552,862.5229300793484,1
2026-01-31T18:30:00,964.1625411090425,862.5229300793484,1
2026-01-31T18:45:00,961.7367694831357,862.5229300793484,1
2026-01-31T19:00:00,960.8218819953967,862.5229300793484,1
2026-01-31T19:15:00,962.0087130438478,862.5229300793484,1
2026-01-31T19:30:00,964.261257011185,862.5229300793484,1
2026-01-31T19:45:00,963.1411456400575,862.5229300793484,1
2026-01-31T20:00:00,964.2020859104928,862.5229300793484,1
2026-01-31T20:15:00,964.9286972868936,862.5229300793484,1
2026-01-31T20:30:00,964.2757210580207,862.5229300793484,1
2026-01-31T20:45:00,961.6230976010255,961.6230976010255,0
2026-01-31T21:00:00,961.6230976010255,961.6230976010255,0
2026-01-31T21:15:00,961.6230976010255,961.6230976010255,0
2026-01-31T21:30:00,961.6230976010255,961.6230976010255,0
2026-01-31T21:45:00,961.6230976010255,961.6230976010255,0
2026-01-31T22:00:00,961.6230976010255,961.6230976010255,0
2026-01-31T22:15:00,961.6230976010255,961.6230976010255,0
2026-01-31T22:30:00,961.6230976010255,961.6230976010255,0
2026-01-31T22:45:00,961.6230976010255,961.6230976010255,0
2026-01-31T23:00:00,961.6230976010255,961.6230976010255,0
2026-01-31T23:15:00,961.6230976010255,961.6230976010255,0
2026-01-31T23:30:00,961.6230976010255,961.6230976010255,0
2026-01-31T23:45:00,961.6230976010255,961.6230976010255,0
2026-02-01T00:00:00,961.6230976010255,961.6230976010255,0
2026-02-01T00:15:00,961.6230976010255,961.6230976010255,0
2026-02-01T00:30:00,961.6230976010255,961.6230976010255,0
2026-02-01T00:45:00,961.6230976010255,961.6230976010255,0
2026-02-01T01:00:00,961.6230976010255,961.6230976010255,0
2026-02-01T01:15:00,961.6230976010255,961.6230976010255,0
2026-02-01T01:30:00,961.6230976010255,961.6230976010255,0
2026-02-01T01:45:00,961.6230976010255,961.6230976010255,0
2026-02-01T02:00:00,961.6230976010255,961.6230976010255,0
2026-02-01T02:15:00,961.6230976010255,961.6230976010255,0
2026-02-01T02:30:00,961.6230976010255,961.6230976010255,0
2026-02-01T02:45:00,961.6230976010255,961.6230976010255,0
2026-02-01T03:00:00,961.6230976010255,961.6230976010255,0
2026-02-01T03:15:00,961.6230976010255,961.6230976010255,0
2026-02-01T03:30:00,961.6230976010255,961.6230976010255,0
2026-02-01T03:45:00,961.6230976010255,961.6230976010255,0
2026-02-01T04:00:00,961.6230976010255,961.6230976010255,0
2026-02-01T04:15:00,961.6230976010255,961.6230976010255,0
2026-02-01T04:30:00,961.6230976010255,961.6230976010255,0
2026-02-01T04:45:00,961.6230976010255,961.6230976010255,0
2026-02-01T05:00:00,961.6230976010255,961.6230976010255,0
2026-02-01T05:15:00,961.6230976010255,961.6230976010255,0
2026-02-01T05:30:00,961.6230976010255,961.6230976010255,0
2026-02-01T05:45:00,961.6230976010255,961.6230976010255,0
2026-02-01T06:00:00,960.8913972859195,865.3069281453068,1
2026-02-01T06:15:00,960.895214746856,865.3069281453068,1
2026-02-01T06:30:00,961.7979463747143,865.3069281453068,1
2026-02-01T06:45:00,962.9041290937632,865.3069281453068,1
2026-02-01T07:00:00,963.7708884935665,865.3069281453068,1
2026-02-01T07:15:00,963.3335934491146,865.3069281453068,1
2026-02-01T07:30:00,961.5332201413131,865.3069281453068,1
2026-02-01T07:45:00,962.6936793241892,865.3069281453068,1
2026-02-01T08:00:00,962.1892850625081,865.3069281453068,1
2026-02-01T08:15:00,961.9226990404455,865.3069281453068,1
2026-02-01T08:30:00,959.8404577623032,959.8404577623032,0
2026-02-01T08:45:00,959.8404577623032,959.8404577623032,0
2026-02-01T09:00:00,959.8404577623032,959.8404577623032,0
2026-02-01T09:15:00,959.8404577623032,959.8404577623032,0
2026-02-01T09:30:00,959.8404577623032,959.8404577623032,0
2026-02-01T09:45:00,959.8404577623032,959.8404577623032,0
2026-02-01T10:00:00,959.8404577623032,959.8404577623032,0
2026-02-01T10:15:00,959.8404577623032,959.8404577623032,0
2026-02-01T10:30:00,959.8404577623032,959.8404577623032,0
2026-02-01T10:45:00,959.8404577623032,959.8404577623032,0
2026-02-01T11:00:00,959.8404577623032,959.8404577623032,0
2026-02-01T11:15:00,959.8404577623032,959.8404577623032,0
2026-02-01T11:30:00,959.8404577623032,959.8404577623032,0
2026-02-01T11:45:00,959.8404577623032,959.8404577623032,0
2026-02-01T12:00:00,959.8404577623032,959.8404577623032,0
2026-02-01T12:15:00,959.8404577623032,959.8404577623032,0
2026-02-01T12:30:00,959.8404577623032,959.8404577623032,0
2026-02-01T12:45:00,959.8404577623032,959.8404577623032,0
2026-02-01T13:00:00,959.8404577623032,959.8404577623032,0
2026-02-01T13:15:00,959.8404577623032,959.8404577623032,0
2026-02-01T13:30:00,959.8404577623032,959.8404577623032,0
2026-02-01T13:45:00,959.8404577623032,959.8404577623032,0
2026-02-01T14:00:00,959.8404577623032,959.8404577623032,0
2026-02-01T14:15:00,959.8404577623032,959.8404577623032,0
2026-02-01T14:30:00,959.8404577623032,959.8404577623032,0
2026-02-01T14:45:00,959.8404577623032,959.8404577623032,0
2026-02-01T15:00:00,959.8404577623032,959.8404577623032,0
2026-02-01T15:15:00,959.8404577623032,959.8404577623032,0
2026-02-01T15:30:00,959.8404577623032,959.8404577623032,0
2026-02-01T15:45:00,959.8404577623032,959.8404577623032,0
2026-02-01T16:00:00,959.8404577623032,959.8404577623032,0
2026-02-01T16:15:00,959.8404577623032,959.8404577623032,0
2026-02-01T16:30:00,959.8404577623032,959.8404577623032,0
2026-02-01T16:45:00,959.8404577623032,959.8404577623032,0
2026-02-01T17:00:00,959.8404577623032,959.8404577623032,0
2026-02-01T17:15:00,959.8404577623032,959.8404577623032,0
2026-02-01T17:30:00,959.8404577623032,959.8404577623032,0
2026-02-01T17:45:00,959.8404577623032,959.8404577623032,0
2026-02-01T18:00:00,959.8404577623032,959.8404577623032,0
2026-02-01T18:15:00,959.8404577623032,959.8404577623032,0
2026-02-01T18:30:00,959.8404577623032,959.8404577623032,0
2026-02-01T18:45:00,959.8404577623032,959.8404577623032,0
2026-02-01T19:00:00,959.8404577623032,959.8404577623032,0
2026-02-01T19:15:00,959.8404577623032,959.8404577623032,0
2026-02-01T19:30:00,959.8404577623032,959.8404577623032,0
2026-02-01T19:45:00,959.8404577623032,959.8404577623032,0
2026-02-01T20:00:00,959.8404577623032,959.8404577623032,0
2026-02-01T20:15:00,959.1101138602608,863.7028375128309,1
2026-02-01T20:30:00,955.4605652056572,863.7028375128309,1
2026-02-01T20:45:00,957.0328373756722,863.7028375128309,1
2026-02-01T21:00:00,958.8406645764525,863.7028375128309,1
2026-02-01T21:15:00,957.5902373920654,863.7028375128309,1
2026-02-01T21:30:00,958.3445349405605,863.7028375128309,1
2026-02-01T21:45:00,959.9259324863949,863.7028375128309,1
2026-02-01T22:00:00,954.7764324775167,954.7764324775167,0
2026-02-01T22:15:00,954.7764324775167,954.7764324775167,0
2026-02-01T22:30:00,954.7764324775167,954.7764324775167,0
2026-02-01T22:45:00,954.7764324775167,954.7764324775167,0
2026-02-01T23:00:00,954.04994179916,859.1460250005686,1
2026-02-01T23:15:00,954.2530703548647,859.1460250005686,1
2026-02-01T23:30:00,947.793582283454,859.1460250005686,1
2026-02-01T23:45:00,952.2573322950657,859.1460250005686,1
2026-02-02T00:00:00,948.7516719711947,859.1460250005686,1
2026-02-02T00:15:00,944.5370861722741,944.5370861722741,0
2026-02-02T00:30:00,944.5370861722741,944.5370861722741,0
2026-02-02T00:45:00,944.5370861722741,944.5370861722741,0
2026-02-02T01:00:00,944.5370861722741,944.5370861722741,0
2026-02-02T01:15:00,944.5370861722741,944.5370861722741,0
2026-02-02T01:30:00,944.5370861722741,944.5370861722741,0
2026-02-02T01:45:00,944.5370861722741,944.5370861722741,0
2026-02-02T02:00:00,944.5370861722741,944.5370861722741,0
2026-02-02T02:15:00,944.5370861722741,944.5370861722741,0
2026-02-02T02:30:00,944.5370861722741,944.5370861722741,0
2026-02-02T02:45:00,944.5370861722741,944.5370861722741,0
2026-02-02T03:00:00,944.5370861722741,944.5370861722741,0
2026-02-02T03:15:00,944.5370861722741,944.5370861722741,0
2026-02-02T03:30:00,944.5370861722741,944.5370861722741,0
2026-02-02T03:45:00,944.5370861722741,944.5370861722741,0
2026-02-02T04:00:00,944.5370861722741,944.5370861722741,0
2026-02-02T04:15:00,944.5370861722741,944.5370861722741,0
2026-02-02T04:30:00,944.5370861722741,944.5370861722741,0
2026-02-02T04:45:00,944.5370861722741,944.5370861722741,0
2026-02-02T05:00:00,944.5370861722741,944.5370861722741,0
2026-02-02T05:15:00,944.5370861722741,944.5370861722741,0
2026-02-02T05:30:00,944.5370861722741,944.5370861722741,0
2026-02-02T05:45:00,944.5370861722741,944.5370861722741,0
2026-02-02T06:00:00,944.5370861722741,944.5370861722741,0
2026-02-02T06:15:00,944.5370861722741,944.5370861722741,0
2026-02-02T06:30:00,944.5370861722741,944.5370861722741,0
2026-02-02T06:45:00,944.5370861722741,944.5370861722741,0
2026-02-02T07:00:00,944.5370861722741,944.5370861722741,0
2026-02-02T07:15:00,944.5370861722741,944.5370861722741,0
2026-02-02T07:30:00,944.5370861722741,944.5370861722741,0
2026-02-02T07:45:00,944.5370861722741,944.5370861722741,0
2026-02-02T08:00:00,944.5370861722741,944.5370861722741,0
2026-02-02T08:15:00,944.5370861722741,944.5370861722741,0
2026-02-02T08:30:00,944.5370861722741,944.5370861722741,0
2026-02-02T08:45:00,944.5370861722741,944.5370861722741,0
2026-02-02T09:00:00,944.5370861722741,944.5370861722741,0
2026-02-02T09:15:00,944.5370861722741,944.5370861722741,0
2026-02-02T09:30:00,944.5370861722741,944.5370861722741,0
2026-02-02T09:45:00,944.5370861722741,944.5370861722741,0
2026-02-02T10:00:00,944.5370861722741,944.5370861722741,0
2026-02-02T10:15:00,944.5370861722741,944.5370861722741,0
2026-02-02T10:30:00,944.5370861722741,944.5370861722741,0
2026-02-02T10:45:00,944.5370861722741,944.5370861722741,0
2026-02-02T11:00:00,944.5370861722741,944.5370861722741,0
2026-02-02T11:15:00,944.5370861722741,944.5370861722741,0
2026-02-02T11:30:00,944.5370861722741,944.5370861722741,0
2026-02-02T11:45:00,944.5370861722741,944.5370861722741,0
2026-02-02T12:00:00,944.5370861722741,944.5370861722741,0
2026-02-02T12:15:00,944.5370861722741,944.5370861722741,0
2026-02-02T12:30:00,944.5370861722741,944.5370861722741,0
2026-02-02T12:45:00,944.5370861722741,944.5370861722741,0
2026-02-02T13:00:00,944.5370861722741,944.5370861722741,0
2026-02-02T13:15:00,944.5370861722741,944.5370861722741,0
2026-02-02T13:30:00,944.5370861722741,944.5370861722741,0
2026-02-02T13:45:00,944.5370861722741,944.5370861722741,0
2026-02-02T14:00:00,944.5370861722741,944.5370861722741,0
2026-02-02T14:15:00,944.5370861722741,944.5370861722741,0
2026-02-02T14:30:00,944.5370861722741,944.5370861722741,0
2026-02-02T14:45:00,944.5370861722741,944.5370861722741,0
2026-02-02T15:00:00,944.5370861722741,944.5370861722741,0
2026-02-02T15:15:00,944.5370861722741,944.5370861722741,0
2026-02-02T15:30:00,944.5370861722741,944.5370861722741,0
2026-02-02T15:45:00,944.5370861722741,944.5370861722741,0
2026-02-02T16:00:00,944.5370861722741,944.5370861722741,0
2026-02-02T16:15:00,944.5370861722741,944.5370861722741,0
2026-02-02T16:30:00,944.5370861722741,944.5370861722741,0
2026-02-02T16:45:00,944.5370861722741,944.5370861722741,0
2026-02-02T17:00:00,944.5370861722741,944.5370861722741,0
2026-02-02T17:15:00,944.5370861722741,944.5370861722741,0
2026-02-02T17:30:00,944.5370861722741,944.5370861722741,0
2026-02-02T17:45:00,944.5370861722741,944.5370861722741,0
2026-02-02T18:00:00,944.5370861722741,944.5370861722741,0
2026-02-02T18:15:00,944.5370861722741,944.5370861722741,0
2026-02-02T18:30:00,944.5370861722741,944.5370861722741,0
2026-02-02T18:45:00,944.5370861722741,944.5370861722741,0
2026-02-02T19:00:00,944.5370861722741,944.5370861722741,0
2026-02-02T19:15:00,944.5370861722741,944.5370861722741,0
2026-02-02T19:30:00,944.5370861722741,944.5370861722741,0
2026-02-02T19:45:00,944.5370861722741,944.5370861722741,0
2026-02-02T20:00:00,944.5370861722741,944.5370861722741,0
2026-02-02T20:15:00,944.5370861722741,944.5370861722741,0
2026-02-02T20:30:00,944.5370861722741,944.5370861722741,0
2026-02-02T20:45:00,944.5370861722741,944.5370861722741,0
2026-02-02T21:00:00,944.5370861722741,944.5370861722741,0
2026-02-02T21:15:00,944.5370861722741,944.5370861722741,0
2026-02-02T21:30:00,944.5370861722741,944.5370861722741,0
2026-02-02T21:45:00,944.5370861722741,944.5370861722741,0
2026-02-02T22:00:00,944.5370861722741,944.5370861722741,0
2026-02-02T22:15:00,944.5370861722741,944.5370861722741,0
2026-02-02T22:30:00,944.5370861722741,944.5370861722741,0
2026-02-02T22:45:00,944.5370861722741,944.5370861722741,0
2026-02-02T23:00:00,944.5370861722741,944.5370861722741,0
2026-02-02T23:15:00,944.5370861722741,944.5370861722741,0
2026-02-02T23:30:00,944.5370861722741,944.5370861722741,0
2026-02-02T23:45:00,944.5370861722741,944.5370861722741,0
2026-02-03T00:00:00,944.5370861722741,944.5370861722741,0
2026-02-03T00:15:00,944.5370861722741,944.5370861722741,0
2026-02-03T00:30:00,944.5370861722741,944.5370861722741,0
2026-02-03T00:45:00,944.5370861722741,944.5370861722741,0
2026-02-03T01:00:00,944.5370861722741,944.5370861722741,0
2026-02-03T01:15:00,944.5370861722741,944.5370861722741,0
2026-02-03T01:30:00,944.5370861722741,944.5370861722741,0
2026-02-03T01:45:00,944.5370861722741,944.5370861722741,0
2026-02-03T02:00:00,944.5370861722741,944.5370861722741,0
2026-02-03T02:15:00,944.5370861722741,944.5370861722741,0
2026-02-03T02:30:00,944.5370861722741,944.5370861722741,0
2026-02-03T02:45:00,944.5370861722741,944.5370861722741,0
2026-02-03T03:00:00,944.5370861722741,944.5370861722741,0
2026-02-03T03:15:00,944.5370861722741,944.5370861722741,0
2026-02-03T03:30:00,944.5370861722741,944.5370861722741,0
2026-02-03T03:45:00,944.5370861722741,944.5370861722741,0
2026-02-03T04:00:00,944.5370861722741,944.5370861722741,0
2026-02-03T04:15:00,944.5370861722741,944.5370861722741,0
2026-02-03T04:30:00,944.5370861722741,944.5370861722741,0
2026-02-03T04:45:00,944.5370861722741,944.5370861722741,0
2026-02-03T05:00:00,944.5370861722741,944.5370861722741,0
2026-02-03T05:15:00,944.5370861722741,944.5370861722741,0
2026-02-03T05:30:00,944.5370861722741,944.5370861722741,0
2026-02-03T05:45:00,944.5370861722741,944.5370861722741,0
2026-02-03T06:00:00,944.5370861722741,944.5370861722741,0
2026-02-03T06:15:00,944.5370861722741,944.5370861722741,0
2026-02-03T06:30:00,944.5370861722741,944.5370861722741,0
2026-02-03T06:45:00,944.5370861722741,944.5370861722741,0
2026-02-03T07:00:00,944.5370861722741,944.5370861722741,0
2026-02-03T07:15:00,944.5370861722741,944.5370861722741,0
2026-02-03T07:30:00,943.8200867969455,849.9322516212592,1
2026-02-03T07:45:00,943.6032308217765,849.9322516212592,1
2026-02-03T08:00:00,941.8376214166066,941.8376214166066,0
2026-02-03T08:15:00,941.8376214166066,941.8376214166066,0
2026-02-03T08:30:00,941.8376214166066,941.8376214166066,0
2026-02-03T08:45:00,941.8376214166066,941.8376214166066,0
2026-02-03T09:00:00,941.1209758970798,847.5031652555192,1
2026-02-03T09:15:00,942.6463558660754,847.5031652555192,1
2026-02-03T09:30:00,939.3179536368694,847.5031652555192,1
2026-02-03T09:45:00,939.6286485818002,847.5031652555192,1
2026-02-03T10:00:00,939.1427745721744,847.5031652555192,1
2026-02-03T10:15:00,939.539406416767,847.5031652555192,1
2026-02-03T10:30:00,941.6035446413341,847.5031652555192,1
2026-02-03T10:45:00,941.3259023501193,847.5031652555192,1
2026-02-03T11:00:00,941.4911656186996,847.5031652555192,1
2026-02-03T11:15:00,942.8099665019698,847.5031652555192,1
2026-02-03T11:30:00,941.9935659551835,847.5031652555192,1
2026-02-03T11:45:00,942.1703976525644,847.5031652555192,1
2026-02-03T12:00:00,939.6236906837428,847.5031652555192,1
2026-02-03T12:15:00,938.8866610968796,938.8866610968796,0
2026-02-03T12:30:00,938.8866610968796,938.8866610968796,0
2026-02-03T12:45:00,938.8866610968796,938.8866610968796,0
2026-02-03T13:00:00,938.8866610968796,938.8866610968796,0
2026-02-03T13:15:00,938.8866610968796,938.8866610968796,0
2026-02-03T13:30:00,938.8866610968796,938.8866610968796,0
2026-02-03T13:45:00,938.8866610968796,938.8866610968796,0
2026-02-03T14:00:00,938.8866610968796,938.8866610968796,0
2026-02-03T14:15:00,938.8866610968796,938.8866610968796,0
2026-02-03T14:30:00,938.8866610968796,938.8866610968796,0
2026-02-03T14:45:00,938.8866610968796,938.8866610968796,0
2026-02-03T15:00:00,938.8866610968796,938.8866610968796,0
2026-02-03T15:15:00,938.8866610968796,938.8866610968796,0
2026-02-03T15:30:00,938.8866610968796,938.8866610968796,0
2026-02-03T15:45:00,938.8866610968796,938.8866610968796,0
2026-02-03T16:00:00,938.8866610968796,938.8866610968796,0
2026-02-03T16:15:00,938.8866610968796,938.8866610968796,0
2026-02-03T16:30:00,938.8866610968796,938.8866610968796,0
2026-02-03T16:45:00,938.8866610968796,938.8866610968796,0
2026-02-03T17:00:00,938.1722609670499,844.8477731214161,1
2026-02-03T17:15:00,937.1724782282286,844.8477731214161,1
2026-02-03T17:30:00,940.9106580382854,844.8477731214161,1
2026-02-03T17:45:00,942.0641197360162,844.8477731214161,1
2026-02-03T18:00:00,943.2335803424986,844.8477731214161,1
2026-02-03T18:15:00,946.1763858317597,844.8477731214161,1
2026-02-03T18:30:00,947.971741635585,844.8477731214161,1
2026-02-03T18:45:00,950.8916418548631,844.8477731214161,1
2026-02-03T19:00:00,943.7210998849554,844.8477731214161,1
2026-02-03T19:15:00,941.973691121333,844.8477731214161,1
2026-02-03T19:30:00,942.0788268074152,844.8477731214161,1
2026-02-03T19:45:00,941.6695219919673,941.6695219919673,0
2026-02-03T20:00:00,941.6695219919673,941.6695219919673,0
2026-02-03T20:15:00,941.6695219919673,941.6695219919673,0
2026-02-03T20:30:00,941.6695219919673,941.6695219919673,0
2026-02-03T20:45:00,941.6695219919673,941.6695219919673,0
2026-02-03T21:00:00,941.6695219919673,941.6695219919673,0
2026-02-03T21:15:00,941.6695219919673,941.6695219919673,0
2026-02-03T21:30:00,941.6695219919673,941.6695219919673,0
2026-02-03T21:45:00,941.6695219919673,941.6695219919673,0
2026-02-03T22:00:00,941.6695219919673,941.6695219919673,0
2026-02-03T22:15:00,941.6695219919673,941.6695219919673,0
2026-02-03T22:30:00,941.6695219919673,941.6695219919673,0
2026-02-03T22:45:00,941.6695219919673,941.6695219919673,0
2026-02-03T23:00:00,941.6695219919673,941.6695219919673,0
2026-02-03T23:15:00,941.6695219919673,941.6695219919673,0
2026-02-03T23:30:00,941.6695219919673,941.6695219919673,0
2026-02-03T23:45:00,941.6695219919673,941.6695219919673,0
2026-02-04T00:00:00,941.6695219919673,941.6695219919673,0
2026-02-04T00:15:00,941.6695219919673,941.6695219919673,0
2026-02-04T00:30:00,941.6695219919673,941.6695219919673,0
2026-02-04T00:45:00,941.6695219919673,941.6695219919673,0
2026-02-04T01:00:00,941.6695219919673,941.6695219919673,0
2026-02-04T01:15:00,941.6695219919673,941.6695219919673,0
2026-02-04T01:30:00,941.6695219919673,941.6695219919673,0
2026-02-04T01:45:00,941.6695219919673,941.6695219919673,0
2026-02-04T02:00:00,941.6695219919673,941.6695219919673,0
2026-02-04T02:15:00,941.6695219919673,941.6695219919673,0
2026-02-04T02:30:00,941.6695219919673,941.6695219919673,0
2026-02-04T02:45:00,941.6695219919673,941.6695219919673,0
2026-02-04T03:00:00,941.6695219919673,941.6695219919673,0
2026-02-04T03:15:00,941.6695219919673,941.6695219919673,0
2026-02-04T03:30:00,941.6695219919673,941.6695219919673,0
2026-02-04T03:45:00,941.6695219919673,941.6695219919673,0
2026-02-04T04:00:00,941.6695219919673,941.6695219919673,0
2026-02-04T04:15:00,941.6695219919673,941.6695219919673,0
2026-02-04T04:30:00,941.6695219919673,941.6695219919673,0
2026-02-04T04:45:00,941.6695219919673,941.6695219919673,0
2026-02-04T05:00:00,941.6695219919673,941.6695219919673,0
2026-02-04T05:15:00,941.6695219919673,941.6695219919673,0
2026-02-04T05:30:00,941.6695219919673,941.6695219919673,0
2026-02-04T05:45:00,941.6695219919673,941.6695219919673,0
2026-02-04T06:00:00,941.6695219919673,941.6695219919673,0
2026-02-04T06:15:00,941.6695219919673,941.6695219919673,0
2026-02-04T06:30:00,941.6695219919673,941.6695219919673,0
2026-02-04T06:45:00,941.6695219919673,941.6695219919673,0
2026-02-04T07:00:00,941.6695219919673,941.6695219919673,0
2026-02-04T07:15:00,941.6695219919673,941.6695219919673,0
2026-02-04T07:30:00,941.6695219919673,941.6695219919673,0
2026-02-04T07:45:00,941.6695219919673,941.6695219919673,0
2026-02-04T08:00:00,941.6695219919673,941.6695219919673,0
2026-02-04T08:15:00,941.6695219919673,941.6695219919673,0
2026-02-04T08:30:00,941.6695219919673,941.6695219919673,0
2026-02-04T08:45:00,941.6695219919673,941.6695219919673,0
2026-02-04T09:00:00,941.6695219919673,941.6695219919673,0
2026-02-04T09:15:00,940.9530043795199,847.3519026692518,1
2026-02-04T09:30:00,941.2544629617875,847.3519026692518,1
2026-02-04T09:45:00,941.1454900927456,847.3519026692518,1
2026-02-04T10:00:00,940.9919869467635,847.3519026692518,1
2026-02-04T10:15:00,941.1630248180369,847.3519026692518,1
2026-02-04T10:30:00,940.4285972138173,847.3519026692518,1
2026-02-04T10:45:00,940.2385386235838,847.3519026692518,1
2026-02-04T11:00:00,942.6396071935537,847.3519026692518,1
2026-02-04T11:15:00,942.4918003566352,847.3519026692518,1
2026-02-04T11:30:00,941.5566645408894,847.3519026692518,1
2026-02-04T11:45:00,941.6494896120641,847.3519026692518,1
2026-02-04T12:00:00,941.1857109880466,847.3519026692518,1
2026-02-04T12:15:00,941.3794350293296,847.3519026692518,1
2026-02-04T12:30:00,940.856216658562,847.3519026692518,1
2026-02-04T12:45:00,940.5375215934789,940.5375215934789,0
2026-02-04T13:00:00,940.5375215934789,940.5375215934789,0
2026-02-04T13:15:00,940.5375215934789,940.5375215934789,0
2026-02-04T13:30:00,940.5375215934789,940.5375215934789,0
2026-02-04T13:45:00,940.5375215934789,940.5375215934789,0
2026-02-04T14:00:00,940.5375215934789,940.5375215934789,0
2026-02-04T14:15:00,940.5375215934789,940.5375215934789,0
2026-02-04T14:30:00,940.5375215934789,940.5375215934789,0
2026-02-04T14:45:00,940.5375215934789,940.5375215934789,0
2026-02-04T15:00:00,940.5375215934789,940.5375215934789,0
2026-02-04T15:15:00,940.5375215934789,940.5375215934789,0
2026-02-04T15:30:00,940.5375215934789,940.5375215934789,0
2026-02-04T15:45:00,940.5375215934789,940.5375215934789,0
2026-02-04T16:00:00,940.5375215934789,940.5375215934789,0
2026-02-04T16:15:00,940.5375215934789,940.5375215934789,0
2026-02-04T16:30:00,940.5375215934789,940.5375215934789,0
2026-02-04T16:45:00,940.5375215934789,940.5375215934789,0
2026-02-04T17:00:00,940.5375215934789,940.5375215934789,0
2026-02-04T17:15:00,940.5375215934789,940.5375215934789,0
2026-02-04T17:30:00,940.5375215934789,940.5375215934789,0
2026-02-04T17:45:00,940.5375215934789,940.5375215934789,0
2026-02-04T18:00:00,940.5375215934789,940.5375215934789,0
2026-02-04T18:15:00,940.5375215934789,940.5375215934789,0
2026-02-04T18:30:00,940.5375215934789,940.5375215934789,0
2026-02-04T18:45:00,940.5375215934789,940.5375215934789,0
2026-02-04T19:00:00,940.5375215934789,940.5375215934789,0
2026-02-04T19:15:00,940.5375215934789,940.5375215934789,0
2026-02-04T19:30:00,940.5375215934789,940.5375215934789,0
2026-02-04T19:45:00,940.5375215934789,940.5375215934789,0
2026-02-04T20:00:00,940.5375215934789,940.5375215934789,0
2026-02-04T20:15:00,940.5375215934789,940.5375215934789,0
2026-02-04T20:30:00,940.5375215934789,940.5375215934789,0
2026-02-04T20:45:00,940.5375215934789,940.5375215934789,0
2026-02-04T21:00:00,940.5375215934789,940.5375215934789,0
2026-02-04T21:15:00,940.5375215934789,940.5375215934789,0
2026-02-04T21:30:00,940.5375215934789,940.5375215934789,0
2026-02-04T21:45:00,940.5375215934789,940.5375215934789,0
2026-02-04T22:00:00,940.5375215934789,940.5375215934789,0
2026-02-04T22:15:00,940.5375215934789,940.5375215934789,0
2026-02-04T22:30:00,940.5375215934789,940.5375215934789,0
2026-02-04T22:45:00,940.5375215934789,940.5375215934789,0
2026-02-04T23:00:00,940.5375215934789,940.5375215934789,0
2026-02-04T23:15:00,940.5375215934789,940.5375215934789,0
2026-02-04T23:30:00,940.5375215934789,940.5375215934789,0
2026-02-04T23:45:00,940.5375215934789,940.5375215934789,0
2026-02-05T00:00:00,940.5375215934789,940.5375215934789,0
2026-02-05T00:15:00,940.5375215934789,940.5375215934789,0
2026-02-05T00:30:00,940.5375215934789,940.5375215934789,0
2026-02-05T00:45:00,940.5375215934789,940.5375215934789,0
2026-02-05T01:00:00,940.5375215934789,940.5375215934789,0
2026-02-05T01:15:00,940.5375215934789,940.5375215934789,0
2026-02-05T01:30:00,940.5375215934789,940.5375215934789,0
2026-02-05T01:45:00,940.5375215934789,940.5375215934789,0
2026-02-05T02:00:00,940.5375215934789,940.5375215934789,0
2026-02-05T02:15:00,940.5375215934789,940.5375215934789,0
2026-02-05T02:30:00,940.5375215934789,940.5375215934789,0
2026-02-05T02:45:00,940.5375215934789,940.5375215934789,0
2026-02-05T03:00:00,940.5375215934789,940.5375215934789,0
2026-02-05T03:15:00,940.5375215934789,940.5375215934789,0
2026-02-05T03:30:00,940.5375215934789,940.5375215934789,0
2026-02-05T03:45:00,940.5375215934789,940.5375215934789,0
2026-02-05T04:00:00,940.5375215934789,940.5375215934789,0
2026-02-05T04:15:00,940.5375215934789,940.5375215934789,0
2026-02-05T04:30:00,940.5375215934789,940.5375215934789,0
2026-02-05T04:45:00,940.5375215934789,940.5375215934789,0
2026-02-05T05:00:00,940.5375215934789,940.5375215934789,0
2026-02-05T05:15:00,940.5375215934789,940.5375215934789,0
2026-02-05T05:30:00,940.5375215934789,940.5375215934789,0
2026-02-05T05:45:00,940.5375215934789,940.5375215934789,0
2026-02-05T06:00:00,940.5375215934789,940.5375215934789,0
2026-02-05T06:15:00,940.5375215934789,940.5375215934789,0
2026-02-05T06:30:00,940.5375215934789,940.5375215934789,0
2026-02-05T06:45:00,940.5375215934789,940.5375215934789,0
2026-02-05T07:00:00,940.5375215934789,940.5375215934789,0
2026-02-05T07:15:00,940.5375215934789,940.5375215934789,0
2026-02-05T07:30:00,940.5375215934789,940.5375215934789,0
2026-02-05T07:45:00,940.5375215934789,940.5375215934789,0
2026-02-05T08:00:00,940.5375215934789,940.5375215934789,0
2026-02-05T08:15:00,940.5375215934789,940.5375215934789,0
2026-02-05T08:30:00,940.5375215934789,940.5375215934789,0
2026-02-05T08:45:00,940.5375215934789,940.5375215934789,0
2026-02-05T09:00:00,940.5375215934789,940.5375215934789,0
2026-02-05T09:15:00,940.5375215934789,940.5375215934789,0
2026-02-05T09:30:00,940.5375215934789,940.5375215934789,0
2026-02-05T09:45:00,940.5375215934789,940.5375215934789,0
2026-02-05T10:00:00,940.5375215934789,940.5375215934789,0
2026-02-05T10:15:00,940.5375215934789,940.5375215934789,0
2026-02-05T10:30:00,940.5375215934789,940.5375215934789,0
2026-02-05T10:45:00,940.5375215934789,940.5375215934789,0
2026-02-05T11:00:00,940.5375215934789,940.5375215934789,0
2026-02-05T11:15:00,940.5375215934789,940.5375215934789,0
2026-02-05T11:30:00,940.5375215934789,940.5375215934789,0
2026-02-05T11:45:00,940.5375215934789,940.5375215934789,0
2026-02-05T12:00:00,940.5375215934789,940.5375215934789,0
2026-02-05T12:15:00,940.5375215934789,940.5375215934789,0
2026-02-05T12:30:00,940.5375215934789,940.5375215934789,0
2026-02-05T12:45:00,940.5375215934789,940.5375215934789,0
2026-02-05T13:00:00,940.5375215934789,940.5375215934789,0
2026-02-05T13:15:00,940.5375215934789,940.5375215934789,0
2026-02-05T13:30:00,940.5375215934789,940.5375215934789,0
2026-02-05T13:45:00,940.5375215934789,940.5375215934789,0
2026-02-05T14:00:00,940.5375215934789,940.5375215934789,0
2026-02-05T14:15:00,940.5375215934789,940.5375215934789,0
2026-02-05T14:30:00,940.5375215934789,940.5375215934789,0
2026-02-05T14:45:00,940.5375215934789,940.5375215934789,0
2026-02-05T15:00:00,940.5375215934789,940.5375215934789,0
2026-02-05T15:15:00,940.5375215934789,940.5375215934789,0
2026-02-05T15:30:00,940.5375215934789,940.5375215934789,0
2026-02-05T15:45:00,940.5375215934789,940.5375215934789,0
2026-02-05T16:00:00,940.5375215934789,940.5375215934789,0
2026-02-05T16:15:00,940.5375215934789,940.5375215934789,0
2026-02-05T16:30:00,940.5375215934789,940.5375215934789,0
2026-02-05T16:45:00,940.5375215934789,940.5375215934789,0
2026-02-05T17:00:00,940.5375215934789,940.5375215934789,0
2026-02-05T17:15:00,940.5375215934789,940.5375215934789,0
2026-02-05T17:30:00,940.5375215934789,940.5375215934789,0
2026-02-05T17:45:00,940.5375215934789,940.5375215934789,0
2026-02-05T18:00:00,940.5375215934789,940.5375215934789,0
2026-02-05T18:15:00,940.5375215934789,940.5375215934789,0
2026-02-05T18:30:00,940.5375215934789,940.5375215934789,0
2026-02-05T18:45:00,940.5375215934789,940.5375215934789,0
2026-02-05T19:00:00,940.5375215934789,940.5375215934789,0
2026-02-05T19:15:00,940.5375215934789,940.5375215934789,0
2026-02-05T19:30:00,940.5375215934789,940.5375215934789,0
2026-02-05T19:45:00,940.5375215934789,940.5375215934789,0
2026-02-05T20:00:00,940.5375215934789,940.5375215934789,0
2026-02-05T20:15:00,940.5375215934789,940.5375215934789,0
2026-02-05T20:30:00,940.5375215934789,940.5375215934789,0
2026-02-05T20:45:00,939.8218653216653,846.333283430676,1
2026-02-05T21:00:00,938.4978072258203,846.333283430676,1
2026-02-05T21:15:00,937.6816070297515,846.333283430676,1
2026-02-05T21:30:00,942.0064604143532,846.333283430676,1
2026-02-05T21:45:00,943.6731210616344,846.333283430676,1
2026-02-05T22:00:00,942.9032729754658,846.333283430676,1
2026-02-05T22:15:00,938.4776541345594,846.333283430676,1
2026-02-05T22:30:00,938.3936588220399,938.3936588220399,0
2026-02-05T22:45:00,938.3936588220399,938.3936588220399,0
2026-02-05T23:00:00,938.3936588220399,938.3936588220399,0
2026-02-05T23:15:00,938.3936588220399,938.3936588220399,0
2026-02-05T23:30:00,938.3936588220399,938.3936588220399,0
2026-02-05T23:45:00,938.3936588220399,938.3936588220399,0
2026-02-06T00:00:00,938.3936588220399,938.3936588220399,0
2026-02-06T00:15:00,938.3936588220399,938.3936588220399,0
2026-02-06T00:30:00,938.3936588220399,938.3936588220399,0
2026-02-06T00:45:00,938.3936588220399,938.3936588220399,0
2026-02-06T01:00:00,938.3936588220399,938.3936588220399,0
2026-02-06T01:15:00,938.3936588220399,938.3936588220399,0
2026-02-06T01:30:00,938.3936588220399,938.3936588220399,0
2026-02-06T01:45:00,938.3936588220399,938.3936588220399,0
2026-02-06T02:00:00,938.3936588220399,938.3936588220399,0
2026-02-06T02:15:00,938.3936588220399,938.3936588220399,0
2026-02-06T02:30:00,938.3936588220399,938.3936588220399,0
2026-02-06T02:45:00,938.3936588220399,938.3936588220399,0
2026-02-06T03:00:00,938.3936588220399,938.3936588220399,0
2026-02-06T03:15:00,938.3936588220399,938.3936588220399,0
2026-02-06T03:30:00,938.3936588220399,938.3936588220399,0
2026-02-06T03:45:00,938.3936588220399,938.3936588220399,0
2026-02-06T04:00:00,938.3936588220399,938.3936588220399,0
2026-02-06T04:15:00,938.3936588220399,938.3936588220399,0
2026-02-06T04:30:00,938.3936588220399,938.3936588220399,0
2026-02-06T04:45:00,938.3936588220399,938.3936588220399,0
2026-02-06T05:00:00,938.3936588220399,938.3936588220399,0
2026-02-06T05:15:00,938.3936588220399,938.3936588220399,0
2026-02-06T05:30:00,938.3936588220399,938.3936588220399,0
2026-02-06T05:45:00,938.3936588220399,938.3936588220399,0
2026-02-06T06:00:00,938.3936588220399,938.3936588220399,0
2026-02-06T06:15:00,938.3936588220399,938.3936588220399,0
2026-02-06T06:30:00,938.3936588220399,938.3936588220399,0
2026-02-06T06:45:00,938.3936588220399,938.3936588220399,0
2026-02-06T07:00:00,938.3936588220399,938.3936588220399,0
2026-02-06T07:15:00,938.3936588220399,938.3936588220399,0
2026-02-06T07:30:00,938.3936588220399,938.3936588220399,0
2026-02-06T07:45:00,938.3936588220399,938.3936588220399,0
2026-02-06T08:00:00,938.3936588220399,938.3936588220399,0
2026-02-06T08:15:00,937.6796338183077,844.4041499544244,1
2026-02-06T08:30:00,938.9606644493185,844.4041499544244,1
2026-02-06T08:45:00,937.8199658123151,844.4041499544244,1
2026-02-06T09:00:00,935.4403361425033,844.4041499544244,1
2026-02-06T09:15:00,931.5369706749188,931.5369706749188,0
2026-02-06T09:30:00,931.5369706749188,931.5369706749188,0
2026-02-06T09:45:00,931.5369706749188,931.5369706749188,0
2026-02-06T10:00:00,931.5369706749188,931.5369706749188,0
2026-02-06T10:15:00,931.5369706749188,931.5369706749188,0
2026-02-06T10:30:00,931.5369706749188,931.5369706749188,0
2026-02-06T10:45:00,931.5369706749188,931.5369706749188,0
2026-02-06T11:00:00,931.5369706749188,931.5369706749188,0
2026-02-06T11:15:00,931.5369706749188,931.5369706749188,0
2026-02-06T11:30:00,931.5369706749188,931.5369706749188,0
2026-02-06T11:45:00,931.5369706749188,931.5369706749188,0
2026-02-06T12:00:00,931.5369706749188,931.5369706749188,0
2026-02-06T12:15:00,931.5369706749188,931.5369706749188,0
2026-02-06T12:30:00,931.5369706749188,931.5369706749188,0
2026-02-06T12:45:00,931.5369706749188,931.5369706749188,0
2026-02-06T13:00:00,931.5369706749188,931.5369706749188,0
2026-02-06T13:15:00,931.5369706749188,931.5369706749188,0
2026-02-06T13:30:00,931.5369706749188,931.5369706749188,0
2026-02-06T13:45:00,931.5369706749188,931.5369706749188,0
2026-02-06T14:00:00,931.5369706749188,931.5369706749188,0
2026-02-06T14:15:00,931.5369706749188,931.5369706749188,0
2026-02-06T14:30:00,931.5369706749188,931.5369706749188,0
2026-02-06T14:45:00,931.5369706749188,931.5369706749188,0
2026-02-06T15:00:00,931.5369706749188,931.5369706749188,0
2026-02-06T15:15:00,931.5369706749188,931.5369706749188,0
2026-02-06T15:30:00,931.5369706749188,931.5369706749188,0
2026-02-06T15:45:00,931.5369706749188,931.5369706749188,0
2026-02-06T16:00:00,931.5369706749188,931.5369706749188,0
2026-02-06T16:15:00,931.5369706749188,931.5369706749188,0
2026-02-06T16:30:00,931.5369706749188,931.5369706749188,0
2026-02-06T16:45:00,931.5369706749188,931.5369706749188,0
2026-02-06T17:00:00,931.5369706749188,931.5369706749188,0
2026-02-06T17:15:00,930.8298397047882,838.234227692119,1
2026-02-06T17:30:00,932.4780408886021,838.234227692119,1
2026-02-06T17:45:00,930.2942192546503,838.234227692119,1
2026-02-06T18:00:00,927.0912808581875,838.234227692119,1
2026-02-06T18:15:00,925.1537008405743,838.234227692119,1
2026-02-06T18:30:00,928.0960185482115,838.234227692119,1
2026-02-06T18:45:00,925.9720350660156,925.9720350660156,0
2026-02-06T19:00:00,925.9720350660156,925.9720350660156,0
2026-02-06T19:15:00,925.9720350660156,925.9720350660156,0
2026-02-06T19:30:00,925.9720350660156,925.9720350660156,0
2026-02-06T19:45:00,925.9720350660156,925.9720350660156,0
2026-02-06T20:00:00,925.9720350660156,925.9720350660156,0
2026-02-06T20:15:00,925.9720350660156,925.9720350660156,0
2026-02-06T20:30:00,925.9720350660156,925.9720350660156,0
2026-02-06T20:45:00,925.9720350660156,925.9720350660156,0
2026-02-06T21:00:00,925.9720350660156,925.9720350660156,0
2026-02-06T21:15:00,925.9720350660156,925.9720350660156,0
2026-02-06T21:30:00,925.9720350660156,925.9720350660156,0
2026-02-06T21:45:00,925.9720350660156,925.9720350660156,0
2026-02-06T22:00:00,925.9720350660156,925.9720350660156,0
2026-02-06T22:15:00,925.9720350660156,925.9720350660156,0
2026-02-06T22:30:00,925.9720350660156,925.9720350660156,0
2026-02-06T22:45:00,925.9720350660156,925.9720350660156,0
2026-02-06T23:00:00,925.269128446007,833.2266760338034,1
2026-02-06T23:15:00,922.4339198816855,833.2266760338034,1
2026-02-06T23:30:00,922.7918374678093,833.2266760338034,1
2026-02-06T23:45:00,922.454043970866,833.2266760338034,1
2026-02-07T00:00:00,920.8493168594642,833.2266760338034,1
2026-02-07T00:15:00,920.0142971590466,833.2266760338034,1
2026-02-07T00:30:00,917.7653115859374,917.7653115859374,0
2026-02-07T00:45:00,917.7653115859374,917.7653115859374,0
2026-02-07T01:00:00,917.7653115859374,917.7653115859374,0
2026-02-07T01:15:00,917.7653115859374,917.7653115859374,0
2026-02-07T01:30:00,917.7653115859374,917.7653115859374,0
2026-02-07T01:45:00,917.7653115859374,917.7653115859374,0
2026-02-07T02:00:00,917.7653115859374,917.7653115859374,0
2026-02-07T02:15:00,917.7653115859374,917.7653115859374,0
2026-02-07T02:30:00,917.7653115859374,917.7653115859374,0
2026-02-07T02:45:00,917.7653115859374,917.7653115859374,0
2026-02-07T03:00:00,917.7653115859374,917.7653115859374,0
2026-02-07T03:15:00,917.7653115859374,917.7653115859374,0
2026-02-07T03:30:00,917.7653115859374,917.7653115859374,0
2026-02-07T03:45:00,917.7653115859374,917.7653115859374,0
2026-02-07T04:00:00,917.7653115859374,917.7653115859374,0
2026-02-07T04:15:00,917.7653115859374,917.7653115859374,0
2026-02-07T04:30:00,917.7653115859374,917.7653115859374,0
2026-02-07T04:45:00,917.7653115859374,917.7653115859374,0
2026-02-07T05:00:00,917.7653115859374,917.7653115859374,0
2026-02-07T05:15:00,917.7653115859374,917.7653115859374,0
2026-02-07T05:30:00,917.7653115859374,917.7653115859374,0
2026-02-07T05:45:00,917.7653115859374,917.7653115859374,0
2026-02-07T06:00:00,917.7653115859374,917.7653115859374,0
2026-02-07T06:15:00,917.7653115859374,917.7653115859374,0
2026-02-07T06:30:00,917.7653115859374,917.7653115859374,0
2026-02-07T06:45:00,917.7653115859374,917.7653115859374,0
2026-02-07T07:00:00,917.7653115859374,917.7653115859374,0
2026-02-07T07:15:00,917.7653115859374,917.7653115859374,0
2026-02-07T07:30:00,917.7653115859374,917.7653115859374,0
2026-02-07T07:45:00,917.7653115859374,917.7653115859374,0
2026-02-07T08:00:00,917.7653115859374,917.7653115859374,0
2026-02-07T08:15:00,917.7653115859374,917.7653115859374,0
2026-02-07T08:30:00,917.7653115859374,917.7653115859374,0
2026-02-07T08:45:00,917.7653115859374,917.7653115859374,0
2026-02-07T09:00:00,917.7653115859374,917.7653115859374,0
2026-02-07T09:15:00,917.7653115859374,917.7653115859374,0
2026-02-07T09:30:00,917.7653115859374,917.7653115859374,0
2026-02-07T09:45:00,917.7653115859374,917.7653115859374,0
2026-02-07T10:00:00,917.7653115859374,917.7653115859374,0
2026-02-07T10:15:00,917.7653115859374,917.7653115859374,0
2026-02-07T10:30:00,917.7653115859374,917.7653115859374,0
2026-02-07T10:45:00,917.7653115859374,917.7653115859374,0
2026-02-07T11:00:00,917.7653115859374,917.7653115859374,0
2026-02-07T11:15:00,917.7653115859374,917.7653115859374,0
2026-02-07T11:30:00,917.7653115859374,917.7653115859374,0
2026-02-07T11:45:00,917.7653115859374,917.7653115859374,0
2026-02-07T12:00:00,917.7653115859374,917.7653115859374,0
2026-02-07T12:15:00,917.7653115859374,917.7653115859374,0
2026-02-07T12:30:00,917.7653115859374,917.7653115859374,0
2026-02-07T12:45:00,917.7653115859374,917.7653115859374,0
2026-02-07T13:00:00,917.7653115859374,917.7653115859374,0
2026-02-07T13:15:00,917.7653115859374,917.7653115859374,0
2026-02-07T13:30:00,917.7653115859374,917.7653115859374,0
2026-02-07T13:45:00,917.7653115859374,917.7653115859374,0
2026-02-07T14:00:00,917.7653115859374,917.7653115859374,0
2026-02-07T14:15:00,917.7653115859374,917.7653115859374,0
2026-02-07T14:30:00,917.7653115859374,917.7653115859374,0
2026-02-07T14:45:00,917.7653115859374,917.7653115859374,0
2026-02-07T15:00:00,917.7653115859374,917.7653115859374,0
2026-02-07T15:15:00,917.7653115859374,917.7653115859374,0
2026-02-07T15:30:00,917.7653115859374,917.7653115859374,0
2026-02-07T15:45:00,917.7653115859374,917.7653115859374,0
2026-02-07T16:00:00,917.7653115859374,917.7653115859374,0
2026-02-07T16:15:00,917.7653115859374,917.7653115859374,0
2026-02-07T16:30:00,917.7653115859374,917.7653115859374,0
2026-02-07T16:45:00,917.7653115859374,917.7653115859374,0
2026-02-07T17:00:00,917.7653115859374,917.7653115859374,0
2026-02-07T17:15:00,917.7653115859374,917.7653115859374,0
2026-02-07T17:30:00,917.068634700785,825.8419379774899,1
2026-02-07T17:45:00,915.7944114182017,825.8419379774899,1
2026-02-07T18:00:00,916.7017859949509,825.8419379774899,1
2026-02-07T18:15:00,920.9799153470459,825.8419379774899,1
2026-02-07T18:30:00,922.8017533644252,825.8419379774899,1
2026-02-07T18:45:00,922.1637556151484,825.8419379774899,1
2026-02-07T19:00:00,920.6804108480799,825.8419379774899,1
2026-02-07T19:15:00,921.3999305319865,825.8419379774899,1
2026-02-07T19:30:00,921.7366515663269,825.8419379774899,1
2026-02-07T19:45:00,921.1340981364544,825.8419379774899,1
2026-02-07T20:00:00,920.4057173726967,825.8419379774899,1
2026-02-07T20:15:00,921.9759007223057,825.8419379774899,1
2026-02-07T20:30:00,921.7419682142375,825.8419379774899,1
2026-02-07T20:45:00,923.6205171426637,825.8419379774899,1
2026-02-07T21:00:00,923.739255612668,825.8419379774899,1
2026-02-07T21:15:00,923.7109001571446,825.8419379774899,1
2026-02-07T21:30:00,923.266073948621,825.8419379774899,1
2026-02-07T21:45:00,922.4563929526793,922.4563929526793,0
2026-02-07T22:00:00,922.4563929526793,922.4563929526793,0
2026-02-07T22:15:00,922.4563929526793,922.4563929526793,0
2026-02-07T22:30:00,922.4563929526793,922.4563929526793,0
2026-02-07T22:45:00,922.4563929526793,922.4563929526793,0
2026-02-07T23:00:00,922.4563929526793,922.4563929526793,0
2026-02-07T23:15:00,922.4563929526793,922.4563929526793,0
2026-02-07T23:30:00,922.4563929526793,922.4563929526793,0
2026-02-07T23:45:00,922.4563929526793,922.4563929526793,0
2026-02-08T00:00:00,922.4563929526793,922.4563929526793,0
2026-02-08T00:15:00,922.4563929526793,922.4563929526793,0
2026-02-08T00:30:00,922.4563929526793,922.4563929526793,0
2026-02-08T00:45:00,922.4563929526793,922.4563929526793,0
2026-02-08T01:00:00,922.4563929526793,922.4563929526793,0
2026-02-08T01:15:00,922.4563929526793,922.4563929526793,0
2026-02-08T01:30:00,922.4563929526793,922.4563929526793,0
2026-02-08T01:45:00,922.4563929526793,922.4563929526793,0
2026-02-08T02:00:00,922.4563929526793,922.4563929526793,0
2026-02-08T02:15:00,922.4563929526793,922.4563929526793,0
2026-02-08T02:30:00,922.4563929526793,922.4563929526793,0
2026-02-08T02:45:00,922.4563929526793,922.4563929526793,0
2026-02-08T03:00:00,922.4563929526793,922.4563929526793,0
2026-02-08T03:15:00,922.4563929526793,922.4563929526793,0
2026-02-08T03:30:00,922.4563929526793,922.4563929526793,0
2026-02-08T03:45:00,922.4563929526793,922.4563929526793,0
2026-02-08T04:00:00,922.4563929526793,922.4563929526793,0
2026-02-08T04:15:00,922.4563929526793,922.4563929526793,0
2026-02-08T04:30:00,922.4563929526793,922.4563929526793,0
2026-02-08T04:45:00,922.4563929526793,922.4563929526793,0
2026-02-08T05:00:00,922.4563929526793,922.4563929526793,0
2026-02-08T05:15:00,922.4563929526793,922.4563929526793,0
2026-02-08T05:30:00,922.4563929526793,922.4563929526793,0
2026-02-08T05:45:00,922.4563929526793,922.4563929526793,0
2026-02-08T06:00:00,922.4563929526793,922.4563929526793,0
2026-02-08T06:15:00,922.4563929526793,922.4563929526793,0
2026-02-08T06:30:00,922.4563929526793,922.4563929526793,0
2026-02-08T06:45:00,922.4563929526793,922.4563929526793,0
2026-02-08T07:00:00,922.4563929526793,922.4563929526793,0
2026-02-08T07:15:00,922.4563929526793,922.4563929526793,0
2026-02-08T07:30:00,922.4563929526793,922.4563929526793,0
2026-02-08T07:45:00,922.4563929526793,922.4563929526793,0
2026-02-08T08:00:00,921.756155061338,830.0631606345389,1
2026-02-08T08:15:00,924.8787761101073,830.0631606345389,1
2026-02-08T08:30:00,925.6940401400243,830.0631606345389,1
2026-02-08T08:45:00,927.2786877692507,830.0631606345389,1
2026-02-08T09:00:00,925.8911619439605,830.0631606345389,1
2026-02-08T09:15:00,926.1568133414797,830.0631606345389,1
2026-02-08T09:30:00,924.4511408624272,830.0631606345389,1
2026-02-08T09:45:00,924.3237128613861,830.0631606345389,1
2026-02-08T10:00:00,925.4797197894359,830.0631606345389,1
2026-02-08T10:15:00,924.000591858746,830.0631606345389,1
2026-02-08T10:30:00,924.998319238991,830.0631606345389,1
2026-02-08T10:45:00,925.1662828915262,830.0631606345389,1
2026-02-08T11:00:00,927.1128408609189,830.0631606345389,1
2026-02-08T11:15:00,927.4819481313766,830.0631606345389,1
2026-02-08T11:30:00,928.5187294421733,830.0631606345389,1
2026-02-08T11:45:00,929.0482330046392,830.0631606345389,1
2026-02-08T12:00:00,928.3812469061663,830.0631606345389,1
2026-02-08T12:15:00,928.8360293982543,830.0631606345389,1
2026-02-08T12:30:00,927.760935017377,830.0631606345389,1
2026-02-08T12:45:00,930.3710393759123,830.0631606345389,1
2026-02-08T13:00:00,929.6621946608184,830.0631606345389,1
2026-02-08T13:15:00,931.4543361405774,830.0631606345389,1
2026-02-08T13:30:00,930.223184793309,830.0631606345389,1
2026-02-08T13:45:00,931.7724298757346,830.0631606345389,1
2026-02-08T14:00:00,931.0928491492518,830.0631606345389,1
2026-02-08T14:15:00,930.3334671663031,830.0631606345389,1
2026-02-08T14:30:00,929.5050918259334,929.5050918259334,0
2026-02-08T14:45:00,929.5050918259334,929.5050918259334,0
2026-02-08T15:00:00,929.5050918259334,929.5050918259334,0
2026-02-08T15:15:00,929.5050918259334,929.5050918259334,0
2026-02-08T15:30:00,929.5050918259334,929.5050918259334,0
2026-02-08T15:45:00,929.5050918259334,929.5050918259334,0
2026-02-08T16:00:00,929.5050918259334,929.5050918259334,0
2026-02-08T16:15:00,929.5050918259334,929.5050918259334,0
2026-02-08T16:30:00,929.5050918259334,929.5050918259334,0
2026-02-08T16:45:00,929.5050918259334,929.5050918259334,0
2026-02-08T17:00:00,929.5050918259334,929.5050918259334,0
2026-02-08T17:15:00,929.5050918259334,929.5050918259334,0
2026-02-08T17:30:00,929.5050918259334,929.5050918259334,0
2026-02-08T17:45:00,929.5050918259334,929.5050918259334,0
2026-02-08T18:00:00,929.5050918259334,929.5050918259334,0
2026-02-08T18:15:00,929.5050918259334,929.5050918259334,0
2026-02-08T18:30:00,929.5050918259334,929.5050918259334,0
2026-02-08T18:45:00,929.5050918259334,929.5050918259334,0
2026-02-08T19:00:00,929.5050918259334,929.5050918259334,0
2026-02-08T19:15:00,929.5050918259334,929.5050918259334,0
2026-02-08T19:30:00,928.7995032577759,836.4058618286479,1
2026-02-08T19:45:00,930.0869554814881,836.4058618286479,1
2026-02-08T20:00:00,928.4631892075,836.4058618286479,1
2026-02-08T20:15:00,927.8326003632328,836.4058618286479,1
2026-02-08T20:30:00,927.5523386546696,836.4058618286479,1
2026-02-08T20:45:00,925.9056477345322,925.9056477345322,0
2026-02-08T21:00:00,925.9056477345322,925.9056477345322,0
2026-02-08T21:15:00,925.9056477345322,925.9056477345322,0
2026-02-08T21:30:00,925.9056477345322,925.9056477345322,0
2026-02-08T21:45:00,925.9056477345322,925.9056477345322,0
2026-02-08T22:00:00,925.9056477345322,925.9056477345322,0
2026-02-08T22:15:00,925.9056477345322,925.9056477345322,0
2026-02-08T22:30:00,925.9056477345322,925.9056477345322,0
2026-02-08T22:45:00,925.9056477345322,925.9056477345322,0
2026-02-08T23:00:00,925.9056477345322,925.9056477345322,0
2026-02-08T23:15:00,925.9056477345322,925.9056477345322,0
2026-02-08T23:30:00,925.9056477345322,925.9056477345322,0
2026-02-08T23:45:00,925.9056477345322,925.9056477345322,0
2026-02-09T00:00:00,925.9056477345322,925.9056477345322,0
2026-02-09T00:15:00,925.9056477345322,925.9056477345322,0
2026-02-09T00:30:00,925.9056477345322,925.9056477345322,0
2026-02-09T00:45:00,925.9056477345322,925.9056477345322,0
2026-02-09T01:00:00,925.9056477345322,925.9056477345322,0
2026-02-09T01:15:00,925.9056477345322,925.9056477345322,0
2026-02-09T01:30:00,925.9056477345322,925.9056477345322,0
2026-02-09T01:45:00,925.9056477345322,925.9056477345322,0
2026-02-09T02:00:00,925.9056477345322,925.9056477345322,0
2026-02-09T02:15:00,925.9056477345322,925.9056477345322,0
2026-02-09T02:30:00,925.9056477345322,925.9056477345322,0
2026-02-09T02:45:00,925.9056477345322,925.9056477345322,0
2026-02-09T03:00:00,925.9056477345322,925.9056477345322,0
2026-02-09T03:15:00,925.9056477345322,925.9056477345322,0
2026-02-09T03:30:00,925.9056477345322,925.9056477345322,0
2026-02-09T03:45:00,925.9056477345322,925.9056477345322,0
2026-02-09T04:00:00,925.9056477345322,925.9056477345322,0
2026-02-09T04:15:00,925.9056477345322,925.9056477345322,0
2026-02-09T04:30:00,925.9056477345322,925.9056477345322,0
2026-02-09T04:45:00,925.9056477345322,925.9056477345322,0
2026-02-09T05:00:00,925.9056477345322,925.9056477345322,0
2026-02-09T05:15:00,925.9056477345322,925.9056477345322,0
2026-02-09T05:30:00,925.9056477345322,925.9056477345322,0
2026-02-09T05:45:00,925.9056477345322,925.9056477345322,0
2026-02-09T06:00:00,925.9056477345322,925.9056477345322,0
2026-02-09T06:15:00,925.9056477345322,925.9056477345322,0
2026-02-09T06:30:00,925.9056477345322,925.9056477345322,0
2026-02-09T06:45:00,925.9056477345322,925.9056477345322,0
2026-02-09T07:00:00,925.9056477345322,925.9056477345322,0
2026-02-09T07:15:00,925.9056477345322,925.9056477345322,0
2026-02-09T07:30:00,925.9056477345322,925.9056477345322,0
2026-02-09T07:45:00,925.9056477345322,925.9056477345322,0
2026-02-09T08:00:00,925.2011248753207,833.1669380574415,1
2026-02-09T08:15:00,927.7044582506667,833.1669380574415,1
2026-02-09T08:30:00,928.2158919510061,833.1669380574415,1
2026-02-09T08:45:00,928.2338369931233,833.1669380574415,1
2026-02-09T09:00:00,928.388164355331,833.1669380574415,1
2026-02-09T09:15:00,928.6950245755347,833.1669380574415,1
2026-02-09T09:30:00,929.8973423973855,833.1669380574415,1
2026-02-09T09:45:00,929.633550278263,833.1669380574415,1
2026-02-09T10:00:00,930.0803818269807,833.1669380574415,1
2026-02-09T10:15:00,932.2122528305011,833.1669380574415,1
2026-02-09T10:30:00,933.5168573924199,833.1669380574415,1
2026-02-09T10:45:00,933.1453950205943,833.1669380574415,1
2026-02-09T11:00:00,933.0682313394905,833.1669380574415,1
2026-02-09T11:15:00,932.2409648978887,833.1669380574415,1
2026-02-09T11:30:00,932.2948000242402,833.1669380574415,1
2026-02-09T11:45:00,932.1530341915145,833.1669380574415,1
2026-02-09T12:00:00,930.2920737790835,930.2920737790835,0
2026-02-09T12:15:00,930.2920737790835,930.2920737790835,0
2026-02-09T12:30:00,930.2920737790835,930.2920737790835,0
2026-02-09T12:45:00,930.2920737790835,930.2920737790835,0
2026-02-09T13:00:00,930.2920737790835,930.2920737790835,0
2026-02-09T13:15:00,930.2920737790835,930.2920737790835,0
2026-02-09T13:30:00,930.2920737790835,930.2920737790835,0
2026-02-09T13:45:00,930.2920737790835,930.2920737790835,0
2026-02-09T14:00:00,930.2920737790835,930.2920737790835,0
2026-02-09T14:15:00,930.2920737790835,930.2920737790835,0
2026-02-09T14:30:00,930.2920737790835,930.2920737790835,0
2026-02-09T14:45:00,930.2920737790835,930.2920737790835,0
2026-02-09T15:00:00,930.2920737790835,930.2920737790835,0
2026-02-09T15:15:00,930.2920737790835,930.2920737790835,0
2026-02-09T15:30:00,930.2920737790835,930.2920737790835,0
2026-02-09T15:45:00,930.2920737790835,930.2920737790835,0
2026-02-09T16:00:00,930.2920737790835,930.2920737790835,0
2026-02-09T16:15:00,930.2920737790835,930.2920737790835,0
2026-02-09T16:30:00,930.2920737790835,930.2920737790835,0
2026-02-09T16:45:00,930.2920737790835,930.2920737790835,0
2026-02-09T17:00:00,930.2920737790835,930.2920737790835,0
2026-02-09T17:15:00,930.2920737790835,930.2920737790835,0
2026-02-09T17:30:00,930.2920737790835,930.2920737790835,0
2026-02-09T17:45:00,930.2920737790835,930.2920737790835,0
2026-02-09T18:00:00,929.5858878118645,837.1140196693705,1
2026-02-09T18:15:00,927.8645480416576,837.1140196693705,1
2026-02-09T18:30:00,930.1381145807836,837.1140196693705,1
2026-02-09T18:45:00,930.3722866916544,837.1140196693705,1
2026-02-09T19:00:00,929.529966113746,837.1140196693705,1
2026-02-09T19:15:00,929.7868564144775,837.1140196693705,1
2026-02-09T19:30:00,930.3583062671248,837.1140196693705,1
2026-02-09T19:45:00,930.4893727470898,837.1140196693705,1
2026-02-09T20:00:00,932.1215873109204,837.1140196693705,1
2026-02-09T20:15:00,928.4744440617613,837.1140196693705,1
2026-02-09T20:30:00,929.8474105783407,929.8474105783407,0
2026-02-09T20:45:00,929.8474105783407,929.8474105783407,0
2026-02-09T21:00:00,929.8474105783407,929.8474105783407,0
2026-02-09T21:15:00,929.8474105783407,929.8474105783407,0
2026-02-09T21:30:00,929.8474105783407,929.8474105783407,0
2026-02-09T21:45:00,929.8474105783407,929.8474105783407,0
2026-02-09T22:00:00,929.8474105783407,929.8474105783407,0
2026-02-09T22:15:00,929.8474105783407,929.8474105783407,0
2026-02-09T22:30:00,929.8474105783407,929.8474105783407,0
2026-02-09T22:45:00,929.8474105783407,929.8474105783407,0
2026-02-09T23:00:00,929.8474105783407,929.8474105783407,0
2026-02-09T23:15:00,929.8474105783407,929.8474105783407,0
2026-02-09T23:30:00,929.8474105783407,929.8474105783407,0
2026-02-09T23:45:00,929.8474105783407,929.8474105783407,0
2026-02-10T00:00:00,929.8474105783407,929.8474105783407,0
2026-02-10T00:15:00,929.8474105783407,929.8474105783407,0
2026-02-10T00:30:00,929.8474105783407,929.8474105783407,0
2026-02-10T00:45:00,929.8474105783407,929.8474105783407,0
2026-02-10T01:00:00,929.8474105783407,929.8474105783407,0
2026-02-10T01:15:00,929.8474105783407,929.8474105783407,0
2026-02-10T01:30:00,929.8474105783407,929.8474105783407,0
2026-02-10T01:45:00,929.8474105783407,929.8474105783407,0
2026-02-10T02:00:00,929.8474105783407,929.8474105783407,0
2026-02-10T02:15:00,929.8474105783407,929.8474105783407,0
2026-02-10T02:30:00,929.8474105783407,929.8474105783407,0
2026-02-10T02:45:00,929.8474105783407,929.8474105783407,0
2026-02-10T03:00:00,929.8474105783407,929.8474105783407,0
2026-02-10T03:15:00,929.8474105783407,929.8474105783407,0
2026-02-10T03:30:00,929.8474105783407,929.8474105783407,0
2026-02-10T03:45:00,929.8474105783407,929.8474105783407,0
2026-02-10T04:00:00,929.8474105783407,929.8474105783407,0
2026-02-10T04:15:00,929.8474105783407,929.8474105783407,0
2026-02-10T04:30:00,929.8474105783407,929.8474105783407,0
2026-02-10T04:45:00,929.8474105783407,929.8474105783407,0
2026-02-10T05:00:00,929.8474105783407,929.8474105783407,0
2026-02-10T05:15:00,929.8474105783407,929.8474105783407,0
2026-02-10T05:30:00,929.8474105783407,929.8474105783407,0
2026-02-10T05:45:00,929.8474105783407,929.8474105783407,0
2026-02-10T06:00:00,929.8474105783407,929.8474105783407,0
2026-02-10T06:15:00,929.8474105783407,929.8474105783407,0
2026-02-10T06:30:00,929.8474105783407,929.8474105783407,0
2026-02-10T06:45:00,929.1398884264519,836.7138939348141,1
2026-02-10T07:00:00,928.6280909355239,836.7138939348141,1
2026-02-10T07:15:00,928.2813295920329,836.7138939348141,1
2026-02-10T07:30:00,928.6911384525223,836.7138939348141,1
2026-02-10T07:45:00,929.3846611395044,836.7138939348141,1
2026-02-10T08:00:00,929.9131476790496,836.7138939348141,1
2026-02-10T08:15:00,928.6540516778174,836.7138939348141,1
2026-02-10T08:30:00,929.1380340877167,836.7138939348141,1
2026-02-10T08:45:00,928.0105961366869,836.7138939348141,1
2026-02-10T09:00:00,926.4601904320098,926.4601904320098,0
2026-02-10T09:15:00,926.4601904320098,926.4601904320098,0
2026-02-10T09:30:00,926.4601904320098,926.4601904320098,0
2026-02-10T09:45:00,926.4601904320098,926.4601904320098,0
2026-02-10T10:00:00,926.4601904320098,926.4601904320098,0
2026-02-10T10:15:00,926.4601904320098,926.4601904320098,0
2026-02-10T10:30:00,926.4601904320098,926.4601904320098,0
2026-02-10T10:45:00,926.4601904320098,926.4601904320098,0
2026-02-10T11:00:00,926.4601904320098,926.4601904320098,0
2026-02-10T11:15:00,926.4601904320098,926.4601904320098,0
2026-02-10T11:30:00,926.4601904320098,926.4601904320098,0
2026-02-10T11:45:00,926.4601904320098,926.4601904320098,0
2026-02-10T12:00:00,926.4601904320098,926.4601904320098,0
2026-02-10T12:15:00,926.4601904320098,926.4601904320098,0
2026-02-10T12:30:00,926.4601904320098,926.4601904320098,0
2026-02-10T12:45:00,926.4601904320098,926.4601904320098,0
2026-02-10T13:00:00,926.4601904320098,926.4601904320098,0
2026-02-10T13:15:00,926.4601904320098,926.4601904320098,0
2026-02-10T13:30:00,926.4601904320098,926.4601904320098,0
2026-02-10T13:45:00,926.4601904320098,926.4601904320098,0
2026-02-10T14:00:00,926.4601904320098,926.4601904320098,0
2026-02-10T14:15:00,926.4601904320098,926.4601904320098,0
2026-02-10T14:30:00,926.4601904320098,926.4601904320098,0
2026-02-10T14:45:00,926.4601904320098,926.4601904320098,0
2026-02-10T15:00:00,926.4601904320098,926.4601904320098,0
2026-02-10T15:15:00,926.4601904320098,926.4601904320098,0
2026-02-10T15:30:00,926.4601904320098,926.4601904320098,0
2026-02-10T15:45:00,926.4601904320098,926.4601904320098,0
2026-02-10T16:00:00,926.4601904320098,926.4601904320098,0
2026-02-10T16:15:00,926.4601904320098,926.4601904320098,0
2026-02-10T16:30:00,926.4601904320098,926.4601904320098,0
2026-02-10T16:45:00,926.4601904320098,926.4601904320098,0
2026-02-10T17:00:00,926.4601904320098,926.4601904320098,0
2026-02-10T17:15:00,926.4601904320098,926.4601904320098,0
2026-02-10T17:30:00,926.4601904320098,926.4601904320098,0
2026-02-10T17:45:00,926.4601904320098,926.4601904320098,0
2026-02-10T18:00:00,926.4601904320098,926.4601904320098,0
2026-02-10T18:15:00,926.4601904320098,926.4601904320098,0
2026-02-10T18:30:00,926.4601904320098,926.4601904320098,0
2026-02-10T18:45:00,926.4601904320098,926.4601904320098,0
2026-02-10T19:00:00,926.4601904320098,926.4601904320098,0
2026-02-10T19:15:00,926.4601904320098,926.4601904320098,0
2026-02-10T19:30:00,926.4601904320098,926.4601904320098,0
2026-02-10T19:45:00,926.4601904320098,926.4601904320098,0
2026-02-10T20:00:00,926.4601904320098,926.4601904320098,0
2026-02-10T20:15:00,926.4601904320098,926.4601904320098,0
2026-02-10T20:30:00,926.4601904320098,926.4601904320098,0
2026-02-10T20:45:00,926.4601904320098,926.4601904320098,0
2026-02-10T21:00:00,926.4601904320098,926.4601904320098,0
2026-02-10T21:15:00,926.4601904320098,926.4601904320098,0
2026-02-10T21:30:00,926.4601904320098,926.4601904320098,0
2026-02-10T21:45:00,926.4601904320098,926.4601904320098,0
2026-02-10T22:00:00,926.4601904320098,926.4601904320098,0
2026-02-10T22:15:00,926.4601904320098,926.4601904320098,0
2026-02-10T22:30:00,926.4601904320098,926.4601904320098,0
2026-02-10T22:45:00,926.4601904320098,926.4601904320098,0
2026-02-10T23:00:00,926.4601904320098,926.4601904320098,0
2026-02-10T23:15:00,926.4601904320098,926.4601904320098,0
2026-02-10T23:30:00,926.4601904320098,926.4601904320098,0
2026-02-10T23:45:00,926.4601904320098,926.4601904320098,0
2026-02-11T00:00:00,926.4601904320098,926.4601904320098,0
2026-02-11T00:15:00,926.4601904320098,926.4601904320098,0
2026-02-11T00:30:00,926.4601904320098,926.4601904320098,0
2026-02-11T00:45:00,926.4601904320098,926.4601904320098,0
2026-02-11T01:00:00,926.4601904320098,926.4601904320098,0
2026-02-11T01:15:00,926.4601904320098,926.4601904320098,0
2026-02-11T01:30:00,926.4601904320098,926.4601904320098,0
2026-02-11T01:45:00,926.4601904320098,926.4601904320098,0
2026-02-11T02:00:00,926.4601904320098,926.4601904320098,0
2026-02-11T02:15:00,926.4601904320098,926.4601904320098,0
2026-02-11T02:30:00,926.4601904320098,926.4601904320098,0
2026-02-11T02:45:00,926.4601904320098,926.4601904320098,0
2026-02-11T03:00:00,926.4601904320098,926.4601904320098,0
2026-02-11T03:15:00,926.4601904320098,926.4601904320098,0
2026-02-11T03:30:00,926.4601904320098,926.4601904320098,0
2026-02-11T03:45:00,926.4601904320098,926.4601904320098,0
2026-02-11T04:00:00,926.4601904320098,926.4601904320098,0
2026-02-11T04:15:00,926.4601904320098,926.4601904320098,0
2026-02-11T04:30:00,926.4601904320098,926.4601904320098,0
2026-02-11T04:45:00,926.4601904320098,926.4601904320098,0
2026-02-11T05:00:00,926.4601904320098,926.4601904320098,0
2026-02-11T05:15:00,926.4601904320098,926.4601904320098,0
2026-02-11T05:30:00,926.4601904320098,926.4601904320098,0
2026-02-11T05:45:00,926.4601904320098,926.4601904320098,0
2026-02-11T06:00:00,926.4601904320098,926.4601904320098,0
2026-02-11T06:15:00,926.4601904320098,926.4601904320098,0
2026-02-11T06:30:00,926.4601904320098,926.4601904320098,0
2026-02-11T06:45:00,926.4601904320098,926.4601904320098,0
2026-02-11T07:00:00,926.4601904320098,926.4601904320098,0
2026-02-11T07:15:00,926.4601904320098,926.4601904320098,0
2026-02-11T07:30:00,926.4601904320098,926.4601904320098,0
2026-02-11T07:45:00,926.4601904320098,926.4601904320098,0
2026-02-11T08:00:00,926.4601904320098,926.4601904320098,0
2026-02-11T08:15:00,926.4601904320098,926.4601904320098,0
2026-02-11T08:30:00,926.4601904320098,926.4601904320098,0
2026-02-11T08:45:00,926.4601904320098,926.4601904320098,0
2026-02-11T09:00:00,926.4601904320098,926.4601904320098,0
2026-02-11T09:15:00,926.4601904320098,926.4601904320098,0
2026-02-11T09:30:00,926.4601904320098,926.4601904320098,0
2026-02-11T09:45:00,926.4601904320098,926.4601904320098,0
2026-02-11T10:00:00,926.4601904320098,926.4601904320098,0
2026-02-11T10:15:00,926.4601904320098,926.4601904320098,0
2026-02-11T10:30:00,926.4601904320098,926.4601904320098,0
2026-02-11T10:45:00,926.4601904320098,926.4601904320098,0
2026-02-11T11:00:00,926.4601904320098,926.4601904320098,0
2026-02-11T11:15:00,926.4601904320098,926.4601904320098,0
2026-02-11T11:30:00,926.4601904320098,926.4601904320098,0
2026-02-11T11:45:00,926.4601904320098,926.4601904320098,0
2026-02-11T12:00:00,926.4601904320098,926.4601904320098,0
2026-02-11T12:15:00,926.4601904320098,926.4601904320098,0
2026-02-11T12:30:00,926.4601904320098,926.4601904320098,0
2026-02-11T12:45:00,926.4601904320098,926.4601904320098,0
2026-02-11T13:00:00,926.4601904320098,926.4601904320098,0
2026-02-11T13:15:00,926.4601904320098,926.4601904320098,0
2026-02-11T13:30:00,926.4601904320098,926.4601904320098,0
2026-02-11T13:45:00,926.4601904320098,926.4601904320098,0
2026-02-11T14:00:00,926.4601904320098,926.4601904320098,0
2026-02-11T14:15:00,926.4601904320098,926.4601904320098,0
2026-02-11T14:30:00,926.4601904320098,926.4601904320098,0
2026-02-11T14:45:00,926.4601904320098,926.4601904320098,0
2026-02-11T15:00:00,926.4601904320098,926.4601904320098,0
2026-02-11T15:15:00,926.4601904320098,926.4601904320098,0
2026-02-11T15:30:00,926.4601904320098,926.4601904320098,0
2026-02-11T15:45:00,926.4601904320098,926.4601904320098,0
2026-02-11T16:00:00,926.4601904320098,926.4601904320098,0
2026-02-11T16:15:00,926.4601904320098,926.4601904320098,0
2026-02-11T16:30:00,926.4601904320098,926.4601904320098,0
2026-02-11T16:45:00,926.4601904320098,926.4601904320098,0
2026-02-11T17:00:00,926.4601904320098,926.4601904320098,0
2026-02-11T17:15:00,926.4601904320098,926.4601904320098,0
2026-02-11T17:30:00,926.4601904320098,926.4601904320098,0
2026-02-11T17:45:00,926.4601904320098,926.4601904320098,0
2026-02-11T18:00:00,926.4601904320098,926.4601904320098,0
2026-02-11T18:15:00,926.4601904320098,926.4601904320098,0
2026-02-11T18:30:00,926.4601904320098,926.4601904320098,0
2026-02-11T18:45:00,926.4601904320098,926.4601904320098,0
2026-02-11T19:00:00,926.4601904320098,926.4601904320098,0
2026-02-11T19:15:00,926.4601904320098,926.4601904320098,0
2026-02-11T19:30:00,926.4601904320098,926.4601904320098,0
2026-02-11T19:45:00,926.4601904320098,926.4601904320098,0
2026-02-11T20:00:00,926.4601904320098,926.4601904320098,0
2026-02-11T20:15:00,926.4601904320098,926.4601904320098,0
2026-02-11T20:30:00,926.4601904320098,926.4601904320098,0
2026-02-11T20:45:00,926.4601904320098,926.4601904320098,0
2026-02-11T21:00:00,926.4601904320098,926.4601904320098,0
2026-02-11T21:15:00,926.4601904320098,926.4601904320098,0
2026-02-11T21:30:00,926.4601904320098,926.4601904320098,0
2026-02-11T21:45:00,926.4601904320098,926.4601904320098,0
2026-02-11T22:00:00,926.4601904320098,926.4601904320098,0
2026-02-11T22:15:00,926.4601904320098,926.4601904320098,0
2026-02-11T22:30:00,926.4601904320098,926.4601904320098,0
2026-02-11T22:45:00,926.4601904320098,926.4601904320098,0
2026-02-11T23:00:00,926.4601904320098,926.4601904320098,0
2026-02-11T23:15:00,926.4601904320098,926.4601904320098,0
2026-02-11T23:30:00,926.4601904320098,926.4601904320098,0
2026-02-11T23:45:00,925.7552456205099,833.6659377583396,1
2026-02-12T00:00:00,923.1556664562879,923.1556664562879,0
2026-02-12T00:15:00,923.1556664562879,923.1556664562879,0
2026-02-12T00:30:00,923.1556664562879,923.1556664562879,0
2026-02-12T00:45:00,923.1556664562879,923.1556664562879,0
2026-02-12T01:00:00,923.1556664562879,923.1556664562879,0
2026-02-12T01:15:00,923.1556664562879,923.1556664562879,0
2026-02-12T01:30:00,923.1556664562879,923.1556664562879,0
2026-02-12T01:45:00,923.1556664562879,923.1556664562879,0
2026-02-12T02:00:00,923.1556664562879,923.1556664562879,0
2026-02-12T02:15:00,923.1556664562879,923.1556664562879,0
2026-02-12T02:30:00,923.1556664562879,923.1556664562879,0
2026-02-12T02:45:00,923.1556664562879,923.1556664562879,0
2026-02-12T03:00:00,923.1556664562879,923.1556664562879,0
2026-02-12T03:15:00,923.1556664562879,923.1556664562879,0
2026-02-12T03:30:00,923.1556664562879,923.1556664562879,0
2026-02-12T03:45:00,923.1556664562879,923.1556664562879,0
2026-02-12T04:00:00,923.1556664562879,923.1556664562879,0
2026-02-12T04:15:00,923.1556664562879,923.1556664562879,0
2026-02-12T04:30:00,923.1556664562879,923.1556664562879,0
2026-02-12T04:45:00,923.1556664562879,923.1556664562879,0
2026-02-12T05:00:00,923.1556664562879,923.1556664562879,0
2026-02-12T05:15:00,923.1556664562879,923.1556664562879,0
2026-02-12T05:30:00,923.1556664562879,923.1556664562879,0
2026-02-12T05:45:00,923.1556664562879,923.1556664562879,0
2026-02-12T06:00:00,923.1556664562879,923.1556664562879,0
2026-02-12T06:15:00,923.1556664562879,923.1556664562879,0
2026-02-12T06:30:00,923.1556664562879,923.1556664562879,0
2026-02-12T06:45:00,923.1556664562879,923.1556664562879,0
2026-02-12T07:00:00,923.1556664562879,923.1556664562879,0
2026-02-12T07:15:00,923.1556664562879,923.1556664562879,0
2026-02-12T07:30:00,923.1556664562879,923.1556664562879,0
2026-02-12T07:45:00,923.1556664562879,923.1556664562879,0
2026-02-12T08:00:00,923.1556664562879,923.1556664562879,0
2026-02-12T08:15:00,923.1556664562879,923.1556664562879,0
2026-02-12T08:30:00,923.1556664562879,923.1556664562879,0
2026-02-12T08:45:00,923.1556664562879,923.1556664562879,0
2026-02-12T09:00:00,923.1556664562879,923.1556664562879,0
2026-02-12T09:15:00,923.1556664562879,923.1556664562879,0
2026-02-12T09:30:00,923.1556664562879,923.1556664562879,0
2026-02-12T09:45:00,923.1556664562879,923.1556664562879,0
2026-02-12T10:00:00,923.1556664562879,923.1556664562879,0
2026-02-12T10:15:00,923.1556664562879,923.1556664562879,0
2026-02-12T10:30:00,923.1556664562879,923.1556664562879,0
2026-02-12T10:45:00,923.1556664562879,923.1556664562879,0
2026-02-12T11:00:00,923.1556664562879,923.1556664562879,0
2026-02-12T11:15:00,923.1556664562879,923.1556664562879,0
2026-02-12T11:30:00,923.1556664562879,923.1556664562879,0
2026-02-12T11:45:00,923.1556664562879,923.1556664562879,0
2026-02-12T12:00:00,923.1556664562879,923.1556664562879,0
2026-02-12T12:15:00,923.1556664562879,923.1556664562879,0
2026-02-12T12:30:00,923.1556664562879,923.1556664562879,0
2026-02-12T12:45:00,923.1556664562879,923.1556664562879,0
2026-02-12T13:00:00,923.1556664562879,923.1556664562879,0
2026-02-12T13:15:00,923.1556664562879,923.1556664562879,0
2026-02-12T13:30:00,923.1556664562879,923.1556664562879,0
2026-02-12T13:45:00,923.1556664562879,923.1556664562879,0
2026-02-12T14:00:00,923.1556664562879,923.1556664562879,0
2026-02-12T14:15:00,923.1556664562879,923.1556664562879,0
2026-02-12T14:30:00,923.1556664562879,923.1556664562879,0
2026-02-12T14:45:00,923.1556664562879,923.1556664562879,0
2026-02-12T15:00:00,923.1556664562879,923.1556664562879,0
2026-02-12T15:15:00,923.1556664562879,923.1556664562879,0
2026-02-12T15:30:00,923.1556664562879,923.1556664562879,0
2026-02-12T15:45:00,923.1556664562879,923.1556664562879,0
2026-02-12T16:00:00,923.1556664562879,923.1556664562879,0
2026-02-12T16:15:00,923.1556664562879,923.1556664562879,0
2026-02-12T16:30:00,923.1556664562879,923.1556664562879,0
2026-02-12T16:45:00,923.1556664562879,923.1556664562879,0
2026-02-12T17:00:00,922.453236061549,830.6923949040261,1
2026-02-12T17:15:00,920.2655107419201,830.6923949040261,1
2026-02-12T17:30:00,921.1163553153165,830.6923949040261,1
2026-02-12T17:45:00,924.2891476977385,830.6923949040261,1
2026-02-12T18:00:00,922.7135241832749,830.6923949040261,1
2026-02-12T18:15:00,924.9078312427444,830.6923949040261,1
2026-02-12T18:30:00,924.1833335726105,830.6923949040261,1
2026-02-12T18:45:00,923.2936736104114,830.6923949040261,1
2026-02-12T19:00:00,924.0946207202306,830.6923949040261,1
2026-02-12T19:15:00,922.2301882113991,830.6923949040261,1
2026-02-12T19:30:00,920.8134356569553,920.8134356569553,0
2026-02-12T19:45:00,920.8134356569553,920.8134356569553,0
2026-02-12T20:00:00,920.8134356569553,920.8134356569553,0
2026-02-12T20:15:00,920.8134356569553,920.8134356569553,0
2026-02-12T20:30:00,920.8134356569553,920.8134356569553,0
2026-02-12T20:45:00,920.8134356569553,920.8134356569553,0
2026-02-12T21:00:00,920.8134356569553,920.8134356569553,0
2026-02-12T21:15:00,920.8134356569553,920.8134356569553,0
2026-02-12T21:30:00,920.8134356569553,920.8134356569553,0
2026-02-12T21:45:00,920.8134356569553,920.8134356569553,0
2026-02-12T22:00:00,920.8134356569553,920.8134356569553,0
2026-02-12T22:15:00,920.8134356569553,920.8134356569553,0
2026-02-12T22:30:00,920.8134356569553,920.8134356569553,0
2026-02-12T22:45:00,920.8134356569553,920.8134356569553,0
2026-02-12T23:00:00,920.8134356569553,920.8134356569553,0
2026-02-12T23:15:00,920.8134356569553,920.8134356569553,0
2026-02-12T23:30:00,920.8134356569553,920.8134356569553,0
2026-02-12T23:45:00,920.8134356569553,920.8134356569553,0
2026-02-13T00:00:00,920.8134356569553,920.8134356569553,0
2026-02-13T00:15:00,920.8134356569553,920.8134356569553,0
2026-02-13T00:30:00,920.8134356569553,920.8134356569553,0
2026-02-13T00:45:00,920.8134356569553,920.8134356569553,0
2026-02-13T01:00:00,920.8134356569553,920.8134356569553,0
2026-02-13T01:15:00,920.8134356569553,920.8134356569553,0
2026-02-13T01:30:00,920.8134356569553,920.8134356569553,0
2026-02-13T01:45:00,920.8134356569553,920.8134356569553,0
2026-02-13T02:00:00,920.8134356569553,920.8134356569553,0
2026-02-13T02:15:00,920.8134356569553,920.8134356569553,0
2026-02-13T02:30:00,920.8134356569553,920.8134356569553,0
2026-02-13T02:45:00,920.8134356569553,920.8134356569553,0
2026-02-13T03:00:00,920.8134356569553,920.8134356569553,0
2026-02-13T03:15:00,920.8134356569553,920.8134356569553,0
2026-02-13T03:30:00,920.8134356569553,920.8134356569553,0
2026-02-13T03:45:00,920.8134356569553,920.8134356569553,0
2026-02-13T04:00:00,920.8134356569553,920.8134356569553,0
2026-02-13T04:15:00,920.8134356569553,920.8134356569553,0
2026-02-13T04:30:00,920.8134356569553,920.8134356569553,0
2026-02-13T04:45:00,920.8134356569553,920.8134356569553,0
2026-02-13T05:00:00,920.8134356569553,920.8134356569553,0
2026-02-13T05:15:00,920.8134356569553,920.8134356569553,0
2026-02-13T05:30:00,920.8134356569553,920.8134356569553,0
2026-02-13T05:45:00,920.8134356569553,920.8134356569553,0
2026-02-13T06:00:00,920.1127874687984,828.5847619415547,1
2026-02-13T06:15:00,920.8924563446076,828.5847619415547,1
2026-02-13T06:30:00,921.1097723637818,828.5847619415547,1
2026-02-13T06:45:00,919.826845338306,828.5847619415547,1
2026-02-13T07:00:00,917.5847580415029,917.5847580415029,0
2026-02-13T07:15:00,917.5847580415029,917.5847580415029,0
2026-02-13T07:30:00,916.8865665585088,825.679468676066,1
2026-02-13T07:45:00,916.4338076212871,825.679468676066,1
2026-02-13T08:00:00,916.1485333590623,825.679468676066,1
2026-02-13T08:15:00,914.9993375478799,914.9993375478799,0
2026-02-13T08:30:00,914.9993375478799,914.9993375478799,0
2026-02-13T08:45:00,914.9993375478799,914.9993375478799,0
2026-02-13T09:00:00,914.9993375478799,914.9993375478799,0
2026-02-13T09:15:00,914.9993375478799,914.9993375478799,0
2026-02-13T09:30:00,914.9993375478799,914.9993375478799,0
2026-02-13T09:45:00,914.9993375478799,914.9993375478799,0
2026-02-13T10:00:00,914.9993375478799,914.9993375478799,0
2026-02-13T10:15:00,914.9993375478799,914.9993375478799,0
2026-02-13T10:30:00,914.9993375478799,914.9993375478799,0
2026-02-13T10:45:00,914.9993375478799,914.9993375478799,0
2026-02-13T11:00:00,914.9993375478799,914.9993375478799,0
2026-02-13T11:15:00,914.9993375478799,914.9993375478799,0
2026-02-13T11:30:00,914.9993375478799,914.9993375478799,0
2026-02-13T11:45:00,914.9993375478799,914.9993375478799,0
2026-02-13T12:00:00,914.9993375478799,914.9993375478799,0
2026-02-13T12:15:00,914.9993375478799,914.9993375478799,0
2026-02-13T12:30:00,914.9993375478799,914.9993375478799,0
2026-02-13T12:45:00,914.9993375478799,914.9993375478799,0
2026-02-13T13:00:00,914.9993375478799,914.9993375478799,0
2026-02-13T13:15:00,914.9993375478799,914.9993375478799,0
2026-02-13T13:30:00,914.9993375478799,914.9993375478799,0
2026-02-13T13:45:00,914.9993375478799,914.9993375478799,0
2026-02-13T14:00:00,914.9993375478799,914.9993375478799,0
2026-02-13T14:15:00,914.9993375478799,914.9993375478799,0
2026-02-13T14:30:00,914.9993375478799,914.9993375478799,0
2026-02-13T14:45:00,914.9993375478799,914.9993375478799,0
2026-02-13T15:00:00,914.9993375478799,914.9993375478799,0
2026-02-13T15:15:00,914.9993375478799,914.9993375478799,0
2026-02-13T15:30:00,914.9993375478799,914.9993375478799,0
2026-02-13T15:45:00,914.9993375478799,914.9993375478799,0
2026-02-13T16:00:00,914.9993375478799,914.9993375478799,0
2026-02-13T16:15:00,914.9993375478799,914.9993375478799,0
2026-02-13T16:30:00,914.9993375478799,914.9993375478799,0
2026-02-13T16:45:00,914.9993375478799,914.9993375478799,0
2026-02-13T17:00:00,914.9993375478799,914.9993375478799,0
2026-02-13T17:15:00,914.9993375478799,914.9993375478799,0
2026-02-13T17:30:00,914.9993375478799,914.9993375478799,0
2026-02-13T17:45:00,914.9993375478799,914.9993375478799,0
2026-02-13T18:00:00,914.9993375478799,914.9993375478799,0
2026-02-13T18:15:00,914.9993375478799,914.9993375478799,0
2026-02-13T18:30:00,914.9993375478799,914.9993375478799,0
2026-02-13T18:45:00,914.9993375478799,914.9993375478799,0
2026-02-13T19:00:00,914.9993375478799,914.9993375478799,0
2026-02-13T19:15:00,914.9993375478799,914.9993375478799,0
2026-02-13T19:30:00,914.9993375478799,914.9993375478799,0
2026-02-13T19:45:00,914.9993375478799,914.9993375478799,0
2026-02-13T20:00:00,914.9993375478799,914.9993375478799,0
2026-02-13T20:15:00,914.9993375478799,914.9993375478799,0
2026-02-13T20:30:00,914.9993375478799,914.9993375478799,0
2026-02-13T20:45:00,914.9993375478799,914.9993375478799,0
2026-02-13T21:00:00,914.9993375478799,914.9993375478799,0
2026-02-13T21:15:00,914.9993375478799,914.9993375478799,0
2026-02-13T21:30:00,914.9993375478799,914.9993375478799,0
2026-02-13T21:45:00,914.9993375478799,914.9993375478799,0
2026-02-13T22:00:00,914.9993375478799,914.9993375478799,0
2026-02-13T22:15:00,914.9993375478799,914.9993375478799,0
2026-02-13T22:30:00,914.9993375478799,914.9993375478799,0
2026-02-13T22:45:00,914.9993375478799,914.9993375478799,0
2026-02-13T23:00:00,914.9993375478799,914.9993375478799,0
2026-02-13T23:15:00,914.9993375478799,914.9993375478799,0
2026-02-13T23:30:00,914.9993375478799,914.9993375478799,0
2026-02-13T23:45:00,914.9993375478799,914.9993375478799,0
2026-02-14T00:00:00,914.9993375478799,914.9993375478799,0
2026-02-14T00:15:00,914.9993375478799,914.9993375478799,0
2026-02-14T00:30:00,914.9993375478799,914.9993375478799,0
2026-02-14T00:45:00,914.9993375478799,914.9993375478799,0
2026-02-14T01:00:00,914.9993375478799,914.9993375478799,0
2026-02-14T01:15:00,914.9993375478799,914.9993375478799,0
2026-02-14T01:30:00,914.9993375478799,914.9993375478799,0
2026-02-14T01:45:00,914.9993375478799,914.9993375478799,0
2026-02-14T02:00:00,914.9993375478799,914.9993375478799,0
2026-02-14T02:15:00,914.9993375478799,914.9993375478799,0
2026-02-14T02:30:00,914.9993375478799,914.9993375478799,0
2026-02-14T02:45:00,914.9993375478799,914.9993375478799,0
2026-02-14T03:00:00,914.9993375478799,914.9993375478799,0
2026-02-14T03:15:00,914.9993375478799,914.9993375478799,0
2026-02-14T03:30:00,914.9993375478799,914.9993375478799,0
2026-02-14T03:45:00,914.9993375478799,914.9993375478799,0
2026-02-14T04:00:00,914.9993375478799,914.9993375478799,0
2026-02-14T04:15:00,914.9993375478799,914.9993375478799,0
2026-02-14T04:30:00,914.9993375478799,914.9993375478799,0
2026-02-14T04:45:00,914.9993375478799,914.9993375478799,0
2026-02-14T05:00:00,914.9993375478799,914.9993375478799,0
2026-02-14T05:15:00,914.9993375478799,914.9993375478799,0
2026-02-14T05:30:00,914.9993375478799,914.9993375478799,0
2026-02-14T05:45:00,914.9993375478799,914.9993375478799,0
2026-02-14T06:00:00,914.9993375478799,914.9993375478799,0
2026-02-14T06:15:00,914.9993375478799,914.9993375478799,0
2026-02-14T06:30:00,914.9993375478799,914.9993375478799,0
2026-02-14T06:45:00,914.9993375478799,914.9993375478799,0
2026-02-14T07:00:00,914.9993375478799,914.9993375478799,0
2026-02-14T07:15:00,914.9993375478799,914.9993375478799,0
2026-02-14T07:30:00,914.3047603173483,823.3530038990842,1
2026-02-14T07:45:00,914.5036991343505,823.3530038990842,1
2026-02-14T08:00:00,916.340951406082,823.3530038990842,1
2026-02-14T08:15:00,915.9629359587989,823.3530038990842,1
2026-02-14T08:30:00,916.8483880168426,823.3530038990842,1
2026-02-14T08:45:00,917.2872578234425,823.3530038990842,1
2026-02-14T09:00:00,917.1294696539295,823.3530038990842,1
2026-02-14T09:15:00,916.4891254320224,823.3530038990842,1
2026-02-14T09:30:00,917.185675416354,823.3530038990842,1
2026-02-14T09:45:00,917.1220741588736,823.3530038990842,1
2026-02-14T10:00:00,916.7849452342564,823.3530038990842,1
2026-02-14T10:15:00,916.6205011191931,823.3530038990842,1
2026-02-14T10:30:00,916.5562131371719,823.3530038990842,1
2026-02-14T10:45:00,916.894557035977,823.3530038990842,1
2026-02-14T11:00:00,919.1450590064363,823.3530038990842,1
2026-02-14T11:15:00,919.6527597420203,823.3530038990842,1
2026-02-14T11:30:00,920.2686460052785,823.3530038990842,1
2026-02-14T11:45:00,921.2995251910991,823.3530038990842,1
2026-02-14T12:00:00,921.2082964770887,823.3530038990842,1
2026-02-14T12:15:00,920.5105315185693,823.3530038990842,1
2026-02-14T12:30:00,919.0902795180584,823.3530038990842,1
2026-02-14T12:45:00,916.4337636595526,916.4337636595526,0
2026-02-14T13:00:00,916.4337636595526,916.4337636595526,0
2026-02-14T13:15:00,916.4337636595526,916.4337636595526,0
2026-02-14T13:30:00,916.4337636595526,916.4337636595526,0
2026-02-14T13:45:00,916.4337636595526,916.4337636595526,0
2026-02-14T14:00:00,916.4337636595526,916.4337636595526,0
2026-02-14T14:15:00,916.4337636595526,916.4337636595526,0
2026-02-14T14:30:00,916.4337636595526,916.4337636595526,0
2026-02-14T14:45:00,916.4337636595526,916.4337636595526,0
2026-02-14T15:00:00,916.4337636595526,916.4337636595526,0
2026-02-14T15:15:00,916.4337636595526,916.4337636595526,0
2026-02-14T15:30:00,916.4337636595526,916.4337636595526,0
2026-02-14T15:45:00,916.4337636595526,916.4337636595526,0
2026-02-14T16:00:00,916.4337636595526,916.4337636595526,0
2026-02-14T16:15:00,916.4337636595526,916.4337636595526,0
2026-02-14T16:30:00,916.4337636595526,916.4337636595526,0
2026-02-14T16:45:00,916.4337636595526,916.4337636595526,0
2026-02-14T17:00:00,916.4337636595526,916.4337636595526,0
2026-02-14T17:15:00,916.4337636595526,916.4337636595526,0
2026-02-14T17:30:00,916.4337636595526,916.4337636595526,0
2026-02-14T17:45:00,916.4337636595526,916.4337636595526,0
2026-02-14T18:00:00,916.4337636595526,916.4337636595526,0
2026-02-14T18:15:00,916.4337636595526,916.4337636595526,0
2026-02-14T18:30:00,916.4337636595526,916.4337636595526,0
2026-02-14T18:45:00,916.4337636595526,916.4337636595526,0
2026-02-14T19:00:00,916.4337636595526,916.4337636595526,0
2026-02-14T19:15:00,916.4337636595526,916.4337636595526,0
2026-02-14T19:30:00,916.4337636595526,916.4337636595526,0
2026-02-14T19:45:00,916.4337636595526,916.4337636595526,0
2026-02-14T20:00:00,916.4337636595526,916.4337636595526,0
2026-02-14T20:15:00,916.4337636595526,916.4337636595526,0
2026-02-14T20:30:00,916.4337636595526,916.4337636595526,0
2026-02-14T20:45:00,916.4337636595526,916.4337636595526,0
2026-02-14T21:00:00,916.4337636595526,916.4337636595526,0
2026-02-14T21:15:00,916.4337636595526,916.4337636595526,0
2026-02-14T21:30:00,916.4337636595526,916.4337636595526,0
2026-02-14T21:45:00,916.4337636595526,916.4337636595526,0
2026-02-14T22:00:00,916.4337636595526,916.4337636595526,0
2026-02-14T22:15:00,916.4337636595526,916.4337636595526,0
2026-02-14T22:30:00,916.4337636595526,916.4337636595526,0
2026-02-14T22:45:00,916.4337636595526,916.4337636595526,0
2026-02-14T23:00:00,916.4337636595526,916.4337636595526,0
2026-02-14T23:15:00,916.4337636595526,916.4337636595526,0
2026-02-14T23:30:00,916.4337636595526,916.4337636595526,0
2026-02-14T23:45:00,916.4337636595526,916.4337636595526,0
2026-02-15T00:00:00,916.4337636595526,916.4337636595526,0
2026-02-15T00:15:00,916.4337636595526,916.4337636595526,0
2026-02-15T00:30:00,916.4337636595526,916.4337636595526,0
2026-02-15T00:45:00,916.4337636595526,916.4337636595526,0
2026-02-15T01:00:00,916.4337636595526,916.4337636595526,0
2026-02-15T01:15:00,916.4337636595526,916.4337636595526,0
2026-02-15T01:30:00,916.4337636595526,916.4337636595526,0
2026-02-15T01:45:00,916.4337636595526,916.4337636595526,0
2026-02-15T02:00:00,916.4337636595526,916.4337636595526,0
2026-02-15T02:15:00,916.4337636595526,916.4337636595526,0
2026-02-15T02:30:00,916.4337636595526,916.4337636595526,0
2026-02-15T02:45:00,916.4337636595526,916.4337636595526,0
2026-02-15T03:00:00,916.4337636595526,916.4337636595526,0
2026-02-15T03:15:00,916.4337636595526,916.4337636595526,0
2026-02-15T03:30:00,916.4337636595526,916.4337636595526,0
2026-02-15T03:45:00,916.4337636595526,916.4337636595526,0
2026-02-15T04:00:00,916.4337636595526,916.4337636595526,0
2026-02-15T04:15:00,916.4337636595526,916.4337636595526,0
2026-02-15T04:30:00,916.4337636595526,916.4337636595526,0
2026-02-15T04:45:00,916.4337636595526,916.4337636595526,0
2026-02-15T05:00:00,916.4337636595526,916.4337636595526,0
2026-02-15T05:15:00,916.4337636595526,916.4337636595526,0
2026-02-15T05:30:00,916.4337636595526,916.4337636595526,0
2026-02-15T05:45:00,916.4337636595526,916.4337636595526,0
