timestamp,equity,cash,open_positions
2025-09-18T06:00:00,1000.0,1000.0,0
2025-09-18T06:15:00,1000.0,1000.0,0
2025-09-18T06:30:00,1000.0,1000.0,0
2025-09-18T06:45:00,1000.0,1000.0,0
2025-09-18T07:00:00,1000.0,1000.0,0
2025-09-18T07:15:00,1000.0,1000.0,0
2025-09-18T07:30:00,1000.0,1000.0,0
2025-09-18T07:45:00,1000.0,1000.0,0
2025-09-18T08:00:00,1000.0,1000.0,0
2025-09-18T08:15:00,1000.0,1000.0,0
2025-09-18T08:30:00,1000.0,1000.0,0
2025-09-18T08:45:00,1000.0,1000.0,0
2025-09-18T09:00:00,1000.0,1000.0,0
2025-09-18T09:15:00,1000.0,1000.0,0
2025-09-18T09:30:00,1000.0,1000.0,0
2025-09-18T09:45:00,1000.0,1000.0,0
2025-09-18T10:00:00,1000.0,1000.0,0
2025-09-18T10:15:00,1000.0,1000.0,0
2025-09-18T10:30:00,1000.0,1000.0,0
2025-09-18T10:45:00,1000.0,1000.0,0
2025-09-18T11:00:00,1000.0,1000.0,0
2025-09-18T11:15:00,1000.0,1000.0,0
2025-09-18T11:30:00,1000.0,1000.0,0
2025-09-18T11:45:00,1000.0,1000.0,0
2025-09-18T12:00:00,1000.0,1000.0,0
2025-09-18T12:15:00,1000.0,1000.0,0
2025-09-18T12:30:00,1000.0,1000.0,0
2025-09-18T12:45:00,1000.0,1000.0,0
2025-09-18T13:00:00,1000.0,1000.0,0
2025-09-18T13:15:00,1000.0,1000.0,0
2025-09-18T13:30:00,1000.0,1000.0,0
2025-09-18T13:45:00,1000.0,1000.0,0
2025-09-18T14:00:00,1000.0,1000.0,0
2025-09-18T14:15:00,1000.0,1000.0,0
2025-09-18T14:30:00,1000.0,1000.0,0
2025-09-18T14:45:00,1000.0,1000.0,0
2025-09-18T15:00:00,1000.0,1000.0,0
2025-09-18T15:15:00,1000.0,1000.0,0
2025-09-18T15:30:00,1000.0,1000.0,0
2025-09-18T15:45:00,1000.0,1000.0,0
2025-09-18T16:00:00,1000.0,1000.0,0
2025-09-18T16:15:00,1000.0,1000.0,0
2025-09-18T16:30:00,1000.0,1000.0,0
2025-09-18T16:45:00,1000.0,1000.0,0
2025-09-18T17:00:00,1000.0,1000.0,0
2025-09-18T17:15:00,1000.0,1000.0,0
2025-09-18T17:30:00,1000.0,1000.0,0
2025-09-18T17:45:00,1000.0,1000.0,0
2025-09-18T18:00:00,1000.0,1000.0,0
2025-09-18T18:15:00,1000.0,1000.0,0
2025-09-18T18:30:00,1000.0,1000.0,0
2025-09-18T18:45:00,1000.0,1000.0,0
2025-09-18T19:00:00,1000.0,1000.0,0
2025-09-18T19:15:00,1000.0,1000.0,0
2025-09-18T19:30:00,1000.0,1000.0,0
2025-09-18T19:45:00,1000.0,1000.0,0
2025-09-18T20:00:00,1000.0,1000.0,0
2025-09-18T20:15:00,1000.0,1000.0,0
2025-09-18T20:30:00,1000.0,1000.0,0
2025-09-18T20:45:00,999.240898652022,899.84,1
2025-09-18T21:00:00,998.0203238410894,998.0203238410894,0
2025-09-18T21:15:00,998.0203238410894,998.0203238410894,0
2025-09-18T21:30:00,998.0203238410894,998.0203238410894,0
2025-09-18T21:45:00,998.0203238410894,998.0203238410894,0
2025-09-18T22:00:00,998.0203238410894,998.0203238410894,0
2025-09-18T22:15:00,998.0203238410894,998.0203238410894,0
2025-09-18T22:30:00,998.0203238410894,998.0203238410894,0
2025-09-18T22:45:00,998.0203238410894,998.0203238410894,0
2025-09-18T23:00:00,998.0203238410894,998.0203238410894,0
2025-09-18T23:15:00,998.0203238410894,998.0203238410894,0
2025-09-18T23:30:00,998.0203238410894,998.0203238410894,0
2025-09-18T23:45:00,998.0203238410894,998.0203238410894,0
2025-09-19T00:00:00,998.0203238410894,998.0203238410894,0
2025-09-19T00:15:00,998.0203238410894,998.0203238410894,0
2025-09-19T00:30:00,998.0203238410894,998.0203238410894,0
2025-09-19T00:45:00,998.0203238410894,998.0203238410894,0
2025-09-19T01:00:00,998.0203238410894,998.0203238410894,0
2025-09-19T01:15:00,998.0203238410894,998.0203238410894,0
2025-09-19T01:30:00,998.0203238410894,998.0203238410894,0
2025-09-19T01:45:00,998.0203238410894,998.0203238410894,0
2025-09-19T02:00:00,998.0203238410894,998.0203238410894,0
2025-09-19T02:15:00,998.0203238410894,998.0203238410894,0
2025-09-19T02:30:00,998.0203238410894,998.0203238410894,0
2025-09-19T02:45:00,998.0203238410894,998.0203238410894,0
2025-09-19T03:00:00,998.0203238410894,998.0203238410894,0
2025-09-19T03:15:00,998.0203238410894,998.0203238410894,0
2025-09-19T03:30:00,998.0203238410894,998.0203238410894,0
2025-09-19T03:45:00,998.0203238410894,998.0203238410894,0
2025-09-19T04:00:00,998.0203238410894,998.0203238410894,0
2025-09-19T04:15:00,998.0203238410894,998.0203238410894,0
2025-09-19T04:30:00,998.0203238410894,998.0203238410894,0
2025-09-19T04:45:00,998.0203238410894,998.0203238410894,0
2025-09-19T05:00:00,998.0203238410894,998.0203238410894,0
2025-09-19T05:15:00,998.0203238410894,998.0203238410894,0
2025-09-19T05:30:00,998.0203238410894,998.0203238410894,0
2025-09-19T05:45:00,998.0203238410894,998.0203238410894,0
2025-09-19T06:00:00,998.0203238410894,998.0203238410894,0
2025-09-19T06:15:00,998.0203238410894,998.0203238410894,0
2025-09-19T06:30:00,998.0203238410894,998.0203238410894,0
2025-09-19T06:45:00,998.0203238410894,998.0203238410894,0
2025-09-19T07:00:00,998.0203238410894,998.0203238410894,0
2025-09-19T07:15:00,998.0203238410894,998.0203238410894,0
2025-09-19T07:30:00,998.0203238410894,998.0203238410894,0
2025-09-19T07:45:00,998.0203238410894,998.0203238410894,0
2025-09-19T08:00:00,998.0203238410894,998.0203238410894,0
2025-09-19T08:15:00,998.0203238410894,998.0203238410894,0
2025-09-19T08:30:00,998.0203238410894,998.0203238410894,0
2025-09-19T08:45:00,998.0203238410894,998.0203238410894,0
2025-09-19T09:00:00,998.0203238410894,998.0203238410894,0
2025-09-19T09:15:00,998.0203238410894,998.0203238410894,0
2025-09-19T09:30:00,998.0203238410894,998.0203238410894,0
2025-09-19T09:45:00,998.0203238410894,998.0203238410894,0
2025-09-19T10:00:00,998.0203238410894,998.0203238410894,0
2025-09-19T10:15:00,998.0203238410894,998.0203238410894,0
2025-09-19T10:30:00,998.0203238410894,998.0203238410894,0
2025-09-19T10:45:00,998.0203238410894,998.0203238410894,0
2025-09-19T11:00:00,998.0203238410894,998.0203238410894,0
2025-09-19T11:15:00,998.0203238410894,998.0203238410894,0
2025-09-19T11:30:00,998.0203238410894,998.0203238410894,0
2025-09-19T11:45:00,998.0203238410894,998.0203238410894,0
2025-09-19T12:00:00,998.0203238410894,998.0203238410894,0
2025-09-19T12:15:00,998.0203238410894,998.0203238410894,0
2025-09-19T12:30:00,998.0203238410894,998.0203238410894,0
2025-09-19T12:45:00,998.0203238410894,998.0203238410894,0
2025-09-19T13:00:00,998.0203238410894,998.0203238410894,0
2025-09-19T13:15:00,998.0203238410894,998.0203238410894,0
2025-09-19T13:30:00,998.0203238410894,998.0203238410894,0
2025-09-19T13:45:00,998.0203238410894,998.0203238410894,0
2025-09-19T14:00:00,998.0203238410894,998.0203238410894,0
2025-09-19T14:15:00,998.0203238410894,998.0203238410894,0
2025-09-19T14:30:00,998.0203238410894,998.0203238410894,0
2025-09-19T14:45:00,998.0203238410894,998.0203238410894,0
2025-09-19T15:00:00,998.0203238410894,998.0203238410894,0
2025-09-19T15:15:00,998.0203238410894,998.0203238410894,0
2025-09-19T15:30:00,998.0203238410894,998.0203238410894,0
2025-09-19T15:45:00,998.0203238410894,998.0203238410894,0
2025-09-19T16:00:00,998.0203238410894,998.0203238410894,0
2025-09-19T16:15:00,998.0203238410894,998.0203238410894,0
2025-09-19T16:30:00,998.0203238410894,998.0203238410894,0
2025-09-19T16:45:00,998.0203238410894,998.0203238410894,0
2025-09-19T17:00:00,998.0203238410894,998.0203238410894,0
2025-09-19T17:15:00,998.0203238410894,998.0203238410894,0
2025-09-19T17:30:00,998.0203238410894,998.0203238410894,0
2025-09-19T17:45:00,998.0203238410894,998.0203238410894,0
2025-09-19T18:00:00,998.0203238410894,998.0203238410894,0
2025-09-19T18:15:00,998.0203238410894,998.0203238410894,0
2025-09-19T18:30:00,998.0203238410894,998.0203238410894,0
2025-09-19T18:45:00,998.0203238410894,998.0203238410894,0
2025-09-19T19:00:00,998.0203238410894,998.0203238410894,0
2025-09-19T19:15:00,998.0203238410894,998.0203238410894,0
2025-09-19T19:30:00,998.0203238410894,998.0203238410894,0
2025-09-19T19:45:00,998.0203238410894,998.0203238410894,0
2025-09-19T20:00:00,998.0203238410894,998.0203238410894,0
2025-09-19T20:15:00,998.0203238410894,998.0203238410894,0
2025-09-19T20:30:00,998.0203238410894,998.0203238410894,0
2025-09-19T20:45:00,998.0203238410894,998.0203238410894,0
2025-09-19T21:00:00,998.0203238410894,998.0203238410894,0
2025-09-19T21:15:00,998.0203238410894,998.0203238410894,0
2025-09-19T21:30:00,998.0203238410894,998.0203238410894,0
2025-09-19T21:45:00,998.0203238410894,998.0203238410894,0
2025-09-19T22:00:00,998.0203238410894,998.0203238410894,0
2025-09-19T22:15:00,998.0203238410894,998.0203238410894,0
2025-09-19T22:30:00,998.0203238410894,998.0203238410894,0
2025-09-19T22:45:00,998.0203238410894,998.0203238410894,0
2025-09-19T23:00:00,998.0203238410894,998.0203238410894,0
2025-09-19T23:15:00,998.0203238410894,998.0203238410894,0
2025-09-19T23:30:00,998.0203238410894,998.0203238410894,0
2025-09-19T23:45:00,998.0203238410894,998.0203238410894,0
2025-09-20T00:00:00,998.0203238410894,998.0203238410894,0
2025-09-20T00:15:00,998.0203238410894,998.0203238410894,0
2025-09-20T00:30:00,998.0203238410894,998.0203238410894,0
2025-09-20T00:45:00,998.0203238410894,998.0203238410894,0
2025-09-20T01:00:00,998.0203238410894,998.0203238410894,0
2025-09-20T01:15:00,998.0203238410894,998.0203238410894,0
2025-09-20T01:30:00,998.0203238410894,998.0203238410894,0
2025-09-20T01:45:00,998.0203238410894,998.0203238410894,0
2025-09-20T02:00:00,998.0203238410894,998.0203238410894,0
2025-09-20T02:15:00,998.0203238410894,998.0203238410894,0
2025-09-20T02:30:00,998.0203238410894,998.0203238410894,0
2025-09-20T02:45:00,998.0203238410894,998.0203238410894,0
2025-09-20T03:00:00,998.0203238410894,998.0203238410894,0
2025-09-20T03:15:00,998.0203238410894,998.0203238410894,0
2025-09-20T03:30:00,998.0203238410894,998.0203238410894,0
2025-09-20T03:45:00,998.0203238410894,998.0203238410894,0
2025-09-20T04:00:00,998.0203238410894,998.0203238410894,0
2025-09-20T04:15:00,998.0203238410894,998.0203238410894,0
2025-09-20T04:30:00,998.0203238410894,998.0203238410894,0
2025-09-20T04:45:00,998.0203238410894,998.0203238410894,0
2025-09-20T05:00:00,998.0203238410894,998.0203238410894,0
2025-09-20T05:15:00,998.0203238410894,998.0203238410894,0
2025-09-20T05:30:00,998.0203238410894,998.0203238410894,0
2025-09-20T05:45:00,998.0203238410894,998.0203238410894,0
2025-09-20T06:00:00,998.0203238410894,998.0203238410894,0
2025-09-20T06:15:00,998.0203238410894,998.0203238410894,0
2025-09-20T06:30:00,998.0203238410894,998.0203238410894,0
2025-09-20T06:45:00,998.0203238410894,998.0203238410894,0
2025-09-20T07:00:00,998.0203238410894,998.0203238410894,0
2025-09-20T07:15:00,998.0203238410894,998.0203238410894,0
2025-09-20T07:30:00,998.0203238410894,998.0203238410894,0
2025-09-20T07:45:00,998.0203238410894,998.0203238410894,0
2025-09-20T08:00:00,998.0203238410894,998.0203238410894,0
2025-09-20T08:15:00,998.0203238410894,998.0203238410894,0
2025-09-20T08:30:00,998.0203238410894,998.0203238410894,0
2025-09-20T08:45:00,998.0203238410894,998.0203238410894,0
2025-09-20T09:00:00,998.0203238410894,998.0203238410894,0
2025-09-20T09:15:00,998.0203238410894,998.0203238410894,0
2025-09-20T09:30:00,998.0203238410894,998.0203238410894,0
2025-09-20T09:45:00,998.0203238410894,998.0203238410894,0
2025-09-20T10:00:00,998.0203238410894,998.0203238410894,0
2025-09-20T10:15:00,998.0203238410894,998.0203238410894,0
2025-09-20T10:30:00,998.0203238410894,998.0203238410894,0
2025-09-20T10:45:00,998.0203238410894,998.0203238410894,0
2025-09-20T11:00:00,998.0203238410894,998.0203238410894,0
2025-09-20T11:15:00,998.0203238410894,998.0203238410894,0
2025-09-20T11:30:00,998.0203238410894,998.0203238410894,0
2025-09-20T11:45:00,998.0203238410894,998.0203238410894,0
2025-09-20T12:00:00,998.0203238410894,998.0203238410894,0
2025-09-20T12:15:00,998.0203238410894,998.0203238410894,0
2025-09-20T12:30:00,998.0203238410894,998.0203238410894,0
2025-09-20T12:45:00,998.0203238410894,998.0203238410894,0
2025-09-20T13:00:00,998.0203238410894,998.0203238410894,0
2025-09-20T13:15:00,998.0203238410894,998.0203238410894,0
2025-09-20T13:30:00,998.0203238410894,998.0203238410894,0
2025-09-20T13:45:00,998.0203238410894,998.0203238410894,0
2025-09-20T14:00:00,998.0203238410894,998.0203238410894,0
2025-09-20T14:15:00,998.0203238410894,998.0203238410894,0
2025-09-20T14:30:00,998.0203238410894,998.0203238410894,0
2025-09-20T14:45:00,998.0203238410894,998.0203238410894,0
2025-09-20T15:00:00,998.0203238410894,998.0203238410894,0
2025-09-20T15:15:00,998.0203238410894,998.0203238410894,0
2025-09-20T15:30:00,998.0203238410894,998.0203238410894,0
2025-09-20T15:45:00,998.0203238410894,998.0203238410894,0
2025-09-20T16:00:00,998.0203238410894,998.0203238410894,0
2025-09-20T16:15:00,998.0203238410894,998.0203238410894,0
2025-09-20T16:30:00,998.0203238410894,998.0203238410894,0
2025-09-20T16:45:00,998.0203238410894,998.0203238410894,0
2025-09-20T17:00:00,998.0203238410894,998.0203238410894,0
2025-09-20T17:15:00,998.0203238410894,998.0203238410894,0
2025-09-20T17:30:00,998.0203238410894,998.0203238410894,0
2025-09-20T17:45:00,998.0203238410894,998.0203238410894,0
2025-09-20T18:00:00,998.0203238410894,998.0203238410894,0
2025-09-20T18:15:00,998.0203238410894,998.0203238410894,0
2025-09-20T18:30:00,998.0203238410894,998.0203238410894,0
2025-09-20T18:45:00,998.0203238410894,998.0203238410894,0
2025-09-20T19:00:00,998.0203238410894,998.0203238410894,0
2025-09-20T19:15:00,998.0203238410894,998.0203238410894,0
2025-09-20T19:30:00,998.0203238410894,998.0203238410894,0
2025-09-20T19:45:00,998.0203238410894,998.0203238410894,0
2025-09-20T20:00:00,998.0203238410894,998.0203238410894,0
2025-09-20T20:15:00,998.0203238410894,998.0203238410894,0
2025-09-20T20:30:00,998.0203238410894,998.0203238410894,0
2025-09-20T20:45:00,998.0203238410894,998.0203238410894,0
2025-09-20T21:00:00,998.0203238410894,998.0203238410894,0
2025-09-20T21:15:00,998.0203238410894,998.0203238410894,0
2025-09-20T21:30:00,998.0203238410894,998.0203238410894,0
2025-09-20T21:45:00,998.0203238410894,998.0203238410894,0
2025-09-20T22:00:00,998.0203238410894,998.0203238410894,0
2025-09-20T22:15:00,998.0203238410894,998.0203238410894,0
2025-09-20T22:30:00,998.0203238410894,998.0203238410894,0
2025-09-20T22:45:00,998.0203238410894,998.0203238410894,0
2025-09-20T23:00:00,998.0203238410894,998.0203238410894,0
2025-09-20T23:15:00,998.0203238410894,998.0203238410894,0
2025-09-20T23:30:00,998.0203238410894,998.0203238410894,0
2025-09-20T23:45:00,998.0203238410894,998.0203238410894,0
2025-09-21T00:00:00,998.0203238410894,998.0203238410894,0
2025-09-21T00:15:00,998.0203238410894,998.0203238410894,0
2025-09-21T00:30:00,998.0203238410894,998.0203238410894,0
2025-09-21T00:45:00,998.0203238410894,998.0203238410894,0
2025-09-21T01:00:00,998.0203238410894,998.0203238410894,0
2025-09-21T01:15:00,998.0203238410894,998.0203238410894,0
2025-09-21T01:30:00,998.0203238410894,998.0203238410894,0
2025-09-21T01:45:00,998.0203238410894,998.0203238410894,0
2025-09-21T02:00:00,998.0203238410894,998.0203238410894,0
2025-09-21T02:15:00,998.0203238410894,998.0203238410894,0
2025-09-21T02:30:00,998.0203238410894,998.0203238410894,0
2025-09-21T02:45:00,998.0203238410894,998.0203238410894,0
2025-09-21T03:00:00,998.0203238410894,998.0203238410894,0
2025-09-21T03:15:00,998.0203238410894,998.0203238410894,0
2025-09-21T03:30:00,998.0203238410894,998.0203238410894,0
2025-09-21T03:45:00,998.0203238410894,998.0203238410894,0
2025-09-21T04:00:00,998.0203238410894,998.0203238410894,0
2025-09-21T04:15:00,998.0203238410894,998.0203238410894,0
2025-09-21T04:30:00,998.0203238410894,998.0203238410894,0
2025-09-21T04:45:00,998.0203238410894,998.0203238410894,0
2025-09-21T05:00:00,998.0203238410894,998.0203238410894,0
2025-09-21T05:15:00,998.0203238410894,998.0203238410894,0
2025-09-21T05:30:00,998.0203238410894,998.0203238410894,0
2025-09-21T05:45:00,998.0203238410894,998.0203238410894,0
2025-09-21T06:00:00,998.0203238410894,998.0203238410894,0
2025-09-21T06:15:00,998.0203238410894,998.0203238410894,0
2025-09-21T06:30:00,998.0203238410894,998.0203238410894,0
2025-09-21T06:45:00,998.0203238410894,998.0203238410894,0
2025-09-21T07:00:00,998.0203238410894,998.0203238410894,0
2025-09-21T07:15:00,998.0203238410894,998.0203238410894,0
2025-09-21T07:30:00,998.0203238410894,998.0203238410894,0
2025-09-21T07:45:00,998.0203238410894,998.0203238410894,0
2025-09-21T08:00:00,998.0203238410894,998.0203238410894,0
2025-09-21T08:15:00,998.0203238410894,998.0203238410894,0
2025-09-21T08:30:00,998.0203238410894,998.0203238410894,0
2025-09-21T08:45:00,998.0203238410894,998.0203238410894,0
2025-09-21T09:00:00,998.0203238410894,998.0203238410894,0
2025-09-21T09:15:00,998.0203238410894,998.0203238410894,0
2025-09-21T09:30:00,998.0203238410894,998.0203238410894,0
2025-09-21T09:45:00,998.0203238410894,998.0203238410894,0
2025-09-21T10:00:00,998.0203238410894,998.0203238410894,0
2025-09-21T10:15:00,998.0203238410894,998.0203238410894,0
2025-09-21T10:30:00,998.0203238410894,998.0203238410894,0
2025-09-21T10:45:00,998.0203238410894,998.0203238410894,0
2025-09-21T11:00:00,998.0203238410894,998.0203238410894,0
2025-09-21T11:15:00,998.0203238410894,998.0203238410894,0
2025-09-21T11:30:00,998.0203238410894,998.0203238410894,0
2025-09-21T11:45:00,998.0203238410894,998.0203238410894,0
2025-09-21T12:00:00,998.0203238410894,998.0203238410894,0
2025-09-21T12:15:00,998.0203238410894,998.0203238410894,0
2025-09-21T12:30:00,998.0203238410894,998.0203238410894,0
2025-09-21T12:45:00,998.0203238410894,998.0203238410894,0
2025-09-21T13:00:00,998.0203238410894,998.0203238410894,0
2025-09-21T13:15:00,998.0203238410894,998.0203238410894,0
2025-09-21T13:30:00,998.0203238410894,998.0203238410894,0
2025-09-21T13:45:00,998.0203238410894,998.0203238410894,0
2025-09-21T14:00:00,998.0203238410894,998.0203238410894,0
2025-09-21T14:15:00,998.0203238410894,998.0203238410894,0
2025-09-21T14:30:00,998.0203238410894,998.0203238410894,0
2025-09-21T14:45:00,998.0203238410894,998.0203238410894,0
2025-09-21T15:00:00,998.0203238410894,998.0203238410894,0
2025-09-21T15:15:00,998.0203238410894,998.0203238410894,0
2025-09-21T15:30:00,998.0203238410894,998.0203238410894,0
2025-09-21T15:45:00,998.0203238410894,998.0203238410894,0
2025-09-21T16:00:00,998.0203238410894,998.0203238410894,0
2025-09-21T16:15:00,998.0203238410894,998.0203238410894,0
2025-09-21T16:30:00,998.0203238410894,998.0203238410894,0
2025-09-21T16:45:00,998.0203238410894,998.0203238410894,0
2025-09-21T17:00:00,998.0203238410894,998.0203238410894,0
2025-09-21T17:15:00,998.0203238410894,998.0203238410894,0
2025-09-21T17:30:00,998.0203238410894,998.0203238410894,0
2025-09-21T17:45:00,998.0203238410894,998.0203238410894,0
2025-09-21T18:00:00,998.0203238410894,998.0203238410894,0
2025-09-21T18:15:00,998.0203238410894,998.0203238410894,0
2025-09-21T18:30:00,998.0203238410894,998.0203238410894,0
2025-09-21T18:45:00,998.0203238410894,998.0203238410894,0
2025-09-21T19:00:00,998.0203238410894,998.0203238410894,0
2025-09-21T19:15:00,998.0203238410894,998.0203238410894,0
2025-09-21T19:30:00,998.0203238410894,998.0203238410894,0
2025-09-21T19:45:00,998.0203238410894,998.0203238410894,0
2025-09-21T20:00:00,998.0203238410894,998.0203238410894,0
2025-09-21T20:15:00,998.0203238410894,998.0203238410894,0
2025-09-21T20:30:00,998.0203238410894,998.0203238410894,0
2025-09-21T20:45:00,998.0203238410894,998.0203238410894,0
2025-09-21T21:00:00,998.0203238410894,998.0203238410894,0
2025-09-21T21:15:00,998.0203238410894,998.0203238410894,0
2025-09-21T21:30:00,998.0203238410894,998.0203238410894,0
2025-09-21T21:45:00,998.0203238410894,998.0203238410894,0
2025-09-21T22:00:00,998.0203238410894,998.0203238410894,0
2025-09-21T22:15:00,998.0203238410894,998.0203238410894,0
2025-09-21T22:30:00,998.0203238410894,998.0203238410894,0
2025-09-21T22:45:00,998.0203238410894,998.0203238410894,0
2025-09-21T23:00:00,998.0203238410894,998.0203238410894,0
2025-09-21T23:15:00,998.0203238410894,998.0203238410894,0
2025-09-21T23:30:00,998.0203238410894,998.0203238410894,0
2025-09-21T23:45:00,998.0203238410894,998.0203238410894,0
2025-09-22T00:00:00,998.0203238410894,998.0203238410894,0
2025-09-22T00:15:00,998.0203238410894,998.0203238410894,0
2025-09-22T00:30:00,998.0203238410894,998.0203238410894,0
2025-09-22T00:45:00,998.0203238410894,998.0203238410894,0
2025-09-22T01:00:00,998.0203238410894,998.0203238410894,0
2025-09-22T01:15:00,998.0203238410894,998.0203238410894,0
2025-09-22T01:30:00,998.0203238410894,998.0203238410894,0
2025-09-22T01:45:00,998.0203238410894,998.0203238410894,0
2025-09-22T02:00:00,998.0203238410894,998.0203238410894,0
2025-09-22T02:15:00,998.0203238410894,998.0203238410894,0
2025-09-22T02:30:00,998.0203238410894,998.0203238410894,0
2025-09-22T02:45:00,998.0203238410894,998.0203238410894,0
2025-09-22T03:00:00,998.0203238410894,998.0203238410894,0
2025-09-22T03:15:00,998.0203238410894,998.0203238410894,0
2025-09-22T03:30:00,998.0203238410894,998.0203238410894,0
2025-09-22T03:45:00,998.0203238410894,998.0203238410894,0
2025-09-22T04:00:00,998.0203238410894,998.0203238410894,0
2025-09-22T04:15:00,998.0203238410894,998.0203238410894,0
2025-09-22T04:30:00,998.0203238410894,998.0203238410894,0
2025-09-22T04:45:00,998.0203238410894,998.0203238410894,0
2025-09-22T05:00:00,998.0203238410894,998.0203238410894,0
2025-09-22T05:15:00,998.0203238410894,998.0203238410894,0
2025-09-22T05:30:00,998.0203238410894,998.0203238410894,0
2025-09-22T05:45:00,998.0203238410894,998.0203238410894,0
2025-09-22T06:00:00,998.0203238410894,998.0203238410894,0
2025-09-22T06:15:00,998.0203238410894,998.0203238410894,0
2025-09-22T06:30:00,998.0203238410894,998.0203238410894,0
2025-09-22T06:45:00,998.0203238410894,998.0203238410894,0
2025-09-22T07:00:00,998.0203238410894,998.0203238410894,0
2025-09-22T07:15:00,998.0203238410894,998.0203238410894,0
2025-09-22T07:30:00,998.0203238410894,998.0203238410894,0
2025-09-22T07:45:00,998.0203238410894,998.0203238410894,0
2025-09-22T08:00:00,998.0203238410894,998.0203238410894,0
2025-09-22T08:15:00,998.0203238410894,998.0203238410894,0
2025-09-22T08:30:00,998.0203238410894,998.0203238410894,0
2025-09-22T08:45:00,998.0203238410894,998.0203238410894,0
2025-09-22T09:00:00,998.0203238410894,998.0203238410894,0
2025-09-22T09:15:00,998.0203238410894,998.0203238410894,0
2025-09-22T09:30:00,998.0203238410894,998.0203238410894,0
2025-09-22T09:45:00,998.0203238410894,998.0203238410894,0
2025-09-22T10:00:00,998.0203238410894,998.0203238410894,0
2025-09-22T10:15:00,998.0203238410894,998.0203238410894,0
2025-09-22T10:30:00,998.0203238410894,998.0203238410894,0
2025-09-22T10:45:00,998.0203238410894,998.0203238410894,0
2025-09-22T11:00:00,998.0203238410894,998.0203238410894,0
2025-09-22T11:15:00,998.0203238410894,998.0203238410894,0
2025-09-22T11:30:00,998.0203238410894,998.0203238410894,0
2025-09-22T11:45:00,998.0203238410894,998.0203238410894,0
2025-09-22T12:00:00,998.0203238410894,998.0203238410894,0
2025-09-22T12:15:00,998.0203238410894,998.0203238410894,0
2025-09-22T12:30:00,998.0203238410894,998.0203238410894,0
2025-09-22T12:45:00,998.0203238410894,998.0203238410894,0
2025-09-22T13:00:00,998.0203238410894,998.0203238410894,0
2025-09-22T13:15:00,998.0203238410894,998.0203238410894,0
2025-09-22T13:30:00,998.0203238410894,998.0203238410894,0
2025-09-22T13:45:00,998.0203238410894,998.0203238410894,0
2025-09-22T14:00:00,998.0203238410894,998.0203238410894,0
2025-09-22T14:15:00,998.0203238410894,998.0203238410894,0
2025-09-22T14:30:00,998.0203238410894,998.0203238410894,0
2025-09-22T14:45:00,998.0203238410894,998.0203238410894,0
2025-09-22T15:00:00,998.0203238410894,998.0203238410894,0
2025-09-22T15:15:00,998.0203238410894,998.0203238410894,0
2025-09-22T15:30:00,998.0203238410894,998.0203238410894,0
2025-09-22T15:45:00,998.0203238410894,998.0203238410894,0
2025-09-22T16:00:00,998.0203238410894,998.0203238410894,0
2025-09-22T16:15:00,998.0203238410894,998.0203238410894,0
2025-09-22T16:30:00,998.0203238410894,998.0203238410894,0
2025-09-22T16:45:00,998.0203238410894,998.0203238410894,0
2025-09-22T17:00:00,998.0203238410894,998.0203238410894,0
2025-09-22T17:15:00,998.0203238410894,998.0203238410894,0
2025-09-22T17:30:00,998.0203238410894,998.0203238410894,0
2025-09-22T17:45:00,998.0203238410894,998.0203238410894,0
2025-09-22T18:00:00,998.0203238410894,998.0203238410894,0
2025-09-22T18:15:00,998.0203238410894,998.0203238410894,0
2025-09-22T18:30:00,998.0203238410894,998.0203238410894,0
2025-09-22T18:45:00,998.0203238410894,998.0203238410894,0
2025-09-22T19:00:00,998.0203238410894,998.0203238410894,0
2025-09-22T19:15:00,998.0203238410894,998.0203238410894,0
2025-09-22T19:30:00,998.0203238410894,998.0203238410894,0
2025-09-22T19:45:00,998.0203238410894,998.0203238410894,0
2025-09-22T20:00:00,998.0203238410894,998.0203238410894,0
2025-09-22T20:15:00,998.0203238410894,998.0203238410894,0
2025-09-22T20:30:00,998.0203238410894,998.0203238410894,0
2025-09-22T20:45:00,998.0203238410894,998.0203238410894,0
2025-09-22T21:00:00,998.0203238410894,998.0203238410894,0
2025-09-22T21:15:00,998.0203238410894,998.0203238410894,0
2025-09-22T21:30:00,998.0203238410894,998.0203238410894,0
2025-09-22T21:45:00,998.0203238410894,998.0203238410894,0
2025-09-22T22:00:00,998.0203238410894,998.0203238410894,0
2025-09-22T22:15:00,998.0203238410894,998.0203238410894,0
2025-09-22T22:30:00,998.0203238410894,998.0203238410894,0
2025-09-22T22:45:00,998.0203238410894,998.0203238410894,0
2025-09-22T23:00:00,998.0203238410894,998.0203238410894,0
2025-09-22T23:15:00,998.0203238410894,998.0203238410894,0
2025-09-22T23:30:00,998.0203238410894,998.0203238410894,0
2025-09-22T23:45:00,998.0203238410894,998.0203238410894,0
2025-09-23T00:00:00,998.0203238410894,998.0203238410894,0
2025-09-23T00:15:00,998.0203238410894,998.0203238410894,0
2025-09-23T00:30:00,998.0203238410894,998.0203238410894,0
2025-09-23T00:45:00,998.0203238410894,998.0203238410894,0
2025-09-23T01:00:00,998.0203238410894,998.0203238410894,0
2025-09-23T01:15:00,998.0203238410894,998.0203238410894,0
2025-09-23T01:30:00,998.0203238410894,998.0203238410894,0
2025-09-23T01:45:00,998.0203238410894,998.0203238410894,0
2025-09-23T02:00:00,998.0203238410894,998.0203238410894,0
2025-09-23T02:15:00,998.0203238410894,998.0203238410894,0
2025-09-23T02:30:00,998.0203238410894,998.0203238410894,0
2025-09-23T02:45:00,998.0203238410894,998.0203238410894,0
2025-09-23T03:00:00,998.0203238410894,998.0203238410894,0
2025-09-23T03:15:00,998.0203238410894,998.0203238410894,0
2025-09-23T03:30:00,998.0203238410894,998.0203238410894,0
2025-09-23T03:45:00,998.0203238410894,998.0203238410894,0
2025-09-23T04:00:00,998.0203238410894,998.0203238410894,0
2025-09-23T04:15:00,998.0203238410894,998.0203238410894,0
2025-09-23T04:30:00,998.0203238410894,998.0203238410894,0
2025-09-23T04:45:00,998.0203238410894,998.0203238410894,0
2025-09-23T05:00:00,998.0203238410894,998.0203238410894,0
2025-09-23T05:15:00,998.0203238410894,998.0203238410894,0
2025-09-23T05:30:00,998.0203238410894,998.0203238410894,0
2025-09-23T05:45:00,998.0203238410894,998.0203238410894,0
2025-09-23T06:00:00,998.0203238410894,998.0203238410894,0
2025-09-23T06:15:00,998.0203238410894,998.0203238410894,0
2025-09-23T06:30:00,998.0203238410894,998.0203238410894,0
2025-09-23T06:45:00,998.0203238410894,998.0203238410894,0
2025-09-23T07:00:00,998.0203238410894,998.0203238410894,0
2025-09-23T07:15:00,998.0203238410894,998.0203238410894,0
2025-09-23T07:30:00,998.0203238410894,998.0203238410894,0
2025-09-23T07:45:00,998.0203238410894,998.0203238410894,0
2025-09-23T08:00:00,998.0203238410894,998.0203238410894,0
2025-09-23T08:15:00,998.0203238410894,998.0203238410894,0
2025-09-23T08:30:00,998.0203238410894,998.0203238410894,0
2025-09-23T08:45:00,998.0203238410894,998.0203238410894,0
2025-09-23T09:00:00,998.0203238410894,998.0203238410894,0
2025-09-23T09:15:00,998.0203238410894,998.0203238410894,0
2025-09-23T09:30:00,998.0203238410894,998.0203238410894,0
2025-09-23T09:45:00,998.0203238410894,998.0203238410894,0
2025-09-23T10:00:00,998.0203238410894,998.0203238410894,0
2025-09-23T10:15:00,998.0203238410894,998.0203238410894,0
2025-09-23T10:30:00,998.0203238410894,998.0203238410894,0
2025-09-23T10:45:00,998.0203238410894,998.0203238410894,0
2025-09-23T11:00:00,998.0203238410894,998.0203238410894,0
2025-09-23T11:15:00,997.2609288273273,898.0586082051659,1
2025-09-23T11:30:00,996.4391238442774,996.4391238442774,0
2025-09-23T11:45:00,996.4391238442774,996.4391238442774,0
2025-09-23T12:00:00,996.4391238442774,996.4391238442774,0
2025-09-23T12:15:00,996.4391238442774,996.4391238442774,0
2025-09-23T12:30:00,996.4391238442774,996.4391238442774,0
2025-09-23T12:45:00,996.4391238442774,996.4391238442774,0
2025-09-23T13:00:00,996.4391238442774,996.4391238442774,0
2025-09-23T13:15:00,996.4391238442774,996.4391238442774,0
2025-09-23T13:30:00,996.4391238442774,996.4391238442774,0
2025-09-23T13:45:00,996.4391238442774,996.4391238442774,0
2025-09-23T14:00:00,996.4391238442774,996.4391238442774,0
2025-09-23T14:15:00,996.4391238442774,996.4391238442774,0
2025-09-23T14:30:00,996.4391238442774,996.4391238442774,0
2025-09-23T14:45:00,996.4391238442774,996.4391238442774,0
2025-09-23T15:00:00,996.4391238442774,996.4391238442774,0
2025-09-23T15:15:00,996.4391238442774,996.4391238442774,0
2025-09-23T15:30:00,996.4391238442774,996.4391238442774,0
2025-09-23T15:45:00,996.4391238442774,996.4391238442774,0
2025-09-23T16:00:00,996.4391238442774,996.4391238442774,0
2025-09-23T16:15:00,996.4391238442774,996.4391238442774,0
2025-09-23T16:30:00,996.4391238442774,996.4391238442774,0
2025-09-23T16:45:00,996.4391238442774,996.4391238442774,0
2025-09-23T17:00:00,996.4391238442774,996.4391238442774,0
2025-09-23T17:15:00,996.4391238442774,996.4391238442774,0
2025-09-23T17:30:00,995.6809319677308,896.6357812000347,1
2025-09-23T17:45:00,995.2610160202339,896.6357812000347,1
2025-09-23T18:00:00,994.7467152955475,896.6357812000347,1
2025-09-23T18:15:00,994.2526398802587,896.6357812000347,1
2025-09-23T18:30:00,995.0366113969156,896.6357812000347,1
2025-09-23T18:45:00,994.4751182836344,896.6357812000347,1
2025-09-23T19:00:00,993.2510055100827,896.6357812000347,1
2025-09-23T19:15:00,992.9010651635481,992.9010651635481,0
2025-09-23T19:30:00,992.9010651635481,992.9010651635481,0
2025-09-23T19:45:00,992.9010651635481,992.9010651635481,0
2025-09-23T20:00:00,992.9010651635481,992.9010651635481,0
2025-09-23T20:15:00,992.9010651635481,992.9010651635481,0
2025-09-23T20:30:00,992.9010651635481,992.9010651635481,0
2025-09-23T20:45:00,992.9010651635481,992.9010651635481,0
2025-09-23T21:00:00,992.9010651635481,992.9010651635481,0
2025-09-23T21:15:00,992.9010651635481,992.9010651635481,0
2025-09-23T21:30:00,992.9010651635481,992.9010651635481,0
2025-09-23T21:45:00,992.9010651635481,992.9010651635481,0
2025-09-23T22:00:00,992.9010651635481,992.9010651635481,0
2025-09-23T22:15:00,992.9010651635481,992.9010651635481,0
2025-09-23T22:30:00,992.9010651635481,992.9010651635481,0
2025-09-23T22:45:00,992.9010651635481,992.9010651635481,0
2025-09-23T23:00:00,992.9010651635481,992.9010651635481,0
2025-09-23T23:15:00,992.9010651635481,992.9010651635481,0
2025-09-23T23:30:00,992.9010651635481,992.9010651635481,0
2025-09-23T23:45:00,992.9010651635481,992.9010651635481,0
2025-09-24T00:00:00,992.9010651635481,992.9010651635481,0
2025-09-24T00:15:00,992.9010651635481,992.9010651635481,0
2025-09-24T00:30:00,992.9010651635481,992.9010651635481,0
2025-09-24T00:45:00,992.9010651635481,992.9010651635481,0
2025-09-24T01:00:00,992.9010651635481,992.9010651635481,0
2025-09-24T01:15:00,992.9010651635481,992.9010651635481,0
2025-09-24T01:30:00,992.9010651635481,992.9010651635481,0
2025-09-24T01:45:00,992.9010651635481,992.9010651635481,0
2025-09-24T02:00:00,992.9010651635481,992.9010651635481,0
2025-09-24T02:15:00,992.9010651635481,992.9010651635481,0
2025-09-24T02:30:00,992.9010651635481,992.9010651635481,0
2025-09-24T02:45:00,992.9010651635481,992.9010651635481,0
2025-09-24T03:00:00,992.9010651635481,992.9010651635481,0
2025-09-24T03:15:00,992.9010651635481,992.9010651635481,0
2025-09-24T03:30:00,992.9010651635481,992.9010651635481,0
2025-09-24T03:45:00,992.9010651635481,992.9010651635481,0
2025-09-24T04:00:00,992.9010651635481,992.9010651635481,0
2025-09-24T04:15:00,992.9010651635481,992.9010651635481,0
2025-09-24T04:30:00,992.9010651635481,992.9010651635481,0
2025-09-24T04:45:00,992.9010651635481,992.9010651635481,0
2025-09-24T05:00:00,992.9010651635481,992.9010651635481,0
2025-09-24T05:15:00,992.9010651635481,992.9010651635481,0
2025-09-24T05:30:00,992.9010651635481,992.9010651635481,0
2025-09-24T05:45:00,992.9010651635481,992.9010651635481,0
2025-09-24T06:00:00,992.9010651635481,992.9010651635481,0
2025-09-24T06:15:00,992.9010651635481,992.9010651635481,0
2025-09-24T06:30:00,992.9010651635481,992.9010651635481,0
2025-09-24T06:45:00,992.9010651635481,992.9010651635481,0
2025-09-24T07:00:00,992.9010651635481,992.9010651635481,0
2025-09-24T07:15:00,992.9010651635481,992.9010651635481,0
2025-09-24T07:30:00,992.9010651635481,992.9010651635481,0
2025-09-24T07:45:00,992.9010651635481,992.9010651635481,0
2025-09-24T08:00:00,992.9010651635481,992.9010651635481,0
2025-09-24T08:15:00,992.9010651635481,992.9010651635481,0
2025-09-24T08:30:00,992.9010651635481,992.9010651635481,0
2025-09-24T08:45:00,992.9010651635481,992.9010651635481,0
2025-09-24T09:00:00,992.9010651635481,992.9010651635481,0
2025-09-24T09:15:00,992.9010651635481,992.9010651635481,0
2025-09-24T09:30:00,992.9010651635481,992.9010651635481,0
2025-09-24T09:45:00,992.9010651635481,992.9010651635481,0
2025-09-24T10:00:00,992.9010651635481,992.9010651635481,0
2025-09-24T10:15:00,992.9010651635481,992.9010651635481,0
2025-09-24T10:30:00,992.9010651635481,992.9010651635481,0
2025-09-24T10:45:00,992.9010651635481,992.9010651635481,0
2025-09-24T11:00:00,992.9010651635481,992.9010651635481,0
2025-09-24T11:15:00,992.9010651635481,992.9010651635481,0
2025-09-24T11:30:00,992.9010651635481,992.9010651635481,0
2025-09-24T11:45:00,992.9010651635481,992.9010651635481,0
2025-09-24T12:00:00,992.9010651635481,992.9010651635481,0
2025-09-24T12:15:00,992.9010651635481,992.9010651635481,0
2025-09-24T12:30:00,992.9010651635481,992.9010651635481,0
2025-09-24T12:45:00,992.9010651635481,992.9010651635481,0
2025-09-24T13:00:00,992.9010651635481,992.9010651635481,0
2025-09-24T13:15:00,992.9010651635481,992.9010651635481,0
2025-09-24T13:30:00,992.9010651635481,992.9010651635481,0
2025-09-24T13:45:00,992.9010651635481,992.9010651635481,0
2025-09-24T14:00:00,992.9010651635481,992.9010651635481,0
2025-09-24T14:15:00,992.9010651635481,992.9010651635481,0
2025-09-24T14:30:00,992.9010651635481,992.9010651635481,0
2025-09-24T14:45:00,992.9010651635481,992.9010651635481,0
2025-09-24T15:00:00,992.9010651635481,992.9010651635481,0
2025-09-24T15:15:00,992.9010651635481,992.9010651635481,0
2025-09-24T15:30:00,992.9010651635481,992.9010651635481,0
2025-09-24T15:45:00,992.9010651635481,992.9010651635481,0
2025-09-24T16:00:00,992.9010651635481,992.9010651635481,0
2025-09-24T16:15:00,992.9010651635481,992.9010651635481,0
2025-09-24T16:30:00,992.9010651635481,992.9010651635481,0
2025-09-24T16:45:00,992.9010651635481,992.9010651635481,0
2025-09-24T17:00:00,992.9010651635481,992.9010651635481,0
2025-09-24T17:15:00,992.9010651635481,992.9010651635481,0
2025-09-24T17:30:00,992.9010651635481,992.9010651635481,0
2025-09-24T17:45:00,992.9010651635481,992.9010651635481,0
2025-09-24T18:00:00,992.9010651635481,992.9010651635481,0
2025-09-24T18:15:00,992.9010651635481,992.9010651635481,0
2025-09-24T18:30:00,992.9010651635481,992.9010651635481,0
2025-09-24T18:45:00,992.9010651635481,992.9010651635481,0
2025-09-24T19:00:00,992.9010651635481,992.9010651635481,0
2025-09-24T19:15:00,992.9010651635481,992.9010651635481,0
2025-09-24T19:30:00,992.9010651635481,992.9010651635481,0
2025-09-24T19:45:00,992.9010651635481,992.9010651635481,0
2025-09-24T20:00:00,992.9010651635481,992.9010651635481,0
2025-09-24T20:15:00,992.9010651635481,992.9010651635481,0
2025-09-24T20:30:00,992.9010651635481,992.9010651635481,0
2025-09-24T20:45:00,992.9010651635481,992.9010651635481,0
2025-09-24T21:00:00,992.9010651635481,992.9010651635481,0
2025-09-24T21:15:00,992.9010651635481,992.9010651635481,0
2025-09-24T21:30:00,992.9010651635481,992.9010651635481,0
2025-09-24T21:45:00,992.9010651635481,992.9010651635481,0
2025-09-24T22:00:00,992.9010651635481,992.9010651635481,0
2025-09-24T22:15:00,992.9010651635481,992.9010651635481,0
2025-09-24T22:30:00,992.9010651635481,992.9010651635481,0
2025-09-24T22:45:00,992.9010651635481,992.9010651635481,0
2025-09-24T23:00:00,992.9010651635481,992.9010651635481,0
2025-09-24T23:15:00,992.9010651635481,992.9010651635481,0
2025-09-24T23:30:00,992.9010651635481,992.9010651635481,0
2025-09-24T23:45:00,992.9010651635481,992.9010651635481,0
2025-09-25T00:00:00,992.9010651635481,992.9010651635481,0
2025-09-25T00:15:00,992.9010651635481,992.9010651635481,0
2025-09-25T00:30:00,992.9010651635481,992.9010651635481,0
2025-09-25T00:45:00,992.9010651635481,992.9010651635481,0
2025-09-25T01:00:00,992.9010651635481,992.9010651635481,0
2025-09-25T01:15:00,992.9010651635481,992.9010651635481,0
2025-09-25T01:30:00,992.9010651635481,992.9010651635481,0
2025-09-25T01:45:00,992.9010651635481,992.9010651635481,0
2025-09-25T02:00:00,992.9010651635481,992.9010651635481,0
2025-09-25T02:15:00,992.9010651635481,992.9010651635481,0
2025-09-25T02:30:00,992.9010651635481,992.9010651635481,0
2025-09-25T02:45:00,992.9010651635481,992.9010651635481,0
2025-09-25T03:00:00,992.9010651635481,992.9010651635481,0
2025-09-25T03:15:00,992.9010651635481,992.9010651635481,0
2025-09-25T03:30:00,992.9010651635481,992.9010651635481,0
2025-09-25T03:45:00,992.9010651635481,992.9010651635481,0
2025-09-25T04:00:00,992.9010651635481,992.9010651635481,0
2025-09-25T04:15:00,992.9010651635481,992.9010651635481,0
2025-09-25T04:30:00,992.9010651635481,992.9010651635481,0
2025-09-25T04:45:00,992.9010651635481,992.9010651635481,0
2025-09-25T05:00:00,992.9010651635481,992.9010651635481,0
2025-09-25T05:15:00,992.9010651635481,992.9010651635481,0
2025-09-25T05:30:00,992.9010651635481,992.9010651635481,0
2025-09-25T05:45:00,992.9010651635481,992.9010651635481,0
2025-09-25T06:00:00,992.9010651635481,992.9010651635481,0
2025-09-25T06:15:00,992.9010651635481,992.9010651635481,0
2025-09-25T06:30:00,992.9010651635481,992.9010651635481,0
2025-09-25T06:45:00,992.9010651635481,992.9010651635481,0
2025-09-25T07:00:00,992.9010651635481,992.9010651635481,0
2025-09-25T07:15:00,992.9010651635481,992.9010651635481,0
2025-09-25T07:30:00,992.9010651635481,992.9010651635481,0
2025-09-25T07:45:00,992.9010651635481,992.9010651635481,0
2025-09-25T08:00:00,992.9010651635481,992.9010651635481,0
2025-09-25T08:15:00,992.9010651635481,992.9010651635481,0
2025-09-25T08:30:00,992.9010651635481,992.9010651635481,0
2025-09-25T08:45:00,992.9010651635481,992.9010651635481,0
2025-09-25T09:00:00,992.9010651635481,992.9010651635481,0
2025-09-25T09:15:00,992.9010651635481,992.9010651635481,0
2025-09-25T09:30:00,992.9010651635481,992.9010651635481,0
2025-09-25T09:45:00,992.9010651635481,992.9010651635481,0
2025-09-25T10:00:00,992.9010651635481,992.9010651635481,0
2025-09-25T10:15:00,992.9010651635481,992.9010651635481,0
2025-09-25T10:30:00,992.9010651635481,992.9010651635481,0
2025-09-25T10:45:00,992.9010651635481,992.9010651635481,0
2025-09-25T11:00:00,992.9010651635481,992.9010651635481,0
2025-09-25T11:15:00,992.9010651635481,992.9010651635481,0
2025-09-25T11:30:00,992.9010651635481,992.9010651635481,0
2025-09-25T11:45:00,992.9010651635481,992.9010651635481,0
2025-09-25T12:00:00,992.9010651635481,992.9010651635481,0
2025-09-25T12:15:00,992.1455654006351,893.4520944767671,1
2025-09-25T12:30:00,986.7438565398371,893.4520944767671,1
2025-09-25T12:45:00,988.5064238502246,893.4520944767671,1
2025-09-25T13:00:00,988.7657139468299,893.4520944767671,1
2025-09-25T13:15:00,986.015422883226,893.4520944767671,1
2025-09-25T13:30:00,990.4980139307653,893.4520944767671,1
2025-09-25T13:45:00,989.3074990903204,893.4520944767671,1
2025-09-25T14:00:00,985.9029226070234,985.9029226070234,0
2025-09-25T14:15:00,985.9029226070234,985.9029226070234,0
2025-09-25T14:30:00,985.9029226070234,985.9029226070234,0
2025-09-25T14:45:00,985.9029226070234,985.9029226070234,0
2025-09-25T15:00:00,985.9029226070234,985.9029226070234,0
2025-09-25T15:15:00,985.9029226070234,985.9029226070234,0
2025-09-25T15:30:00,985.9029226070234,985.9029226070234,0
2025-09-25T15:45:00,985.9029226070234,985.9029226070234,0
2025-09-25T16:00:00,985.9029226070234,985.9029226070234,0
2025-09-25T16:15:00,985.9029226070234,985.9029226070234,0
2025-09-25T16:30:00,985.9029226070234,985.9029226070234,0
2025-09-25T16:45:00,985.9029226070234,985.9029226070234,0
2025-09-25T17:00:00,985.1527477402433,887.1548858787039,1
2025-09-25T17:15:00,985.9482838166792,887.1548858787039,1
2025-09-25T17:30:00,987.9705208194865,887.1548858787039,1
2025-09-25T17:45:00,989.908145395398,887.1548858787039,1
2025-09-25T18:00:00,988.5152670967125,887.1548858787039,1
2025-09-25T18:15:00,987.7234238507724,887.1548858787039,1
2025-09-25T18:30:00,987.5620148906519,887.1548858787039,1
2025-09-25T18:45:00,986.5861396162137,887.1548858787039,1
2025-09-25T19:00:00,986.8944730362574,887.1548858787039,1
2025-09-25T19:15:00,986.3741066108488,887.1548858787039,1
2025-09-25T19:30:00,987.3420225807231,887.1548858787039,1
2025-09-25T19:45:00,988.0209656011145,887.1548858787039,1
2025-09-25T20:00:00,988.4327341277659,887.1548858787039,1
2025-09-25T20:15:00,988.0284229675528,887.1548858787039,1
2025-09-25T20:30:00,988.575535524514,887.1548858787039,1
2025-09-25T20:45:00,988.4113899977324,988.4113899977324,0
2025-09-25T21:00:00,988.4113899977324,988.4113899977324,0
2025-09-25T21:15:00,988.4113899977324,988.4113899977324,0
2025-09-25T21:30:00,988.4113899977324,988.4113899977324,0
2025-09-25T21:45:00,988.4113899977324,988.4113899977324,0
2025-09-25T22:00:00,988.4113899977324,988.4113899977324,0
2025-09-25T22:15:00,988.4113899977324,988.4113899977324,0
2025-09-25T22:30:00,988.4113899977324,988.4113899977324,0
2025-09-25T22:45:00,988.4113899977324,988.4113899977324,0
2025-09-25T23:00:00,988.4113899977324,988.4113899977324,0
2025-09-25T23:15:00,988.4113899977324,988.4113899977324,0
2025-09-25T23:30:00,988.4113899977324,988.4113899977324,0
2025-09-25T23:45:00,988.4113899977324,988.4113899977324,0
2025-09-26T00:00:00,988.4113899977324,988.4113899977324,0
2025-09-26T00:15:00,988.4113899977324,988.4113899977324,0
2025-09-26T00:30:00,988.4113899977324,988.4113899977324,0
2025-09-26T00:45:00,988.4113899977324,988.4113899977324,0
2025-09-26T01:00:00,988.4113899977324,988.4113899977324,0
2025-09-26T01:15:00,988.4113899977324,988.4113899977324,0
2025-09-26T01:30:00,988.4113899977324,988.4113899977324,0
2025-09-26T01:45:00,988.4113899977324,988.4113899977324,0
2025-09-26T02:00:00,988.4113899977324,988.4113899977324,0
2025-09-26T02:15:00,988.4113899977324,988.4113899977324,0
2025-09-26T02:30:00,988.4113899977324,988.4113899977324,0
2025-09-26T02:45:00,988.4113899977324,988.4113899977324,0
2025-09-26T03:00:00,988.4113899977324,988.4113899977324,0
2025-09-26T03:15:00,988.4113899977324,988.4113899977324,0
2025-09-26T03:30:00,988.4113899977324,988.4113899977324,0
2025-09-26T03:45:00,988.4113899977324,988.4113899977324,0
2025-09-26T04:00:00,988.4113899977324,988.4113899977324,0
2025-09-26T04:15:00,988.4113899977324,988.4113899977324,0
2025-09-26T04:30:00,988.4113899977324,988.4113899977324,0
2025-09-26T04:45:00,988.4113899977324,988.4113899977324,0
2025-09-26T05:00:00,988.4113899977324,988.4113899977324,0
2025-09-26T05:15:00,988.4113899977324,988.4113899977324,0
2025-09-26T05:30:00,988.4113899977324,988.4113899977324,0
2025-09-26T05:45:00,988.4113899977324,988.4113899977324,0
2025-09-26T06:00:00,988.4113899977324,988.4113899977324,0
2025-09-26T06:15:00,988.4113899977324,988.4113899977324,0
2025-09-26T06:30:00,988.4113899977324,988.4113899977324,0
2025-09-26T06:45:00,988.4113899977324,988.4113899977324,0
2025-09-26T07:00:00,988.4113899977324,988.4113899977324,0
2025-09-26T07:15:00,988.4113899977324,988.4113899977324,0
2025-09-26T07:30:00,988.4113899977324,988.4113899977324,0
2025-09-26T07:45:00,988.4113899977324,988.4113899977324,0
2025-09-26T08:00:00,988.4113899977324,988.4113899977324,0
2025-09-26T08:15:00,988.4113899977324,988.4113899977324,0
2025-09-26T08:30:00,988.4113899977324,988.4113899977324,0
2025-09-26T08:45:00,988.4113899977324,988.4113899977324,0
2025-09-26T09:00:00,988.4113899977324,988.4113899977324,0
2025-09-26T09:15:00,988.4113899977324,988.4113899977324,0
2025-09-26T09:30:00,988.4113899977324,988.4113899977324,0
2025-09-26T09:45:00,988.4113899977324,988.4113899977324,0
2025-09-26T10:00:00,988.4113899977324,988.4113899977324,0
2025-09-26T10:15:00,988.4113899977324,988.4113899977324,0
2025-09-26T10:30:00,988.4113899977324,988.4113899977324,0
2025-09-26T10:45:00,988.4113899977324,988.4113899977324,0
2025-09-26T11:00:00,988.4113899977324,988.4113899977324,0
2025-09-26T11:15:00,988.4113899977324,988.4113899977324,0
2025-09-26T11:30:00,988.4113899977324,988.4113899977324,0
2025-09-26T11:45:00,988.4113899977324,988.4113899977324,0
2025-09-26T12:00:00,988.4113899977324,988.4113899977324,0
2025-09-26T12:15:00,988.4113899977324,988.4113899977324,0
2025-09-26T12:30:00,988.4113899977324,988.4113899977324,0
2025-09-26T12:45:00,988.4113899977324,988.4113899977324,0
2025-09-26T13:00:00,988.4113899977324,988.4113899977324,0
2025-09-26T13:15:00,988.4113899977324,988.4113899977324,0
2025-09-26T13:30:00,988.4113899977324,988.4113899977324,0
2025-09-26T13:45:00,988.4113899977324,988.4113899977324,0
2025-09-26T14:00:00,988.4113899977324,988.4113899977324,0
2025-09-26T14:15:00,988.4113899977324,988.4113899977324,0
2025-09-26T14:30:00,988.4113899977324,988.4113899977324,0
2025-09-26T14:45:00,988.4113899977324,988.4113899977324,0
2025-09-26T15:00:00,988.4113899977324,988.4113899977324,0
2025-09-26T15:15:00,988.4113899977324,988.4113899977324,0
2025-09-26T15:30:00,988.4113899977324,988.4113899977324,0
2025-09-26T15:45:00,988.4113899977324,988.4113899977324,0
2025-09-26T16:00:00,988.4113899977324,988.4113899977324,0
2025-09-26T16:15:00,988.4113899977324,988.4113899977324,0
2025-09-26T16:30:00,988.4113899977324,988.4113899977324,0
2025-09-26T16:45:00,988.4113899977324,988.4113899977324,0
2025-09-26T17:00:00,988.4113899977324,988.4113899977324,0
2025-09-26T17:15:00,988.4113899977324,988.4113899977324,0
2025-09-26T17:30:00,988.4113899977324,988.4113899977324,0
2025-09-26T17:45:00,988.4113899977324,988.4113899977324,0
2025-09-26T18:00:00,987.6610855792283,889.4121051755595,1
2025-09-26T18:15:00,988.0333854864217,889.4121051755595,1
2025-09-26T18:30:00,986.8745776601052,889.4121051755595,1
2025-09-26T18:45:00,987.0305147940081,889.4121051755595,1
2025-09-26T19:00:00,986.5500335001694,889.4121051755595,1
2025-09-26T19:15:00,984.9477794493162,889.4121051755595,1
2025-09-26T19:30:00,983.6585927463484,983.6585927463484,0
2025-09-26T19:45:00,983.6585927463484,983.6585927463484,0
2025-09-26T20:00:00,983.6585927463484,983.6585927463484,0
2025-09-26T20:15:00,983.6585927463484,983.6585927463484,0
2025-09-26T20:30:00,983.6585927463484,983.6585927463484,0
2025-09-26T20:45:00,983.6585927463484,983.6585927463484,0
2025-09-26T21:00:00,983.6585927463484,983.6585927463484,0
2025-09-26T21:15:00,983.6585927463484,983.6585927463484,0
2025-09-26T21:30:00,983.6585927463484,983.6585927463484,0
2025-09-26T21:45:00,983.6585927463484,983.6585927463484,0
2025-09-26T22:00:00,983.6585927463484,983.6585927463484,0
2025-09-26T22:15:00,983.6585927463484,983.6585927463484,0
2025-09-26T22:30:00,983.6585927463484,983.6585927463484,0
2025-09-26T22:45:00,983.6585927463484,983.6585927463484,0
2025-09-26T23:00:00,983.6585927463484,983.6585927463484,0
2025-09-26T23:15:00,983.6585927463484,983.6585927463484,0
2025-09-26T23:30:00,983.6585927463484,983.6585927463484,0
2025-09-26T23:45:00,983.6585927463484,983.6585927463484,0
2025-09-27T00:00:00,983.6585927463484,983.6585927463484,0
2025-09-27T00:15:00,983.6585927463484,983.6585927463484,0
2025-09-27T00:30:00,983.6585927463484,983.6585927463484,0
2025-09-27T00:45:00,983.6585927463484,983.6585927463484,0
2025-09-27T01:00:00,983.6585927463484,983.6585927463484,0
2025-09-27T01:15:00,983.6585927463484,983.6585927463484,0
2025-09-27T01:30:00,983.6585927463484,983.6585927463484,0
2025-09-27T01:45:00,983.6585927463484,983.6585927463484,0
2025-09-27T02:00:00,983.6585927463484,983.6585927463484,0
2025-09-27T02:15:00,983.6585927463484,983.6585927463484,0
2025-09-27T02:30:00,983.6585927463484,983.6585927463484,0
2025-09-27T02:45:00,983.6585927463484,983.6585927463484,0
2025-09-27T03:00:00,983.6585927463484,983.6585927463484,0
2025-09-27T03:15:00,983.6585927463484,983.6585927463484,0
2025-09-27T03:30:00,983.6585927463484,983.6585927463484,0
2025-09-27T03:45:00,983.6585927463484,983.6585927463484,0
2025-09-27T04:00:00,983.6585927463484,983.6585927463484,0
2025-09-27T04:15:00,983.6585927463484,983.6585927463484,0
2025-09-27T04:30:00,983.6585927463484,983.6585927463484,0
2025-09-27T04:45:00,983.6585927463484,983.6585927463484,0
2025-09-27T05:00:00,983.6585927463484,983.6585927463484,0
2025-09-27T05:15:00,983.6585927463484,983.6585927463484,0
2025-09-27T05:30:00,983.6585927463484,983.6585927463484,0
2025-09-27T05:45:00,983.6585927463484,983.6585927463484,0
2025-09-27T06:00:00,983.6585927463484,983.6585927463484,0
2025-09-27T06:15:00,983.6585927463484,983.6585927463484,0
2025-09-27T06:30:00,983.6585927463484,983.6585927463484,0
2025-09-27T06:45:00,983.6585927463484,983.6585927463484,0
2025-09-27T07:00:00,983.6585927463484,983.6585927463484,0
2025-09-27T07:15:00,983.6585927463484,983.6585927463484,0
2025-09-27T07:30:00,983.6585927463484,983.6585927463484,0
2025-09-27T07:45:00,983.6585927463484,983.6585927463484,0
2025-09-27T08:00:00,983.6585927463484,983.6585927463484,0
2025-09-27T08:15:00,983.6585927463484,983.6585927463484,0
2025-09-27T08:30:00,983.6585927463484,983.6585927463484,0
2025-09-27T08:45:00,983.6585927463484,983.6585927463484,0
2025-09-27T09:00:00,983.6585927463484,983.6585927463484,0
2025-09-27T09:15:00,983.6585927463484,983.6585927463484,0
2025-09-27T09:30:00,983.6585927463484,983.6585927463484,0
2025-09-27T09:45:00,983.6585927463484,983.6585927463484,0
2025-09-27T10:00:00,983.6585927463484,983.6585927463484,0
2025-09-27T10:15:00,983.6585927463484,983.6585927463484,0
2025-09-27T10:30:00,983.6585927463484,983.6585927463484,0
2025-09-27T10:45:00,983.6585927463484,983.6585927463484,0
2025-09-27T11:00:00,983.6585927463484,983.6585927463484,0
2025-09-27T11:15:00,983.6585927463484,983.6585927463484,0
2025-09-27T11:30:00,983.6585927463484,983.6585927463484,0
2025-09-27T11:45:00,983.6585927463484,983.6585927463484,0
2025-09-27T12:00:00,983.6585927463484,983.6585927463484,0
2025-09-27T12:15:00,983.6585927463484,983.6585927463484,0
2025-09-27T12:30:00,983.6585927463484,983.6585927463484,0
2025-09-27T12:45:00,983.6585927463484,983.6585927463484,0
2025-09-27T13:00:00,983.6585927463484,983.6585927463484,0
2025-09-27T13:15:00,983.6585927463484,983.6585927463484,0
2025-09-27T13:30:00,983.6585927463484,983.6585927463484,0
2025-09-27T13:45:00,983.6585927463484,983.6585927463484,0
2025-09-27T14:00:00,983.6585927463484,983.6585927463484,0
2025-09-27T14:15:00,983.6585927463484,983.6585927463484,0
2025-09-27T14:30:00,983.6585927463484,983.6585927463484,0
2025-09-27T14:45:00,983.6585927463484,983.6585927463484,0
2025-09-27T15:00:00,983.6585927463484,983.6585927463484,0
2025-09-27T15:15:00,983.6585927463484,983.6585927463484,0
2025-09-27T15:30:00,983.6585927463484,983.6585927463484,0
2025-09-27T15:45:00,983.6585927463484,983.6585927463484,0
2025-09-27T16:00:00,983.6585927463484,983.6585927463484,0
2025-09-27T16:15:00,983.6585927463484,983.6585927463484,0
2025-09-27T16:30:00,983.6585927463484,983.6585927463484,0
2025-09-27T16:45:00,983.6585927463484,983.6585927463484,0
2025-09-27T17:00:00,983.6585927463484,983.6585927463484,0
2025-09-27T17:15:00,983.6585927463484,983.6585927463484,0
2025-09-27T17:30:00,983.6585927463484,983.6585927463484,0
2025-09-27T17:45:00,983.6585927463484,983.6585927463484,0
2025-09-27T18:00:00,983.6585927463484,983.6585927463484,0
2025-09-27T18:15:00,983.6585927463484,983.6585927463484,0
2025-09-27T18:30:00,983.6585927463484,983.6585927463484,0
2025-09-27T18:45:00,983.6585927463484,983.6585927463484,0
2025-09-27T19:00:00,983.6585927463484,983.6585927463484,0
2025-09-27T19:15:00,983.6585927463484,983.6585927463484,0
2025-09-27T19:30:00,983.6585927463484,983.6585927463484,0
2025-09-27T19:45:00,983.6585927463484,983.6585927463484,0
2025-09-27T20:00:00,983.6585927463484,983.6585927463484,0
2025-09-27T20:15:00,983.6585927463484,983.6585927463484,0
2025-09-27T20:30:00,983.6585927463484,983.6585927463484,0
2025-09-27T20:45:00,983.6585927463484,983.6585927463484,0
2025-09-27T21:00:00,983.6585927463484,983.6585927463484,0
2025-09-27T21:15:00,983.6585927463484,983.6585927463484,0
2025-09-27T21:30:00,983.6585927463484,983.6585927463484,0
2025-09-27T21:45:00,983.6585927463484,983.6585927463484,0
2025-09-27T22:00:00,983.6585927463484,983.6585927463484,0
2025-09-27T22:15:00,983.6585927463484,983.6585927463484,0
2025-09-27T22:30:00,983.6585927463484,983.6585927463484,0
2025-09-27T22:45:00,983.6585927463484,983.6585927463484,0
2025-09-27T23:00:00,983.6585927463484,983.6585927463484,0
2025-09-27T23:15:00,983.6585927463484,983.6585927463484,0
2025-09-27T23:30:00,983.6585927463484,983.6585927463484,0
2025-09-27T23:45:00,983.6585927463484,983.6585927463484,0
2025-09-28T00:00:00,983.6585927463484,983.6585927463484,0
2025-09-28T00:15:00,983.6585927463484,983.6585927463484,0
2025-09-28T00:30:00,983.6585927463484,983.6585927463484,0
2025-09-28T00:45:00,983.6585927463484,983.6585927463484,0
2025-09-28T01:00:00,983.6585927463484,983.6585927463484,0
2025-09-28T01:15:00,983.6585927463484,983.6585927463484,0
2025-09-28T01:30:00,983.6585927463484,983.6585927463484,0
2025-09-28T01:45:00,983.6585927463484,983.6585927463484,0
2025-09-28T02:00:00,983.6585927463484,983.6585927463484,0
2025-09-28T02:15:00,983.6585927463484,983.6585927463484,0
2025-09-28T02:30:00,983.6585927463484,983.6585927463484,0
2025-09-28T02:45:00,983.6585927463484,983.6585927463484,0
2025-09-28T03:00:00,983.6585927463484,983.6585927463484,0
2025-09-28T03:15:00,983.6585927463484,983.6585927463484,0
2025-09-28T03:30:00,983.6585927463484,983.6585927463484,0
2025-09-28T03:45:00,983.6585927463484,983.6585927463484,0
2025-09-28T04:00:00,983.6585927463484,983.6585927463484,0
2025-09-28T04:15:00,983.6585927463484,983.6585927463484,0
2025-09-28T04:30:00,983.6585927463484,983.6585927463484,0
2025-09-28T04:45:00,983.6585927463484,983.6585927463484,0
2025-09-28T05:00:00,983.6585927463484,983.6585927463484,0
2025-09-28T05:15:00,983.6585927463484,983.6585927463484,0
2025-09-28T05:30:00,983.6585927463484,983.6585927463484,0
2025-09-28T05:45:00,983.6585927463484,983.6585927463484,0
2025-09-28T06:00:00,983.6585927463484,983.6585927463484,0
2025-09-28T06:15:00,983.6585927463484,983.6585927463484,0
2025-09-28T06:30:00,983.6585927463484,983.6585927463484,0
2025-09-28T06:45:00,983.6585927463484,983.6585927463484,0
2025-09-28T07:00:00,983.6585927463484,983.6585927463484,0
2025-09-28T07:15:00,983.6585927463484,983.6585927463484,0
2025-09-28T07:30:00,983.6585927463484,983.6585927463484,0
2025-09-28T07:45:00,983.6585927463484,983.6585927463484,0
2025-09-28T08:00:00,983.6585927463484,983.6585927463484,0
2025-09-28T08:15:00,983.6585927463484,983.6585927463484,0
2025-09-28T08:30:00,983.6585927463484,983.6585927463484,0
2025-09-28T08:45:00,983.6585927463484,983.6585927463484,0
2025-09-28T09:00:00,983.6585927463484,983.6585927463484,0
2025-09-28T09:15:00,983.6585927463484,983.6585927463484,0
2025-09-28T09:30:00,983.6585927463484,983.6585927463484,0
2025-09-28T09:45:00,983.6585927463484,983.6585927463484,0
2025-09-28T10:00:00,983.6585927463484,983.6585927463484,0
2025-09-28T10:15:00,983.6585927463484,983.6585927463484,0
2025-09-28T10:30:00,983.6585927463484,983.6585927463484,0
2025-09-28T10:45:00,983.6585927463484,983.6585927463484,0
2025-09-28T11:00:00,983.6585927463484,983.6585927463484,0
2025-09-28T11:15:00,983.6585927463484,983.6585927463484,0
2025-09-28T11:30:00,983.6585927463484,983.6585927463484,0
2025-09-28T11:45:00,983.6585927463484,983.6585927463484,0
2025-09-28T12:00:00,983.6585927463484,983.6585927463484,0
2025-09-28T12:15:00,983.6585927463484,983.6585927463484,0
2025-09-28T12:30:00,983.6585927463484,983.6585927463484,0
2025-09-28T12:45:00,983.6585927463484,983.6585927463484,0
2025-09-28T13:00:00,983.6585927463484,983.6585927463484,0
2025-09-28T13:15:00,983.6585927463484,983.6585927463484,0
2025-09-28T13:30:00,983.6585927463484,983.6585927463484,0
2025-09-28T13:45:00,983.6585927463484,983.6585927463484,0
2025-09-28T14:00:00,983.6585927463484,983.6585927463484,0
2025-09-28T14:15:00,983.6585927463484,983.6585927463484,0
2025-09-28T14:30:00,983.6585927463484,983.6585927463484,0
2025-09-28T14:45:00,983.6585927463484,983.6585927463484,0
2025-09-28T15:00:00,983.6585927463484,983.6585927463484,0
2025-09-28T15:15:00,983.6585927463484,983.6585927463484,0
2025-09-28T15:30:00,983.6585927463484,983.6585927463484,0
2025-09-28T15:45:00,983.6585927463484,983.6585927463484,0
2025-09-28T16:00:00,983.6585927463484,983.6585927463484,0
2025-09-28T16:15:00,983.6585927463484,983.6585927463484,0
2025-09-28T16:30:00,983.6585927463484,983.6585927463484,0
2025-09-28T16:45:00,983.6585927463484,983.6585927463484,0
2025-09-28T17:00:00,983.6585927463484,983.6585927463484,0
2025-09-28T17:15:00,983.6585927463484,983.6585927463484,0
2025-09-28T17:30:00,983.6585927463484,983.6585927463484,0
2025-09-28T17:45:00,983.6585927463484,983.6585927463484,0
2025-09-28T18:00:00,983.6585927463484,983.6585927463484,0
2025-09-28T18:15:00,983.6585927463484,983.6585927463484,0
2025-09-28T18:30:00,983.6585927463484,983.6585927463484,0
2025-09-28T18:45:00,983.6585927463484,983.6585927463484,0
2025-09-28T19:00:00,983.6585927463484,983.6585927463484,0
2025-09-28T19:15:00,983.6585927463484,983.6585927463484,0
2025-09-28T19:30:00,983.6585927463484,983.6585927463484,0
2025-09-28T19:45:00,983.6585927463484,983.6585927463484,0
2025-09-28T20:00:00,983.6585927463484,983.6585927463484,0
2025-09-28T20:15:00,983.6585927463484,983.6585927463484,0
2025-09-28T20:30:00,982.9118961826445,885.1353480968742,1
2025-09-28T20:45:00,982.4166233995966,885.1353480968742,1
2025-09-28T21:00:00,982.6213403993678,885.1353480968742,1
2025-09-28T21:15:00,982.1715720869488,885.1353480968742,1
2025-09-28T21:30:00,981.9927767000183,885.1353480968742,1
2025-09-28T21:45:00,982.523532346545,885.1353480968742,1
2025-09-28T22:00:00,984.7403260129831,885.1353480968742,1
2025-09-28T22:15:00,985.6835256824013,885.1353480968742,1
2025-09-28T22:30:00,986.2984557465817,885.1353480968742,1
2025-09-28T22:45:00,986.4348629223504,885.1353480968742,1
2025-09-28T23:00:00,987.0457914260786,885.1353480968742,1
2025-09-28T23:15:00,987.0345303975495,885.1353480968742,1
2025-09-28T23:30:00,987.5266869211302,885.1353480968742,1
2025-09-28T23:45:00,987.2331919385833,885.1353480968742,1
2025-09-29T00:00:00,987.039275610829,885.1353480968742,1
2025-09-29T00:15:00,987.356850780168,885.1353480968742,1
2025-09-29T00:30:00,986.8526187511518,885.1353480968742,1
2025-09-29T00:45:00,987.5753430632658,885.1353480968742,1
2025-09-29T01:00:00,987.5079185402483,885.1353480968742,1
2025-09-29T01:15:00,986.4886849083579,986.4886849083579,0
2025-09-29T01:30:00,986.4886849083579,986.4886849083579,0
2025-09-29T01:45:00,986.4886849083579,986.4886849083579,0
2025-09-29T02:00:00,986.4886849083579,986.4886849083579,0
2025-09-29T02:15:00,986.4886849083579,986.4886849083579,0
2025-09-29T02:30:00,986.4886849083579,986.4886849083579,0
2025-09-29T02:45:00,986.4886849083579,986.4886849083579,0
2025-09-29T03:00:00,986.4886849083579,986.4886849083579,0
2025-09-29T03:15:00,986.4886849083579,986.4886849083579,0
2025-09-29T03:30:00,986.4886849083579,986.4886849083579,0
2025-09-29T03:45:00,986.4886849083579,986.4886849083579,0
2025-09-29T04:00:00,986.4886849083579,986.4886849083579,0
2025-09-29T04:15:00,986.4886849083579,986.4886849083579,0
2025-09-29T04:30:00,986.4886849083579,986.4886849083579,0
2025-09-29T04:45:00,986.4886849083579,986.4886849083579,0
2025-09-29T05:00:00,986.4886849083579,986.4886849083579,0
2025-09-29T05:15:00,986.4886849083579,986.4886849083579,0
2025-09-29T05:30:00,986.4886849083579,986.4886849083579,0
2025-09-29T05:45:00,986.4886849083579,986.4886849083579,0
2025-09-29T06:00:00,986.4886849083579,986.4886849083579,0
2025-09-29T06:15:00,986.4886849083579,986.4886849083579,0
2025-09-29T06:30:00,986.4886849083579,986.4886849083579,0
2025-09-29T06:45:00,986.4886849083579,986.4886849083579,0
2025-09-29T07:00:00,986.4886849083579,986.4886849083579,0
2025-09-29T07:15:00,986.4886849083579,986.4886849083579,0
2025-09-29T07:30:00,986.4886849083579,986.4886849083579,0
2025-09-29T07:45:00,986.4886849083579,986.4886849083579,0
2025-09-29T08:00:00,986.4886849083579,986.4886849083579,0
2025-09-29T08:15:00,986.4886849083579,986.4886849083579,0
2025-09-29T08:30:00,986.4886849083579,986.4886849083579,0
2025-09-29T08:45:00,986.4886849083579,986.4886849083579,0
2025-09-29T09:00:00,986.4886849083579,986.4886849083579,0
2025-09-29T09:15:00,986.4886849083579,986.4886849083579,0
2025-09-29T09:30:00,986.4886849083579,986.4886849083579,0
2025-09-29T09:45:00,986.4886849083579,986.4886849083579,0
2025-09-29T10:00:00,986.4886849083579,986.4886849083579,0
2025-09-29T10:15:00,986.4886849083579,986.4886849083579,0
2025-09-29T10:30:00,986.4886849083579,986.4886849083579,0
2025-09-29T10:45:00,986.4886849083579,986.4886849083579,0
2025-09-29T11:00:00,986.4886849083579,986.4886849083579,0
2025-09-29T11:15:00,986.4886849083579,986.4886849083579,0
2025-09-29T11:30:00,986.4886849083579,986.4886849083579,0
2025-09-29T11:45:00,986.4886849083579,986.4886849083579,0
2025-09-29T12:00:00,986.4886849083579,986.4886849083579,0
2025-09-29T12:15:00,986.4886849083579,986.4886849083579,0
2025-09-29T12:30:00,986.4886849083579,986.4886849083579,0
2025-09-29T12:45:00,986.4886849083579,986.4886849083579,0
2025-09-29T13:00:00,986.4886849083579,986.4886849083579,0
2025-09-29T13:15:00,986.4886849083579,986.4886849083579,0
2025-09-29T13:30:00,986.4886849083579,986.4886849083579,0
2025-09-29T13:45:00,986.4886849083579,986.4886849083579,0
2025-09-29T14:00:00,986.4886849083579,986.4886849083579,0
2025-09-29T14:15:00,986.4886849083579,986.4886849083579,0
2025-09-29T14:30:00,986.4886849083579,986.4886849083579,0
2025-09-29T14:45:00,986.4886849083579,986.4886849083579,0
2025-09-29T15:00:00,986.4886849083579,986.4886849083579,0
2025-09-29T15:15:00,986.4886849083579,986.4886849083579,0
2025-09-29T15:30:00,986.4886849083579,986.4886849083579,0
2025-09-29T15:45:00,986.4886849083579,986.4886849083579,0
2025-09-29T16:00:00,986.4886849083579,986.4886849083579,0
2025-09-29T16:15:00,986.4886849083579,986.4886849083579,0
2025-09-29T16:30:00,986.4886849083579,986.4886849083579,0
2025-09-29T16:45:00,986.4886849083579,986.4886849083579,0
2025-09-29T17:00:00,986.4886849083579,986.4886849083579,0
2025-09-29T17:15:00,986.4886849083579,986.4886849083579,0
2025-09-29T17:30:00,986.4886849083579,986.4886849083579,0
2025-09-29T17:45:00,986.4886849083579,986.4886849083579,0
2025-09-29T18:00:00,986.4886849083579,986.4886849083579,0
2025-09-29T18:15:00,986.4886849083579,986.4886849083579,0
2025-09-29T18:30:00,986.4886849083579,986.4886849083579,0
2025-09-29T18:45:00,986.4886849083579,986.4886849083579,0
2025-09-29T19:00:00,986.4886849083579,986.4886849083579,0
2025-09-29T19:15:00,986.4886849083579,986.4886849083579,0
2025-09-29T19:30:00,986.4886849083579,986.4886849083579,0
2025-09-29T19:45:00,986.4886849083579,986.4886849083579,0
2025-09-29T20:00:00,986.4886849083579,986.4886849083579,0
2025-09-29T20:15:00,986.4886849083579,986.4886849083579,0
2025-09-29T20:30:00,985.7398400178788,887.6819782279367,1
2025-09-29T20:45:00,985.3402827288041,887.6819782279367,1
2025-09-29T21:00:00,984.3120513834929,887.6819782279367,1
2025-09-29T21:15:00,985.1148914375311,887.6819782279367,1
2025-09-29T21:30:00,985.2378321418619,887.6819782279367,1
2025-09-29T21:45:00,985.1456266136138,887.6819782279367,1
2025-09-29T22:00:00,984.994744840117,887.6819782279367,1
2025-09-29T22:15:00,984.7507261694002,887.6819782279367,1
2025-09-29T22:30:00,984.4526880982955,887.6819782279367,1
2025-09-29T22:45:00,985.3374886218875,887.6819782279367,1
2025-09-29T23:00:00,984.6982228301902,984.6982228301902,0
2025-09-29T23:15:00,984.6982228301902,984.6982228301902,0
2025-09-29T23:30:00,984.6982228301902,984.6982228301902,0
2025-09-29T23:45:00,984.6982228301902,984.6982228301902,0
2025-09-30T00:00:00,984.6982228301902,984.6982228301902,0
2025-09-30T00:15:00,984.6982228301902,984.6982228301902,0
2025-09-30T00:30:00,984.6982228301902,984.6982228301902,0
2025-09-30T00:45:00,984.6982228301902,984.6982228301902,0
2025-09-30T01:00:00,984.6982228301902,984.6982228301902,0
2025-09-30T01:15:00,984.6982228301902,984.6982228301902,0
2025-09-30T01:30:00,984.6982228301902,984.6982228301902,0
2025-09-30T01:45:00,984.6982228301902,984.6982228301902,0
2025-09-30T02:00:00,984.6982228301902,984.6982228301902,0
2025-09-30T02:15:00,984.6982228301902,984.6982228301902,0
2025-09-30T02:30:00,984.6982228301902,984.6982228301902,0
2025-09-30T02:45:00,984.6982228301902,984.6982228301902,0
2025-09-30T03:00:00,984.6982228301902,984.6982228301902,0
2025-09-30T03:15:00,984.6982228301902,984.6982228301902,0
2025-09-30T03:30:00,984.6982228301902,984.6982228301902,0
2025-09-30T03:45:00,984.6982228301902,984.6982228301902,0
2025-09-30T04:00:00,984.6982228301902,984.6982228301902,0
2025-09-30T04:15:00,984.6982228301902,984.6982228301902,0
2025-09-30T04:30:00,984.6982228301902,984.6982228301902,0
2025-09-30T04:45:00,984.6982228301902,984.6982228301902,0
2025-09-30T05:00:00,984.6982228301902,984.6982228301902,0
2025-09-30T05:15:00,984.6982228301902,984.6982228301902,0
2025-09-30T05:30:00,984.6982228301902,984.6982228301902,0
2025-09-30T05:45:00,984.6982228301902,984.6982228301902,0
2025-09-30T06:00:00,984.6982228301902,984.6982228301902,0
2025-09-30T06:15:00,984.6982228301902,984.6982228301902,0
2025-09-30T06:30:00,984.6982228301902,984.6982228301902,0
2025-09-30T06:45:00,984.6982228301902,984.6982228301902,0
2025-09-30T07:00:00,984.6982228301902,984.6982228301902,0
2025-09-30T07:15:00,984.6982228301902,984.6982228301902,0
2025-09-30T07:30:00,984.6982228301902,984.6982228301902,0
2025-09-30T07:45:00,984.6982228301902,984.6982228301902,0
2025-09-30T08:00:00,984.6982228301902,984.6982228301902,0
2025-09-30T08:15:00,984.6982228301902,984.6982228301902,0
2025-09-30T08:30:00,984.6982228301902,984.6982228301902,0
2025-09-30T08:45:00,984.6982228301902,984.6982228301902,0
2025-09-30T09:00:00,984.6982228301902,984.6982228301902,0
2025-09-30T09:15:00,984.6982228301902,984.6982228301902,0
2025-09-30T09:30:00,984.6982228301902,984.6982228301902,0
2025-09-30T09:45:00,984.6982228301902,984.6982228301902,0
2025-09-30T10:00:00,984.6982228301902,984.6982228301902,0
2025-09-30T10:15:00,984.6982228301902,984.6982228301902,0
2025-09-30T10:30:00,984.6982228301902,984.6982228301902,0
2025-09-30T10:45:00,984.6982228301902,984.6982228301902,0
2025-09-30T11:00:00,984.6982228301902,984.6982228301902,0
2025-09-30T11:15:00,984.6982228301902,984.6982228301902,0
2025-09-30T11:30:00,984.6982228301902,984.6982228301902,0
2025-09-30T11:45:00,984.6982228301902,984.6982228301902,0
2025-09-30T12:00:00,984.6982228301902,984.6982228301902,0
2025-09-30T12:15:00,984.6982228301902,984.6982228301902,0
2025-09-30T12:30:00,984.6982228301902,984.6982228301902,0
2025-09-30T12:45:00,984.6982228301902,984.6982228301902,0
2025-09-30T13:00:00,984.6982228301902,984.6982228301902,0
2025-09-30T13:15:00,984.6982228301902,984.6982228301902,0
2025-09-30T13:30:00,984.6982228301902,984.6982228301902,0
2025-09-30T13:45:00,984.6982228301902,984.6982228301902,0
2025-09-30T14:00:00,984.6982228301902,984.6982228301902,0
2025-09-30T14:15:00,984.6982228301902,984.6982228301902,0
2025-09-30T14:30:00,984.6982228301902,984.6982228301902,0
2025-09-30T14:45:00,984.6982228301902,984.6982228301902,0
2025-09-30T15:00:00,984.6982228301902,984.6982228301902,0
2025-09-30T15:15:00,984.6982228301902,984.6982228301902,0
2025-09-30T15:30:00,984.6982228301902,984.6982228301902,0
2025-09-30T15:45:00,984.6982228301902,984.6982228301902,0
2025-09-30T16:00:00,984.6982228301902,984.6982228301902,0
2025-09-30T16:15:00,984.6982228301902,984.6982228301902,0
2025-09-30T16:30:00,984.6982228301902,984.6982228301902,0
2025-09-30T16:45:00,984.6982228301902,984.6982228301902,0
2025-09-30T17:00:00,984.6982228301902,984.6982228301902,0
2025-09-30T17:15:00,984.6982228301902,984.6982228301902,0
2025-09-30T17:30:00,984.6982228301902,984.6982228301902,0
2025-09-30T17:45:00,984.6982228301902,984.6982228301902,0
2025-09-30T18:00:00,984.6982228301902,984.6982228301902,0
2025-09-30T18:15:00,984.6982228301902,984.6982228301902,0
2025-09-30T18:30:00,984.6982228301902,984.6982228301902,0
2025-09-30T18:45:00,984.6982228301902,984.6982228301902,0
2025-09-30T19:00:00,984.6982228301902,984.6982228301902,0
2025-09-30T19:15:00,984.6982228301902,984.6982228301902,0
2025-09-30T19:30:00,984.6982228301902,984.6982228301902,0
2025-09-30T19:45:00,984.6982228301902,984.6982228301902,0
2025-09-30T20:00:00,983.9507370818882,886.0708488315183,1
2025-09-30T20:15:00,984.7071547817153,886.0708488315183,1
2025-09-30T20:30:00,984.4323255436599,886.0708488315183,1
2025-09-30T20:45:00,985.5307123894104,886.0708488315183,1
2025-09-30T21:00:00,984.7031587687278,886.0708488315183,1
2025-09-30T21:15:00,984.3795161651265,886.0708488315183,1
2025-09-30T21:30:00,984.6576868968008,886.0708488315183,1
2025-09-30T21:45:00,983.9276222136587,886.0708488315183,1
2025-09-30T22:00:00,983.507084188524,983.507084188524,0
2025-09-30T22:15:00,983.507084188524,983.507084188524,0
2025-09-30T22:30:00,983.507084188524,983.507084188524,0
2025-09-30T22:45:00,983.507084188524,983.507084188524,0
2025-09-30T23:00:00,983.507084188524,983.507084188524,0
2025-09-30T23:15:00,983.507084188524,983.507084188524,0
2025-09-30T23:30:00,983.507084188524,983.507084188524,0
2025-09-30T23:45:00,983.507084188524,983.507084188524,0
2025-10-01T00:00:00,983.507084188524,983.507084188524,0
2025-10-01T00:15:00,983.507084188524,983.507084188524,0
2025-10-01T00:30:00,983.507084188524,983.507084188524,0
2025-10-01T00:45:00,983.507084188524,983.507084188524,0
2025-10-01T01:00:00,983.507084188524,983.507084188524,0
2025-10-01T01:15:00,983.507084188524,983.507084188524,0
2025-10-01T01:30:00,983.507084188524,983.507084188524,0
2025-10-01T01:45:00,983.507084188524,983.507084188524,0
2025-10-01T02:00:00,983.507084188524,983.507084188524,0
2025-10-01T02:15:00,983.507084188524,983.507084188524,0
2025-10-01T02:30:00,983.507084188524,983.507084188524,0
2025-10-01T02:45:00,983.507084188524,983.507084188524,0
2025-10-01T03:00:00,983.507084188524,983.507084188524,0
2025-10-01T03:15:00,983.507084188524,983.507084188524,0
2025-10-01T03:30:00,983.507084188524,983.507084188524,0
2025-10-01T03:45:00,983.507084188524,983.507084188524,0
2025-10-01T04:00:00,983.507084188524,983.507084188524,0
2025-10-01T04:15:00,983.507084188524,983.507084188524,0
2025-10-01T04:30:00,983.507084188524,983.507084188524,0
2025-10-01T04:45:00,983.507084188524,983.507084188524,0
2025-10-01T05:00:00,983.507084188524,983.507084188524,0
2025-10-01T05:15:00,983.507084188524,983.507084188524,0
2025-10-01T05:30:00,983.507084188524,983.507084188524,0
2025-10-01T05:45:00,983.507084188524,983.507084188524,0
2025-10-01T06:00:00,983.507084188524,983.507084188524,0
2025-10-01T06:15:00,983.507084188524,983.507084188524,0
2025-10-01T06:30:00,983.507084188524,983.507084188524,0
2025-10-01T06:45:00,983.507084188524,983.507084188524,0
2025-10-01T07:00:00,983.507084188524,983.507084188524,0
2025-10-01T07:15:00,983.507084188524,983.507084188524,0
2025-10-01T07:30:00,983.507084188524,983.507084188524,0
2025-10-01T07:45:00,983.507084188524,983.507084188524,0
2025-10-01T08:00:00,983.507084188524,983.507084188524,0
2025-10-01T08:15:00,983.507084188524,983.507084188524,0
2025-10-01T08:30:00,983.507084188524,983.507084188524,0
2025-10-01T08:45:00,983.507084188524,983.507084188524,0
2025-10-01T09:00:00,983.507084188524,983.507084188524,0
2025-10-01T09:15:00,983.507084188524,983.507084188524,0
2025-10-01T09:30:00,983.507084188524,983.507084188524,0
2025-10-01T09:45:00,983.507084188524,983.507084188524,0
2025-10-01T10:00:00,983.507084188524,983.507084188524,0
2025-10-01T10:15:00,983.507084188524,983.507084188524,0
2025-10-01T10:30:00,983.507084188524,983.507084188524,0
2025-10-01T10:45:00,983.507084188524,983.507084188524,0
2025-10-01T11:00:00,983.507084188524,983.507084188524,0
2025-10-01T11:15:00,983.507084188524,983.507084188524,0
2025-10-01T11:30:00,983.507084188524,983.507084188524,0
2025-10-01T11:45:00,983.507084188524,983.507084188524,0
2025-10-01T12:00:00,983.507084188524,983.507084188524,0
2025-10-01T12:15:00,983.507084188524,983.507084188524,0
2025-10-01T12:30:00,983.507084188524,983.507084188524,0
2025-10-01T12:45:00,983.507084188524,983.507084188524,0
2025-10-01T13:00:00,983.507084188524,983.507084188524,0
2025-10-01T13:15:00,983.507084188524,983.507084188524,0
2025-10-01T13:30:00,983.507084188524,983.507084188524,0
2025-10-01T13:45:00,983.507084188524,983.507084188524,0
2025-10-01T14:00:00,983.507084188524,983.507084188524,0
2025-10-01T14:15:00,983.507084188524,983.507084188524,0
2025-10-01T14:30:00,983.507084188524,983.507084188524,0
2025-10-01T14:45:00,983.507084188524,983.507084188524,0
2025-10-01T15:00:00,983.507084188524,983.507084188524,0
2025-10-01T15:15:00,983.507084188524,983.507084188524,0
2025-10-01T15:30:00,983.507084188524,983.507084188524,0
2025-10-01T15:45:00,983.507084188524,983.507084188524,0
2025-10-01T16:00:00,983.507084188524,983.507084188524,0
2025-10-01T16:15:00,983.507084188524,983.507084188524,0
2025-10-01T16:30:00,983.507084188524,983.507084188524,0
2025-10-01T16:45:00,983.507084188524,983.507084188524,0
2025-10-01T17:00:00,983.507084188524,983.507084188524,0
2025-10-01T17:15:00,983.507084188524,983.507084188524,0
2025-10-01T17:30:00,983.507084188524,983.507084188524,0
2025-10-01T17:45:00,983.507084188524,983.507084188524,0
2025-10-01T18:00:00,983.507084188524,983.507084188524,0
2025-10-01T18:15:00,983.507084188524,983.507084188524,0
2025-10-01T18:30:00,983.507084188524,983.507084188524,0
2025-10-01T18:45:00,983.507084188524,983.507084188524,0
2025-10-01T19:00:00,983.507084188524,983.507084188524,0
2025-10-01T19:15:00,983.507084188524,983.507084188524,0
2025-10-01T19:30:00,983.507084188524,983.507084188524,0
2025-10-01T19:45:00,983.507084188524,983.507084188524,0
2025-10-01T20:00:00,983.507084188524,983.507084188524,0
2025-10-01T20:15:00,983.507084188524,983.507084188524,0
2025-10-01T20:30:00,983.507084188524,983.507084188524,0
2025-10-01T20:45:00,983.507084188524,983.507084188524,0
2025-10-01T21:00:00,983.507084188524,983.507084188524,0
2025-10-01T21:15:00,983.507084188524,983.507084188524,0
2025-10-01T21:30:00,983.507084188524,983.507084188524,0
2025-10-01T21:45:00,983.507084188524,983.507084188524,0
2025-10-01T22:00:00,983.507084188524,983.507084188524,0
2025-10-01T22:15:00,983.507084188524,983.507084188524,0
2025-10-01T22:30:00,983.507084188524,983.507084188524,0
2025-10-01T22:45:00,983.507084188524,983.507084188524,0
2025-10-01T23:00:00,983.507084188524,983.507084188524,0
2025-10-01T23:15:00,982.7605026351705,884.9990146362014,1
2025-10-01T23:30:00,982.6207722488896,884.9990146362014,1
2025-10-01T23:45:00,983.5650310350403,884.9990146362014,1
2025-10-02T00:00:00,985.419727879641,884.9990146362014,1
2025-10-02T00:15:00,984.6991040917708,884.9990146362014,1
2025-10-02T00:30:00,983.5562024643157,884.9990146362014,1
2025-10-02T00:45:00,983.0123160415159,884.9990146362014,1
2025-10-02T01:00:00,983.8969653802176,884.9990146362014,1
2025-10-02T01:15:00,983.1999729545878,884.9990146362014,1
2025-10-02T01:30:00,983.9799074788675,884.9990146362014,1
2025-10-02T01:45:00,983.639310513543,884.9990146362014,1
2025-10-02T02:00:00,983.6035891619962,983.6035891619962,0
2025-10-02T02:15:00,983.6035891619962,983.6035891619962,0
2025-10-02T02:30:00,983.6035891619962,983.6035891619962,0
2025-10-02T02:45:00,983.6035891619962,983.6035891619962,0
2025-10-02T03:00:00,983.6035891619962,983.6035891619962,0
2025-10-02T03:15:00,983.6035891619962,983.6035891619962,0
2025-10-02T03:30:00,983.6035891619962,983.6035891619962,0
2025-10-02T03:45:00,983.6035891619962,983.6035891619962,0
2025-10-02T04:00:00,983.6035891619962,983.6035891619962,0
2025-10-02T04:15:00,983.6035891619962,983.6035891619962,0
2025-10-02T04:30:00,983.6035891619962,983.6035891619962,0
2025-10-02T04:45:00,983.6035891619962,983.6035891619962,0
2025-10-02T05:00:00,983.6035891619962,983.6035891619962,0
2025-10-02T05:15:00,983.6035891619962,983.6035891619962,0
2025-10-02T05:30:00,983.6035891619962,983.6035891619962,0
2025-10-02T05:45:00,983.6035891619962,983.6035891619962,0
2025-10-02T06:00:00,983.6035891619962,983.6035891619962,0
2025-10-02T06:15:00,983.6035891619962,983.6035891619962,0
2025-10-02T06:30:00,983.6035891619962,983.6035891619962,0
2025-10-02T06:45:00,983.6035891619962,983.6035891619962,0
2025-10-02T07:00:00,983.6035891619962,983.6035891619962,0
2025-10-02T07:15:00,983.6035891619962,983.6035891619962,0
2025-10-02T07:30:00,983.6035891619962,983.6035891619962,0
2025-10-02T07:45:00,983.6035891619962,983.6035891619962,0
2025-10-02T08:00:00,983.6035891619962,983.6035891619962,0
2025-10-02T08:15:00,983.6035891619962,983.6035891619962,0
2025-10-02T08:30:00,983.6035891619962,983.6035891619962,0
2025-10-02T08:45:00,983.6035891619962,983.6035891619962,0
2025-10-02T09:00:00,983.6035891619962,983.6035891619962,0
2025-10-02T09:15:00,983.6035891619962,983.6035891619962,0
2025-10-02T09:30:00,983.6035891619962,983.6035891619962,0
2025-10-02T09:45:00,983.6035891619962,983.6035891619962,0
2025-10-02T10:00:00,983.6035891619962,983.6035891619962,0
2025-10-02T10:15:00,983.6035891619962,983.6035891619962,0
2025-10-02T10:30:00,983.6035891619962,983.6035891619962,0
2025-10-02T10:45:00,983.6035891619962,983.6035891619962,0
2025-10-02T11:00:00,983.6035891619962,983.6035891619962,0
2025-10-02T11:15:00,983.6035891619962,983.6035891619962,0
2025-10-02T11:30:00,983.6035891619962,983.6035891619962,0
2025-10-02T11:45:00,983.6035891619962,983.6035891619962,0
2025-10-02T12:00:00,983.6035891619962,983.6035891619962,0
2025-10-02T12:15:00,983.6035891619962,983.6035891619962,0
2025-10-02T12:30:00,983.6035891619962,983.6035891619962,0
2025-10-02T12:45:00,982.8569343515873,885.0858536715307,1
2025-10-02T13:00:00,981.9046984471307,885.0858536715307,1
2025-10-02T13:15:00,982.075950878984,885.0858536715307,1
2025-10-02T13:30:00,983.3166344433939,885.0858536715307,1
2025-10-02T13:45:00,983.576753891277,885.0858536715307,1
2025-10-02T14:00:00,983.00357644357,885.0858536715307,1
2025-10-02T14:15:00,983.8359849980151,885.0858536715307,1
2025-10-02T14:30:00,981.5328783256373,885.0858536715307,1
2025-10-02T14:45:00,980.6074958374062,980.6074958374062,0
2025-10-02T15:00:00,980.6074958374062,980.6074958374062,0
2025-10-02T15:15:00,980.6074958374062,980.6074958374062,0
2025-10-02T15:30:00,980.6074958374062,980.6074958374062,0
2025-10-02T15:45:00,980.6074958374062,980.6074958374062,0
2025-10-02T16:00:00,980.6074958374062,980.6074958374062,0
2025-10-02T16:15:00,980.6074958374062,980.6074958374062,0
2025-10-02T16:30:00,980.6074958374062,980.6074958374062,0
2025-10-02T16:45:00,980.6074958374062,980.6074958374062,0
2025-10-02T17:00:00,980.6074958374062,980.6074958374062,0
2025-10-02T17:15:00,980.6074958374062,980.6074958374062,0
2025-10-02T17:30:00,980.6074958374062,980.6074958374062,0
2025-10-02T17:45:00,980.6074958374062,980.6074958374062,0
2025-10-02T18:00:00,980.6074958374062,980.6074958374062,0
2025-10-02T18:15:00,980.6074958374062,980.6074958374062,0
2025-10-02T18:30:00,980.6074958374062,980.6074958374062,0
2025-10-02T18:45:00,980.6074958374062,980.6074958374062,0
2025-10-02T19:00:00,979.8631153654786,882.3898490543315,1
2025-10-02T19:15:00,978.9688779164443,882.3898490543315,1
2025-10-02T19:30:00,978.8814576207462,882.3898490543315,1
2025-10-02T19:45:00,979.3057745687661,882.3898490543315,1
2025-10-02T20:00:00,978.8004134073335,882.3898490543315,1
2025-10-02T20:15:00,978.384997081793,882.3898490543315,1
2025-10-02T20:30:00,978.1740685119803,882.3898490543315,1
2025-10-02T20:45:00,978.3955908123538,978.3955908123538,0
2025-10-02T21:00:00,978.3955908123538,978.3955908123538,0
2025-10-02T21:15:00,978.3955908123538,978.3955908123538,0
2025-10-02T21:30:00,978.3955908123538,978.3955908123538,0
2025-10-02T21:45:00,978.3955908123538,978.3955908123538,0
2025-10-02T22:00:00,978.3955908123538,978.3955908123538,0
2025-10-02T22:15:00,978.3955908123538,978.3955908123538,0
2025-10-02T22:30:00,978.3955908123538,978.3955908123538,0
2025-10-02T22:45:00,978.3955908123538,978.3955908123538,0
2025-10-02T23:00:00,978.3955908123538,978.3955908123538,0
2025-10-02T23:15:00,978.3955908123538,978.3955908123538,0
2025-10-02T23:30:00,978.3955908123538,978.3955908123538,0
2025-10-02T23:45:00,978.3955908123538,978.3955908123538,0
2025-10-03T00:00:00,978.3955908123538,978.3955908123538,0
2025-10-03T00:15:00,978.3955908123538,978.3955908123538,0
2025-10-03T00:30:00,978.3955908123538,978.3955908123538,0
2025-10-03T00:45:00,978.3955908123538,978.3955908123538,0
2025-10-03T01:00:00,978.3955908123538,978.3955908123538,0
2025-10-03T01:15:00,978.3955908123538,978.3955908123538,0
2025-10-03T01:30:00,978.3955908123538,978.3955908123538,0
2025-10-03T01:45:00,978.3955908123538,978.3955908123538,0
2025-10-03T02:00:00,978.3955908123538,978.3955908123538,0
2025-10-03T02:15:00,978.3955908123538,978.3955908123538,0
2025-10-03T02:30:00,978.3955908123538,978.3955908123538,0
2025-10-03T02:45:00,978.3955908123538,978.3955908123538,0
2025-10-03T03:00:00,978.3955908123538,978.3955908123538,0
2025-10-03T03:15:00,978.3955908123538,978.3955908123538,0
2025-10-03T03:30:00,978.3955908123538,978.3955908123538,0
2025-10-03T03:45:00,978.3955908123538,978.3955908123538,0
2025-10-03T04:00:00,978.3955908123538,978.3955908123538,0
2025-10-03T04:15:00,978.3955908123538,978.3955908123538,0
2025-10-03T04:30:00,978.3955908123538,978.3955908123538,0
2025-10-03T04:45:00,978.3955908123538,978.3955908123538,0
2025-10-03T05:00:00,978.3955908123538,978.3955908123538,0
2025-10-03T05:15:00,978.3955908123538,978.3955908123538,0
2025-10-03T05:30:00,978.3955908123538,978.3955908123538,0
2025-10-03T05:45:00,978.3955908123538,978.3955908123538,0
2025-10-03T06:00:00,978.3955908123538,978.3955908123538,0
2025-10-03T06:15:00,978.3955908123538,978.3955908123538,0
2025-10-03T06:30:00,978.3955908123538,978.3955908123538,0
2025-10-03T06:45:00,978.3955908123538,978.3955908123538,0
2025-10-03T07:00:00,978.3955908123538,978.3955908123538,0
2025-10-03T07:15:00,978.3955908123538,978.3955908123538,0
2025-10-03T07:30:00,978.3955908123538,978.3955908123538,0
2025-10-03T07:45:00,978.3955908123538,978.3955908123538,0
2025-10-03T08:00:00,978.3955908123538,978.3955908123538,0
2025-10-03T08:15:00,978.3955908123538,978.3955908123538,0
2025-10-03T08:30:00,978.3955908123538,978.3955908123538,0
2025-10-03T08:45:00,978.3955908123538,978.3955908123538,0
2025-10-03T09:00:00,978.3955908123538,978.3955908123538,0
2025-10-03T09:15:00,978.3955908123538,978.3955908123538,0
2025-10-03T09:30:00,978.3955908123538,978.3955908123538,0
2025-10-03T09:45:00,978.3955908123538,978.3955908123538,0
2025-10-03T10:00:00,978.3955908123538,978.3955908123538,0
2025-10-03T10:15:00,978.3955908123538,978.3955908123538,0
2025-10-03T10:30:00,978.3955908123538,978.3955908123538,0
2025-10-03T10:45:00,978.3955908123538,978.3955908123538,0
2025-10-03T11:00:00,978.3955908123538,978.3955908123538,0
2025-10-03T11:15:00,978.3955908123538,978.3955908123538,0
2025-10-03T11:30:00,978.3955908123538,978.3955908123538,0
2025-10-03T11:45:00,978.3955908123538,978.3955908123538,0
2025-10-03T12:00:00,978.3955908123538,978.3955908123538,0
2025-10-03T12:15:00,978.3955908123538,978.3955908123538,0
2025-10-03T12:30:00,978.3955908123538,978.3955908123538,0
2025-10-03T12:45:00,978.3955908123538,978.3955908123538,0
2025-10-03T13:00:00,978.3955908123538,978.3955908123538,0
2025-10-03T13:15:00,978.3955908123538,978.3955908123538,0
2025-10-03T13:30:00,978.3955908123538,978.3955908123538,0
2025-10-03T13:45:00,978.3955908123538,978.3955908123538,0
2025-10-03T14:00:00,978.3955908123538,978.3955908123538,0
2025-10-03T14:15:00,978.3955908123538,978.3955908123538,0
2025-10-03T14:30:00,978.3955908123538,978.3955908123538,0
2025-10-03T14:45:00,978.3955908123538,978.3955908123538,0
2025-10-03T15:00:00,978.3955908123538,978.3955908123538,0
2025-10-03T15:15:00,978.3955908123538,978.3955908123538,0
2025-10-03T15:30:00,978.3955908123538,978.3955908123538,0
2025-10-03T15:45:00,978.3955908123538,978.3955908123538,0
2025-10-03T16:00:00,978.3955908123538,978.3955908123538,0
2025-10-03T16:15:00,978.3955908123538,978.3955908123538,0
2025-10-03T16:30:00,978.3955908123538,978.3955908123538,0
2025-10-03T16:45:00,978.3955908123538,978.3955908123538,0
2025-10-03T17:00:00,978.3955908123538,978.3955908123538,0
2025-10-03T17:15:00,978.3955908123538,978.3955908123538,0
2025-10-03T17:30:00,978.3955908123538,978.3955908123538,0
2025-10-03T17:45:00,978.3955908123538,978.3955908123538,0
2025-10-03T18:00:00,978.3955908123538,978.3955908123538,0
2025-10-03T18:15:00,978.3955908123538,978.3955908123538,0
2025-10-03T18:30:00,978.3955908123538,978.3955908123538,0
2025-10-03T18:45:00,978.3955908123538,978.3955908123538,0
2025-10-03T19:00:00,978.3955908123538,978.3955908123538,0
2025-10-03T19:15:00,978.3955908123538,978.3955908123538,0
2025-10-03T19:30:00,978.3955908123538,978.3955908123538,0
2025-10-03T19:45:00,978.3955908123538,978.3955908123538,0
2025-10-03T20:00:00,978.3955908123538,978.3955908123538,0
2025-10-03T20:15:00,978.3955908123538,978.3955908123538,0
2025-10-03T20:30:00,978.3955908123538,978.3955908123538,0
2025-10-03T20:45:00,978.3955908123538,978.3955908123538,0
2025-10-03T21:00:00,978.3955908123538,978.3955908123538,0
2025-10-03T21:15:00,978.3955908123538,978.3955908123538,0
2025-10-03T21:30:00,978.3955908123538,978.3955908123538,0
2025-10-03T21:45:00,978.3955908123538,978.3955908123538,0
2025-10-03T22:00:00,978.3955908123538,978.3955908123538,0
2025-10-03T22:15:00,978.3955908123538,978.3955908123538,0
2025-10-03T22:30:00,978.3955908123538,978.3955908123538,0
2025-10-03T22:45:00,978.3955908123538,978.3955908123538,0
2025-10-03T23:00:00,978.3955908123538,978.3955908123538,0
2025-10-03T23:15:00,978.3955908123538,978.3955908123538,0
2025-10-03T23:30:00,978.3955908123538,978.3955908123538,0
2025-10-03T23:45:00,978.3955908123538,978.3955908123538,0
2025-10-04T00:00:00,978.3955908123538,978.3955908123538,0
2025-10-04T00:15:00,978.3955908123538,978.3955908123538,0
2025-10-04T00:30:00,978.3955908123538,978.3955908123538,0
2025-10-04T00:45:00,978.3955908123538,978.3955908123538,0
2025-10-04T01:00:00,978.3955908123538,978.3955908123538,0
2025-10-04T01:15:00,978.3955908123538,978.3955908123538,0
2025-10-04T01:30:00,978.3955908123538,978.3955908123538,0
2025-10-04T01:45:00,978.3955908123538,978.3955908123538,0
2025-10-04T02:00:00,978.3955908123538,978.3955908123538,0
2025-10-04T02:15:00,978.3955908123538,978.3955908123538,0
2025-10-04T02:30:00,978.3955908123538,978.3955908123538,0
2025-10-04T02:45:00,978.3955908123538,978.3955908123538,0
2025-10-04T03:00:00,978.3955908123538,978.3955908123538,0
2025-10-04T03:15:00,978.3955908123538,978.3955908123538,0
2025-10-04T03:30:00,978.3955908123538,978.3955908123538,0
2025-10-04T03:45:00,978.3955908123538,978.3955908123538,0
2025-10-04T04:00:00,978.3955908123538,978.3955908123538,0
2025-10-04T04:15:00,978.3955908123538,978.3955908123538,0
2025-10-04T04:30:00,978.3955908123538,978.3955908123538,0
2025-10-04T04:45:00,978.3955908123538,978.3955908123538,0
2025-10-04T05:00:00,978.3955908123538,978.3955908123538,0
2025-10-04T05:15:00,978.3955908123538,978.3955908123538,0
2025-10-04T05:30:00,978.3955908123538,978.3955908123538,0
2025-10-04T05:45:00,978.3955908123538,978.3955908123538,0
2025-10-04T06:00:00,978.3955908123538,978.3955908123538,0
2025-10-04T06:15:00,978.3955908123538,978.3955908123538,0
2025-10-04T06:30:00,978.3955908123538,978.3955908123538,0
2025-10-04T06:45:00,978.3955908123538,978.3955908123538,0
2025-10-04T07:00:00,978.3955908123538,978.3955908123538,0
2025-10-04T07:15:00,978.3955908123538,978.3955908123538,0
2025-10-04T07:30:00,978.3955908123538,978.3955908123538,0
2025-10-04T07:45:00,978.3955908123538,978.3955908123538,0
2025-10-04T08:00:00,978.3955908123538,978.3955908123538,0
2025-10-04T08:15:00,978.3955908123538,978.3955908123538,0
2025-10-04T08:30:00,978.3955908123538,978.3955908123538,0
2025-10-04T08:45:00,978.3955908123538,978.3955908123538,0
2025-10-04T09:00:00,978.3955908123538,978.3955908123538,0
2025-10-04T09:15:00,978.3955908123538,978.3955908123538,0
2025-10-04T09:30:00,978.3955908123538,978.3955908123538,0
2025-10-04T09:45:00,978.3955908123538,978.3955908123538,0
2025-10-04T10:00:00,978.3955908123538,978.3955908123538,0
2025-10-04T10:15:00,978.3955908123538,978.3955908123538,0
2025-10-04T10:30:00,978.3955908123538,978.3955908123538,0
2025-10-04T10:45:00,978.3955908123538,978.3955908123538,0
2025-10-04T11:00:00,978.3955908123538,978.3955908123538,0
2025-10-04T11:15:00,978.3955908123538,978.3955908123538,0
2025-10-04T11:30:00,978.3955908123538,978.3955908123538,0
2025-10-04T11:45:00,978.3955908123538,978.3955908123538,0
2025-10-04T12:00:00,978.3955908123538,978.3955908123538,0
2025-10-04T12:15:00,978.3955908123538,978.3955908123538,0
2025-10-04T12:30:00,978.3955908123538,978.3955908123538,0
2025-10-04T12:45:00,978.3955908123538,978.3955908123538,0
2025-10-04T13:00:00,978.3955908123538,978.3955908123538,0
2025-10-04T13:15:00,978.3955908123538,978.3955908123538,0
2025-10-04T13:30:00,978.3955908123538,978.3955908123538,0
2025-10-04T13:45:00,978.3955908123538,978.3955908123538,0
2025-10-04T14:00:00,978.3955908123538,978.3955908123538,0
2025-10-04T14:15:00,978.3955908123538,978.3955908123538,0
2025-10-04T14:30:00,978.3955908123538,978.3955908123538,0
2025-10-04T14:45:00,978.3955908123538,978.3955908123538,0
2025-10-04T15:00:00,978.3955908123538,978.3955908123538,0
2025-10-04T15:15:00,978.3955908123538,978.3955908123538,0
2025-10-04T15:30:00,978.3955908123538,978.3955908123538,0
2025-10-04T15:45:00,978.3955908123538,978.3955908123538,0
2025-10-04T16:00:00,978.3955908123538,978.3955908123538,0
2025-10-04T16:15:00,978.3955908123538,978.3955908123538,0
2025-10-04T16:30:00,978.3955908123538,978.3955908123538,0
2025-10-04T16:45:00,978.3955908123538,978.3955908123538,0
2025-10-04T17:00:00,978.3955908123538,978.3955908123538,0
2025-10-04T17:15:00,978.3955908123538,978.3955908123538,0
2025-10-04T17:30:00,978.3955908123538,978.3955908123538,0
2025-10-04T17:45:00,978.3955908123538,978.3955908123538,0
2025-10-04T18:00:00,978.3955908123538,978.3955908123538,0
2025-10-04T18:15:00,978.3955908123538,978.3955908123538,0
2025-10-04T18:30:00,978.3955908123538,978.3955908123538,0
2025-10-04T18:45:00,978.3955908123538,978.3955908123538,0
2025-10-04T19:00:00,978.3955908123538,978.3955908123538,0
2025-10-04T19:15:00,978.3955908123538,978.3955908123538,0
2025-10-04T19:30:00,978.3955908123538,978.3955908123538,0
2025-10-04T19:45:00,978.3955908123538,978.3955908123538,0
2025-10-04T20:00:00,978.3955908123538,978.3955908123538,0
2025-10-04T20:15:00,978.3955908123538,978.3955908123538,0
2025-10-04T20:30:00,978.3955908123538,978.3955908123538,0
2025-10-04T20:45:00,978.3955908123538,978.3955908123538,0
2025-10-04T21:00:00,978.3955908123538,978.3955908123538,0
2025-10-04T21:15:00,978.3955908123538,978.3955908123538,0
2025-10-04T21:30:00,978.3955908123538,978.3955908123538,0
2025-10-04T21:45:00,978.3955908123538,978.3955908123538,0
2025-10-04T22:00:00,978.3955908123538,978.3955908123538,0
2025-10-04T22:15:00,978.3955908123538,978.3955908123538,0
2025-10-04T22:30:00,978.3955908123538,978.3955908123538,0
2025-10-04T22:45:00,978.3955908123538,978.3955908123538,0
2025-10-04T23:00:00,978.3955908123538,978.3955908123538,0
2025-10-04T23:15:00,978.3955908123538,978.3955908123538,0
2025-10-04T23:30:00,978.3955908123538,978.3955908123538,0
2025-10-04T23:45:00,978.3955908123538,978.3955908123538,0
2025-10-05T00:00:00,978.3955908123538,978.3955908123538,0
2025-10-05T00:15:00,978.3955908123538,978.3955908123538,0
2025-10-05T00:30:00,978.3955908123538,978.3955908123538,0
2025-10-05T00:45:00,978.3955908123538,978.3955908123538,0
2025-10-05T01:00:00,978.3955908123538,978.3955908123538,0
2025-10-05T01:15:00,978.3955908123538,978.3955908123538,0
2025-10-05T01:30:00,978.3955908123538,978.3955908123538,0
2025-10-05T01:45:00,978.3955908123538,978.3955908123538,0
2025-10-05T02:00:00,978.3955908123538,978.3955908123538,0
2025-10-05T02:15:00,978.3955908123538,978.3955908123538,0
2025-10-05T02:30:00,978.3955908123538,978.3955908123538,0
2025-10-05T02:45:00,978.3955908123538,978.3955908123538,0
2025-10-05T03:00:00,978.3955908123538,978.3955908123538,0
2025-10-05T03:15:00,978.3955908123538,978.3955908123538,0
2025-10-05T03:30:00,978.3955908123538,978.3955908123538,0
2025-10-05T03:45:00,978.3955908123538,978.3955908123538,0
2025-10-05T04:00:00,978.3955908123538,978.3955908123538,0
2025-10-05T04:15:00,978.3955908123538,978.3955908123538,0
2025-10-05T04:30:00,978.3955908123538,978.3955908123538,0
2025-10-05T04:45:00,978.3955908123538,978.3955908123538,0
2025-10-05T05:00:00,978.3955908123538,978.3955908123538,0
2025-10-05T05:15:00,978.3955908123538,978.3955908123538,0
2025-10-05T05:30:00,978.3955908123538,978.3955908123538,0
2025-10-05T05:45:00,978.3955908123538,978.3955908123538,0
2025-10-05T06:00:00,978.3955908123538,978.3955908123538,0
2025-10-05T06:15:00,978.3955908123538,978.3955908123538,0
2025-10-05T06:30:00,978.3955908123538,978.3955908123538,0
2025-10-05T06:45:00,978.3955908123538,978.3955908123538,0
2025-10-05T07:00:00,978.3955908123538,978.3955908123538,0
2025-10-05T07:15:00,978.3955908123538,978.3955908123538,0
2025-10-05T07:30:00,978.3955908123538,978.3955908123538,0
2025-10-05T07:45:00,978.3955908123538,978.3955908123538,0
2025-10-05T08:00:00,978.3955908123538,978.3955908123538,0
2025-10-05T08:15:00,978.3955908123538,978.3955908123538,0
2025-10-05T08:30:00,978.3955908123538,978.3955908123538,0
2025-10-05T08:45:00,978.3955908123538,978.3955908123538,0
2025-10-05T09:00:00,978.3955908123538,978.3955908123538,0
2025-10-05T09:15:00,978.3955908123538,978.3955908123538,0
2025-10-05T09:30:00,978.3955908123538,978.3955908123538,0
2025-10-05T09:45:00,978.3955908123538,978.3955908123538,0
2025-10-05T10:00:00,978.3955908123538,978.3955908123538,0
2025-10-05T10:15:00,978.3955908123538,978.3955908123538,0
2025-10-05T10:30:00,978.3955908123538,978.3955908123538,0
2025-10-05T10:45:00,978.3955908123538,978.3955908123538,0
2025-10-05T11:00:00,978.3955908123538,978.3955908123538,0
2025-10-05T11:15:00,978.3955908123538,978.3955908123538,0
2025-10-05T11:30:00,978.3955908123538,978.3955908123538,0
2025-10-05T11:45:00,978.3955908123538,978.3955908123538,0
2025-10-05T12:00:00,978.3955908123538,978.3955908123538,0
2025-10-05T12:15:00,978.3955908123538,978.3955908123538,0
2025-10-05T12:30:00,978.3955908123538,978.3955908123538,0
2025-10-05T12:45:00,978.3955908123538,978.3955908123538,0
2025-10-05T13:00:00,978.3955908123538,978.3955908123538,0
2025-10-05T13:15:00,978.3955908123538,978.3955908123538,0
2025-10-05T13:30:00,978.3955908123538,978.3955908123538,0
2025-10-05T13:45:00,978.3955908123538,978.3955908123538,0
2025-10-05T14:00:00,978.3955908123538,978.3955908123538,0
2025-10-05T14:15:00,978.3955908123538,978.3955908123538,0
2025-10-05T14:30:00,978.3955908123538,978.3955908123538,0
2025-10-05T14:45:00,978.3955908123538,978.3955908123538,0
2025-10-05T15:00:00,978.3955908123538,978.3955908123538,0
2025-10-05T15:15:00,978.3955908123538,978.3955908123538,0
2025-10-05T15:30:00,978.3955908123538,978.3955908123538,0
2025-10-05T15:45:00,978.3955908123538,978.3955908123538,0
2025-10-05T16:00:00,978.3955908123538,978.3955908123538,0
2025-10-05T16:15:00,978.3955908123538,978.3955908123538,0
2025-10-05T16:30:00,978.3955908123538,978.3955908123538,0
2025-10-05T16:45:00,978.3955908123538,978.3955908123538,0
2025-10-05T17:00:00,978.3955908123538,978.3955908123538,0
2025-10-05T17:15:00,978.3955908123538,978.3955908123538,0
2025-10-05T17:30:00,978.3955908123538,978.3955908123538,0
2025-10-05T17:45:00,978.3955908123538,978.3955908123538,0
2025-10-05T18:00:00,978.3955908123538,978.3955908123538,0
2025-10-05T18:15:00,978.3955908123538,978.3955908123538,0
2025-10-05T18:30:00,978.3955908123538,978.3955908123538,0
2025-10-05T18:45:00,978.3955908123538,978.3955908123538,0
2025-10-05T19:00:00,978.3955908123538,978.3955908123538,0
2025-10-05T19:15:00,978.3955908123538,978.3955908123538,0
2025-10-05T19:30:00,978.3955908123538,978.3955908123538,0
2025-10-05T19:45:00,978.3955908123538,978.3955908123538,0
2025-10-05T20:00:00,977.6511282844864,880.3994884365884,1
2025-10-05T20:15:00,977.4933785721003,880.3994884365884,1
2025-10-05T20:30:00,976.9800383478158,880.3994884365884,1
2025-10-05T20:45:00,977.5264972962476,880.3994884365884,1
2025-10-05T21:00:00,977.7504844569286,880.3994884365884,1
2025-10-05T21:15:00,976.9785862036683,976.9785862036683,0
2025-10-05T21:30:00,976.9785862036683,976.9785862036683,0
2025-10-05T21:45:00,976.9785862036683,976.9785862036683,0
2025-10-05T22:00:00,976.9785862036683,976.9785862036683,0
2025-10-05T22:15:00,976.9785862036683,976.9785862036683,0
2025-10-05T22:30:00,976.9785862036683,976.9785862036683,0
2025-10-05T22:45:00,976.9785862036683,976.9785862036683,0
2025-10-05T23:00:00,976.9785862036683,976.9785862036683,0
2025-10-05T23:15:00,976.9785862036683,976.9785862036683,0
2025-10-05T23:30:00,976.9785862036683,976.9785862036683,0
2025-10-05T23:45:00,976.9785862036683,976.9785862036683,0
2025-10-06T00:00:00,976.9785862036683,976.9785862036683,0
2025-10-06T00:15:00,976.9785862036683,976.9785862036683,0
2025-10-06T00:30:00,976.9785862036683,976.9785862036683,0
2025-10-06T00:45:00,976.9785862036683,976.9785862036683,0
2025-10-06T01:00:00,976.9785862036683,976.9785862036683,0
2025-10-06T01:15:00,976.9785862036683,976.9785862036683,0
2025-10-06T01:30:00,976.9785862036683,976.9785862036683,0
2025-10-06T01:45:00,976.9785862036683,976.9785862036683,0
2025-10-06T02:00:00,976.9785862036683,976.9785862036683,0
2025-10-06T02:15:00,976.9785862036683,976.9785862036683,0
2025-10-06T02:30:00,976.9785862036683,976.9785862036683,0
2025-10-06T02:45:00,976.9785862036683,976.9785862036683,0
2025-10-06T03:00:00,976.9785862036683,976.9785862036683,0
2025-10-06T03:15:00,976.9785862036683,976.9785862036683,0
2025-10-06T03:30:00,976.9785862036683,976.9785862036683,0
2025-10-06T03:45:00,976.9785862036683,976.9785862036683,0
2025-10-06T04:00:00,976.9785862036683,976.9785862036683,0
2025-10-06T04:15:00,976.9785862036683,976.9785862036683,0
2025-10-06T04:30:00,976.9785862036683,976.9785862036683,0
2025-10-06T04:45:00,976.9785862036683,976.9785862036683,0
2025-10-06T05:00:00,976.9785862036683,976.9785862036683,0
2025-10-06T05:15:00,976.9785862036683,976.9785862036683,0
2025-10-06T05:30:00,976.9785862036683,976.9785862036683,0
2025-10-06T05:45:00,976.9785862036683,976.9785862036683,0
2025-10-06T06:00:00,976.9785862036683,976.9785862036683,0
2025-10-06T06:15:00,976.9785862036683,976.9785862036683,0
2025-10-06T06:30:00,976.9785862036683,976.9785862036683,0
2025-10-06T06:45:00,976.9785862036683,976.9785862036683,0
2025-10-06T07:00:00,976.9785862036683,976.9785862036683,0
2025-10-06T07:15:00,976.9785862036683,976.9785862036683,0
2025-10-06T07:30:00,976.9785862036683,976.9785862036683,0
2025-10-06T07:45:00,976.9785862036683,976.9785862036683,0
2025-10-06T08:00:00,976.9785862036683,976.9785862036683,0
2025-10-06T08:15:00,976.9785862036683,976.9785862036683,0
2025-10-06T08:30:00,976.9785862036683,976.9785862036683,0
2025-10-06T08:45:00,976.9785862036683,976.9785862036683,0
2025-10-06T09:00:00,976.9785862036683,976.9785862036683,0
2025-10-06T09:15:00,976.9785862036683,976.9785862036683,0
2025-10-06T09:30:00,976.9785862036683,976.9785862036683,0
2025-10-06T09:45:00,976.9785862036683,976.9785862036683,0
2025-10-06T10:00:00,976.9785862036683,976.9785862036683,0
2025-10-06T10:15:00,976.9785862036683,976.9785862036683,0
2025-10-06T10:30:00,976.9785862036683,976.9785862036683,0
2025-10-06T10:45:00,976.9785862036683,976.9785862036683,0
2025-10-06T11:00:00,976.9785862036683,976.9785862036683,0
2025-10-06T11:15:00,976.9785862036683,976.9785862036683,0
2025-10-06T11:30:00,976.9785862036683,976.9785862036683,0
2025-10-06T11:45:00,976.9785862036683,976.9785862036683,0
2025-10-06T12:00:00,976.9785862036683,976.9785862036683,0
2025-10-06T12:15:00,976.9785862036683,976.9785862036683,0
2025-10-06T12:30:00,976.9785862036683,976.9785862036683,0
2025-10-06T12:45:00,976.9785862036683,976.9785862036683,0
2025-10-06T13:00:00,976.9785862036683,976.9785862036683,0
2025-10-06T13:15:00,976.9785862036683,976.9785862036683,0
2025-10-06T13:30:00,976.9785862036683,976.9785862036683,0
2025-10-06T13:45:00,976.9785862036683,976.9785862036683,0
2025-10-06T14:00:00,976.9785862036683,976.9785862036683,0
2025-10-06T14:15:00,976.9785862036683,976.9785862036683,0
2025-10-06T14:30:00,976.9785862036683,976.9785862036683,0
2025-10-06T14:45:00,976.9785862036683,976.9785862036683,0
2025-10-06T15:00:00,976.9785862036683,976.9785862036683,0
2025-10-06T15:15:00,976.9785862036683,976.9785862036683,0
2025-10-06T15:30:00,976.9785862036683,976.9785862036683,0
2025-10-06T15:45:00,976.9785862036683,976.9785862036683,0
2025-10-06T16:00:00,976.9785862036683,976.9785862036683,0
2025-10-06T16:15:00,976.9785862036683,976.9785862036683,0
2025-10-06T16:30:00,976.9785862036683,976.9785862036683,0
2025-10-06T16:45:00,976.9785862036683,976.9785862036683,0
2025-10-06T17:00:00,976.9785862036683,976.9785862036683,0
2025-10-06T17:15:00,976.9785862036683,976.9785862036683,0
2025-10-06T17:30:00,976.9785862036683,976.9785862036683,0
2025-10-06T17:45:00,976.9785862036683,976.9785862036683,0
2025-10-06T18:00:00,976.9785862036683,976.9785862036683,0
2025-10-06T18:15:00,976.9785862036683,976.9785862036683,0
2025-10-06T18:30:00,976.9785862036683,976.9785862036683,0
2025-10-06T18:45:00,976.2369604419355,879.1244110095089,1
2025-10-06T19:00:00,975.1123994588418,879.1244110095089,1
2025-10-06T19:15:00,975.1783260568428,879.1244110095089,1
2025-10-06T19:30:00,974.0061188198886,974.0061188198886,0
2025-10-06T19:45:00,974.0061188198886,974.0061188198886,0
2025-10-06T20:00:00,974.0061188198886,974.0061188198886,0
2025-10-06T20:15:00,974.0061188198886,974.0061188198886,0
2025-10-06T20:30:00,974.0061188198886,974.0061188198886,0
2025-10-06T20:45:00,974.0061188198886,974.0061188198886,0
2025-10-06T21:00:00,974.0061188198886,974.0061188198886,0
2025-10-06T21:15:00,974.0061188198886,974.0061188198886,0
2025-10-06T21:30:00,974.0061188198886,974.0061188198886,0
2025-10-06T21:45:00,974.0061188198886,974.0061188198886,0
2025-10-06T22:00:00,974.0061188198886,974.0061188198886,0
2025-10-06T22:15:00,974.0061188198886,974.0061188198886,0
2025-10-06T22:30:00,974.0061188198886,974.0061188198886,0
2025-10-06T22:45:00,974.0061188198886,974.0061188198886,0
2025-10-06T23:00:00,974.0061188198886,974.0061188198886,0
2025-10-06T23:15:00,974.0061188198886,974.0061188198886,0
2025-10-06T23:30:00,974.0061188198886,974.0061188198886,0
2025-10-06T23:45:00,974.0061188198886,974.0061188198886,0
2025-10-07T00:00:00,974.0061188198886,974.0061188198886,0
2025-10-07T00:15:00,974.0061188198886,974.0061188198886,0
2025-10-07T00:30:00,974.0061188198886,974.0061188198886,0
2025-10-07T00:45:00,974.0061188198886,974.0061188198886,0
2025-10-07T01:00:00,974.0061188198886,974.0061188198886,0
2025-10-07T01:15:00,974.0061188198886,974.0061188198886,0
2025-10-07T01:30:00,974.0061188198886,974.0061188198886,0
2025-10-07T01:45:00,974.0061188198886,974.0061188198886,0
2025-10-07T02:00:00,974.0061188198886,974.0061188198886,0
2025-10-07T02:15:00,974.0061188198886,974.0061188198886,0
2025-10-07T02:30:00,974.0061188198886,974.0061188198886,0
2025-10-07T02:45:00,974.0061188198886,974.0061188198886,0
2025-10-07T03:00:00,974.0061188198886,974.0061188198886,0
2025-10-07T03:15:00,974.0061188198886,974.0061188198886,0
2025-10-07T03:30:00,974.0061188198886,974.0061188198886,0
2025-10-07T03:45:00,974.0061188198886,974.0061188198886,0
2025-10-07T04:00:00,974.0061188198886,974.0061188198886,0
2025-10-07T04:15:00,974.0061188198886,974.0061188198886,0
2025-10-07T04:30:00,974.0061188198886,974.0061188198886,0
2025-10-07T04:45:00,974.0061188198886,974.0061188198886,0
2025-10-07T05:00:00,974.0061188198886,974.0061188198886,0
2025-10-07T05:15:00,974.0061188198886,974.0061188198886,0
2025-10-07T05:30:00,974.0061188198886,974.0061188198886,0
2025-10-07T05:45:00,974.0061188198886,974.0061188198886,0
2025-10-07T06:00:00,974.0061188198886,974.0061188198886,0
2025-10-07T06:15:00,974.0061188198886,974.0061188198886,0
2025-10-07T06:30:00,974.0061188198886,974.0061188198886,0
2025-10-07T06:45:00,974.0061188198886,974.0061188198886,0
2025-10-07T07:00:00,974.0061188198886,974.0061188198886,0
2025-10-07T07:15:00,974.0061188198886,974.0061188198886,0
2025-10-07T07:30:00,974.0061188198886,974.0061188198886,0
2025-10-07T07:45:00,974.0061188198886,974.0061188198886,0
2025-10-07T08:00:00,974.0061188198886,974.0061188198886,0
2025-10-07T08:15:00,974.0061188198886,974.0061188198886,0
2025-10-07T08:30:00,974.0061188198886,974.0061188198886,0
2025-10-07T08:45:00,974.0061188198886,974.0061188198886,0
2025-10-07T09:00:00,974.0061188198886,974.0061188198886,0
2025-10-07T09:15:00,974.0061188198886,974.0061188198886,0
2025-10-07T09:30:00,974.0061188198886,974.0061188198886,0
2025-10-07T09:45:00,974.0061188198886,974.0061188198886,0
2025-10-07T10:00:00,974.0061188198886,974.0061188198886,0
2025-10-07T10:15:00,974.0061188198886,974.0061188198886,0
2025-10-07T10:30:00,974.0061188198886,974.0061188198886,0
2025-10-07T10:45:00,974.0061188198886,974.0061188198886,0
2025-10-07T11:00:00,974.0061188198886,974.0061188198886,0
2025-10-07T11:15:00,974.0061188198886,974.0061188198886,0
2025-10-07T11:30:00,974.0061188198886,974.0061188198886,0
2025-10-07T11:45:00,974.0061188198886,974.0061188198886,0
2025-10-07T12:00:00,974.0061188198886,974.0061188198886,0
2025-10-07T12:15:00,974.0061188198886,974.0061188198886,0
2025-10-07T12:30:00,974.0061188198886,974.0061188198886,0
2025-10-07T12:45:00,973.2667494621536,876.4496659588885,1
2025-10-07T13:00:00,972.804593550571,876.4496659588885,1
2025-10-07T13:15:00,973.7665989409929,876.4496659588885,1
2025-10-07T13:30:00,968.0734791897047,968.0734791897047,0
2025-10-07T13:45:00,968.0734791897047,968.0734791897047,0
2025-10-07T14:00:00,968.0734791897047,968.0734791897047,0
2025-10-07T14:15:00,968.0734791897047,968.0734791897047,0
2025-10-07T14:30:00,968.0734791897047,968.0734791897047,0
2025-10-07T14:45:00,968.0734791897047,968.0734791897047,0
2025-10-07T15:00:00,968.0734791897047,968.0734791897047,0
2025-10-07T15:15:00,968.0734791897047,968.0734791897047,0
2025-10-07T15:30:00,968.0734791897047,968.0734791897047,0
2025-10-07T15:45:00,968.0734791897047,968.0734791897047,0
2025-10-07T16:00:00,968.0734791897047,968.0734791897047,0
2025-10-07T16:15:00,968.0734791897047,968.0734791897047,0
2025-10-07T16:30:00,968.0734791897047,968.0734791897047,0
2025-10-07T16:45:00,968.0734791897047,968.0734791897047,0
2025-10-07T17:00:00,968.0734791897047,968.0734791897047,0
2025-10-07T17:15:00,968.0734791897047,968.0734791897047,0
2025-10-07T17:30:00,968.0734791897047,968.0734791897047,0
2025-10-07T17:45:00,968.0734791897047,968.0734791897047,0
2025-10-07T18:00:00,968.0734791897047,968.0734791897047,0
2025-10-07T18:15:00,968.0734791897047,968.0734791897047,0
2025-10-07T18:30:00,968.0734791897047,968.0734791897047,0
2025-10-07T18:45:00,968.0734791897047,968.0734791897047,0
2025-10-07T19:00:00,968.0734791897047,968.0734791897047,0
2025-10-07T19:15:00,968.0734791897047,968.0734791897047,0
2025-10-07T19:30:00,968.0734791897047,968.0734791897047,0
2025-10-07T19:45:00,968.0734791897047,968.0734791897047,0
2025-10-07T20:00:00,968.0734791897047,968.0734791897047,0
2025-10-07T20:15:00,968.0734791897047,968.0734791897047,0
2025-10-07T20:30:00,968.0734791897047,968.0734791897047,0
2025-10-07T20:45:00,968.0734791897047,968.0734791897047,0
2025-10-07T21:00:00,968.0734791897047,968.0734791897047,0
2025-10-07T21:15:00,968.0734791897047,968.0734791897047,0
2025-10-07T21:30:00,968.0734791897047,968.0734791897047,0
2025-10-07T21:45:00,968.0734791897047,968.0734791897047,0
2025-10-07T22:00:00,968.0734791897047,968.0734791897047,0
2025-10-07T22:15:00,968.0734791897047,968.0734791897047,0
2025-10-07T22:30:00,968.0734791897047,968.0734791897047,0
2025-10-07T22:45:00,968.0734791897047,968.0734791897047,0
2025-10-07T23:00:00,968.0734791897047,968.0734791897047,0
2025-10-07T23:15:00,968.0734791897047,968.0734791897047,0
2025-10-07T23:30:00,968.0734791897047,968.0734791897047,0
2025-10-07T23:45:00,967.3368707705267,871.1112395140639,1
2025-10-08T00:00:00,967.0090227215683,871.1112395140639,1
2025-10-08T00:15:00,966.5747984439586,871.1112395140639,1
2025-10-08T00:30:00,965.3898370116859,871.1112395140639,1
2025-10-08T00:45:00,964.9420932414108,964.9420932414108,0
2025-10-08T01:00:00,964.9420932414108,964.9420932414108,0
2025-10-08T01:15:00,964.9420932414108,964.9420932414108,0
2025-10-08T01:30:00,964.9420932414108,964.9420932414108,0
2025-10-08T01:45:00,964.9420932414108,964.9420932414108,0
2025-10-08T02:00:00,964.9420932414108,964.9420932414108,0
2025-10-08T02:15:00,964.9420932414108,964.9420932414108,0
2025-10-08T02:30:00,964.9420932414108,964.9420932414108,0
2025-10-08T02:45:00,964.9420932414108,964.9420932414108,0
2025-10-08T03:00:00,964.9420932414108,964.9420932414108,0
2025-10-08T03:15:00,964.9420932414108,964.9420932414108,0
2025-10-08T03:30:00,964.9420932414108,964.9420932414108,0
2025-10-08T03:45:00,964.9420932414108,964.9420932414108,0
2025-10-08T04:00:00,964.9420932414108,964.9420932414108,0
2025-10-08T04:15:00,964.9420932414108,964.9420932414108,0
2025-10-08T04:30:00,964.9420932414108,964.9420932414108,0
2025-10-08T04:45:00,964.9420932414108,964.9420932414108,0
2025-10-08T05:00:00,964.9420932414108,964.9420932414108,0
2025-10-08T05:15:00,964.9420932414108,964.9420932414108,0
2025-10-08T05:30:00,964.9420932414108,964.9420932414108,0
2025-10-08T05:45:00,964.9420932414108,964.9420932414108,0
2025-10-08T06:00:00,964.9420932414108,964.9420932414108,0
2025-10-08T06:15:00,964.9420932414108,964.9420932414108,0
2025-10-08T06:30:00,964.9420932414108,964.9420932414108,0
2025-10-08T06:45:00,964.9420932414108,964.9420932414108,0
2025-10-08T07:00:00,964.9420932414108,964.9420932414108,0
2025-10-08T07:15:00,964.9420932414108,964.9420932414108,0
2025-10-08T07:30:00,964.9420932414108,964.9420932414108,0
2025-10-08T07:45:00,964.9420932414108,964.9420932414108,0
2025-10-08T08:00:00,964.9420932414108,964.9420932414108,0
2025-10-08T08:15:00,964.9420932414108,964.9420932414108,0
2025-10-08T08:30:00,964.9420932414108,964.9420932414108,0
2025-10-08T08:45:00,964.9420932414108,964.9420932414108,0
2025-10-08T09:00:00,964.9420932414108,964.9420932414108,0
2025-10-08T09:15:00,964.9420932414108,964.9420932414108,0
2025-10-08T09:30:00,964.9420932414108,964.9420932414108,0
2025-10-08T09:45:00,964.9420932414108,964.9420932414108,0
2025-10-08T10:00:00,964.9420932414108,964.9420932414108,0
2025-10-08T10:15:00,964.9420932414108,964.9420932414108,0
2025-10-08T10:30:00,964.9420932414108,964.9420932414108,0
2025-10-08T10:45:00,964.9420932414108,964.9420932414108,0
2025-10-08T11:00:00,964.9420932414108,964.9420932414108,0
2025-10-08T11:15:00,964.9420932414108,964.9420932414108,0
2025-10-08T11:30:00,964.9420932414108,964.9420932414108,0
2025-10-08T11:45:00,964.9420932414108,964.9420932414108,0
2025-10-08T12:00:00,964.9420932414108,964.9420932414108,0
2025-10-08T12:15:00,964.9420932414108,964.9420932414108,0
2025-10-08T12:30:00,964.9420932414108,964.9420932414108,0
2025-10-08T12:45:00,964.9420932414108,964.9420932414108,0
2025-10-08T13:00:00,964.9420932414108,964.9420932414108,0
2025-10-08T13:15:00,964.9420932414108,964.9420932414108,0
2025-10-08T13:30:00,964.9420932414108,964.9420932414108,0
2025-10-08T13:45:00,964.9420932414108,964.9420932414108,0
2025-10-08T14:00:00,964.9420932414108,964.9420932414108,0
2025-10-08T14:15:00,964.9420932414108,964.9420932414108,0
2025-10-08T14:30:00,964.9420932414108,964.9420932414108,0
2025-10-08T14:45:00,964.9420932414108,964.9420932414108,0
2025-10-08T15:00:00,964.9420932414108,964.9420932414108,0
2025-10-08T15:15:00,964.9420932414108,964.9420932414108,0
2025-10-08T15:30:00,964.9420932414108,964.9420932414108,0
2025-10-08T15:45:00,964.9420932414108,964.9420932414108,0
2025-10-08T16:00:00,964.9420932414108,964.9420932414108,0
2025-10-08T16:15:00,964.9420932414108,964.9420932414108,0
2025-10-08T16:30:00,964.9420932414108,964.9420932414108,0
2025-10-08T16:45:00,964.9420932414108,964.9420932414108,0
2025-10-08T17:00:00,964.9420932414108,964.9420932414108,0
2025-10-08T17:15:00,964.9420932414108,964.9420932414108,0
2025-10-08T17:30:00,964.9420932414108,964.9420932414108,0
2025-10-08T17:45:00,964.9420932414108,964.9420932414108,0
2025-10-08T18:00:00,964.2096043977105,868.2934931823511,1
2025-10-08T18:15:00,963.4146991599769,868.2934931823511,1
2025-10-08T18:30:00,963.2581075884276,868.2934931823511,1
2025-10-08T18:45:00,962.9322614670615,868.2934931823511,1
2025-10-08T19:00:00,962.309317607423,868.2934931823511,1
2025-10-08T19:15:00,963.4860723102122,868.2934931823511,1
2025-10-08T19:30:00,962.5364875967651,962.5364875967651,0
2025-10-08T19:45:00,962.5364875967651,962.5364875967651,0
2025-10-08T20:00:00,962.5364875967651,962.5364875967651,0
2025-10-08T20:15:00,962.5364875967651,962.5364875967651,0
2025-10-08T20:30:00,962.5364875967651,962.5364875967651,0
2025-10-08T20:45:00,962.5364875967651,962.5364875967651,0
2025-10-08T21:00:00,962.5364875967651,962.5364875967651,0
2025-10-08T21:15:00,962.5364875967651,962.5364875967651,0
2025-10-08T21:30:00,962.5364875967651,962.5364875967651,0
2025-10-08T21:45:00,962.5364875967651,962.5364875967651,0
2025-10-08T22:00:00,962.5364875967651,962.5364875967651,0
2025-10-08T22:15:00,962.5364875967651,962.5364875967651,0
2025-10-08T22:30:00,962.5364875967651,962.5364875967651,0
2025-10-08T22:45:00,962.5364875967651,962.5364875967651,0
2025-10-08T23:00:00,962.5364875967651,962.5364875967651,0
2025-10-08T23:15:00,962.5364875967651,962.5364875967651,0
2025-10-08T23:30:00,962.5364875967651,962.5364875967651,0
2025-10-08T23:45:00,962.5364875967651,962.5364875967651,0
2025-10-09T00:00:00,962.5364875967651,962.5364875967651,0
2025-10-09T00:15:00,962.5364875967651,962.5364875967651,0
2025-10-09T00:30:00,962.5364875967651,962.5364875967651,0
2025-10-09T00:45:00,962.5364875967651,962.5364875967651,0
2025-10-09T01:00:00,962.5364875967651,962.5364875967651,0
2025-10-09T01:15:00,962.5364875967651,962.5364875967651,0
2025-10-09T01:30:00,962.5364875967651,962.5364875967651,0
2025-10-09T01:45:00,962.5364875967651,962.5364875967651,0
2025-10-09T02:00:00,962.5364875967651,962.5364875967651,0
2025-10-09T02:15:00,962.5364875967651,962.5364875967651,0
2025-10-09T02:30:00,962.5364875967651,962.5364875967651,0
2025-10-09T02:45:00,962.5364875967651,962.5364875967651,0
2025-10-09T03:00:00,962.5364875967651,962.5364875967651,0
2025-10-09T03:15:00,962.5364875967651,962.5364875967651,0
2025-10-09T03:30:00,962.5364875967651,962.5364875967651,0
2025-10-09T03:45:00,962.5364875967651,962.5364875967651,0
2025-10-09T04:00:00,962.5364875967651,962.5364875967651,0
2025-10-09T04:15:00,962.5364875967651,962.5364875967651,0
2025-10-09T04:30:00,962.5364875967651,962.5364875967651,0
2025-10-09T04:45:00,962.5364875967651,962.5364875967651,0
2025-10-09T05:00:00,962.5364875967651,962.5364875967651,0
2025-10-09T05:15:00,962.5364875967651,962.5364875967651,0
2025-10-09T05:30:00,962.5364875967651,962.5364875967651,0
2025-10-09T05:45:00,962.5364875967651,962.5364875967651,0
2025-10-09T06:00:00,962.5364875967651,962.5364875967651,0
2025-10-09T06:15:00,962.5364875967651,962.5364875967651,0
2025-10-09T06:30:00,962.5364875967651,962.5364875967651,0
2025-10-09T06:45:00,962.5364875967651,962.5364875967651,0
2025-10-09T07:00:00,962.5364875967651,962.5364875967651,0
2025-10-09T07:15:00,962.5364875967651,962.5364875967651,0
2025-10-09T07:30:00,962.5364875967651,962.5364875967651,0
2025-10-09T07:45:00,962.5364875967651,962.5364875967651,0
2025-10-09T08:00:00,962.5364875967651,962.5364875967651,0
2025-10-09T08:15:00,962.5364875967651,962.5364875967651,0
2025-10-09T08:30:00,962.5364875967651,962.5364875967651,0
2025-10-09T08:45:00,962.5364875967651,962.5364875967651,0
2025-10-09T09:00:00,962.5364875967651,962.5364875967651,0
2025-10-09T09:15:00,962.5364875967651,962.5364875967651,0
2025-10-09T09:30:00,962.5364875967651,962.5364875967651,0
2025-10-09T09:45:00,962.5364875967651,962.5364875967651,0
2025-10-09T10:00:00,962.5364875967651,962.5364875967651,0
2025-10-09T10:15:00,962.5364875967651,962.5364875967651,0
2025-10-09T10:30:00,962.5364875967651,962.5364875967651,0
2025-10-09T10:45:00,962.5364875967651,962.5364875967651,0
2025-10-09T11:00:00,962.5364875967651,962.5364875967651,0
2025-10-09T11:15:00,962.5364875967651,962.5364875967651,0
2025-10-09T11:30:00,962.5364875967651,962.5364875967651,0
2025-10-09T11:45:00,962.5364875967651,962.5364875967651,0
2025-10-09T12:00:00,962.5364875967651,962.5364875967651,0
2025-10-09T12:15:00,962.5364875967651,962.5364875967651,0
2025-10-09T12:30:00,962.5364875967651,962.5364875967651,0
2025-10-09T12:45:00,962.5364875967651,962.5364875967651,0
2025-10-09T13:00:00,962.5364875967651,962.5364875967651,0
2025-10-09T13:15:00,962.5364875967651,962.5364875967651,0
2025-10-09T13:30:00,962.5364875967651,962.5364875967651,0
2025-10-09T13:45:00,962.5364875967651,962.5364875967651,0
2025-10-09T14:00:00,962.5364875967651,962.5364875967651,0
2025-10-09T14:15:00,962.5364875967651,962.5364875967651,0
2025-10-09T14:30:00,962.5364875967651,962.5364875967651,0
2025-10-09T14:45:00,962.5364875967651,962.5364875967651,0
2025-10-09T15:00:00,962.5364875967651,962.5364875967651,0
2025-10-09T15:15:00,962.5364875967651,962.5364875967651,0
2025-10-09T15:30:00,962.5364875967651,962.5364875967651,0
2025-10-09T15:45:00,962.5364875967651,962.5364875967651,0
2025-10-09T16:00:00,962.5364875967651,962.5364875967651,0
2025-10-09T16:15:00,962.5364875967651,962.5364875967651,0
2025-10-09T16:30:00,962.5364875967651,962.5364875967651,0
2025-10-09T16:45:00,962.5364875967651,962.5364875967651,0
2025-10-09T17:00:00,962.5364875967651,962.5364875967651,0
2025-10-09T17:15:00,962.5364875967651,962.5364875967651,0
2025-10-09T17:30:00,962.5364875967651,962.5364875967651,0
2025-10-09T17:45:00,962.5364875967651,962.5364875967651,0
2025-10-09T18:00:00,962.5364875967651,962.5364875967651,0
2025-10-09T18:15:00,962.5364875967651,962.5364875967651,0
2025-10-09T18:30:00,962.5364875967651,962.5364875967651,0
2025-10-09T18:45:00,962.5364875967651,962.5364875967651,0
2025-10-09T19:00:00,962.5364875967651,962.5364875967651,0
2025-10-09T19:15:00,962.5364875967651,962.5364875967651,0
2025-10-09T19:30:00,962.5364875967651,962.5364875967651,0
2025-10-09T19:45:00,962.5364875967651,962.5364875967651,0
2025-10-09T20:00:00,962.5364875967651,962.5364875967651,0
2025-10-09T20:15:00,962.5364875967651,962.5364875967651,0
2025-10-09T20:30:00,962.5364875967651,962.5364875967651,0
2025-10-09T20:45:00,962.5364875967651,962.5364875967651,0
2025-10-09T21:00:00,962.5364875967651,962.5364875967651,0
2025-10-09T21:15:00,962.5364875967651,962.5364875967651,0
2025-10-09T21:30:00,962.5364875967651,962.5364875967651,0
2025-10-09T21:45:00,962.5364875967651,962.5364875967651,0
2025-10-09T22:00:00,962.5364875967651,962.5364875967651,0
2025-10-09T22:15:00,962.5364875967651,962.5364875967651,0
2025-10-09T22:30:00,962.5364875967651,962.5364875967651,0
2025-10-09T22:45:00,962.5364875967651,962.5364875967651,0
2025-10-09T23:00:00,962.5364875967651,962.5364875967651,0
2025-10-09T23:15:00,962.5364875967651,962.5364875967651,0
2025-10-09T23:30:00,962.5364875967651,962.5364875967651,0
2025-10-09T23:45:00,962.5364875967651,962.5364875967651,0
2025-10-10T00:00:00,962.5364875967651,962.5364875967651,0
2025-10-10T00:15:00,962.5364875967651,962.5364875967651,0
2025-10-10T00:30:00,962.5364875967651,962.5364875967651,0
2025-10-10T00:45:00,962.5364875967651,962.5364875967651,0
2025-10-10T01:00:00,962.5364875967651,962.5364875967651,0
2025-10-10T01:15:00,962.5364875967651,962.5364875967651,0
2025-10-10T01:30:00,962.5364875967651,962.5364875967651,0
2025-10-10T01:45:00,962.5364875967651,962.5364875967651,0
2025-10-10T02:00:00,962.5364875967651,962.5364875967651,0
2025-10-10T02:15:00,962.5364875967651,962.5364875967651,0
2025-10-10T02:30:00,962.5364875967651,962.5364875967651,0
2025-10-10T02:45:00,962.5364875967651,962.5364875967651,0
2025-10-10T03:00:00,962.5364875967651,962.5364875967651,0
2025-10-10T03:15:00,962.5364875967651,962.5364875967651,0
2025-10-10T03:30:00,962.5364875967651,962.5364875967651,0
2025-10-10T03:45:00,962.5364875967651,962.5364875967651,0
2025-10-10T04:00:00,962.5364875967651,962.5364875967651,0
2025-10-10T04:15:00,962.5364875967651,962.5364875967651,0
2025-10-10T04:30:00,962.5364875967651,962.5364875967651,0
2025-10-10T04:45:00,962.5364875967651,962.5364875967651,0
2025-10-10T05:00:00,962.5364875967651,962.5364875967651,0
2025-10-10T05:15:00,962.5364875967651,962.5364875967651,0
2025-10-10T05:30:00,962.5364875967651,962.5364875967651,0
2025-10-10T05:45:00,962.5364875967651,962.5364875967651,0
2025-10-10T06:00:00,962.5364875967651,962.5364875967651,0
2025-10-10T06:15:00,962.5364875967651,962.5364875967651,0
2025-10-10T06:30:00,962.5364875967651,962.5364875967651,0
2025-10-10T06:45:00,962.5364875967651,962.5364875967651,0
2025-10-10T07:00:00,962.5364875967651,962.5364875967651,0
2025-10-10T07:15:00,962.5364875967651,962.5364875967651,0
2025-10-10T07:30:00,962.5364875967651,962.5364875967651,0
2025-10-10T07:45:00,962.5364875967651,962.5364875967651,0
2025-10-10T08:00:00,962.5364875967651,962.5364875967651,0
2025-10-10T08:15:00,962.5364875967651,962.5364875967651,0
2025-10-10T08:30:00,962.5364875967651,962.5364875967651,0
2025-10-10T08:45:00,962.5364875967651,962.5364875967651,0
2025-10-10T09:00:00,962.5364875967651,962.5364875967651,0
2025-10-10T09:15:00,962.5364875967651,962.5364875967651,0
2025-10-10T09:30:00,962.5364875967651,962.5364875967651,0
2025-10-10T09:45:00,962.5364875967651,962.5364875967651,0
2025-10-10T10:00:00,962.5364875967651,962.5364875967651,0
2025-10-10T10:15:00,962.5364875967651,962.5364875967651,0
2025-10-10T10:30:00,962.5364875967651,962.5364875967651,0
2025-10-10T10:45:00,962.5364875967651,962.5364875967651,0
2025-10-10T11:00:00,962.5364875967651,962.5364875967651,0
2025-10-10T11:15:00,962.5364875967651,962.5364875967651,0
2025-10-10T11:30:00,962.5364875967651,962.5364875967651,0
2025-10-10T11:45:00,962.5364875967651,962.5364875967651,0
2025-10-10T12:00:00,962.5364875967651,962.5364875967651,0
2025-10-10T12:15:00,962.5364875967651,962.5364875967651,0
2025-10-10T12:30:00,962.5364875967651,962.5364875967651,0
2025-10-10T12:45:00,962.5364875967651,962.5364875967651,0
2025-10-10T13:00:00,962.5364875967651,962.5364875967651,0
2025-10-10T13:15:00,962.5364875967651,962.5364875967651,0
2025-10-10T13:30:00,962.5364875967651,962.5364875967651,0
2025-10-10T13:45:00,962.5364875967651,962.5364875967651,0
2025-10-10T14:00:00,962.5364875967651,962.5364875967651,0
2025-10-10T14:15:00,962.5364875967651,962.5364875967651,0
2025-10-10T14:30:00,962.5364875967651,962.5364875967651,0
2025-10-10T14:45:00,962.5364875967651,962.5364875967651,0
2025-10-10T15:00:00,962.5364875967651,962.5364875967651,0
2025-10-10T15:15:00,962.5364875967651,962.5364875967651,0
2025-10-10T15:30:00,962.5364875967651,962.5364875967651,0
2025-10-10T15:45:00,962.5364875967651,962.5364875967651,0
2025-10-10T16:00:00,962.5364875967651,962.5364875967651,0
2025-10-10T16:15:00,962.5364875967651,962.5364875967651,0
2025-10-10T16:30:00,962.5364875967651,962.5364875967651,0
2025-10-10T16:45:00,962.5364875967651,962.5364875967651,0
2025-10-10T17:00:00,962.5364875967651,962.5364875967651,0
2025-10-10T17:15:00,962.5364875967651,962.5364875967651,0
2025-10-10T17:30:00,962.5364875967651,962.5364875967651,0
2025-10-10T17:45:00,962.5364875967651,962.5364875967651,0
2025-10-10T18:00:00,962.5364875967651,962.5364875967651,0
2025-10-10T18:15:00,962.5364875967651,962.5364875967651,0
2025-10-10T18:30:00,962.5364875967651,962.5364875967651,0
2025-10-10T18:45:00,962.5364875967651,962.5364875967651,0
2025-10-10T19:00:00,962.5364875967651,962.5364875967651,0
2025-10-10T19:15:00,962.5364875967651,962.5364875967651,0
2025-10-10T19:30:00,962.5364875967651,962.5364875967651,0
2025-10-10T19:45:00,962.5364875967651,962.5364875967651,0
2025-10-10T20:00:00,962.5364875967651,962.5364875967651,0
2025-10-10T20:15:00,962.5364875967651,962.5364875967651,0
2025-10-10T20:30:00,962.5364875967651,962.5364875967651,0
2025-10-10T20:45:00,961.8040922819764,866.1288329990731,1
2025-10-10T21:00:00,968.7469838573368,866.1288329990731,1
2025-10-10T21:15:00,990.8589727614346,866.1288329990731,1
2025-10-10T21:30:00,986.8484511573771,866.1288329990731,1
2025-10-10T21:45:00,982.3893746056391,866.1288329990731,1
2025-10-10T22:00:00,981.9905766088974,866.1288329990731,1
2025-10-10T22:15:00,984.2302130655521,866.1288329990731,1
2025-10-10T22:30:00,982.8609942369186,866.1288329990731,1
2025-10-10T22:45:00,981.7399589359968,981.7399589359968,0
2025-10-10T23:00:00,981.7399589359968,981.7399589359968,0
2025-10-10T23:15:00,981.7399589359968,981.7399589359968,0
2025-10-10T23:30:00,981.7399589359968,981.7399589359968,0
2025-10-10T23:45:00,981.7399589359968,981.7399589359968,0
2025-10-11T00:00:00,981.7399589359968,981.7399589359968,0
2025-10-11T00:15:00,981.7399589359968,981.7399589359968,0
2025-10-11T00:30:00,981.7399589359968,981.7399589359968,0
2025-10-11T00:45:00,981.7399589359968,981.7399589359968,0
2025-10-11T01:00:00,981.7399589359968,981.7399589359968,0
2025-10-11T01:15:00,981.7399589359968,981.7399589359968,0
2025-10-11T01:30:00,981.7399589359968,981.7399589359968,0
2025-10-11T01:45:00,981.7399589359968,981.7399589359968,0
2025-10-11T02:00:00,981.7399589359968,981.7399589359968,0
2025-10-11T02:15:00,981.7399589359968,981.7399589359968,0
2025-10-11T02:30:00,981.7399589359968,981.7399589359968,0
2025-10-11T02:45:00,981.7399589359968,981.7399589359968,0
2025-10-11T03:00:00,981.7399589359968,981.7399589359968,0
2025-10-11T03:15:00,981.7399589359968,981.7399589359968,0
2025-10-11T03:30:00,981.7399589359968,981.7399589359968,0
2025-10-11T03:45:00,981.7399589359968,981.7399589359968,0
2025-10-11T04:00:00,981.7399589359968,981.7399589359968,0
2025-10-11T04:15:00,981.7399589359968,981.7399589359968,0
2025-10-11T04:30:00,981.7399589359968,981.7399589359968,0
2025-10-11T04:45:00,981.7399589359968,981.7399589359968,0
2025-10-11T05:00:00,981.7399589359968,981.7399589359968,0
2025-10-11T05:15:00,981.7399589359968,981.7399589359968,0
2025-10-11T05:30:00,981.7399589359968,981.7399589359968,0
2025-10-11T05:45:00,981.7399589359968,981.7399589359968,0
2025-10-11T06:00:00,981.7399589359968,981.7399589359968,0
2025-10-11T06:15:00,981.7399589359968,981.7399589359968,0
2025-10-11T06:30:00,981.7399589359968,981.7399589359968,0
2025-10-11T06:45:00,981.7399589359968,981.7399589359968,0
2025-10-11T07:00:00,981.7399589359968,981.7399589359968,0
2025-10-11T07:15:00,981.7399589359968,981.7399589359968,0
2025-10-11T07:30:00,981.7399589359968,981.7399589359968,0
2025-10-11T07:45:00,981.7399589359968,981.7399589359968,0
2025-10-11T08:00:00,981.7399589359968,981.7399589359968,0
2025-10-11T08:15:00,981.7399589359968,981.7399589359968,0
2025-10-11T08:30:00,981.7399589359968,981.7399589359968,0
2025-10-11T08:45:00,981.7399589359968,981.7399589359968,0
2025-10-11T09:00:00,981.7399589359968,981.7399589359968,0
2025-10-11T09:15:00,981.7399589359968,981.7399589359968,0
2025-10-11T09:30:00,981.7399589359968,981.7399589359968,0
2025-10-11T09:45:00,981.7399589359968,981.7399589359968,0
2025-10-11T10:00:00,981.7399589359968,981.7399589359968,0
2025-10-11T10:15:00,981.7399589359968,981.7399589359968,0
2025-10-11T10:30:00,981.7399589359968,981.7399589359968,0
2025-10-11T10:45:00,981.7399589359968,981.7399589359968,0
2025-10-11T11:00:00,981.7399589359968,981.7399589359968,0
2025-10-11T11:15:00,981.7399589359968,981.7399589359968,0
2025-10-11T11:30:00,981.7399589359968,981.7399589359968,0
2025-10-11T11:45:00,981.7399589359968,981.7399589359968,0
2025-10-11T12:00:00,981.7399589359968,981.7399589359968,0
2025-10-11T12:15:00,981.7399589359968,981.7399589359968,0
2025-10-11T12:30:00,981.7399589359968,981.7399589359968,0
2025-10-11T12:45:00,981.7399589359968,981.7399589359968,0
2025-10-11T13:00:00,981.7399589359968,981.7399589359968,0
2025-10-11T13:15:00,981.7399589359968,981.7399589359968,0
2025-10-11T13:30:00,981.7399589359968,981.7399589359968,0
2025-10-11T13:45:00,981.7399589359968,981.7399589359968,0
2025-10-11T14:00:00,981.7399589359968,981.7399589359968,0
2025-10-11T14:15:00,981.7399589359968,981.7399589359968,0
2025-10-11T14:30:00,981.7399589359968,981.7399589359968,0
2025-10-11T14:45:00,981.7399589359968,981.7399589359968,0
2025-10-11T15:00:00,981.7399589359968,981.7399589359968,0
2025-10-11T15:15:00,981.7399589359968,981.7399589359968,0
2025-10-11T15:30:00,981.7399589359968,981.7399589359968,0
2025-10-11T15:45:00,981.7399589359968,981.7399589359968,0
2025-10-11T16:00:00,981.7399589359968,981.7399589359968,0
2025-10-11T16:15:00,981.7399589359968,981.7399589359968,0
2025-10-11T16:30:00,981.7399589359968,981.7399589359968,0
2025-10-11T16:45:00,981.7399589359968,981.7399589359968,0
2025-10-11T17:00:00,981.7399589359968,981.7399589359968,0
2025-10-11T17:15:00,981.7399589359968,981.7399589359968,0
2025-10-11T17:30:00,981.7399589359968,981.7399589359968,0
2025-10-11T17:45:00,981.7399589359968,981.7399589359968,0
2025-10-11T18:00:00,981.7399589359968,981.7399589359968,0
2025-10-11T18:15:00,980.9929516739024,883.4088846489674,1
2025-10-11T18:30:00,980.3003781533544,883.4088846489674,1
2025-10-11T18:45:00,981.0496355185902,883.4088846489674,1
2025-10-11T19:00:00,984.1909511296479,883.4088846489674,1
2025-10-11T19:15:00,985.8615786248988,883.4088846489674,1
2025-10-11T19:30:00,987.4806753522516,883.4088846489674,1
2025-10-11T19:45:00,986.7046219877088,883.4088846489674,1
2025-10-11T20:00:00,988.0464831837709,883.4088846489674,1
2025-10-11T20:15:00,990.8528488034921,883.4088846489674,1
2025-10-11T20:30:00,993.7251738061227,883.4088846489674,1
2025-10-11T20:45:00,993.4510301209057,883.4088846489674,1
2025-10-11T21:00:00,995.881221134972,883.4088846489674,1
2025-10-11T21:15:00,990.5158375814397,883.4088846489674,1
2025-10-11T21:30:00,990.6570318854799,883.4088846489674,1
2025-10-11T21:45:00,989.2667317675939,883.4088846489674,1
2025-10-11T22:00:00,988.9925880823769,883.4088846489674,1
2025-10-11T22:15:00,988.4287934155284,988.4287934155284,0
2025-10-11T22:30:00,988.4287934155284,988.4287934155284,0
2025-10-11T22:45:00,988.4287934155284,988.4287934155284,0
2025-10-11T23:00:00,988.4287934155284,988.4287934155284,0
2025-10-11T23:15:00,988.4287934155284,988.4287934155284,0
2025-10-11T23:30:00,988.4287934155284,988.4287934155284,0
2025-10-11T23:45:00,988.4287934155284,988.4287934155284,0
2025-10-12T00:00:00,988.4287934155284,988.4287934155284,0
2025-10-12T00:15:00,988.4287934155284,988.4287934155284,0
2025-10-12T00:30:00,988.4287934155284,988.4287934155284,0
2025-10-12T00:45:00,988.4287934155284,988.4287934155284,0
2025-10-12T01:00:00,988.4287934155284,988.4287934155284,0
2025-10-12T01:15:00,988.4287934155284,988.4287934155284,0
2025-10-12T01:30:00,988.4287934155284,988.4287934155284,0
2025-10-12T01:45:00,988.4287934155284,988.4287934155284,0
2025-10-12T02:00:00,988.4287934155284,988.4287934155284,0
2025-10-12T02:15:00,988.4287934155284,988.4287934155284,0
2025-10-12T02:30:00,988.4287934155284,988.4287934155284,0
2025-10-12T02:45:00,988.4287934155284,988.4287934155284,0
2025-10-12T03:00:00,988.4287934155284,988.4287934155284,0
2025-10-12T03:15:00,988.4287934155284,988.4287934155284,0
2025-10-12T03:30:00,988.4287934155284,988.4287934155284,0
2025-10-12T03:45:00,988.4287934155284,988.4287934155284,0
2025-10-12T04:00:00,988.4287934155284,988.4287934155284,0
2025-10-12T04:15:00,988.4287934155284,988.4287934155284,0
2025-10-12T04:30:00,988.4287934155284,988.4287934155284,0
2025-10-12T04:45:00,988.4287934155284,988.4287934155284,0
2025-10-12T05:00:00,988.4287934155284,988.4287934155284,0
2025-10-12T05:15:00,988.4287934155284,988.4287934155284,0
2025-10-12T05:30:00,988.4287934155284,988.4287934155284,0
2025-10-12T05:45:00,988.4287934155284,988.4287934155284,0
2025-10-12T06:00:00,988.4287934155284,988.4287934155284,0
2025-10-12T06:15:00,988.4287934155284,988.4287934155284,0
2025-10-12T06:30:00,988.4287934155284,988.4287934155284,0
2025-10-12T06:45:00,988.4287934155284,988.4287934155284,0
2025-10-12T07:00:00,988.4287934155284,988.4287934155284,0
2025-10-12T07:15:00,988.4287934155284,988.4287934155284,0
2025-10-12T07:30:00,988.4287934155284,988.4287934155284,0
2025-10-12T07:45:00,988.4287934155284,988.4287934155284,0
2025-10-12T08:00:00,988.4287934155284,988.4287934155284,0
2025-10-12T08:15:00,988.4287934155284,988.4287934155284,0
2025-10-12T08:30:00,988.4287934155284,988.4287934155284,0
2025-10-12T08:45:00,988.4287934155284,988.4287934155284,0
2025-10-12T09:00:00,988.4287934155284,988.4287934155284,0
2025-10-12T09:15:00,988.4287934155284,988.4287934155284,0
2025-10-12T09:30:00,988.4287934155284,988.4287934155284,0
2025-10-12T09:45:00,988.4287934155284,988.4287934155284,0
2025-10-12T10:00:00,988.4287934155284,988.4287934155284,0
2025-10-12T10:15:00,988.4287934155284,988.4287934155284,0
2025-10-12T10:30:00,988.4287934155284,988.4287934155284,0
2025-10-12T10:45:00,988.4287934155284,988.4287934155284,0
2025-10-12T11:00:00,988.4287934155284,988.4287934155284,0
2025-10-12T11:15:00,988.4287934155284,988.4287934155284,0
2025-10-12T11:30:00,988.4287934155284,988.4287934155284,0
2025-10-12T11:45:00,988.4287934155284,988.4287934155284,0
2025-10-12T12:00:00,988.4287934155284,988.4287934155284,0
2025-10-12T12:15:00,988.4287934155284,988.4287934155284,0
2025-10-12T12:30:00,988.4287934155284,988.4287934155284,0
2025-10-12T12:45:00,988.4287934155284,988.4287934155284,0
2025-10-12T13:00:00,988.4287934155284,988.4287934155284,0
2025-10-12T13:15:00,988.4287934155284,988.4287934155284,0
2025-10-12T13:30:00,988.4287934155284,988.4287934155284,0
2025-10-12T13:45:00,988.4287934155284,988.4287934155284,0
2025-10-12T14:00:00,988.4287934155284,988.4287934155284,0
2025-10-12T14:15:00,988.4287934155284,988.4287934155284,0
2025-10-12T14:30:00,988.4287934155284,988.4287934155284,0
2025-10-12T14:45:00,988.4287934155284,988.4287934155284,0
2025-10-12T15:00:00,988.4287934155284,988.4287934155284,0
2025-10-12T15:15:00,988.4287934155284,988.4287934155284,0
2025-10-12T15:30:00,988.4287934155284,988.4287934155284,0
2025-10-12T15:45:00,988.4287934155284,988.4287934155284,0
2025-10-12T16:00:00,988.4287934155284,988.4287934155284,0
2025-10-12T16:15:00,988.4287934155284,988.4287934155284,0
2025-10-12T16:30:00,988.4287934155284,988.4287934155284,0
2025-10-12T16:45:00,988.4287934155284,988.4287934155284,0
2025-10-12T17:00:00,988.4287934155284,988.4287934155284,0
2025-10-12T17:15:00,988.4287934155284,988.4287934155284,0
2025-10-12T17:30:00,988.4287934155284,988.4287934155284,0
2025-10-12T17:45:00,988.4287934155284,988.4287934155284,0
2025-10-12T18:00:00,988.4287934155284,988.4287934155284,0
2025-10-12T18:15:00,988.4287934155284,988.4287934155284,0
2025-10-12T18:30:00,988.4287934155284,988.4287934155284,0
2025-10-12T18:45:00,988.4287934155284,988.4287934155284,0
2025-10-12T19:00:00,988.4287934155284,988.4287934155284,0
2025-10-12T19:15:00,988.4287934155284,988.4287934155284,0
2025-10-12T19:30:00,988.4287934155284,988.4287934155284,0
2025-10-12T19:45:00,988.4287934155284,988.4287934155284,0
2025-10-12T20:00:00,988.4287934155284,988.4287934155284,0
2025-10-12T20:15:00,987.6784757860663,889.4277654670291,1
2025-10-12T20:30:00,987.2483090575265,889.4277654670291,1
2025-10-12T20:45:00,986.6406762845588,889.4277654670291,1
2025-10-12T21:00:00,988.1246761263421,889.4277654670291,1
2025-10-12T21:15:00,986.7269083374208,889.4277654670291,1
2025-10-12T21:30:00,985.2799755387248,985.2799755387248,0
2025-10-12T21:45:00,985.2799755387248,985.2799755387248,0
2025-10-12T22:00:00,985.2799755387248,985.2799755387248,0
2025-10-12T22:15:00,985.2799755387248,985.2799755387248,0
2025-10-12T22:30:00,985.2799755387248,985.2799755387248,0
2025-10-12T22:45:00,985.2799755387248,985.2799755387248,0
2025-10-12T23:00:00,985.2799755387248,985.2799755387248,0
2025-10-12T23:15:00,985.2799755387248,985.2799755387248,0
2025-10-12T23:30:00,985.2799755387248,985.2799755387248,0
2025-10-12T23:45:00,985.2799755387248,985.2799755387248,0
2025-10-13T00:00:00,985.2799755387248,985.2799755387248,0
2025-10-13T00:15:00,985.2799755387248,985.2799755387248,0
2025-10-13T00:30:00,985.2799755387248,985.2799755387248,0
2025-10-13T00:45:00,985.2799755387248,985.2799755387248,0
2025-10-13T01:00:00,985.2799755387248,985.2799755387248,0
2025-10-13T01:15:00,985.2799755387248,985.2799755387248,0
2025-10-13T01:30:00,985.2799755387248,985.2799755387248,0
2025-10-13T01:45:00,985.2799755387248,985.2799755387248,0
2025-10-13T02:00:00,985.2799755387248,985.2799755387248,0
2025-10-13T02:15:00,985.2799755387248,985.2799755387248,0
2025-10-13T02:30:00,985.2799755387248,985.2799755387248,0
2025-10-13T02:45:00,985.2799755387248,985.2799755387248,0
2025-10-13T03:00:00,985.2799755387248,985.2799755387248,0
2025-10-13T03:15:00,985.2799755387248,985.2799755387248,0
2025-10-13T03:30:00,985.2799755387248,985.2799755387248,0
2025-10-13T03:45:00,985.2799755387248,985.2799755387248,0
2025-10-13T04:00:00,985.2799755387248,985.2799755387248,0
2025-10-13T04:15:00,985.2799755387248,985.2799755387248,0
2025-10-13T04:30:00,985.2799755387248,985.2799755387248,0
2025-10-13T04:45:00,985.2799755387248,985.2799755387248,0
2025-10-13T05:00:00,985.2799755387248,985.2799755387248,0
2025-10-13T05:15:00,985.2799755387248,985.2799755387248,0
2025-10-13T05:30:00,985.2799755387248,985.2799755387248,0
2025-10-13T05:45:00,985.2799755387248,985.2799755387248,0
2025-10-13T06:00:00,985.2799755387248,985.2799755387248,0
2025-10-13T06:15:00,985.2799755387248,985.2799755387248,0
2025-10-13T06:30:00,985.2799755387248,985.2799755387248,0
2025-10-13T06:45:00,985.2799755387248,985.2799755387248,0
2025-10-13T07:00:00,985.2799755387248,985.2799755387248,0
2025-10-13T07:15:00,985.2799755387248,985.2799755387248,0
2025-10-13T07:30:00,985.2799755387248,985.2799755387248,0
2025-10-13T07:45:00,985.2799755387248,985.2799755387248,0
2025-10-13T08:00:00,985.2799755387248,985.2799755387248,0
2025-10-13T08:15:00,985.2799755387248,985.2799755387248,0
2025-10-13T08:30:00,985.2799755387248,985.2799755387248,0
2025-10-13T08:45:00,985.2799755387248,985.2799755387248,0
2025-10-13T09:00:00,985.2799755387248,985.2799755387248,0
2025-10-13T09:15:00,985.2799755387248,985.2799755387248,0
2025-10-13T09:30:00,985.2799755387248,985.2799755387248,0
2025-10-13T09:45:00,985.2799755387248,985.2799755387248,0
2025-10-13T10:00:00,985.2799755387248,985.2799755387248,0
2025-10-13T10:15:00,985.2799755387248,985.2799755387248,0
2025-10-13T10:30:00,985.2799755387248,985.2799755387248,0
2025-10-13T10:45:00,985.2799755387248,985.2799755387248,0
2025-10-13T11:00:00,985.2799755387248,985.2799755387248,0
2025-10-13T11:15:00,985.2799755387248,985.2799755387248,0
2025-10-13T11:30:00,985.2799755387248,985.2799755387248,0
2025-10-13T11:45:00,985.2799755387248,985.2799755387248,0
2025-10-13T12:00:00,985.2799755387248,985.2799755387248,0
2025-10-13T12:15:00,985.2799755387248,985.2799755387248,0
2025-10-13T12:30:00,985.2799755387248,985.2799755387248,0
2025-10-13T12:45:00,985.2799755387248,985.2799755387248,0
2025-10-13T13:00:00,985.2799755387248,985.2799755387248,0
2025-10-13T13:15:00,985.2799755387248,985.2799755387248,0
2025-10-13T13:30:00,985.2799755387248,985.2799755387248,0
2025-10-13T13:45:00,985.2799755387248,985.2799755387248,0
2025-10-13T14:00:00,985.2799755387248,985.2799755387248,0
2025-10-13T14:15:00,985.2799755387248,985.2799755387248,0
2025-10-13T14:30:00,985.2799755387248,985.2799755387248,0
2025-10-13T14:45:00,985.2799755387248,985.2799755387248,0
2025-10-13T15:00:00,985.2799755387248,985.2799755387248,0
2025-10-13T15:15:00,985.2799755387248,985.2799755387248,0
2025-10-13T15:30:00,985.2799755387248,985.2799755387248,0
2025-10-13T15:45:00,985.2799755387248,985.2799755387248,0
2025-10-13T16:00:00,985.2799755387248,985.2799755387248,0
2025-10-13T16:15:00,985.2799755387248,985.2799755387248,0
2025-10-13T16:30:00,985.2799755387248,985.2799755387248,0
2025-10-13T16:45:00,985.2799755387248,985.2799755387248,0
2025-10-13T17:00:00,985.2799755387248,985.2799755387248,0
2025-10-13T17:15:00,985.2799755387248,985.2799755387248,0
2025-10-13T17:30:00,985.2799755387248,985.2799755387248,0
2025-10-13T17:45:00,984.5320481811576,886.5943331887661,1
2025-10-13T18:00:00,981.8965636207796,886.5943331887661,1
2025-10-13T18:15:00,983.9614601980574,886.5943331887661,1
2025-10-13T18:30:00,984.6240485237096,886.5943331887661,1
2025-10-13T18:45:00,983.9493793449951,886.5943331887661,1
2025-10-13T19:00:00,986.1518117879061,886.5943331887661,1
2025-10-13T19:15:00,985.8228408660535,886.5943331887661,1
2025-10-13T19:30:00,987.3979982461102,886.5943331887661,1
2025-10-13T19:45:00,986.1434481204013,886.5943331887661,1
2025-10-13T20:00:00,987.0346433578494,886.5943331887661,1
2025-10-13T20:15:00,985.9678111028021,886.5943331887661,1
2025-10-13T20:30:00,986.5133080833881,886.5943331887661,1
2025-10-13T20:45:00,989.3262882541442,886.5943331887661,1
2025-10-13T21:00:00,987.6163828976225,886.5943331887661,1
2025-10-13T21:15:00,987.5504028539741,886.5943331887661,1
2025-10-13T21:30:00,987.437957990855,886.5943331887661,1
2025-10-13T21:45:00,986.4157593979311,986.4157593979311,0
2025-10-13T22:00:00,986.4157593979311,986.4157593979311,0
2025-10-13T22:15:00,986.4157593979311,986.4157593979311,0
2025-10-13T22:30:00,986.4157593979311,986.4157593979311,0
2025-10-13T22:45:00,986.4157593979311,986.4157593979311,0
2025-10-13T23:00:00,986.4157593979311,986.4157593979311,0
2025-10-13T23:15:00,986.4157593979311,986.4157593979311,0
2025-10-13T23:30:00,986.4157593979311,986.4157593979311,0
2025-10-13T23:45:00,986.4157593979311,986.4157593979311,0
2025-10-14T00:00:00,986.4157593979311,986.4157593979311,0
2025-10-14T00:15:00,986.4157593979311,986.4157593979311,0
2025-10-14T00:30:00,986.4157593979311,986.4157593979311,0
2025-10-14T00:45:00,986.4157593979311,986.4157593979311,0
2025-10-14T01:00:00,986.4157593979311,986.4157593979311,0
2025-10-14T01:15:00,986.4157593979311,986.4157593979311,0
2025-10-14T01:30:00,986.4157593979311,986.4157593979311,0
2025-10-14T01:45:00,986.4157593979311,986.4157593979311,0
2025-10-14T02:00:00,986.4157593979311,986.4157593979311,0
2025-10-14T02:15:00,986.4157593979311,986.4157593979311,0
2025-10-14T02:30:00,986.4157593979311,986.4157593979311,0
2025-10-14T02:45:00,986.4157593979311,986.4157593979311,0
2025-10-14T03:00:00,986.4157593979311,986.4157593979311,0
2025-10-14T03:15:00,986.4157593979311,986.4157593979311,0
2025-10-14T03:30:00,986.4157593979311,986.4157593979311,0
2025-10-14T03:45:00,986.4157593979311,986.4157593979311,0
2025-10-14T04:00:00,986.4157593979311,986.4157593979311,0
2025-10-14T04:15:00,986.4157593979311,986.4157593979311,0
2025-10-14T04:30:00,986.4157593979311,986.4157593979311,0
2025-10-14T04:45:00,986.4157593979311,986.4157593979311,0
2025-10-14T05:00:00,986.4157593979311,986.4157593979311,0
2025-10-14T05:15:00,986.4157593979311,986.4157593979311,0
2025-10-14T05:30:00,986.4157593979311,986.4157593979311,0
2025-10-14T05:45:00,986.4157593979311,986.4157593979311,0
2025-10-14T06:00:00,986.4157593979311,986.4157593979311,0
2025-10-14T06:15:00,986.4157593979311,986.4157593979311,0
2025-10-14T06:30:00,986.4157593979311,986.4157593979311,0
2025-10-14T06:45:00,986.4157593979311,986.4157593979311,0
2025-10-14T07:00:00,986.4157593979311,986.4157593979311,0
2025-10-14T07:15:00,986.4157593979311,986.4157593979311,0
2025-10-14T07:30:00,986.4157593979311,986.4157593979311,0
2025-10-14T07:45:00,986.4157593979311,986.4157593979311,0
2025-10-14T08:00:00,986.4157593979311,986.4157593979311,0
2025-10-14T08:15:00,986.4157593979311,986.4157593979311,0
2025-10-14T08:30:00,986.4157593979311,986.4157593979311,0
2025-10-14T08:45:00,986.4157593979311,986.4157593979311,0
2025-10-14T09:00:00,986.4157593979311,986.4157593979311,0
2025-10-14T09:15:00,986.4157593979311,986.4157593979311,0
2025-10-14T09:30:00,986.4157593979311,986.4157593979311,0
2025-10-14T09:45:00,986.4157593979311,986.4157593979311,0
2025-10-14T10:00:00,986.4157593979311,986.4157593979311,0
2025-10-14T10:15:00,986.4157593979311,986.4157593979311,0
2025-10-14T10:30:00,986.4157593979311,986.4157593979311,0
2025-10-14T10:45:00,986.4157593979311,986.4157593979311,0
2025-10-14T11:00:00,986.4157593979311,986.4157593979311,0
2025-10-14T11:15:00,986.4157593979311,986.4157593979311,0
2025-10-14T11:30:00,986.4157593979311,986.4157593979311,0
2025-10-14T11:45:00,986.4157593979311,986.4157593979311,0
2025-10-14T12:00:00,986.4157593979311,986.4157593979311,0
2025-10-14T12:15:00,986.4157593979311,986.4157593979311,0
2025-10-14T12:30:00,986.4157593979311,986.4157593979311,0
2025-10-14T12:45:00,986.4157593979311,986.4157593979311,0
2025-10-14T13:00:00,986.4157593979311,986.4157593979311,0
2025-10-14T13:15:00,986.4157593979311,986.4157593979311,0
2025-10-14T13:30:00,986.4157593979311,986.4157593979311,0
2025-10-14T13:45:00,986.4157593979311,986.4157593979311,0
2025-10-14T14:00:00,986.4157593979311,986.4157593979311,0
2025-10-14T14:15:00,986.4157593979311,986.4157593979311,0
2025-10-14T14:30:00,986.4157593979311,986.4157593979311,0
2025-10-14T14:45:00,986.4157593979311,986.4157593979311,0
2025-10-14T15:00:00,986.4157593979311,986.4157593979311,0
2025-10-14T15:15:00,986.4157593979311,986.4157593979311,0
2025-10-14T15:30:00,986.4157593979311,986.4157593979311,0
2025-10-14T15:45:00,986.4157593979311,986.4157593979311,0
2025-10-14T16:00:00,986.4157593979311,986.4157593979311,0
2025-10-14T16:15:00,986.4157593979311,986.4157593979311,0
2025-10-14T16:30:00,986.4157593979311,986.4157593979311,0
2025-10-14T16:45:00,986.4157593979311,986.4157593979311,0
2025-10-14T17:00:00,986.4157593979311,986.4157593979311,0
2025-10-14T17:15:00,986.4157593979311,986.4157593979311,0
2025-10-14T17:30:00,986.4157593979311,986.4157593979311,0
2025-10-14T17:45:00,986.4157593979311,986.4157593979311,0
2025-10-14T18:00:00,986.4157593979311,986.4157593979311,0
2025-10-14T18:15:00,986.4157593979311,986.4157593979311,0
2025-10-14T18:30:00,986.4157593979311,986.4157593979311,0
2025-10-14T18:45:00,986.4157593979311,986.4157593979311,0
2025-10-14T19:00:00,986.4157593979311,986.4157593979311,0
2025-10-14T19:15:00,986.4157593979311,986.4157593979311,0
2025-10-14T19:30:00,986.4157593979311,986.4157593979311,0
2025-10-14T19:45:00,986.4157593979311,986.4157593979311,0
2025-10-14T20:00:00,986.4157593979311,986.4157593979311,0
2025-10-14T20:15:00,986.4157593979311,986.4157593979311,0
2025-10-14T20:30:00,986.4157593979311,986.4157593979311,0
2025-10-14T20:45:00,986.4157593979311,986.4157593979311,0
2025-10-14T21:00:00,986.4157593979311,986.4157593979311,0
2025-10-14T21:15:00,986.4157593979311,986.4157593979311,0
2025-10-14T21:30:00,986.4157593979311,986.4157593979311,0
2025-10-14T21:45:00,986.4157593979311,986.4157593979311,0
2025-10-14T22:00:00,986.4157593979311,986.4157593979311,0
2025-10-14T22:15:00,986.4157593979311,986.4157593979311,0
2025-10-14T22:30:00,986.4157593979311,986.4157593979311,0
2025-10-14T22:45:00,986.4157593979311,986.4157593979311,0
2025-10-14T23:00:00,986.4157593979311,986.4157593979311,0
2025-10-14T23:15:00,986.4157593979311,986.4157593979311,0
2025-10-14T23:30:00,986.4157593979311,986.4157593979311,0
2025-10-14T23:45:00,986.4157593979311,986.4157593979311,0
2025-10-15T00:00:00,986.4157593979311,986.4157593979311,0
2025-10-15T00:15:00,986.4157593979311,986.4157593979311,0
2025-10-15T00:30:00,986.4157593979311,986.4157593979311,0
2025-10-15T00:45:00,986.4157593979311,986.4157593979311,0
2025-10-15T01:00:00,986.4157593979311,986.4157593979311,0
2025-10-15T01:15:00,986.4157593979311,986.4157593979311,0
2025-10-15T01:30:00,986.4157593979311,986.4157593979311,0
2025-10-15T01:45:00,986.4157593979311,986.4157593979311,0
2025-10-15T02:00:00,986.4157593979311,986.4157593979311,0
2025-10-15T02:15:00,986.4157593979311,986.4157593979311,0
2025-10-15T02:30:00,986.4157593979311,986.4157593979311,0
2025-10-15T02:45:00,986.4157593979311,986.4157593979311,0
2025-10-15T03:00:00,986.4157593979311,986.4157593979311,0
2025-10-15T03:15:00,986.4157593979311,986.4157593979311,0
2025-10-15T03:30:00,986.4157593979311,986.4157593979311,0
2025-10-15T03:45:00,986.4157593979311,986.4157593979311,0
2025-10-15T04:00:00,986.4157593979311,986.4157593979311,0
2025-10-15T04:15:00,986.4157593979311,986.4157593979311,0
2025-10-15T04:30:00,986.4157593979311,986.4157593979311,0
2025-10-15T04:45:00,986.4157593979311,986.4157593979311,0
2025-10-15T05:00:00,986.4157593979311,986.4157593979311,0
2025-10-15T05:15:00,986.4157593979311,986.4157593979311,0
2025-10-15T05:30:00,986.4157593979311,986.4157593979311,0
2025-10-15T05:45:00,986.4157593979311,986.4157593979311,0
2025-10-15T06:00:00,986.4157593979311,986.4157593979311,0
2025-10-15T06:15:00,986.4157593979311,986.4157593979311,0
2025-10-15T06:30:00,986.4157593979311,986.4157593979311,0
2025-10-15T06:45:00,986.4157593979311,986.4157593979311,0
2025-10-15T07:00:00,986.4157593979311,986.4157593979311,0
2025-10-15T07:15:00,986.4157593979311,986.4157593979311,0
2025-10-15T07:30:00,986.4157593979311,986.4157593979311,0
2025-10-15T07:45:00,986.4157593979311,986.4157593979311,0
2025-10-15T08:00:00,986.4157593979311,986.4157593979311,0
2025-10-15T08:15:00,986.4157593979311,986.4157593979311,0
2025-10-15T08:30:00,986.4157593979311,986.4157593979311,0
2025-10-15T08:45:00,986.4157593979311,986.4157593979311,0
2025-10-15T09:00:00,986.4157593979311,986.4157593979311,0
2025-10-15T09:15:00,986.4157593979311,986.4157593979311,0
2025-10-15T09:30:00,986.4157593979311,986.4157593979311,0
2025-10-15T09:45:00,986.4157593979311,986.4157593979311,0
2025-10-15T10:00:00,986.4157593979311,986.4157593979311,0
2025-10-15T10:15:00,986.4157593979311,986.4157593979311,0
2025-10-15T10:30:00,986.4157593979311,986.4157593979311,0
2025-10-15T10:45:00,986.4157593979311,986.4157593979311,0
2025-10-15T11:00:00,986.4157593979311,986.4157593979311,0
2025-10-15T11:15:00,986.4157593979311,986.4157593979311,0
2025-10-15T11:30:00,986.4157593979311,986.4157593979311,0
2025-10-15T11:45:00,986.4157593979311,986.4157593979311,0
2025-10-15T12:00:00,986.4157593979311,986.4157593979311,0
2025-10-15T12:15:00,985.6651943129434,887.6163569366342,1
2025-10-15T12:30:00,985.1845292917885,887.6163569366342,1
2025-10-15T12:45:00,984.809114985864,887.6163569366342,1
2025-10-15T13:00:00,985.6665768585459,887.6163569366342,1
2025-10-15T13:15:00,985.8006483321064,887.6163569366342,1
2025-10-15T13:30:00,986.1332391742391,887.6163569366342,1
2025-10-15T13:45:00,985.9514876023339,887.6163569366342,1
2025-10-15T14:00:00,983.6708900062017,887.6163569366342,1
2025-10-15T14:15:00,983.7569675572355,983.7569675572355,0
2025-10-15T14:30:00,983.7569675572355,983.7569675572355,0
2025-10-15T14:45:00,983.7569675572355,983.7569675572355,0
2025-10-15T15:00:00,983.7569675572355,983.7569675572355,0
2025-10-15T15:15:00,983.7569675572355,983.7569675572355,0
2025-10-15T15:30:00,983.7569675572355,983.7569675572355,0
2025-10-15T15:45:00,983.7569675572355,983.7569675572355,0
2025-10-15T16:00:00,983.7569675572355,983.7569675572355,0
2025-10-15T16:15:00,983.7569675572355,983.7569675572355,0
2025-10-15T16:30:00,983.7569675572355,983.7569675572355,0
2025-10-15T16:45:00,983.7569675572355,983.7569675572355,0
2025-10-15T17:00:00,983.7569675572355,983.7569675572355,0
2025-10-15T17:15:00,983.7569675572355,983.7569675572355,0
2025-10-15T17:30:00,983.7569675572355,983.7569675572355,0
2025-10-15T17:45:00,983.7569675572355,983.7569675572355,0
2025-10-15T18:00:00,983.7569675572355,983.7569675572355,0
2025-10-15T18:15:00,983.7569675572355,983.7569675572355,0
2025-10-15T18:30:00,983.7569675572355,983.7569675572355,0
2025-10-15T18:45:00,983.7569675572355,983.7569675572355,0
2025-10-15T19:00:00,983.7569675572355,983.7569675572355,0
2025-10-15T19:15:00,983.7569675572355,983.7569675572355,0
2025-10-15T19:30:00,983.7569675572355,983.7569675572355,0
2025-10-15T19:45:00,983.7569675572355,983.7569675572355,0
2025-10-15T20:00:00,983.7569675572355,983.7569675572355,0
2025-10-15T20:15:00,983.7569675572355,983.7569675572355,0
2025-10-15T20:30:00,983.7569675572355,983.7569675572355,0
2025-10-15T20:45:00,983.7569675572355,983.7569675572355,0
2025-10-15T21:00:00,983.7569675572355,983.7569675572355,0
2025-10-15T21:15:00,983.7569675572355,983.7569675572355,0
2025-10-15T21:30:00,983.7569675572355,983.7569675572355,0
2025-10-15T21:45:00,983.7569675572355,983.7569675572355,0
2025-10-15T22:00:00,983.7569675572355,983.7569675572355,0
2025-10-15T22:15:00,983.7569675572355,983.7569675572355,0
2025-10-15T22:30:00,983.7569675572355,983.7569675572355,0
2025-10-15T22:45:00,983.7569675572355,983.7569675572355,0
2025-10-15T23:00:00,983.7569675572355,983.7569675572355,0
2025-10-15T23:15:00,983.7569675572355,983.7569675572355,0
2025-10-15T23:30:00,983.7569675572355,983.7569675572355,0
2025-10-15T23:45:00,983.7569675572355,983.7569675572355,0
2025-10-16T00:00:00,983.7569675572355,983.7569675572355,0
2025-10-16T00:15:00,983.7569675572355,983.7569675572355,0
2025-10-16T00:30:00,983.7569675572355,983.7569675572355,0
2025-10-16T00:45:00,983.7569675572355,983.7569675572355,0
2025-10-16T01:00:00,983.7569675572355,983.7569675572355,0
2025-10-16T01:15:00,983.7569675572355,983.7569675572355,0
2025-10-16T01:30:00,983.7569675572355,983.7569675572355,0
2025-10-16T01:45:00,983.7569675572355,983.7569675572355,0
2025-10-16T02:00:00,983.7569675572355,983.7569675572355,0
2025-10-16T02:15:00,983.7569675572355,983.7569675572355,0
2025-10-16T02:30:00,983.7569675572355,983.7569675572355,0
2025-10-16T02:45:00,983.7569675572355,983.7569675572355,0
2025-10-16T03:00:00,983.7569675572355,983.7569675572355,0
2025-10-16T03:15:00,983.7569675572355,983.7569675572355,0
2025-10-16T03:30:00,983.7569675572355,983.7569675572355,0
2025-10-16T03:45:00,983.7569675572355,983.7569675572355,0
2025-10-16T04:00:00,983.7569675572355,983.7569675572355,0
2025-10-16T04:15:00,983.7569675572355,983.7569675572355,0
2025-10-16T04:30:00,983.7569675572355,983.7569675572355,0
2025-10-16T04:45:00,983.7569675572355,983.7569675572355,0
2025-10-16T05:00:00,983.7569675572355,983.7569675572355,0
2025-10-16T05:15:00,983.7569675572355,983.7569675572355,0
2025-10-16T05:30:00,983.7569675572355,983.7569675572355,0
2025-10-16T05:45:00,983.7569675572355,983.7569675572355,0
2025-10-16T06:00:00,983.7569675572355,983.7569675572355,0
2025-10-16T06:15:00,983.7569675572355,983.7569675572355,0
2025-10-16T06:30:00,983.7569675572355,983.7569675572355,0
2025-10-16T06:45:00,983.7569675572355,983.7569675572355,0
2025-10-16T07:00:00,983.7569675572355,983.7569675572355,0
2025-10-16T07:15:00,983.7569675572355,983.7569675572355,0
2025-10-16T07:30:00,983.7569675572355,983.7569675572355,0
2025-10-16T07:45:00,983.7569675572355,983.7569675572355,0
2025-10-16T08:00:00,983.7569675572355,983.7569675572355,0
2025-10-16T08:15:00,983.7569675572355,983.7569675572355,0
2025-10-16T08:30:00,983.7569675572355,983.7569675572355,0
2025-10-16T08:45:00,983.7569675572355,983.7569675572355,0
2025-10-16T09:00:00,983.7569675572355,983.7569675572355,0
2025-10-16T09:15:00,983.7569675572355,983.7569675572355,0
2025-10-16T09:30:00,983.7569675572355,983.7569675572355,0
2025-10-16T09:45:00,983.7569675572355,983.7569675572355,0
2025-10-16T10:00:00,983.7569675572355,983.7569675572355,0
2025-10-16T10:15:00,983.7569675572355,983.7569675572355,0
2025-10-16T10:30:00,983.7569675572355,983.7569675572355,0
2025-10-16T10:45:00,983.7569675572355,983.7569675572355,0
2025-10-16T11:00:00,983.7569675572355,983.7569675572355,0
2025-10-16T11:15:00,983.7569675572355,983.7569675572355,0
2025-10-16T11:30:00,983.7569675572355,983.7569675572355,0
2025-10-16T11:45:00,983.7569675572355,983.7569675572355,0
2025-10-16T12:00:00,983.7569675572355,983.7569675572355,0
2025-10-16T12:15:00,983.7569675572355,983.7569675572355,0
2025-10-16T12:30:00,983.7569675572355,983.7569675572355,0
2025-10-16T12:45:00,983.7569675572355,983.7569675572355,0
2025-10-16T13:00:00,983.7569675572355,983.7569675572355,0
2025-10-16T13:15:00,983.7569675572355,983.7569675572355,0
2025-10-16T13:30:00,983.7569675572355,983.7569675572355,0
2025-10-16T13:45:00,983.7569675572355,983.7569675572355,0
2025-10-16T14:00:00,983.7569675572355,983.7569675572355,0
2025-10-16T14:15:00,983.7569675572355,983.7569675572355,0
2025-10-16T14:30:00,983.7569675572355,983.7569675572355,0
2025-10-16T14:45:00,983.7569675572355,983.7569675572355,0
2025-10-16T15:00:00,983.7569675572355,983.7569675572355,0
2025-10-16T15:15:00,983.7569675572355,983.7569675572355,0
2025-10-16T15:30:00,983.7569675572355,983.7569675572355,0
2025-10-16T15:45:00,983.7569675572355,983.7569675572355,0
2025-10-16T16:00:00,983.7569675572355,983.7569675572355,0
2025-10-16T16:15:00,983.7569675572355,983.7569675572355,0
2025-10-16T16:30:00,983.7569675572355,983.7569675572355,0
2025-10-16T16:45:00,983.7569675572355,983.7569675572355,0
2025-10-16T17:00:00,983.7569675572355,983.7569675572355,0
2025-10-16T17:15:00,983.7569675572355,983.7569675572355,0
2025-10-16T17:30:00,983.7569675572355,983.7569675572355,0
2025-10-16T17:45:00,983.7569675572355,983.7569675572355,0
2025-10-16T18:00:00,983.7569675572355,983.7569675572355,0
2025-10-16T18:15:00,983.7569675572355,983.7569675572355,0
2025-10-16T18:30:00,983.7569675572355,983.7569675572355,0
2025-10-16T18:45:00,983.7569675572355,983.7569675572355,0
2025-10-16T19:00:00,983.7569675572355,983.7569675572355,0
2025-10-16T19:15:00,983.7569675572355,983.7569675572355,0
2025-10-16T19:30:00,983.7569675572355,983.7569675572355,0
2025-10-16T19:45:00,983.7569675572355,983.7569675572355,0
2025-10-16T20:00:00,983.7569675572355,983.7569675572355,0
2025-10-16T20:15:00,983.7569675572355,983.7569675572355,0
2025-10-16T20:30:00,983.7569675572355,983.7569675572355,0
2025-10-16T20:45:00,983.7569675572355,983.7569675572355,0
2025-10-16T21:00:00,983.7569675572355,983.7569675572355,0
2025-10-16T21:15:00,983.7569675572355,983.7569675572355,0
2025-10-16T21:30:00,983.7569675572355,983.7569675572355,0
2025-10-16T21:45:00,983.7569675572355,983.7569675572355,0
2025-10-16T22:00:00,983.7569675572355,983.7569675572355,0
2025-10-16T22:15:00,983.7569675572355,983.7569675572355,0
2025-10-16T22:30:00,983.7569675572355,983.7569675572355,0
2025-10-16T22:45:00,983.7569675572355,983.7569675572355,0
2025-10-16T23:00:00,983.7569675572355,983.7569675572355,0
2025-10-16T23:15:00,983.7569675572355,983.7569675572355,0
2025-10-16T23:30:00,983.7569675572355,983.7569675572355,0
2025-10-16T23:45:00,983.7569675572355,983.7569675572355,0
2025-10-17T00:00:00,983.7569675572355,983.7569675572355,0
2025-10-17T00:15:00,983.7569675572355,983.7569675572355,0
2025-10-17T00:30:00,983.7569675572355,983.7569675572355,0
2025-10-17T00:45:00,983.7569675572355,983.7569675572355,0
2025-10-17T01:00:00,983.7569675572355,983.7569675572355,0
2025-10-17T01:15:00,983.7569675572355,983.7569675572355,0
2025-10-17T01:30:00,983.7569675572355,983.7569675572355,0
2025-10-17T01:45:00,983.7569675572355,983.7569675572355,0
2025-10-17T02:00:00,983.7569675572355,983.7569675572355,0
2025-10-17T02:15:00,983.7569675572355,983.7569675572355,0
2025-10-17T02:30:00,983.7569675572355,983.7569675572355,0
2025-10-17T02:45:00,983.7569675572355,983.7569675572355,0
2025-10-17T03:00:00,983.7569675572355,983.7569675572355,0
2025-10-17T03:15:00,983.7569675572355,983.7569675572355,0
2025-10-17T03:30:00,983.7569675572355,983.7569675572355,0
2025-10-17T03:45:00,983.7569675572355,983.7569675572355,0
2025-10-17T04:00:00,983.7569675572355,983.7569675572355,0
2025-10-17T04:15:00,983.7569675572355,983.7569675572355,0
2025-10-17T04:30:00,983.7569675572355,983.7569675572355,0
2025-10-17T04:45:00,983.7569675572355,983.7569675572355,0
2025-10-17T05:00:00,983.7569675572355,983.7569675572355,0
2025-10-17T05:15:00,983.7569675572355,983.7569675572355,0
2025-10-17T05:30:00,983.7569675572355,983.7569675572355,0
2025-10-17T05:45:00,983.7569675572355,983.7569675572355,0
2025-10-17T06:00:00,983.7569675572355,983.7569675572355,0
2025-10-17T06:15:00,983.7569675572355,983.7569675572355,0
2025-10-17T06:30:00,983.7569675572355,983.7569675572355,0
2025-10-17T06:45:00,983.7569675572355,983.7569675572355,0
2025-10-17T07:00:00,983.7569675572355,983.7569675572355,0
2025-10-17T07:15:00,983.7569675572355,983.7569675572355,0
2025-10-17T07:30:00,983.7569675572355,983.7569675572355,0
2025-10-17T07:45:00,983.7569675572355,983.7569675572355,0
2025-10-17T08:00:00,983.7569675572355,983.7569675572355,0
2025-10-17T08:15:00,983.7569675572355,983.7569675572355,0
2025-10-17T08:30:00,983.7569675572355,983.7569675572355,0
2025-10-17T08:45:00,983.7569675572355,983.7569675572355,0
2025-10-17T09:00:00,983.7569675572355,983.7569675572355,0
2025-10-17T09:15:00,983.7569675572355,983.7569675572355,0
2025-10-17T09:30:00,983.7569675572355,983.7569675572355,0
2025-10-17T09:45:00,983.7569675572355,983.7569675572355,0
2025-10-17T10:00:00,983.7569675572355,983.7569675572355,0
2025-10-17T10:15:00,983.7569675572355,983.7569675572355,0
2025-10-17T10:30:00,983.7569675572355,983.7569675572355,0
2025-10-17T10:45:00,983.7569675572355,983.7569675572355,0
2025-10-17T11:00:00,983.7569675572355,983.7569675572355,0
2025-10-17T11:15:00,983.7569675572355,983.7569675572355,0
2025-10-17T11:30:00,983.7569675572355,983.7569675572355,0
2025-10-17T11:45:00,983.7569675572355,983.7569675572355,0
2025-10-17T12:00:00,983.7569675572355,983.7569675572355,0
2025-10-17T12:15:00,983.7569675572355,983.7569675572355,0
2025-10-17T12:30:00,983.7569675572355,983.7569675572355,0
2025-10-17T12:45:00,983.7569675572355,983.7569675572355,0
2025-10-17T13:00:00,983.7569675572355,983.7569675572355,0
2025-10-17T13:15:00,983.7569675572355,983.7569675572355,0
2025-10-17T13:30:00,983.7569675572355,983.7569675572355,0
2025-10-17T13:45:00,983.7569675572355,983.7569675572355,0
2025-10-17T14:00:00,983.7569675572355,983.7569675572355,0
2025-10-17T14:15:00,983.7569675572355,983.7569675572355,0
2025-10-17T14:30:00,983.7569675572355,983.7569675572355,0
2025-10-17T14:45:00,983.7569675572355,983.7569675572355,0
2025-10-17T15:00:00,983.7569675572355,983.7569675572355,0
2025-10-17T15:15:00,983.7569675572355,983.7569675572355,0
2025-10-17T15:30:00,983.7569675572355,983.7569675572355,0
2025-10-17T15:45:00,983.7569675572355,983.7569675572355,0
2025-10-17T16:00:00,983.7569675572355,983.7569675572355,0
2025-10-17T16:15:00,983.7569675572355,983.7569675572355,0
2025-10-17T16:30:00,983.7569675572355,983.7569675572355,0
2025-10-17T16:45:00,983.7569675572355,983.7569675572355,0
2025-10-17T17:00:00,983.7569675572355,983.7569675572355,0
2025-10-17T17:15:00,983.7569675572355,983.7569675572355,0
2025-10-17T17:30:00,983.7569675572355,983.7569675572355,0
2025-10-17T17:45:00,983.7569675572355,983.7569675572355,0
2025-10-17T18:00:00,983.7569675572355,983.7569675572355,0
2025-10-17T18:15:00,983.7569675572355,983.7569675572355,0
2025-10-17T18:30:00,983.7569675572355,983.7569675572355,0
2025-10-17T18:45:00,983.7569675572355,983.7569675572355,0
2025-10-17T19:00:00,983.7569675572355,983.7569675572355,0
2025-10-17T19:15:00,983.7569675572355,983.7569675572355,0
2025-10-17T19:30:00,983.7569675572355,983.7569675572355,0
2025-10-17T19:45:00,983.7569675572355,983.7569675572355,0
2025-10-17T20:00:00,983.7569675572355,983.7569675572355,0
2025-10-17T20:15:00,983.7569675572355,983.7569675572355,0
2025-10-17T20:30:00,983.7569675572355,983.7569675572355,0
2025-10-17T20:45:00,983.7569675572355,983.7569675572355,0
2025-10-17T21:00:00,983.7569675572355,983.7569675572355,0
2025-10-17T21:15:00,983.7569675572355,983.7569675572355,0
2025-10-17T21:30:00,983.7569675572355,983.7569675572355,0
2025-10-17T21:45:00,983.7569675572355,983.7569675572355,0
2025-10-17T22:00:00,983.7569675572355,983.7569675572355,0
2025-10-17T22:15:00,983.7569675572355,983.7569675572355,0
2025-10-17T22:30:00,983.7569675572355,983.7569675572355,0
2025-10-17T22:45:00,983.7569675572355,983.7569675572355,0
2025-10-17T23:00:00,983.7569675572355,983.7569675572355,0
2025-10-17T23:15:00,983.7569675572355,983.7569675572355,0
2025-10-17T23:30:00,983.7569675572355,983.7569675572355,0
2025-10-17T23:45:00,983.7569675572355,983.7569675572355,0
2025-10-18T00:00:00,983.7569675572355,983.7569675572355,0
2025-10-18T00:15:00,983.7569675572355,983.7569675572355,0
2025-10-18T00:30:00,983.7569675572355,983.7569675572355,0
2025-10-18T00:45:00,983.7569675572355,983.7569675572355,0
2025-10-18T01:00:00,983.7569675572355,983.7569675572355,0
2025-10-18T01:15:00,983.7569675572355,983.7569675572355,0
2025-10-18T01:30:00,983.7569675572355,983.7569675572355,0
2025-10-18T01:45:00,983.7569675572355,983.7569675572355,0
2025-10-18T02:00:00,983.7569675572355,983.7569675572355,0
2025-10-18T02:15:00,983.7569675572355,983.7569675572355,0
2025-10-18T02:30:00,983.7569675572355,983.7569675572355,0
2025-10-18T02:45:00,983.7569675572355,983.7569675572355,0
2025-10-18T03:00:00,983.7569675572355,983.7569675572355,0
2025-10-18T03:15:00,983.7569675572355,983.7569675572355,0
2025-10-18T03:30:00,983.7569675572355,983.7569675572355,0
2025-10-18T03:45:00,983.7569675572355,983.7569675572355,0
2025-10-18T04:00:00,983.7569675572355,983.7569675572355,0
2025-10-18T04:15:00,983.7569675572355,983.7569675572355,0
2025-10-18T04:30:00,983.7569675572355,983.7569675572355,0
2025-10-18T04:45:00,983.7569675572355,983.7569675572355,0
2025-10-18T05:00:00,983.7569675572355,983.7569675572355,0
2025-10-18T05:15:00,983.7569675572355,983.7569675572355,0
2025-10-18T05:30:00,983.7569675572355,983.7569675572355,0
2025-10-18T05:45:00,983.7569675572355,983.7569675572355,0
2025-10-18T06:00:00,983.7569675572355,983.7569675572355,0
