timestamp,equity,cash,open_positions
2025-10-18T06:00:00,1000.0,1000.0,0
2025-10-18T06:15:00,1000.0,1000.0,0
2025-10-18T06:30:00,1000.0,1000.0,0
2025-10-18T06:45:00,1000.0,1000.0,0
2025-10-18T07:00:00,1000.0,1000.0,0
2025-10-18T07:15:00,1000.0,1000.0,0
2025-10-18T07:30:00,1000.0,1000.0,0
2025-10-18T07:45:00,1000.0,1000.0,0
2025-10-18T08:00:00,1000.0,1000.0,0
2025-10-18T08:15:00,1000.0,1000.0,0
2025-10-18T08:30:00,1000.0,1000.0,0
2025-10-18T08:45:00,1000.0,1000.0,0
2025-10-18T09:00:00,998.9347381071609,859.7760000000001,1
2025-10-18T09:15:00,997.8571573645505,997.8571573645505,0
2025-10-18T09:30:00,997.8571573645505,997.8571573645505,0
2025-10-18T09:45:00,997.8571573645505,997.8571573645505,0
2025-10-18T10:00:00,997.8571573645505,997.8571573645505,0
2025-10-18T10:15:00,997.8571573645505,997.8571573645505,0
2025-10-18T10:30:00,997.8571573645505,997.8571573645505,0
2025-10-18T10:45:00,997.8571573645505,997.8571573645505,0
2025-10-18T11:00:00,997.8571573645505,997.8571573645505,0
2025-10-18T11:15:00,997.8571573645505,997.8571573645505,0
2025-10-18T11:30:00,997.8571573645505,997.8571573645505,0
2025-10-18T11:45:00,997.8571573645505,997.8571573645505,0
2025-10-18T12:00:00,997.8571573645505,997.8571573645505,0
2025-10-18T12:15:00,997.8571573645505,997.8571573645505,0
2025-10-18T12:30:00,997.8571573645505,997.8571573645505,0
2025-10-18T12:45:00,997.8571573645505,997.8571573645505,0
2025-10-18T13:00:00,997.8571573645505,997.8571573645505,0
2025-10-18T13:15:00,997.8571573645505,997.8571573645505,0
2025-10-18T13:30:00,997.8571573645505,997.8571573645505,0
2025-10-18T13:45:00,997.8571573645505,997.8571573645505,0
2025-10-18T14:00:00,997.8571573645505,997.8571573645505,0
2025-10-18T14:15:00,997.8571573645505,997.8571573645505,0
2025-10-18T14:30:00,997.8571573645505,997.8571573645505,0
2025-10-18T14:45:00,997.8571573645505,997.8571573645505,0
2025-10-18T15:00:00,997.8571573645505,997.8571573645505,0
2025-10-18T15:15:00,997.8571573645505,997.8571573645505,0
2025-10-18T15:30:00,997.8571573645505,997.8571573645505,0
2025-10-18T15:45:00,997.8571573645505,997.8571573645505,0
2025-10-18T16:00:00,997.8571573645505,997.8571573645505,0
2025-10-18T16:15:00,997.8571573645505,997.8571573645505,0
2025-10-18T16:30:00,997.8571573645505,997.8571573645505,0
2025-10-18T16:45:00,997.8571573645505,997.8571573645505,0
2025-10-18T17:00:00,997.8571573645505,997.8571573645505,0
2025-10-18T17:15:00,997.8571573645505,997.8571573645505,0
2025-10-18T17:30:00,997.8571573645505,997.8571573645505,0
2025-10-18T17:45:00,997.8571573645505,997.8571573645505,0
2025-10-18T18:00:00,997.8571573645505,997.8571573645505,0
2025-10-18T18:15:00,997.8571573645505,997.8571573645505,0
2025-10-18T18:30:00,997.8571573645505,997.8571573645505,0
2025-10-18T18:45:00,997.8571573645505,997.8571573645505,0
2025-10-18T19:00:00,997.8571573645505,997.8571573645505,0
2025-10-18T19:15:00,997.8571573645505,997.8571573645505,0
2025-10-18T19:30:00,997.8571573645505,997.8571573645505,0
2025-10-18T19:45:00,997.8571573645505,997.8571573645505,0
2025-10-18T20:00:00,997.8571573645505,997.8571573645505,0
2025-10-18T20:15:00,997.8571573645505,997.8571573645505,0
2025-10-18T20:30:00,997.8571573645505,997.8571573645505,0
2025-10-18T20:45:00,997.8571573645505,997.8571573645505,0
2025-10-18T21:00:00,997.8571573645505,997.8571573645505,0
2025-10-18T21:15:00,997.8571573645505,997.8571573645505,0
2025-10-18T21:30:00,997.8571573645505,997.8571573645505,0
2025-10-18T21:45:00,997.8571573645505,997.8571573645505,0
2025-10-18T22:00:00,997.8571573645505,997.8571573645505,0
2025-10-18T22:15:00,997.8571573645505,997.8571573645505,0
2025-10-18T22:30:00,997.8571573645505,997.8571573645505,0
2025-10-18T22:45:00,997.8571573645505,997.8571573645505,0
2025-10-18T23:00:00,997.8571573645505,997.8571573645505,0
2025-10-18T23:15:00,997.8571573645505,997.8571573645505,0
2025-10-18T23:30:00,997.8571573645505,997.8571573645505,0
2025-10-18T23:45:00,997.8571573645505,997.8571573645505,0
2025-10-19T00:00:00,997.8571573645505,997.8571573645505,0
2025-10-19T00:15:00,997.8571573645505,997.8571573645505,0
2025-10-19T00:30:00,997.8571573645505,997.8571573645505,0
2025-10-19T00:45:00,997.8571573645505,997.8571573645505,0
2025-10-19T01:00:00,997.8571573645505,997.8571573645505,0
2025-10-19T01:15:00,997.8571573645505,997.8571573645505,0
2025-10-19T01:30:00,997.8571573645505,997.8571573645505,0
2025-10-19T01:45:00,997.8571573645505,997.8571573645505,0
2025-10-19T02:00:00,997.8571573645505,997.8571573645505,0
2025-10-19T02:15:00,997.8571573645505,997.8571573645505,0
2025-10-19T02:30:00,997.8571573645505,997.8571573645505,0
2025-10-19T02:45:00,997.8571573645505,997.8571573645505,0
2025-10-19T03:00:00,997.8571573645505,997.8571573645505,0
2025-10-19T03:15:00,997.8571573645505,997.8571573645505,0
2025-10-19T03:30:00,997.8571573645505,997.8571573645505,0
2025-10-19T03:45:00,997.8571573645505,997.8571573645505,0
2025-10-19T04:00:00,997.8571573645505,997.8571573645505,0
2025-10-19T04:15:00,997.8571573645505,997.8571573645505,0
2025-10-19T04:30:00,997.8571573645505,997.8571573645505,0
2025-10-19T04:45:00,997.8571573645505,997.8571573645505,0
2025-10-19T05:00:00,997.8571573645505,997.8571573645505,0
2025-10-19T05:15:00,997.8571573645505,997.8571573645505,0
2025-10-19T05:30:00,997.8571573645505,997.8571573645505,0
2025-10-19T05:45:00,997.8571573645505,997.8571573645505,0
2025-10-19T06:00:00,997.8571573645505,997.8571573645505,0
2025-10-19T06:15:00,997.8571573645505,997.8571573645505,0
2025-10-19T06:30:00,997.8571573645505,997.8571573645505,0
2025-10-19T06:45:00,997.8571573645505,997.8571573645505,0
2025-10-19T07:00:00,997.8571573645505,997.8571573645505,0
2025-10-19T07:15:00,997.8571573645505,997.8571573645505,0
2025-10-19T07:30:00,997.8571573645505,997.8571573645505,0
2025-10-19T07:45:00,997.8571573645505,997.8571573645505,0
2025-10-19T08:00:00,997.8571573645505,997.8571573645505,0
2025-10-19T08:15:00,997.8571573645505,997.8571573645505,0
2025-10-19T08:30:00,997.8571573645505,997.8571573645505,0
2025-10-19T08:45:00,997.8571573645505,997.8571573645505,0
2025-10-19T09:00:00,997.8571573645505,997.8571573645505,0
2025-10-19T09:15:00,997.8571573645505,997.8571573645505,0
2025-10-19T09:30:00,997.8571573645505,997.8571573645505,0
2025-10-19T09:45:00,997.8571573645505,997.8571573645505,0
2025-10-19T10:00:00,997.8571573645505,997.8571573645505,0
2025-10-19T10:15:00,997.8571573645505,997.8571573645505,0
2025-10-19T10:30:00,997.8571573645505,997.8571573645505,0
2025-10-19T10:45:00,997.8571573645505,997.8571573645505,0
2025-10-19T11:00:00,997.8571573645505,997.8571573645505,0
2025-10-19T11:15:00,997.8571573645505,997.8571573645505,0
2025-10-19T11:30:00,997.8571573645505,997.8571573645505,0
2025-10-19T11:45:00,997.8571573645505,997.8571573645505,0
2025-10-19T12:00:00,997.8571573645505,997.8571573645505,0
2025-10-19T12:15:00,997.8571573645505,997.8571573645505,0
2025-10-19T12:30:00,997.8571573645505,997.8571573645505,0
2025-10-19T12:45:00,997.8571573645505,997.8571573645505,0
2025-10-19T13:00:00,997.8571573645505,997.8571573645505,0
2025-10-19T13:15:00,997.8571573645505,997.8571573645505,0
2025-10-19T13:30:00,997.8571573645505,997.8571573645505,0
2025-10-19T13:45:00,997.8571573645505,997.8571573645505,0
2025-10-19T14:00:00,997.8571573645505,997.8571573645505,0
2025-10-19T14:15:00,997.8571573645505,997.8571573645505,0
2025-10-19T14:30:00,997.8571573645505,997.8571573645505,0
2025-10-19T14:45:00,997.8571573645505,997.8571573645505,0
2025-10-19T15:00:00,997.8571573645505,997.8571573645505,0
2025-10-19T15:15:00,997.8571573645505,997.8571573645505,0
2025-10-19T15:30:00,997.8571573645505,997.8571573645505,0
2025-10-19T15:45:00,997.8571573645505,997.8571573645505,0
2025-10-19T16:00:00,997.8571573645505,997.8571573645505,0
2025-10-19T16:15:00,997.8571573645505,997.8571573645505,0
2025-10-19T16:30:00,997.8571573645505,997.8571573645505,0
2025-10-19T16:45:00,997.8571573645505,997.8571573645505,0
2025-10-19T17:00:00,997.8571573645505,997.8571573645505,0
2025-10-19T17:15:00,997.8571573645505,997.8571573645505,0
2025-10-19T17:30:00,997.8571573645505,997.8571573645505,0
2025-10-19T17:45:00,997.8571573645505,997.8571573645505,0
2025-10-19T18:00:00,997.8571573645505,997.8571573645505,0
2025-10-19T18:15:00,997.8571573645505,997.8571573645505,0
2025-10-19T18:30:00,997.8571573645505,997.8571573645505,0
2025-10-19T18:45:00,997.8571573645505,997.8571573645505,0
2025-10-19T19:00:00,997.8571573645505,997.8571573645505,0
2025-10-19T19:15:00,997.8571573645505,997.8571573645505,0
2025-10-19T19:30:00,997.8571573645505,997.8571573645505,0
2025-10-19T19:45:00,997.8571573645505,997.8571573645505,0
2025-10-19T20:00:00,997.8571573645505,997.8571573645505,0
2025-10-19T20:15:00,997.8571573645505,997.8571573645505,0
2025-10-19T20:30:00,997.8571573645505,997.8571573645505,0
2025-10-19T20:45:00,997.8571573645505,997.8571573645505,0
2025-10-19T21:00:00,997.8571573645505,997.8571573645505,0
2025-10-19T21:15:00,997.8571573645505,997.8571573645505,0
2025-10-19T21:30:00,997.8571573645505,997.8571573645505,0
2025-10-19T21:45:00,997.8571573645505,997.8571573645505,0
2025-10-19T22:00:00,997.8571573645505,997.8571573645505,0
2025-10-19T22:15:00,997.8571573645505,997.8571573645505,0
2025-10-19T22:30:00,997.8571573645505,997.8571573645505,0
2025-10-19T22:45:00,997.8571573645505,997.8571573645505,0
2025-10-19T23:00:00,997.8571573645505,997.8571573645505,0
2025-10-19T23:15:00,997.8571573645505,997.8571573645505,0
2025-10-19T23:30:00,997.8571573645505,997.8571573645505,0
2025-10-19T23:45:00,997.8571573645505,997.8571573645505,0
2025-10-20T00:00:00,997.8571573645505,997.8571573645505,0
2025-10-20T00:15:00,997.8571573645505,997.8571573645505,0
2025-10-20T00:30:00,997.8571573645505,997.8571573645505,0
2025-10-20T00:45:00,997.8571573645505,997.8571573645505,0
2025-10-20T01:00:00,997.8571573645505,997.8571573645505,0
2025-10-20T01:15:00,997.8571573645505,997.8571573645505,0
2025-10-20T01:30:00,997.8571573645505,997.8571573645505,0
2025-10-20T01:45:00,997.8571573645505,997.8571573645505,0
2025-10-20T02:00:00,997.8571573645505,997.8571573645505,0
2025-10-20T02:15:00,997.8571573645505,997.8571573645505,0
2025-10-20T02:30:00,997.8571573645505,997.8571573645505,0
2025-10-20T02:45:00,997.8571573645505,997.8571573645505,0
2025-10-20T03:00:00,997.8571573645505,997.8571573645505,0
2025-10-20T03:15:00,997.8571573645505,997.8571573645505,0
2025-10-20T03:30:00,997.8571573645505,997.8571573645505,0
2025-10-20T03:45:00,997.8571573645505,997.8571573645505,0
2025-10-20T04:00:00,997.8571573645505,997.8571573645505,0
2025-10-20T04:15:00,997.8571573645505,997.8571573645505,0
2025-10-20T04:30:00,997.8571573645505,997.8571573645505,0
2025-10-20T04:45:00,997.8571573645505,997.8571573645505,0
2025-10-20T05:00:00,997.8571573645505,997.8571573645505,0
2025-10-20T05:15:00,997.8571573645505,997.8571573645505,0
2025-10-20T05:30:00,997.8571573645505,997.8571573645505,0
2025-10-20T05:45:00,997.8571573645505,997.8571573645505,0
2025-10-20T06:00:00,997.8571573645505,997.8571573645505,0
2025-10-20T06:15:00,997.8571573645505,997.8571573645505,0
2025-10-20T06:30:00,997.8571573645505,997.8571573645505,0
2025-10-20T06:45:00,997.8571573645505,997.8571573645505,0
2025-10-20T07:00:00,997.8571573645505,997.8571573645505,0
2025-10-20T07:15:00,997.8571573645505,997.8571573645505,0
2025-10-20T07:30:00,997.8571573645505,997.8571573645505,0
2025-10-20T07:45:00,997.8571573645505,997.8571573645505,0
2025-10-20T08:00:00,997.8571573645505,997.8571573645505,0
2025-10-20T08:15:00,997.8571573645505,997.8571573645505,0
2025-10-20T08:30:00,997.8571573645505,997.8571573645505,0
2025-10-20T08:45:00,997.8571573645505,997.8571573645505,0
2025-10-20T09:00:00,997.8571573645505,997.8571573645505,0
2025-10-20T09:15:00,997.8571573645505,997.8571573645505,0
2025-10-20T09:30:00,997.8571573645505,997.8571573645505,0
2025-10-20T09:45:00,997.8571573645505,997.8571573645505,0
2025-10-20T10:00:00,997.8571573645505,997.8571573645505,0
2025-10-20T10:15:00,997.8571573645505,997.8571573645505,0
2025-10-20T10:30:00,997.8571573645505,997.8571573645505,0
2025-10-20T10:45:00,997.8571573645505,997.8571573645505,0
2025-10-20T11:00:00,997.8571573645505,997.8571573645505,0
2025-10-20T11:15:00,997.8571573645505,997.8571573645505,0
2025-10-20T11:30:00,997.8571573645505,997.8571573645505,0
2025-10-20T11:45:00,997.8571573645505,997.8571573645505,0
2025-10-20T12:00:00,997.8571573645505,997.8571573645505,0
2025-10-20T12:15:00,997.8571573645505,997.8571573645505,0
2025-10-20T12:30:00,997.8571573645505,997.8571573645505,0
2025-10-20T12:45:00,997.8571573645505,997.8571573645505,0
2025-10-20T13:00:00,997.8571573645505,997.8571573645505,0
2025-10-20T13:15:00,997.8571573645505,997.8571573645505,0
2025-10-20T13:30:00,997.8571573645505,997.8571573645505,0
2025-10-20T13:45:00,997.8571573645505,997.8571573645505,0
2025-10-20T14:00:00,997.8571573645505,997.8571573645505,0
2025-10-20T14:15:00,997.8571573645505,997.8571573645505,0
2025-10-20T14:30:00,997.8571573645505,997.8571573645505,0
2025-10-20T14:45:00,997.8571573645505,997.8571573645505,0
2025-10-20T15:00:00,997.8571573645505,997.8571573645505,0
2025-10-20T15:15:00,997.8571573645505,997.8571573645505,0
2025-10-20T15:30:00,997.8571573645505,997.8571573645505,0
2025-10-20T15:45:00,997.8571573645505,997.8571573645505,0
2025-10-20T16:00:00,997.8571573645505,997.8571573645505,0
2025-10-20T16:15:00,997.8571573645505,997.8571573645505,0
2025-10-20T16:30:00,997.8571573645505,997.8571573645505,0
2025-10-20T16:45:00,997.8571573645505,997.8571573645505,0
2025-10-20T17:00:00,997.8571573645505,997.8571573645505,0
2025-10-20T17:15:00,997.8571573645505,997.8571573645505,0
2025-10-20T17:30:00,997.8571573645505,997.8571573645505,0
2025-10-20T17:45:00,997.8571573645505,997.8571573645505,0
2025-10-20T18:00:00,997.8571573645505,997.8571573645505,0
2025-10-20T18:15:00,997.8571573645505,997.8571573645505,0
2025-10-20T18:30:00,997.8571573645505,997.8571573645505,0
2025-10-20T18:45:00,997.8571573645505,997.8571573645505,0
2025-10-20T19:00:00,997.8571573645505,997.8571573645505,0
2025-10-20T19:15:00,997.8571573645505,997.8571573645505,0
2025-10-20T19:30:00,997.8571573645505,997.8571573645505,0
2025-10-20T19:45:00,997.8571573645505,997.8571573645505,0
2025-10-20T20:00:00,997.8571573645505,997.8571573645505,0
2025-10-20T20:15:00,997.8571573645505,997.8571573645505,0
2025-10-20T20:30:00,997.8571573645505,997.8571573645505,0
2025-10-20T20:45:00,997.8571573645505,997.8571573645505,0
2025-10-20T21:00:00,997.8571573645505,997.8571573645505,0
2025-10-20T21:15:00,997.8571573645505,997.8571573645505,0
2025-10-20T21:30:00,997.8571573645505,997.8571573645505,0
2025-10-20T21:45:00,997.8571573645505,997.8571573645505,0
2025-10-20T22:00:00,997.8571573645505,997.8571573645505,0
2025-10-20T22:15:00,997.8571573645505,997.8571573645505,0
2025-10-20T22:30:00,997.8571573645505,997.8571573645505,0
2025-10-20T22:45:00,997.8571573645505,997.8571573645505,0
2025-10-20T23:00:00,997.8571573645505,997.8571573645505,0
2025-10-20T23:15:00,997.8571573645505,997.8571573645505,0
2025-10-20T23:30:00,997.8571573645505,997.8571573645505,0
2025-10-20T23:45:00,997.8571573645505,997.8571573645505,0
2025-10-21T00:00:00,997.8571573645505,997.8571573645505,0
2025-10-21T00:15:00,997.8571573645505,997.8571573645505,0
2025-10-21T00:30:00,997.8571573645505,997.8571573645505,0
2025-10-21T00:45:00,997.8571573645505,997.8571573645505,0
2025-10-21T01:00:00,997.8571573645505,997.8571573645505,0
2025-10-21T01:15:00,997.8571573645505,997.8571573645505,0
2025-10-21T01:30:00,997.8571573645505,997.8571573645505,0
2025-10-21T01:45:00,997.8571573645505,997.8571573645505,0
2025-10-21T02:00:00,997.8571573645505,997.8571573645505,0
2025-10-21T02:15:00,997.8571573645505,997.8571573645505,0
2025-10-21T02:30:00,997.8571573645505,997.8571573645505,0
2025-10-21T02:45:00,997.8571573645505,997.8571573645505,0
2025-10-21T03:00:00,997.8571573645505,997.8571573645505,0
2025-10-21T03:15:00,997.8571573645505,997.8571573645505,0
2025-10-21T03:30:00,997.8571573645505,997.8571573645505,0
2025-10-21T03:45:00,997.8571573645505,997.8571573645505,0
2025-10-21T04:00:00,997.8571573645505,997.8571573645505,0
2025-10-21T04:15:00,997.8571573645505,997.8571573645505,0
2025-10-21T04:30:00,997.8571573645505,997.8571573645505,0
2025-10-21T04:45:00,997.8571573645505,997.8571573645505,0
2025-10-21T05:00:00,997.8571573645505,997.8571573645505,0
2025-10-21T05:15:00,997.8571573645505,997.8571573645505,0
2025-10-21T05:30:00,997.8571573645505,997.8571573645505,0
2025-10-21T05:45:00,997.8571573645505,997.8571573645505,0
2025-10-21T06:00:00,997.8571573645505,997.8571573645505,0
2025-10-21T06:15:00,997.8571573645505,997.8571573645505,0
2025-10-21T06:30:00,997.8571573645505,997.8571573645505,0
2025-10-21T06:45:00,997.8571573645505,997.8571573645505,0
2025-10-21T07:00:00,997.8571573645505,997.8571573645505,0
2025-10-21T07:15:00,997.8571573645505,997.8571573645505,0
2025-10-21T07:30:00,997.8571573645505,997.8571573645505,0
2025-10-21T07:45:00,997.8571573645505,997.8571573645505,0
2025-10-21T08:00:00,997.8571573645505,997.8571573645505,0
2025-10-21T08:15:00,997.8571573645505,997.8571573645505,0
2025-10-21T08:30:00,997.8571573645505,997.8571573645505,0
2025-10-21T08:45:00,997.8571573645505,997.8571573645505,0
2025-10-21T09:00:00,997.8571573645505,997.8571573645505,0
2025-10-21T09:15:00,997.8571573645505,997.8571573645505,0
2025-10-21T09:30:00,997.8571573645505,997.8571573645505,0
2025-10-21T09:45:00,997.8571573645505,997.8571573645505,0
2025-10-21T10:00:00,997.8571573645505,997.8571573645505,0
2025-10-21T10:15:00,997.8571573645505,997.8571573645505,0
2025-10-21T10:30:00,997.8571573645505,997.8571573645505,0
2025-10-21T10:45:00,997.8571573645505,997.8571573645505,0
2025-10-21T11:00:00,997.8571573645505,997.8571573645505,0
2025-10-21T11:15:00,997.8571573645505,997.8571573645505,0
2025-10-21T11:30:00,997.8571573645505,997.8571573645505,0
2025-10-21T11:45:00,997.8571573645505,997.8571573645505,0
2025-10-21T12:00:00,997.8571573645505,997.8571573645505,0
2025-10-21T12:15:00,997.8571573645505,997.8571573645505,0
2025-10-21T12:30:00,997.8571573645505,997.8571573645505,0
2025-10-21T12:45:00,997.8571573645505,997.8571573645505,0
2025-10-21T13:00:00,997.8571573645505,997.8571573645505,0
2025-10-21T13:15:00,997.8571573645505,997.8571573645505,0
2025-10-21T13:30:00,997.8571573645505,997.8571573645505,0
2025-10-21T13:45:00,997.8571573645505,997.8571573645505,0
2025-10-21T14:00:00,997.8571573645505,997.8571573645505,0
2025-10-21T14:15:00,997.8571573645505,997.8571573645505,0
2025-10-21T14:30:00,997.8571573645505,997.8571573645505,0
2025-10-21T14:45:00,997.8571573645505,997.8571573645505,0
2025-10-21T15:00:00,997.8571573645505,997.8571573645505,0
2025-10-21T15:15:00,997.8571573645505,997.8571573645505,0
2025-10-21T15:30:00,997.8571573645505,997.8571573645505,0
2025-10-21T15:45:00,997.8571573645505,997.8571573645505,0
2025-10-21T16:00:00,997.8571573645505,997.8571573645505,0
2025-10-21T16:15:00,997.8571573645505,997.8571573645505,0
2025-10-21T16:30:00,997.8571573645505,997.8571573645505,0
2025-10-21T16:45:00,997.8571573645505,997.8571573645505,0
2025-10-21T17:00:00,997.8571573645505,997.8571573645505,0
2025-10-21T17:15:00,997.8571573645505,997.8571573645505,0
2025-10-21T17:30:00,997.8571573645505,997.8571573645505,0
2025-10-21T17:45:00,997.8571573645505,997.8571573645505,0
2025-10-21T18:00:00,997.8571573645505,997.8571573645505,0
2025-10-21T18:15:00,997.8571573645505,997.8571573645505,0
2025-10-21T18:30:00,997.8571573645505,997.8571573645505,0
2025-10-21T18:45:00,997.8571573645505,997.8571573645505,0
2025-10-21T19:00:00,997.8571573645505,997.8571573645505,0
2025-10-21T19:15:00,997.8571573645505,997.8571573645505,0
2025-10-21T19:30:00,997.8571573645505,997.8571573645505,0
2025-10-21T19:45:00,997.8571573645505,997.8571573645505,0
2025-10-21T20:00:00,997.8571573645505,997.8571573645505,0
2025-10-21T20:15:00,997.8571573645505,997.8571573645505,0
2025-10-21T20:30:00,997.8571573645505,997.8571573645505,0
2025-10-21T20:45:00,997.8571573645505,997.8571573645505,0
2025-10-21T21:00:00,997.8571573645505,997.8571573645505,0
2025-10-21T21:15:00,997.8571573645505,997.8571573645505,0
2025-10-21T21:30:00,997.8571573645505,997.8571573645505,0
2025-10-21T21:45:00,997.8571573645505,997.8571573645505,0
2025-10-21T22:00:00,997.8571573645505,997.8571573645505,0
2025-10-21T22:15:00,997.8571573645505,997.8571573645505,0
2025-10-21T22:30:00,997.8571573645505,997.8571573645505,0
2025-10-21T22:45:00,997.8571573645505,997.8571573645505,0
2025-10-21T23:00:00,997.8571573645505,997.8571573645505,0
2025-10-21T23:15:00,997.8571573645505,997.8571573645505,0
2025-10-21T23:30:00,997.8571573645505,997.8571573645505,0
2025-10-21T23:45:00,997.8571573645505,997.8571573645505,0
2025-10-22T00:00:00,997.8571573645505,997.8571573645505,0
2025-10-22T00:15:00,997.8571573645505,997.8571573645505,0
2025-10-22T00:30:00,997.8571573645505,997.8571573645505,0
2025-10-22T00:45:00,997.8571573645505,997.8571573645505,0
2025-10-22T01:00:00,997.8571573645505,997.8571573645505,0
2025-10-22T01:15:00,997.8571573645505,997.8571573645505,0
2025-10-22T01:30:00,997.8571573645505,997.8571573645505,0
2025-10-22T01:45:00,997.8571573645505,997.8571573645505,0
2025-10-22T02:00:00,997.8571573645505,997.8571573645505,0
2025-10-22T02:15:00,997.8571573645505,997.8571573645505,0
2025-10-22T02:30:00,997.8571573645505,997.8571573645505,0
2025-10-22T02:45:00,997.8571573645505,997.8571573645505,0
2025-10-22T03:00:00,997.8571573645505,997.8571573645505,0
2025-10-22T03:15:00,997.8571573645505,997.8571573645505,0
2025-10-22T03:30:00,997.8571573645505,997.8571573645505,0
2025-10-22T03:45:00,997.8571573645505,997.8571573645505,0
2025-10-22T04:00:00,997.8571573645505,997.8571573645505,0
2025-10-22T04:15:00,997.8571573645505,997.8571573645505,0
2025-10-22T04:30:00,997.8571573645505,997.8571573645505,0
2025-10-22T04:45:00,997.8571573645505,997.8571573645505,0
2025-10-22T05:00:00,997.8571573645505,997.8571573645505,0
2025-10-22T05:15:00,997.8571573645505,997.8571573645505,0
2025-10-22T05:30:00,997.8571573645505,997.8571573645505,0
2025-10-22T05:45:00,997.8571573645505,997.8571573645505,0
2025-10-22T06:00:00,997.8571573645505,997.8571573645505,0
2025-10-22T06:15:00,997.8571573645505,997.8571573645505,0
2025-10-22T06:30:00,997.8571573645505,997.8571573645505,0
2025-10-22T06:45:00,997.8571573645505,997.8571573645505,0
2025-10-22T07:00:00,997.8571573645505,997.8571573645505,0
2025-10-22T07:15:00,997.8571573645505,997.8571573645505,0
2025-10-22T07:30:00,997.8571573645505,997.8571573645505,0
2025-10-22T07:45:00,997.8571573645505,997.8571573645505,0
2025-10-22T08:00:00,997.8571573645505,997.8571573645505,0
2025-10-22T08:15:00,997.8571573645505,997.8571573645505,0
2025-10-22T08:30:00,997.8571573645505,997.8571573645505,0
2025-10-22T08:45:00,997.8571573645505,997.8571573645505,0
2025-10-22T09:00:00,997.8571573645505,997.8571573645505,0
2025-10-22T09:15:00,997.8571573645505,997.8571573645505,0
2025-10-22T09:30:00,997.8571573645505,997.8571573645505,0
2025-10-22T09:45:00,997.8571573645505,997.8571573645505,0
2025-10-22T10:00:00,997.8571573645505,997.8571573645505,0
2025-10-22T10:15:00,997.8571573645505,997.8571573645505,0
2025-10-22T10:30:00,997.8571573645505,997.8571573645505,0
2025-10-22T10:45:00,997.8571573645505,997.8571573645505,0
2025-10-22T11:00:00,997.8571573645505,997.8571573645505,0
2025-10-22T11:15:00,997.8571573645505,997.8571573645505,0
2025-10-22T11:30:00,997.8571573645505,997.8571573645505,0
2025-10-22T11:45:00,997.8571573645505,997.8571573645505,0
2025-10-22T12:00:00,997.8571573645505,997.8571573645505,0
2025-10-22T12:15:00,997.8571573645505,997.8571573645505,0
2025-10-22T12:30:00,997.8571573645505,997.8571573645505,0
2025-10-22T12:45:00,997.8571573645505,997.8571573645505,0
2025-10-22T13:00:00,997.8571573645505,997.8571573645505,0
2025-10-22T13:15:00,997.8571573645505,997.8571573645505,0
2025-10-22T13:30:00,997.8571573645505,997.8571573645505,0
2025-10-22T13:45:00,997.8571573645505,997.8571573645505,0
2025-10-22T14:00:00,997.8571573645505,997.8571573645505,0
2025-10-22T14:15:00,997.8571573645505,997.8571573645505,0
2025-10-22T14:30:00,997.8571573645505,997.8571573645505,0
2025-10-22T14:45:00,997.8571573645505,997.8571573645505,0
2025-10-22T15:00:00,997.8571573645505,997.8571573645505,0
2025-10-22T15:15:00,997.8571573645505,997.8571573645505,0
2025-10-22T15:30:00,997.8571573645505,997.8571573645505,0
2025-10-22T15:45:00,997.8571573645505,997.8571573645505,0
2025-10-22T16:00:00,997.8571573645505,997.8571573645505,0
2025-10-22T16:15:00,997.8571573645505,997.8571573645505,0
2025-10-22T16:30:00,997.8571573645505,997.8571573645505,0
2025-10-22T16:45:00,997.8571573645505,997.8571573645505,0
2025-10-22T17:00:00,997.8571573645505,997.8571573645505,0
2025-10-22T17:15:00,997.8571573645505,997.8571573645505,0
2025-10-22T17:30:00,996.7941781603131,857.9336353302638,1
2025-10-22T17:45:00,997.1735962610494,857.9336353302638,1
2025-10-22T18:00:00,997.3998357193658,857.9336353302638,1
2025-10-22T18:15:00,995.9511248393804,857.9336353302638,1
2025-10-22T18:30:00,996.3565397219094,857.9336353302638,1
2025-10-22T18:45:00,995.9029192300281,857.9336353302638,1
2025-10-22T19:00:00,994.7821148755291,994.7821148755291,0
2025-10-22T19:15:00,994.7821148755291,994.7821148755291,0
2025-10-22T19:30:00,994.7821148755291,994.7821148755291,0
2025-10-22T19:45:00,994.7821148755291,994.7821148755291,0
2025-10-22T20:00:00,994.7821148755291,994.7821148755291,0
2025-10-22T20:15:00,994.7821148755291,994.7821148755291,0
2025-10-22T20:30:00,994.7821148755291,994.7821148755291,0
2025-10-22T20:45:00,994.7821148755291,994.7821148755291,0
2025-10-22T21:00:00,994.7821148755291,994.7821148755291,0
2025-10-22T21:15:00,994.7821148755291,994.7821148755291,0
2025-10-22T21:30:00,994.7821148755291,994.7821148755291,0
2025-10-22T21:45:00,994.7821148755291,994.7821148755291,0
2025-10-22T22:00:00,994.7821148755291,994.7821148755291,0
2025-10-22T22:15:00,994.7821148755291,994.7821148755291,0
2025-10-22T22:30:00,994.7821148755291,994.7821148755291,0
2025-10-22T22:45:00,994.7821148755291,994.7821148755291,0
2025-10-22T23:00:00,994.7821148755291,994.7821148755291,0
2025-10-22T23:15:00,994.7821148755291,994.7821148755291,0
2025-10-22T23:30:00,994.7821148755291,994.7821148755291,0
2025-10-22T23:45:00,994.7821148755291,994.7821148755291,0
2025-10-23T00:00:00,994.7821148755291,994.7821148755291,0
2025-10-23T00:15:00,994.7821148755291,994.7821148755291,0
2025-10-23T00:30:00,994.7821148755291,994.7821148755291,0
2025-10-23T00:45:00,994.7821148755291,994.7821148755291,0
2025-10-23T01:00:00,994.7821148755291,994.7821148755291,0
2025-10-23T01:15:00,994.7821148755291,994.7821148755291,0
2025-10-23T01:30:00,994.7821148755291,994.7821148755291,0
2025-10-23T01:45:00,994.7821148755291,994.7821148755291,0
2025-10-23T02:00:00,994.7821148755291,994.7821148755291,0
2025-10-23T02:15:00,994.7821148755291,994.7821148755291,0
2025-10-23T02:30:00,994.7821148755291,994.7821148755291,0
2025-10-23T02:45:00,994.7821148755291,994.7821148755291,0
2025-10-23T03:00:00,994.7821148755291,994.7821148755291,0
2025-10-23T03:15:00,994.7821148755291,994.7821148755291,0
2025-10-23T03:30:00,994.7821148755291,994.7821148755291,0
2025-10-23T03:45:00,994.7821148755291,994.7821148755291,0
2025-10-23T04:00:00,994.7821148755291,994.7821148755291,0
2025-10-23T04:15:00,994.7821148755291,994.7821148755291,0
2025-10-23T04:30:00,994.7821148755291,994.7821148755291,0
2025-10-23T04:45:00,994.7821148755291,994.7821148755291,0
2025-10-23T05:00:00,994.7821148755291,994.7821148755291,0
2025-10-23T05:15:00,994.7821148755291,994.7821148755291,0
2025-10-23T05:30:00,994.7821148755291,994.7821148755291,0
2025-10-23T05:45:00,994.7821148755291,994.7821148755291,0
2025-10-23T06:00:00,994.7821148755291,994.7821148755291,0
2025-10-23T06:15:00,994.7821148755291,994.7821148755291,0
2025-10-23T06:30:00,994.7821148755291,994.7821148755291,0
2025-10-23T06:45:00,994.7821148755291,994.7821148755291,0
2025-10-23T07:00:00,993.724918253444,855.2897875992229,1
2025-10-23T07:15:00,992.4649544570715,855.2897875992229,1
2025-10-23T07:30:00,991.838518898481,855.2897875992229,1
2025-10-23T07:45:00,991.0644036267249,855.2897875992229,1
2025-10-23T08:00:00,993.3395324633755,855.2897875992229,1
2025-10-23T08:15:00,993.6621987045936,855.2897875992229,1
2025-10-23T08:30:00,992.2163665028274,992.2163665028274,0
2025-10-23T08:45:00,992.2163665028274,992.2163665028274,0
2025-10-23T09:00:00,992.2163665028274,992.2163665028274,0
2025-10-23T09:15:00,992.2163665028274,992.2163665028274,0
2025-10-23T09:30:00,992.2163665028274,992.2163665028274,0
2025-10-23T09:45:00,992.2163665028274,992.2163665028274,0
2025-10-23T10:00:00,992.2163665028274,992.2163665028274,0
2025-10-23T10:15:00,992.2163665028274,992.2163665028274,0
2025-10-23T10:30:00,992.2163665028274,992.2163665028274,0
2025-10-23T10:45:00,992.2163665028274,992.2163665028274,0
2025-10-23T11:00:00,992.2163665028274,992.2163665028274,0
2025-10-23T11:15:00,992.2163665028274,992.2163665028274,0
2025-10-23T11:30:00,992.2163665028274,992.2163665028274,0
2025-10-23T11:45:00,992.2163665028274,992.2163665028274,0
2025-10-23T12:00:00,992.2163665028274,992.2163665028274,0
2025-10-23T12:15:00,992.2163665028274,992.2163665028274,0
2025-10-23T12:30:00,992.2163665028274,992.2163665028274,0
2025-10-23T12:45:00,992.2163665028274,992.2163665028274,0
2025-10-23T13:00:00,992.2163665028274,992.2163665028274,0
2025-10-23T13:15:00,992.2163665028274,992.2163665028274,0
2025-10-23T13:30:00,992.2163665028274,992.2163665028274,0
2025-10-23T13:45:00,992.2163665028274,992.2163665028274,0
2025-10-23T14:00:00,992.2163665028274,992.2163665028274,0
2025-10-23T14:15:00,992.2163665028274,992.2163665028274,0
2025-10-23T14:30:00,992.2163665028274,992.2163665028274,0
2025-10-23T14:45:00,992.2163665028274,992.2163665028274,0
2025-10-23T15:00:00,992.2163665028274,992.2163665028274,0
2025-10-23T15:15:00,992.2163665028274,992.2163665028274,0
2025-10-23T15:30:00,992.2163665028274,992.2163665028274,0
2025-10-23T15:45:00,992.2163665028274,992.2163665028274,0
2025-10-23T16:00:00,992.2163665028274,992.2163665028274,0
2025-10-23T16:15:00,992.2163665028274,992.2163665028274,0
2025-10-23T16:30:00,992.2163665028274,992.2163665028274,0
2025-10-23T16:45:00,992.2163665028274,992.2163665028274,0
2025-10-23T17:00:00,991.16189660901,853.0838187263349,1
2025-10-23T17:15:00,991.1561882428407,853.0838187263349,1
2025-10-23T17:30:00,994.5655099374287,853.0838187263349,1
2025-10-23T17:45:00,996.0411225921814,853.0838187263349,1
2025-10-23T18:00:00,992.1294646746987,853.0838187263349,1
2025-10-23T18:15:00,991.1005316726905,853.0838187263349,1
2025-10-23T18:30:00,988.9844939047658,988.9844939047658,0
2025-10-23T18:45:00,988.9844939047658,988.9844939047658,0
2025-10-23T19:00:00,988.9844939047658,988.9844939047658,0
2025-10-23T19:15:00,988.9844939047658,988.9844939047658,0
2025-10-23T19:30:00,988.9844939047658,988.9844939047658,0
2025-10-23T19:45:00,988.9844939047658,988.9844939047658,0
2025-10-23T20:00:00,988.9844939047658,988.9844939047658,0
2025-10-23T20:15:00,988.9844939047658,988.9844939047658,0
2025-10-23T20:30:00,988.9844939047658,988.9844939047658,0
2025-10-23T20:45:00,988.9844939047658,988.9844939047658,0
2025-10-23T21:00:00,988.9844939047658,988.9844939047658,0
2025-10-23T21:15:00,988.9844939047658,988.9844939047658,0
2025-10-23T21:30:00,988.9844939047658,988.9844939047658,0
2025-10-23T21:45:00,988.9844939047658,988.9844939047658,0
2025-10-23T22:00:00,988.9844939047658,988.9844939047658,0
2025-10-23T22:15:00,988.9844939047658,988.9844939047658,0
2025-10-23T22:30:00,988.9844939047658,988.9844939047658,0
2025-10-23T22:45:00,988.9844939047658,988.9844939047658,0
2025-10-23T23:00:00,988.9844939047658,988.9844939047658,0
2025-10-23T23:15:00,988.9844939047658,988.9844939047658,0
2025-10-23T23:30:00,988.9844939047658,988.9844939047658,0
2025-10-23T23:45:00,988.9844939047658,988.9844939047658,0
2025-10-24T00:00:00,988.9844939047658,988.9844939047658,0
2025-10-24T00:15:00,988.9844939047658,988.9844939047658,0
2025-10-24T00:30:00,988.9844939047658,988.9844939047658,0
2025-10-24T00:45:00,988.9844939047658,988.9844939047658,0
2025-10-24T01:00:00,988.9844939047658,988.9844939047658,0
2025-10-24T01:15:00,988.9844939047658,988.9844939047658,0
2025-10-24T01:30:00,988.9844939047658,988.9844939047658,0
2025-10-24T01:45:00,988.9844939047658,988.9844939047658,0
2025-10-24T02:00:00,988.9844939047658,988.9844939047658,0
2025-10-24T02:15:00,988.9844939047658,988.9844939047658,0
2025-10-24T02:30:00,988.9844939047658,988.9844939047658,0
2025-10-24T02:45:00,988.9844939047658,988.9844939047658,0
2025-10-24T03:00:00,988.9844939047658,988.9844939047658,0
2025-10-24T03:15:00,988.9844939047658,988.9844939047658,0
2025-10-24T03:30:00,988.9844939047658,988.9844939047658,0
2025-10-24T03:45:00,988.9844939047658,988.9844939047658,0
2025-10-24T04:00:00,988.9844939047658,988.9844939047658,0
2025-10-24T04:15:00,988.9844939047658,988.9844939047658,0
2025-10-24T04:30:00,988.9844939047658,988.9844939047658,0
2025-10-24T04:45:00,988.9844939047658,988.9844939047658,0
2025-10-24T05:00:00,988.9844939047658,988.9844939047658,0
2025-10-24T05:15:00,988.9844939047658,988.9844939047658,0
2025-10-24T05:30:00,988.9844939047658,988.9844939047658,0
2025-10-24T05:45:00,988.9844939047658,988.9844939047658,0
2025-10-24T06:00:00,988.9844939047658,988.9844939047658,0
2025-10-24T06:15:00,988.9844939047658,988.9844939047658,0
2025-10-24T06:30:00,988.9844939047658,988.9844939047658,0
2025-10-24T06:45:00,988.9844939047658,988.9844939047658,0
2025-10-24T07:00:00,988.9844939047658,988.9844939047658,0
2025-10-24T07:15:00,988.9844939047658,988.9844939047658,0
2025-10-24T07:30:00,988.9844939047658,988.9844939047658,0
2025-10-24T07:45:00,988.9844939047658,988.9844939047658,0
2025-10-24T08:00:00,988.9844939047658,988.9844939047658,0
2025-10-24T08:15:00,988.9844939047658,988.9844939047658,0
2025-10-24T08:30:00,988.9844939047658,988.9844939047658,0
2025-10-24T08:45:00,988.9844939047658,988.9844939047658,0
2025-10-24T09:00:00,988.9844939047658,988.9844939047658,0
2025-10-24T09:15:00,988.9844939047658,988.9844939047658,0
2025-10-24T09:30:00,988.9844939047658,988.9844939047658,0
2025-10-24T09:45:00,988.9844939047658,988.9844939047658,0
2025-10-24T10:00:00,988.9844939047658,988.9844939047658,0
2025-10-24T10:15:00,988.9844939047658,988.9844939047658,0
2025-10-24T10:30:00,988.9844939047658,988.9844939047658,0
2025-10-24T10:45:00,988.9844939047658,988.9844939047658,0
2025-10-24T11:00:00,988.9844939047658,988.9844939047658,0
2025-10-24T11:15:00,988.9844939047658,988.9844939047658,0
2025-10-24T11:30:00,988.9844939047658,988.9844939047658,0
2025-10-24T11:45:00,988.9844939047658,988.9844939047658,0
2025-10-24T12:00:00,988.9844939047658,988.9844939047658,0
2025-10-24T12:15:00,988.9844939047658,988.9844939047658,0
2025-10-24T12:30:00,988.9844939047658,988.9844939047658,0
2025-10-24T12:45:00,988.9844939047658,988.9844939047658,0
2025-10-24T13:00:00,988.9844939047658,988.9844939047658,0
2025-10-24T13:15:00,988.9844939047658,988.9844939047658,0
2025-10-24T13:30:00,988.9844939047658,988.9844939047658,0
2025-10-24T13:45:00,988.9844939047658,988.9844939047658,0
2025-10-24T14:00:00,988.9844939047658,988.9844939047658,0
2025-10-24T14:15:00,988.9844939047658,988.9844939047658,0
2025-10-24T14:30:00,988.9844939047658,988.9844939047658,0
2025-10-24T14:45:00,988.9844939047658,988.9844939047658,0
2025-10-24T15:00:00,988.9844939047658,988.9844939047658,0
2025-10-24T15:15:00,988.9844939047658,988.9844939047658,0
2025-10-24T15:30:00,988.9844939047658,988.9844939047658,0
2025-10-24T15:45:00,988.9844939047658,988.9844939047658,0
2025-10-24T16:00:00,988.9844939047658,988.9844939047658,0
2025-10-24T16:15:00,988.9844939047658,988.9844939047658,0
2025-10-24T16:30:00,988.9844939047658,988.9844939047658,0
2025-10-24T16:45:00,988.9844939047658,988.9844939047658,0
2025-10-24T17:00:00,988.9844939047658,988.9844939047658,0
2025-10-24T17:15:00,988.9844939047658,988.9844939047658,0
2025-10-24T17:30:00,988.9844939047658,988.9844939047658,0
2025-10-24T17:45:00,988.9844939047658,988.9844939047658,0
2025-10-24T18:00:00,988.9844939047658,988.9844939047658,0
2025-10-24T18:15:00,988.9844939047658,988.9844939047658,0
2025-10-24T18:30:00,988.9844939047658,988.9844939047658,0
2025-10-24T18:45:00,988.9844939047658,988.9844939047658,0
2025-10-24T19:00:00,988.9844939047658,988.9844939047658,0
2025-10-24T19:15:00,988.9844939047658,988.9844939047658,0
2025-10-24T19:30:00,988.9844939047658,988.9844939047658,0
2025-10-24T19:45:00,988.9844939047658,988.9844939047658,0
2025-10-24T20:00:00,988.9844939047658,988.9844939047658,0
2025-10-24T20:15:00,988.9844939047658,988.9844939047658,0
2025-10-24T20:30:00,988.9844939047658,988.9844939047658,0
2025-10-24T20:45:00,988.9844939047658,988.9844939047658,0
2025-10-24T21:00:00,988.9844939047658,988.9844939047658,0
2025-10-24T21:15:00,988.9844939047658,988.9844939047658,0
2025-10-24T21:30:00,988.9844939047658,988.9844939047658,0
2025-10-24T21:45:00,988.9844939047658,988.9844939047658,0
2025-10-24T22:00:00,988.9844939047658,988.9844939047658,0
2025-10-24T22:15:00,988.9844939047658,988.9844939047658,0
2025-10-24T22:30:00,988.9844939047658,988.9844939047658,0
2025-10-24T22:45:00,988.9844939047658,988.9844939047658,0
2025-10-24T23:00:00,988.9844939047658,988.9844939047658,0
2025-10-24T23:15:00,988.9844939047658,988.9844939047658,0
2025-10-24T23:30:00,988.9844939047658,988.9844939047658,0
2025-10-24T23:45:00,988.9844939047658,988.9844939047658,0
2025-10-25T00:00:00,988.9844939047658,988.9844939047658,0
2025-10-25T00:15:00,988.9844939047658,988.9844939047658,0
2025-10-25T00:30:00,988.9844939047658,988.9844939047658,0
2025-10-25T00:45:00,988.9844939047658,988.9844939047658,0
2025-10-25T01:00:00,988.9844939047658,988.9844939047658,0
2025-10-25T01:15:00,988.9844939047658,988.9844939047658,0
2025-10-25T01:30:00,988.9844939047658,988.9844939047658,0
2025-10-25T01:45:00,988.9844939047658,988.9844939047658,0
2025-10-25T02:00:00,988.9844939047658,988.9844939047658,0
2025-10-25T02:15:00,988.9844939047658,988.9844939047658,0
2025-10-25T02:30:00,988.9844939047658,988.9844939047658,0
2025-10-25T02:45:00,988.9844939047658,988.9844939047658,0
2025-10-25T03:00:00,988.9844939047658,988.9844939047658,0
2025-10-25T03:15:00,988.9844939047658,988.9844939047658,0
2025-10-25T03:30:00,988.9844939047658,988.9844939047658,0
2025-10-25T03:45:00,988.9844939047658,988.9844939047658,0
2025-10-25T04:00:00,988.9844939047658,988.9844939047658,0
2025-10-25T04:15:00,988.9844939047658,988.9844939047658,0
2025-10-25T04:30:00,988.9844939047658,988.9844939047658,0
2025-10-25T04:45:00,988.9844939047658,988.9844939047658,0
2025-10-25T05:00:00,988.9844939047658,988.9844939047658,0
2025-10-25T05:15:00,988.9844939047658,988.9844939047658,0
2025-10-25T05:30:00,988.9844939047658,988.9844939047658,0
2025-10-25T05:45:00,988.9844939047658,988.9844939047658,0
2025-10-25T06:00:00,988.9844939047658,988.9844939047658,0
2025-10-25T06:15:00,988.9844939047658,988.9844939047658,0
2025-10-25T06:30:00,988.9844939047658,988.9844939047658,0
2025-10-25T06:45:00,988.9844939047658,988.9844939047658,0
2025-10-25T07:00:00,988.9844939047658,988.9844939047658,0
2025-10-25T07:15:00,988.9844939047658,988.9844939047658,0
2025-10-25T07:30:00,988.9844939047658,988.9844939047658,0
2025-10-25T07:45:00,988.9844939047658,988.9844939047658,0
2025-10-25T08:00:00,988.9844939047658,988.9844939047658,0
2025-10-25T08:15:00,988.9844939047658,988.9844939047658,0
2025-10-25T08:30:00,988.9844939047658,988.9844939047658,0
2025-10-25T08:45:00,988.9844939047658,988.9844939047658,0
2025-10-25T09:00:00,987.9334586573324,850.305132231464,1
2025-10-25T09:15:00,987.3293158774541,850.305132231464,1
2025-10-25T09:30:00,987.5866359503652,850.305132231464,1
2025-10-25T09:45:00,986.2804568846097,850.305132231464,1
2025-10-25T10:00:00,984.7214473398733,984.7214473398733,0
2025-10-25T10:15:00,984.7214473398733,984.7214473398733,0
2025-10-25T10:30:00,984.7214473398733,984.7214473398733,0
2025-10-25T10:45:00,984.7214473398733,984.7214473398733,0
2025-10-25T11:00:00,984.7214473398733,984.7214473398733,0
2025-10-25T11:15:00,984.7214473398733,984.7214473398733,0
2025-10-25T11:30:00,984.7214473398733,984.7214473398733,0
2025-10-25T11:45:00,984.7214473398733,984.7214473398733,0
2025-10-25T12:00:00,984.7214473398733,984.7214473398733,0
2025-10-25T12:15:00,984.7214473398733,984.7214473398733,0
2025-10-25T12:30:00,984.7214473398733,984.7214473398733,0
2025-10-25T12:45:00,984.7214473398733,984.7214473398733,0
2025-10-25T13:00:00,984.7214473398733,984.7214473398733,0
2025-10-25T13:15:00,984.7214473398733,984.7214473398733,0
2025-10-25T13:30:00,984.7214473398733,984.7214473398733,0
2025-10-25T13:45:00,984.7214473398733,984.7214473398733,0
2025-10-25T14:00:00,984.7214473398733,984.7214473398733,0
2025-10-25T14:15:00,984.7214473398733,984.7214473398733,0
2025-10-25T14:30:00,984.7214473398733,984.7214473398733,0
2025-10-25T14:45:00,984.7214473398733,984.7214473398733,0
2025-10-25T15:00:00,984.7214473398733,984.7214473398733,0
2025-10-25T15:15:00,984.7214473398733,984.7214473398733,0
2025-10-25T15:30:00,984.7214473398733,984.7214473398733,0
2025-10-25T15:45:00,984.7214473398733,984.7214473398733,0
2025-10-25T16:00:00,984.7214473398733,984.7214473398733,0
2025-10-25T16:15:00,984.7214473398733,984.7214473398733,0
2025-10-25T16:30:00,984.7214473398733,984.7214473398733,0
2025-10-25T16:45:00,984.7214473398733,984.7214473398733,0
2025-10-25T17:00:00,984.7214473398733,984.7214473398733,0
2025-10-25T17:15:00,984.7214473398733,984.7214473398733,0
2025-10-25T17:30:00,984.7214473398733,984.7214473398733,0
2025-10-25T17:45:00,984.7214473398733,984.7214473398733,0
2025-10-25T18:00:00,984.7214473398733,984.7214473398733,0
2025-10-25T18:15:00,984.7214473398733,984.7214473398733,0
2025-10-25T18:30:00,984.7214473398733,984.7214473398733,0
2025-10-25T18:45:00,984.7214473398733,984.7214473398733,0
2025-10-25T19:00:00,983.6749426105913,846.639867108087,1
2025-10-25T19:15:00,984.3853456628478,846.639867108087,1
2025-10-25T19:30:00,984.8575547505242,846.639867108087,1
2025-10-25T19:45:00,984.3059476746544,846.639867108087,1
2025-10-25T20:00:00,984.2474438938804,846.639867108087,1
2025-10-25T20:15:00,983.702801553817,846.639867108087,1
2025-10-25T20:30:00,983.6902650293655,846.639867108087,1
2025-10-25T20:45:00,982.1981796261105,982.1981796261105,0
2025-10-25T21:00:00,982.1981796261105,982.1981796261105,0
2025-10-25T21:15:00,982.1981796261105,982.1981796261105,0
2025-10-25T21:30:00,982.1981796261105,982.1981796261105,0
2025-10-25T21:45:00,982.1981796261105,982.1981796261105,0
2025-10-25T22:00:00,982.1981796261105,982.1981796261105,0
2025-10-25T22:15:00,982.1981796261105,982.1981796261105,0
2025-10-25T22:30:00,982.1981796261105,982.1981796261105,0
2025-10-25T22:45:00,982.1981796261105,982.1981796261105,0
2025-10-25T23:00:00,982.1981796261105,982.1981796261105,0
2025-10-25T23:15:00,982.1981796261105,982.1981796261105,0
2025-10-25T23:30:00,982.1981796261105,982.1981796261105,0
2025-10-25T23:45:00,982.1981796261105,982.1981796261105,0
2025-10-26T00:00:00,982.1981796261105,982.1981796261105,0
2025-10-26T00:15:00,982.1981796261105,982.1981796261105,0
2025-10-26T00:30:00,982.1981796261105,982.1981796261105,0
2025-10-26T00:45:00,982.1981796261105,982.1981796261105,0
2025-10-26T01:00:00,982.1981796261105,982.1981796261105,0
2025-10-26T01:15:00,982.1981796261105,982.1981796261105,0
2025-10-26T01:30:00,982.1981796261105,982.1981796261105,0
2025-10-26T01:45:00,982.1981796261105,982.1981796261105,0
2025-10-26T02:00:00,982.1981796261105,982.1981796261105,0
2025-10-26T02:15:00,982.1981796261105,982.1981796261105,0
2025-10-26T02:30:00,982.1981796261105,982.1981796261105,0
2025-10-26T02:45:00,982.1981796261105,982.1981796261105,0
2025-10-26T03:00:00,982.1981796261105,982.1981796261105,0
2025-10-26T03:15:00,982.1981796261105,982.1981796261105,0
2025-10-26T03:30:00,982.1981796261105,982.1981796261105,0
2025-10-26T03:45:00,982.1981796261105,982.1981796261105,0
2025-10-26T04:00:00,982.1981796261105,982.1981796261105,0
2025-10-26T04:15:00,982.1981796261105,982.1981796261105,0
2025-10-26T04:30:00,982.1981796261105,982.1981796261105,0
2025-10-26T04:45:00,982.1981796261105,982.1981796261105,0
2025-10-26T05:00:00,982.1981796261105,982.1981796261105,0
2025-10-26T05:15:00,982.1981796261105,982.1981796261105,0
2025-10-26T05:30:00,982.1981796261105,982.1981796261105,0
2025-10-26T05:45:00,982.1981796261105,982.1981796261105,0
2025-10-26T06:00:00,982.1981796261105,982.1981796261105,0
2025-10-26T06:15:00,982.1981796261105,982.1981796261105,0
2025-10-26T06:30:00,982.1981796261105,982.1981796261105,0
2025-10-26T06:45:00,982.1981796261105,982.1981796261105,0
2025-10-26T07:00:00,982.1981796261105,982.1981796261105,0
2025-10-26T07:15:00,982.1981796261105,982.1981796261105,0
2025-10-26T07:30:00,982.1981796261105,982.1981796261105,0
2025-10-26T07:45:00,982.1981796261105,982.1981796261105,0
2025-10-26T08:00:00,982.1981796261105,982.1981796261105,0
2025-10-26T08:15:00,982.1981796261105,982.1981796261105,0
2025-10-26T08:30:00,982.1981796261105,982.1981796261105,0
2025-10-26T08:45:00,982.1981796261105,982.1981796261105,0
2025-10-26T09:00:00,982.1981796261105,982.1981796261105,0
2025-10-26T09:15:00,981.1543564791203,844.4704220862187,1
2025-10-26T09:30:00,979.1362363816257,844.4704220862187,1
2025-10-26T09:45:00,979.0635236928648,844.4704220862187,1
2025-10-26T10:00:00,978.6615459983944,844.4704220862187,1
2025-10-26T10:15:00,978.1456974894495,844.4704220862187,1
2025-10-26T10:30:00,978.4612431199212,844.4704220862187,1
2025-10-26T10:45:00,978.4159691816361,844.4704220862187,1
2025-10-26T11:00:00,978.136093926783,844.4704220862187,1
2025-10-26T11:15:00,980.8593899115056,844.4704220862187,1
2025-10-26T11:30:00,986.511772509519,844.4704220862187,1
2025-10-26T11:45:00,986.8945430786564,844.4704220862187,1
2025-10-26T12:00:00,987.2786855853175,844.4704220862187,1
2025-10-26T12:15:00,988.1334026626384,844.4704220862187,1
2025-10-26T12:30:00,987.5132869018855,844.4704220862187,1
2025-10-26T12:45:00,990.7222487700296,844.4704220862187,1
2025-10-26T13:00:00,990.4464893277479,844.4704220862187,1
2025-10-26T13:15:00,991.7402264126815,844.4704220862187,1
2025-10-26T13:30:00,993.2040837505651,844.4704220862187,1
2025-10-26T13:45:00,992.180618357818,844.4704220862187,1
2025-10-26T14:00:00,992.5729924896219,844.4704220862187,1
2025-10-26T14:15:00,991.3766629688773,844.4704220862187,1
2025-10-26T14:30:00,991.306694155164,844.4704220862187,1
2025-10-26T14:45:00,989.4517789374282,989.4517789374282,0
2025-10-26T15:00:00,989.4517789374282,989.4517789374282,0
2025-10-26T15:15:00,989.4517789374282,989.4517789374282,0
2025-10-26T15:30:00,989.4517789374282,989.4517789374282,0
2025-10-26T15:45:00,989.4517789374282,989.4517789374282,0
2025-10-26T16:00:00,989.4517789374282,989.4517789374282,0
2025-10-26T16:15:00,989.4517789374282,989.4517789374282,0
2025-10-26T16:30:00,989.4517789374282,989.4517789374282,0
2025-10-26T16:45:00,989.4517789374282,989.4517789374282,0
2025-10-26T17:00:00,989.4517789374282,989.4517789374282,0
2025-10-26T17:15:00,989.4517789374282,989.4517789374282,0
2025-10-26T17:30:00,989.4517789374282,989.4517789374282,0
2025-10-26T17:45:00,989.4517789374282,989.4517789374282,0
2025-10-26T18:00:00,989.4517789374282,989.4517789374282,0
2025-10-26T18:15:00,989.4517789374282,989.4517789374282,0
2025-10-26T18:30:00,989.4517789374282,989.4517789374282,0
2025-10-26T18:45:00,989.4517789374282,989.4517789374282,0
2025-10-26T19:00:00,989.4517789374282,989.4517789374282,0
2025-10-26T19:15:00,989.4517789374282,989.4517789374282,0
2025-10-26T19:30:00,989.4517789374282,989.4517789374282,0
2025-10-26T19:45:00,989.4517789374282,989.4517789374282,0
2025-10-26T20:00:00,989.4517789374282,989.4517789374282,0
2025-10-26T20:15:00,989.4517789374282,989.4517789374282,0
2025-10-26T20:30:00,989.4517789374282,989.4517789374282,0
2025-10-26T20:45:00,989.4517789374282,989.4517789374282,0
2025-10-26T21:00:00,989.4517789374282,989.4517789374282,0
2025-10-26T21:15:00,989.4517789374282,989.4517789374282,0
2025-10-26T21:30:00,989.4517789374282,989.4517789374282,0
2025-10-26T21:45:00,989.4517789374282,989.4517789374282,0
2025-10-26T22:00:00,989.4517789374282,989.4517789374282,0
2025-10-26T22:15:00,989.4517789374282,989.4517789374282,0
2025-10-26T22:30:00,989.4517789374282,989.4517789374282,0
2025-10-26T22:45:00,989.4517789374282,989.4517789374282,0
2025-10-26T23:00:00,988.4002470866174,850.7068926877063,1
2025-10-26T23:15:00,988.5611342701362,850.7068926877063,1
2025-10-26T23:30:00,989.7618047388769,850.7068926877063,1
2025-10-26T23:45:00,988.0651762581316,850.7068926877063,1
2025-10-27T00:00:00,989.192716188909,850.7068926877063,1
2025-10-27T00:15:00,989.9413069684229,850.7068926877063,1
2025-10-27T00:30:00,991.1087362835439,850.7068926877063,1
2025-10-27T00:45:00,989.6713888010315,850.7068926877063,1
2025-10-27T01:00:00,990.0343821985579,850.7068926877063,1
2025-10-27T01:15:00,991.5794310187977,850.7068926877063,1
2025-10-27T01:30:00,991.6605394336295,850.7068926877063,1
2025-10-27T01:45:00,992.4995461509886,850.7068926877063,1
2025-10-27T02:00:00,993.7361170656384,850.7068926877063,1
2025-10-27T02:15:00,993.0260860243234,850.7068926877063,1
2025-10-27T02:30:00,995.1189490562145,850.7068926877063,1
2025-10-27T02:45:00,994.3185020770541,850.7068926877063,1
2025-10-27T03:00:00,994.9500839958268,850.7068926877063,1
2025-10-27T03:15:00,994.3716101933275,994.3716101933275,0
2025-10-27T03:30:00,994.3716101933275,994.3716101933275,0
2025-10-27T03:45:00,994.3716101933275,994.3716101933275,0
2025-10-27T04:00:00,994.3716101933275,994.3716101933275,0
2025-10-27T04:15:00,994.3716101933275,994.3716101933275,0
2025-10-27T04:30:00,994.3716101933275,994.3716101933275,0
2025-10-27T04:45:00,994.3716101933275,994.3716101933275,0
2025-10-27T05:00:00,994.3716101933275,994.3716101933275,0
2025-10-27T05:15:00,994.3716101933275,994.3716101933275,0
2025-10-27T05:30:00,994.3716101933275,994.3716101933275,0
2025-10-27T05:45:00,994.3716101933275,994.3716101933275,0
2025-10-27T06:00:00,994.3716101933275,994.3716101933275,0
2025-10-27T06:15:00,994.3716101933275,994.3716101933275,0
2025-10-27T06:30:00,994.3716101933275,994.3716101933275,0
2025-10-27T06:45:00,993.314849831763,854.9368455255783,1
2025-10-27T07:00:00,992.4222357160287,854.9368455255783,1
2025-10-27T07:15:00,992.3915253060569,854.9368455255783,1
2025-10-27T07:30:00,990.9373513266735,990.9373513266735,0
2025-10-27T07:45:00,990.9373513266735,990.9373513266735,0
2025-10-27T08:00:00,990.9373513266735,990.9373513266735,0
2025-10-27T08:15:00,990.9373513266735,990.9373513266735,0
2025-10-27T08:30:00,990.9373513266735,990.9373513266735,0
2025-10-27T08:45:00,990.9373513266735,990.9373513266735,0
2025-10-27T09:00:00,990.9373513266735,990.9373513266735,0
2025-10-27T09:15:00,990.9373513266735,990.9373513266735,0
2025-10-27T09:30:00,990.9373513266735,990.9373513266735,0
2025-10-27T09:45:00,990.9373513266735,990.9373513266735,0
2025-10-27T10:00:00,990.9373513266735,990.9373513266735,0
2025-10-27T10:15:00,990.9373513266735,990.9373513266735,0
2025-10-27T10:30:00,990.9373513266735,990.9373513266735,0
2025-10-27T10:45:00,990.9373513266735,990.9373513266735,0
2025-10-27T11:00:00,990.9373513266735,990.9373513266735,0
2025-10-27T11:15:00,990.9373513266735,990.9373513266735,0
2025-10-27T11:30:00,990.9373513266735,990.9373513266735,0
2025-10-27T11:45:00,990.9373513266735,990.9373513266735,0
2025-10-27T12:00:00,990.9373513266735,990.9373513266735,0
2025-10-27T12:15:00,990.9373513266735,990.9373513266735,0
2025-10-27T12:30:00,990.9373513266735,990.9373513266735,0
2025-10-27T12:45:00,990.9373513266735,990.9373513266735,0
2025-10-27T13:00:00,990.9373513266735,990.9373513266735,0
2025-10-27T13:15:00,990.9373513266735,990.9373513266735,0
2025-10-27T13:30:00,990.9373513266735,990.9373513266735,0
2025-10-27T13:45:00,990.9373513266735,990.9373513266735,0
2025-10-27T14:00:00,990.9373513266735,990.9373513266735,0
2025-10-27T14:15:00,990.9373513266735,990.9373513266735,0
2025-10-27T14:30:00,990.9373513266735,990.9373513266735,0
2025-10-27T14:45:00,990.9373513266735,990.9373513266735,0
2025-10-27T15:00:00,990.9373513266735,990.9373513266735,0
2025-10-27T15:15:00,990.9373513266735,990.9373513266735,0
2025-10-27T15:30:00,990.9373513266735,990.9373513266735,0
2025-10-27T15:45:00,990.9373513266735,990.9373513266735,0
2025-10-27T16:00:00,990.9373513266735,990.9373513266735,0
2025-10-27T16:15:00,990.9373513266735,990.9373513266735,0
2025-10-27T16:30:00,990.9373513266735,990.9373513266735,0
2025-10-27T16:45:00,990.9373513266735,990.9373513266735,0
2025-10-27T17:00:00,989.8842406958581,851.984152174242,1
2025-10-27T17:15:00,987.9730788026454,851.984152174242,1
2025-10-27T17:30:00,989.7003488298445,851.984152174242,1
2025-10-27T17:45:00,990.2822352344446,851.984152174242,1
2025-10-27T18:00:00,991.5143107367355,851.984152174242,1
2025-10-27T18:15:00,988.7664408531612,851.984152174242,1
2025-10-27T18:30:00,989.9354677156762,851.984152174242,1
2025-10-27T18:45:00,989.4520948107262,851.984152174242,1
2025-10-27T19:00:00,989.6136569501524,851.984152174242,1
2025-10-27T19:15:00,989.2419326781393,851.984152174242,1
2025-10-27T19:30:00,986.9603990315459,986.9603990315459,0
2025-10-27T19:45:00,986.9603990315459,986.9603990315459,0
2025-10-27T20:00:00,986.9603990315459,986.9603990315459,0
2025-10-27T20:15:00,986.9603990315459,986.9603990315459,0
2025-10-27T20:30:00,986.9603990315459,986.9603990315459,0
2025-10-27T20:45:00,986.9603990315459,986.9603990315459,0
2025-10-27T21:00:00,986.9603990315459,986.9603990315459,0
2025-10-27T21:15:00,986.9603990315459,986.9603990315459,0
2025-10-27T21:30:00,986.9603990315459,986.9603990315459,0
2025-10-27T21:45:00,986.9603990315459,986.9603990315459,0
2025-10-27T22:00:00,986.9603990315459,986.9603990315459,0
2025-10-27T22:15:00,986.9603990315459,986.9603990315459,0
2025-10-27T22:30:00,986.9603990315459,986.9603990315459,0
2025-10-27T22:45:00,986.9603990315459,986.9603990315459,0
2025-10-27T23:00:00,986.9603990315459,986.9603990315459,0
2025-10-27T23:15:00,986.9603990315459,986.9603990315459,0
2025-10-27T23:30:00,986.9603990315459,986.9603990315459,0
2025-10-27T23:45:00,986.9603990315459,986.9603990315459,0
2025-10-28T00:00:00,986.9603990315459,986.9603990315459,0
2025-10-28T00:15:00,986.9603990315459,986.9603990315459,0
2025-10-28T00:30:00,986.9603990315459,986.9603990315459,0
2025-10-28T00:45:00,986.9603990315459,986.9603990315459,0
2025-10-28T01:00:00,986.9603990315459,986.9603990315459,0
2025-10-28T01:15:00,986.9603990315459,986.9603990315459,0
2025-10-28T01:30:00,986.9603990315459,986.9603990315459,0
2025-10-28T01:45:00,986.9603990315459,986.9603990315459,0
2025-10-28T02:00:00,986.9603990315459,986.9603990315459,0
2025-10-28T02:15:00,986.9603990315459,986.9603990315459,0
2025-10-28T02:30:00,986.9603990315459,986.9603990315459,0
2025-10-28T02:45:00,986.9603990315459,986.9603990315459,0
2025-10-28T03:00:00,986.9603990315459,986.9603990315459,0
2025-10-28T03:15:00,986.9603990315459,986.9603990315459,0
2025-10-28T03:30:00,986.9603990315459,986.9603990315459,0
2025-10-28T03:45:00,986.9603990315459,986.9603990315459,0
2025-10-28T04:00:00,986.9603990315459,986.9603990315459,0
2025-10-28T04:15:00,986.9603990315459,986.9603990315459,0
2025-10-28T04:30:00,986.9603990315459,986.9603990315459,0
2025-10-28T04:45:00,986.9603990315459,986.9603990315459,0
2025-10-28T05:00:00,986.9603990315459,986.9603990315459,0
2025-10-28T05:15:00,986.9603990315459,986.9603990315459,0
2025-10-28T05:30:00,986.9603990315459,986.9603990315459,0
2025-10-28T05:45:00,986.9603990315459,986.9603990315459,0
2025-10-28T06:00:00,986.9603990315459,986.9603990315459,0
2025-10-28T06:15:00,986.9603990315459,986.9603990315459,0
2025-10-28T06:30:00,986.9603990315459,986.9603990315459,0
2025-10-28T06:45:00,986.9603990315459,986.9603990315459,0
2025-10-28T07:00:00,986.9603990315459,986.9603990315459,0
2025-10-28T07:15:00,986.9603990315459,986.9603990315459,0
2025-10-28T07:30:00,986.9603990315459,986.9603990315459,0
2025-10-28T07:45:00,986.9603990315459,986.9603990315459,0
2025-10-28T08:00:00,986.9603990315459,986.9603990315459,0
2025-10-28T08:15:00,986.9603990315459,986.9603990315459,0
2025-10-28T08:30:00,986.9603990315459,986.9603990315459,0
2025-10-28T08:45:00,986.9603990315459,986.9603990315459,0
2025-10-28T09:00:00,986.9603990315459,986.9603990315459,0
2025-10-28T09:15:00,986.9603990315459,986.9603990315459,0
2025-10-28T09:30:00,986.9603990315459,986.9603990315459,0
2025-10-28T09:45:00,986.9603990315459,986.9603990315459,0
2025-10-28T10:00:00,986.9603990315459,986.9603990315459,0
2025-10-28T10:15:00,986.9603990315459,986.9603990315459,0
2025-10-28T10:30:00,986.9603990315459,986.9603990315459,0
2025-10-28T10:45:00,986.9603990315459,986.9603990315459,0
2025-10-28T11:00:00,986.9603990315459,986.9603990315459,0
2025-10-28T11:15:00,986.9603990315459,986.9603990315459,0
2025-10-28T11:30:00,986.9603990315459,986.9603990315459,0
2025-10-28T11:45:00,986.9603990315459,986.9603990315459,0
2025-10-28T12:00:00,986.9603990315459,986.9603990315459,0
2025-10-28T12:15:00,986.9603990315459,986.9603990315459,0
2025-10-28T12:30:00,986.9603990315459,986.9603990315459,0
2025-10-28T12:45:00,986.9603990315459,986.9603990315459,0
2025-10-28T13:00:00,986.9603990315459,986.9603990315459,0
2025-10-28T13:15:00,986.9603990315459,986.9603990315459,0
2025-10-28T13:30:00,986.9603990315459,986.9603990315459,0
2025-10-28T13:45:00,986.9603990315459,986.9603990315459,0
2025-10-28T14:00:00,986.9603990315459,986.9603990315459,0
2025-10-28T14:15:00,986.9603990315459,986.9603990315459,0
2025-10-28T14:30:00,986.9603990315459,986.9603990315459,0
2025-10-28T14:45:00,986.9603990315459,986.9603990315459,0
2025-10-28T15:00:00,986.9603990315459,986.9603990315459,0
2025-10-28T15:15:00,986.9603990315459,986.9603990315459,0
2025-10-28T15:30:00,986.9603990315459,986.9603990315459,0
2025-10-28T15:45:00,986.9603990315459,986.9603990315459,0
2025-10-28T16:00:00,986.9603990315459,986.9603990315459,0
2025-10-28T16:15:00,986.9603990315459,986.9603990315459,0
2025-10-28T16:30:00,986.9603990315459,986.9603990315459,0
2025-10-28T16:45:00,986.9603990315459,986.9603990315459,0
2025-10-28T17:00:00,986.9603990315459,986.9603990315459,0
2025-10-28T17:15:00,986.9603990315459,986.9603990315459,0
2025-10-28T17:30:00,986.9603990315459,986.9603990315459,0
2025-10-28T17:45:00,986.9603990315459,986.9603990315459,0
2025-10-28T18:00:00,986.9603990315459,986.9603990315459,0
2025-10-28T18:15:00,986.9603990315459,986.9603990315459,0
2025-10-28T18:30:00,986.9603990315459,986.9603990315459,0
2025-10-28T18:45:00,986.9603990315459,986.9603990315459,0
2025-10-28T19:00:00,986.9603990315459,986.9603990315459,0
2025-10-28T19:15:00,986.9603990315459,986.9603990315459,0
2025-10-28T19:30:00,986.9603990315459,986.9603990315459,0
2025-10-28T19:45:00,986.9603990315459,986.9603990315459,0
2025-10-28T20:00:00,985.9090277287162,848.5648640377464,1
2025-10-28T20:15:00,990.483114427864,848.5648640377464,1
2025-10-28T20:30:00,989.059850075453,848.5648640377464,1
2025-10-28T20:45:00,989.0418690875217,848.5648640377464,1
2025-10-28T21:00:00,991.3959953536087,848.5648640377464,1
2025-10-28T21:15:00,991.6919900780168,848.5648640377464,1
2025-10-28T21:30:00,988.3350779465285,848.5648640377464,1
2025-10-28T21:45:00,988.5909612363206,848.5648640377464,1
2025-10-28T22:00:00,989.1995485201503,848.5648640377464,1
2025-10-28T22:15:00,987.022465827541,848.5648640377464,1
2025-10-28T22:30:00,986.9657565579115,848.5648640377464,1
2025-10-28T22:45:00,986.3922367868063,986.3922367868063,0
2025-10-28T23:00:00,986.3922367868063,986.3922367868063,0
2025-10-28T23:15:00,986.3922367868063,986.3922367868063,0
2025-10-28T23:30:00,986.3922367868063,986.3922367868063,0
2025-10-28T23:45:00,986.3922367868063,986.3922367868063,0
2025-10-29T00:00:00,986.3922367868063,986.3922367868063,0
2025-10-29T00:15:00,986.3922367868063,986.3922367868063,0
2025-10-29T00:30:00,986.3922367868063,986.3922367868063,0
2025-10-29T00:45:00,986.3922367868063,986.3922367868063,0
2025-10-29T01:00:00,986.3922367868063,986.3922367868063,0
2025-10-29T01:15:00,986.3922367868063,986.3922367868063,0
2025-10-29T01:30:00,986.3922367868063,986.3922367868063,0
2025-10-29T01:45:00,986.3922367868063,986.3922367868063,0
2025-10-29T02:00:00,986.3922367868063,986.3922367868063,0
2025-10-29T02:15:00,986.3922367868063,986.3922367868063,0
2025-10-29T02:30:00,986.3922367868063,986.3922367868063,0
2025-10-29T02:45:00,986.3922367868063,986.3922367868063,0
2025-10-29T03:00:00,986.3922367868063,986.3922367868063,0
2025-10-29T03:15:00,986.3922367868063,986.3922367868063,0
2025-10-29T03:30:00,986.3922367868063,986.3922367868063,0
2025-10-29T03:45:00,986.3922367868063,986.3922367868063,0
2025-10-29T04:00:00,986.3922367868063,986.3922367868063,0
2025-10-29T04:15:00,986.3922367868063,986.3922367868063,0
2025-10-29T04:30:00,986.3922367868063,986.3922367868063,0
2025-10-29T04:45:00,986.3922367868063,986.3922367868063,0
2025-10-29T05:00:00,986.3922367868063,986.3922367868063,0
2025-10-29T05:15:00,986.3922367868063,986.3922367868063,0
2025-10-29T05:30:00,986.3922367868063,986.3922367868063,0
2025-10-29T05:45:00,986.3922367868063,986.3922367868063,0
2025-10-29T06:00:00,986.3922367868063,986.3922367868063,0
2025-10-29T06:15:00,986.3922367868063,986.3922367868063,0
2025-10-29T06:30:00,986.3922367868063,986.3922367868063,0
2025-10-29T06:45:00,986.3922367868063,986.3922367868063,0
2025-10-29T07:00:00,986.3922367868063,986.3922367868063,0
2025-10-29T07:15:00,986.3922367868063,986.3922367868063,0
2025-10-29T07:30:00,986.3922367868063,986.3922367868063,0
2025-10-29T07:45:00,986.3922367868063,986.3922367868063,0
2025-10-29T08:00:00,986.3922367868063,986.3922367868063,0
2025-10-29T08:15:00,986.3922367868063,986.3922367868063,0
2025-10-29T08:30:00,986.3922367868063,986.3922367868063,0
2025-10-29T08:45:00,986.3922367868063,986.3922367868063,0
2025-10-29T09:00:00,985.3414707255648,848.0763717756131,1
2025-10-29T09:15:00,985.0700357211015,848.0763717756131,1
2025-10-29T09:30:00,984.492543900381,848.0763717756131,1
2025-10-29T09:45:00,984.9661702857201,848.0763717756131,1
2025-10-29T10:00:00,985.4162538390394,848.0763717756131,1
2025-10-29T10:15:00,984.9066207694347,848.0763717756131,1
2025-10-29T10:30:00,984.6919655363132,848.0763717756131,1
2025-10-29T10:45:00,986.115614437274,848.0763717756131,1
2025-10-29T11:00:00,984.2931222644486,848.0763717756131,1
2025-10-29T11:15:00,982.8751270771023,982.8751270771023,0
2025-10-29T11:30:00,982.8751270771023,982.8751270771023,0
2025-10-29T11:45:00,982.8751270771023,982.8751270771023,0
2025-10-29T12:00:00,982.8751270771023,982.8751270771023,0
2025-10-29T12:15:00,982.8751270771023,982.8751270771023,0
2025-10-29T12:30:00,982.8751270771023,982.8751270771023,0
2025-10-29T12:45:00,982.8751270771023,982.8751270771023,0
2025-10-29T13:00:00,982.8751270771023,982.8751270771023,0
2025-10-29T13:15:00,982.8751270771023,982.8751270771023,0
2025-10-29T13:30:00,982.8751270771023,982.8751270771023,0
2025-10-29T13:45:00,982.8751270771023,982.8751270771023,0
2025-10-29T14:00:00,982.8751270771023,982.8751270771023,0
2025-10-29T14:15:00,982.8751270771023,982.8751270771023,0
2025-10-29T14:30:00,982.8751270771023,982.8751270771023,0
2025-10-29T14:45:00,982.8751270771023,982.8751270771023,0
2025-10-29T15:00:00,982.8751270771023,982.8751270771023,0
2025-10-29T15:15:00,982.8751270771023,982.8751270771023,0
2025-10-29T15:30:00,982.8751270771023,982.8751270771023,0
2025-10-29T15:45:00,982.8751270771023,982.8751270771023,0
2025-10-29T16:00:00,982.8751270771023,982.8751270771023,0
2025-10-29T16:15:00,982.8751270771023,982.8751270771023,0
2025-10-29T16:30:00,982.8751270771023,982.8751270771023,0
2025-10-29T16:45:00,982.8751270771023,982.8751270771023,0
2025-10-29T17:00:00,982.8751270771023,982.8751270771023,0
2025-10-29T17:15:00,982.8751270771023,982.8751270771023,0
2025-10-29T17:30:00,982.8751270771023,982.8751270771023,0
2025-10-29T17:45:00,982.8751270771023,982.8751270771023,0
2025-10-29T18:00:00,982.8751270771023,982.8751270771023,0
2025-10-29T18:15:00,982.8751270771023,982.8751270771023,0
2025-10-29T18:30:00,981.8281076588075,845.0524452578427,1
2025-10-29T18:45:00,976.5552804517451,845.0524452578427,1
2025-10-29T19:00:00,974.074534958821,845.0524452578427,1
2025-10-29T19:15:00,975.8463740535466,845.0524452578427,1
2025-10-29T19:30:00,978.67029754285,845.0524452578427,1
2025-10-29T19:45:00,977.3909010435433,845.0524452578427,1
2025-10-29T20:00:00,977.6534199059864,845.0524452578427,1
2025-10-29T20:15:00,973.4818021317421,973.4818021317421,0
2025-10-29T20:30:00,973.4818021317421,973.4818021317421,0
2025-10-29T20:45:00,973.4818021317421,973.4818021317421,0
2025-10-29T21:00:00,973.4818021317421,973.4818021317421,0
2025-10-29T21:15:00,973.4818021317421,973.4818021317421,0
2025-10-29T21:30:00,973.4818021317421,973.4818021317421,0
2025-10-29T21:45:00,973.4818021317421,973.4818021317421,0
2025-10-29T22:00:00,973.4818021317421,973.4818021317421,0
2025-10-29T22:15:00,973.4818021317421,973.4818021317421,0
2025-10-29T22:30:00,973.4818021317421,973.4818021317421,0
2025-10-29T22:45:00,973.4818021317421,973.4818021317421,0
2025-10-29T23:00:00,973.4818021317421,973.4818021317421,0
2025-10-29T23:15:00,973.4818021317421,973.4818021317421,0
2025-10-29T23:30:00,973.4818021317421,973.4818021317421,0
2025-10-29T23:45:00,973.4818021317421,973.4818021317421,0
2025-10-30T00:00:00,973.4818021317421,973.4818021317421,0
2025-10-30T00:15:00,973.4818021317421,973.4818021317421,0
2025-10-30T00:30:00,973.4818021317421,973.4818021317421,0
2025-10-30T00:45:00,973.4818021317421,973.4818021317421,0
2025-10-30T01:00:00,973.4818021317421,973.4818021317421,0
2025-10-30T01:15:00,973.4818021317421,973.4818021317421,0
2025-10-30T01:30:00,973.4818021317421,973.4818021317421,0
2025-10-30T01:45:00,973.4818021317421,973.4818021317421,0
2025-10-30T02:00:00,973.4818021317421,973.4818021317421,0
2025-10-30T02:15:00,973.4818021317421,973.4818021317421,0
2025-10-30T02:30:00,973.4818021317421,973.4818021317421,0
2025-10-30T02:45:00,973.4818021317421,973.4818021317421,0
2025-10-30T03:00:00,973.4818021317421,973.4818021317421,0
2025-10-30T03:15:00,973.4818021317421,973.4818021317421,0
2025-10-30T03:30:00,973.4818021317421,973.4818021317421,0
2025-10-30T03:45:00,973.4818021317421,973.4818021317421,0
2025-10-30T04:00:00,973.4818021317421,973.4818021317421,0
2025-10-30T04:15:00,973.4818021317421,973.4818021317421,0
2025-10-30T04:30:00,973.4818021317421,973.4818021317421,0
2025-10-30T04:45:00,973.4818021317421,973.4818021317421,0
2025-10-30T05:00:00,973.4818021317421,973.4818021317421,0
2025-10-30T05:15:00,973.4818021317421,973.4818021317421,0
2025-10-30T05:30:00,973.4818021317421,973.4818021317421,0
2025-10-30T05:45:00,973.4818021317421,973.4818021317421,0
2025-10-30T06:00:00,973.4818021317421,973.4818021317421,0
2025-10-30T06:15:00,973.4818021317421,973.4818021317421,0
2025-10-30T06:30:00,973.4818021317421,973.4818021317421,0
2025-10-30T06:45:00,973.4818021317421,973.4818021317421,0
2025-10-30T07:00:00,973.4818021317421,973.4818021317421,0
2025-10-30T07:15:00,973.4818021317421,973.4818021317421,0
2025-10-30T07:30:00,973.4818021317421,973.4818021317421,0
2025-10-30T07:45:00,973.4818021317421,973.4818021317421,0
2025-10-30T08:00:00,973.4818021317421,973.4818021317421,0
2025-10-30T08:15:00,973.4818021317421,973.4818021317421,0
2025-10-30T08:30:00,973.4818021317421,973.4818021317421,0
2025-10-30T08:45:00,973.4818021317421,973.4818021317421,0
2025-10-30T09:00:00,973.4818021317421,973.4818021317421,0
2025-10-30T09:15:00,973.4818021317421,973.4818021317421,0
2025-10-30T09:30:00,973.4818021317421,973.4818021317421,0
2025-10-30T09:45:00,973.4818021317421,973.4818021317421,0
2025-10-30T10:00:00,973.4818021317421,973.4818021317421,0
2025-10-30T10:15:00,973.4818021317421,973.4818021317421,0
2025-10-30T10:30:00,973.4818021317421,973.4818021317421,0
2025-10-30T10:45:00,973.4818021317421,973.4818021317421,0
2025-10-30T11:00:00,973.4818021317421,973.4818021317421,0
2025-10-30T11:15:00,973.4818021317421,973.4818021317421,0
2025-10-30T11:30:00,973.4818021317421,973.4818021317421,0
2025-10-30T11:45:00,973.4818021317421,973.4818021317421,0
2025-10-30T12:00:00,973.4818021317421,973.4818021317421,0
2025-10-30T12:15:00,973.4818021317421,973.4818021317421,0
2025-10-30T12:30:00,973.4818021317421,973.4818021317421,0
2025-10-30T12:45:00,973.4818021317421,973.4818021317421,0
2025-10-30T13:00:00,973.4818021317421,973.4818021317421,0
2025-10-30T13:15:00,973.4818021317421,973.4818021317421,0
2025-10-30T13:30:00,973.4818021317421,973.4818021317421,0
2025-10-30T13:45:00,973.4818021317421,973.4818021317421,0
2025-10-30T14:00:00,973.4818021317421,973.4818021317421,0
2025-10-30T14:15:00,973.4818021317421,973.4818021317421,0
2025-10-30T14:30:00,973.4818021317421,973.4818021317421,0
2025-10-30T14:45:00,973.4818021317421,973.4818021317421,0
2025-10-30T15:00:00,973.4818021317421,973.4818021317421,0
2025-10-30T15:15:00,973.4818021317421,973.4818021317421,0
2025-10-30T15:30:00,973.4818021317421,973.4818021317421,0
2025-10-30T15:45:00,973.4818021317421,973.4818021317421,0
2025-10-30T16:00:00,973.4818021317421,973.4818021317421,0
2025-10-30T16:15:00,973.4818021317421,973.4818021317421,0
2025-10-30T16:30:00,973.4818021317421,973.4818021317421,0
2025-10-30T16:45:00,973.4818021317421,973.4818021317421,0
2025-10-30T17:00:00,973.4818021317421,973.4818021317421,0
2025-10-30T17:15:00,973.4818021317421,973.4818021317421,0
2025-10-30T17:30:00,973.4818021317421,973.4818021317421,0
2025-10-30T17:45:00,973.4818021317421,973.4818021317421,0
2025-10-30T18:00:00,973.4818021317421,973.4818021317421,0
2025-10-30T18:15:00,973.4818021317421,973.4818021317421,0
2025-10-30T18:30:00,972.4447890645588,836.9762899096207,1
2025-10-30T18:45:00,973.14518859757,836.9762899096207,1
2025-10-30T19:00:00,972.0784713171679,836.9762899096207,1
2025-10-30T19:15:00,972.0652838782618,836.9762899096207,1
2025-10-30T19:30:00,975.9834185043545,836.9762899096207,1
2025-10-30T19:45:00,978.1783944467206,836.9762899096207,1
2025-10-30T20:00:00,975.0295270901487,836.9762899096207,1
2025-10-30T20:15:00,973.8924768022474,836.9762899096207,1
2025-10-30T20:30:00,970.4999746821462,970.4999746821462,0
2025-10-30T20:45:00,970.4999746821462,970.4999746821462,0
2025-10-30T21:00:00,970.4999746821462,970.4999746821462,0
2025-10-30T21:15:00,970.4999746821462,970.4999746821462,0
2025-10-30T21:30:00,970.4999746821462,970.4999746821462,0
2025-10-30T21:45:00,970.4999746821462,970.4999746821462,0
2025-10-30T22:00:00,970.4999746821462,970.4999746821462,0
2025-10-30T22:15:00,970.4999746821462,970.4999746821462,0
2025-10-30T22:30:00,970.4999746821462,970.4999746821462,0
2025-10-30T22:45:00,970.4999746821462,970.4999746821462,0
2025-10-30T23:00:00,970.4999746821462,970.4999746821462,0
2025-10-30T23:15:00,970.4999746821462,970.4999746821462,0
2025-10-30T23:30:00,970.4999746821462,970.4999746821462,0
2025-10-30T23:45:00,970.4999746821462,970.4999746821462,0
2025-10-31T00:00:00,970.4999746821462,970.4999746821462,0
2025-10-31T00:15:00,970.4999746821462,970.4999746821462,0
2025-10-31T00:30:00,970.4999746821462,970.4999746821462,0
2025-10-31T00:45:00,970.4999746821462,970.4999746821462,0
2025-10-31T01:00:00,970.4999746821462,970.4999746821462,0
2025-10-31T01:15:00,970.4999746821462,970.4999746821462,0
2025-10-31T01:30:00,970.4999746821462,970.4999746821462,0
2025-10-31T01:45:00,970.4999746821462,970.4999746821462,0
2025-10-31T02:00:00,970.4999746821462,970.4999746821462,0
2025-10-31T02:15:00,970.4999746821462,970.4999746821462,0
2025-10-31T02:30:00,970.4999746821462,970.4999746821462,0
2025-10-31T02:45:00,970.4999746821462,970.4999746821462,0
2025-10-31T03:00:00,970.4999746821462,970.4999746821462,0
2025-10-31T03:15:00,970.4999746821462,970.4999746821462,0
2025-10-31T03:30:00,970.4999746821462,970.4999746821462,0
2025-10-31T03:45:00,970.4999746821462,970.4999746821462,0
2025-10-31T04:00:00,970.4999746821462,970.4999746821462,0
2025-10-31T04:15:00,970.4999746821462,970.4999746821462,0
2025-10-31T04:30:00,970.4999746821462,970.4999746821462,0
2025-10-31T04:45:00,970.4999746821462,970.4999746821462,0
2025-10-31T05:00:00,970.4999746821462,970.4999746821462,0
2025-10-31T05:15:00,970.4999746821462,970.4999746821462,0
2025-10-31T05:30:00,970.4999746821462,970.4999746821462,0
2025-10-31T05:45:00,970.4999746821462,970.4999746821462,0
2025-10-31T06:00:00,970.4999746821462,970.4999746821462,0
2025-10-31T06:15:00,970.4999746821462,970.4999746821462,0
2025-10-31T06:30:00,970.4999746821462,970.4999746821462,0
2025-10-31T06:45:00,970.4999746821462,970.4999746821462,0
2025-10-31T07:00:00,970.4999746821462,970.4999746821462,0
2025-10-31T07:15:00,970.4999746821462,970.4999746821462,0
2025-10-31T07:30:00,970.4999746821462,970.4999746821462,0
2025-10-31T07:45:00,970.4999746821462,970.4999746821462,0
2025-10-31T08:00:00,970.4999746821462,970.4999746821462,0
2025-10-31T08:15:00,970.4999746821462,970.4999746821462,0
2025-10-31T08:30:00,970.4999746821462,970.4999746821462,0
2025-10-31T08:45:00,970.4999746821462,970.4999746821462,0
2025-10-31T09:00:00,970.4999746821462,970.4999746821462,0
2025-10-31T09:15:00,970.4999746821462,970.4999746821462,0
2025-10-31T09:30:00,970.4999746821462,970.4999746821462,0
2025-10-31T09:45:00,970.4999746821462,970.4999746821462,0
2025-10-31T10:00:00,970.4999746821462,970.4999746821462,0
2025-10-31T10:15:00,970.4999746821462,970.4999746821462,0
2025-10-31T10:30:00,970.4999746821462,970.4999746821462,0
2025-10-31T10:45:00,970.4999746821462,970.4999746821462,0
2025-10-31T11:00:00,970.4999746821462,970.4999746821462,0
2025-10-31T11:15:00,970.4999746821462,970.4999746821462,0
2025-10-31T11:30:00,970.4999746821462,970.4999746821462,0
2025-10-31T11:45:00,970.4999746821462,970.4999746821462,0
2025-10-31T12:00:00,970.4999746821462,970.4999746821462,0
2025-10-31T12:15:00,970.4999746821462,970.4999746821462,0
2025-10-31T12:30:00,970.4999746821462,970.4999746821462,0
2025-10-31T12:45:00,970.4999746821462,970.4999746821462,0
2025-10-31T13:00:00,970.4999746821462,970.4999746821462,0
2025-10-31T13:15:00,970.4999746821462,970.4999746821462,0
2025-10-31T13:30:00,970.4999746821462,970.4999746821462,0
2025-10-31T13:45:00,970.4999746821462,970.4999746821462,0
2025-10-31T14:00:00,970.4999746821462,970.4999746821462,0
2025-10-31T14:15:00,970.4999746821462,970.4999746821462,0
2025-10-31T14:30:00,970.4999746821462,970.4999746821462,0
2025-10-31T14:45:00,970.4999746821462,970.4999746821462,0
2025-10-31T15:00:00,970.4999746821462,970.4999746821462,0
2025-10-31T15:15:00,970.4999746821462,970.4999746821462,0
2025-10-31T15:30:00,970.4999746821462,970.4999746821462,0
2025-10-31T15:45:00,970.4999746821462,970.4999746821462,0
2025-10-31T16:00:00,970.4999746821462,970.4999746821462,0
2025-10-31T16:15:00,970.4999746821462,970.4999746821462,0
2025-10-31T16:30:00,970.4999746821462,970.4999746821462,0
2025-10-31T16:45:00,970.4999746821462,970.4999746821462,0
2025-10-31T17:00:00,970.4999746821462,970.4999746821462,0
2025-10-31T17:15:00,970.4999746821462,970.4999746821462,0
2025-10-31T17:30:00,970.4999746821462,970.4999746821462,0
2025-10-31T17:45:00,970.4999746821462,970.4999746821462,0
2025-10-31T18:00:00,970.4999746821462,970.4999746821462,0
2025-10-31T18:15:00,970.4999746821462,970.4999746821462,0
2025-10-31T18:30:00,970.4999746821462,970.4999746821462,0
2025-10-31T18:45:00,970.4999746821462,970.4999746821462,0
2025-10-31T19:00:00,970.4999746821462,970.4999746821462,0
2025-10-31T19:15:00,970.4999746821462,970.4999746821462,0
2025-10-31T19:30:00,970.4999746821462,970.4999746821462,0
2025-10-31T19:45:00,970.4999746821462,970.4999746821462,0
2025-10-31T20:00:00,970.4999746821462,970.4999746821462,0
2025-10-31T20:15:00,970.4999746821462,970.4999746821462,0
2025-10-31T20:30:00,970.4999746821462,970.4999746821462,0
2025-10-31T20:45:00,970.4999746821462,970.4999746821462,0
2025-10-31T21:00:00,970.4999746821462,970.4999746821462,0
2025-10-31T21:15:00,970.4999746821462,970.4999746821462,0
2025-10-31T21:30:00,970.4999746821462,970.4999746821462,0
2025-10-31T21:45:00,970.4999746821462,970.4999746821462,0
2025-10-31T22:00:00,970.4999746821462,970.4999746821462,0
2025-10-31T22:15:00,970.4999746821462,970.4999746821462,0
2025-10-31T22:30:00,970.4999746821462,970.4999746821462,0
2025-10-31T22:45:00,970.4999746821462,970.4999746821462,0
2025-10-31T23:00:00,970.4999746821462,970.4999746821462,0
2025-10-31T23:15:00,970.4999746821462,970.4999746821462,0
2025-10-31T23:30:00,970.4999746821462,970.4999746821462,0
2025-10-31T23:45:00,970.4999746821462,970.4999746821462,0
2025-11-01T00:00:00,970.4999746821462,970.4999746821462,0
2025-11-01T00:15:00,970.4999746821462,970.4999746821462,0
2025-11-01T00:30:00,970.4999746821462,970.4999746821462,0
2025-11-01T00:45:00,970.4999746821462,970.4999746821462,0
2025-11-01T01:00:00,970.4999746821462,970.4999746821462,0
2025-11-01T01:15:00,970.4999746821462,970.4999746821462,0
2025-11-01T01:30:00,970.4999746821462,970.4999746821462,0
2025-11-01T01:45:00,970.4999746821462,970.4999746821462,0
2025-11-01T02:00:00,970.4999746821462,970.4999746821462,0
2025-11-01T02:15:00,970.4999746821462,970.4999746821462,0
2025-11-01T02:30:00,970.4999746821462,970.4999746821462,0
2025-11-01T02:45:00,970.4999746821462,970.4999746821462,0
2025-11-01T03:00:00,970.4999746821462,970.4999746821462,0
2025-11-01T03:15:00,970.4999746821462,970.4999746821462,0
2025-11-01T03:30:00,970.4999746821462,970.4999746821462,0
2025-11-01T03:45:00,970.4999746821462,970.4999746821462,0
2025-11-01T04:00:00,970.4999746821462,970.4999746821462,0
2025-11-01T04:15:00,970.4999746821462,970.4999746821462,0
2025-11-01T04:30:00,970.4999746821462,970.4999746821462,0
2025-11-01T04:45:00,970.4999746821462,970.4999746821462,0
2025-11-01T05:00:00,970.4999746821462,970.4999746821462,0
2025-11-01T05:15:00,970.4999746821462,970.4999746821462,0
2025-11-01T05:30:00,970.4999746821462,970.4999746821462,0
2025-11-01T05:45:00,970.4999746821462,970.4999746821462,0
2025-11-01T06:00:00,970.4999746821462,970.4999746821462,0
2025-11-01T06:15:00,970.4999746821462,970.4999746821462,0
2025-11-01T06:30:00,970.4999746821462,970.4999746821462,0
2025-11-01T06:45:00,970.4999746821462,970.4999746821462,0
2025-11-01T07:00:00,970.4999746821462,970.4999746821462,0
2025-11-01T07:15:00,970.4999746821462,970.4999746821462,0
2025-11-01T07:30:00,970.4999746821462,970.4999746821462,0
2025-11-01T07:45:00,970.4999746821462,970.4999746821462,0
2025-11-01T08:00:00,970.4999746821462,970.4999746821462,0
2025-11-01T08:15:00,970.4999746821462,970.4999746821462,0
2025-11-01T08:30:00,970.4999746821462,970.4999746821462,0
2025-11-01T08:45:00,970.4999746821462,970.4999746821462,0
2025-11-01T09:00:00,969.4685837075548,834.4125862323169,1
2025-11-01T09:15:00,968.7751987594281,834.4125862323169,1
2025-11-01T09:30:00,968.0943953930215,834.4125862323169,1
2025-11-01T09:45:00,968.5571180096141,834.4125862323169,1
2025-11-01T10:00:00,968.2677416300531,834.4125862323169,1
2025-11-01T10:15:00,968.3432311203734,834.4125862323169,1
2025-11-01T10:30:00,969.1372687222604,834.4125862323169,1
2025-11-01T10:45:00,968.7612192241836,834.4125862323169,1
2025-11-01T11:00:00,969.0156467656333,834.4125862323169,1
2025-11-01T11:15:00,967.7093954812881,967.7093954812881,0
2025-11-01T11:30:00,967.7093954812881,967.7093954812881,0
2025-11-01T11:45:00,967.7093954812881,967.7093954812881,0
2025-11-01T12:00:00,967.7093954812881,967.7093954812881,0
2025-11-01T12:15:00,967.7093954812881,967.7093954812881,0
2025-11-01T12:30:00,967.7093954812881,967.7093954812881,0
2025-11-01T12:45:00,967.7093954812881,967.7093954812881,0
2025-11-01T13:00:00,967.7093954812881,967.7093954812881,0
2025-11-01T13:15:00,967.7093954812881,967.7093954812881,0
2025-11-01T13:30:00,967.7093954812881,967.7093954812881,0
2025-11-01T13:45:00,967.7093954812881,967.7093954812881,0
2025-11-01T14:00:00,967.7093954812881,967.7093954812881,0
2025-11-01T14:15:00,967.7093954812881,967.7093954812881,0
2025-11-01T14:30:00,967.7093954812881,967.7093954812881,0
2025-11-01T14:45:00,967.7093954812881,967.7093954812881,0
2025-11-01T15:00:00,967.7093954812881,967.7093954812881,0
2025-11-01T15:15:00,967.7093954812881,967.7093954812881,0
2025-11-01T15:30:00,967.7093954812881,967.7093954812881,0
2025-11-01T15:45:00,967.7093954812881,967.7093954812881,0
2025-11-01T16:00:00,967.7093954812881,967.7093954812881,0
2025-11-01T16:15:00,967.7093954812881,967.7093954812881,0
2025-11-01T16:30:00,967.7093954812881,967.7093954812881,0
2025-11-01T16:45:00,967.7093954812881,967.7093954812881,0
2025-11-01T17:00:00,967.7093954812881,967.7093954812881,0
2025-11-01T17:15:00,967.7093954812881,967.7093954812881,0
2025-11-01T17:30:00,967.7093954812881,967.7093954812881,0
2025-11-01T17:45:00,967.7093954812881,967.7093954812881,0
2025-11-01T18:00:00,967.7093954812881,967.7093954812881,0
2025-11-01T18:15:00,967.7093954812881,967.7093954812881,0
2025-11-01T18:30:00,967.7093954812881,967.7093954812881,0
2025-11-01T18:45:00,967.7093954812881,967.7093954812881,0
2025-11-01T19:00:00,967.7093954812881,967.7093954812881,0
2025-11-01T19:15:00,967.7093954812881,967.7093954812881,0
2025-11-01T19:30:00,967.7093954812881,967.7093954812881,0
2025-11-01T19:45:00,967.7093954812881,967.7093954812881,0
2025-11-01T20:00:00,967.7093954812881,967.7093954812881,0
2025-11-01T20:15:00,967.7093954812881,967.7093954812881,0
2025-11-01T20:30:00,967.7093954812881,967.7093954812881,0
2025-11-01T20:45:00,967.7093954812881,967.7093954812881,0
2025-11-01T21:00:00,967.7093954812881,967.7093954812881,0
2025-11-01T21:15:00,967.7093954812881,967.7093954812881,0
2025-11-01T21:30:00,967.7093954812881,967.7093954812881,0
2025-11-01T21:45:00,967.7093954812881,967.7093954812881,0
2025-11-01T22:00:00,967.7093954812881,967.7093954812881,0
2025-11-01T22:15:00,967.7093954812881,967.7093954812881,0
2025-11-01T22:30:00,967.7093954812881,967.7093954812881,0
2025-11-01T22:45:00,967.7093954812881,967.7093954812881,0
2025-11-01T23:00:00,967.7093954812881,967.7093954812881,0
2025-11-01T23:15:00,967.7093954812881,967.7093954812881,0
2025-11-01T23:30:00,967.7093954812881,967.7093954812881,0
2025-11-01T23:45:00,967.7093954812881,967.7093954812881,0
2025-11-02T00:00:00,967.7093954812881,967.7093954812881,0
2025-11-02T00:15:00,967.7093954812881,967.7093954812881,0
2025-11-02T00:30:00,967.7093954812881,967.7093954812881,0
2025-11-02T00:45:00,967.7093954812881,967.7093954812881,0
2025-11-02T01:00:00,967.7093954812881,967.7093954812881,0
2025-11-02T01:15:00,967.7093954812881,967.7093954812881,0
2025-11-02T01:30:00,967.7093954812881,967.7093954812881,0
2025-11-02T01:45:00,967.7093954812881,967.7093954812881,0
2025-11-02T02:00:00,967.7093954812881,967.7093954812881,0
2025-11-02T02:15:00,967.7093954812881,967.7093954812881,0
2025-11-02T02:30:00,967.7093954812881,967.7093954812881,0
2025-11-02T02:45:00,967.7093954812881,967.7093954812881,0
2025-11-02T03:00:00,967.7093954812881,967.7093954812881,0
2025-11-02T03:15:00,967.7093954812881,967.7093954812881,0
2025-11-02T03:30:00,967.7093954812881,967.7093954812881,0
2025-11-02T03:45:00,967.7093954812881,967.7093954812881,0
2025-11-02T04:00:00,967.7093954812881,967.7093954812881,0
2025-11-02T04:15:00,967.7093954812881,967.7093954812881,0
2025-11-02T04:30:00,967.7093954812881,967.7093954812881,0
2025-11-02T04:45:00,967.7093954812881,967.7093954812881,0
2025-11-02T05:00:00,967.7093954812881,967.7093954812881,0
2025-11-02T05:15:00,967.7093954812881,967.7093954812881,0
2025-11-02T05:30:00,967.7093954812881,967.7093954812881,0
2025-11-02T05:45:00,967.7093954812881,967.7093954812881,0
2025-11-02T06:00:00,967.7093954812881,967.7093954812881,0
2025-11-02T06:15:00,967.7093954812881,967.7093954812881,0
2025-11-02T06:30:00,967.7093954812881,967.7093954812881,0
2025-11-02T06:45:00,967.7093954812881,967.7093954812881,0
2025-11-02T07:00:00,967.7093954812881,967.7093954812881,0
2025-11-02T07:15:00,967.7093954812881,967.7093954812881,0
2025-11-02T07:30:00,967.7093954812881,967.7093954812881,0
2025-11-02T07:45:00,967.7093954812881,967.7093954812881,0
2025-11-02T08:00:00,967.7093954812881,967.7093954812881,0
2025-11-02T08:15:00,967.7093954812881,967.7093954812881,0
2025-11-02T08:30:00,967.7093954812881,967.7093954812881,0
2025-11-02T08:45:00,967.7093954812881,967.7093954812881,0
2025-11-02T09:00:00,967.7093954812881,967.7093954812881,0
2025-11-02T09:15:00,967.7093954812881,967.7093954812881,0
2025-11-02T09:30:00,967.7093954812881,967.7093954812881,0
2025-11-02T09:45:00,967.7093954812881,967.7093954812881,0
2025-11-02T10:00:00,967.7093954812881,967.7093954812881,0
2025-11-02T10:15:00,967.7093954812881,967.7093954812881,0
2025-11-02T10:30:00,967.7093954812881,967.7093954812881,0
2025-11-02T10:45:00,967.7093954812881,967.7093954812881,0
2025-11-02T11:00:00,967.7093954812881,967.7093954812881,0
2025-11-02T11:15:00,967.7093954812881,967.7093954812881,0
2025-11-02T11:30:00,967.7093954812881,967.7093954812881,0
2025-11-02T11:45:00,967.7093954812881,967.7093954812881,0
2025-11-02T12:00:00,967.7093954812881,967.7093954812881,0
2025-11-02T12:15:00,967.7093954812881,967.7093954812881,0
2025-11-02T12:30:00,967.7093954812881,967.7093954812881,0
2025-11-02T12:45:00,967.7093954812881,967.7093954812881,0
2025-11-02T13:00:00,967.7093954812881,967.7093954812881,0
2025-11-02T13:15:00,967.7093954812881,967.7093954812881,0
2025-11-02T13:30:00,967.7093954812881,967.7093954812881,0
2025-11-02T13:45:00,967.7093954812881,967.7093954812881,0
2025-11-02T14:00:00,967.7093954812881,967.7093954812881,0
2025-11-02T14:15:00,967.7093954812881,967.7093954812881,0
2025-11-02T14:30:00,967.7093954812881,967.7093954812881,0
2025-11-02T14:45:00,967.7093954812881,967.7093954812881,0
2025-11-02T15:00:00,967.7093954812881,967.7093954812881,0
2025-11-02T15:15:00,967.7093954812881,967.7093954812881,0
2025-11-02T15:30:00,967.7093954812881,967.7093954812881,0
2025-11-02T15:45:00,967.7093954812881,967.7093954812881,0
2025-11-02T16:00:00,967.7093954812881,967.7093954812881,0
2025-11-02T16:15:00,967.7093954812881,967.7093954812881,0
2025-11-02T16:30:00,967.7093954812881,967.7093954812881,0
2025-11-02T16:45:00,967.7093954812881,967.7093954812881,0
2025-11-02T17:00:00,967.7093954812881,967.7093954812881,0
2025-11-02T17:15:00,967.7093954812881,967.7093954812881,0
2025-11-02T17:30:00,967.7093954812881,967.7093954812881,0
2025-11-02T17:45:00,967.7093954812881,967.7093954812881,0
2025-11-02T18:00:00,967.7093954812881,967.7093954812881,0
2025-11-02T18:15:00,967.7093954812881,967.7093954812881,0
2025-11-02T18:30:00,967.7093954812881,967.7093954812881,0
2025-11-02T18:45:00,967.7093954812881,967.7093954812881,0
2025-11-02T19:00:00,967.7093954812881,967.7093954812881,0
2025-11-02T19:15:00,967.7093954812881,967.7093954812881,0
2025-11-02T19:30:00,967.7093954812881,967.7093954812881,0
2025-11-02T19:45:00,967.7093954812881,967.7093954812881,0
2025-11-02T20:00:00,967.7093954812881,967.7093954812881,0
2025-11-02T20:15:00,967.7093954812881,967.7093954812881,0
2025-11-02T20:30:00,967.7093954812881,967.7093954812881,0
2025-11-02T20:45:00,967.7093954812881,967.7093954812881,0
2025-11-02T21:00:00,967.7093954812881,967.7093954812881,0
2025-11-02T21:15:00,967.7093954812881,967.7093954812881,0
2025-11-02T21:30:00,967.7093954812881,967.7093954812881,0
2025-11-02T21:45:00,967.7093954812881,967.7093954812881,0
2025-11-02T22:00:00,967.7093954812881,967.7093954812881,0
2025-11-02T22:15:00,967.7093954812881,967.7093954812881,0
2025-11-02T22:30:00,967.7093954812881,967.7093954812881,0
2025-11-02T22:45:00,967.7093954812881,967.7093954812881,0
2025-11-02T23:00:00,967.7093954812881,967.7093954812881,0
2025-11-02T23:15:00,967.7093954812881,967.7093954812881,0
2025-11-02T23:30:00,967.7093954812881,967.7093954812881,0
2025-11-02T23:45:00,967.7093954812881,967.7093954812881,0
2025-11-03T00:00:00,967.7093954812881,967.7093954812881,0
2025-11-03T00:15:00,967.7093954812881,967.7093954812881,0
2025-11-03T00:30:00,967.7093954812881,967.7093954812881,0
2025-11-03T00:45:00,967.7093954812881,967.7093954812881,0
2025-11-03T01:00:00,967.7093954812881,967.7093954812881,0
2025-11-03T01:15:00,967.7093954812881,967.7093954812881,0
2025-11-03T01:30:00,967.7093954812881,967.7093954812881,0
2025-11-03T01:45:00,967.7093954812881,967.7093954812881,0
2025-11-03T02:00:00,967.7093954812881,967.7093954812881,0
2025-11-03T02:15:00,967.7093954812881,967.7093954812881,0
2025-11-03T02:30:00,967.7093954812881,967.7093954812881,0
2025-11-03T02:45:00,967.7093954812881,967.7093954812881,0
2025-11-03T03:00:00,967.7093954812881,967.7093954812881,0
2025-11-03T03:15:00,967.7093954812881,967.7093954812881,0
2025-11-03T03:30:00,967.7093954812881,967.7093954812881,0
2025-11-03T03:45:00,967.7093954812881,967.7093954812881,0
2025-11-03T04:00:00,967.7093954812881,967.7093954812881,0
2025-11-03T04:15:00,967.7093954812881,967.7093954812881,0
2025-11-03T04:30:00,967.7093954812881,967.7093954812881,0
2025-11-03T04:45:00,967.7093954812881,967.7093954812881,0
2025-11-03T05:00:00,967.7093954812881,967.7093954812881,0
2025-11-03T05:15:00,967.7093954812881,967.7093954812881,0
2025-11-03T05:30:00,967.7093954812881,967.7093954812881,0
2025-11-03T05:45:00,967.7093954812881,967.7093954812881,0
2025-11-03T06:00:00,967.7093954812881,967.7093954812881,0
2025-11-03T06:15:00,967.7093954812881,967.7093954812881,0
2025-11-03T06:30:00,967.7093954812881,967.7093954812881,0
2025-11-03T06:45:00,967.7093954812881,967.7093954812881,0
2025-11-03T07:00:00,967.7093954812881,967.7093954812881,0
2025-11-03T07:15:00,967.7093954812881,967.7093954812881,0
2025-11-03T07:30:00,967.7093954812881,967.7093954812881,0
2025-11-03T07:45:00,967.7093954812881,967.7093954812881,0
2025-11-03T08:00:00,967.7093954812881,967.7093954812881,0
2025-11-03T08:15:00,967.7093954812881,967.7093954812881,0
2025-11-03T08:30:00,967.7093954812881,967.7093954812881,0
2025-11-03T08:45:00,967.7093954812881,967.7093954812881,0
2025-11-03T09:00:00,967.7093954812881,967.7093954812881,0
2025-11-03T09:15:00,967.7093954812881,967.7093954812881,0
2025-11-03T09:30:00,967.7093954812881,967.7093954812881,0
2025-11-03T09:45:00,967.7093954812881,967.7093954812881,0
2025-11-03T10:00:00,967.7093954812881,967.7093954812881,0
2025-11-03T10:15:00,967.7093954812881,967.7093954812881,0
2025-11-03T10:30:00,967.7093954812881,967.7093954812881,0
2025-11-03T10:45:00,967.7093954812881,967.7093954812881,0
2025-11-03T11:00:00,967.7093954812881,967.7093954812881,0
2025-11-03T11:15:00,967.7093954812881,967.7093954812881,0
2025-11-03T11:30:00,967.7093954812881,967.7093954812881,0
2025-11-03T11:45:00,967.7093954812881,967.7093954812881,0
2025-11-03T12:00:00,967.7093954812881,967.7093954812881,0
2025-11-03T12:15:00,967.7093954812881,967.7093954812881,0
2025-11-03T12:30:00,967.7093954812881,967.7093954812881,0
2025-11-03T12:45:00,967.7093954812881,967.7093954812881,0
2025-11-03T13:00:00,967.7093954812881,967.7093954812881,0
2025-11-03T13:15:00,967.7093954812881,967.7093954812881,0
2025-11-03T13:30:00,967.7093954812881,967.7093954812881,0
2025-11-03T13:45:00,967.7093954812881,967.7093954812881,0
2025-11-03T14:00:00,967.7093954812881,967.7093954812881,0
2025-11-03T14:15:00,967.7093954812881,967.7093954812881,0
2025-11-03T14:30:00,967.7093954812881,967.7093954812881,0
2025-11-03T14:45:00,967.7093954812881,967.7093954812881,0
2025-11-03T15:00:00,967.7093954812881,967.7093954812881,0
2025-11-03T15:15:00,967.7093954812881,967.7093954812881,0
2025-11-03T15:30:00,967.7093954812881,967.7093954812881,0
2025-11-03T15:45:00,967.7093954812881,967.7093954812881,0
2025-11-03T16:00:00,967.7093954812881,967.7093954812881,0
2025-11-03T16:15:00,967.7093954812881,967.7093954812881,0
2025-11-03T16:30:00,967.7093954812881,967.7093954812881,0
2025-11-03T16:45:00,967.7093954812881,967.7093954812881,0
2025-11-03T17:00:00,967.7093954812881,967.7093954812881,0
2025-11-03T17:15:00,967.7093954812881,967.7093954812881,0
2025-11-03T17:30:00,967.7093954812881,967.7093954812881,0
2025-11-03T17:45:00,967.7093954812881,967.7093954812881,0
2025-11-03T18:00:00,967.7093954812881,967.7093954812881,0
2025-11-03T18:15:00,967.7093954812881,967.7093954812881,0
2025-11-03T18:30:00,967.7093954812881,967.7093954812881,0
2025-11-03T18:45:00,967.7093954812881,967.7093954812881,0
2025-11-03T19:00:00,967.7093954812881,967.7093954812881,0
2025-11-03T19:15:00,967.7093954812881,967.7093954812881,0
2025-11-03T19:30:00,967.7093954812881,967.7093954812881,0
2025-11-03T19:45:00,967.7093954812881,967.7093954812881,0
2025-11-03T20:00:00,967.7093954812881,967.7093954812881,0
2025-11-03T20:15:00,967.7093954812881,967.7093954812881,0
2025-11-03T20:30:00,967.7093954812881,967.7093954812881,0
2025-11-03T20:45:00,967.7093954812881,967.7093954812881,0
2025-11-03T21:00:00,967.7093954812881,967.7093954812881,0
2025-11-03T21:15:00,967.7093954812881,967.7093954812881,0
2025-11-03T21:30:00,967.7093954812881,967.7093954812881,0
2025-11-03T21:45:00,967.7093954812881,967.7093954812881,0
2025-11-03T22:00:00,967.7093954812881,967.7093954812881,0
2025-11-03T22:15:00,967.7093954812881,967.7093954812881,0
2025-11-03T22:30:00,967.7093954812881,967.7093954812881,0
2025-11-03T22:45:00,967.7093954812881,967.7093954812881,0
2025-11-03T23:00:00,967.7093954812881,967.7093954812881,0
2025-11-03T23:15:00,967.7093954812881,967.7093954812881,0
2025-11-03T23:30:00,967.7093954812881,967.7093954812881,0
2025-11-03T23:45:00,967.7093954812881,967.7093954812881,0
2025-11-04T00:00:00,967.7093954812881,967.7093954812881,0
2025-11-04T00:15:00,966.6785315389393,832.0133132093199,1
2025-11-04T00:30:00,961.7245803979758,961.7245803979758,0
2025-11-04T00:45:00,961.7245803979758,961.7245803979758,0
2025-11-04T01:00:00,961.7245803979758,961.7245803979758,0
2025-11-04T01:15:00,961.7245803979758,961.7245803979758,0
2025-11-04T01:30:00,961.7245803979758,961.7245803979758,0
2025-11-04T01:45:00,961.7245803979758,961.7245803979758,0
2025-11-04T02:00:00,961.7245803979758,961.7245803979758,0
2025-11-04T02:15:00,961.7245803979758,961.7245803979758,0
2025-11-04T02:30:00,961.7245803979758,961.7245803979758,0
2025-11-04T02:45:00,961.7245803979758,961.7245803979758,0
2025-11-04T03:00:00,961.7245803979758,961.7245803979758,0
2025-11-04T03:15:00,961.7245803979758,961.7245803979758,0
2025-11-04T03:30:00,961.7245803979758,961.7245803979758,0
2025-11-04T03:45:00,961.7245803979758,961.7245803979758,0
2025-11-04T04:00:00,961.7245803979758,961.7245803979758,0
2025-11-04T04:15:00,961.7245803979758,961.7245803979758,0
2025-11-04T04:30:00,961.7245803979758,961.7245803979758,0
2025-11-04T04:45:00,961.7245803979758,961.7245803979758,0
2025-11-04T05:00:00,961.7245803979758,961.7245803979758,0
2025-11-04T05:15:00,961.7245803979758,961.7245803979758,0
2025-11-04T05:30:00,961.7245803979758,961.7245803979758,0
2025-11-04T05:45:00,961.7245803979758,961.7245803979758,0
2025-11-04T06:00:00,960.7000918510712,826.8677128362501,1
2025-11-04T06:15:00,958.4439411253659,826.8677128362501,1
2025-11-04T06:30:00,963.1279062189499,826.8677128362501,1
2025-11-04T06:45:00,961.7239428597472,826.8677128362501,1
2025-11-04T07:00:00,964.5947107328765,826.8677128362501,1
2025-11-04T07:15:00,966.0829732020749,826.8677128362501,1
2025-11-04T07:30:00,966.5765061733229,826.8677128362501,1
2025-11-04T07:45:00,964.4598321568833,826.8677128362501,1
2025-11-04T08:00:00,968.2057780628778,826.8677128362501,1
2025-11-04T08:15:00,964.9978137497654,826.8677128362501,1
2025-11-04T08:30:00,962.6175134257026,826.8677128362501,1
2025-11-04T08:45:00,964.2651778483475,826.8677128362501,1
2025-11-04T09:00:00,965.7212533846384,826.8677128362501,1
2025-11-04T09:15:00,964.5882898158887,964.5882898158887,0
2025-11-04T09:30:00,964.5882898158887,964.5882898158887,0
2025-11-04T09:45:00,964.5882898158887,964.5882898158887,0
2025-11-04T10:00:00,964.5882898158887,964.5882898158887,0
2025-11-04T10:15:00,964.5882898158887,964.5882898158887,0
2025-11-04T10:30:00,964.5882898158887,964.5882898158887,0
2025-11-04T10:45:00,964.5882898158887,964.5882898158887,0
2025-11-04T11:00:00,964.5882898158887,964.5882898158887,0
2025-11-04T11:15:00,964.5882898158887,964.5882898158887,0
2025-11-04T11:30:00,964.5882898158887,964.5882898158887,0
2025-11-04T11:45:00,964.5882898158887,964.5882898158887,0
2025-11-04T12:00:00,964.5882898158887,964.5882898158887,0
2025-11-04T12:15:00,964.5882898158887,964.5882898158887,0
2025-11-04T12:30:00,964.5882898158887,964.5882898158887,0
2025-11-04T12:45:00,964.5882898158887,964.5882898158887,0
2025-11-04T13:00:00,964.5882898158887,964.5882898158887,0
2025-11-04T13:15:00,964.5882898158887,964.5882898158887,0
2025-11-04T13:30:00,964.5882898158887,964.5882898158887,0
2025-11-04T13:45:00,964.5882898158887,964.5882898158887,0
2025-11-04T14:00:00,964.5882898158887,964.5882898158887,0
2025-11-04T14:15:00,964.5882898158887,964.5882898158887,0
2025-11-04T14:30:00,964.5882898158887,964.5882898158887,0
2025-11-04T14:45:00,964.5882898158887,964.5882898158887,0
2025-11-04T15:00:00,964.5882898158887,964.5882898158887,0
2025-11-04T15:15:00,964.5882898158887,964.5882898158887,0
2025-11-04T15:30:00,964.5882898158887,964.5882898158887,0
2025-11-04T15:45:00,964.5882898158887,964.5882898158887,0
2025-11-04T16:00:00,964.5882898158887,964.5882898158887,0
2025-11-04T16:15:00,964.5882898158887,964.5882898158887,0
2025-11-04T16:30:00,964.5882898158887,964.5882898158887,0
2025-11-04T16:45:00,964.5882898158887,964.5882898158887,0
2025-11-04T17:00:00,963.5607506684689,829.3298614647456,1
2025-11-04T17:15:00,963.4984258625248,829.3298614647456,1
2025-11-04T17:30:00,962.7952742057187,829.3298614647456,1
2025-11-04T17:45:00,965.4592601418454,829.3298614647456,1
2025-11-04T18:00:00,968.8279958067255,829.3298614647456,1
2025-11-04T18:15:00,973.9194530307806,829.3298614647456,1
2025-11-04T18:30:00,974.4803762842781,829.3298614647456,1
2025-11-04T18:45:00,976.6505579886933,829.3298614647456,1
2025-11-04T19:00:00,976.2798052969229,829.3298614647456,1
2025-11-04T19:15:00,978.3237393175024,829.3298614647456,1
2025-11-04T19:30:00,981.4879217731298,829.3298614647456,1
2025-11-04T19:45:00,988.214206599259,829.3298614647456,1
2025-11-04T20:00:00,988.5370171326108,829.3298614647456,1
2025-11-04T20:15:00,995.6148777871431,829.3298614647456,1
2025-11-04T20:30:00,990.5649704337175,829.3298614647456,1
2025-11-04T20:45:00,990.9980479314322,829.3298614647456,1
2025-11-04T21:00:00,995.5110031105694,829.3298614647456,1
2025-11-04T21:15:00,998.8110216817163,829.3298614647456,1
2025-11-04T21:30:00,1007.9424047885118,829.3298614647456,1
2025-11-04T21:45:00,990.7823082185486,829.3298614647456,1
2025-11-04T22:00:00,981.7612692831266,981.7612692831266,0
2025-11-04T22:15:00,981.7612692831266,981.7612692831266,0
2025-11-04T22:30:00,981.7612692831266,981.7612692831266,0
2025-11-04T22:45:00,981.7612692831266,981.7612692831266,0
2025-11-04T23:00:00,981.7612692831266,981.7612692831266,0
2025-11-04T23:15:00,981.7612692831266,981.7612692831266,0
2025-11-04T23:30:00,981.7612692831266,981.7612692831266,0
2025-11-04T23:45:00,981.7612692831266,981.7612692831266,0
2025-11-05T00:00:00,981.7612692831266,981.7612692831266,0
2025-11-05T00:15:00,981.7612692831266,981.7612692831266,0
2025-11-05T00:30:00,981.7612692831266,981.7612692831266,0
2025-11-05T00:45:00,981.7612692831266,981.7612692831266,0
2025-11-05T01:00:00,981.7612692831266,981.7612692831266,0
2025-11-05T01:15:00,981.7612692831266,981.7612692831266,0
2025-11-05T01:30:00,981.7612692831266,981.7612692831266,0
2025-11-05T01:45:00,981.7612692831266,981.7612692831266,0
2025-11-05T02:00:00,981.7612692831266,981.7612692831266,0
2025-11-05T02:15:00,981.7612692831266,981.7612692831266,0
2025-11-05T02:30:00,981.7612692831266,981.7612692831266,0
2025-11-05T02:45:00,981.7612692831266,981.7612692831266,0
2025-11-05T03:00:00,981.7612692831266,981.7612692831266,0
2025-11-05T03:15:00,981.7612692831266,981.7612692831266,0
2025-11-05T03:30:00,981.7612692831266,981.7612692831266,0
2025-11-05T03:45:00,981.7612692831266,981.7612692831266,0
2025-11-05T04:00:00,981.7612692831266,981.7612692831266,0
2025-11-05T04:15:00,981.7612692831266,981.7612692831266,0
2025-11-05T04:30:00,981.7612692831266,981.7612692831266,0
2025-11-05T04:45:00,981.7612692831266,981.7612692831266,0
2025-11-05T05:00:00,981.7612692831266,981.7612692831266,0
2025-11-05T05:15:00,981.7612692831266,981.7612692831266,0
2025-11-05T05:30:00,981.7612692831266,981.7612692831266,0
2025-11-05T05:45:00,981.7612692831266,981.7612692831266,0
2025-11-05T06:00:00,981.7612692831266,981.7612692831266,0
2025-11-05T06:15:00,981.7612692831266,981.7612692831266,0
2025-11-05T06:30:00,981.7612692831266,981.7612692831266,0
2025-11-05T06:45:00,981.7612692831266,981.7612692831266,0
2025-11-05T07:00:00,981.7612692831266,981.7612692831266,0
2025-11-05T07:15:00,981.7612692831266,981.7612692831266,0
2025-11-05T07:30:00,981.7612692831266,981.7612692831266,0
2025-11-05T07:45:00,981.7612692831266,981.7612692831266,0
2025-11-05T08:00:00,981.7612692831266,981.7612692831266,0
2025-11-05T08:15:00,981.7612692831266,981.7612692831266,0
2025-11-05T08:30:00,981.7612692831266,981.7612692831266,0
2025-11-05T08:45:00,981.7612692831266,981.7612692831266,0
2025-11-05T09:00:00,981.7612692831266,981.7612692831266,0
2025-11-05T09:15:00,981.7612692831266,981.7612692831266,0
2025-11-05T09:30:00,981.7612692831266,981.7612692831266,0
2025-11-05T09:45:00,981.7612692831266,981.7612692831266,0
2025-11-05T10:00:00,981.7612692831266,981.7612692831266,0
2025-11-05T10:15:00,981.7612692831266,981.7612692831266,0
2025-11-05T10:30:00,981.7612692831266,981.7612692831266,0
2025-11-05T10:45:00,981.7612692831266,981.7612692831266,0
2025-11-05T11:00:00,981.7612692831266,981.7612692831266,0
2025-11-05T11:15:00,981.7612692831266,981.7612692831266,0
2025-11-05T11:30:00,981.7612692831266,981.7612692831266,0
2025-11-05T11:45:00,981.7612692831266,981.7612692831266,0
2025-11-05T12:00:00,981.7612692831266,981.7612692831266,0
2025-11-05T12:15:00,981.7612692831266,981.7612692831266,0
2025-11-05T12:30:00,981.7612692831266,981.7612692831266,0
2025-11-05T12:45:00,981.7612692831266,981.7612692831266,0
2025-11-05T13:00:00,981.7612692831266,981.7612692831266,0
2025-11-05T13:15:00,981.7612692831266,981.7612692831266,0
2025-11-05T13:30:00,981.7612692831266,981.7612692831266,0
2025-11-05T13:45:00,981.7612692831266,981.7612692831266,0
2025-11-05T14:00:00,981.7612692831266,981.7612692831266,0
2025-11-05T14:15:00,981.7612692831266,981.7612692831266,0
2025-11-05T14:30:00,981.7612692831266,981.7612692831266,0
2025-11-05T14:45:00,981.7612692831266,981.7612692831266,0
2025-11-05T15:00:00,981.7612692831266,981.7612692831266,0
2025-11-05T15:15:00,981.7612692831266,981.7612692831266,0
2025-11-05T15:30:00,981.7612692831266,981.7612692831266,0
2025-11-05T15:45:00,981.7612692831266,981.7612692831266,0
2025-11-05T16:00:00,981.7612692831266,981.7612692831266,0
2025-11-05T16:15:00,981.7612692831266,981.7612692831266,0
2025-11-05T16:30:00,981.7612692831266,981.7612692831266,0
2025-11-05T16:45:00,981.7612692831266,981.7612692831266,0
2025-11-05T17:00:00,980.717910459059,844.0947770591695,1
2025-11-05T17:15:00,983.588262562521,844.0947770591695,1
2025-11-05T17:30:00,982.9461256266234,844.0947770591695,1
2025-11-05T17:45:00,983.3538825809184,844.0947770591695,1
2025-11-05T18:00:00,982.735825780117,844.0947770591695,1
2025-11-05T18:15:00,984.2865864803096,844.0947770591695,1
2025-11-05T18:30:00,987.2468377547972,844.0947770591695,1
2025-11-05T18:45:00,987.5309833489318,844.0947770591695,1
2025-11-05T19:00:00,985.399088721752,844.0947770591695,1
2025-11-05T19:15:00,986.495537539797,844.0947770591695,1
2025-11-05T19:30:00,988.4107109511115,844.0947770591695,1
2025-11-05T19:45:00,986.4200864498291,844.0947770591695,1
2025-11-05T20:00:00,990.3034095696694,844.0947770591695,1
2025-11-05T20:15:00,986.4404595669225,986.4404595669225,0
2025-11-05T20:30:00,986.4404595669225,986.4404595669225,0
2025-11-05T20:45:00,986.4404595669225,986.4404595669225,0
2025-11-05T21:00:00,986.4404595669225,986.4404595669225,0
2025-11-05T21:15:00,986.4404595669225,986.4404595669225,0
2025-11-05T21:30:00,986.4404595669225,986.4404595669225,0
2025-11-05T21:45:00,986.4404595669225,986.4404595669225,0
2025-11-05T22:00:00,986.4404595669225,986.4404595669225,0
2025-11-05T22:15:00,986.4404595669225,986.4404595669225,0
2025-11-05T22:30:00,986.4404595669225,986.4404595669225,0
2025-11-05T22:45:00,986.4404595669225,986.4404595669225,0
2025-11-05T23:00:00,986.4404595669225,986.4404595669225,0
2025-11-05T23:15:00,986.4404595669225,986.4404595669225,0
2025-11-05T23:30:00,986.4404595669225,986.4404595669225,0
2025-11-05T23:45:00,986.4404595669225,986.4404595669225,0
2025-11-06T00:00:00,986.4404595669225,986.4404595669225,0
2025-11-06T00:15:00,986.4404595669225,986.4404595669225,0
2025-11-06T00:30:00,986.4404595669225,986.4404595669225,0
2025-11-06T00:45:00,986.4404595669225,986.4404595669225,0
2025-11-06T01:00:00,986.4404595669225,986.4404595669225,0
2025-11-06T01:15:00,986.4404595669225,986.4404595669225,0
2025-11-06T01:30:00,986.4404595669225,986.4404595669225,0
2025-11-06T01:45:00,986.4404595669225,986.4404595669225,0
2025-11-06T02:00:00,986.4404595669225,986.4404595669225,0
2025-11-06T02:15:00,986.4404595669225,986.4404595669225,0
2025-11-06T02:30:00,986.4404595669225,986.4404595669225,0
2025-11-06T02:45:00,986.4404595669225,986.4404595669225,0
2025-11-06T03:00:00,986.4404595669225,986.4404595669225,0
2025-11-06T03:15:00,986.4404595669225,986.4404595669225,0
2025-11-06T03:30:00,986.4404595669225,986.4404595669225,0
2025-11-06T03:45:00,986.4404595669225,986.4404595669225,0
2025-11-06T04:00:00,986.4404595669225,986.4404595669225,0
2025-11-06T04:15:00,986.4404595669225,986.4404595669225,0
2025-11-06T04:30:00,986.4404595669225,986.4404595669225,0
2025-11-06T04:45:00,986.4404595669225,986.4404595669225,0
2025-11-06T05:00:00,986.4404595669225,986.4404595669225,0
2025-11-06T05:15:00,986.4404595669225,986.4404595669225,0
2025-11-06T05:30:00,986.4404595669225,986.4404595669225,0
2025-11-06T05:45:00,986.4404595669225,986.4404595669225,0
2025-11-06T06:00:00,986.4404595669225,986.4404595669225,0
2025-11-06T06:15:00,986.4404595669225,986.4404595669225,0
2025-11-06T06:30:00,986.4404595669225,986.4404595669225,0
2025-11-06T06:45:00,986.4404595669225,986.4404595669225,0
2025-11-06T07:00:00,986.4404595669225,986.4404595669225,0
2025-11-06T07:15:00,986.4404595669225,986.4404595669225,0
2025-11-06T07:30:00,986.4404595669225,986.4404595669225,0
2025-11-06T07:45:00,986.4404595669225,986.4404595669225,0
2025-11-06T08:00:00,986.4404595669225,986.4404595669225,0
2025-11-06T08:15:00,986.4404595669225,986.4404595669225,0
2025-11-06T08:30:00,986.4404595669225,986.4404595669225,0
2025-11-06T08:45:00,986.4404595669225,986.4404595669225,0
2025-11-06T09:00:00,986.4404595669225,986.4404595669225,0
2025-11-06T09:15:00,986.4404595669225,986.4404595669225,0
2025-11-06T09:30:00,986.4404595669225,986.4404595669225,0
2025-11-06T09:45:00,986.4404595669225,986.4404595669225,0
2025-11-06T10:00:00,986.4404595669225,986.4404595669225,0
2025-11-06T10:15:00,986.4404595669225,986.4404595669225,0
2025-11-06T10:30:00,986.4404595669225,986.4404595669225,0
2025-11-06T10:45:00,986.4404595669225,986.4404595669225,0
2025-11-06T11:00:00,986.4404595669225,986.4404595669225,0
2025-11-06T11:15:00,986.4404595669225,986.4404595669225,0
2025-11-06T11:30:00,986.4404595669225,986.4404595669225,0
2025-11-06T11:45:00,986.4404595669225,986.4404595669225,0
2025-11-06T12:00:00,986.4404595669225,986.4404595669225,0
2025-11-06T12:15:00,986.4404595669225,986.4404595669225,0
2025-11-06T12:30:00,986.4404595669225,986.4404595669225,0
2025-11-06T12:45:00,986.4404595669225,986.4404595669225,0
2025-11-06T13:00:00,986.4404595669225,986.4404595669225,0
2025-11-06T13:15:00,986.4404595669225,986.4404595669225,0
2025-11-06T13:30:00,986.4404595669225,986.4404595669225,0
2025-11-06T13:45:00,986.4404595669225,986.4404595669225,0
2025-11-06T14:00:00,986.4404595669225,986.4404595669225,0
2025-11-06T14:15:00,986.4404595669225,986.4404595669225,0
2025-11-06T14:30:00,986.4404595669225,986.4404595669225,0
2025-11-06T14:45:00,986.4404595669225,986.4404595669225,0
2025-11-06T15:00:00,986.4404595669225,986.4404595669225,0
2025-11-06T15:15:00,986.4404595669225,986.4404595669225,0
2025-11-06T15:30:00,986.4404595669225,986.4404595669225,0
2025-11-06T15:45:00,986.4404595669225,986.4404595669225,0
2025-11-06T16:00:00,986.4404595669225,986.4404595669225,0
2025-11-06T16:15:00,986.4404595669225,986.4404595669225,0
2025-11-06T16:30:00,986.4404595669225,986.4404595669225,0
2025-11-06T16:45:00,986.4404595669225,986.4404595669225,0
2025-11-06T17:00:00,986.4404595669225,986.4404595669225,0
2025-11-06T17:15:00,986.4404595669225,986.4404595669225,0
2025-11-06T17:30:00,986.4404595669225,986.4404595669225,0
2025-11-06T17:45:00,986.4404595669225,986.4404595669225,0
2025-11-06T18:00:00,986.4404595669225,986.4404595669225,0
2025-11-06T18:15:00,986.4404595669225,986.4404595669225,0
2025-11-06T18:30:00,986.4404595669225,986.4404595669225,0
2025-11-06T18:45:00,986.4404595669225,986.4404595669225,0
2025-11-06T19:00:00,986.4404595669225,986.4404595669225,0
2025-11-06T19:15:00,986.4404595669225,986.4404595669225,0
2025-11-06T19:30:00,986.4404595669225,986.4404595669225,0
2025-11-06T19:45:00,986.4404595669225,986.4404595669225,0
2025-11-06T20:00:00,986.4404595669225,986.4404595669225,0
2025-11-06T20:15:00,986.4404595669225,986.4404595669225,0
2025-11-06T20:30:00,986.4404595669225,986.4404595669225,0
2025-11-06T20:45:00,986.4404595669225,986.4404595669225,0
2025-11-06T21:00:00,986.4404595669225,986.4404595669225,0
2025-11-06T21:15:00,986.4404595669225,986.4404595669225,0
2025-11-06T21:30:00,986.4404595669225,986.4404595669225,0
2025-11-06T21:45:00,986.4404595669225,986.4404595669225,0
2025-11-06T22:00:00,986.4404595669225,986.4404595669225,0
2025-11-06T22:15:00,986.4404595669225,986.4404595669225,0
2025-11-06T22:30:00,986.4404595669225,986.4404595669225,0
2025-11-06T22:45:00,986.4404595669225,986.4404595669225,0
2025-11-06T23:00:00,986.4404595669225,986.4404595669225,0
2025-11-06T23:15:00,986.4404595669225,986.4404595669225,0
2025-11-06T23:30:00,986.4404595669225,986.4404595669225,0
2025-11-06T23:45:00,986.4404595669225,986.4404595669225,0
2025-11-07T00:00:00,986.4404595669225,986.4404595669225,0
2025-11-07T00:15:00,986.4404595669225,986.4404595669225,0
2025-11-07T00:30:00,986.4404595669225,986.4404595669225,0
2025-11-07T00:45:00,986.4404595669225,986.4404595669225,0
2025-11-07T01:00:00,986.4404595669225,986.4404595669225,0
2025-11-07T01:15:00,986.4404595669225,986.4404595669225,0
2025-11-07T01:30:00,986.4404595669225,986.4404595669225,0
2025-11-07T01:45:00,986.4404595669225,986.4404595669225,0
2025-11-07T02:00:00,986.4404595669225,986.4404595669225,0
2025-11-07T02:15:00,986.4404595669225,986.4404595669225,0
2025-11-07T02:30:00,986.4404595669225,986.4404595669225,0
2025-11-07T02:45:00,986.4404595669225,986.4404595669225,0
2025-11-07T03:00:00,986.4404595669225,986.4404595669225,0
2025-11-07T03:15:00,986.4404595669225,986.4404595669225,0
2025-11-07T03:30:00,986.4404595669225,986.4404595669225,0
2025-11-07T03:45:00,986.4404595669225,986.4404595669225,0
2025-11-07T04:00:00,986.4404595669225,986.4404595669225,0
2025-11-07T04:15:00,986.4404595669225,986.4404595669225,0
2025-11-07T04:30:00,986.4404595669225,986.4404595669225,0
2025-11-07T04:45:00,986.4404595669225,986.4404595669225,0
2025-11-07T05:00:00,986.4404595669225,986.4404595669225,0
2025-11-07T05:15:00,986.4404595669225,986.4404595669225,0
2025-11-07T05:30:00,986.4404595669225,986.4404595669225,0
2025-11-07T05:45:00,986.4404595669225,986.4404595669225,0
2025-11-07T06:00:00,986.4404595669225,986.4404595669225,0
2025-11-07T06:15:00,986.4404595669225,986.4404595669225,0
2025-11-07T06:30:00,986.4404595669225,986.4404595669225,0
2025-11-07T06:45:00,986.4404595669225,986.4404595669225,0
2025-11-07T07:00:00,986.4404595669225,986.4404595669225,0
2025-11-07T07:15:00,986.4404595669225,986.4404595669225,0
2025-11-07T07:30:00,986.4404595669225,986.4404595669225,0
2025-11-07T07:45:00,986.4404595669225,986.4404595669225,0
2025-11-07T08:00:00,986.4404595669225,986.4404595669225,0
2025-11-07T08:15:00,986.4404595669225,986.4404595669225,0
2025-11-07T08:30:00,986.4404595669225,986.4404595669225,0
2025-11-07T08:45:00,986.4404595669225,986.4404595669225,0
2025-11-07T09:00:00,985.3896421357911,848.1178325646104,1
2025-11-07T09:15:00,987.3801717051244,848.1178325646104,1
2025-11-07T09:30:00,987.7392234430304,848.1178325646104,1
2025-11-07T09:45:00,987.3397858887313,848.1178325646104,1
2025-11-07T10:00:00,987.6411513997082,848.1178325646104,1
2025-11-07T10:15:00,989.2244937040291,848.1178325646104,1
2025-11-07T10:30:00,987.7153194057598,848.1178325646104,1
2025-11-07T10:45:00,988.6649318452739,848.1178325646104,1
2025-11-07T11:00:00,992.3076779085068,848.1178325646104,1
2025-11-07T11:15:00,993.3192880337272,848.1178325646104,1
2025-11-07T11:30:00,992.0258504005958,848.1178325646104,1
2025-11-07T11:45:00,990.6239713929062,848.1178325646104,1
2025-11-07T12:00:00,991.2700898797688,848.1178325646104,1
2025-11-07T12:15:00,993.2429370105732,848.1178325646104,1
2025-11-07T12:30:00,993.9634963806252,848.1178325646104,1
2025-11-07T12:45:00,994.8459810442428,848.1178325646104,1
2025-11-07T13:00:00,992.6339843898779,848.1178325646104,1
2025-11-07T13:15:00,992.1060217036791,848.1178325646104,1
2025-11-07T13:30:00,991.3210141380596,991.3210141380596,0
2025-11-07T13:45:00,991.3210141380596,991.3210141380596,0
2025-11-07T14:00:00,991.3210141380596,991.3210141380596,0
2025-11-07T14:15:00,991.3210141380596,991.3210141380596,0
2025-11-07T14:30:00,991.3210141380596,991.3210141380596,0
2025-11-07T14:45:00,991.3210141380596,991.3210141380596,0
2025-11-07T15:00:00,991.3210141380596,991.3210141380596,0
2025-11-07T15:15:00,991.3210141380596,991.3210141380596,0
2025-11-07T15:30:00,991.3210141380596,991.3210141380596,0
2025-11-07T15:45:00,991.3210141380596,991.3210141380596,0
2025-11-07T16:00:00,991.3210141380596,991.3210141380596,0
2025-11-07T16:15:00,991.3210141380596,991.3210141380596,0
2025-11-07T16:30:00,991.3210141380596,991.3210141380596,0
2025-11-07T16:45:00,991.3210141380596,991.3210141380596,0
2025-11-07T17:00:00,991.3210141380596,991.3210141380596,0
2025-11-07T17:15:00,991.3210141380596,991.3210141380596,0
2025-11-07T17:30:00,991.3210141380596,991.3210141380596,0
2025-11-07T17:45:00,991.3210141380596,991.3210141380596,0
2025-11-07T18:00:00,991.3210141380596,991.3210141380596,0
2025-11-07T18:15:00,991.3210141380596,991.3210141380596,0
2025-11-07T18:30:00,991.3210141380596,991.3210141380596,0
2025-11-07T18:45:00,991.3210141380596,991.3210141380596,0
2025-11-07T19:00:00,991.3210141380596,991.3210141380596,0
2025-11-07T19:15:00,991.3210141380596,991.3210141380596,0
2025-11-07T19:30:00,991.3210141380596,991.3210141380596,0
2025-11-07T19:45:00,991.3210141380596,991.3210141380596,0
2025-11-07T20:00:00,991.3210141380596,991.3210141380596,0
2025-11-07T20:15:00,991.3210141380596,991.3210141380596,0
2025-11-07T20:30:00,991.3210141380596,991.3210141380596,0
2025-11-07T20:45:00,991.3210141380596,991.3210141380596,0
2025-11-07T21:00:00,991.3210141380596,991.3210141380596,0
2025-11-07T21:15:00,991.3210141380596,991.3210141380596,0
2025-11-07T21:30:00,991.3210141380596,991.3210141380596,0
2025-11-07T21:45:00,991.3210141380596,991.3210141380596,0
2025-11-07T22:00:00,991.3210141380596,991.3210141380596,0
2025-11-07T22:15:00,991.3210141380596,991.3210141380596,0
2025-11-07T22:30:00,991.3210141380596,991.3210141380596,0
2025-11-07T22:45:00,991.3210141380596,991.3210141380596,0
2025-11-07T23:00:00,991.3210141380596,991.3210141380596,0
2025-11-07T23:15:00,991.3210141380596,991.3210141380596,0
2025-11-07T23:30:00,991.3210141380596,991.3210141380596,0
2025-11-07T23:45:00,991.3210141380596,991.3210141380596,0
2025-11-08T00:00:00,991.3210141380596,991.3210141380596,0
2025-11-08T00:15:00,991.3210141380596,991.3210141380596,0
2025-11-08T00:30:00,991.3210141380596,991.3210141380596,0
2025-11-08T00:45:00,991.3210141380596,991.3210141380596,0
2025-11-08T01:00:00,991.3210141380596,991.3210141380596,0
2025-11-08T01:15:00,991.3210141380596,991.3210141380596,0
2025-11-08T01:30:00,991.3210141380596,991.3210141380596,0
2025-11-08T01:45:00,991.3210141380596,991.3210141380596,0
2025-11-08T02:00:00,991.3210141380596,991.3210141380596,0
2025-11-08T02:15:00,991.3210141380596,991.3210141380596,0
2025-11-08T02:30:00,991.3210141380596,991.3210141380596,0
2025-11-08T02:45:00,991.3210141380596,991.3210141380596,0
2025-11-08T03:00:00,991.3210141380596,991.3210141380596,0
2025-11-08T03:15:00,991.3210141380596,991.3210141380596,0
2025-11-08T03:30:00,991.3210141380596,991.3210141380596,0
2025-11-08T03:45:00,991.3210141380596,991.3210141380596,0
2025-11-08T04:00:00,991.3210141380596,991.3210141380596,0
2025-11-08T04:15:00,991.3210141380596,991.3210141380596,0
2025-11-08T04:30:00,991.3210141380596,991.3210141380596,0
2025-11-08T04:45:00,991.3210141380596,991.3210141380596,0
2025-11-08T05:00:00,991.3210141380596,991.3210141380596,0
2025-11-08T05:15:00,991.3210141380596,991.3210141380596,0
2025-11-08T05:30:00,991.3210141380596,991.3210141380596,0
2025-11-08T05:45:00,991.3210141380596,991.3210141380596,0
2025-11-08T06:00:00,991.3210141380596,991.3210141380596,0
2025-11-08T06:15:00,991.3210141380596,991.3210141380596,0
2025-11-08T06:30:00,991.3210141380596,991.3210141380596,0
2025-11-08T06:45:00,991.3210141380596,991.3210141380596,0
2025-11-08T07:00:00,991.3210141380596,991.3210141380596,0
2025-11-08T07:15:00,991.3210141380596,991.3210141380596,0
2025-11-08T07:30:00,991.3210141380596,991.3210141380596,0
2025-11-08T07:45:00,991.3210141380596,991.3210141380596,0
2025-11-08T08:00:00,991.3210141380596,991.3210141380596,0
2025-11-08T08:15:00,991.3210141380596,991.3210141380596,0
2025-11-08T08:30:00,991.3210141380596,991.3210141380596,0
2025-11-08T08:45:00,991.3210141380596,991.3210141380596,0
2025-11-08T09:00:00,991.3210141380596,991.3210141380596,0
2025-11-08T09:15:00,991.3210141380596,991.3210141380596,0
2025-11-08T09:30:00,991.3210141380596,991.3210141380596,0
2025-11-08T09:45:00,991.3210141380596,991.3210141380596,0
2025-11-08T10:00:00,991.3210141380596,991.3210141380596,0
2025-11-08T10:15:00,991.3210141380596,991.3210141380596,0
2025-11-08T10:30:00,991.3210141380596,991.3210141380596,0
2025-11-08T10:45:00,991.3210141380596,991.3210141380596,0
2025-11-08T11:00:00,991.3210141380596,991.3210141380596,0
2025-11-08T11:15:00,991.3210141380596,991.3210141380596,0
2025-11-08T11:30:00,991.3210141380596,991.3210141380596,0
2025-11-08T11:45:00,991.3210141380596,991.3210141380596,0
2025-11-08T12:00:00,991.3210141380596,991.3210141380596,0
2025-11-08T12:15:00,991.3210141380596,991.3210141380596,0
2025-11-08T12:30:00,991.3210141380596,991.3210141380596,0
2025-11-08T12:45:00,991.3210141380596,991.3210141380596,0
2025-11-08T13:00:00,991.3210141380596,991.3210141380596,0
2025-11-08T13:15:00,991.3210141380596,991.3210141380596,0
2025-11-08T13:30:00,991.3210141380596,991.3210141380596,0
2025-11-08T13:45:00,991.3210141380596,991.3210141380596,0
2025-11-08T14:00:00,991.3210141380596,991.3210141380596,0
2025-11-08T14:15:00,991.3210141380596,991.3210141380596,0
2025-11-08T14:30:00,991.3210141380596,991.3210141380596,0
2025-11-08T14:45:00,991.3210141380596,991.3210141380596,0
2025-11-08T15:00:00,991.3210141380596,991.3210141380596,0
2025-11-08T15:15:00,991.3210141380596,991.3210141380596,0
2025-11-08T15:30:00,991.3210141380596,991.3210141380596,0
2025-11-08T15:45:00,991.3210141380596,991.3210141380596,0
2025-11-08T16:00:00,991.3210141380596,991.3210141380596,0
2025-11-08T16:15:00,991.3210141380596,991.3210141380596,0
2025-11-08T16:30:00,991.3210141380596,991.3210141380596,0
2025-11-08T16:45:00,991.3210141380596,991.3210141380596,0
2025-11-08T17:00:00,991.3210141380596,991.3210141380596,0
2025-11-08T17:15:00,991.3210141380596,991.3210141380596,0
2025-11-08T17:30:00,991.3210141380596,991.3210141380596,0
2025-11-08T17:45:00,991.3210141380596,991.3210141380596,0
2025-11-08T18:00:00,991.3210141380596,991.3210141380596,0
2025-11-08T18:15:00,991.3210141380596,991.3210141380596,0
2025-11-08T18:30:00,991.3210141380596,991.3210141380596,0
2025-11-08T18:45:00,991.3210141380596,991.3210141380596,0
2025-11-08T19:00:00,991.3210141380596,991.3210141380596,0
2025-11-08T19:15:00,991.3210141380596,991.3210141380596,0
2025-11-08T19:30:00,991.3210141380596,991.3210141380596,0
2025-11-08T19:45:00,991.3210141380596,991.3210141380596,0
2025-11-08T20:00:00,991.3210141380596,991.3210141380596,0
2025-11-08T20:15:00,991.3210141380596,991.3210141380596,0
2025-11-08T20:30:00,991.3210141380596,991.3210141380596,0
2025-11-08T20:45:00,991.3210141380596,991.3210141380596,0
2025-11-08T21:00:00,991.3210141380596,991.3210141380596,0
2025-11-08T21:15:00,991.3210141380596,991.3210141380596,0
2025-11-08T21:30:00,991.3210141380596,991.3210141380596,0
2025-11-08T21:45:00,991.3210141380596,991.3210141380596,0
2025-11-08T22:00:00,991.3210141380596,991.3210141380596,0
2025-11-08T22:15:00,991.3210141380596,991.3210141380596,0
2025-11-08T22:30:00,991.3210141380596,991.3210141380596,0
2025-11-08T22:45:00,991.3210141380596,991.3210141380596,0
2025-11-08T23:00:00,991.3210141380596,991.3210141380596,0
2025-11-08T23:15:00,991.3210141380596,991.3210141380596,0
2025-11-08T23:30:00,991.3210141380596,991.3210141380596,0
2025-11-08T23:45:00,991.3210141380596,991.3210141380596,0
2025-11-09T00:00:00,991.3210141380596,991.3210141380596,0
2025-11-09T00:15:00,991.3210141380596,991.3210141380596,0
2025-11-09T00:30:00,991.3210141380596,991.3210141380596,0
2025-11-09T00:45:00,991.3210141380596,991.3210141380596,0
2025-11-09T01:00:00,991.3210141380596,991.3210141380596,0
2025-11-09T01:15:00,991.3210141380596,991.3210141380596,0
2025-11-09T01:30:00,991.3210141380596,991.3210141380596,0
2025-11-09T01:45:00,991.3210141380596,991.3210141380596,0
2025-11-09T02:00:00,991.3210141380596,991.3210141380596,0
2025-11-09T02:15:00,991.3210141380596,991.3210141380596,0
2025-11-09T02:30:00,991.3210141380596,991.3210141380596,0
2025-11-09T02:45:00,991.3210141380596,991.3210141380596,0
2025-11-09T03:00:00,991.3210141380596,991.3210141380596,0
2025-11-09T03:15:00,991.3210141380596,991.3210141380596,0
2025-11-09T03:30:00,991.3210141380596,991.3210141380596,0
2025-11-09T03:45:00,991.3210141380596,991.3210141380596,0
2025-11-09T04:00:00,991.3210141380596,991.3210141380596,0
2025-11-09T04:15:00,991.3210141380596,991.3210141380596,0
2025-11-09T04:30:00,991.3210141380596,991.3210141380596,0
2025-11-09T04:45:00,991.3210141380596,991.3210141380596,0
2025-11-09T05:00:00,991.3210141380596,991.3210141380596,0
2025-11-09T05:15:00,991.3210141380596,991.3210141380596,0
2025-11-09T05:30:00,991.3210141380596,991.3210141380596,0
2025-11-09T05:45:00,991.3210141380596,991.3210141380596,0
2025-11-09T06:00:00,991.3210141380596,991.3210141380596,0
2025-11-09T06:15:00,991.3210141380596,991.3210141380596,0
2025-11-09T06:30:00,991.3210141380596,991.3210141380596,0
2025-11-09T06:45:00,991.3210141380596,991.3210141380596,0
2025-11-09T07:00:00,991.3210141380596,991.3210141380596,0
2025-11-09T07:15:00,991.3210141380596,991.3210141380596,0
2025-11-09T07:30:00,991.3210141380596,991.3210141380596,0
2025-11-09T07:45:00,991.3210141380596,991.3210141380596,0
2025-11-09T08:00:00,991.3210141380596,991.3210141380596,0
2025-11-09T08:15:00,991.3210141380596,991.3210141380596,0
2025-11-09T08:30:00,991.3210141380596,991.3210141380596,0
2025-11-09T08:45:00,991.3210141380596,991.3210141380596,0
2025-11-09T09:00:00,991.3210141380596,991.3210141380596,0
2025-11-09T09:15:00,991.3210141380596,991.3210141380596,0
2025-11-09T09:30:00,991.3210141380596,991.3210141380596,0
2025-11-09T09:45:00,991.3210141380596,991.3210141380596,0
2025-11-09T10:00:00,991.3210141380596,991.3210141380596,0
2025-11-09T10:15:00,991.3210141380596,991.3210141380596,0
2025-11-09T10:30:00,991.3210141380596,991.3210141380596,0
2025-11-09T10:45:00,991.3210141380596,991.3210141380596,0
2025-11-09T11:00:00,991.3210141380596,991.3210141380596,0
2025-11-09T11:15:00,991.3210141380596,991.3210141380596,0
2025-11-09T11:30:00,991.3210141380596,991.3210141380596,0
2025-11-09T11:45:00,991.3210141380596,991.3210141380596,0
2025-11-09T12:00:00,991.3210141380596,991.3210141380596,0
2025-11-09T12:15:00,991.3210141380596,991.3210141380596,0
2025-11-09T12:30:00,991.3210141380596,991.3210141380596,0
2025-11-09T12:45:00,991.3210141380596,991.3210141380596,0
2025-11-09T13:00:00,991.3210141380596,991.3210141380596,0
2025-11-09T13:15:00,991.3210141380596,991.3210141380596,0
2025-11-09T13:30:00,991.3210141380596,991.3210141380596,0
2025-11-09T13:45:00,991.3210141380596,991.3210141380596,0
2025-11-09T14:00:00,991.3210141380596,991.3210141380596,0
2025-11-09T14:15:00,991.3210141380596,991.3210141380596,0
2025-11-09T14:30:00,991.3210141380596,991.3210141380596,0
2025-11-09T14:45:00,991.3210141380596,991.3210141380596,0
2025-11-09T15:00:00,991.3210141380596,991.3210141380596,0
2025-11-09T15:15:00,991.3210141380596,991.3210141380596,0
2025-11-09T15:30:00,991.3210141380596,991.3210141380596,0
2025-11-09T15:45:00,991.3210141380596,991.3210141380596,0
2025-11-09T16:00:00,991.3210141380596,991.3210141380596,0
2025-11-09T16:15:00,991.3210141380596,991.3210141380596,0
2025-11-09T16:30:00,991.3210141380596,991.3210141380596,0
2025-11-09T16:45:00,991.3210141380596,991.3210141380596,0
2025-11-09T17:00:00,991.3210141380596,991.3210141380596,0
2025-11-09T17:15:00,991.3210141380596,991.3210141380596,0
2025-11-09T17:30:00,991.3210141380596,991.3210141380596,0
2025-11-09T17:45:00,991.3210141380596,991.3210141380596,0
2025-11-09T18:00:00,991.3210141380596,991.3210141380596,0
2025-11-09T18:15:00,991.3210141380596,991.3210141380596,0
2025-11-09T18:30:00,991.3210141380596,991.3210141380596,0
2025-11-09T18:45:00,990.267495772704,852.3140162515643,1
2025-11-09T19:00:00,988.7761360912488,852.3140162515643,1
2025-11-09T19:15:00,991.4548448672217,852.3140162515643,1
2025-11-09T19:30:00,991.141446653995,852.3140162515643,1
2025-11-09T19:45:00,991.8210683673622,852.3140162515643,1
2025-11-09T20:00:00,990.4209330769627,852.3140162515643,1
2025-11-09T20:15:00,990.2095258544341,852.3140162515643,1
2025-11-09T20:30:00,990.4655905986308,852.3140162515643,1
2025-11-09T20:45:00,990.9064377721525,852.3140162515643,1
2025-11-09T21:00:00,989.1348767749901,989.1348767749901,0
2025-11-09T21:15:00,989.1348767749901,989.1348767749901,0
2025-11-09T21:30:00,989.1348767749901,989.1348767749901,0
2025-11-09T21:45:00,989.1348767749901,989.1348767749901,0
2025-11-09T22:00:00,989.1348767749901,989.1348767749901,0
2025-11-09T22:15:00,989.1348767749901,989.1348767749901,0
2025-11-09T22:30:00,989.1348767749901,989.1348767749901,0
2025-11-09T22:45:00,989.1348767749901,989.1348767749901,0
2025-11-09T23:00:00,989.1348767749901,989.1348767749901,0
2025-11-09T23:15:00,989.1348767749901,989.1348767749901,0
2025-11-09T23:30:00,989.1348767749901,989.1348767749901,0
2025-11-09T23:45:00,989.1348767749901,989.1348767749901,0
2025-11-10T00:00:00,989.1348767749901,989.1348767749901,0
2025-11-10T00:15:00,989.1348767749901,989.1348767749901,0
2025-11-10T00:30:00,988.0836817093813,850.4344278140939,1
2025-11-10T00:45:00,988.9124277347951,850.4344278140939,1
2025-11-10T01:00:00,989.4532454535854,850.4344278140939,1
2025-11-10T01:15:00,990.080898693421,850.4344278140939,1
2025-11-10T01:30:00,988.0577833960871,850.4344278140939,1
2025-11-10T01:45:00,987.9877056071734,850.4344278140939,1
2025-11-10T02:00:00,988.2070795550771,850.4344278140939,1
2025-11-10T02:15:00,987.3417712050125,850.4344278140939,1
2025-11-10T02:30:00,985.9855749029416,985.9855749029416,0
2025-11-10T02:45:00,985.9855749029416,985.9855749029416,0
2025-11-10T03:00:00,985.9855749029416,985.9855749029416,0
2025-11-10T03:15:00,985.9855749029416,985.9855749029416,0
2025-11-10T03:30:00,985.9855749029416,985.9855749029416,0
2025-11-10T03:45:00,985.9855749029416,985.9855749029416,0
2025-11-10T04:00:00,985.9855749029416,985.9855749029416,0
2025-11-10T04:15:00,985.9855749029416,985.9855749029416,0
2025-11-10T04:30:00,985.9855749029416,985.9855749029416,0
2025-11-10T04:45:00,985.9855749029416,985.9855749029416,0
2025-11-10T05:00:00,985.9855749029416,985.9855749029416,0
2025-11-10T05:15:00,985.9855749029416,985.9855749029416,0
2025-11-10T05:30:00,985.9855749029416,985.9855749029416,0
2025-11-10T05:45:00,985.9855749029416,985.9855749029416,0
2025-11-10T06:00:00,985.9855749029416,985.9855749029416,0
2025-11-10T06:15:00,985.9855749029416,985.9855749029416,0
2025-11-10T06:30:00,985.9855749029416,985.9855749029416,0
2025-11-10T06:45:00,985.9855749029416,985.9855749029416,0
2025-11-10T07:00:00,985.9855749029416,985.9855749029416,0
2025-11-10T07:15:00,985.9855749029416,985.9855749029416,0
2025-11-10T07:30:00,985.9855749029416,985.9855749029416,0
2025-11-10T07:45:00,985.9855749029416,985.9855749029416,0
2025-11-10T08:00:00,985.9855749029416,985.9855749029416,0
2025-11-10T08:15:00,985.9855749029416,985.9855749029416,0
2025-11-10T08:30:00,985.9855749029416,985.9855749029416,0
2025-11-10T08:45:00,985.9855749029416,985.9855749029416,0
2025-11-10T09:00:00,985.9855749029416,985.9855749029416,0
2025-11-10T09:15:00,985.9855749029416,985.9855749029416,0
2025-11-10T09:30:00,985.9855749029416,985.9855749029416,0
2025-11-10T09:45:00,984.9377267323476,847.7267336477515,1
2025-11-10T10:00:00,983.9763504931448,847.7267336477515,1
2025-11-10T10:15:00,983.3283342306443,847.7267336477515,1
2025-11-10T10:30:00,982.85525193572,847.7267336477515,1
2025-11-10T10:45:00,981.814074377601,981.814074377601,0
2025-11-10T11:00:00,981.814074377601,981.814074377601,0
2025-11-10T11:15:00,981.814074377601,981.814074377601,0
2025-11-10T11:30:00,981.814074377601,981.814074377601,0
2025-11-10T11:45:00,981.814074377601,981.814074377601,0
2025-11-10T12:00:00,981.814074377601,981.814074377601,0
2025-11-10T12:15:00,981.814074377601,981.814074377601,0
2025-11-10T12:30:00,981.814074377601,981.814074377601,0
2025-11-10T12:45:00,981.814074377601,981.814074377601,0
2025-11-10T13:00:00,981.814074377601,981.814074377601,0
2025-11-10T13:15:00,981.814074377601,981.814074377601,0
2025-11-10T13:30:00,981.814074377601,981.814074377601,0
2025-11-10T13:45:00,981.814074377601,981.814074377601,0
2025-11-10T14:00:00,981.814074377601,981.814074377601,0
2025-11-10T14:15:00,981.814074377601,981.814074377601,0
2025-11-10T14:30:00,981.814074377601,981.814074377601,0
2025-11-10T14:45:00,981.814074377601,981.814074377601,0
2025-11-10T15:00:00,981.814074377601,981.814074377601,0
2025-11-10T15:15:00,981.814074377601,981.814074377601,0
2025-11-10T15:30:00,981.814074377601,981.814074377601,0
2025-11-10T15:45:00,981.814074377601,981.814074377601,0
2025-11-10T16:00:00,981.814074377601,981.814074377601,0
2025-11-10T16:15:00,981.814074377601,981.814074377601,0
2025-11-10T16:30:00,981.814074377601,981.814074377601,0
2025-11-10T16:45:00,981.814074377601,981.814074377601,0
2025-11-10T17:00:00,981.814074377601,981.814074377601,0
2025-11-10T17:15:00,981.814074377601,981.814074377601,0
2025-11-10T17:30:00,981.814074377601,981.814074377601,0
2025-11-10T17:45:00,981.814074377601,981.814074377601,0
2025-11-10T18:00:00,981.814074377601,981.814074377601,0
2025-11-10T18:15:00,981.814074377601,981.814074377601,0
2025-11-10T18:30:00,981.814074377601,981.814074377601,0
2025-11-10T18:45:00,981.814074377601,981.814074377601,0
2025-11-10T19:00:00,981.814074377601,981.814074377601,0
2025-11-10T19:15:00,981.814074377601,981.814074377601,0
2025-11-10T19:30:00,981.814074377601,981.814074377601,0
2025-11-10T19:45:00,981.814074377601,981.814074377601,0
2025-11-10T20:00:00,980.7706594353474,844.1401776120762,1
2025-11-10T20:15:00,979.7423416665141,844.1401776120762,1
2025-11-10T20:30:00,980.8738581179124,844.1401776120762,1
2025-11-10T20:45:00,979.6083952542916,844.1401776120762,1
2025-11-10T21:00:00,977.0166686182058,977.0166686182058,0
2025-11-10T21:15:00,977.0166686182058,977.0166686182058,0
2025-11-10T21:30:00,977.0166686182058,977.0166686182058,0
2025-11-10T21:45:00,977.0166686182058,977.0166686182058,0
2025-11-10T22:00:00,977.0166686182058,977.0166686182058,0
2025-11-10T22:15:00,977.0166686182058,977.0166686182058,0
2025-11-10T22:30:00,977.0166686182058,977.0166686182058,0
2025-11-10T22:45:00,977.0166686182058,977.0166686182058,0
2025-11-10T23:00:00,977.0166686182058,977.0166686182058,0
2025-11-10T23:15:00,977.0166686182058,977.0166686182058,0
2025-11-10T23:30:00,977.0166686182058,977.0166686182058,0
2025-11-10T23:45:00,977.0166686182058,977.0166686182058,0
2025-11-11T00:00:00,977.0166686182058,977.0166686182058,0
2025-11-11T00:15:00,977.0166686182058,977.0166686182058,0
2025-11-11T00:30:00,977.0166686182058,977.0166686182058,0
2025-11-11T00:45:00,977.0166686182058,977.0166686182058,0
2025-11-11T01:00:00,977.0166686182058,977.0166686182058,0
2025-11-11T01:15:00,977.0166686182058,977.0166686182058,0
2025-11-11T01:30:00,977.0166686182058,977.0166686182058,0
2025-11-11T01:45:00,977.0166686182058,977.0166686182058,0
2025-11-11T02:00:00,977.0166686182058,977.0166686182058,0
2025-11-11T02:15:00,977.0166686182058,977.0166686182058,0
2025-11-11T02:30:00,977.0166686182058,977.0166686182058,0
2025-11-11T02:45:00,977.0166686182058,977.0166686182058,0
2025-11-11T03:00:00,977.0166686182058,977.0166686182058,0
2025-11-11T03:15:00,977.0166686182058,977.0166686182058,0
2025-11-11T03:30:00,977.0166686182058,977.0166686182058,0
2025-11-11T03:45:00,977.0166686182058,977.0166686182058,0
2025-11-11T04:00:00,977.0166686182058,977.0166686182058,0
2025-11-11T04:15:00,977.0166686182058,977.0166686182058,0
2025-11-11T04:30:00,977.0166686182058,977.0166686182058,0
2025-11-11T04:45:00,977.0166686182058,977.0166686182058,0
2025-11-11T05:00:00,977.0166686182058,977.0166686182058,0
2025-11-11T05:15:00,977.0166686182058,977.0166686182058,0
2025-11-11T05:30:00,977.0166686182058,977.0166686182058,0
2025-11-11T05:45:00,977.0166686182058,977.0166686182058,0
2025-11-11T06:00:00,977.0166686182058,977.0166686182058,0
2025-11-11T06:15:00,977.0166686182058,977.0166686182058,0
2025-11-11T06:30:00,977.0166686182058,977.0166686182058,0
2025-11-11T06:45:00,977.0166686182058,977.0166686182058,0
2025-11-11T07:00:00,977.0166686182058,977.0166686182058,0
2025-11-11T07:15:00,977.0166686182058,977.0166686182058,0
2025-11-11T07:30:00,977.0166686182058,977.0166686182058,0
2025-11-11T07:45:00,977.0166686182058,977.0166686182058,0
2025-11-11T08:00:00,977.0166686182058,977.0166686182058,0
2025-11-11T08:15:00,977.0166686182058,977.0166686182058,0
2025-11-11T08:30:00,977.0166686182058,977.0166686182058,0
2025-11-11T08:45:00,977.0166686182058,977.0166686182058,0
2025-11-11T09:00:00,977.0166686182058,977.0166686182058,0
2025-11-11T09:15:00,977.0166686182058,977.0166686182058,0
2025-11-11T09:30:00,977.0166686182058,977.0166686182058,0
2025-11-11T09:45:00,977.0166686182058,977.0166686182058,0
2025-11-11T10:00:00,977.0166686182058,977.0166686182058,0
2025-11-11T10:15:00,977.0166686182058,977.0166686182058,0
2025-11-11T10:30:00,977.0166686182058,977.0166686182058,0
2025-11-11T10:45:00,977.0166686182058,977.0166686182058,0
2025-11-11T11:00:00,977.0166686182058,977.0166686182058,0
2025-11-11T11:15:00,977.0166686182058,977.0166686182058,0
2025-11-11T11:30:00,977.0166686182058,977.0166686182058,0
2025-11-11T11:45:00,977.0166686182058,977.0166686182058,0
2025-11-11T12:00:00,977.0166686182058,977.0166686182058,0
2025-11-11T12:15:00,977.0166686182058,977.0166686182058,0
2025-11-11T12:30:00,977.0166686182058,977.0166686182058,0
2025-11-11T12:45:00,977.0166686182058,977.0166686182058,0
2025-11-11T13:00:00,977.0166686182058,977.0166686182058,0
2025-11-11T13:15:00,977.0166686182058,977.0166686182058,0
2025-11-11T13:30:00,977.0166686182058,977.0166686182058,0
2025-11-11T13:45:00,977.0166686182058,977.0166686182058,0
2025-11-11T14:00:00,977.0166686182058,977.0166686182058,0
2025-11-11T14:15:00,977.0166686182058,977.0166686182058,0
2025-11-11T14:30:00,977.0166686182058,977.0166686182058,0
2025-11-11T14:45:00,977.0166686182058,977.0166686182058,0
2025-11-11T15:00:00,977.0166686182058,977.0166686182058,0
2025-11-11T15:15:00,977.0166686182058,977.0166686182058,0
2025-11-11T15:30:00,977.0166686182058,977.0166686182058,0
2025-11-11T15:45:00,977.0166686182058,977.0166686182058,0
2025-11-11T16:00:00,977.0166686182058,977.0166686182058,0
2025-11-11T16:15:00,977.0166686182058,977.0166686182058,0
2025-11-11T16:30:00,977.0166686182058,977.0166686182058,0
2025-11-11T16:45:00,977.0166686182058,977.0166686182058,0
2025-11-11T17:00:00,977.0166686182058,977.0166686182058,0
2025-11-11T17:15:00,977.0166686182058,977.0166686182058,0
2025-11-11T17:30:00,977.0166686182058,977.0166686182058,0
2025-11-11T17:45:00,977.0166686182058,977.0166686182058,0
2025-11-11T18:00:00,977.0166686182058,977.0166686182058,0
2025-11-11T18:15:00,977.0166686182058,977.0166686182058,0
2025-11-11T18:30:00,977.0166686182058,977.0166686182058,0
2025-11-11T18:45:00,977.0166686182058,977.0166686182058,0
2025-11-11T19:00:00,977.0166686182058,977.0166686182058,0
2025-11-11T19:15:00,977.0166686182058,977.0166686182058,0
2025-11-11T19:30:00,977.0166686182058,977.0166686182058,0
2025-11-11T19:45:00,977.0166686182058,977.0166686182058,0
2025-11-11T20:00:00,977.0166686182058,977.0166686182058,0
2025-11-11T20:15:00,977.0166686182058,977.0166686182058,0
2025-11-11T20:30:00,975.9758899924581,840.0154832778865,1
2025-11-11T20:45:00,975.2034578097423,840.0154832778865,1
2025-11-11T21:00:00,974.5140142086407,840.0154832778865,1
2025-11-11T21:15:00,974.6916742573378,974.6916742573378,0
2025-11-11T21:30:00,974.6916742573378,974.6916742573378,0
2025-11-11T21:45:00,974.6916742573378,974.6916742573378,0
2025-11-11T22:00:00,974.6916742573378,974.6916742573378,0
2025-11-11T22:15:00,974.6916742573378,974.6916742573378,0
2025-11-11T22:30:00,974.6916742573378,974.6916742573378,0
2025-11-11T22:45:00,974.6916742573378,974.6916742573378,0
2025-11-11T23:00:00,974.6916742573378,974.6916742573378,0
2025-11-11T23:15:00,974.6916742573378,974.6916742573378,0
2025-11-11T23:30:00,974.6916742573378,974.6916742573378,0
2025-11-11T23:45:00,974.6916742573378,974.6916742573378,0
2025-11-12T00:00:00,974.6916742573378,974.6916742573378,0
2025-11-12T00:15:00,974.6916742573378,974.6916742573378,0
2025-11-12T00:30:00,974.6916742573378,974.6916742573378,0
2025-11-12T00:45:00,974.6916742573378,974.6916742573378,0
2025-11-12T01:00:00,974.6916742573378,974.6916742573378,0
2025-11-12T01:15:00,974.6916742573378,974.6916742573378,0
2025-11-12T01:30:00,974.6916742573378,974.6916742573378,0
2025-11-12T01:45:00,974.6916742573378,974.6916742573378,0
2025-11-12T02:00:00,974.6916742573378,974.6916742573378,0
2025-11-12T02:15:00,974.6916742573378,974.6916742573378,0
2025-11-12T02:30:00,974.6916742573378,974.6916742573378,0
2025-11-12T02:45:00,974.6916742573378,974.6916742573378,0
2025-11-12T03:00:00,974.6916742573378,974.6916742573378,0
2025-11-12T03:15:00,974.6916742573378,974.6916742573378,0
2025-11-12T03:30:00,974.6916742573378,974.6916742573378,0
2025-11-12T03:45:00,974.6916742573378,974.6916742573378,0
2025-11-12T04:00:00,974.6916742573378,974.6916742573378,0
2025-11-12T04:15:00,974.6916742573378,974.6916742573378,0
2025-11-12T04:30:00,974.6916742573378,974.6916742573378,0
2025-11-12T04:45:00,974.6916742573378,974.6916742573378,0
2025-11-12T05:00:00,974.6916742573378,974.6916742573378,0
2025-11-12T05:15:00,974.6916742573378,974.6916742573378,0
2025-11-12T05:30:00,974.6916742573378,974.6916742573378,0
2025-11-12T05:45:00,974.6916742573378,974.6916742573378,0
2025-11-12T06:00:00,974.6916742573378,974.6916742573378,0
2025-11-12T06:15:00,974.6916742573378,974.6916742573378,0
2025-11-12T06:30:00,974.6916742573378,974.6916742573378,0
2025-11-12T06:45:00,974.6916742573378,974.6916742573378,0
2025-11-12T07:00:00,974.6916742573378,974.6916742573378,0
2025-11-12T07:15:00,974.6916742573378,974.6916742573378,0
2025-11-12T07:30:00,974.6916742573378,974.6916742573378,0
2025-11-12T07:45:00,973.6533723594838,838.0165089262769,1
2025-11-12T08:00:00,972.164065672993,838.0165089262769,1
2025-11-12T08:15:00,968.2090980659457,968.2090980659457,0
2025-11-12T08:30:00,968.2090980659457,968.2090980659457,0
2025-11-12T08:45:00,968.2090980659457,968.2090980659457,0
2025-11-12T09:00:00,968.2090980659457,968.2090980659457,0
2025-11-12T09:15:00,968.2090980659457,968.2090980659457,0
2025-11-12T09:30:00,968.2090980659457,968.2090980659457,0
2025-11-12T09:45:00,968.2090980659457,968.2090980659457,0
2025-11-12T10:00:00,968.2090980659457,968.2090980659457,0
2025-11-12T10:15:00,968.2090980659457,968.2090980659457,0
2025-11-12T10:30:00,968.2090980659457,968.2090980659457,0
2025-11-12T10:45:00,968.2090980659457,968.2090980659457,0
2025-11-12T11:00:00,968.2090980659457,968.2090980659457,0
2025-11-12T11:15:00,968.2090980659457,968.2090980659457,0
2025-11-12T11:30:00,968.2090980659457,968.2090980659457,0
2025-11-12T11:45:00,968.2090980659457,968.2090980659457,0
2025-11-12T12:00:00,968.2090980659457,968.2090980659457,0
2025-11-12T12:15:00,968.2090980659457,968.2090980659457,0
2025-11-12T12:30:00,968.2090980659457,968.2090980659457,0
2025-11-12T12:45:00,968.2090980659457,968.2090980659457,0
2025-11-12T13:00:00,968.2090980659457,968.2090980659457,0
2025-11-12T13:15:00,968.2090980659457,968.2090980659457,0
2025-11-12T13:30:00,968.2090980659457,968.2090980659457,0
2025-11-12T13:45:00,968.2090980659457,968.2090980659457,0
2025-11-12T14:00:00,968.2090980659457,968.2090980659457,0
2025-11-12T14:15:00,968.2090980659457,968.2090980659457,0
2025-11-12T14:30:00,968.2090980659457,968.2090980659457,0
2025-11-12T14:45:00,968.2090980659457,968.2090980659457,0
2025-11-12T15:00:00,968.2090980659457,968.2090980659457,0
2025-11-12T15:15:00,968.2090980659457,968.2090980659457,0
2025-11-12T15:30:00,968.2090980659457,968.2090980659457,0
2025-11-12T15:45:00,968.2090980659457,968.2090980659457,0
2025-11-12T16:00:00,968.2090980659457,968.2090980659457,0
2025-11-12T16:15:00,968.2090980659457,968.2090980659457,0
2025-11-12T16:30:00,968.2090980659457,968.2090980659457,0
2025-11-12T16:45:00,968.2090980659457,968.2090980659457,0
2025-11-12T17:00:00,968.2090980659457,968.2090980659457,0
2025-11-12T17:15:00,968.2090980659457,968.2090980659457,0
2025-11-12T17:30:00,968.2090980659457,968.2090980659457,0
2025-11-12T17:45:00,968.2090980659457,968.2090980659457,0
2025-11-12T18:00:00,968.2090980659457,968.2090980659457,0
2025-11-12T18:15:00,968.2090980659457,968.2090980659457,0
2025-11-12T18:30:00,968.2090980659457,968.2090980659457,0
2025-11-12T18:45:00,968.2090980659457,968.2090980659457,0
2025-11-12T19:00:00,968.2090980659457,968.2090980659457,0
2025-11-12T19:15:00,968.2090980659457,968.2090980659457,0
2025-11-12T19:30:00,968.2090980659457,968.2090980659457,0
2025-11-12T19:45:00,968.2090980659457,968.2090980659457,0
2025-11-12T20:00:00,968.2090980659457,968.2090980659457,0
2025-11-12T20:15:00,968.2090980659457,968.2090980659457,0
2025-11-12T20:30:00,968.2090980659457,968.2090980659457,0
2025-11-12T20:45:00,968.2090980659457,968.2090980659457,0
2025-11-12T21:00:00,968.2090980659457,968.2090980659457,0
2025-11-12T21:15:00,968.2090980659457,968.2090980659457,0
2025-11-12T21:30:00,968.2090980659457,968.2090980659457,0
2025-11-12T21:45:00,968.2090980659457,968.2090980659457,0
2025-11-12T22:00:00,968.2090980659457,968.2090980659457,0
2025-11-12T22:15:00,968.2090980659457,968.2090980659457,0
2025-11-12T22:30:00,968.2090980659457,968.2090980659457,0
2025-11-12T22:45:00,968.2090980659457,968.2090980659457,0
2025-11-12T23:00:00,968.2090980659457,968.2090980659457,0
2025-11-12T23:15:00,968.2090980659457,968.2090980659457,0
2025-11-12T23:30:00,968.2090980659457,968.2090980659457,0
2025-11-12T23:45:00,968.2090980659457,968.2090980659457,0
2025-11-13T00:00:00,968.2090980659457,968.2090980659457,0
2025-11-13T00:15:00,968.2090980659457,968.2090980659457,0
2025-11-13T00:30:00,968.2090980659457,968.2090980659457,0
2025-11-13T00:45:00,968.2090980659457,968.2090980659457,0
2025-11-13T01:00:00,968.2090980659457,968.2090980659457,0
2025-11-13T01:15:00,968.2090980659457,968.2090980659457,0
2025-11-13T01:30:00,968.2090980659457,968.2090980659457,0
2025-11-13T01:45:00,968.2090980659457,968.2090980659457,0
2025-11-13T02:00:00,968.2090980659457,968.2090980659457,0
2025-11-13T02:15:00,968.2090980659457,968.2090980659457,0
2025-11-13T02:30:00,968.2090980659457,968.2090980659457,0
2025-11-13T02:45:00,968.2090980659457,968.2090980659457,0
2025-11-13T03:00:00,968.2090980659457,968.2090980659457,0
2025-11-13T03:15:00,968.2090980659457,968.2090980659457,0
2025-11-13T03:30:00,968.2090980659457,968.2090980659457,0
2025-11-13T03:45:00,968.2090980659457,968.2090980659457,0
2025-11-13T04:00:00,968.2090980659457,968.2090980659457,0
2025-11-13T04:15:00,968.2090980659457,968.2090980659457,0
2025-11-13T04:30:00,968.2090980659457,968.2090980659457,0
2025-11-13T04:45:00,968.2090980659457,968.2090980659457,0
2025-11-13T05:00:00,968.2090980659457,968.2090980659457,0
2025-11-13T05:15:00,968.2090980659457,968.2090980659457,0
2025-11-13T05:30:00,968.2090980659457,968.2090980659457,0
2025-11-13T05:45:00,968.2090980659457,968.2090980659457,0
2025-11-13T06:00:00,967.1801417018927,832.4429454987466,1
2025-11-13T06:15:00,968.0017016545594,832.4429454987466,1
2025-11-13T06:30:00,968.6010112468966,832.4429454987466,1
2025-11-13T06:45:00,968.5473646081964,832.4429454987466,1
2025-11-13T07:00:00,969.5038075381667,832.4429454987466,1
2025-11-13T07:15:00,969.9636358698832,832.4429454987466,1
2025-11-13T07:30:00,968.775746012949,832.4429454987466,1
2025-11-13T07:45:00,968.1994278371975,832.4429454987466,1
2025-11-13T08:00:00,968.043086204414,832.4429454987466,1
2025-11-13T08:15:00,968.8769082459265,832.4429454987466,1
2025-11-13T08:30:00,968.931551906794,968.931551906794,0
2025-11-13T08:45:00,968.931551906794,968.931551906794,0
2025-11-13T09:00:00,968.931551906794,968.931551906794,0
2025-11-13T09:15:00,968.931551906794,968.931551906794,0
2025-11-13T09:30:00,968.931551906794,968.931551906794,0
2025-11-13T09:45:00,968.931551906794,968.931551906794,0
2025-11-13T10:00:00,968.931551906794,968.931551906794,0
2025-11-13T10:15:00,968.931551906794,968.931551906794,0
2025-11-13T10:30:00,968.931551906794,968.931551906794,0
2025-11-13T10:45:00,968.931551906794,968.931551906794,0
2025-11-13T11:00:00,968.931551906794,968.931551906794,0
2025-11-13T11:15:00,968.931551906794,968.931551906794,0
2025-11-13T11:30:00,968.931551906794,968.931551906794,0
2025-11-13T11:45:00,968.931551906794,968.931551906794,0
2025-11-13T12:00:00,968.931551906794,968.931551906794,0
2025-11-13T12:15:00,968.931551906794,968.931551906794,0
2025-11-13T12:30:00,968.931551906794,968.931551906794,0
2025-11-13T12:45:00,968.931551906794,968.931551906794,0
2025-11-13T13:00:00,968.931551906794,968.931551906794,0
2025-11-13T13:15:00,968.931551906794,968.931551906794,0
2025-11-13T13:30:00,968.931551906794,968.931551906794,0
2025-11-13T13:45:00,968.931551906794,968.931551906794,0
2025-11-13T14:00:00,968.931551906794,968.931551906794,0
2025-11-13T14:15:00,968.931551906794,968.931551906794,0
2025-11-13T14:30:00,968.931551906794,968.931551906794,0
2025-11-13T14:45:00,968.931551906794,968.931551906794,0
2025-11-13T15:00:00,968.931551906794,968.931551906794,0
2025-11-13T15:15:00,968.931551906794,968.931551906794,0
2025-11-13T15:30:00,968.931551906794,968.931551906794,0
2025-11-13T15:45:00,968.931551906794,968.931551906794,0
2025-11-13T16:00:00,968.931551906794,968.931551906794,0
2025-11-13T16:15:00,968.931551906794,968.931551906794,0
2025-11-13T16:30:00,968.931551906794,968.931551906794,0
2025-11-13T16:45:00,968.931551906794,968.931551906794,0
2025-11-13T17:00:00,967.8993860477781,833.0640939722157,1
2025-11-13T17:15:00,965.6797294326411,833.0640939722157,1
2025-11-13T17:30:00,970.6385016776017,833.0640939722157,1
2025-11-13T17:45:00,974.4594113189631,833.0640939722157,1
2025-11-13T18:00:00,977.7361258020815,833.0640939722157,1
2025-11-13T18:15:00,977.0616536211076,833.0640939722157,1
2025-11-13T18:30:00,979.3901492678931,833.0640939722157,1
2025-11-13T18:45:00,981.3492518375683,833.0640939722157,1
2025-11-13T19:00:00,981.9066396057082,833.0640939722157,1
2025-11-13T19:15:00,978.2687774266649,833.0640939722157,1
2025-11-13T19:30:00,981.5999114256076,833.0640939722157,1
2025-11-13T19:45:00,983.9927210456401,833.0640939722157,1
2025-11-13T20:00:00,987.1078260575225,833.0640939722157,1
2025-11-13T20:15:00,987.6635647494254,833.0640939722157,1
2025-11-13T20:30:00,986.3228657686628,833.0640939722157,1
2025-11-13T20:45:00,988.2869155670493,833.0640939722157,1
2025-11-13T21:00:00,984.6123332702314,984.6123332702314,0
2025-11-13T21:15:00,984.6123332702314,984.6123332702314,0
2025-11-13T21:30:00,984.6123332702314,984.6123332702314,0
2025-11-13T21:45:00,984.6123332702314,984.6123332702314,0
2025-11-13T22:00:00,984.6123332702314,984.6123332702314,0
2025-11-13T22:15:00,984.6123332702314,984.6123332702314,0
2025-11-13T22:30:00,984.6123332702314,984.6123332702314,0
2025-11-13T22:45:00,984.6123332702314,984.6123332702314,0
2025-11-13T23:00:00,984.6123332702314,984.6123332702314,0
2025-11-13T23:15:00,984.6123332702314,984.6123332702314,0
2025-11-13T23:30:00,984.6123332702314,984.6123332702314,0
2025-11-13T23:45:00,984.6123332702314,984.6123332702314,0
2025-11-14T00:00:00,984.6123332702314,984.6123332702314,0
2025-11-14T00:15:00,984.6123332702314,984.6123332702314,0
2025-11-14T00:30:00,984.6123332702314,984.6123332702314,0
2025-11-14T00:45:00,984.6123332702314,984.6123332702314,0
2025-11-14T01:00:00,984.6123332702314,984.6123332702314,0
2025-11-14T01:15:00,984.6123332702314,984.6123332702314,0
2025-11-14T01:30:00,984.6123332702314,984.6123332702314,0
2025-11-14T01:45:00,984.6123332702314,984.6123332702314,0
2025-11-14T02:00:00,984.6123332702314,984.6123332702314,0
2025-11-14T02:15:00,984.6123332702314,984.6123332702314,0
2025-11-14T02:30:00,984.6123332702314,984.6123332702314,0
2025-11-14T02:45:00,984.6123332702314,984.6123332702314,0
2025-11-14T03:00:00,984.6123332702314,984.6123332702314,0
2025-11-14T03:15:00,984.6123332702314,984.6123332702314,0
2025-11-14T03:30:00,984.6123332702314,984.6123332702314,0
2025-11-14T03:45:00,984.6123332702314,984.6123332702314,0
2025-11-14T04:00:00,984.6123332702314,984.6123332702314,0
2025-11-14T04:15:00,984.6123332702314,984.6123332702314,0
2025-11-14T04:30:00,984.6123332702314,984.6123332702314,0
2025-11-14T04:45:00,984.6123332702314,984.6123332702314,0
2025-11-14T05:00:00,984.6123332702314,984.6123332702314,0
2025-11-14T05:15:00,984.6123332702314,984.6123332702314,0
2025-11-14T05:30:00,984.6123332702314,984.6123332702314,0
2025-11-14T05:45:00,984.6123332702314,984.6123332702314,0
2025-11-14T06:00:00,984.6123332702314,984.6123332702314,0
2025-11-14T06:15:00,984.6123332702314,984.6123332702314,0
2025-11-14T06:30:00,984.6123332702314,984.6123332702314,0
2025-11-14T06:45:00,984.6123332702314,984.6123332702314,0
2025-11-14T07:00:00,984.6123332702314,984.6123332702314,0
2025-11-14T07:15:00,984.6123332702314,984.6123332702314,0
2025-11-14T07:30:00,984.6123332702314,984.6123332702314,0
2025-11-14T07:45:00,984.6123332702314,984.6123332702314,0
2025-11-14T08:00:00,984.6123332702314,984.6123332702314,0
2025-11-14T08:15:00,984.6123332702314,984.6123332702314,0
2025-11-14T08:30:00,984.6123332702314,984.6123332702314,0
2025-11-14T08:45:00,984.6123332702314,984.6123332702314,0
2025-11-14T09:00:00,984.6123332702314,984.6123332702314,0
2025-11-14T09:15:00,984.6123332702314,984.6123332702314,0
2025-11-14T09:30:00,984.6123332702314,984.6123332702314,0
2025-11-14T09:45:00,984.6123332702314,984.6123332702314,0
2025-11-14T10:00:00,984.6123332702314,984.6123332702314,0
2025-11-14T10:15:00,984.6123332702314,984.6123332702314,0
2025-11-14T10:30:00,984.6123332702314,984.6123332702314,0
2025-11-14T10:45:00,984.6123332702314,984.6123332702314,0
2025-11-14T11:00:00,984.6123332702314,984.6123332702314,0
2025-11-14T11:15:00,984.6123332702314,984.6123332702314,0
2025-11-14T11:30:00,984.6123332702314,984.6123332702314,0
2025-11-14T11:45:00,984.6123332702314,984.6123332702314,0
2025-11-14T12:00:00,984.6123332702314,984.6123332702314,0
2025-11-14T12:15:00,984.6123332702314,984.6123332702314,0
2025-11-14T12:30:00,984.6123332702314,984.6123332702314,0
2025-11-14T12:45:00,984.6123332702314,984.6123332702314,0
2025-11-14T13:00:00,984.6123332702314,984.6123332702314,0
2025-11-14T13:15:00,984.6123332702314,984.6123332702314,0
2025-11-14T13:30:00,984.6123332702314,984.6123332702314,0
2025-11-14T13:45:00,984.6123332702314,984.6123332702314,0
2025-11-14T14:00:00,984.6123332702314,984.6123332702314,0
2025-11-14T14:15:00,984.6123332702314,984.6123332702314,0
2025-11-14T14:30:00,984.6123332702314,984.6123332702314,0
2025-11-14T14:45:00,984.6123332702314,984.6123332702314,0
2025-11-14T15:00:00,984.6123332702314,984.6123332702314,0
2025-11-14T15:15:00,984.6123332702314,984.6123332702314,0
2025-11-14T15:30:00,984.6123332702314,984.6123332702314,0
2025-11-14T15:45:00,984.6123332702314,984.6123332702314,0
2025-11-14T16:00:00,984.6123332702314,984.6123332702314,0
2025-11-14T16:15:00,984.6123332702314,984.6123332702314,0
2025-11-14T16:30:00,984.6123332702314,984.6123332702314,0
2025-11-14T16:45:00,984.6123332702314,984.6123332702314,0
2025-11-14T17:00:00,984.6123332702314,984.6123332702314,0
2025-11-14T17:15:00,984.6123332702314,984.6123332702314,0
2025-11-14T17:30:00,984.6123332702314,984.6123332702314,0
2025-11-14T17:45:00,984.6123332702314,984.6123332702314,0
2025-11-14T18:00:00,984.6123332702314,984.6123332702314,0
2025-11-14T18:15:00,984.6123332702314,984.6123332702314,0
2025-11-14T18:30:00,984.6123332702314,984.6123332702314,0
2025-11-14T18:45:00,984.6123332702314,984.6123332702314,0
2025-11-14T19:00:00,984.6123332702314,984.6123332702314,0
2025-11-14T19:15:00,984.6123332702314,984.6123332702314,0
2025-11-14T19:30:00,984.6123332702314,984.6123332702314,0
2025-11-14T19:45:00,984.6123332702314,984.6123332702314,0
2025-11-14T20:00:00,984.6123332702314,984.6123332702314,0
2025-11-14T20:15:00,984.6123332702314,984.6123332702314,0
2025-11-14T20:30:00,983.5634632723791,846.5460534497464,1
2025-11-14T20:45:00,982.2562937106424,846.5460534497464,1
2025-11-14T21:00:00,978.4300443457206,846.5460534497464,1
2025-11-14T21:15:00,978.3788865626027,846.5460534497464,1
2025-11-14T21:30:00,976.7347812568826,846.5460534497464,1
2025-11-14T21:45:00,977.0187951562613,846.5460534497464,1
2025-11-14T22:00:00,980.8397523367224,846.5460534497464,1
2025-11-14T22:15:00,976.7330171953957,846.5460534497464,1
2025-11-14T22:30:00,975.8245255296813,846.5460534497464,1
2025-11-14T22:45:00,978.5323599119564,846.5460534497464,1
2025-11-14T23:00:00,985.0858483355083,846.5460534497464,1
2025-11-14T23:15:00,987.6807827826267,846.5460534497464,1
2025-11-14T23:30:00,985.2728388531117,846.5460534497464,1
2025-11-14T23:45:00,986.7281895797416,846.5460534497464,1
2025-11-15T00:00:00,981.2278458638239,846.5460534497464,1
2025-11-15T00:15:00,981.0126303624312,846.5460534497464,1
2025-11-15T00:30:00,982.7202418816771,846.5460534497464,1
2025-11-15T00:45:00,981.637108128767,846.5460534497464,1
2025-11-15T01:00:00,980.2031008180529,980.2031008180529,0
2025-11-15T01:15:00,980.2031008180529,980.2031008180529,0
2025-11-15T01:30:00,980.2031008180529,980.2031008180529,0
2025-11-15T01:45:00,980.2031008180529,980.2031008180529,0
2025-11-15T02:00:00,980.2031008180529,980.2031008180529,0
2025-11-15T02:15:00,980.2031008180529,980.2031008180529,0
2025-11-15T02:30:00,980.2031008180529,980.2031008180529,0
2025-11-15T02:45:00,980.2031008180529,980.2031008180529,0
2025-11-15T03:00:00,980.2031008180529,980.2031008180529,0
2025-11-15T03:15:00,980.2031008180529,980.2031008180529,0
2025-11-15T03:30:00,980.2031008180529,980.2031008180529,0
2025-11-15T03:45:00,980.2031008180529,980.2031008180529,0
2025-11-15T04:00:00,980.2031008180529,980.2031008180529,0
2025-11-15T04:15:00,980.2031008180529,980.2031008180529,0
2025-11-15T04:30:00,980.2031008180529,980.2031008180529,0
2025-11-15T04:45:00,980.2031008180529,980.2031008180529,0
2025-11-15T05:00:00,980.2031008180529,980.2031008180529,0
2025-11-15T05:15:00,980.2031008180529,980.2031008180529,0
2025-11-15T05:30:00,980.2031008180529,980.2031008180529,0
2025-11-15T05:45:00,980.2031008180529,980.2031008180529,0
2025-11-15T06:00:00,980.2031008180529,980.2031008180529,0
2025-11-15T06:15:00,980.2031008180529,980.2031008180529,0
2025-11-15T06:30:00,980.2031008180529,980.2031008180529,0
2025-11-15T06:45:00,980.2031008180529,980.2031008180529,0
2025-11-15T07:00:00,980.2031008180529,980.2031008180529,0
2025-11-15T07:15:00,980.2031008180529,980.2031008180529,0
2025-11-15T07:30:00,980.2031008180529,980.2031008180529,0
2025-11-15T07:45:00,980.2031008180529,980.2031008180529,0
2025-11-15T08:00:00,980.2031008180529,980.2031008180529,0
2025-11-15T08:15:00,980.2031008180529,980.2031008180529,0
2025-11-15T08:30:00,979.1589278075087,842.7551012089423,1
2025-11-15T08:45:00,980.1034084185453,842.7551012089423,1
2025-11-15T09:00:00,977.2263214555351,842.7551012089423,1
2025-11-15T09:15:00,977.294407858179,842.7551012089423,1
2025-11-15T09:30:00,976.9260429618229,842.7551012089423,1
2025-11-15T09:45:00,978.44663928754,842.7551012089423,1
2025-11-15T10:00:00,978.6840687941963,842.7551012089423,1
2025-11-15T10:15:00,977.4305806634673,842.7551012089423,1
2025-11-15T10:30:00,975.3557011995141,975.3557011995141,0
2025-11-15T10:45:00,975.3557011995141,975.3557011995141,0
2025-11-15T11:00:00,975.3557011995141,975.3557011995141,0
2025-11-15T11:15:00,975.3557011995141,975.3557011995141,0
2025-11-15T11:30:00,975.3557011995141,975.3557011995141,0
2025-11-15T11:45:00,975.3557011995141,975.3557011995141,0
2025-11-15T12:00:00,975.3557011995141,975.3557011995141,0
2025-11-15T12:15:00,975.3557011995141,975.3557011995141,0
2025-11-15T12:30:00,975.3557011995141,975.3557011995141,0
2025-11-15T12:45:00,975.3557011995141,975.3557011995141,0
2025-11-15T13:00:00,975.3557011995141,975.3557011995141,0
2025-11-15T13:15:00,975.3557011995141,975.3557011995141,0
2025-11-15T13:30:00,975.3557011995141,975.3557011995141,0
2025-11-15T13:45:00,975.3557011995141,975.3557011995141,0
2025-11-15T14:00:00,975.3557011995141,975.3557011995141,0
2025-11-15T14:15:00,975.3557011995141,975.3557011995141,0
2025-11-15T14:30:00,975.3557011995141,975.3557011995141,0
2025-11-15T14:45:00,975.3557011995141,975.3557011995141,0
2025-11-15T15:00:00,975.3557011995141,975.3557011995141,0
2025-11-15T15:15:00,975.3557011995141,975.3557011995141,0
2025-11-15T15:30:00,975.3557011995141,975.3557011995141,0
2025-11-15T15:45:00,975.3557011995141,975.3557011995141,0
2025-11-15T16:00:00,975.3557011995141,975.3557011995141,0
2025-11-15T16:15:00,975.3557011995141,975.3557011995141,0
2025-11-15T16:30:00,975.3557011995141,975.3557011995141,0
2025-11-15T16:45:00,975.3557011995141,975.3557011995141,0
2025-11-15T17:00:00,975.3557011995141,975.3557011995141,0
2025-11-15T17:15:00,975.3557011995141,975.3557011995141,0
2025-11-15T17:30:00,975.3557011995141,975.3557011995141,0
2025-11-15T17:45:00,975.3557011995141,975.3557011995141,0
2025-11-15T18:00:00,974.3191498409601,838.5874233545135,1
2025-11-15T18:15:00,971.4487228883798,838.5874233545135,1
2025-11-15T18:30:00,971.4689847256922,838.5874233545135,1
2025-11-15T18:45:00,970.6213645314597,838.5874233545135,1
2025-11-15T19:00:00,971.2444160288138,838.5874233545135,1
2025-11-15T19:15:00,969.5964532607443,838.5874233545135,1
2025-11-15T19:30:00,968.3346828003341,968.3346828003341,0
2025-11-15T19:45:00,968.3346828003341,968.3346828003341,0
2025-11-15T20:00:00,967.3031527632323,832.55092023934,1
2025-11-15T20:15:00,968.1459339155411,832.55092023934,1
2025-11-15T20:30:00,969.6975847640452,832.55092023934,1
2025-11-15T20:45:00,970.67490047992,832.55092023934,1
2025-11-15T21:00:00,969.0647341770313,832.55092023934,1
2025-11-15T21:15:00,969.8896151516194,832.55092023934,1
2025-11-15T21:30:00,970.9703100584447,832.55092023934,1
2025-11-15T21:45:00,970.6609088853091,832.55092023934,1
2025-11-15T22:00:00,969.1591632791215,832.55092023934,1
2025-11-15T22:15:00,968.7773683492545,832.55092023934,1
2025-11-15T22:30:00,969.4818762932836,832.55092023934,1
2025-11-15T22:45:00,968.7370363032508,832.55092023934,1
2025-11-15T23:00:00,968.7543269666082,968.7543269666082,0
2025-11-15T23:15:00,968.7543269666082,968.7543269666082,0
2025-11-15T23:30:00,968.7543269666082,968.7543269666082,0
2025-11-15T23:45:00,968.7543269666082,968.7543269666082,0
2025-11-16T00:00:00,968.7543269666082,968.7543269666082,0
2025-11-16T00:15:00,968.7543269666082,968.7543269666082,0
2025-11-16T00:30:00,968.7543269666082,968.7543269666082,0
2025-11-16T00:45:00,968.7543269666082,968.7543269666082,0
2025-11-16T01:00:00,968.7543269666082,968.7543269666082,0
2025-11-16T01:15:00,968.7543269666082,968.7543269666082,0
2025-11-16T01:30:00,968.7543269666082,968.7543269666082,0
2025-11-16T01:45:00,968.7543269666082,968.7543269666082,0
2025-11-16T02:00:00,968.7543269666082,968.7543269666082,0
2025-11-16T02:15:00,968.7543269666082,968.7543269666082,0
2025-11-16T02:30:00,968.7543269666082,968.7543269666082,0
2025-11-16T02:45:00,968.7543269666082,968.7543269666082,0
2025-11-16T03:00:00,968.7543269666082,968.7543269666082,0
2025-11-16T03:15:00,968.7543269666082,968.7543269666082,0
2025-11-16T03:30:00,968.7543269666082,968.7543269666082,0
2025-11-16T03:45:00,968.7543269666082,968.7543269666082,0
2025-11-16T04:00:00,968.7543269666082,968.7543269666082,0
2025-11-16T04:15:00,968.7543269666082,968.7543269666082,0
2025-11-16T04:30:00,968.7543269666082,968.7543269666082,0
2025-11-16T04:45:00,968.7543269666082,968.7543269666082,0
2025-11-16T05:00:00,968.7543269666082,968.7543269666082,0
2025-11-16T05:15:00,968.7543269666082,968.7543269666082,0
2025-11-16T05:30:00,968.7543269666082,968.7543269666082,0
2025-11-16T05:45:00,968.7543269666082,968.7543269666082,0
2025-11-16T06:00:00,968.7543269666082,968.7543269666082,0
2025-11-16T06:15:00,968.7543269666082,968.7543269666082,0
2025-11-16T06:30:00,968.7543269666082,968.7543269666082,0
2025-11-16T06:45:00,968.7543269666082,968.7543269666082,0
2025-11-16T07:00:00,968.7543269666082,968.7543269666082,0
2025-11-16T07:15:00,968.7543269666082,968.7543269666082,0
2025-11-16T07:30:00,968.7543269666082,968.7543269666082,0
2025-11-16T07:45:00,967.7247911649642,832.9117202220425,1
2025-11-16T08:00:00,965.8363322719695,965.8363322719695,0
2025-11-16T08:15:00,965.8363322719695,965.8363322719695,0
2025-11-16T08:30:00,965.8363322719695,965.8363322719695,0
2025-11-16T08:45:00,965.8363322719695,965.8363322719695,0
2025-11-16T09:00:00,965.8363322719695,965.8363322719695,0
2025-11-16T09:15:00,965.8363322719695,965.8363322719695,0
2025-11-16T09:30:00,965.8363322719695,965.8363322719695,0
2025-11-16T09:45:00,965.8363322719695,965.8363322719695,0
2025-11-16T10:00:00,965.8363322719695,965.8363322719695,0
2025-11-16T10:15:00,965.8363322719695,965.8363322719695,0
2025-11-16T10:30:00,965.8363322719695,965.8363322719695,0
2025-11-16T10:45:00,965.8363322719695,965.8363322719695,0
2025-11-16T11:00:00,965.8363322719695,965.8363322719695,0
2025-11-16T11:15:00,965.8363322719695,965.8363322719695,0
2025-11-16T11:30:00,965.8363322719695,965.8363322719695,0
2025-11-16T11:45:00,965.8363322719695,965.8363322719695,0
2025-11-16T12:00:00,965.8363322719695,965.8363322719695,0
2025-11-16T12:15:00,965.8363322719695,965.8363322719695,0
2025-11-16T12:30:00,965.8363322719695,965.8363322719695,0
2025-11-16T12:45:00,965.8363322719695,965.8363322719695,0
2025-11-16T13:00:00,965.8363322719695,965.8363322719695,0
2025-11-16T13:15:00,965.8363322719695,965.8363322719695,0
2025-11-16T13:30:00,965.8363322719695,965.8363322719695,0
2025-11-16T13:45:00,965.8363322719695,965.8363322719695,0
2025-11-16T14:00:00,965.8363322719695,965.8363322719695,0
2025-11-16T14:15:00,965.8363322719695,965.8363322719695,0
2025-11-16T14:30:00,965.8363322719695,965.8363322719695,0
2025-11-16T14:45:00,965.8363322719695,965.8363322719695,0
2025-11-16T15:00:00,965.8363322719695,965.8363322719695,0
2025-11-16T15:15:00,965.8363322719695,965.8363322719695,0
2025-11-16T15:30:00,965.8363322719695,965.8363322719695,0
2025-11-16T15:45:00,965.8363322719695,965.8363322719695,0
2025-11-16T16:00:00,965.8363322719695,965.8363322719695,0
2025-11-16T16:15:00,965.8363322719695,965.8363322719695,0
2025-11-16T16:30:00,965.8363322719695,965.8363322719695,0
2025-11-16T16:45:00,965.8363322719695,965.8363322719695,0
2025-11-16T17:00:00,964.8074636324804,830.4028984154647,1
2025-11-16T17:15:00,963.6130048433661,830.4028984154647,1
2025-11-16T17:30:00,966.4531624085937,830.4028984154647,1
2025-11-16T17:45:00,961.4895225516071,830.4028984154647,1
2025-11-16T18:00:00,954.8908013299663,830.4028984154647,1
2025-11-16T18:15:00,958.4670315873001,958.4670315873001,0
2025-11-16T18:30:00,958.4670315873001,958.4670315873001,0
2025-11-16T18:45:00,958.4670315873001,958.4670315873001,0
2025-11-16T19:00:00,958.4670315873001,958.4670315873001,0
2025-11-16T19:15:00,958.4670315873001,958.4670315873001,0
2025-11-16T19:30:00,958.4670315873001,958.4670315873001,0
2025-11-16T19:45:00,958.4670315873001,958.4670315873001,0
2025-11-16T20:00:00,958.4670315873001,958.4670315873001,0
2025-11-16T20:15:00,958.4670315873001,958.4670315873001,0
2025-11-16T20:30:00,958.4670315873001,958.4670315873001,0
2025-11-16T20:45:00,958.4670315873001,958.4670315873001,0
2025-11-16T21:00:00,958.4670315873001,958.4670315873001,0
2025-11-16T21:15:00,958.4670315873001,958.4670315873001,0
2025-11-16T21:30:00,958.4670315873001,958.4670315873001,0
2025-11-16T21:45:00,958.4670315873001,958.4670315873001,0
2025-11-16T22:00:00,958.4670315873001,958.4670315873001,0
2025-11-16T22:15:00,958.4670315873001,958.4670315873001,0
2025-11-16T22:30:00,958.4670315873001,958.4670315873001,0
2025-11-16T22:45:00,958.4670315873001,958.4670315873001,0
2025-11-16T23:00:00,958.4670315873001,958.4670315873001,0
2025-11-16T23:15:00,958.4670315873001,958.4670315873001,0
2025-11-16T23:30:00,958.4670315873001,958.4670315873001,0
2025-11-16T23:45:00,958.4670315873001,958.4670315873001,0
2025-11-17T00:00:00,958.4670315873001,958.4670315873001,0
2025-11-17T00:15:00,958.4670315873001,958.4670315873001,0
2025-11-17T00:30:00,958.4670315873001,958.4670315873001,0
2025-11-17T00:45:00,958.4670315873001,958.4670315873001,0
2025-11-17T01:00:00,958.4670315873001,958.4670315873001,0
2025-11-17T01:15:00,958.4670315873001,958.4670315873001,0
2025-11-17T01:30:00,958.4670315873001,958.4670315873001,0
2025-11-17T01:45:00,958.4670315873001,958.4670315873001,0
2025-11-17T02:00:00,958.4670315873001,958.4670315873001,0
2025-11-17T02:15:00,958.4670315873001,958.4670315873001,0
2025-11-17T02:30:00,958.4670315873001,958.4670315873001,0
2025-11-17T02:45:00,958.4670315873001,958.4670315873001,0
2025-11-17T03:00:00,958.4670315873001,958.4670315873001,0
2025-11-17T03:15:00,958.4670315873001,958.4670315873001,0
2025-11-17T03:30:00,958.4670315873001,958.4670315873001,0
2025-11-17T03:45:00,958.4670315873001,958.4670315873001,0
2025-11-17T04:00:00,958.4670315873001,958.4670315873001,0
2025-11-17T04:15:00,958.4670315873001,958.4670315873001,0
2025-11-17T04:30:00,958.4670315873001,958.4670315873001,0
2025-11-17T04:45:00,958.4670315873001,958.4670315873001,0
2025-11-17T05:00:00,958.4670315873001,958.4670315873001,0
2025-11-17T05:15:00,958.4670315873001,958.4670315873001,0
2025-11-17T05:30:00,958.4670315873001,958.4670315873001,0
2025-11-17T05:45:00,958.4670315873001,958.4670315873001,0
2025-11-17T06:00:00,958.4670315873001,958.4670315873001,0
