timestamp,equity,cash,open_positions
2025-09-18T06:00:00,1000.0,1000.0,0
2025-09-18T06:15:00,1000.0,1000.0,0
2025-09-18T06:30:00,1000.0,1000.0,0
2025-09-18T06:45:00,1000.0,1000.0,0
2025-09-18T07:00:00,1000.0,1000.0,0
2025-09-18T07:15:00,1000.0,1000.0,0
2025-09-18T07:30:00,1000.0,1000.0,0
2025-09-18T07:45:00,1000.0,1000.0,0
2025-09-18T08:00:00,1000.0,1000.0,0
2025-09-18T08:15:00,1000.0,1000.0,0
2025-09-18T08:30:00,1000.0,1000.0,0
2025-09-18T08:45:00,999.0890783824264,879.808,1
2025-09-18T09:00:00,998.3944892530058,879.808,1
2025-09-18T09:15:00,999.0276379646816,879.808,1
2025-09-18T09:30:00,998.0477153698017,879.808,1
2025-09-18T09:45:00,998.5225769035586,879.808,1
2025-09-18T10:00:00,997.1231273205956,997.1231273205956,0
2025-09-18T10:15:00,997.1231273205956,997.1231273205956,0
2025-09-18T10:30:00,997.1231273205956,997.1231273205956,0
2025-09-18T10:45:00,997.1231273205956,997.1231273205956,0
2025-09-18T11:00:00,997.1231273205956,997.1231273205956,0
2025-09-18T11:15:00,997.1231273205956,997.1231273205956,0
2025-09-18T11:30:00,997.1231273205956,997.1231273205956,0
2025-09-18T11:45:00,997.1231273205956,997.1231273205956,0
2025-09-18T12:00:00,997.1231273205956,997.1231273205956,0
2025-09-18T12:15:00,997.1231273205956,997.1231273205956,0
2025-09-18T12:30:00,997.1231273205956,997.1231273205956,0
2025-09-18T12:45:00,997.1231273205956,997.1231273205956,0
2025-09-18T13:00:00,997.1231273205956,997.1231273205956,0
2025-09-18T13:15:00,997.1231273205956,997.1231273205956,0
2025-09-18T13:30:00,997.1231273205956,997.1231273205956,0
2025-09-18T13:45:00,997.1231273205956,997.1231273205956,0
2025-09-18T14:00:00,997.1231273205956,997.1231273205956,0
2025-09-18T14:15:00,997.1231273205956,997.1231273205956,0
2025-09-18T14:30:00,997.1231273205956,997.1231273205956,0
2025-09-18T14:45:00,997.1231273205956,997.1231273205956,0
2025-09-18T15:00:00,997.1231273205956,997.1231273205956,0
2025-09-18T15:15:00,997.1231273205956,997.1231273205956,0
2025-09-18T15:30:00,997.1231273205956,997.1231273205956,0
2025-09-18T15:45:00,997.1231273205956,997.1231273205956,0
2025-09-18T16:00:00,997.1231273205956,997.1231273205956,0
2025-09-18T16:15:00,997.1231273205956,997.1231273205956,0
2025-09-18T16:30:00,997.1231273205956,997.1231273205956,0
2025-09-18T16:45:00,997.1231273205956,997.1231273205956,0
2025-09-18T17:00:00,997.1231273205956,997.1231273205956,0
2025-09-18T17:15:00,997.1231273205956,997.1231273205956,0
2025-09-18T17:30:00,997.1231273205956,997.1231273205956,0
2025-09-18T17:45:00,997.1231273205956,997.1231273205956,0
2025-09-18T18:00:00,997.1231273205956,997.1231273205956,0
2025-09-18T18:15:00,997.1231273205956,997.1231273205956,0
2025-09-18T18:30:00,997.1231273205956,997.1231273205956,0
2025-09-18T18:45:00,997.1231273205956,997.1231273205956,0
2025-09-18T19:00:00,997.1231273205956,997.1231273205956,0
2025-09-18T19:15:00,997.1231273205956,997.1231273205956,0
2025-09-18T19:30:00,997.1231273205956,997.1231273205956,0
2025-09-18T19:45:00,997.1231273205956,997.1231273205956,0
2025-09-18T20:00:00,997.1231273205956,997.1231273205956,0
2025-09-18T20:15:00,997.1231273205956,997.1231273205956,0
2025-09-18T20:30:00,997.1231273205956,997.1231273205956,0
2025-09-18T20:45:00,996.2148263085367,877.2769044016786,1
2025-09-18T21:00:00,994.7543502614096,994.7543502614096,0
2025-09-18T21:15:00,994.7543502614096,994.7543502614096,0
2025-09-18T21:30:00,994.7543502614096,994.7543502614096,0
2025-09-18T21:45:00,994.7543502614096,994.7543502614096,0
2025-09-18T22:00:00,994.7543502614096,994.7543502614096,0
2025-09-18T22:15:00,994.7543502614096,994.7543502614096,0
2025-09-18T22:30:00,994.7543502614096,994.7543502614096,0
2025-09-18T22:45:00,994.7543502614096,994.7543502614096,0
2025-09-18T23:00:00,994.7543502614096,994.7543502614096,0
2025-09-18T23:15:00,994.7543502614096,994.7543502614096,0
2025-09-18T23:30:00,994.7543502614096,994.7543502614096,0
2025-09-18T23:45:00,994.7543502614096,994.7543502614096,0
2025-09-19T00:00:00,994.7543502614096,994.7543502614096,0
2025-09-19T00:15:00,994.7543502614096,994.7543502614096,0
2025-09-19T00:30:00,994.7543502614096,994.7543502614096,0
2025-09-19T00:45:00,994.7543502614096,994.7543502614096,0
2025-09-19T01:00:00,994.7543502614096,994.7543502614096,0
2025-09-19T01:15:00,994.7543502614096,994.7543502614096,0
2025-09-19T01:30:00,994.7543502614096,994.7543502614096,0
2025-09-19T01:45:00,994.7543502614096,994.7543502614096,0
2025-09-19T02:00:00,994.7543502614096,994.7543502614096,0
2025-09-19T02:15:00,994.7543502614096,994.7543502614096,0
2025-09-19T02:30:00,994.7543502614096,994.7543502614096,0
2025-09-19T02:45:00,994.7543502614096,994.7543502614096,0
2025-09-19T03:00:00,994.7543502614096,994.7543502614096,0
2025-09-19T03:15:00,994.7543502614096,994.7543502614096,0
2025-09-19T03:30:00,994.7543502614096,994.7543502614096,0
2025-09-19T03:45:00,994.7543502614096,994.7543502614096,0
2025-09-19T04:00:00,994.7543502614096,994.7543502614096,0
2025-09-19T04:15:00,994.7543502614096,994.7543502614096,0
2025-09-19T04:30:00,994.7543502614096,994.7543502614096,0
2025-09-19T04:45:00,994.7543502614096,994.7543502614096,0
2025-09-19T05:00:00,994.7543502614096,994.7543502614096,0
2025-09-19T05:15:00,994.7543502614096,994.7543502614096,0
2025-09-19T05:30:00,994.7543502614096,994.7543502614096,0
2025-09-19T05:45:00,994.7543502614096,994.7543502614096,0
2025-09-19T06:00:00,994.7543502614096,994.7543502614096,0
2025-09-19T06:15:00,994.7543502614096,994.7543502614096,0
2025-09-19T06:30:00,994.7543502614096,994.7543502614096,0
2025-09-19T06:45:00,994.7543502614096,994.7543502614096,0
2025-09-19T07:00:00,994.7543502614096,994.7543502614096,0
2025-09-19T07:15:00,994.7543502614096,994.7543502614096,0
2025-09-19T07:30:00,994.7543502614096,994.7543502614096,0
2025-09-19T07:45:00,994.7543502614096,994.7543502614096,0
2025-09-19T08:00:00,994.7543502614096,994.7543502614096,0
2025-09-19T08:15:00,994.7543502614096,994.7543502614096,0
2025-09-19T08:30:00,994.7543502614096,994.7543502614096,0
2025-09-19T08:45:00,994.7543502614096,994.7543502614096,0
2025-09-19T09:00:00,994.7543502614096,994.7543502614096,0
2025-09-19T09:15:00,994.7543502614096,994.7543502614096,0
2025-09-19T09:30:00,994.7543502614096,994.7543502614096,0
2025-09-19T09:45:00,994.7543502614096,994.7543502614096,0
2025-09-19T10:00:00,994.7543502614096,994.7543502614096,0
2025-09-19T10:15:00,994.7543502614096,994.7543502614096,0
2025-09-19T10:30:00,994.7543502614096,994.7543502614096,0
2025-09-19T10:45:00,994.7543502614096,994.7543502614096,0
2025-09-19T11:00:00,994.7543502614096,994.7543502614096,0
2025-09-19T11:15:00,994.7543502614096,994.7543502614096,0
2025-09-19T11:30:00,993.8460583453501,875.1928353947903,1
2025-09-19T11:45:00,993.3592912204487,875.1928353947903,1
2025-09-19T12:00:00,992.8831290438022,875.1928353947903,1
2025-09-19T12:15:00,993.3402023135899,875.1928353947903,1
2025-09-19T12:30:00,992.4155977600749,992.4155977600749,0
2025-09-19T12:45:00,992.4155977600749,992.4155977600749,0
2025-09-19T13:00:00,992.4155977600749,992.4155977600749,0
2025-09-19T13:15:00,992.4155977600749,992.4155977600749,0
2025-09-19T13:30:00,992.4155977600749,992.4155977600749,0
2025-09-19T13:45:00,992.4155977600749,992.4155977600749,0
2025-09-19T14:00:00,992.4155977600749,992.4155977600749,0
2025-09-19T14:15:00,992.4155977600749,992.4155977600749,0
2025-09-19T14:30:00,992.4155977600749,992.4155977600749,0
2025-09-19T14:45:00,992.4155977600749,992.4155977600749,0
2025-09-19T15:00:00,992.4155977600749,992.4155977600749,0
2025-09-19T15:15:00,992.4155977600749,992.4155977600749,0
2025-09-19T15:30:00,992.4155977600749,992.4155977600749,0
2025-09-19T15:45:00,992.4155977600749,992.4155977600749,0
2025-09-19T16:00:00,992.4155977600749,992.4155977600749,0
2025-09-19T16:15:00,992.4155977600749,992.4155977600749,0
2025-09-19T16:30:00,992.4155977600749,992.4155977600749,0
2025-09-19T16:45:00,992.4155977600749,992.4155977600749,0
2025-09-19T17:00:00,992.4155977600749,992.4155977600749,0
2025-09-19T17:15:00,992.4155977600749,992.4155977600749,0
2025-09-19T17:30:00,992.4155977600749,992.4155977600749,0
2025-09-19T17:45:00,992.4155977600749,992.4155977600749,0
2025-09-19T18:00:00,992.4155977600749,992.4155977600749,0
2025-09-19T18:15:00,992.4155977600749,992.4155977600749,0
2025-09-19T18:30:00,992.4155977600749,992.4155977600749,0
2025-09-19T18:45:00,992.4155977600749,992.4155977600749,0
2025-09-19T19:00:00,992.4155977600749,992.4155977600749,0
2025-09-19T19:15:00,992.4155977600749,992.4155977600749,0
2025-09-19T19:30:00,992.4155977600749,992.4155977600749,0
2025-09-19T19:45:00,992.4155977600749,992.4155977600749,0
2025-09-19T20:00:00,992.4155977600749,992.4155977600749,0
2025-09-19T20:15:00,992.4155977600749,992.4155977600749,0
2025-09-19T20:30:00,992.4155977600749,992.4155977600749,0
2025-09-19T20:45:00,992.4155977600749,992.4155977600749,0
2025-09-19T21:00:00,992.4155977600749,992.4155977600749,0
2025-09-19T21:15:00,992.4155977600749,992.4155977600749,0
2025-09-19T21:30:00,992.4155977600749,992.4155977600749,0
2025-09-19T21:45:00,992.4155977600749,992.4155977600749,0
2025-09-19T22:00:00,992.4155977600749,992.4155977600749,0
2025-09-19T22:15:00,992.4155977600749,992.4155977600749,0
2025-09-19T22:30:00,992.4155977600749,992.4155977600749,0
2025-09-19T22:45:00,992.4155977600749,992.4155977600749,0
2025-09-19T23:00:00,992.4155977600749,992.4155977600749,0
2025-09-19T23:15:00,992.4155977600749,992.4155977600749,0
2025-09-19T23:30:00,992.4155977600749,992.4155977600749,0
2025-09-19T23:45:00,992.4155977600749,992.4155977600749,0
2025-09-20T00:00:00,992.4155977600749,992.4155977600749,0
2025-09-20T00:15:00,992.4155977600749,992.4155977600749,0
2025-09-20T00:30:00,992.4155977600749,992.4155977600749,0
2025-09-20T00:45:00,992.4155977600749,992.4155977600749,0
2025-09-20T01:00:00,992.4155977600749,992.4155977600749,0
2025-09-20T01:15:00,992.4155977600749,992.4155977600749,0
2025-09-20T01:30:00,992.4155977600749,992.4155977600749,0
2025-09-20T01:45:00,992.4155977600749,992.4155977600749,0
2025-09-20T02:00:00,992.4155977600749,992.4155977600749,0
2025-09-20T02:15:00,992.4155977600749,992.4155977600749,0
2025-09-20T02:30:00,992.4155977600749,992.4155977600749,0
2025-09-20T02:45:00,992.4155977600749,992.4155977600749,0
2025-09-20T03:00:00,992.4155977600749,992.4155977600749,0
2025-09-20T03:15:00,992.4155977600749,992.4155977600749,0
2025-09-20T03:30:00,992.4155977600749,992.4155977600749,0
2025-09-20T03:45:00,992.4155977600749,992.4155977600749,0
2025-09-20T04:00:00,992.4155977600749,992.4155977600749,0
2025-09-20T04:15:00,992.4155977600749,992.4155977600749,0
2025-09-20T04:30:00,992.4155977600749,992.4155977600749,0
2025-09-20T04:45:00,992.4155977600749,992.4155977600749,0
2025-09-20T05:00:00,992.4155977600749,992.4155977600749,0
2025-09-20T05:15:00,992.4155977600749,992.4155977600749,0
2025-09-20T05:30:00,992.4155977600749,992.4155977600749,0
2025-09-20T05:45:00,992.4155977600749,992.4155977600749,0
2025-09-20T06:00:00,992.4155977600749,992.4155977600749,0
2025-09-20T06:15:00,992.4155977600749,992.4155977600749,0
2025-09-20T06:30:00,992.4155977600749,992.4155977600749,0
2025-09-20T06:45:00,992.4155977600749,992.4155977600749,0
2025-09-20T07:00:00,992.4155977600749,992.4155977600749,0
2025-09-20T07:15:00,992.4155977600749,992.4155977600749,0
2025-09-20T07:30:00,992.4155977600749,992.4155977600749,0
2025-09-20T07:45:00,992.4155977600749,992.4155977600749,0
2025-09-20T08:00:00,992.4155977600749,992.4155977600749,0
2025-09-20T08:15:00,992.4155977600749,992.4155977600749,0
2025-09-20T08:30:00,992.4155977600749,992.4155977600749,0
2025-09-20T08:45:00,992.4155977600749,992.4155977600749,0
2025-09-20T09:00:00,992.4155977600749,992.4155977600749,0
2025-09-20T09:15:00,992.4155977600749,992.4155977600749,0
2025-09-20T09:30:00,991.5094413159436,873.135182234096,1
2025-09-20T09:45:00,991.3074547795493,873.135182234096,1
2025-09-20T10:00:00,990.1850866033024,990.1850866033024,0
2025-09-20T10:15:00,990.1850866033024,990.1850866033024,0
2025-09-20T10:30:00,990.1850866033024,990.1850866033024,0
2025-09-20T10:45:00,990.1850866033024,990.1850866033024,0
2025-09-20T11:00:00,990.1850866033024,990.1850866033024,0
2025-09-20T11:15:00,990.1850866033024,990.1850866033024,0
2025-09-20T11:30:00,990.1850866033024,990.1850866033024,0
2025-09-20T11:45:00,990.1850866033024,990.1850866033024,0
2025-09-20T12:00:00,990.1850866033024,990.1850866033024,0
2025-09-20T12:15:00,990.1850866033024,990.1850866033024,0
2025-09-20T12:30:00,990.1850866033024,990.1850866033024,0
2025-09-20T12:45:00,990.1850866033024,990.1850866033024,0
2025-09-20T13:00:00,990.1850866033024,990.1850866033024,0
2025-09-20T13:15:00,990.1850866033024,990.1850866033024,0
2025-09-20T13:30:00,990.1850866033024,990.1850866033024,0
2025-09-20T13:45:00,990.1850866033024,990.1850866033024,0
2025-09-20T14:00:00,990.1850866033024,990.1850866033024,0
2025-09-20T14:15:00,990.1850866033024,990.1850866033024,0
2025-09-20T14:30:00,990.1850866033024,990.1850866033024,0
2025-09-20T14:45:00,990.1850866033024,990.1850866033024,0
2025-09-20T15:00:00,990.1850866033024,990.1850866033024,0
2025-09-20T15:15:00,990.1850866033024,990.1850866033024,0
2025-09-20T15:30:00,990.1850866033024,990.1850866033024,0
2025-09-20T15:45:00,990.1850866033024,990.1850866033024,0
2025-09-20T16:00:00,990.1850866033024,990.1850866033024,0
2025-09-20T16:15:00,990.1850866033024,990.1850866033024,0
2025-09-20T16:30:00,990.1850866033024,990.1850866033024,0
2025-09-20T16:45:00,990.1850866033024,990.1850866033024,0
2025-09-20T17:00:00,990.1850866033024,990.1850866033024,0
2025-09-20T17:15:00,990.1850866033024,990.1850866033024,0
2025-09-20T17:30:00,990.1850866033024,990.1850866033024,0
2025-09-20T17:45:00,990.1850866033024,990.1850866033024,0
2025-09-20T18:00:00,990.1850866033024,990.1850866033024,0
2025-09-20T18:15:00,990.1850866033024,990.1850866033024,0
2025-09-20T18:30:00,990.1850866033024,990.1850866033024,0
2025-09-20T18:45:00,990.1850866033024,990.1850866033024,0
2025-09-20T19:00:00,990.1850866033024,990.1850866033024,0
2025-09-20T19:15:00,990.1850866033024,990.1850866033024,0
2025-09-20T19:30:00,990.1850866033024,990.1850866033024,0
2025-09-20T19:45:00,990.1850866033024,990.1850866033024,0
2025-09-20T20:00:00,990.1850866033024,990.1850866033024,0
2025-09-20T20:15:00,990.1850866033024,990.1850866033024,0
2025-09-20T20:30:00,990.1850866033024,990.1850866033024,0
2025-09-20T20:45:00,990.1850866033024,990.1850866033024,0
2025-09-20T21:00:00,990.1850866033024,990.1850866033024,0
2025-09-20T21:15:00,990.1850866033024,990.1850866033024,0
2025-09-20T21:30:00,990.1850866033024,990.1850866033024,0
2025-09-20T21:45:00,990.1850866033024,990.1850866033024,0
2025-09-20T22:00:00,990.1850866033024,990.1850866033024,0
2025-09-20T22:15:00,990.1850866033024,990.1850866033024,0
2025-09-20T22:30:00,990.1850866033024,990.1850866033024,0
2025-09-20T22:45:00,990.1850866033024,990.1850866033024,0
2025-09-20T23:00:00,990.1850866033024,990.1850866033024,0
2025-09-20T23:15:00,990.1850866033024,990.1850866033024,0
2025-09-20T23:30:00,990.1850866033024,990.1850866033024,0
2025-09-20T23:45:00,990.1850866033024,990.1850866033024,0
2025-09-21T00:00:00,990.1850866033024,990.1850866033024,0
2025-09-21T00:15:00,990.1850866033024,990.1850866033024,0
2025-09-21T00:30:00,990.1850866033024,990.1850866033024,0
2025-09-21T00:45:00,990.1850866033024,990.1850866033024,0
2025-09-21T01:00:00,990.1850866033024,990.1850866033024,0
2025-09-21T01:15:00,990.1850866033024,990.1850866033024,0
2025-09-21T01:30:00,990.1850866033024,990.1850866033024,0
2025-09-21T01:45:00,990.1850866033024,990.1850866033024,0
2025-09-21T02:00:00,990.1850866033024,990.1850866033024,0
2025-09-21T02:15:00,990.1850866033024,990.1850866033024,0
2025-09-21T02:30:00,990.1850866033024,990.1850866033024,0
2025-09-21T02:45:00,990.1850866033024,990.1850866033024,0
2025-09-21T03:00:00,990.1850866033024,990.1850866033024,0
2025-09-21T03:15:00,990.1850866033024,990.1850866033024,0
2025-09-21T03:30:00,990.1850866033024,990.1850866033024,0
2025-09-21T03:45:00,990.1850866033024,990.1850866033024,0
2025-09-21T04:00:00,990.1850866033024,990.1850866033024,0
2025-09-21T04:15:00,990.1850866033024,990.1850866033024,0
2025-09-21T04:30:00,990.1850866033024,990.1850866033024,0
2025-09-21T04:45:00,990.1850866033024,990.1850866033024,0
2025-09-21T05:00:00,990.1850866033024,990.1850866033024,0
2025-09-21T05:15:00,990.1850866033024,990.1850866033024,0
2025-09-21T05:30:00,990.1850866033024,990.1850866033024,0
2025-09-21T05:45:00,990.1850866033024,990.1850866033024,0
2025-09-21T06:00:00,990.1850866033024,990.1850866033024,0
2025-09-21T06:15:00,990.1850866033024,990.1850866033024,0
2025-09-21T06:30:00,990.1850866033024,990.1850866033024,0
2025-09-21T06:45:00,990.1850866033024,990.1850866033024,0
2025-09-21T07:00:00,990.1850866033024,990.1850866033024,0
2025-09-21T07:15:00,990.1850866033024,990.1850866033024,0
2025-09-21T07:30:00,990.1850866033024,990.1850866033024,0
2025-09-21T07:45:00,990.1850866033024,990.1850866033024,0
2025-09-21T08:00:00,990.1850866033024,990.1850866033024,0
2025-09-21T08:15:00,990.1850866033024,990.1850866033024,0
2025-09-21T08:30:00,990.1850866033024,990.1850866033024,0
2025-09-21T08:45:00,990.1850866033024,990.1850866033024,0
2025-09-21T09:00:00,990.1850866033024,990.1850866033024,0
2025-09-21T09:15:00,990.1850866033024,990.1850866033024,0
2025-09-21T09:30:00,990.1850866033024,990.1850866033024,0
2025-09-21T09:45:00,990.1850866033024,990.1850866033024,0
2025-09-21T10:00:00,990.1850866033024,990.1850866033024,0
2025-09-21T10:15:00,990.1850866033024,990.1850866033024,0
2025-09-21T10:30:00,990.1850866033024,990.1850866033024,0
2025-09-21T10:45:00,990.1850866033024,990.1850866033024,0
2025-09-21T11:00:00,990.1850866033024,990.1850866033024,0
2025-09-21T11:15:00,990.1850866033024,990.1850866033024,0
2025-09-21T11:30:00,990.1850866033024,990.1850866033024,0
2025-09-21T11:45:00,990.1850866033024,990.1850866033024,0
2025-09-21T12:00:00,990.1850866033024,990.1850866033024,0
2025-09-21T12:15:00,990.1850866033024,990.1850866033024,0
2025-09-21T12:30:00,990.1850866033024,990.1850866033024,0
2025-09-21T12:45:00,990.1850866033024,990.1850866033024,0
2025-09-21T13:00:00,990.1850866033024,990.1850866033024,0
2025-09-21T13:15:00,990.1850866033024,990.1850866033024,0
2025-09-21T13:30:00,990.1850866033024,990.1850866033024,0
2025-09-21T13:45:00,990.1850866033024,990.1850866033024,0
2025-09-21T14:00:00,990.1850866033024,990.1850866033024,0
2025-09-21T14:15:00,990.1850866033024,990.1850866033024,0
2025-09-21T14:30:00,990.1850866033024,990.1850866033024,0
2025-09-21T14:45:00,990.1850866033024,990.1850866033024,0
2025-09-21T15:00:00,990.1850866033024,990.1850866033024,0
2025-09-21T15:15:00,990.1850866033024,990.1850866033024,0
2025-09-21T15:30:00,990.1850866033024,990.1850866033024,0
2025-09-21T15:45:00,990.1850866033024,990.1850866033024,0
2025-09-21T16:00:00,990.1850866033024,990.1850866033024,0
2025-09-21T16:15:00,990.1850866033024,990.1850866033024,0
2025-09-21T16:30:00,990.1850866033024,990.1850866033024,0
2025-09-21T16:45:00,990.1850866033024,990.1850866033024,0
2025-09-21T17:00:00,990.1850866033024,990.1850866033024,0
2025-09-21T17:15:00,990.1850866033024,990.1850866033024,0
2025-09-21T17:30:00,990.1850866033024,990.1850866033024,0
2025-09-21T17:45:00,990.1850866033024,990.1850866033024,0
2025-09-21T18:00:00,990.1850866033024,990.1850866033024,0
2025-09-21T18:15:00,990.1850866033024,990.1850866033024,0
2025-09-21T18:30:00,990.1850866033024,990.1850866033024,0
2025-09-21T18:45:00,990.1850866033024,990.1850866033024,0
2025-09-21T19:00:00,990.1850866033024,990.1850866033024,0
2025-09-21T19:15:00,990.1850866033024,990.1850866033024,0
2025-09-21T19:30:00,990.1850866033024,990.1850866033024,0
2025-09-21T19:45:00,990.1850866033024,990.1850866033024,0
2025-09-21T20:00:00,990.1850866033024,990.1850866033024,0
2025-09-21T20:15:00,990.1850866033024,990.1850866033024,0
2025-09-21T20:30:00,990.1850866033024,990.1850866033024,0
2025-09-21T20:45:00,990.1850866033024,990.1850866033024,0
2025-09-21T21:00:00,990.1850866033024,990.1850866033024,0
2025-09-21T21:15:00,990.1850866033024,990.1850866033024,0
2025-09-21T21:30:00,990.1850866033024,990.1850866033024,0
2025-09-21T21:45:00,990.1850866033024,990.1850866033024,0
2025-09-21T22:00:00,990.1850866033024,990.1850866033024,0
2025-09-21T22:15:00,990.1850866033024,990.1850866033024,0
2025-09-21T22:30:00,990.1850866033024,990.1850866033024,0
2025-09-21T22:45:00,990.1850866033024,990.1850866033024,0
2025-09-21T23:00:00,990.1850866033024,990.1850866033024,0
2025-09-21T23:15:00,990.1850866033024,990.1850866033024,0
2025-09-21T23:30:00,990.1850866033024,990.1850866033024,0
2025-09-21T23:45:00,990.1850866033024,990.1850866033024,0
2025-09-22T00:00:00,990.1850866033024,990.1850866033024,0
2025-09-22T00:15:00,989.280966797917,871.1727606742783,1
2025-09-22T00:30:00,996.3184149729135,871.1727606742783,1
2025-09-22T00:45:00,999.1017870054625,871.1727606742783,1
2025-09-22T01:00:00,998.3986872336251,871.1727606742783,1
2025-09-22T01:15:00,998.6663811834532,871.1727606742783,1
2025-09-22T01:30:00,998.0439121193953,871.1727606742783,1
2025-09-22T01:45:00,999.9672232689627,871.1727606742783,1
2025-09-22T02:00:00,999.8822922567683,871.1727606742783,1
2025-09-22T02:15:00,1001.993741724488,871.1727606742783,1
2025-09-22T02:30:00,1003.848248003417,871.1727606742783,1
2025-09-22T02:45:00,1004.277203368804,871.1727606742783,1
2025-09-22T03:00:00,1003.1698749819652,871.1727606742783,1
2025-09-22T03:15:00,1002.4925770366174,871.1727606742783,1
2025-09-22T03:30:00,1003.5945300429374,871.1727606742783,1
2025-09-22T03:45:00,1002.3700183607924,871.1727606742783,1
2025-09-22T04:00:00,1003.2784576684417,871.1727606742783,1
2025-09-22T04:15:00,1002.4797905729644,1002.4797905729644,0
2025-09-22T04:30:00,1002.4797905729644,1002.4797905729644,0
2025-09-22T04:45:00,1002.4797905729644,1002.4797905729644,0
2025-09-22T05:00:00,1002.4797905729644,1002.4797905729644,0
2025-09-22T05:15:00,1002.4797905729644,1002.4797905729644,0
2025-09-22T05:30:00,1002.4797905729644,1002.4797905729644,0
2025-09-22T05:45:00,1002.4797905729644,1002.4797905729644,0
2025-09-22T06:00:00,1001.564444699331,881.9897395844187,1
2025-09-22T06:15:00,1002.4995648243261,881.9897395844187,1
2025-09-22T06:30:00,1001.8336504701867,881.9897395844187,1
2025-09-22T06:45:00,1002.460375832814,881.9897395844187,1
2025-09-22T07:00:00,1002.882926123232,881.9897395844187,1
2025-09-22T07:15:00,1002.5780707365936,881.9897395844187,1
2025-09-22T07:30:00,1001.6456371257067,881.9897395844187,1
2025-09-22T07:45:00,1003.6577082633676,881.9897395844187,1
2025-09-22T08:00:00,1003.1673128309519,881.9897395844187,1
2025-09-22T08:15:00,1003.1886770145728,881.9897395844187,1
2025-09-22T08:30:00,1002.8507305970168,881.9897395844187,1
2025-09-22T08:45:00,1003.192557534951,881.9897395844187,1
2025-09-22T09:00:00,1004.0670391986508,881.9897395844187,1
2025-09-22T09:15:00,1004.1858001794576,881.9897395844187,1
2025-09-22T09:30:00,1004.493470009447,881.9897395844187,1
2025-09-22T09:45:00,1004.0555631375398,1004.0555631375398,0
2025-09-22T10:00:00,1004.0555631375398,1004.0555631375398,0
2025-09-22T10:15:00,1004.0555631375398,1004.0555631375398,0
2025-09-22T10:30:00,1004.0555631375398,1004.0555631375398,0
2025-09-22T10:45:00,1004.0555631375398,1004.0555631375398,0
2025-09-22T11:00:00,1004.0555631375398,1004.0555631375398,0
2025-09-22T11:15:00,1004.0555631375398,1004.0555631375398,0
2025-09-22T11:30:00,1004.0555631375398,1004.0555631375398,0
2025-09-22T11:45:00,1004.0555631375398,1004.0555631375398,0
2025-09-22T12:00:00,1004.0555631375398,1004.0555631375398,0
2025-09-22T12:15:00,1004.0555631375398,1004.0555631375398,0
2025-09-22T12:30:00,1004.0555631375398,1004.0555631375398,0
2025-09-22T12:45:00,1004.0555631375398,1004.0555631375398,0
2025-09-22T13:00:00,1004.0555631375398,1004.0555631375398,0
2025-09-22T13:15:00,1004.0555631375398,1004.0555631375398,0
2025-09-22T13:30:00,1004.0555631375398,1004.0555631375398,0
2025-09-22T13:45:00,1004.0555631375398,1004.0555631375398,0
2025-09-22T14:00:00,1004.0555631375398,1004.0555631375398,0
2025-09-22T14:15:00,1004.0555631375398,1004.0555631375398,0
2025-09-22T14:30:00,1004.0555631375398,1004.0555631375398,0
2025-09-22T14:45:00,1004.0555631375398,1004.0555631375398,0
2025-09-22T15:00:00,1004.0555631375398,1004.0555631375398,0
2025-09-22T15:15:00,1004.0555631375398,1004.0555631375398,0
2025-09-22T15:30:00,1004.0555631375398,1004.0555631375398,0
2025-09-22T15:45:00,1004.0555631375398,1004.0555631375398,0
2025-09-22T16:00:00,1004.0555631375398,1004.0555631375398,0
2025-09-22T16:15:00,1004.0555631375398,1004.0555631375398,0
2025-09-22T16:30:00,1004.0555631375398,1004.0555631375398,0
2025-09-22T16:45:00,1004.0555631375398,1004.0555631375398,0
2025-09-22T17:00:00,1004.0555631375398,1004.0555631375398,0
2025-09-22T17:15:00,1004.0555631375398,1004.0555631375398,0
2025-09-22T17:30:00,1004.0555631375398,1004.0555631375398,0
2025-09-22T17:45:00,1004.0555631375398,1004.0555631375398,0
2025-09-22T18:00:00,1004.0555631375398,1004.0555631375398,0
2025-09-22T18:15:00,1004.0555631375398,1004.0555631375398,0
2025-09-22T18:30:00,1004.0555631375398,1004.0555631375398,0
2025-09-22T18:45:00,1004.0555631375398,1004.0555631375398,0
2025-09-22T19:00:00,1004.0555631375398,1004.0555631375398,0
2025-09-22T19:15:00,1004.0555631375398,1004.0555631375398,0
2025-09-22T19:30:00,1004.0555631375398,1004.0555631375398,0
2025-09-22T19:45:00,1004.0555631375398,1004.0555631375398,0
2025-09-22T20:00:00,1004.0555631375398,1004.0555631375398,0
2025-09-22T20:15:00,1004.0555631375398,1004.0555631375398,0
2025-09-22T20:30:00,1004.0555631375398,1004.0555631375398,0
2025-09-22T20:45:00,1004.0555631375398,1004.0555631375398,0
2025-09-22T21:00:00,1004.0555631375398,1004.0555631375398,0
2025-09-22T21:15:00,1004.0555631375398,1004.0555631375398,0
2025-09-22T21:30:00,1004.0555631375398,1004.0555631375398,0
2025-09-22T21:45:00,1004.0555631375398,1004.0555631375398,0
2025-09-22T22:00:00,1004.0555631375398,1004.0555631375398,0
2025-09-22T22:15:00,1004.0555631375398,1004.0555631375398,0
2025-09-22T22:30:00,1004.0555631375398,1004.0555631375398,0
2025-09-22T22:45:00,1004.0555631375398,1004.0555631375398,0
2025-09-22T23:00:00,1004.0555631375398,1004.0555631375398,0
2025-09-22T23:15:00,1004.0555631375398,1004.0555631375398,0
2025-09-22T23:30:00,1004.0555631375398,1004.0555631375398,0
2025-09-22T23:45:00,1004.0555631375398,1004.0555631375398,0
2025-09-23T00:00:00,1004.0555631375398,1004.0555631375398,0
2025-09-23T00:15:00,1004.0555631375398,1004.0555631375398,0
2025-09-23T00:30:00,1004.0555631375398,1004.0555631375398,0
2025-09-23T00:45:00,1004.0555631375398,1004.0555631375398,0
2025-09-23T01:00:00,1004.0555631375398,1004.0555631375398,0
2025-09-23T01:15:00,1004.0555631375398,1004.0555631375398,0
2025-09-23T01:30:00,1004.0555631375398,1004.0555631375398,0
2025-09-23T01:45:00,1004.0555631375398,1004.0555631375398,0
2025-09-23T02:00:00,1004.0555631375398,1004.0555631375398,0
2025-09-23T02:15:00,1004.0555631375398,1004.0555631375398,0
2025-09-23T02:30:00,1004.0555631375398,1004.0555631375398,0
2025-09-23T02:45:00,1004.0555631375398,1004.0555631375398,0
2025-09-23T03:00:00,1004.0555631375398,1004.0555631375398,0
2025-09-23T03:15:00,1004.0555631375398,1004.0555631375398,0
2025-09-23T03:30:00,1004.0555631375398,1004.0555631375398,0
2025-09-23T03:45:00,1004.0555631375398,1004.0555631375398,0
2025-09-23T04:00:00,1004.0555631375398,1004.0555631375398,0
2025-09-23T04:15:00,1004.0555631375398,1004.0555631375398,0
2025-09-23T04:30:00,1004.0555631375398,1004.0555631375398,0
2025-09-23T04:45:00,1004.0555631375398,1004.0555631375398,0
2025-09-23T05:00:00,1004.0555631375398,1004.0555631375398,0
2025-09-23T05:15:00,1004.0555631375398,1004.0555631375398,0
2025-09-23T05:30:00,1004.0555631375398,1004.0555631375398,0
2025-09-23T05:45:00,1004.0555631375398,1004.0555631375398,0
2025-09-23T06:00:00,1004.0555631375398,1004.0555631375398,0
2025-09-23T06:15:00,1004.0555631375398,1004.0555631375398,0
2025-09-23T06:30:00,1004.0555631375398,1004.0555631375398,0
2025-09-23T06:45:00,1004.0555631375398,1004.0555631375398,0
2025-09-23T07:00:00,1004.0555631375398,1004.0555631375398,0
2025-09-23T07:15:00,1004.0555631375398,1004.0555631375398,0
2025-09-23T07:30:00,1004.0555631375398,1004.0555631375398,0
2025-09-23T07:45:00,1004.0555631375398,1004.0555631375398,0
2025-09-23T08:00:00,1004.0555631375398,1004.0555631375398,0
2025-09-23T08:15:00,1004.0555631375398,1004.0555631375398,0
2025-09-23T08:30:00,1004.0555631375398,1004.0555631375398,0
2025-09-23T08:45:00,1004.0555631375398,1004.0555631375398,0
2025-09-23T09:00:00,1004.0555631375398,1004.0555631375398,0
2025-09-23T09:15:00,1004.0555631375398,1004.0555631375398,0
2025-09-23T09:30:00,1004.0555631375398,1004.0555631375398,0
2025-09-23T09:45:00,1004.0555631375398,1004.0555631375398,0
2025-09-23T10:00:00,1004.0555631375398,1004.0555631375398,0
2025-09-23T10:15:00,1004.0555631375398,1004.0555631375398,0
2025-09-23T10:30:00,1004.0555631375398,1004.0555631375398,0
2025-09-23T10:45:00,1004.0555631375398,1004.0555631375398,0
2025-09-23T11:00:00,1004.0555631375398,1004.0555631375398,0
2025-09-23T11:15:00,1003.1387784549368,883.3761168929127,1
2025-09-23T11:30:00,1002.1466489216989,1002.1466489216989,0
2025-09-23T11:45:00,1002.1466489216989,1002.1466489216989,0
2025-09-23T12:00:00,1002.1466489216989,1002.1466489216989,0
2025-09-23T12:15:00,1002.1466489216989,1002.1466489216989,0
2025-09-23T12:30:00,1002.1466489216989,1002.1466489216989,0
2025-09-23T12:45:00,1002.1466489216989,1002.1466489216989,0
2025-09-23T13:00:00,1002.1466489216989,1002.1466489216989,0
2025-09-23T13:15:00,1002.1466489216989,1002.1466489216989,0
2025-09-23T13:30:00,1002.1466489216989,1002.1466489216989,0
2025-09-23T13:45:00,1002.1466489216989,1002.1466489216989,0
2025-09-23T14:00:00,1002.1466489216989,1002.1466489216989,0
2025-09-23T14:15:00,1002.1466489216989,1002.1466489216989,0
2025-09-23T14:30:00,1002.1466489216989,1002.1466489216989,0
2025-09-23T14:45:00,1002.1466489216989,1002.1466489216989,0
2025-09-23T15:00:00,1002.1466489216989,1002.1466489216989,0
2025-09-23T15:15:00,1002.1466489216989,1002.1466489216989,0
2025-09-23T15:30:00,1002.1466489216989,1002.1466489216989,0
2025-09-23T15:45:00,1002.1466489216989,1002.1466489216989,0
2025-09-23T16:00:00,1002.1466489216989,1002.1466489216989,0
2025-09-23T16:15:00,1002.1466489216989,1002.1466489216989,0
2025-09-23T16:30:00,1002.1466489216989,1002.1466489216989,0
2025-09-23T16:45:00,1002.1466489216989,1002.1466489216989,0
2025-09-23T17:00:00,1002.1466489216989,1002.1466489216989,0
2025-09-23T17:15:00,1002.1466489216989,1002.1466489216989,0
2025-09-23T17:30:00,1001.231607233585,881.696638894502,1
2025-09-23T17:45:00,1000.7248218018899,881.696638894502,1
2025-09-23T18:00:00,1000.1041258832543,881.696638894502,1
2025-09-23T18:15:00,999.5078393546771,881.696638894502,1
2025-09-23T18:30:00,1000.453993807429,881.696638894502,1
2025-09-23T18:45:00,999.776342645323,881.696638894502,1
2025-09-23T19:00:00,998.2989933708174,881.696638894502,1
2025-09-23T19:15:00,997.8766596379758,997.8766596379758,0
2025-09-23T19:30:00,997.8766596379758,997.8766596379758,0
2025-09-23T19:45:00,997.8766596379758,997.8766596379758,0
2025-09-23T20:00:00,997.8766596379758,997.8766596379758,0
2025-09-23T20:15:00,997.8766596379758,997.8766596379758,0
2025-09-23T20:30:00,997.8766596379758,997.8766596379758,0
2025-09-23T20:45:00,997.8766596379758,997.8766596379758,0
2025-09-23T21:00:00,997.8766596379758,997.8766596379758,0
2025-09-23T21:15:00,997.8766596379758,997.8766596379758,0
2025-09-23T21:30:00,997.8766596379758,997.8766596379758,0
2025-09-23T21:45:00,997.8766596379758,997.8766596379758,0
2025-09-23T22:00:00,997.8766596379758,997.8766596379758,0
2025-09-23T22:15:00,997.8766596379758,997.8766596379758,0
2025-09-23T22:30:00,997.8766596379758,997.8766596379758,0
2025-09-23T22:45:00,997.8766596379758,997.8766596379758,0
2025-09-23T23:00:00,997.8766596379758,997.8766596379758,0
2025-09-23T23:15:00,997.8766596379758,997.8766596379758,0
2025-09-23T23:30:00,997.8766596379758,997.8766596379758,0
2025-09-23T23:45:00,997.8766596379758,997.8766596379758,0
2025-09-24T00:00:00,997.8766596379758,997.8766596379758,0
2025-09-24T00:15:00,997.8766596379758,997.8766596379758,0
2025-09-24T00:30:00,997.8766596379758,997.8766596379758,0
2025-09-24T00:45:00,997.8766596379758,997.8766596379758,0
2025-09-24T01:00:00,997.8766596379758,997.8766596379758,0
2025-09-24T01:15:00,997.8766596379758,997.8766596379758,0
2025-09-24T01:30:00,997.8766596379758,997.8766596379758,0
2025-09-24T01:45:00,997.8766596379758,997.8766596379758,0
2025-09-24T02:00:00,997.8766596379758,997.8766596379758,0
2025-09-24T02:15:00,997.8766596379758,997.8766596379758,0
2025-09-24T02:30:00,997.8766596379758,997.8766596379758,0
2025-09-24T02:45:00,997.8766596379758,997.8766596379758,0
2025-09-24T03:00:00,997.8766596379758,997.8766596379758,0
2025-09-24T03:15:00,997.8766596379758,997.8766596379758,0
2025-09-24T03:30:00,997.8766596379758,997.8766596379758,0
2025-09-24T03:45:00,997.8766596379758,997.8766596379758,0
2025-09-24T04:00:00,997.8766596379758,997.8766596379758,0
2025-09-24T04:15:00,997.8766596379758,997.8766596379758,0
2025-09-24T04:30:00,997.8766596379758,997.8766596379758,0
2025-09-24T04:45:00,997.8766596379758,997.8766596379758,0
2025-09-24T05:00:00,997.8766596379758,997.8766596379758,0
2025-09-24T05:15:00,997.8766596379758,997.8766596379758,0
2025-09-24T05:30:00,997.8766596379758,997.8766596379758,0
2025-09-24T05:45:00,997.8766596379758,997.8766596379758,0
2025-09-24T06:00:00,997.8766596379758,997.8766596379758,0
2025-09-24T06:15:00,997.8766596379758,997.8766596379758,0
2025-09-24T06:30:00,997.8766596379758,997.8766596379758,0
2025-09-24T06:45:00,997.8766596379758,997.8766596379758,0
2025-09-24T07:00:00,997.8766596379758,997.8766596379758,0
2025-09-24T07:15:00,997.8766596379758,997.8766596379758,0
2025-09-24T07:30:00,997.8766596379758,997.8766596379758,0
2025-09-24T07:45:00,997.8766596379758,997.8766596379758,0
2025-09-24T08:00:00,997.8766596379758,997.8766596379758,0
2025-09-24T08:15:00,997.8766596379758,997.8766596379758,0
2025-09-24T08:30:00,997.8766596379758,997.8766596379758,0
2025-09-24T08:45:00,997.8766596379758,997.8766596379758,0
2025-09-24T09:00:00,997.8766596379758,997.8766596379758,0
2025-09-24T09:15:00,997.8766596379758,997.8766596379758,0
2025-09-24T09:30:00,997.8766596379758,997.8766596379758,0
2025-09-24T09:45:00,997.8766596379758,997.8766596379758,0
2025-09-24T10:00:00,997.8766596379758,997.8766596379758,0
2025-09-24T10:15:00,997.8766596379758,997.8766596379758,0
2025-09-24T10:30:00,997.8766596379758,997.8766596379758,0
2025-09-24T10:45:00,997.8766596379758,997.8766596379758,0
2025-09-24T11:00:00,997.8766596379758,997.8766596379758,0
2025-09-24T11:15:00,997.8766596379758,997.8766596379758,0
2025-09-24T11:30:00,997.8766596379758,997.8766596379758,0
2025-09-24T11:45:00,997.8766596379758,997.8766596379758,0
2025-09-24T12:00:00,997.8766596379758,997.8766596379758,0
2025-09-24T12:15:00,997.8766596379758,997.8766596379758,0
2025-09-24T12:30:00,997.8766596379758,997.8766596379758,0
2025-09-24T12:45:00,997.8766596379758,997.8766596379758,0
2025-09-24T13:00:00,997.8766596379758,997.8766596379758,0
2025-09-24T13:15:00,997.8766596379758,997.8766596379758,0
2025-09-24T13:30:00,997.8766596379758,997.8766596379758,0
2025-09-24T13:45:00,997.8766596379758,997.8766596379758,0
2025-09-24T14:00:00,997.8766596379758,997.8766596379758,0
2025-09-24T14:15:00,997.8766596379758,997.8766596379758,0
2025-09-24T14:30:00,997.8766596379758,997.8766596379758,0
2025-09-24T14:45:00,997.8766596379758,997.8766596379758,0
2025-09-24T15:00:00,997.8766596379758,997.8766596379758,0
2025-09-24T15:15:00,997.8766596379758,997.8766596379758,0
2025-09-24T15:30:00,997.8766596379758,997.8766596379758,0
2025-09-24T15:45:00,997.8766596379758,997.8766596379758,0
2025-09-24T16:00:00,997.8766596379758,997.8766596379758,0
2025-09-24T16:15:00,997.8766596379758,997.8766596379758,0
2025-09-24T16:30:00,997.8766596379758,997.8766596379758,0
2025-09-24T16:45:00,997.8766596379758,997.8766596379758,0
2025-09-24T17:00:00,997.8766596379758,997.8766596379758,0
2025-09-24T17:15:00,997.8766596379758,997.8766596379758,0
2025-09-24T17:30:00,997.8766596379758,997.8766596379758,0
2025-09-24T17:45:00,997.8766596379758,997.8766596379758,0
2025-09-24T18:00:00,997.8766596379758,997.8766596379758,0
2025-09-24T18:15:00,997.8766596379758,997.8766596379758,0
2025-09-24T18:30:00,997.8766596379758,997.8766596379758,0
2025-09-24T18:45:00,997.8766596379758,997.8766596379758,0
2025-09-24T19:00:00,997.8766596379758,997.8766596379758,0
2025-09-24T19:15:00,997.8766596379758,997.8766596379758,0
2025-09-24T19:30:00,997.8766596379758,997.8766596379758,0
2025-09-24T19:45:00,997.8766596379758,997.8766596379758,0
2025-09-24T20:00:00,997.8766596379758,997.8766596379758,0
2025-09-24T20:15:00,997.8766596379758,997.8766596379758,0
2025-09-24T20:30:00,997.8766596379758,997.8766596379758,0
2025-09-24T20:45:00,997.8766596379758,997.8766596379758,0
2025-09-24T21:00:00,997.8766596379758,997.8766596379758,0
2025-09-24T21:15:00,997.8766596379758,997.8766596379758,0
2025-09-24T21:30:00,997.8766596379758,997.8766596379758,0
2025-09-24T21:45:00,997.8766596379758,997.8766596379758,0
2025-09-24T22:00:00,997.8766596379758,997.8766596379758,0
2025-09-24T22:15:00,997.8766596379758,997.8766596379758,0
2025-09-24T22:30:00,997.8766596379758,997.8766596379758,0
2025-09-24T22:45:00,997.8766596379758,997.8766596379758,0
2025-09-24T23:00:00,997.8766596379758,997.8766596379758,0
2025-09-24T23:15:00,997.8766596379758,997.8766596379758,0
2025-09-24T23:30:00,997.8766596379758,997.8766596379758,0
2025-09-24T23:45:00,997.8766596379758,997.8766596379758,0
2025-09-25T00:00:00,997.8766596379758,997.8766596379758,0
2025-09-25T00:15:00,996.965516798605,877.9398681627682,1
2025-09-25T00:30:00,996.6700006545947,877.9398681627682,1
2025-09-25T00:45:00,998.1348336194144,877.9398681627682,1
2025-09-25T01:00:00,998.5473973341894,877.9398681627682,1
2025-09-25T01:15:00,1000.3842329744105,877.9398681627682,1
2025-09-25T01:30:00,1003.1968513332848,877.9398681627682,1
2025-09-25T01:45:00,1001.2707814064413,877.9398681627682,1
2025-09-25T02:00:00,1002.4632759640358,877.9398681627682,1
2025-09-25T02:15:00,1003.4923674772951,877.9398681627682,1
2025-09-25T02:30:00,1001.3322024089218,877.9398681627682,1
2025-09-25T02:45:00,1001.264986972245,877.9398681627682,1
2025-09-25T03:00:00,1002.7981942605808,877.9398681627682,1
2025-09-25T03:15:00,1008.731694877572,877.9398681627682,1
2025-09-25T03:30:00,1007.4557604675509,877.9398681627682,1
2025-09-25T03:45:00,1005.835636666271,877.9398681627682,1
2025-09-25T04:00:00,1007.500957054282,877.9398681627682,1
2025-09-25T04:15:00,1009.0156221531896,877.9398681627682,1
2025-09-25T04:30:00,1008.5590207385228,877.9398681627682,1
2025-09-25T04:45:00,1012.7773688334149,877.9398681627682,1
2025-09-25T05:00:00,1011.4330600998778,877.9398681627682,1
2025-09-25T05:15:00,1009.1952496132744,877.9398681627682,1
2025-09-25T05:30:00,1009.7376086540462,877.9398681627682,1
2025-09-25T05:45:00,1010.1339479530718,877.9398681627682,1
2025-09-25T06:00:00,1012.4042072711745,877.9398681627682,1
2025-09-25T06:15:00,1012.4806938025654,877.9398681627682,1
2025-09-25T06:30:00,1012.9257063488396,877.9398681627682,1
2025-09-25T06:45:00,1013.3718777819533,877.9398681627682,1
2025-09-25T07:00:00,1013.0995393747281,877.9398681627682,1
2025-09-25T07:15:00,1011.2744918841536,1011.2744918841536,0
2025-09-25T07:30:00,1011.2744918841536,1011.2744918841536,0
2025-09-25T07:45:00,1011.2744918841536,1011.2744918841536,0
2025-09-25T08:00:00,1011.2744918841536,1011.2744918841536,0
2025-09-25T08:15:00,1011.2744918841536,1011.2744918841536,0
2025-09-25T08:30:00,1011.2744918841536,1011.2744918841536,0
2025-09-25T08:45:00,1011.2744918841536,1011.2744918841536,0
2025-09-25T09:00:00,1011.2744918841536,1011.2744918841536,0
2025-09-25T09:15:00,1011.2744918841536,1011.2744918841536,0
2025-09-25T09:30:00,1011.2744918841536,1011.2744918841536,0
2025-09-25T09:45:00,1011.2744918841536,1011.2744918841536,0
2025-09-25T10:00:00,1011.2744918841536,1011.2744918841536,0
2025-09-25T10:15:00,1011.2744918841536,1011.2744918841536,0
2025-09-25T10:30:00,1011.2744918841536,1011.2744918841536,0
2025-09-25T10:45:00,1011.2744918841536,1011.2744918841536,0
2025-09-25T11:00:00,1011.2744918841536,1011.2744918841536,0
2025-09-25T11:15:00,1011.2744918841536,1011.2744918841536,0
2025-09-25T11:30:00,1011.2744918841536,1011.2744918841536,0
2025-09-25T11:45:00,1011.2744918841536,1011.2744918841536,0
2025-09-25T12:00:00,1011.2744918841536,1011.2744918841536,0
2025-09-25T12:15:00,1010.3511157303783,889.7273881556134,1
2025-09-25T12:30:00,1009.2362692341932,889.7273881556134,1
2025-09-25T12:45:00,1010.4156861835398,889.7273881556134,1
2025-09-25T13:00:00,1009.6977554878526,889.7273881556134,1
2025-09-25T13:15:00,1007.8125675941892,1007.8125675941892,0
2025-09-25T13:30:00,1007.8125675941892,1007.8125675941892,0
2025-09-25T13:45:00,1007.8125675941892,1007.8125675941892,0
2025-09-25T14:00:00,1007.8125675941892,1007.8125675941892,0
2025-09-25T14:15:00,1007.8125675941892,1007.8125675941892,0
2025-09-25T14:30:00,1007.8125675941892,1007.8125675941892,0
2025-09-25T14:45:00,1007.8125675941892,1007.8125675941892,0
2025-09-25T15:00:00,1007.8125675941892,1007.8125675941892,0
2025-09-25T15:15:00,1007.8125675941892,1007.8125675941892,0
2025-09-25T15:30:00,1007.8125675941892,1007.8125675941892,0
2025-09-25T15:45:00,1007.8125675941892,1007.8125675941892,0
2025-09-25T16:00:00,1007.8125675941892,1007.8125675941892,0
2025-09-25T16:15:00,1007.8125675941892,1007.8125675941892,0
2025-09-25T16:30:00,1007.8125675941892,1007.8125675941892,0
2025-09-25T16:45:00,1007.8125675941892,1007.8125675941892,0
2025-09-25T17:00:00,1006.8923524598613,886.6815594699084,1
2025-09-25T17:15:00,1006.4933370963254,886.6815594699084,1
2025-09-25T17:30:00,1010.714695895603,886.6815594699084,1
2025-09-25T17:45:00,1014.1952037395303,886.6815594699084,1
2025-09-25T18:00:00,1011.5027823145493,886.6815594699084,1
2025-09-25T18:15:00,1008.8215482362095,886.6815594699084,1
2025-09-25T18:30:00,1007.8258743851432,886.6815594699084,1
2025-09-25T18:45:00,1003.4814547728125,886.6815594699084,1
2025-09-25T19:00:00,1003.2134226676492,1003.2134226676492,0
2025-09-25T19:15:00,1003.2134226676492,1003.2134226676492,0
2025-09-25T19:30:00,1003.2134226676492,1003.2134226676492,0
2025-09-25T19:45:00,1003.2134226676492,1003.2134226676492,0
2025-09-25T20:00:00,1003.2134226676492,1003.2134226676492,0
2025-09-25T20:15:00,1003.2134226676492,1003.2134226676492,0
2025-09-25T20:30:00,1003.2134226676492,1003.2134226676492,0
2025-09-25T20:45:00,1003.2134226676492,1003.2134226676492,0
2025-09-25T21:00:00,1003.2134226676492,1003.2134226676492,0
2025-09-25T21:15:00,1003.2134226676492,1003.2134226676492,0
2025-09-25T21:30:00,1003.2134226676492,1003.2134226676492,0
2025-09-25T21:45:00,1003.2134226676492,1003.2134226676492,0
2025-09-25T22:00:00,1003.2134226676492,1003.2134226676492,0
2025-09-25T22:15:00,1003.2134226676492,1003.2134226676492,0
2025-09-25T22:30:00,1003.2134226676492,1003.2134226676492,0
2025-09-25T22:45:00,1003.2134226676492,1003.2134226676492,0
2025-09-25T23:00:00,1003.2134226676492,1003.2134226676492,0
2025-09-25T23:15:00,1003.2134226676492,1003.2134226676492,0
2025-09-25T23:30:00,1003.2134226676492,1003.2134226676492,0
2025-09-25T23:45:00,1003.2134226676492,1003.2134226676492,0
2025-09-26T00:00:00,1003.2134226676492,1003.2134226676492,0
2025-09-26T00:15:00,1003.2134226676492,1003.2134226676492,0
2025-09-26T00:30:00,1003.2134226676492,1003.2134226676492,0
2025-09-26T00:45:00,1003.2134226676492,1003.2134226676492,0
2025-09-26T01:00:00,1003.2134226676492,1003.2134226676492,0
2025-09-26T01:15:00,1003.2134226676492,1003.2134226676492,0
2025-09-26T01:30:00,1003.2134226676492,1003.2134226676492,0
2025-09-26T01:45:00,1003.2134226676492,1003.2134226676492,0
2025-09-26T02:00:00,1003.2134226676492,1003.2134226676492,0
2025-09-26T02:15:00,1003.2134226676492,1003.2134226676492,0
2025-09-26T02:30:00,1003.2134226676492,1003.2134226676492,0
2025-09-26T02:45:00,1003.2134226676492,1003.2134226676492,0
2025-09-26T03:00:00,1003.2134226676492,1003.2134226676492,0
2025-09-26T03:15:00,1003.2134226676492,1003.2134226676492,0
2025-09-26T03:30:00,1003.2134226676492,1003.2134226676492,0
2025-09-26T03:45:00,1003.2134226676492,1003.2134226676492,0
2025-09-26T04:00:00,1003.2134226676492,1003.2134226676492,0
2025-09-26T04:15:00,1003.2134226676492,1003.2134226676492,0
2025-09-26T04:30:00,1003.2134226676492,1003.2134226676492,0
2025-09-26T04:45:00,1003.2134226676492,1003.2134226676492,0
2025-09-26T05:00:00,1003.2134226676492,1003.2134226676492,0
2025-09-26T05:15:00,1003.2134226676492,1003.2134226676492,0
2025-09-26T05:30:00,1003.2134226676492,1003.2134226676492,0
2025-09-26T05:45:00,1003.2134226676492,1003.2134226676492,0
2025-09-26T06:00:00,1003.2134226676492,1003.2134226676492,0
2025-09-26T06:15:00,1003.2134226676492,1003.2134226676492,0
2025-09-26T06:30:00,1003.2134226676492,1003.2134226676492,0
2025-09-26T06:45:00,1003.2134226676492,1003.2134226676492,0
2025-09-26T07:00:00,1003.2134226676492,1003.2134226676492,0
2025-09-26T07:15:00,1003.2134226676492,1003.2134226676492,0
2025-09-26T07:30:00,1002.2974069280326,882.6351949703791,1
2025-09-26T07:45:00,998.3078621757649,998.3078621757649,0
2025-09-26T08:00:00,998.3078621757649,998.3078621757649,0
2025-09-26T08:15:00,998.3078621757649,998.3078621757649,0
2025-09-26T08:30:00,998.3078621757649,998.3078621757649,0
2025-09-26T08:45:00,998.3078621757649,998.3078621757649,0
2025-09-26T09:00:00,998.3078621757649,998.3078621757649,0
2025-09-26T09:15:00,998.3078621757649,998.3078621757649,0
2025-09-26T09:30:00,998.3078621757649,998.3078621757649,0
2025-09-26T09:45:00,998.3078621757649,998.3078621757649,0
2025-09-26T10:00:00,998.3078621757649,998.3078621757649,0
2025-09-26T10:15:00,998.3078621757649,998.3078621757649,0
2025-09-26T10:30:00,998.3078621757649,998.3078621757649,0
2025-09-26T10:45:00,998.3078621757649,998.3078621757649,0
2025-09-26T11:00:00,998.3078621757649,998.3078621757649,0
2025-09-26T11:15:00,998.3078621757649,998.3078621757649,0
2025-09-26T11:30:00,998.3078621757649,998.3078621757649,0
2025-09-26T11:45:00,998.3078621757649,998.3078621757649,0
2025-09-26T12:00:00,998.3078621757649,998.3078621757649,0
2025-09-26T12:15:00,998.3078621757649,998.3078621757649,0
2025-09-26T12:30:00,998.3078621757649,998.3078621757649,0
2025-09-26T12:45:00,998.3078621757649,998.3078621757649,0
2025-09-26T13:00:00,998.3078621757649,998.3078621757649,0
2025-09-26T13:15:00,998.3078621757649,998.3078621757649,0
2025-09-26T13:30:00,998.3078621757649,998.3078621757649,0
2025-09-26T13:45:00,998.3078621757649,998.3078621757649,0
2025-09-26T14:00:00,998.3078621757649,998.3078621757649,0
2025-09-26T14:15:00,998.3078621757649,998.3078621757649,0
2025-09-26T14:30:00,998.3078621757649,998.3078621757649,0
2025-09-26T14:45:00,998.3078621757649,998.3078621757649,0
2025-09-26T15:00:00,998.3078621757649,998.3078621757649,0
2025-09-26T15:15:00,998.3078621757649,998.3078621757649,0
2025-09-26T15:30:00,998.3078621757649,998.3078621757649,0
2025-09-26T15:45:00,998.3078621757649,998.3078621757649,0
2025-09-26T16:00:00,998.3078621757649,998.3078621757649,0
2025-09-26T16:15:00,998.3078621757649,998.3078621757649,0
2025-09-26T16:30:00,998.3078621757649,998.3078621757649,0
2025-09-26T16:45:00,998.3078621757649,998.3078621757649,0
2025-09-26T17:00:00,998.3078621757649,998.3078621757649,0
2025-09-26T17:15:00,998.3078621757649,998.3078621757649,0
2025-09-26T17:30:00,998.3078621757649,998.3078621757649,0
2025-09-26T17:45:00,998.3078621757649,998.3078621757649,0
2025-09-26T18:00:00,997.3984819631153,878.3192436051354,1
2025-09-26T18:15:00,997.8497150365496,878.3192436051354,1
2025-09-26T18:30:00,996.445222564525,878.3192436051354,1
2025-09-26T18:45:00,996.634220710466,878.3192436051354,1
2025-09-26T19:00:00,996.0518701732851,878.3192436051354,1
2025-09-26T19:15:00,994.1099142237405,878.3192436051354,1
2025-09-26T19:30:00,992.5474005970351,992.5474005970351,0
2025-09-26T19:45:00,992.5474005970351,992.5474005970351,0
2025-09-26T20:00:00,992.5474005970351,992.5474005970351,0
2025-09-26T20:15:00,992.5474005970351,992.5474005970351,0
2025-09-26T20:30:00,992.5474005970351,992.5474005970351,0
2025-09-26T20:45:00,992.5474005970351,992.5474005970351,0
2025-09-26T21:00:00,992.5474005970351,992.5474005970351,0
2025-09-26T21:15:00,992.5474005970351,992.5474005970351,0
2025-09-26T21:30:00,992.5474005970351,992.5474005970351,0
2025-09-26T21:45:00,992.5474005970351,992.5474005970351,0
2025-09-26T22:00:00,992.5474005970351,992.5474005970351,0
2025-09-26T22:15:00,992.5474005970351,992.5474005970351,0
2025-09-26T22:30:00,992.5474005970351,992.5474005970351,0
2025-09-26T22:45:00,992.5474005970351,992.5474005970351,0
2025-09-26T23:00:00,992.5474005970351,992.5474005970351,0
2025-09-26T23:15:00,992.5474005970351,992.5474005970351,0
2025-09-26T23:30:00,992.5474005970351,992.5474005970351,0
2025-09-26T23:45:00,992.5474005970351,992.5474005970351,0
2025-09-27T00:00:00,992.5474005970351,992.5474005970351,0
2025-09-27T00:15:00,992.5474005970351,992.5474005970351,0
2025-09-27T00:30:00,992.5474005970351,992.5474005970351,0
2025-09-27T00:45:00,992.5474005970351,992.5474005970351,0
2025-09-27T01:00:00,992.5474005970351,992.5474005970351,0
2025-09-27T01:15:00,992.5474005970351,992.5474005970351,0
2025-09-27T01:30:00,992.5474005970351,992.5474005970351,0
2025-09-27T01:45:00,992.5474005970351,992.5474005970351,0
2025-09-27T02:00:00,992.5474005970351,992.5474005970351,0
2025-09-27T02:15:00,992.5474005970351,992.5474005970351,0
2025-09-27T02:30:00,992.5474005970351,992.5474005970351,0
2025-09-27T02:45:00,992.5474005970351,992.5474005970351,0
2025-09-27T03:00:00,992.5474005970351,992.5474005970351,0
2025-09-27T03:15:00,992.5474005970351,992.5474005970351,0
2025-09-27T03:30:00,992.5474005970351,992.5474005970351,0
2025-09-27T03:45:00,992.5474005970351,992.5474005970351,0
2025-09-27T04:00:00,992.5474005970351,992.5474005970351,0
2025-09-27T04:15:00,992.5474005970351,992.5474005970351,0
2025-09-27T04:30:00,992.5474005970351,992.5474005970351,0
2025-09-27T04:45:00,992.5474005970351,992.5474005970351,0
2025-09-27T05:00:00,992.5474005970351,992.5474005970351,0
2025-09-27T05:15:00,992.5474005970351,992.5474005970351,0
2025-09-27T05:30:00,992.5474005970351,992.5474005970351,0
2025-09-27T05:45:00,992.5474005970351,992.5474005970351,0
2025-09-27T06:00:00,992.5474005970351,992.5474005970351,0
2025-09-27T06:15:00,992.5474005970351,992.5474005970351,0
2025-09-27T06:30:00,992.5474005970351,992.5474005970351,0
2025-09-27T06:45:00,992.5474005970351,992.5474005970351,0
2025-09-27T07:00:00,992.5474005970351,992.5474005970351,0
2025-09-27T07:15:00,992.5474005970351,992.5474005970351,0
2025-09-27T07:30:00,992.5474005970351,992.5474005970351,0
2025-09-27T07:45:00,992.5474005970351,992.5474005970351,0
2025-09-27T08:00:00,992.5474005970351,992.5474005970351,0
2025-09-27T08:15:00,992.5474005970351,992.5474005970351,0
2025-09-27T08:30:00,992.5474005970351,992.5474005970351,0
2025-09-27T08:45:00,992.5474005970351,992.5474005970351,0
2025-09-27T09:00:00,992.5474005970351,992.5474005970351,0
2025-09-27T09:15:00,992.5474005970351,992.5474005970351,0
2025-09-27T09:30:00,992.5474005970351,992.5474005970351,0
2025-09-27T09:45:00,992.5474005970351,992.5474005970351,0
2025-09-27T10:00:00,992.5474005970351,992.5474005970351,0
2025-09-27T10:15:00,992.5474005970351,992.5474005970351,0
2025-09-27T10:30:00,992.5474005970351,992.5474005970351,0
2025-09-27T10:45:00,992.5474005970351,992.5474005970351,0
2025-09-27T11:00:00,992.5474005970351,992.5474005970351,0
2025-09-27T11:15:00,992.5474005970351,992.5474005970351,0
2025-09-27T11:30:00,992.5474005970351,992.5474005970351,0
2025-09-27T11:45:00,992.5474005970351,992.5474005970351,0
2025-09-27T12:00:00,992.5474005970351,992.5474005970351,0
2025-09-27T12:15:00,992.5474005970351,992.5474005970351,0
2025-09-27T12:30:00,992.5474005970351,992.5474005970351,0
2025-09-27T12:45:00,992.5474005970351,992.5474005970351,0
2025-09-27T13:00:00,992.5474005970351,992.5474005970351,0
2025-09-27T13:15:00,992.5474005970351,992.5474005970351,0
2025-09-27T13:30:00,992.5474005970351,992.5474005970351,0
2025-09-27T13:45:00,992.5474005970351,992.5474005970351,0
2025-09-27T14:00:00,992.5474005970351,992.5474005970351,0
2025-09-27T14:15:00,992.5474005970351,992.5474005970351,0
2025-09-27T14:30:00,992.5474005970351,992.5474005970351,0
2025-09-27T14:45:00,992.5474005970351,992.5474005970351,0
2025-09-27T15:00:00,992.5474005970351,992.5474005970351,0
2025-09-27T15:15:00,992.5474005970351,992.5474005970351,0
2025-09-27T15:30:00,992.5474005970351,992.5474005970351,0
2025-09-27T15:45:00,992.5474005970351,992.5474005970351,0
2025-09-27T16:00:00,992.5474005970351,992.5474005970351,0
2025-09-27T16:15:00,992.5474005970351,992.5474005970351,0
2025-09-27T16:30:00,992.5474005970351,992.5474005970351,0
2025-09-27T16:45:00,992.5474005970351,992.5474005970351,0
2025-09-27T17:00:00,992.5474005970351,992.5474005970351,0
2025-09-27T17:15:00,992.5474005970351,992.5474005970351,0
2025-09-27T17:30:00,992.5474005970351,992.5474005970351,0
2025-09-27T17:45:00,992.5474005970351,992.5474005970351,0
2025-09-27T18:00:00,992.5474005970351,992.5474005970351,0
2025-09-27T18:15:00,992.5474005970351,992.5474005970351,0
2025-09-27T18:30:00,992.5474005970351,992.5474005970351,0
2025-09-27T18:45:00,992.5474005970351,992.5474005970351,0
2025-09-27T19:00:00,992.5474005970351,992.5474005970351,0
2025-09-27T19:15:00,992.5474005970351,992.5474005970351,0
2025-09-27T19:30:00,992.5474005970351,992.5474005970351,0
2025-09-27T19:45:00,992.5474005970351,992.5474005970351,0
2025-09-27T20:00:00,992.5474005970351,992.5474005970351,0
2025-09-27T20:15:00,992.5474005970351,992.5474005970351,0
2025-09-27T20:30:00,992.5474005970351,992.5474005970351,0
2025-09-27T20:45:00,992.5474005970351,992.5474005970351,0
2025-09-27T21:00:00,992.5474005970351,992.5474005970351,0
2025-09-27T21:15:00,992.5474005970351,992.5474005970351,0
2025-09-27T21:30:00,992.5474005970351,992.5474005970351,0
2025-09-27T21:45:00,992.5474005970351,992.5474005970351,0
2025-09-27T22:00:00,992.5474005970351,992.5474005970351,0
2025-09-27T22:15:00,992.5474005970351,992.5474005970351,0
2025-09-27T22:30:00,992.5474005970351,992.5474005970351,0
2025-09-27T22:45:00,992.5474005970351,992.5474005970351,0
2025-09-27T23:00:00,992.5474005970351,992.5474005970351,0
2025-09-27T23:15:00,992.5474005970351,992.5474005970351,0
2025-09-27T23:30:00,992.5474005970351,992.5474005970351,0
2025-09-27T23:45:00,992.5474005970351,992.5474005970351,0
2025-09-28T00:00:00,992.5474005970351,992.5474005970351,0
2025-09-28T00:15:00,992.5474005970351,992.5474005970351,0
2025-09-28T00:30:00,992.5474005970351,992.5474005970351,0
2025-09-28T00:45:00,992.5474005970351,992.5474005970351,0
2025-09-28T01:00:00,992.5474005970351,992.5474005970351,0
2025-09-28T01:15:00,992.5474005970351,992.5474005970351,0
2025-09-28T01:30:00,992.5474005970351,992.5474005970351,0
2025-09-28T01:45:00,992.5474005970351,992.5474005970351,0
2025-09-28T02:00:00,992.5474005970351,992.5474005970351,0
2025-09-28T02:15:00,992.5474005970351,992.5474005970351,0
2025-09-28T02:30:00,992.5474005970351,992.5474005970351,0
2025-09-28T02:45:00,992.5474005970351,992.5474005970351,0
2025-09-28T03:00:00,992.5474005970351,992.5474005970351,0
2025-09-28T03:15:00,992.5474005970351,992.5474005970351,0
2025-09-28T03:30:00,992.5474005970351,992.5474005970351,0
2025-09-28T03:45:00,992.5474005970351,992.5474005970351,0
2025-09-28T04:00:00,992.5474005970351,992.5474005970351,0
2025-09-28T04:15:00,992.5474005970351,992.5474005970351,0
2025-09-28T04:30:00,992.5474005970351,992.5474005970351,0
2025-09-28T04:45:00,992.5474005970351,992.5474005970351,0
2025-09-28T05:00:00,992.5474005970351,992.5474005970351,0
2025-09-28T05:15:00,992.5474005970351,992.5474005970351,0
2025-09-28T05:30:00,992.5474005970351,992.5474005970351,0
2025-09-28T05:45:00,992.5474005970351,992.5474005970351,0
2025-09-28T06:00:00,992.5474005970351,992.5474005970351,0
2025-09-28T06:15:00,992.5474005970351,992.5474005970351,0
2025-09-28T06:30:00,992.5474005970351,992.5474005970351,0
2025-09-28T06:45:00,992.5474005970351,992.5474005970351,0
2025-09-28T07:00:00,992.5474005970351,992.5474005970351,0
2025-09-28T07:15:00,992.5474005970351,992.5474005970351,0
2025-09-28T07:30:00,992.5474005970351,992.5474005970351,0
2025-09-28T07:45:00,992.5474005970351,992.5474005970351,0
2025-09-28T08:00:00,992.5474005970351,992.5474005970351,0
2025-09-28T08:15:00,992.5474005970351,992.5474005970351,0
2025-09-28T08:30:00,992.5474005970351,992.5474005970351,0
2025-09-28T08:45:00,992.5474005970351,992.5474005970351,0
2025-09-28T09:00:00,992.5474005970351,992.5474005970351,0
2025-09-28T09:15:00,992.5474005970351,992.5474005970351,0
2025-09-28T09:30:00,992.5474005970351,992.5474005970351,0
2025-09-28T09:45:00,992.5474005970351,992.5474005970351,0
2025-09-28T10:00:00,992.5474005970351,992.5474005970351,0
2025-09-28T10:15:00,992.5474005970351,992.5474005970351,0
2025-09-28T10:30:00,992.5474005970351,992.5474005970351,0
2025-09-28T10:45:00,992.5474005970351,992.5474005970351,0
2025-09-28T11:00:00,992.5474005970351,992.5474005970351,0
2025-09-28T11:15:00,992.5474005970351,992.5474005970351,0
2025-09-28T11:30:00,992.5474005970351,992.5474005970351,0
2025-09-28T11:45:00,992.5474005970351,992.5474005970351,0
2025-09-28T12:00:00,992.5474005970351,992.5474005970351,0
2025-09-28T12:15:00,992.5474005970351,992.5474005970351,0
2025-09-28T12:30:00,992.5474005970351,992.5474005970351,0
2025-09-28T12:45:00,992.5474005970351,992.5474005970351,0
2025-09-28T13:00:00,992.5474005970351,992.5474005970351,0
2025-09-28T13:15:00,992.5474005970351,992.5474005970351,0
2025-09-28T13:30:00,992.5474005970351,992.5474005970351,0
2025-09-28T13:45:00,992.5474005970351,992.5474005970351,0
2025-09-28T14:00:00,992.5474005970351,992.5474005970351,0
2025-09-28T14:15:00,992.5474005970351,992.5474005970351,0
2025-09-28T14:30:00,992.5474005970351,992.5474005970351,0
2025-09-28T14:45:00,992.5474005970351,992.5474005970351,0
2025-09-28T15:00:00,992.5474005970351,992.5474005970351,0
2025-09-28T15:15:00,992.5474005970351,992.5474005970351,0
2025-09-28T15:30:00,992.5474005970351,992.5474005970351,0
2025-09-28T15:45:00,992.5474005970351,992.5474005970351,0
2025-09-28T16:00:00,992.5474005970351,992.5474005970351,0
2025-09-28T16:15:00,992.5474005970351,992.5474005970351,0
2025-09-28T16:30:00,992.5474005970351,992.5474005970351,0
2025-09-28T16:45:00,992.5474005970351,992.5474005970351,0
2025-09-28T17:00:00,992.5474005970351,992.5474005970351,0
2025-09-28T17:15:00,992.5474005970351,992.5474005970351,0
2025-09-28T17:30:00,992.5474005970351,992.5474005970351,0
2025-09-28T17:45:00,992.5474005970351,992.5474005970351,0
2025-09-28T18:00:00,992.5474005970351,992.5474005970351,0
2025-09-28T18:15:00,992.5474005970351,992.5474005970351,0
2025-09-28T18:30:00,992.5474005970351,992.5474005970351,0
2025-09-28T18:45:00,992.5474005970351,992.5474005970351,0
2025-09-28T19:00:00,992.5474005970351,992.5474005970351,0
2025-09-28T19:15:00,992.5474005970351,992.5474005970351,0
2025-09-28T19:30:00,992.5474005970351,992.5474005970351,0
2025-09-28T19:45:00,992.5474005970351,992.5474005970351,0
2025-09-28T20:00:00,992.5474005970351,992.5474005970351,0
2025-09-28T20:15:00,992.5474005970351,992.5474005970351,0
2025-09-28T20:30:00,991.6432677133647,873.2511434244763,1
2025-09-28T20:45:00,991.0435697486126,873.2511434244763,1
2025-09-28T21:00:00,991.2914500527905,873.2511434244763,1
2025-09-28T21:15:00,990.7468508928938,873.2511434244763,1
2025-09-28T21:30:00,990.5303576121821,873.2511434244763,1
2025-09-28T21:45:00,991.1730197811871,873.2511434244763,1
2025-09-28T22:00:00,993.8572105858117,873.2511434244763,1
2025-09-28T22:15:00,994.9992780311978,873.2511434244763,1
2025-09-28T22:30:00,995.7438622695734,873.2511434244763,1
2025-09-28T22:45:00,995.9090300487971,873.2511434244763,1
2025-09-28T23:00:00,996.6487690226212,873.2511434244763,1
2025-09-28T23:15:00,996.6351336763613,873.2511434244763,1
2025-09-28T23:30:00,997.2310583377458,873.2511434244763,1
2025-09-28T23:45:00,996.8756817660409,873.2511434244763,1
2025-09-29T00:00:00,996.6408793883073,873.2511434244763,1
2025-09-29T00:15:00,997.0254133042158,873.2511434244763,1
2025-09-29T00:30:00,996.4148670922821,873.2511434244763,1
2025-09-29T00:45:00,997.289973324416,873.2511434244763,1
2025-09-29T01:00:00,997.2083327606459,873.2511434244763,1
2025-09-29T01:15:00,995.9742000653464,995.9742000653464,0
2025-09-29T01:30:00,995.9742000653464,995.9742000653464,0
2025-09-29T01:45:00,995.9742000653464,995.9742000653464,0
2025-09-29T02:00:00,995.9742000653464,995.9742000653464,0
2025-09-29T02:15:00,995.9742000653464,995.9742000653464,0
2025-09-29T02:30:00,995.9742000653464,995.9742000653464,0
2025-09-29T02:45:00,995.9742000653464,995.9742000653464,0
2025-09-29T03:00:00,995.9742000653464,995.9742000653464,0
2025-09-29T03:15:00,995.9742000653464,995.9742000653464,0
2025-09-29T03:30:00,995.9742000653464,995.9742000653464,0
2025-09-29T03:45:00,995.9742000653464,995.9742000653464,0
2025-09-29T04:00:00,995.9742000653464,995.9742000653464,0
2025-09-29T04:15:00,995.9742000653464,995.9742000653464,0
2025-09-29T04:30:00,995.9742000653464,995.9742000653464,0
2025-09-29T04:45:00,995.9742000653464,995.9742000653464,0
2025-09-29T05:00:00,995.9742000653464,995.9742000653464,0
2025-09-29T05:15:00,995.9742000653464,995.9742000653464,0
2025-09-29T05:30:00,995.9742000653464,995.9742000653464,0
2025-09-29T05:45:00,995.9742000653464,995.9742000653464,0
2025-09-29T06:00:00,995.9742000653464,995.9742000653464,0
2025-09-29T06:15:00,995.9742000653464,995.9742000653464,0
2025-09-29T06:30:00,995.9742000653464,995.9742000653464,0
2025-09-29T06:45:00,995.9742000653464,995.9742000653464,0
2025-09-29T07:00:00,995.9742000653464,995.9742000653464,0
2025-09-29T07:15:00,995.9742000653464,995.9742000653464,0
2025-09-29T07:30:00,995.9742000653464,995.9742000653464,0
2025-09-29T07:45:00,995.9742000653464,995.9742000653464,0
2025-09-29T08:00:00,995.9742000653464,995.9742000653464,0
2025-09-29T08:15:00,995.0669456359612,876.2660690110923,1
2025-09-29T08:30:00,995.3158708660073,876.2660690110923,1
2025-09-29T08:45:00,994.6330814253973,876.2660690110923,1
2025-09-29T09:00:00,994.3713929806847,876.2660690110923,1
2025-09-29T09:15:00,994.9371862868517,876.2660690110923,1
2025-09-29T09:30:00,994.4300612241018,876.2660690110923,1
2025-09-29T09:45:00,994.6805180399078,876.2660690110923,1
2025-09-29T10:00:00,994.8269546561818,876.2660690110923,1
2025-09-29T10:15:00,995.1659456377247,876.2660690110923,1
2025-09-29T10:30:00,994.4042369864267,876.2660690110923,1
2025-09-29T10:45:00,994.5923667706111,876.2660690110923,1
2025-09-29T11:00:00,993.5000599170016,993.5000599170016,0
2025-09-29T11:15:00,993.5000599170016,993.5000599170016,0
2025-09-29T11:30:00,993.5000599170016,993.5000599170016,0
2025-09-29T11:45:00,993.5000599170016,993.5000599170016,0
2025-09-29T12:00:00,993.5000599170016,993.5000599170016,0
2025-09-29T12:15:00,993.5000599170016,993.5000599170016,0
2025-09-29T12:30:00,993.5000599170016,993.5000599170016,0
2025-09-29T12:45:00,993.5000599170016,993.5000599170016,0
2025-09-29T13:00:00,993.5000599170016,993.5000599170016,0
2025-09-29T13:15:00,993.5000599170016,993.5000599170016,0
2025-09-29T13:30:00,993.5000599170016,993.5000599170016,0
2025-09-29T13:45:00,993.5000599170016,993.5000599170016,0
2025-09-29T14:00:00,993.5000599170016,993.5000599170016,0
2025-09-29T14:15:00,993.5000599170016,993.5000599170016,0
2025-09-29T14:30:00,993.5000599170016,993.5000599170016,0
2025-09-29T14:45:00,993.5000599170016,993.5000599170016,0
2025-09-29T15:00:00,993.5000599170016,993.5000599170016,0
2025-09-29T15:15:00,993.5000599170016,993.5000599170016,0
2025-09-29T15:30:00,993.5000599170016,993.5000599170016,0
2025-09-29T15:45:00,993.5000599170016,993.5000599170016,0
2025-09-29T16:00:00,993.5000599170016,993.5000599170016,0
2025-09-29T16:15:00,993.5000599170016,993.5000599170016,0
2025-09-29T16:30:00,993.5000599170016,993.5000599170016,0
2025-09-29T16:45:00,993.5000599170016,993.5000599170016,0
2025-09-29T17:00:00,993.5000599170016,993.5000599170016,0
2025-09-29T17:15:00,993.5000599170016,993.5000599170016,0
2025-09-29T17:30:00,993.5000599170016,993.5000599170016,0
2025-09-29T17:45:00,993.5000599170016,993.5000599170016,0
2025-09-29T18:00:00,993.5000599170016,993.5000599170016,0
2025-09-29T18:15:00,993.5000599170016,993.5000599170016,0
2025-09-29T18:30:00,993.5000599170016,993.5000599170016,0
2025-09-29T18:45:00,993.5000599170016,993.5000599170016,0
2025-09-29T19:00:00,993.5000599170016,993.5000599170016,0
2025-09-29T19:15:00,993.5000599170016,993.5000599170016,0
2025-09-29T19:30:00,993.5000599170016,993.5000599170016,0
2025-09-29T19:45:00,993.5000599170016,993.5000599170016,0
2025-09-29T20:00:00,993.5000599170016,993.5000599170016,0
2025-09-29T20:15:00,993.5000599170016,993.5000599170016,0
2025-09-29T20:30:00,992.5950592353626,874.0893007154574,1
2025-09-29T20:45:00,992.1121827097109,874.0893007154574,1
2025-09-29T21:00:00,990.869535426915,874.0893007154574,1
2025-09-29T21:15:00,991.8397908234458,874.0893007154574,1
2025-09-29T21:30:00,991.988368215954,874.0893007154574,1
2025-09-29T21:45:00,991.8769351715729,874.0893007154574,1
2025-09-29T22:00:00,991.6945901898582,874.0893007154574,1
2025-09-29T22:15:00,991.3996865774557,874.0893007154574,1
2025-09-29T22:30:00,991.0394989592539,874.0893007154574,1
2025-09-29T22:45:00,992.1088059507903,874.0893007154574,1
2025-09-29T23:00:00,991.3362347753836,991.3362347753836,0
2025-09-29T23:15:00,991.3362347753836,991.3362347753836,0
2025-09-29T23:30:00,991.3362347753836,991.3362347753836,0
2025-09-29T23:45:00,991.3362347753836,991.3362347753836,0
2025-09-30T00:00:00,991.3362347753836,991.3362347753836,0
2025-09-30T00:15:00,991.3362347753836,991.3362347753836,0
2025-09-30T00:30:00,991.3362347753836,991.3362347753836,0
2025-09-30T00:45:00,991.3362347753836,991.3362347753836,0
2025-09-30T01:00:00,991.3362347753836,991.3362347753836,0
2025-09-30T01:15:00,991.3362347753836,991.3362347753836,0
2025-09-30T01:30:00,991.3362347753836,991.3362347753836,0
2025-09-30T01:45:00,991.3362347753836,991.3362347753836,0
2025-09-30T02:00:00,991.3362347753836,991.3362347753836,0
2025-09-30T02:15:00,991.3362347753836,991.3362347753836,0
2025-09-30T02:30:00,991.3362347753836,991.3362347753836,0
2025-09-30T02:45:00,991.3362347753836,991.3362347753836,0
2025-09-30T03:00:00,991.3362347753836,991.3362347753836,0
2025-09-30T03:15:00,991.3362347753836,991.3362347753836,0
2025-09-30T03:30:00,991.3362347753836,991.3362347753836,0
2025-09-30T03:45:00,991.3362347753836,991.3362347753836,0
2025-09-30T04:00:00,991.3362347753836,991.3362347753836,0
2025-09-30T04:15:00,991.3362347753836,991.3362347753836,0
2025-09-30T04:30:00,991.3362347753836,991.3362347753836,0
2025-09-30T04:45:00,991.3362347753836,991.3362347753836,0
2025-09-30T05:00:00,991.3362347753836,991.3362347753836,0
2025-09-30T05:15:00,991.3362347753836,991.3362347753836,0
2025-09-30T05:30:00,991.3362347753836,991.3362347753836,0
2025-09-30T05:45:00,991.3362347753836,991.3362347753836,0
2025-09-30T06:00:00,991.3362347753836,991.3362347753836,0
2025-09-30T06:15:00,991.3362347753836,991.3362347753836,0
2025-09-30T06:30:00,991.3362347753836,991.3362347753836,0
2025-09-30T06:45:00,991.3362347753836,991.3362347753836,0
2025-09-30T07:00:00,991.3362347753836,991.3362347753836,0
2025-09-30T07:15:00,991.3362347753836,991.3362347753836,0
2025-09-30T07:30:00,991.3362347753836,991.3362347753836,0
2025-09-30T07:45:00,991.3362347753836,991.3362347753836,0
2025-09-30T08:00:00,991.3362347753836,991.3362347753836,0
2025-09-30T08:15:00,991.3362347753836,991.3362347753836,0
2025-09-30T08:30:00,991.3362347753836,991.3362347753836,0
2025-09-30T08:45:00,991.3362347753836,991.3362347753836,0
2025-09-30T09:00:00,991.3362347753836,991.3362347753836,0
2025-09-30T09:15:00,991.3362347753836,991.3362347753836,0
2025-09-30T09:30:00,991.3362347753836,991.3362347753836,0
2025-09-30T09:45:00,991.3362347753836,991.3362347753836,0
2025-09-30T10:00:00,991.3362347753836,991.3362347753836,0
2025-09-30T10:15:00,991.3362347753836,991.3362347753836,0
2025-09-30T10:30:00,991.3362347753836,991.3362347753836,0
2025-09-30T10:45:00,991.3362347753836,991.3362347753836,0
2025-09-30T11:00:00,991.3362347753836,991.3362347753836,0
2025-09-30T11:15:00,991.3362347753836,991.3362347753836,0
2025-09-30T11:30:00,991.3362347753836,991.3362347753836,0
2025-09-30T11:45:00,991.3362347753836,991.3362347753836,0
2025-09-30T12:00:00,991.3362347753836,991.3362347753836,0
2025-09-30T12:15:00,991.3362347753836,991.3362347753836,0
2025-09-30T12:30:00,991.3362347753836,991.3362347753836,0
2025-09-30T12:45:00,991.3362347753836,991.3362347753836,0
2025-09-30T13:00:00,991.3362347753836,991.3362347753836,0
2025-09-30T13:15:00,991.3362347753836,991.3362347753836,0
2025-09-30T13:30:00,991.3362347753836,991.3362347753836,0
2025-09-30T13:45:00,991.3362347753836,991.3362347753836,0
2025-09-30T14:00:00,991.3362347753836,991.3362347753836,0
2025-09-30T14:15:00,991.3362347753836,991.3362347753836,0
2025-09-30T14:30:00,991.3362347753836,991.3362347753836,0
2025-09-30T14:45:00,991.3362347753836,991.3362347753836,0
2025-09-30T15:00:00,991.3362347753836,991.3362347753836,0
2025-09-30T15:15:00,991.3362347753836,991.3362347753836,0
2025-09-30T15:30:00,991.3362347753836,991.3362347753836,0
2025-09-30T15:45:00,991.3362347753836,991.3362347753836,0
2025-09-30T16:00:00,991.3362347753836,991.3362347753836,0
2025-09-30T16:15:00,991.3362347753836,991.3362347753836,0
2025-09-30T16:30:00,991.3362347753836,991.3362347753836,0
2025-09-30T16:45:00,991.3362347753836,991.3362347753836,0
2025-09-30T17:00:00,991.3362347753836,991.3362347753836,0
2025-09-30T17:15:00,991.3362347753836,991.3362347753836,0
2025-09-30T17:30:00,991.3362347753836,991.3362347753836,0
2025-09-30T17:45:00,991.3362347753836,991.3362347753836,0
2025-09-30T18:00:00,991.3362347753836,991.3362347753836,0
2025-09-30T18:15:00,991.3362347753836,991.3362347753836,0
2025-09-30T18:30:00,991.3362347753836,991.3362347753836,0
2025-09-30T18:45:00,991.3362347753836,991.3362347753836,0
2025-09-30T19:00:00,991.3362347753836,991.3362347753836,0
2025-09-30T19:15:00,991.3362347753836,991.3362347753836,0
2025-09-30T19:30:00,991.3362347753836,991.3362347753836,0
2025-09-30T19:45:00,991.3362347753836,991.3362347753836,0
2025-09-30T20:00:00,990.4332051688426,872.1855500452607,1
2025-09-30T20:15:00,991.3470253713109,872.1855500452607,1
2025-09-30T20:30:00,991.0150070829744,872.1855500452607,1
2025-09-30T20:45:00,992.3419565845549,872.1855500452607,1
2025-09-30T21:00:00,991.3421978303925,872.1855500452607,1
2025-09-30T21:15:00,990.9512086327338,872.1855500452607,1
2025-09-30T21:30:00,991.2872637440796,872.1855500452607,1
2025-09-30T21:45:00,990.4052803416336,872.1855500452607,1
2025-09-30T22:00:00,989.8972328126532,989.8972328126532,0
2025-09-30T22:15:00,989.8972328126532,989.8972328126532,0
2025-09-30T22:30:00,989.8972328126532,989.8972328126532,0
2025-09-30T22:45:00,989.8972328126532,989.8972328126532,0
2025-09-30T23:00:00,989.8972328126532,989.8972328126532,0
2025-09-30T23:15:00,989.8972328126532,989.8972328126532,0
2025-09-30T23:30:00,989.8972328126532,989.8972328126532,0
2025-09-30T23:45:00,989.8972328126532,989.8972328126532,0
2025-10-01T00:00:00,989.8972328126532,989.8972328126532,0
2025-10-01T00:15:00,989.8972328126532,989.8972328126532,0
2025-10-01T00:30:00,989.8972328126532,989.8972328126532,0
2025-10-01T00:45:00,989.8972328126532,989.8972328126532,0
2025-10-01T01:00:00,989.8972328126532,989.8972328126532,0
2025-10-01T01:15:00,989.8972328126532,989.8972328126532,0
2025-10-01T01:30:00,989.8972328126532,989.8972328126532,0
2025-10-01T01:45:00,989.8972328126532,989.8972328126532,0
2025-10-01T02:00:00,989.8972328126532,989.8972328126532,0
2025-10-01T02:15:00,989.8972328126532,989.8972328126532,0
2025-10-01T02:30:00,989.8972328126532,989.8972328126532,0
2025-10-01T02:45:00,989.8972328126532,989.8972328126532,0
2025-10-01T03:00:00,989.8972328126532,989.8972328126532,0
2025-10-01T03:15:00,989.8972328126532,989.8972328126532,0
2025-10-01T03:30:00,989.8972328126532,989.8972328126532,0
2025-10-01T03:45:00,989.8972328126532,989.8972328126532,0
2025-10-01T04:00:00,989.8972328126532,989.8972328126532,0
2025-10-01T04:15:00,989.8972328126532,989.8972328126532,0
2025-10-01T04:30:00,989.8972328126532,989.8972328126532,0
2025-10-01T04:45:00,989.8972328126532,989.8972328126532,0
2025-10-01T05:00:00,989.8972328126532,989.8972328126532,0
2025-10-01T05:15:00,989.8972328126532,989.8972328126532,0
2025-10-01T05:30:00,989.8972328126532,989.8972328126532,0
2025-10-01T05:45:00,989.8972328126532,989.8972328126532,0
2025-10-01T06:00:00,989.8972328126532,989.8972328126532,0
2025-10-01T06:15:00,989.8972328126532,989.8972328126532,0
2025-10-01T06:30:00,989.8972328126532,989.8972328126532,0
2025-10-01T06:45:00,989.8972328126532,989.8972328126532,0
2025-10-01T07:00:00,989.8972328126532,989.8972328126532,0
2025-10-01T07:15:00,989.8972328126532,989.8972328126532,0
2025-10-01T07:30:00,989.8972328126532,989.8972328126532,0
2025-10-01T07:45:00,989.8972328126532,989.8972328126532,0
2025-10-01T08:00:00,989.8972328126532,989.8972328126532,0
2025-10-01T08:15:00,988.9955140241078,870.9195046064348,1
2025-10-01T08:30:00,991.2444549266806,870.9195046064348,1
2025-10-01T08:45:00,993.2063162866723,870.9195046064348,1
2025-10-01T09:00:00,993.7382214184823,870.9195046064348,1
2025-10-01T09:15:00,993.734799878845,870.9195046064348,1
2025-10-01T09:30:00,994.3388459066225,870.9195046064348,1
2025-10-01T09:45:00,994.4463976766677,870.9195046064348,1
2025-10-01T10:00:00,993.847916803722,870.9195046064348,1
2025-10-01T10:15:00,993.7395405662944,870.9195046064348,1
2025-10-01T10:30:00,993.8825856571555,870.9195046064348,1
2025-10-01T10:45:00,993.9085976030728,870.9195046064348,1
2025-10-01T11:00:00,994.2975400907601,870.9195046064348,1
2025-10-01T11:15:00,994.0832197946831,870.9195046064348,1
2025-10-01T11:30:00,995.1195340710974,870.9195046064348,1
2025-10-01T11:45:00,996.0024974143695,870.9195046064348,1
2025-10-01T12:00:00,995.5069925174962,870.9195046064348,1
2025-10-01T12:15:00,995.3571043473604,870.9195046064348,1
2025-10-01T12:30:00,994.2336593113367,994.2336593113367,0
2025-10-01T12:45:00,994.2336593113367,994.2336593113367,0
2025-10-01T13:00:00,994.2336593113367,994.2336593113367,0
2025-10-01T13:15:00,994.2336593113367,994.2336593113367,0
2025-10-01T13:30:00,994.2336593113367,994.2336593113367,0
2025-10-01T13:45:00,994.2336593113367,994.2336593113367,0
2025-10-01T14:00:00,994.2336593113367,994.2336593113367,0
2025-10-01T14:15:00,994.2336593113367,994.2336593113367,0
2025-10-01T14:30:00,994.2336593113367,994.2336593113367,0
2025-10-01T14:45:00,994.2336593113367,994.2336593113367,0
2025-10-01T15:00:00,994.2336593113367,994.2336593113367,0
2025-10-01T15:15:00,994.2336593113367,994.2336593113367,0
2025-10-01T15:30:00,994.2336593113367,994.2336593113367,0
2025-10-01T15:45:00,994.2336593113367,994.2336593113367,0
2025-10-01T16:00:00,994.2336593113367,994.2336593113367,0
2025-10-01T16:15:00,994.2336593113367,994.2336593113367,0
2025-10-01T16:30:00,994.2336593113367,994.2336593113367,0
2025-10-01T16:45:00,994.2336593113367,994.2336593113367,0
2025-10-01T17:00:00,994.2336593113367,994.2336593113367,0
2025-10-01T17:15:00,994.2336593113367,994.2336593113367,0
2025-10-01T17:30:00,994.2336593113367,994.2336593113367,0
2025-10-01T17:45:00,994.2336593113367,994.2336593113367,0
2025-10-01T18:00:00,994.2336593113367,994.2336593113367,0
2025-10-01T18:15:00,994.2336593113367,994.2336593113367,0
2025-10-01T18:30:00,994.2336593113367,994.2336593113367,0
2025-10-01T18:45:00,994.2336593113367,994.2336593113367,0
2025-10-01T19:00:00,994.2336593113367,994.2336593113367,0
2025-10-01T19:15:00,994.2336593113367,994.2336593113367,0
2025-10-01T19:30:00,994.2336593113367,994.2336593113367,0
2025-10-01T19:45:00,994.2336593113367,994.2336593113367,0
2025-10-01T20:00:00,994.2336593113367,994.2336593113367,0
2025-10-01T20:15:00,994.2336593113367,994.2336593113367,0
2025-10-01T20:30:00,994.2336593113367,994.2336593113367,0
2025-10-01T20:45:00,994.2336593113367,994.2336593113367,0
2025-10-01T21:00:00,994.2336593113367,994.2336593113367,0
2025-10-01T21:15:00,994.2336593113367,994.2336593113367,0
2025-10-01T21:30:00,994.2336593113367,994.2336593113367,0
2025-10-01T21:45:00,994.2336593113367,994.2336593113367,0
2025-10-01T22:00:00,994.2336593113367,994.2336593113367,0
2025-10-01T22:15:00,994.2336593113367,994.2336593113367,0
2025-10-01T22:30:00,994.2336593113367,994.2336593113367,0
2025-10-01T22:45:00,994.2336593113367,994.2336593113367,0
2025-10-01T23:00:00,994.2336593113367,994.2336593113367,0
2025-10-01T23:15:00,993.3279903781506,874.7347273313885,1
2025-10-01T23:30:00,993.1584851589173,874.7347273313885,1
2025-10-01T23:45:00,994.3039539207202,874.7347273313885,1
2025-10-02T00:00:00,996.5538639340175,874.7347273313885,1
2025-10-02T00:15:00,995.6796840480328,874.7347273313885,1
2025-10-02T00:30:00,994.2932440897663,874.7347273313885,1
2025-10-02T00:45:00,993.6334621354722,874.7347273313885,1
2025-10-02T01:00:00,994.7066194070749,874.7347273313885,1
2025-10-02T01:15:00,993.861106437027,874.7347273313885,1
2025-10-02T01:30:00,994.8072354505106,874.7347273313885,1
2025-10-02T01:45:00,994.3940614458138,874.7347273313885,1
2025-10-02T02:00:00,994.3507283120093,994.3507283120093,0
2025-10-02T02:15:00,994.3507283120093,994.3507283120093,0
2025-10-02T02:30:00,994.3507283120093,994.3507283120093,0
2025-10-02T02:45:00,994.3507283120093,994.3507283120093,0
2025-10-02T03:00:00,994.3507283120093,994.3507283120093,0
2025-10-02T03:15:00,994.3507283120093,994.3507283120093,0
2025-10-02T03:30:00,994.3507283120093,994.3507283120093,0
2025-10-02T03:45:00,994.3507283120093,994.3507283120093,0
2025-10-02T04:00:00,994.3507283120093,994.3507283120093,0
2025-10-02T04:15:00,994.3507283120093,994.3507283120093,0
2025-10-02T04:30:00,994.3507283120093,994.3507283120093,0
2025-10-02T04:45:00,994.3507283120093,994.3507283120093,0
2025-10-02T05:00:00,994.3507283120093,994.3507283120093,0
2025-10-02T05:15:00,994.3507283120093,994.3507283120093,0
2025-10-02T05:30:00,994.3507283120093,994.3507283120093,0
2025-10-02T05:45:00,994.3507283120093,994.3507283120093,0
2025-10-02T06:00:00,994.3507283120093,994.3507283120093,0
2025-10-02T06:15:00,994.3507283120093,994.3507283120093,0
2025-10-02T06:30:00,994.3507283120093,994.3507283120093,0
2025-10-02T06:45:00,994.3507283120093,994.3507283120093,0
2025-10-02T07:00:00,994.3507283120093,994.3507283120093,0
2025-10-02T07:15:00,994.3507283120093,994.3507283120093,0
2025-10-02T07:30:00,994.3507283120093,994.3507283120093,0
2025-10-02T07:45:00,994.3507283120093,994.3507283120093,0
2025-10-02T08:00:00,994.3507283120093,994.3507283120093,0
2025-10-02T08:15:00,994.3507283120093,994.3507283120093,0
2025-10-02T08:30:00,994.3507283120093,994.3507283120093,0
2025-10-02T08:45:00,994.3507283120093,994.3507283120093,0
2025-10-02T09:00:00,994.3507283120093,994.3507283120093,0
2025-10-02T09:15:00,994.3507283120093,994.3507283120093,0
2025-10-02T09:30:00,994.3507283120093,994.3507283120093,0
2025-10-02T09:45:00,994.3507283120093,994.3507283120093,0
2025-10-02T10:00:00,994.3507283120093,994.3507283120093,0
2025-10-02T10:15:00,994.3507283120093,994.3507283120093,0
2025-10-02T10:30:00,994.3507283120093,994.3507283120093,0
2025-10-02T10:45:00,994.3507283120093,994.3507283120093,0
2025-10-02T11:00:00,994.3507283120093,994.3507283120093,0
2025-10-02T11:15:00,994.3507283120093,994.3507283120093,0
2025-10-02T11:30:00,994.3507283120093,994.3507283120093,0
2025-10-02T11:45:00,994.3507283120093,994.3507283120093,0
2025-10-02T12:00:00,994.3507283120093,994.3507283120093,0
2025-10-02T12:15:00,994.3507283120093,994.3507283120093,0
2025-10-02T12:30:00,994.3507283120093,994.3507283120093,0
2025-10-02T12:45:00,993.4449527381398,874.8377255747323,1
2025-10-02T13:00:00,992.2897843647572,874.8377255747323,1
2025-10-02T13:15:00,992.4975326676893,874.8377255747323,1
2025-10-02T13:30:00,994.0026202287382,874.8377255747323,1
2025-10-02T13:45:00,994.3181741351705,874.8377255747323,1
2025-10-02T14:00:00,993.6228459535419,874.8377255747323,1
2025-10-02T14:15:00,994.6326503846999,874.8377255747323,1
2025-10-02T14:30:00,991.8387250811005,874.8377255747323,1
2025-10-02T14:45:00,990.7161328970799,990.7161328970799,0
2025-10-02T15:00:00,990.7161328970799,990.7161328970799,0
2025-10-02T15:15:00,990.7161328970799,990.7161328970799,0
2025-10-02T15:30:00,990.7161328970799,990.7161328970799,0
2025-10-02T15:45:00,990.7161328970799,990.7161328970799,0
2025-10-02T16:00:00,990.7161328970799,990.7161328970799,0
2025-10-02T16:15:00,990.7161328970799,990.7161328970799,0
2025-10-02T16:30:00,990.7161328970799,990.7161328970799,0
2025-10-02T16:45:00,990.7161328970799,990.7161328970799,0
2025-10-02T17:00:00,990.7161328970799,990.7161328970799,0
2025-10-02T17:15:00,990.7161328970799,990.7161328970799,0
2025-10-02T17:30:00,990.7161328970799,990.7161328970799,0
2025-10-02T17:45:00,990.7161328970799,990.7161328970799,0
2025-10-02T18:00:00,990.7161328970799,990.7161328970799,0
2025-10-02T18:15:00,990.7161328970799,990.7161328970799,0
2025-10-02T18:30:00,990.7161328970799,990.7161328970799,0
2025-10-02T18:45:00,990.7161328970799,990.7161328970799,0
2025-10-02T19:00:00,990.7161328970799,990.7161328970799,0
2025-10-02T19:15:00,990.7161328970799,990.7161328970799,0
2025-10-02T19:30:00,990.7161328970799,990.7161328970799,0
2025-10-02T19:45:00,990.7161328970799,990.7161328970799,0
2025-10-02T20:00:00,990.7161328970799,990.7161328970799,0
2025-10-02T20:15:00,990.7161328970799,990.7161328970799,0
2025-10-02T20:30:00,990.7161328970799,990.7161328970799,0
2025-10-02T20:45:00,990.7161328970799,990.7161328970799,0
2025-10-02T21:00:00,990.7161328970799,990.7161328970799,0
2025-10-02T21:15:00,990.7161328970799,990.7161328970799,0
2025-10-02T21:30:00,990.7161328970799,990.7161328970799,0
2025-10-02T21:45:00,990.7161328970799,990.7161328970799,0
2025-10-02T22:00:00,990.7161328970799,990.7161328970799,0
2025-10-02T22:15:00,990.7161328970799,990.7161328970799,0
2025-10-02T22:30:00,990.7161328970799,990.7161328970799,0
2025-10-02T22:45:00,990.7161328970799,990.7161328970799,0
2025-10-02T23:00:00,990.7161328970799,990.7161328970799,0
2025-10-02T23:15:00,990.7161328970799,990.7161328970799,0
2025-10-02T23:30:00,990.7161328970799,990.7161328970799,0
2025-10-02T23:45:00,990.7161328970799,990.7161328970799,0
2025-10-03T00:00:00,990.7161328970799,990.7161328970799,0
2025-10-03T00:15:00,990.7161328970799,990.7161328970799,0
2025-10-03T00:30:00,990.7161328970799,990.7161328970799,0
2025-10-03T00:45:00,990.7161328970799,990.7161328970799,0
2025-10-03T01:00:00,990.7161328970799,990.7161328970799,0
2025-10-03T01:15:00,990.7161328970799,990.7161328970799,0
2025-10-03T01:30:00,990.7161328970799,990.7161328970799,0
2025-10-03T01:45:00,990.7161328970799,990.7161328970799,0
2025-10-03T02:00:00,990.7161328970799,990.7161328970799,0
2025-10-03T02:15:00,990.7161328970799,990.7161328970799,0
2025-10-03T02:30:00,990.7161328970799,990.7161328970799,0
2025-10-03T02:45:00,990.7161328970799,990.7161328970799,0
2025-10-03T03:00:00,990.7161328970799,990.7161328970799,0
2025-10-03T03:15:00,990.7161328970799,990.7161328970799,0
2025-10-03T03:30:00,990.7161328970799,990.7161328970799,0
2025-10-03T03:45:00,990.7161328970799,990.7161328970799,0
2025-10-03T04:00:00,990.7161328970799,990.7161328970799,0
2025-10-03T04:15:00,990.7161328970799,990.7161328970799,0
2025-10-03T04:30:00,990.7161328970799,990.7161328970799,0
2025-10-03T04:45:00,990.7161328970799,990.7161328970799,0
2025-10-03T05:00:00,990.7161328970799,990.7161328970799,0
2025-10-03T05:15:00,990.7161328970799,990.7161328970799,0
2025-10-03T05:30:00,990.7161328970799,990.7161328970799,0
2025-10-03T05:45:00,990.7161328970799,990.7161328970799,0
2025-10-03T06:00:00,990.7161328970799,990.7161328970799,0
2025-10-03T06:15:00,990.7161328970799,990.7161328970799,0
2025-10-03T06:30:00,990.7161328970799,990.7161328970799,0
2025-10-03T06:45:00,990.7161328970799,990.7161328970799,0
2025-10-03T07:00:00,990.7161328970799,990.7161328970799,0
2025-10-03T07:15:00,990.7161328970799,990.7161328970799,0
2025-10-03T07:30:00,990.7161328970799,990.7161328970799,0
2025-10-03T07:45:00,990.7161328970799,990.7161328970799,0
2025-10-03T08:00:00,990.7161328970799,990.7161328970799,0
2025-10-03T08:15:00,990.7161328970799,990.7161328970799,0
2025-10-03T08:30:00,990.7161328970799,990.7161328970799,0
2025-10-03T08:45:00,990.7161328970799,990.7161328970799,0
2025-10-03T09:00:00,990.7161328970799,990.7161328970799,0
2025-10-03T09:15:00,990.7161328970799,990.7161328970799,0
2025-10-03T09:30:00,990.7161328970799,990.7161328970799,0
2025-10-03T09:45:00,989.813668154745,871.6399794519141,1
2025-10-03T10:00:00,989.9653931981965,871.6399794519141,1
2025-10-03T10:15:00,990.4778007200715,871.6399794519141,1
2025-10-03T10:30:00,990.5730038430698,871.6399794519141,1
2025-10-03T10:45:00,990.3108005486763,871.6399794519141,1
2025-10-03T11:00:00,989.770250478419,871.6399794519141,1
2025-10-03T11:15:00,989.6952957808346,871.6399794519141,1
2025-10-03T11:30:00,990.0094424043599,871.6399794519141,1
2025-10-03T11:45:00,989.9498417759488,871.6399794519141,1
2025-10-03T12:00:00,990.0746083894635,871.6399794519141,1
2025-10-03T12:15:00,989.4783258110498,871.6399794519141,1
2025-10-03T12:30:00,989.7630668265178,871.6399794519141,1
2025-10-03T12:45:00,990.0428740151308,871.6399794519141,1
2025-10-03T13:00:00,989.311642099256,989.311642099256,0
2025-10-03T13:15:00,989.311642099256,989.311642099256,0
2025-10-03T13:30:00,989.311642099256,989.311642099256,0
2025-10-03T13:45:00,989.311642099256,989.311642099256,0
2025-10-03T14:00:00,989.311642099256,989.311642099256,0
2025-10-03T14:15:00,989.311642099256,989.311642099256,0
2025-10-03T14:30:00,989.311642099256,989.311642099256,0
2025-10-03T14:45:00,989.311642099256,989.311642099256,0
2025-10-03T15:00:00,989.311642099256,989.311642099256,0
2025-10-03T15:15:00,989.311642099256,989.311642099256,0
2025-10-03T15:30:00,989.311642099256,989.311642099256,0
2025-10-03T15:45:00,989.311642099256,989.311642099256,0
2025-10-03T16:00:00,989.311642099256,989.311642099256,0
2025-10-03T16:15:00,989.311642099256,989.311642099256,0
2025-10-03T16:30:00,989.311642099256,989.311642099256,0
2025-10-03T16:45:00,989.311642099256,989.311642099256,0
2025-10-03T17:00:00,989.311642099256,989.311642099256,0
2025-10-03T17:15:00,989.311642099256,989.311642099256,0
2025-10-03T17:30:00,989.311642099256,989.311642099256,0
2025-10-03T17:45:00,989.311642099256,989.311642099256,0
2025-10-03T18:00:00,989.311642099256,989.311642099256,0
2025-10-03T18:15:00,989.311642099256,989.311642099256,0
2025-10-03T18:30:00,989.311642099256,989.311642099256,0
2025-10-03T18:45:00,989.311642099256,989.311642099256,0
2025-10-03T19:00:00,989.311642099256,989.311642099256,0
2025-10-03T19:15:00,989.311642099256,989.311642099256,0
2025-10-03T19:30:00,989.311642099256,989.311642099256,0
2025-10-03T19:45:00,989.311642099256,989.311642099256,0
2025-10-03T20:00:00,989.311642099256,989.311642099256,0
2025-10-03T20:15:00,989.311642099256,989.311642099256,0
2025-10-03T20:30:00,989.311642099256,989.311642099256,0
2025-10-03T20:45:00,989.311642099256,989.311642099256,0
2025-10-03T21:00:00,989.311642099256,989.311642099256,0
2025-10-03T21:15:00,989.311642099256,989.311642099256,0
2025-10-03T21:30:00,989.311642099256,989.311642099256,0
2025-10-03T21:45:00,989.311642099256,989.311642099256,0
2025-10-03T22:00:00,989.311642099256,989.311642099256,0
2025-10-03T22:15:00,989.311642099256,989.311642099256,0
2025-10-03T22:30:00,989.311642099256,989.311642099256,0
2025-10-03T22:45:00,989.311642099256,989.311642099256,0
2025-10-03T23:00:00,989.311642099256,989.311642099256,0
2025-10-03T23:15:00,989.311642099256,989.311642099256,0
2025-10-03T23:30:00,989.311642099256,989.311642099256,0
2025-10-03T23:45:00,989.311642099256,989.311642099256,0
2025-10-04T00:00:00,989.311642099256,989.311642099256,0
2025-10-04T00:15:00,989.311642099256,989.311642099256,0
2025-10-04T00:30:00,989.311642099256,989.311642099256,0
2025-10-04T00:45:00,989.311642099256,989.311642099256,0
2025-10-04T01:00:00,989.311642099256,989.311642099256,0
2025-10-04T01:15:00,989.311642099256,989.311642099256,0
2025-10-04T01:30:00,989.311642099256,989.311642099256,0
2025-10-04T01:45:00,989.311642099256,989.311642099256,0
2025-10-04T02:00:00,989.311642099256,989.311642099256,0
2025-10-04T02:15:00,989.311642099256,989.311642099256,0
2025-10-04T02:30:00,989.311642099256,989.311642099256,0
2025-10-04T02:45:00,989.311642099256,989.311642099256,0
2025-10-04T03:00:00,989.311642099256,989.311642099256,0
2025-10-04T03:15:00,989.311642099256,989.311642099256,0
2025-10-04T03:30:00,989.311642099256,989.311642099256,0
2025-10-04T03:45:00,989.311642099256,989.311642099256,0
2025-10-04T04:00:00,989.311642099256,989.311642099256,0
2025-10-04T04:15:00,989.311642099256,989.311642099256,0
2025-10-04T04:30:00,989.311642099256,989.311642099256,0
2025-10-04T04:45:00,989.311642099256,989.311642099256,0
2025-10-04T05:00:00,989.311642099256,989.311642099256,0
2025-10-04T05:15:00,989.311642099256,989.311642099256,0
2025-10-04T05:30:00,989.311642099256,989.311642099256,0
2025-10-04T05:45:00,989.311642099256,989.311642099256,0
2025-10-04T06:00:00,989.311642099256,989.311642099256,0
2025-10-04T06:15:00,989.311642099256,989.311642099256,0
2025-10-04T06:30:00,989.311642099256,989.311642099256,0
2025-10-04T06:45:00,989.311642099256,989.311642099256,0
2025-10-04T07:00:00,989.311642099256,989.311642099256,0
2025-10-04T07:15:00,989.311642099256,989.311642099256,0
2025-10-04T07:30:00,989.311642099256,989.311642099256,0
2025-10-04T07:45:00,989.311642099256,989.311642099256,0
2025-10-04T08:00:00,989.311642099256,989.311642099256,0
2025-10-04T08:15:00,989.311642099256,989.311642099256,0
2025-10-04T08:30:00,989.311642099256,989.311642099256,0
2025-10-04T08:45:00,989.311642099256,989.311642099256,0
2025-10-04T09:00:00,989.311642099256,989.311642099256,0
2025-10-04T09:15:00,989.311642099256,989.311642099256,0
2025-10-04T09:30:00,989.311642099256,989.311642099256,0
2025-10-04T09:45:00,989.311642099256,989.311642099256,0
2025-10-04T10:00:00,989.311642099256,989.311642099256,0
2025-10-04T10:15:00,989.311642099256,989.311642099256,0
2025-10-04T10:30:00,989.311642099256,989.311642099256,0
2025-10-04T10:45:00,989.311642099256,989.311642099256,0
2025-10-04T11:00:00,989.311642099256,989.311642099256,0
2025-10-04T11:15:00,989.311642099256,989.311642099256,0
2025-10-04T11:30:00,989.311642099256,989.311642099256,0
2025-10-04T11:45:00,989.311642099256,989.311642099256,0
2025-10-04T12:00:00,989.311642099256,989.311642099256,0
2025-10-04T12:15:00,989.311642099256,989.311642099256,0
2025-10-04T12:30:00,989.311642099256,989.311642099256,0
2025-10-04T12:45:00,989.311642099256,989.311642099256,0
2025-10-04T13:00:00,989.311642099256,989.311642099256,0
2025-10-04T13:15:00,989.311642099256,989.311642099256,0
2025-10-04T13:30:00,989.311642099256,989.311642099256,0
2025-10-04T13:45:00,989.311642099256,989.311642099256,0
2025-10-04T14:00:00,989.311642099256,989.311642099256,0
2025-10-04T14:15:00,989.311642099256,989.311642099256,0
2025-10-04T14:30:00,989.311642099256,989.311642099256,0
2025-10-04T14:45:00,989.311642099256,989.311642099256,0
2025-10-04T15:00:00,989.311642099256,989.311642099256,0
2025-10-04T15:15:00,989.311642099256,989.311642099256,0
2025-10-04T15:30:00,989.311642099256,989.311642099256,0
2025-10-04T15:45:00,989.311642099256,989.311642099256,0
2025-10-04T16:00:00,989.311642099256,989.311642099256,0
2025-10-04T16:15:00,989.311642099256,989.311642099256,0
2025-10-04T16:30:00,989.311642099256,989.311642099256,0
2025-10-04T16:45:00,989.311642099256,989.311642099256,0
2025-10-04T17:00:00,989.311642099256,989.311642099256,0
2025-10-04T17:15:00,989.311642099256,989.311642099256,0
2025-10-04T17:30:00,989.311642099256,989.311642099256,0
2025-10-04T17:45:00,989.311642099256,989.311642099256,0
2025-10-04T18:00:00,989.311642099256,989.311642099256,0
2025-10-04T18:15:00,989.311642099256,989.311642099256,0
2025-10-04T18:30:00,989.311642099256,989.311642099256,0
2025-10-04T18:45:00,989.311642099256,989.311642099256,0
2025-10-04T19:00:00,989.311642099256,989.311642099256,0
2025-10-04T19:15:00,989.311642099256,989.311642099256,0
2025-10-04T19:30:00,989.311642099256,989.311642099256,0
2025-10-04T19:45:00,989.311642099256,989.311642099256,0
2025-10-04T20:00:00,989.311642099256,989.311642099256,0
2025-10-04T20:15:00,989.311642099256,989.311642099256,0
2025-10-04T20:30:00,989.311642099256,989.311642099256,0
2025-10-04T20:45:00,989.311642099256,989.311642099256,0
2025-10-04T21:00:00,989.311642099256,989.311642099256,0
2025-10-04T21:15:00,989.311642099256,989.311642099256,0
2025-10-04T21:30:00,989.311642099256,989.311642099256,0
2025-10-04T21:45:00,989.311642099256,989.311642099256,0
2025-10-04T22:00:00,989.311642099256,989.311642099256,0
2025-10-04T22:15:00,989.311642099256,989.311642099256,0
2025-10-04T22:30:00,989.311642099256,989.311642099256,0
2025-10-04T22:45:00,989.311642099256,989.311642099256,0
2025-10-04T23:00:00,989.311642099256,989.311642099256,0
2025-10-04T23:15:00,989.311642099256,989.311642099256,0
2025-10-04T23:30:00,989.311642099256,989.311642099256,0
2025-10-04T23:45:00,989.311642099256,989.311642099256,0
2025-10-05T00:00:00,989.311642099256,989.311642099256,0
2025-10-05T00:15:00,989.311642099256,989.311642099256,0
2025-10-05T00:30:00,989.311642099256,989.311642099256,0
2025-10-05T00:45:00,989.311642099256,989.311642099256,0
2025-10-05T01:00:00,989.311642099256,989.311642099256,0
2025-10-05T01:15:00,989.311642099256,989.311642099256,0
2025-10-05T01:30:00,989.311642099256,989.311642099256,0
2025-10-05T01:45:00,989.311642099256,989.311642099256,0
2025-10-05T02:00:00,989.311642099256,989.311642099256,0
2025-10-05T02:15:00,989.311642099256,989.311642099256,0
2025-10-05T02:30:00,989.311642099256,989.311642099256,0
2025-10-05T02:45:00,989.311642099256,989.311642099256,0
2025-10-05T03:00:00,989.311642099256,989.311642099256,0
2025-10-05T03:15:00,989.311642099256,989.311642099256,0
2025-10-05T03:30:00,989.311642099256,989.311642099256,0
2025-10-05T03:45:00,989.311642099256,989.311642099256,0
2025-10-05T04:00:00,989.311642099256,989.311642099256,0
2025-10-05T04:15:00,989.311642099256,989.311642099256,0
2025-10-05T04:30:00,989.311642099256,989.311642099256,0
2025-10-05T04:45:00,989.311642099256,989.311642099256,0
2025-10-05T05:00:00,989.311642099256,989.311642099256,0
2025-10-05T05:15:00,989.311642099256,989.311642099256,0
2025-10-05T05:30:00,989.311642099256,989.311642099256,0
2025-10-05T05:45:00,989.311642099256,989.311642099256,0
2025-10-05T06:00:00,989.311642099256,989.311642099256,0
2025-10-05T06:15:00,989.311642099256,989.311642099256,0
2025-10-05T06:30:00,989.311642099256,989.311642099256,0
2025-10-05T06:45:00,989.311642099256,989.311642099256,0
2025-10-05T07:00:00,989.311642099256,989.311642099256,0
2025-10-05T07:15:00,989.311642099256,989.311642099256,0
2025-10-05T07:30:00,989.311642099256,989.311642099256,0
2025-10-05T07:45:00,988.4104567379505,870.4042972120623,1
2025-10-05T08:00:00,987.269833910283,870.4042972120623,1
2025-10-05T08:15:00,987.8185270214262,870.4042972120623,1
2025-10-05T08:30:00,986.7911429221372,870.4042972120623,1
2025-10-05T08:45:00,986.1343410459301,986.1343410459301,0
2025-10-05T09:00:00,986.1343410459301,986.1343410459301,0
2025-10-05T09:15:00,986.1343410459301,986.1343410459301,0
2025-10-05T09:30:00,986.1343410459301,986.1343410459301,0
2025-10-05T09:45:00,986.1343410459301,986.1343410459301,0
2025-10-05T10:00:00,986.1343410459301,986.1343410459301,0
2025-10-05T10:15:00,986.1343410459301,986.1343410459301,0
2025-10-05T10:30:00,986.1343410459301,986.1343410459301,0
2025-10-05T10:45:00,986.1343410459301,986.1343410459301,0
2025-10-05T11:00:00,986.1343410459301,986.1343410459301,0
2025-10-05T11:15:00,986.1343410459301,986.1343410459301,0
2025-10-05T11:30:00,986.1343410459301,986.1343410459301,0
2025-10-05T11:45:00,986.1343410459301,986.1343410459301,0
2025-10-05T12:00:00,986.1343410459301,986.1343410459301,0
2025-10-05T12:15:00,986.1343410459301,986.1343410459301,0
2025-10-05T12:30:00,986.1343410459301,986.1343410459301,0
2025-10-05T12:45:00,986.1343410459301,986.1343410459301,0
2025-10-05T13:00:00,986.1343410459301,986.1343410459301,0
2025-10-05T13:15:00,986.1343410459301,986.1343410459301,0
2025-10-05T13:30:00,986.1343410459301,986.1343410459301,0
2025-10-05T13:45:00,986.1343410459301,986.1343410459301,0
2025-10-05T14:00:00,986.1343410459301,986.1343410459301,0
2025-10-05T14:15:00,986.1343410459301,986.1343410459301,0
2025-10-05T14:30:00,986.1343410459301,986.1343410459301,0
2025-10-05T14:45:00,986.1343410459301,986.1343410459301,0
2025-10-05T15:00:00,986.1343410459301,986.1343410459301,0
2025-10-05T15:15:00,986.1343410459301,986.1343410459301,0
2025-10-05T15:30:00,986.1343410459301,986.1343410459301,0
2025-10-05T15:45:00,986.1343410459301,986.1343410459301,0
2025-10-05T16:00:00,986.1343410459301,986.1343410459301,0
2025-10-05T16:15:00,986.1343410459301,986.1343410459301,0
2025-10-05T16:30:00,986.1343410459301,986.1343410459301,0
2025-10-05T16:45:00,986.1343410459301,986.1343410459301,0
2025-10-05T17:00:00,986.1343410459301,986.1343410459301,0
2025-10-05T17:15:00,986.1343410459301,986.1343410459301,0
2025-10-05T17:30:00,986.1343410459301,986.1343410459301,0
2025-10-05T17:45:00,986.1343410459301,986.1343410459301,0
2025-10-05T18:00:00,986.1343410459301,986.1343410459301,0
2025-10-05T18:15:00,986.1343410459301,986.1343410459301,0
2025-10-05T18:30:00,986.1343410459301,986.1343410459301,0
2025-10-05T18:45:00,986.1343410459301,986.1343410459301,0
2025-10-05T19:00:00,986.1343410459301,986.1343410459301,0
2025-10-05T19:15:00,986.1343410459301,986.1343410459301,0
2025-10-05T19:30:00,986.1343410459301,986.1343410459301,0
2025-10-05T19:45:00,986.1343410459301,986.1343410459301,0
2025-10-05T20:00:00,985.2339199018703,867.6088823269376,1
2025-10-05T20:15:00,985.0431229561748,867.6088823269376,1
2025-10-05T20:30:00,984.4222422875854,867.6088823269376,1
2025-10-05T20:45:00,985.0831797735032,867.6088823269376,1
2025-10-05T21:00:00,985.3540903538553,867.6088823269376,1
2025-10-05T21:15:00,984.4204859314955,984.4204859314955,0
2025-10-05T21:30:00,984.4204859314955,984.4204859314955,0
2025-10-05T21:45:00,984.4204859314955,984.4204859314955,0
2025-10-05T22:00:00,984.4204859314955,984.4204859314955,0
2025-10-05T22:15:00,984.4204859314955,984.4204859314955,0
2025-10-05T22:30:00,984.4204859314955,984.4204859314955,0
2025-10-05T22:45:00,984.4204859314955,984.4204859314955,0
2025-10-05T23:00:00,984.4204859314955,984.4204859314955,0
2025-10-05T23:15:00,984.4204859314955,984.4204859314955,0
2025-10-05T23:30:00,984.4204859314955,984.4204859314955,0
2025-10-05T23:45:00,984.4204859314955,984.4204859314955,0
2025-10-06T00:00:00,984.4204859314955,984.4204859314955,0
2025-10-06T00:15:00,984.4204859314955,984.4204859314955,0
2025-10-06T00:30:00,984.4204859314955,984.4204859314955,0
2025-10-06T00:45:00,984.4204859314955,984.4204859314955,0
2025-10-06T01:00:00,984.4204859314955,984.4204859314955,0
2025-10-06T01:15:00,984.4204859314955,984.4204859314955,0
2025-10-06T01:30:00,984.4204859314955,984.4204859314955,0
2025-10-06T01:45:00,984.4204859314955,984.4204859314955,0
2025-10-06T02:00:00,984.4204859314955,984.4204859314955,0
2025-10-06T02:15:00,984.4204859314955,984.4204859314955,0
2025-10-06T02:30:00,984.4204859314955,984.4204859314955,0
2025-10-06T02:45:00,984.4204859314955,984.4204859314955,0
2025-10-06T03:00:00,984.4204859314955,984.4204859314955,0
2025-10-06T03:15:00,984.4204859314955,984.4204859314955,0
2025-10-06T03:30:00,984.4204859314955,984.4204859314955,0
2025-10-06T03:45:00,984.4204859314955,984.4204859314955,0
2025-10-06T04:00:00,984.4204859314955,984.4204859314955,0
2025-10-06T04:15:00,984.4204859314955,984.4204859314955,0
2025-10-06T04:30:00,984.4204859314955,984.4204859314955,0
2025-10-06T04:45:00,984.4204859314955,984.4204859314955,0
2025-10-06T05:00:00,984.4204859314955,984.4204859314955,0
2025-10-06T05:15:00,984.4204859314955,984.4204859314955,0
2025-10-06T05:30:00,984.4204859314955,984.4204859314955,0
2025-10-06T05:45:00,984.4204859314955,984.4204859314955,0
2025-10-06T06:00:00,984.4204859314955,984.4204859314955,0
2025-10-06T06:15:00,984.4204859314955,984.4204859314955,0
2025-10-06T06:30:00,984.4204859314955,984.4204859314955,0
2025-10-06T06:45:00,984.4204859314955,984.4204859314955,0
2025-10-06T07:00:00,983.5237560300781,866.1010188864171,1
2025-10-06T07:15:00,983.037844287506,866.1010188864171,1
2025-10-06T07:30:00,979.9191368611887,866.1010188864171,1
2025-10-06T07:45:00,979.0045333514247,979.0045333514247,0
2025-10-06T08:00:00,979.0045333514247,979.0045333514247,0
2025-10-06T08:15:00,979.0045333514247,979.0045333514247,0
2025-10-06T08:30:00,979.0045333514247,979.0045333514247,0
2025-10-06T08:45:00,979.0045333514247,979.0045333514247,0
2025-10-06T09:00:00,979.0045333514247,979.0045333514247,0
2025-10-06T09:15:00,979.0045333514247,979.0045333514247,0
2025-10-06T09:30:00,979.0045333514247,979.0045333514247,0
2025-10-06T09:45:00,979.0045333514247,979.0045333514247,0
2025-10-06T10:00:00,979.0045333514247,979.0045333514247,0
2025-10-06T10:15:00,979.0045333514247,979.0045333514247,0
2025-10-06T10:30:00,979.0045333514247,979.0045333514247,0
2025-10-06T10:45:00,979.0045333514247,979.0045333514247,0
2025-10-06T11:00:00,979.0045333514247,979.0045333514247,0
2025-10-06T11:15:00,979.0045333514247,979.0045333514247,0
2025-10-06T11:30:00,979.0045333514247,979.0045333514247,0
2025-10-06T11:45:00,979.0045333514247,979.0045333514247,0
2025-10-06T12:00:00,979.0045333514247,979.0045333514247,0
2025-10-06T12:15:00,979.0045333514247,979.0045333514247,0
2025-10-06T12:30:00,979.0045333514247,979.0045333514247,0
2025-10-06T12:45:00,979.0045333514247,979.0045333514247,0
2025-10-06T13:00:00,979.0045333514247,979.0045333514247,0
2025-10-06T13:15:00,979.0045333514247,979.0045333514247,0
2025-10-06T13:30:00,979.0045333514247,979.0045333514247,0
2025-10-06T13:45:00,979.0045333514247,979.0045333514247,0
2025-10-06T14:00:00,979.0045333514247,979.0045333514247,0
2025-10-06T14:15:00,979.0045333514247,979.0045333514247,0
2025-10-06T14:30:00,979.0045333514247,979.0045333514247,0
2025-10-06T14:45:00,979.0045333514247,979.0045333514247,0
2025-10-06T15:00:00,979.0045333514247,979.0045333514247,0
2025-10-06T15:15:00,979.0045333514247,979.0045333514247,0
2025-10-06T15:30:00,979.0045333514247,979.0045333514247,0
2025-10-06T15:45:00,979.0045333514247,979.0045333514247,0
2025-10-06T16:00:00,979.0045333514247,979.0045333514247,0
2025-10-06T16:15:00,979.0045333514247,979.0045333514247,0
2025-10-06T16:30:00,979.0045333514247,979.0045333514247,0
2025-10-06T16:45:00,979.0045333514247,979.0045333514247,0
2025-10-06T17:00:00,979.0045333514247,979.0045333514247,0
2025-10-06T17:15:00,979.0045333514247,979.0045333514247,0
2025-10-06T17:30:00,979.0045333514247,979.0045333514247,0
2025-10-06T17:45:00,979.0045333514247,979.0045333514247,0
2025-10-06T18:00:00,979.0045333514247,979.0045333514247,0
2025-10-06T18:15:00,979.0045333514247,979.0045333514247,0
2025-10-06T18:30:00,979.0045333514247,979.0045333514247,0
2025-10-06T18:45:00,978.1127369582923,861.3360204788503,1
2025-10-06T19:00:00,976.7604653944823,861.3360204788503,1
2025-10-06T19:15:00,976.8397413653863,861.3360204788503,1
2025-10-06T19:30:00,975.4301757328807,975.4301757328807,0
2025-10-06T19:45:00,975.4301757328807,975.4301757328807,0
2025-10-06T20:00:00,975.4301757328807,975.4301757328807,0
2025-10-06T20:15:00,975.4301757328807,975.4301757328807,0
2025-10-06T20:30:00,975.4301757328807,975.4301757328807,0
2025-10-06T20:45:00,975.4301757328807,975.4301757328807,0
2025-10-06T21:00:00,975.4301757328807,975.4301757328807,0
2025-10-06T21:15:00,975.4301757328807,975.4301757328807,0
2025-10-06T21:30:00,975.4301757328807,975.4301757328807,0
2025-10-06T21:45:00,975.4301757328807,975.4301757328807,0
2025-10-06T22:00:00,975.4301757328807,975.4301757328807,0
2025-10-06T22:15:00,975.4301757328807,975.4301757328807,0
2025-10-06T22:30:00,975.4301757328807,975.4301757328807,0
2025-10-06T22:45:00,975.4301757328807,975.4301757328807,0
2025-10-06T23:00:00,975.4301757328807,975.4301757328807,0
2025-10-06T23:15:00,975.4301757328807,975.4301757328807,0
2025-10-06T23:30:00,975.4301757328807,975.4301757328807,0
2025-10-06T23:45:00,975.4301757328807,975.4301757328807,0
2025-10-07T00:00:00,975.4301757328807,975.4301757328807,0
2025-10-07T00:15:00,975.4301757328807,975.4301757328807,0
2025-10-07T00:30:00,975.4301757328807,975.4301757328807,0
2025-10-07T00:45:00,975.4301757328807,975.4301757328807,0
2025-10-07T01:00:00,975.4301757328807,975.4301757328807,0
2025-10-07T01:15:00,975.4301757328807,975.4301757328807,0
2025-10-07T01:30:00,975.4301757328807,975.4301757328807,0
2025-10-07T01:45:00,975.4301757328807,975.4301757328807,0
2025-10-07T02:00:00,975.4301757328807,975.4301757328807,0
2025-10-07T02:15:00,975.4301757328807,975.4301757328807,0
2025-10-07T02:30:00,975.4301757328807,975.4301757328807,0
2025-10-07T02:45:00,975.4301757328807,975.4301757328807,0
2025-10-07T03:00:00,975.4301757328807,975.4301757328807,0
2025-10-07T03:15:00,975.4301757328807,975.4301757328807,0
2025-10-07T03:30:00,975.4301757328807,975.4301757328807,0
2025-10-07T03:45:00,975.4301757328807,975.4301757328807,0
2025-10-07T04:00:00,975.4301757328807,975.4301757328807,0
2025-10-07T04:15:00,975.4301757328807,975.4301757328807,0
2025-10-07T04:30:00,975.4301757328807,975.4301757328807,0
2025-10-07T04:45:00,975.4301757328807,975.4301757328807,0
2025-10-07T05:00:00,975.4301757328807,975.4301757328807,0
2025-10-07T05:15:00,975.4301757328807,975.4301757328807,0
2025-10-07T05:30:00,975.4301757328807,975.4301757328807,0
2025-10-07T05:45:00,975.4301757328807,975.4301757328807,0
2025-10-07T06:00:00,975.4301757328807,975.4301757328807,0
2025-10-07T06:15:00,975.4301757328807,975.4301757328807,0
2025-10-07T06:30:00,975.4301757328807,975.4301757328807,0
2025-10-07T06:45:00,975.4301757328807,975.4301757328807,0
2025-10-07T07:00:00,975.4301757328807,975.4301757328807,0
2025-10-07T07:15:00,975.4301757328807,975.4301757328807,0
2025-10-07T07:30:00,975.4301757328807,975.4301757328807,0
2025-10-07T07:45:00,975.4301757328807,975.4301757328807,0
2025-10-07T08:00:00,975.4301757328807,975.4301757328807,0
2025-10-07T08:15:00,975.4301757328807,975.4301757328807,0
2025-10-07T08:30:00,975.4301757328807,975.4301757328807,0
2025-10-07T08:45:00,975.4301757328807,975.4301757328807,0
2025-10-07T09:00:00,975.4301757328807,975.4301757328807,0
2025-10-07T09:15:00,975.4301757328807,975.4301757328807,0
2025-10-07T09:30:00,975.4301757328807,975.4301757328807,0
2025-10-07T09:45:00,975.4301757328807,975.4301757328807,0
2025-10-07T10:00:00,975.4301757328807,975.4301757328807,0
2025-10-07T10:15:00,975.4301757328807,975.4301757328807,0
2025-10-07T10:30:00,975.4301757328807,975.4301757328807,0
2025-10-07T10:45:00,975.4301757328807,975.4301757328807,0
2025-10-07T11:00:00,975.4301757328807,975.4301757328807,0
2025-10-07T11:15:00,975.4301757328807,975.4301757328807,0
2025-10-07T11:30:00,975.4301757328807,975.4301757328807,0
2025-10-07T11:45:00,975.4301757328807,975.4301757328807,0
2025-10-07T12:00:00,975.4301757328807,975.4301757328807,0
2025-10-07T12:15:00,975.4301757328807,975.4301757328807,0
2025-10-07T12:30:00,975.4301757328807,975.4301757328807,0
2025-10-07T12:45:00,974.541635299372,858.1912720511943,1
2025-10-07T13:00:00,973.986237364997,858.1912720511943,1
2025-10-07T13:15:00,975.1423316468344,858.1912720511943,1
2025-10-07T13:30:00,968.3005995153824,968.3005995153824,0
2025-10-07T13:45:00,968.3005995153824,968.3005995153824,0
2025-10-07T14:00:00,968.3005995153824,968.3005995153824,0
2025-10-07T14:15:00,968.3005995153824,968.3005995153824,0
2025-10-07T14:30:00,968.3005995153824,968.3005995153824,0
2025-10-07T14:45:00,968.3005995153824,968.3005995153824,0
2025-10-07T15:00:00,968.3005995153824,968.3005995153824,0
2025-10-07T15:15:00,968.3005995153824,968.3005995153824,0
2025-10-07T15:30:00,968.3005995153824,968.3005995153824,0
2025-10-07T15:45:00,968.3005995153824,968.3005995153824,0
2025-10-07T16:00:00,968.3005995153824,968.3005995153824,0
2025-10-07T16:15:00,968.3005995153824,968.3005995153824,0
2025-10-07T16:30:00,968.3005995153824,968.3005995153824,0
2025-10-07T16:45:00,968.3005995153824,968.3005995153824,0
2025-10-07T17:00:00,968.3005995153824,968.3005995153824,0
2025-10-07T17:15:00,968.3005995153824,968.3005995153824,0
2025-10-07T17:30:00,968.3005995153824,968.3005995153824,0
2025-10-07T17:45:00,968.3005995153824,968.3005995153824,0
2025-10-07T18:00:00,968.3005995153824,968.3005995153824,0
2025-10-07T18:15:00,968.3005995153824,968.3005995153824,0
2025-10-07T18:30:00,968.3005995153824,968.3005995153824,0
2025-10-07T18:45:00,968.3005995153824,968.3005995153824,0
2025-10-07T19:00:00,968.3005995153824,968.3005995153824,0
2025-10-07T19:15:00,968.3005995153824,968.3005995153824,0
2025-10-07T19:30:00,968.3005995153824,968.3005995153824,0
2025-10-07T19:45:00,968.3005995153824,968.3005995153824,0
2025-10-07T20:00:00,968.3005995153824,968.3005995153824,0
2025-10-07T20:15:00,968.3005995153824,968.3005995153824,0
2025-10-07T20:30:00,968.3005995153824,968.3005995153824,0
2025-10-07T20:45:00,968.3005995153824,968.3005995153824,0
2025-10-07T21:00:00,968.3005995153824,968.3005995153824,0
2025-10-07T21:15:00,968.3005995153824,968.3005995153824,0
2025-10-07T21:30:00,968.3005995153824,968.3005995153824,0
2025-10-07T21:45:00,968.3005995153824,968.3005995153824,0
2025-10-07T22:00:00,968.3005995153824,968.3005995153824,0
2025-10-07T22:15:00,968.3005995153824,968.3005995153824,0
2025-10-07T22:30:00,968.3005995153824,968.3005995153824,0
2025-10-07T22:45:00,968.3005995153824,968.3005995153824,0
2025-10-07T23:00:00,968.3005995153824,968.3005995153824,0
2025-10-07T23:15:00,968.3005995153824,968.3005995153824,0
2025-10-07T23:30:00,968.3005995153824,968.3005995153824,0
2025-10-07T23:45:00,967.4164620329734,851.9186138584296,1
2025-10-08T00:00:00,967.0229520742598,851.9186138584296,1
2025-10-08T00:15:00,966.5017606927722,851.9186138584296,1
2025-10-08T00:30:00,965.079473368592,851.9186138584296,1
2025-10-08T00:45:00,964.542054789726,964.542054789726,0
2025-10-08T01:00:00,964.542054789726,964.542054789726,0
2025-10-08T01:15:00,964.542054789726,964.542054789726,0
2025-10-08T01:30:00,964.542054789726,964.542054789726,0
2025-10-08T01:45:00,964.542054789726,964.542054789726,0
2025-10-08T02:00:00,964.542054789726,964.542054789726,0
2025-10-08T02:15:00,964.542054789726,964.542054789726,0
2025-10-08T02:30:00,964.542054789726,964.542054789726,0
2025-10-08T02:45:00,964.542054789726,964.542054789726,0
2025-10-08T03:00:00,964.542054789726,964.542054789726,0
2025-10-08T03:15:00,964.542054789726,964.542054789726,0
2025-10-08T03:30:00,964.542054789726,964.542054789726,0
2025-10-08T03:45:00,964.542054789726,964.542054789726,0
2025-10-08T04:00:00,964.542054789726,964.542054789726,0
2025-10-08T04:15:00,964.542054789726,964.542054789726,0
2025-10-08T04:30:00,964.542054789726,964.542054789726,0
2025-10-08T04:45:00,964.542054789726,964.542054789726,0
2025-10-08T05:00:00,964.542054789726,964.542054789726,0
2025-10-08T05:15:00,964.542054789726,964.542054789726,0
2025-10-08T05:30:00,964.542054789726,964.542054789726,0
2025-10-08T05:45:00,964.542054789726,964.542054789726,0
2025-10-08T06:00:00,964.542054789726,964.542054789726,0
2025-10-08T06:15:00,964.542054789726,964.542054789726,0
2025-10-08T06:30:00,964.542054789726,964.542054789726,0
2025-10-08T06:45:00,964.542054789726,964.542054789726,0
2025-10-08T07:00:00,964.542054789726,964.542054789726,0
2025-10-08T07:15:00,964.542054789726,964.542054789726,0
2025-10-08T07:30:00,964.542054789726,964.542054789726,0
2025-10-08T07:45:00,964.542054789726,964.542054789726,0
2025-10-08T08:00:00,964.542054789726,964.542054789726,0
2025-10-08T08:15:00,964.542054789726,964.542054789726,0
2025-10-08T08:30:00,964.542054789726,964.542054789726,0
2025-10-08T08:45:00,964.542054789726,964.542054789726,0
2025-10-08T09:00:00,964.542054789726,964.542054789726,0
2025-10-08T09:15:00,964.542054789726,964.542054789726,0
2025-10-08T09:30:00,964.542054789726,964.542054789726,0
2025-10-08T09:45:00,964.542054789726,964.542054789726,0
2025-10-08T10:00:00,964.542054789726,964.542054789726,0
2025-10-08T10:15:00,964.542054789726,964.542054789726,0
2025-10-08T10:30:00,964.542054789726,964.542054789726,0
2025-10-08T10:45:00,964.542054789726,964.542054789726,0
2025-10-08T11:00:00,964.542054789726,964.542054789726,0
2025-10-08T11:15:00,964.542054789726,964.542054789726,0
2025-10-08T11:30:00,964.542054789726,964.542054789726,0
2025-10-08T11:45:00,964.542054789726,964.542054789726,0
2025-10-08T12:00:00,964.542054789726,964.542054789726,0
2025-10-08T12:15:00,964.542054789726,964.542054789726,0
2025-10-08T12:30:00,964.542054789726,964.542054789726,0
2025-10-08T12:45:00,964.542054789726,964.542054789726,0
2025-10-08T13:00:00,964.542054789726,964.542054789726,0
2025-10-08T13:15:00,964.542054789726,964.542054789726,0
2025-10-08T13:30:00,964.542054789726,964.542054789726,0
2025-10-08T13:45:00,964.542054789726,964.542054789726,0
2025-10-08T14:00:00,964.542054789726,964.542054789726,0
2025-10-08T14:15:00,964.542054789726,964.542054789726,0
2025-10-08T14:30:00,964.542054789726,964.542054789726,0
2025-10-08T14:45:00,964.542054789726,964.542054789726,0
2025-10-08T15:00:00,964.542054789726,964.542054789726,0
2025-10-08T15:15:00,964.542054789726,964.542054789726,0
2025-10-08T15:30:00,964.542054789726,964.542054789726,0
2025-10-08T15:45:00,964.542054789726,964.542054789726,0
2025-10-08T16:00:00,964.542054789726,964.542054789726,0
2025-10-08T16:15:00,964.542054789726,964.542054789726,0
2025-10-08T16:30:00,964.542054789726,964.542054789726,0
2025-10-08T16:45:00,964.542054789726,964.542054789726,0
2025-10-08T17:00:00,964.542054789726,964.542054789726,0
2025-10-08T17:15:00,964.542054789726,964.542054789726,0
2025-10-08T17:30:00,964.542054789726,964.542054789726,0
2025-10-08T17:45:00,964.542054789726,964.542054789726,0
2025-10-08T18:00:00,963.6634325809591,848.6118161404393,1
2025-10-08T18:15:00,962.7099417506967,848.6118161404393,1
2025-10-08T18:30:00,962.5221097671077,848.6118161404393,1
2025-10-08T18:45:00,962.1312565256761,848.6118161404393,1
2025-10-08T19:00:00,961.3840338005787,848.6118161404393,1
2025-10-08T19:15:00,962.7955540237649,848.6118161404393,1
2025-10-08T19:30:00,961.6565247736737,961.6565247736737,0
2025-10-08T19:45:00,961.6565247736737,961.6565247736737,0
2025-10-08T20:00:00,961.6565247736737,961.6565247736737,0
2025-10-08T20:15:00,961.6565247736737,961.6565247736737,0
2025-10-08T20:30:00,961.6565247736737,961.6565247736737,0
2025-10-08T20:45:00,961.6565247736737,961.6565247736737,0
2025-10-08T21:00:00,961.6565247736737,961.6565247736737,0
2025-10-08T21:15:00,961.6565247736737,961.6565247736737,0
2025-10-08T21:30:00,961.6565247736737,961.6565247736737,0
2025-10-08T21:45:00,961.6565247736737,961.6565247736737,0
2025-10-08T22:00:00,961.6565247736737,961.6565247736737,0
2025-10-08T22:15:00,961.6565247736737,961.6565247736737,0
2025-10-08T22:30:00,961.6565247736737,961.6565247736737,0
2025-10-08T22:45:00,961.6565247736737,961.6565247736737,0
2025-10-08T23:00:00,961.6565247736737,961.6565247736737,0
2025-10-08T23:15:00,961.6565247736737,961.6565247736737,0
2025-10-08T23:30:00,961.6565247736737,961.6565247736737,0
2025-10-08T23:45:00,961.6565247736737,961.6565247736737,0
2025-10-09T00:00:00,961.6565247736737,961.6565247736737,0
2025-10-09T00:15:00,961.6565247736737,961.6565247736737,0
2025-10-09T00:30:00,961.6565247736737,961.6565247736737,0
2025-10-09T00:45:00,961.6565247736737,961.6565247736737,0
2025-10-09T01:00:00,961.6565247736737,961.6565247736737,0
2025-10-09T01:15:00,961.6565247736737,961.6565247736737,0
2025-10-09T01:30:00,961.6565247736737,961.6565247736737,0
2025-10-09T01:45:00,961.6565247736737,961.6565247736737,0
2025-10-09T02:00:00,961.6565247736737,961.6565247736737,0
2025-10-09T02:15:00,961.6565247736737,961.6565247736737,0
2025-10-09T02:30:00,961.6565247736737,961.6565247736737,0
2025-10-09T02:45:00,961.6565247736737,961.6565247736737,0
2025-10-09T03:00:00,961.6565247736737,961.6565247736737,0
2025-10-09T03:15:00,961.6565247736737,961.6565247736737,0
2025-10-09T03:30:00,961.6565247736737,961.6565247736737,0
2025-10-09T03:45:00,961.6565247736737,961.6565247736737,0
2025-10-09T04:00:00,961.6565247736737,961.6565247736737,0
2025-10-09T04:15:00,961.6565247736737,961.6565247736737,0
2025-10-09T04:30:00,961.6565247736737,961.6565247736737,0
2025-10-09T04:45:00,961.6565247736737,961.6565247736737,0
2025-10-09T05:00:00,961.6565247736737,961.6565247736737,0
2025-10-09T05:15:00,961.6565247736737,961.6565247736737,0
2025-10-09T05:30:00,961.6565247736737,961.6565247736737,0
2025-10-09T05:45:00,961.6565247736737,961.6565247736737,0
2025-10-09T06:00:00,961.6565247736737,961.6565247736737,0
2025-10-09T06:15:00,961.6565247736737,961.6565247736737,0
2025-10-09T06:30:00,961.6565247736737,961.6565247736737,0
2025-10-09T06:45:00,961.6565247736737,961.6565247736737,0
2025-10-09T07:00:00,961.6565247736737,961.6565247736737,0
2025-10-09T07:15:00,961.6565247736737,961.6565247736737,0
2025-10-09T07:30:00,961.6565247736737,961.6565247736737,0
2025-10-09T07:45:00,961.6565247736737,961.6565247736737,0
2025-10-09T08:00:00,960.7784538738096,846.0731037480764,1
2025-10-09T08:15:00,967.4358878862563,846.0731037480764,1
2025-10-09T08:30:00,967.5482097782987,846.0731037480764,1
2025-10-09T08:45:00,968.7407113611021,846.0731037480764,1
2025-10-09T09:00:00,966.7881999667231,846.0731037480764,1
2025-10-09T09:15:00,966.3242160762309,846.0731037480764,1
2025-10-09T09:30:00,967.6909740522962,846.0731037480764,1
2025-10-09T09:45:00,968.0247905164965,846.0731037480764,1
2025-10-09T10:00:00,967.0338384969837,846.0731037480764,1
2025-10-09T10:15:00,968.5675047051491,846.0731037480764,1
2025-10-09T10:30:00,966.4239411205675,846.0731037480764,1
2025-10-09T10:45:00,965.5704230514875,965.5704230514875,0
2025-10-09T11:00:00,965.5704230514875,965.5704230514875,0
2025-10-09T11:15:00,965.5704230514875,965.5704230514875,0
2025-10-09T11:30:00,965.5704230514875,965.5704230514875,0
2025-10-09T11:45:00,965.5704230514875,965.5704230514875,0
2025-10-09T12:00:00,965.5704230514875,965.5704230514875,0
2025-10-09T12:15:00,965.5704230514875,965.5704230514875,0
2025-10-09T12:30:00,965.5704230514875,965.5704230514875,0
2025-10-09T12:45:00,965.5704230514875,965.5704230514875,0
2025-10-09T13:00:00,965.5704230514875,965.5704230514875,0
2025-10-09T13:15:00,965.5704230514875,965.5704230514875,0
2025-10-09T13:30:00,965.5704230514875,965.5704230514875,0
2025-10-09T13:45:00,965.5704230514875,965.5704230514875,0
2025-10-09T14:00:00,965.5704230514875,965.5704230514875,0
2025-10-09T14:15:00,965.5704230514875,965.5704230514875,0
2025-10-09T14:30:00,965.5704230514875,965.5704230514875,0
2025-10-09T14:45:00,965.5704230514875,965.5704230514875,0
2025-10-09T15:00:00,965.5704230514875,965.5704230514875,0
2025-10-09T15:15:00,965.5704230514875,965.5704230514875,0
2025-10-09T15:30:00,965.5704230514875,965.5704230514875,0
2025-10-09T15:45:00,965.5704230514875,965.5704230514875,0
2025-10-09T16:00:00,965.5704230514875,965.5704230514875,0
2025-10-09T16:15:00,965.5704230514875,965.5704230514875,0
2025-10-09T16:30:00,965.5704230514875,965.5704230514875,0
2025-10-09T16:45:00,965.5704230514875,965.5704230514875,0
2025-10-09T17:00:00,965.5704230514875,965.5704230514875,0
2025-10-09T17:15:00,965.5704230514875,965.5704230514875,0
2025-10-09T17:30:00,965.5704230514875,965.5704230514875,0
2025-10-09T17:45:00,965.5704230514875,965.5704230514875,0
2025-10-09T18:00:00,965.5704230514875,965.5704230514875,0
2025-10-09T18:15:00,965.5704230514875,965.5704230514875,0
2025-10-09T18:30:00,965.5704230514875,965.5704230514875,0
2025-10-09T18:45:00,965.5704230514875,965.5704230514875,0
2025-10-09T19:00:00,965.5704230514875,965.5704230514875,0
2025-10-09T19:15:00,965.5704230514875,965.5704230514875,0
2025-10-09T19:30:00,965.5704230514875,965.5704230514875,0
2025-10-09T19:45:00,965.5704230514875,965.5704230514875,0
2025-10-09T20:00:00,965.5704230514875,965.5704230514875,0
2025-10-09T20:15:00,965.5704230514875,965.5704230514875,0
2025-10-09T20:30:00,965.5704230514875,965.5704230514875,0
2025-10-09T20:45:00,965.5704230514875,965.5704230514875,0
2025-10-09T21:00:00,965.5704230514875,965.5704230514875,0
2025-10-09T21:15:00,965.5704230514875,965.5704230514875,0
2025-10-09T21:30:00,965.5704230514875,965.5704230514875,0
2025-10-09T21:45:00,965.5704230514875,965.5704230514875,0
2025-10-09T22:00:00,965.5704230514875,965.5704230514875,0
2025-10-09T22:15:00,965.5704230514875,965.5704230514875,0
2025-10-09T22:30:00,965.5704230514875,965.5704230514875,0
2025-10-09T22:45:00,965.5704230514875,965.5704230514875,0
2025-10-09T23:00:00,965.5704230514875,965.5704230514875,0
2025-10-09T23:15:00,965.5704230514875,965.5704230514875,0
2025-10-09T23:30:00,965.5704230514875,965.5704230514875,0
2025-10-09T23:45:00,965.5704230514875,965.5704230514875,0
2025-10-10T00:00:00,965.5704230514875,965.5704230514875,0
2025-10-10T00:15:00,965.5704230514875,965.5704230514875,0
2025-10-10T00:30:00,965.5704230514875,965.5704230514875,0
2025-10-10T00:45:00,965.5704230514875,965.5704230514875,0
2025-10-10T01:00:00,965.5704230514875,965.5704230514875,0
2025-10-10T01:15:00,965.5704230514875,965.5704230514875,0
2025-10-10T01:30:00,965.5704230514875,965.5704230514875,0
2025-10-10T01:45:00,965.5704230514875,965.5704230514875,0
2025-10-10T02:00:00,965.5704230514875,965.5704230514875,0
2025-10-10T02:15:00,965.5704230514875,965.5704230514875,0
2025-10-10T02:30:00,965.5704230514875,965.5704230514875,0
2025-10-10T02:45:00,965.5704230514875,965.5704230514875,0
2025-10-10T03:00:00,965.5704230514875,965.5704230514875,0
2025-10-10T03:15:00,965.5704230514875,965.5704230514875,0
2025-10-10T03:30:00,965.5704230514875,965.5704230514875,0
2025-10-10T03:45:00,965.5704230514875,965.5704230514875,0
2025-10-10T04:00:00,965.5704230514875,965.5704230514875,0
2025-10-10T04:15:00,965.5704230514875,965.5704230514875,0
2025-10-10T04:30:00,965.5704230514875,965.5704230514875,0
2025-10-10T04:45:00,965.5704230514875,965.5704230514875,0
2025-10-10T05:00:00,965.5704230514875,965.5704230514875,0
2025-10-10T05:15:00,965.5704230514875,965.5704230514875,0
2025-10-10T05:30:00,965.5704230514875,965.5704230514875,0
2025-10-10T05:45:00,965.5704230514875,965.5704230514875,0
2025-10-10T06:00:00,965.5704230514875,965.5704230514875,0
2025-10-10T06:15:00,965.5704230514875,965.5704230514875,0
2025-10-10T06:30:00,965.5704230514875,965.5704230514875,0
2025-10-10T06:45:00,965.5704230514875,965.5704230514875,0
2025-10-10T07:00:00,965.5704230514875,965.5704230514875,0
2025-10-10T07:15:00,965.5704230514875,965.5704230514875,0
2025-10-10T07:30:00,965.5704230514875,965.5704230514875,0
2025-10-10T07:45:00,965.5704230514875,965.5704230514875,0
2025-10-10T08:00:00,965.5704230514875,965.5704230514875,0
2025-10-10T08:15:00,965.5704230514875,965.5704230514875,0
2025-10-10T08:30:00,965.5704230514875,965.5704230514875,0
2025-10-10T08:45:00,965.5704230514875,965.5704230514875,0
2025-10-10T09:00:00,965.5704230514875,965.5704230514875,0
2025-10-10T09:15:00,965.5704230514875,965.5704230514875,0
2025-10-10T09:30:00,965.5704230514875,965.5704230514875,0
2025-10-10T09:45:00,965.5704230514875,965.5704230514875,0
2025-10-10T10:00:00,965.5704230514875,965.5704230514875,0
2025-10-10T10:15:00,965.5704230514875,965.5704230514875,0
2025-10-10T10:30:00,965.5704230514875,965.5704230514875,0
2025-10-10T10:45:00,965.5704230514875,965.5704230514875,0
2025-10-10T11:00:00,965.5704230514875,965.5704230514875,0
2025-10-10T11:15:00,965.5704230514875,965.5704230514875,0
2025-10-10T11:30:00,965.5704230514875,965.5704230514875,0
2025-10-10T11:45:00,965.5704230514875,965.5704230514875,0
2025-10-10T12:00:00,965.5704230514875,965.5704230514875,0
2025-10-10T12:15:00,965.5704230514875,965.5704230514875,0
2025-10-10T12:30:00,965.5704230514875,965.5704230514875,0
2025-10-10T12:45:00,965.5704230514875,965.5704230514875,0
2025-10-10T13:00:00,965.5704230514875,965.5704230514875,0
2025-10-10T13:15:00,965.5704230514875,965.5704230514875,0
2025-10-10T13:30:00,965.5704230514875,965.5704230514875,0
2025-10-10T13:45:00,965.5704230514875,965.5704230514875,0
2025-10-10T14:00:00,965.5704230514875,965.5704230514875,0
2025-10-10T14:15:00,965.5704230514875,965.5704230514875,0
2025-10-10T14:30:00,965.5704230514875,965.5704230514875,0
2025-10-10T14:45:00,965.5704230514875,965.5704230514875,0
2025-10-10T15:00:00,965.5704230514875,965.5704230514875,0
2025-10-10T15:15:00,965.5704230514875,965.5704230514875,0
2025-10-10T15:30:00,965.5704230514875,965.5704230514875,0
2025-10-10T15:45:00,965.5704230514875,965.5704230514875,0
2025-10-10T16:00:00,965.5704230514875,965.5704230514875,0
2025-10-10T16:15:00,965.5704230514875,965.5704230514875,0
2025-10-10T16:30:00,965.5704230514875,965.5704230514875,0
2025-10-10T16:45:00,965.5704230514875,965.5704230514875,0
2025-10-10T17:00:00,965.5704230514875,965.5704230514875,0
2025-10-10T17:15:00,965.5704230514875,965.5704230514875,0
2025-10-10T17:30:00,965.5704230514875,965.5704230514875,0
2025-10-10T17:45:00,965.5704230514875,965.5704230514875,0
2025-10-10T18:00:00,965.5704230514875,965.5704230514875,0
2025-10-10T18:15:00,965.5704230514875,965.5704230514875,0
2025-10-10T18:30:00,965.5704230514875,965.5704230514875,0
2025-10-10T18:45:00,965.5704230514875,965.5704230514875,0
2025-10-10T19:00:00,965.5704230514875,965.5704230514875,0
2025-10-10T19:15:00,965.5704230514875,965.5704230514875,0
2025-10-10T19:30:00,965.5704230514875,965.5704230514875,0
2025-10-10T19:45:00,965.5704230514875,965.5704230514875,0
2025-10-10T20:00:00,965.5704230514875,965.5704230514875,0
2025-10-10T20:15:00,965.5704230514875,965.5704230514875,0
2025-10-10T20:30:00,965.5704230514875,965.5704230514875,0
2025-10-10T20:45:00,964.6887784430338,849.5165827640832,1
2025-10-10T21:00:00,973.0465093035347,849.5165827640832,1
2025-10-10T21:15:00,999.664532938916,849.5165827640832,1
2025-10-10T21:30:00,994.8367375149037,849.5165827640832,1
2025-10-10T21:45:00,989.4689795280073,849.5165827640832,1
2025-10-10T22:00:00,988.988913508209,849.5165827640832,1
2025-10-10T22:15:00,991.6849485142164,849.5165827640832,1
2025-10-10T22:30:00,990.0367069516576,849.5165827640832,1
2025-10-10T22:45:00,988.6872243580542,988.6872243580542,0
2025-10-10T23:00:00,988.6872243580542,988.6872243580542,0
2025-10-10T23:15:00,988.6872243580542,988.6872243580542,0
2025-10-10T23:30:00,988.6872243580542,988.6872243580542,0
2025-10-10T23:45:00,988.6872243580542,988.6872243580542,0
2025-10-11T00:00:00,988.6872243580542,988.6872243580542,0
2025-10-11T00:15:00,988.6872243580542,988.6872243580542,0
2025-10-11T00:30:00,988.6872243580542,988.6872243580542,0
2025-10-11T00:45:00,988.6872243580542,988.6872243580542,0
2025-10-11T01:00:00,988.6872243580542,988.6872243580542,0
2025-10-11T01:15:00,988.6872243580542,988.6872243580542,0
2025-10-11T01:30:00,988.6872243580542,988.6872243580542,0
2025-10-11T01:45:00,988.6872243580542,988.6872243580542,0
2025-10-11T02:00:00,988.6872243580542,988.6872243580542,0
2025-10-11T02:15:00,988.6872243580542,988.6872243580542,0
2025-10-11T02:30:00,988.6872243580542,988.6872243580542,0
2025-10-11T02:45:00,988.6872243580542,988.6872243580542,0
2025-10-11T03:00:00,988.6872243580542,988.6872243580542,0
2025-10-11T03:15:00,988.6872243580542,988.6872243580542,0
2025-10-11T03:30:00,988.6872243580542,988.6872243580542,0
2025-10-11T03:45:00,988.6872243580542,988.6872243580542,0
2025-10-11T04:00:00,988.6872243580542,988.6872243580542,0
2025-10-11T04:15:00,988.6872243580542,988.6872243580542,0
2025-10-11T04:30:00,988.6872243580542,988.6872243580542,0
2025-10-11T04:45:00,988.6872243580542,988.6872243580542,0
2025-10-11T05:00:00,988.6872243580542,988.6872243580542,0
2025-10-11T05:15:00,988.6872243580542,988.6872243580542,0
2025-10-11T05:30:00,988.6872243580542,988.6872243580542,0
2025-10-11T05:45:00,988.6872243580542,988.6872243580542,0
2025-10-11T06:00:00,988.6872243580542,988.6872243580542,0
2025-10-11T06:15:00,988.6872243580542,988.6872243580542,0
2025-10-11T06:30:00,988.6872243580542,988.6872243580542,0
2025-10-11T06:45:00,988.6872243580542,988.6872243580542,0
2025-10-11T07:00:00,987.784472223158,869.854929488011,1
2025-10-11T07:15:00,990.5309247037594,869.854929488011,1
2025-10-11T07:30:00,991.0484551298716,869.854929488011,1
2025-10-11T07:45:00,992.1077072229539,869.854929488011,1
2025-10-11T08:00:00,992.5776658085784,869.854929488011,1
2025-10-11T08:15:00,989.6987801505119,869.854929488011,1
2025-10-11T08:30:00,988.4485153849066,869.854929488011,1
2025-10-11T08:45:00,988.0810815819652,869.854929488011,1
2025-10-11T09:00:00,986.7546490294619,986.7546490294619,0
2025-10-11T09:15:00,986.7546490294619,986.7546490294619,0
2025-10-11T09:30:00,986.7546490294619,986.7546490294619,0
2025-10-11T09:45:00,986.7546490294619,986.7546490294619,0
2025-10-11T10:00:00,986.7546490294619,986.7546490294619,0
2025-10-11T10:15:00,986.7546490294619,986.7546490294619,0
2025-10-11T10:30:00,986.7546490294619,986.7546490294619,0
2025-10-11T10:45:00,986.7546490294619,986.7546490294619,0
2025-10-11T11:00:00,986.7546490294619,986.7546490294619,0
2025-10-11T11:15:00,986.7546490294619,986.7546490294619,0
2025-10-11T11:30:00,986.7546490294619,986.7546490294619,0
2025-10-11T11:45:00,986.7546490294619,986.7546490294619,0
2025-10-11T12:00:00,986.7546490294619,986.7546490294619,0
2025-10-11T12:15:00,986.7546490294619,986.7546490294619,0
2025-10-11T12:30:00,986.7546490294619,986.7546490294619,0
2025-10-11T12:45:00,986.7546490294619,986.7546490294619,0
2025-10-11T13:00:00,986.7546490294619,986.7546490294619,0
2025-10-11T13:15:00,986.7546490294619,986.7546490294619,0
2025-10-11T13:30:00,986.7546490294619,986.7546490294619,0
2025-10-11T13:45:00,986.7546490294619,986.7546490294619,0
2025-10-11T14:00:00,986.7546490294619,986.7546490294619,0
2025-10-11T14:15:00,986.7546490294619,986.7546490294619,0
2025-10-11T14:30:00,986.7546490294619,986.7546490294619,0
2025-10-11T14:45:00,986.7546490294619,986.7546490294619,0
2025-10-11T15:00:00,986.7546490294619,986.7546490294619,0
2025-10-11T15:15:00,986.7546490294619,986.7546490294619,0
2025-10-11T15:30:00,986.7546490294619,986.7546490294619,0
2025-10-11T15:45:00,986.7546490294619,986.7546490294619,0
2025-10-11T16:00:00,986.7546490294619,986.7546490294619,0
2025-10-11T16:15:00,986.7546490294619,986.7546490294619,0
2025-10-11T16:30:00,986.7546490294619,986.7546490294619,0
2025-10-11T16:45:00,986.7546490294619,986.7546490294619,0
2025-10-11T17:00:00,986.7546490294619,986.7546490294619,0
2025-10-11T17:15:00,986.7546490294619,986.7546490294619,0
2025-10-11T17:30:00,986.7546490294619,986.7546490294619,0
2025-10-11T17:45:00,986.7546490294619,986.7546490294619,0
2025-10-11T18:00:00,986.7546490294619,986.7546490294619,0
2025-10-11T18:15:00,985.8536614935821,868.1546342533128,1
2025-10-11T18:30:00,985.0183281021172,868.1546342533128,1
2025-10-11T18:45:00,985.9220295538955,868.1546342533128,1
2025-10-11T19:00:00,989.7108631508975,868.1546342533128,1
2025-10-11T19:15:00,991.7258563466784,868.1546342533128,1
2025-10-11T19:30:00,993.6786967603562,868.1546342533128,1
2025-10-11T19:45:00,992.7426758618842,868.1546342533128,1
2025-10-11T20:00:00,994.3611343078477,868.1546342533128,1
2025-10-11T20:15:00,997.7459748211799,868.1546342533128,1
2025-10-11T20:30:00,1001.2103708956039,868.1546342533128,1
2025-10-11T20:45:00,1000.8797180948156,868.1546342533128,1
2025-10-11T21:00:00,1003.8108432987955,868.1546342533128,1
2025-10-11T21:15:00,997.3394956262259,868.1546342533128,1
2025-10-11T21:30:00,997.5097942491882,868.1546342533128,1
2025-10-11T21:45:00,995.8329121880479,868.1546342533128,1
2025-10-11T22:00:00,995.5022593872598,868.1546342533128,1
2025-10-11T22:15:00,994.8222499771747,994.8222499771747,0
2025-10-11T22:30:00,994.8222499771747,994.8222499771747,0
2025-10-11T22:45:00,994.8222499771747,994.8222499771747,0
2025-10-11T23:00:00,994.8222499771747,994.8222499771747,0
2025-10-11T23:15:00,994.8222499771747,994.8222499771747,0
2025-10-11T23:30:00,994.8222499771747,994.8222499771747,0
2025-10-11T23:45:00,994.8222499771747,994.8222499771747,0
2025-10-12T00:00:00,994.8222499771747,994.8222499771747,0
2025-10-12T00:15:00,994.8222499771747,994.8222499771747,0
2025-10-12T00:30:00,993.9138960631325,875.2525741079181,1
2025-10-12T00:45:00,994.3531158801826,875.2525741079181,1
2025-10-12T01:00:00,992.6582912820365,875.2525741079181,1
2025-10-12T01:15:00,992.949521169659,875.2525741079181,1
2025-10-12T01:30:00,992.7597402089235,875.2525741079181,1
2025-10-12T01:45:00,992.8844596370808,875.2525741079181,1
2025-10-12T02:00:00,992.1787620760817,875.2525741079181,1
2025-10-12T02:15:00,990.4576598413364,990.4576598413364,0
2025-10-12T02:30:00,990.4576598413364,990.4576598413364,0
2025-10-12T02:45:00,990.4576598413364,990.4576598413364,0
2025-10-12T03:00:00,990.4576598413364,990.4576598413364,0
2025-10-12T03:15:00,990.4576598413364,990.4576598413364,0
2025-10-12T03:30:00,990.4576598413364,990.4576598413364,0
2025-10-12T03:45:00,990.4576598413364,990.4576598413364,0
2025-10-12T04:00:00,990.4576598413364,990.4576598413364,0
2025-10-12T04:15:00,990.4576598413364,990.4576598413364,0
2025-10-12T04:30:00,990.4576598413364,990.4576598413364,0
2025-10-12T04:45:00,990.4576598413364,990.4576598413364,0
2025-10-12T05:00:00,990.4576598413364,990.4576598413364,0
2025-10-12T05:15:00,990.4576598413364,990.4576598413364,0
2025-10-12T05:30:00,990.4576598413364,990.4576598413364,0
2025-10-12T05:45:00,990.4576598413364,990.4576598413364,0
2025-10-12T06:00:00,990.4576598413364,990.4576598413364,0
2025-10-12T06:15:00,990.4576598413364,990.4576598413364,0
2025-10-12T06:30:00,990.4576598413364,990.4576598413364,0
2025-10-12T06:45:00,990.4576598413364,990.4576598413364,0
2025-10-12T07:00:00,990.4576598413364,990.4576598413364,0
2025-10-12T07:15:00,990.4576598413364,990.4576598413364,0
2025-10-12T07:30:00,990.4576598413364,990.4576598413364,0
2025-10-12T07:45:00,990.4576598413364,990.4576598413364,0
2025-10-12T08:00:00,990.4576598413364,990.4576598413364,0
2025-10-12T08:15:00,990.4576598413364,990.4576598413364,0
2025-10-12T08:30:00,990.4576598413364,990.4576598413364,0
2025-10-12T08:45:00,990.4576598413364,990.4576598413364,0
2025-10-12T09:00:00,990.4576598413364,990.4576598413364,0
2025-10-12T09:15:00,990.4576598413364,990.4576598413364,0
2025-10-12T09:30:00,990.4576598413364,990.4576598413364,0
2025-10-12T09:45:00,990.4576598413364,990.4576598413364,0
2025-10-12T10:00:00,990.4576598413364,990.4576598413364,0
2025-10-12T10:15:00,990.4576598413364,990.4576598413364,0
2025-10-12T10:30:00,990.4576598413364,990.4576598413364,0
2025-10-12T10:45:00,990.4576598413364,990.4576598413364,0
2025-10-12T11:00:00,990.4576598413364,990.4576598413364,0
2025-10-12T11:15:00,990.4576598413364,990.4576598413364,0
2025-10-12T11:30:00,990.4576598413364,990.4576598413364,0
2025-10-12T11:45:00,990.4576598413364,990.4576598413364,0
2025-10-12T12:00:00,990.4576598413364,990.4576598413364,0
2025-10-12T12:15:00,990.4576598413364,990.4576598413364,0
2025-10-12T12:30:00,990.4576598413364,990.4576598413364,0
2025-10-12T12:45:00,990.4576598413364,990.4576598413364,0
2025-10-12T13:00:00,990.4576598413364,990.4576598413364,0
2025-10-12T13:15:00,990.4576598413364,990.4576598413364,0
2025-10-12T13:30:00,990.4576598413364,990.4576598413364,0
2025-10-12T13:45:00,990.4576598413364,990.4576598413364,0
2025-10-12T14:00:00,990.4576598413364,990.4576598413364,0
2025-10-12T14:15:00,990.4576598413364,990.4576598413364,0
2025-10-12T14:30:00,990.4576598413364,990.4576598413364,0
2025-10-12T14:45:00,990.4576598413364,990.4576598413364,0
2025-10-12T15:00:00,990.4576598413364,990.4576598413364,0
2025-10-12T15:15:00,990.4576598413364,990.4576598413364,0
2025-10-12T15:30:00,990.4576598413364,990.4576598413364,0
2025-10-12T15:45:00,990.4576598413364,990.4576598413364,0
2025-10-12T16:00:00,990.4576598413364,990.4576598413364,0
2025-10-12T16:15:00,990.4576598413364,990.4576598413364,0
2025-10-12T16:30:00,990.4576598413364,990.4576598413364,0
2025-10-12T16:45:00,990.4576598413364,990.4576598413364,0
2025-10-12T17:00:00,990.4576598413364,990.4576598413364,0
2025-10-12T17:15:00,990.4576598413364,990.4576598413364,0
2025-10-12T17:30:00,990.4576598413364,990.4576598413364,0
2025-10-12T17:45:00,990.4576598413364,990.4576598413364,0
2025-10-12T18:00:00,990.4576598413364,990.4576598413364,0
2025-10-12T18:15:00,990.4576598413364,990.4576598413364,0
2025-10-12T18:30:00,990.4576598413364,990.4576598413364,0
2025-10-12T18:45:00,990.4576598413364,990.4576598413364,0
2025-10-12T19:00:00,990.4576598413364,990.4576598413364,0
2025-10-12T19:15:00,990.4576598413364,990.4576598413364,0
2025-10-12T19:30:00,990.4576598413364,990.4576598413364,0
2025-10-12T19:45:00,990.4576598413364,990.4576598413364,0
2025-10-12T20:00:00,990.4576598413364,990.4576598413364,0
2025-10-12T20:15:00,989.5554305476954,871.4125727896865,1
2025-10-12T20:30:00,989.0381709120442,871.4125727896865,1
2025-10-12T20:45:00,988.3075148991489,871.4125727896865,1
2025-10-12T21:00:00,990.09197001048,871.4125727896865,1
2025-10-12T21:15:00,988.4112057643077,871.4125727896865,1
2025-10-12T21:30:00,986.6713224060435,986.6713224060435,0
2025-10-12T21:45:00,986.6713224060435,986.6713224060435,0
2025-10-12T22:00:00,986.6713224060435,986.6713224060435,0
2025-10-12T22:15:00,986.6713224060435,986.6713224060435,0
2025-10-12T22:30:00,986.6713224060435,986.6713224060435,0
2025-10-12T22:45:00,986.6713224060435,986.6713224060435,0
2025-10-12T23:00:00,986.6713224060435,986.6713224060435,0
2025-10-12T23:15:00,986.6713224060435,986.6713224060435,0
2025-10-12T23:30:00,986.6713224060435,986.6713224060435,0
2025-10-12T23:45:00,986.6713224060435,986.6713224060435,0
2025-10-13T00:00:00,986.6713224060435,986.6713224060435,0
2025-10-13T00:15:00,986.6713224060435,986.6713224060435,0
2025-10-13T00:30:00,986.6713224060435,986.6713224060435,0
2025-10-13T00:45:00,986.6713224060435,986.6713224060435,0
2025-10-13T01:00:00,986.6713224060435,986.6713224060435,0
2025-10-13T01:15:00,986.6713224060435,986.6713224060435,0
2025-10-13T01:30:00,986.6713224060435,986.6713224060435,0
2025-10-13T01:45:00,986.6713224060435,986.6713224060435,0
2025-10-13T02:00:00,986.6713224060435,986.6713224060435,0
2025-10-13T02:15:00,986.6713224060435,986.6713224060435,0
2025-10-13T02:30:00,986.6713224060435,986.6713224060435,0
2025-10-13T02:45:00,986.6713224060435,986.6713224060435,0
2025-10-13T03:00:00,986.6713224060435,986.6713224060435,0
2025-10-13T03:15:00,986.6713224060435,986.6713224060435,0
2025-10-13T03:30:00,986.6713224060435,986.6713224060435,0
2025-10-13T03:45:00,986.6713224060435,986.6713224060435,0
2025-10-13T04:00:00,986.6713224060435,986.6713224060435,0
2025-10-13T04:15:00,986.6713224060435,986.6713224060435,0
2025-10-13T04:30:00,986.6713224060435,986.6713224060435,0
2025-10-13T04:45:00,986.6713224060435,986.6713224060435,0
2025-10-13T05:00:00,986.6713224060435,986.6713224060435,0
2025-10-13T05:15:00,986.6713224060435,986.6713224060435,0
2025-10-13T05:30:00,986.6713224060435,986.6713224060435,0
2025-10-13T05:45:00,986.6713224060435,986.6713224060435,0
2025-10-13T06:00:00,986.6713224060435,986.6713224060435,0
2025-10-13T06:15:00,986.6713224060435,986.6713224060435,0
2025-10-13T06:30:00,986.6713224060435,986.6713224060435,0
2025-10-13T06:45:00,986.6713224060435,986.6713224060435,0
2025-10-13T07:00:00,986.6713224060435,986.6713224060435,0
2025-10-13T07:15:00,985.7725421690238,868.0813228234163,1
2025-10-13T07:30:00,985.7206051980162,868.0813228234163,1
2025-10-13T07:45:00,984.6367031943793,868.0813228234163,1
2025-10-13T08:00:00,985.6133440622395,868.0813228234163,1
2025-10-13T08:15:00,985.4247902761903,868.0813228234163,1
2025-10-13T08:30:00,984.2437887180607,868.0813228234163,1
2025-10-13T08:45:00,984.3047582057653,868.0813228234163,1
2025-10-13T09:00:00,981.0047683105118,981.0047683105118,0
2025-10-13T09:15:00,981.0047683105118,981.0047683105118,0
2025-10-13T09:30:00,981.0047683105118,981.0047683105118,0
2025-10-13T09:45:00,981.0047683105118,981.0047683105118,0
2025-10-13T10:00:00,981.0047683105118,981.0047683105118,0
2025-10-13T10:15:00,981.0047683105118,981.0047683105118,0
2025-10-13T10:30:00,981.0047683105118,981.0047683105118,0
2025-10-13T10:45:00,981.0047683105118,981.0047683105118,0
2025-10-13T11:00:00,981.0047683105118,981.0047683105118,0
2025-10-13T11:15:00,981.0047683105118,981.0047683105118,0
2025-10-13T11:30:00,981.0047683105118,981.0047683105118,0
2025-10-13T11:45:00,981.0047683105118,981.0047683105118,0
2025-10-13T12:00:00,981.0047683105118,981.0047683105118,0
2025-10-13T12:15:00,981.0047683105118,981.0047683105118,0
2025-10-13T12:30:00,981.0047683105118,981.0047683105118,0
2025-10-13T12:45:00,981.0047683105118,981.0047683105118,0
2025-10-13T13:00:00,981.0047683105118,981.0047683105118,0
2025-10-13T13:15:00,981.0047683105118,981.0047683105118,0
2025-10-13T13:30:00,981.0047683105118,981.0047683105118,0
2025-10-13T13:45:00,981.0047683105118,981.0047683105118,0
2025-10-13T14:00:00,981.0047683105118,981.0047683105118,0
2025-10-13T14:15:00,981.0047683105118,981.0047683105118,0
2025-10-13T14:30:00,981.0047683105118,981.0047683105118,0
2025-10-13T14:45:00,981.0047683105118,981.0047683105118,0
2025-10-13T15:00:00,981.0047683105118,981.0047683105118,0
2025-10-13T15:15:00,981.0047683105118,981.0047683105118,0
2025-10-13T15:30:00,981.0047683105118,981.0047683105118,0
2025-10-13T15:45:00,981.0047683105118,981.0047683105118,0
2025-10-13T16:00:00,981.0047683105118,981.0047683105118,0
2025-10-13T16:15:00,981.0047683105118,981.0047683105118,0
2025-10-13T16:30:00,981.0047683105118,981.0047683105118,0
2025-10-13T16:45:00,981.0047683105118,981.0047683105118,0
2025-10-13T17:00:00,981.0047683105118,981.0047683105118,0
2025-10-13T17:15:00,981.0047683105118,981.0047683105118,0
2025-10-13T17:30:00,981.0047683105118,981.0047683105118,0
2025-10-13T17:45:00,980.111149860115,863.0958431977348,1
2025-10-13T18:00:00,976.9622910771574,863.0958431977348,1
2025-10-13T18:15:00,979.4294152717031,863.0958431977348,1
2025-10-13T18:30:00,980.2210712351194,863.0958431977348,1
2025-10-13T18:45:00,979.4149811517531,863.0958431977348,1
2025-10-13T19:00:00,982.046432250346,863.0958431977348,1
2025-10-13T19:15:00,981.6533800609359,863.0958431977348,1
2025-10-13T19:30:00,983.5353672390436,863.0958431977348,1
2025-10-13T19:45:00,982.0364393980728,863.0958431977348,1
2025-10-13T20:00:00,983.1012333236217,863.0958431977348,1
2025-10-13T20:15:00,981.8265895003369,863.0958431977348,1
2025-10-13T20:30:00,982.4783455319293,863.0958431977348,1
2025-10-13T20:45:00,985.8392748464614,863.0958431977348,1
2025-10-13T21:00:00,983.7962917150644,863.0958431977348,1
2025-10-13T21:15:00,983.7174592137985,863.0958431977348,1
2025-10-13T21:30:00,983.5831108665708,863.0958431977348,1
2025-10-13T21:45:00,982.3617950350738,982.3617950350738,0
2025-10-13T22:00:00,982.3617950350738,982.3617950350738,0
2025-10-13T22:15:00,982.3617950350738,982.3617950350738,0
2025-10-13T22:30:00,982.3617950350738,982.3617950350738,0
2025-10-13T22:45:00,982.3617950350738,982.3617950350738,0
2025-10-13T23:00:00,982.3617950350738,982.3617950350738,0
2025-10-13T23:15:00,982.3617950350738,982.3617950350738,0
2025-10-13T23:30:00,982.3617950350738,982.3617950350738,0
2025-10-13T23:45:00,982.3617950350738,982.3617950350738,0
2025-10-14T00:00:00,982.3617950350738,982.3617950350738,0
2025-10-14T00:15:00,982.3617950350738,982.3617950350738,0
2025-10-14T00:30:00,982.3617950350738,982.3617950350738,0
2025-10-14T00:45:00,982.3617950350738,982.3617950350738,0
2025-10-14T01:00:00,982.3617950350738,982.3617950350738,0
2025-10-14T01:15:00,982.3617950350738,982.3617950350738,0
2025-10-14T01:30:00,982.3617950350738,982.3617950350738,0
2025-10-14T01:45:00,982.3617950350738,982.3617950350738,0
2025-10-14T02:00:00,982.3617950350738,982.3617950350738,0
2025-10-14T02:15:00,982.3617950350738,982.3617950350738,0
2025-10-14T02:30:00,982.3617950350738,982.3617950350738,0
2025-10-14T02:45:00,982.3617950350738,982.3617950350738,0
2025-10-14T03:00:00,982.3617950350738,982.3617950350738,0
2025-10-14T03:15:00,982.3617950350738,982.3617950350738,0
2025-10-14T03:30:00,982.3617950350738,982.3617950350738,0
2025-10-14T03:45:00,982.3617950350738,982.3617950350738,0
2025-10-14T04:00:00,982.3617950350738,982.3617950350738,0
2025-10-14T04:15:00,982.3617950350738,982.3617950350738,0
2025-10-14T04:30:00,982.3617950350738,982.3617950350738,0
2025-10-14T04:45:00,982.3617950350738,982.3617950350738,0
2025-10-14T05:00:00,982.3617950350738,982.3617950350738,0
2025-10-14T05:15:00,982.3617950350738,982.3617950350738,0
2025-10-14T05:30:00,982.3617950350738,982.3617950350738,0
2025-10-14T05:45:00,982.3617950350738,982.3617950350738,0
2025-10-14T06:00:00,982.3617950350738,982.3617950350738,0
2025-10-14T06:15:00,982.3617950350738,982.3617950350738,0
2025-10-14T06:30:00,981.4648185334463,864.2897661662182,1
2025-10-14T06:45:00,980.34745114519,864.2897661662182,1
2025-10-14T07:00:00,980.1925568299926,864.2897661662182,1
2025-10-14T07:15:00,978.8304327757372,864.2897661662182,1
2025-10-14T07:30:00,982.2617556971339,864.2897661662182,1
2025-10-14T07:45:00,982.9711953087252,864.2897661662182,1
2025-10-14T08:00:00,982.2558437003706,864.2897661662182,1
2025-10-14T08:15:00,981.578328871301,864.2897661662182,1
2025-10-14T08:30:00,980.1547200507077,864.2897661662182,1
2025-10-14T08:45:00,980.8069675209008,980.8069675209008,0
2025-10-14T09:00:00,980.8069675209008,980.8069675209008,0
2025-10-14T09:15:00,980.8069675209008,980.8069675209008,0
2025-10-14T09:30:00,980.8069675209008,980.8069675209008,0
2025-10-14T09:45:00,980.8069675209008,980.8069675209008,0
2025-10-14T10:00:00,980.8069675209008,980.8069675209008,0
2025-10-14T10:15:00,980.8069675209008,980.8069675209008,0
2025-10-14T10:30:00,980.8069675209008,980.8069675209008,0
2025-10-14T10:45:00,980.8069675209008,980.8069675209008,0
2025-10-14T11:00:00,980.8069675209008,980.8069675209008,0
2025-10-14T11:15:00,980.8069675209008,980.8069675209008,0
2025-10-14T11:30:00,980.8069675209008,980.8069675209008,0
2025-10-14T11:45:00,980.8069675209008,980.8069675209008,0
2025-10-14T12:00:00,980.8069675209008,980.8069675209008,0
2025-10-14T12:15:00,980.8069675209008,980.8069675209008,0
2025-10-14T12:30:00,980.8069675209008,980.8069675209008,0
2025-10-14T12:45:00,980.8069675209008,980.8069675209008,0
2025-10-14T13:00:00,980.8069675209008,980.8069675209008,0
2025-10-14T13:15:00,980.8069675209008,980.8069675209008,0
2025-10-14T13:30:00,980.8069675209008,980.8069675209008,0
2025-10-14T13:45:00,980.8069675209008,980.8069675209008,0
2025-10-14T14:00:00,980.8069675209008,980.8069675209008,0
2025-10-14T14:15:00,980.8069675209008,980.8069675209008,0
2025-10-14T14:30:00,980.8069675209008,980.8069675209008,0
2025-10-14T14:45:00,980.8069675209008,980.8069675209008,0
2025-10-14T15:00:00,980.8069675209008,980.8069675209008,0
2025-10-14T15:15:00,980.8069675209008,980.8069675209008,0
2025-10-14T15:30:00,980.8069675209008,980.8069675209008,0
2025-10-14T15:45:00,980.8069675209008,980.8069675209008,0
2025-10-14T16:00:00,980.8069675209008,980.8069675209008,0
2025-10-14T16:15:00,980.8069675209008,980.8069675209008,0
2025-10-14T16:30:00,980.8069675209008,980.8069675209008,0
2025-10-14T16:45:00,980.8069675209008,980.8069675209008,0
2025-10-14T17:00:00,980.8069675209008,980.8069675209008,0
2025-10-14T17:15:00,980.8069675209008,980.8069675209008,0
2025-10-14T17:30:00,980.8069675209008,980.8069675209008,0
2025-10-14T17:45:00,980.8069675209008,980.8069675209008,0
2025-10-14T18:00:00,980.8069675209008,980.8069675209008,0
2025-10-14T18:15:00,980.8069675209008,980.8069675209008,0
2025-10-14T18:30:00,980.8069675209008,980.8069675209008,0
2025-10-14T18:45:00,980.8069675209008,980.8069675209008,0
2025-10-14T19:00:00,980.8069675209008,980.8069675209008,0
2025-10-14T19:15:00,980.8069675209008,980.8069675209008,0
2025-10-14T19:30:00,980.8069675209008,980.8069675209008,0
2025-10-14T19:45:00,980.8069675209008,980.8069675209008,0
2025-10-14T20:00:00,980.8069675209008,980.8069675209008,0
2025-10-14T20:15:00,980.8069675209008,980.8069675209008,0
2025-10-14T20:30:00,980.8069675209008,980.8069675209008,0
2025-10-14T20:45:00,980.8069675209008,980.8069675209008,0
2025-10-14T21:00:00,980.8069675209008,980.8069675209008,0
2025-10-14T21:15:00,980.8069675209008,980.8069675209008,0
2025-10-14T21:30:00,980.8069675209008,980.8069675209008,0
2025-10-14T21:45:00,980.8069675209008,980.8069675209008,0
2025-10-14T22:00:00,980.8069675209008,980.8069675209008,0
2025-10-14T22:15:00,980.8069675209008,980.8069675209008,0
2025-10-14T22:30:00,980.8069675209008,980.8069675209008,0
2025-10-14T22:45:00,980.8069675209008,980.8069675209008,0
2025-10-14T23:00:00,980.8069675209008,980.8069675209008,0
2025-10-14T23:15:00,980.8069675209008,980.8069675209008,0
2025-10-14T23:30:00,980.8069675209008,980.8069675209008,0
2025-10-14T23:45:00,980.8069675209008,980.8069675209008,0
2025-10-15T00:00:00,980.8069675209008,980.8069675209008,0
2025-10-15T00:15:00,980.8069675209008,980.8069675209008,0
2025-10-15T00:30:00,980.8069675209008,980.8069675209008,0
2025-10-15T00:45:00,980.8069675209008,980.8069675209008,0
2025-10-15T01:00:00,980.8069675209008,980.8069675209008,0
2025-10-15T01:15:00,980.8069675209008,980.8069675209008,0
2025-10-15T01:30:00,980.8069675209008,980.8069675209008,0
2025-10-15T01:45:00,980.8069675209008,980.8069675209008,0
2025-10-15T02:00:00,980.8069675209008,980.8069675209008,0
2025-10-15T02:15:00,980.8069675209008,980.8069675209008,0
2025-10-15T02:30:00,980.8069675209008,980.8069675209008,0
2025-10-15T02:45:00,980.8069675209008,980.8069675209008,0
2025-10-15T03:00:00,980.8069675209008,980.8069675209008,0
2025-10-15T03:15:00,980.8069675209008,980.8069675209008,0
2025-10-15T03:30:00,980.8069675209008,980.8069675209008,0
2025-10-15T03:45:00,980.8069675209008,980.8069675209008,0
2025-10-15T04:00:00,980.8069675209008,980.8069675209008,0
2025-10-15T04:15:00,980.8069675209008,980.8069675209008,0
2025-10-15T04:30:00,980.8069675209008,980.8069675209008,0
2025-10-15T04:45:00,980.8069675209008,980.8069675209008,0
2025-10-15T05:00:00,980.8069675209008,980.8069675209008,0
2025-10-15T05:15:00,980.8069675209008,980.8069675209008,0
2025-10-15T05:30:00,980.8069675209008,980.8069675209008,0
2025-10-15T05:45:00,980.8069675209008,980.8069675209008,0
2025-10-15T06:00:00,980.8069675209008,980.8069675209008,0
2025-10-15T06:15:00,980.8069675209008,980.8069675209008,0
2025-10-15T06:30:00,980.8069675209008,980.8069675209008,0
2025-10-15T06:45:00,980.8069675209008,980.8069675209008,0
2025-10-15T07:00:00,980.8069675209008,980.8069675209008,0
2025-10-15T07:15:00,980.8069675209008,980.8069675209008,0
2025-10-15T07:30:00,980.8069675209008,980.8069675209008,0
2025-10-15T07:45:00,980.8069675209008,980.8069675209008,0
2025-10-15T08:00:00,979.9135292515191,862.9218164806286,1
2025-10-15T08:15:00,983.9815823342371,862.9218164806286,1
2025-10-15T08:30:00,986.2479229932773,862.9218164806286,1
2025-10-15T08:45:00,984.8869825874978,862.9218164806286,1
2025-10-15T09:00:00,984.4303064246235,862.9218164806286,1
2025-10-15T09:15:00,981.673209292047,862.9218164806286,1
2025-10-15T09:30:00,982.5059048825614,862.9218164806286,1
2025-10-15T09:45:00,981.9424437462787,862.9218164806286,1
2025-10-15T10:00:00,981.8424748350028,862.9218164806286,1
2025-10-15T10:15:00,978.3516610122016,978.3516610122016,0
2025-10-15T10:30:00,978.3516610122016,978.3516610122016,0
2025-10-15T10:45:00,978.3516610122016,978.3516610122016,0
2025-10-15T11:00:00,978.3516610122016,978.3516610122016,0
2025-10-15T11:15:00,978.3516610122016,978.3516610122016,0
2025-10-15T11:30:00,978.3516610122016,978.3516610122016,0
2025-10-15T11:45:00,978.3516610122016,978.3516610122016,0
2025-10-15T12:00:00,978.3516610122016,978.3516610122016,0
2025-10-15T12:15:00,977.4583460902539,860.7616181718231,1
2025-10-15T12:30:00,976.8862634761751,860.7616181718231,1
2025-10-15T12:45:00,976.4394491917078,860.7616181718231,1
2025-10-15T13:00:00,977.4599915819531,860.7616181718231,1
2025-10-15T13:15:00,977.6195620846779,860.7616181718231,1
2025-10-15T13:30:00,978.0154083185658,860.7616181718231,1
2025-10-15T13:45:00,977.7990894482671,860.7616181718231,1
2025-10-15T14:00:00,975.0847454102461,860.7616181718231,1
2025-10-15T14:15:00,975.1871940350505,975.1871940350505,0
2025-10-15T14:30:00,975.1871940350505,975.1871940350505,0
2025-10-15T14:45:00,975.1871940350505,975.1871940350505,0
2025-10-15T15:00:00,975.1871940350505,975.1871940350505,0
2025-10-15T15:15:00,975.1871940350505,975.1871940350505,0
2025-10-15T15:30:00,975.1871940350505,975.1871940350505,0
2025-10-15T15:45:00,975.1871940350505,975.1871940350505,0
2025-10-15T16:00:00,975.1871940350505,975.1871940350505,0
2025-10-15T16:15:00,975.1871940350505,975.1871940350505,0
2025-10-15T16:30:00,975.1871940350505,975.1871940350505,0
2025-10-15T16:45:00,975.1871940350505,975.1871940350505,0
2025-10-15T17:00:00,975.1871940350505,975.1871940350505,0
2025-10-15T17:15:00,975.1871940350505,975.1871940350505,0
2025-10-15T17:30:00,975.1871940350505,975.1871940350505,0
2025-10-15T17:45:00,975.1871940350505,975.1871940350505,0
2025-10-15T18:00:00,975.1871940350505,975.1871940350505,0
2025-10-15T18:15:00,975.1871940350505,975.1871940350505,0
2025-10-15T18:30:00,975.1871940350505,975.1871940350505,0
2025-10-15T18:45:00,975.1871940350505,975.1871940350505,0
2025-10-15T19:00:00,975.1871940350505,975.1871940350505,0
2025-10-15T19:15:00,975.1871940350505,975.1871940350505,0
2025-10-15T19:30:00,975.1871940350505,975.1871940350505,0
2025-10-15T19:45:00,975.1871940350505,975.1871940350505,0
2025-10-15T20:00:00,975.1871940350505,975.1871940350505,0
2025-10-15T20:15:00,975.1871940350505,975.1871940350505,0
2025-10-15T20:30:00,975.1871940350505,975.1871940350505,0
2025-10-15T20:45:00,975.1871940350505,975.1871940350505,0
2025-10-15T21:00:00,975.1871940350505,975.1871940350505,0
2025-10-15T21:15:00,975.1871940350505,975.1871940350505,0
2025-10-15T21:30:00,975.1871940350505,975.1871940350505,0
2025-10-15T21:45:00,975.1871940350505,975.1871940350505,0
2025-10-15T22:00:00,975.1871940350505,975.1871940350505,0
2025-10-15T22:15:00,975.1871940350505,975.1871940350505,0
2025-10-15T22:30:00,975.1871940350505,975.1871940350505,0
2025-10-15T22:45:00,975.1871940350505,975.1871940350505,0
2025-10-15T23:00:00,975.1871940350505,975.1871940350505,0
2025-10-15T23:15:00,975.1871940350505,975.1871940350505,0
2025-10-15T23:30:00,975.1871940350505,975.1871940350505,0
2025-10-15T23:45:00,975.1871940350505,975.1871940350505,0
2025-10-16T00:00:00,975.1871940350505,975.1871940350505,0
2025-10-16T00:15:00,975.1871940350505,975.1871940350505,0
2025-10-16T00:30:00,975.1871940350505,975.1871940350505,0
2025-10-16T00:45:00,975.1871940350505,975.1871940350505,0
2025-10-16T01:00:00,975.1871940350505,975.1871940350505,0
2025-10-16T01:15:00,975.1871940350505,975.1871940350505,0
2025-10-16T01:30:00,975.1871940350505,975.1871940350505,0
2025-10-16T01:45:00,975.1871940350505,975.1871940350505,0
2025-10-16T02:00:00,975.1871940350505,975.1871940350505,0
2025-10-16T02:15:00,975.1871940350505,975.1871940350505,0
2025-10-16T02:30:00,975.1871940350505,975.1871940350505,0
2025-10-16T02:45:00,975.1871940350505,975.1871940350505,0
2025-10-16T03:00:00,975.1871940350505,975.1871940350505,0
2025-10-16T03:15:00,975.1871940350505,975.1871940350505,0
2025-10-16T03:30:00,975.1871940350505,975.1871940350505,0
2025-10-16T03:45:00,975.1871940350505,975.1871940350505,0
2025-10-16T04:00:00,975.1871940350505,975.1871940350505,0
2025-10-16T04:15:00,975.1871940350505,975.1871940350505,0
2025-10-16T04:30:00,975.1871940350505,975.1871940350505,0
2025-10-16T04:45:00,975.1871940350505,975.1871940350505,0
2025-10-16T05:00:00,975.1871940350505,975.1871940350505,0
2025-10-16T05:15:00,975.1871940350505,975.1871940350505,0
2025-10-16T05:30:00,975.1871940350505,975.1871940350505,0
2025-10-16T05:45:00,975.1871940350505,975.1871940350505,0
2025-10-16T06:00:00,974.2967685297446,857.9774948095898,1
2025-10-16T06:15:00,972.3241029263993,972.3241029263993,0
2025-10-16T06:30:00,972.3241029263993,972.3241029263993,0
2025-10-16T06:45:00,972.3241029263993,972.3241029263993,0
2025-10-16T07:00:00,972.3241029263993,972.3241029263993,0
2025-10-16T07:15:00,972.3241029263993,972.3241029263993,0
2025-10-16T07:30:00,972.3241029263993,972.3241029263993,0
2025-10-16T07:45:00,972.3241029263993,972.3241029263993,0
2025-10-16T08:00:00,972.3241029263993,972.3241029263993,0
2025-10-16T08:15:00,972.3241029263993,972.3241029263993,0
2025-10-16T08:30:00,971.4362916569679,855.4585243474695,1
2025-10-16T08:45:00,971.1236735927482,855.4585243474695,1
2025-10-16T09:00:00,970.361447526055,855.4585243474695,1
2025-10-16T09:15:00,971.8671659926715,855.4585243474695,1
2025-10-16T09:30:00,967.8169040629805,967.8169040629805,0
2025-10-16T09:45:00,967.8169040629805,967.8169040629805,0
2025-10-16T10:00:00,967.8169040629805,967.8169040629805,0
2025-10-16T10:15:00,967.8169040629805,967.8169040629805,0
2025-10-16T10:30:00,967.8169040629805,967.8169040629805,0
2025-10-16T10:45:00,967.8169040629805,967.8169040629805,0
2025-10-16T11:00:00,967.8169040629805,967.8169040629805,0
2025-10-16T11:15:00,967.8169040629805,967.8169040629805,0
2025-10-16T11:30:00,967.8169040629805,967.8169040629805,0
2025-10-16T11:45:00,967.8169040629805,967.8169040629805,0
2025-10-16T12:00:00,967.8169040629805,967.8169040629805,0
2025-10-16T12:15:00,967.8169040629805,967.8169040629805,0
2025-10-16T12:30:00,967.8169040629805,967.8169040629805,0
2025-10-16T12:45:00,967.8169040629805,967.8169040629805,0
2025-10-16T13:00:00,967.8169040629805,967.8169040629805,0
2025-10-16T13:15:00,967.8169040629805,967.8169040629805,0
2025-10-16T13:30:00,967.8169040629805,967.8169040629805,0
2025-10-16T13:45:00,967.8169040629805,967.8169040629805,0
2025-10-16T14:00:00,967.8169040629805,967.8169040629805,0
2025-10-16T14:15:00,967.8169040629805,967.8169040629805,0
2025-10-16T14:30:00,967.8169040629805,967.8169040629805,0
2025-10-16T14:45:00,967.8169040629805,967.8169040629805,0
2025-10-16T15:00:00,967.8169040629805,967.8169040629805,0
2025-10-16T15:15:00,967.8169040629805,967.8169040629805,0
2025-10-16T15:30:00,967.8169040629805,967.8169040629805,0
2025-10-16T15:45:00,967.8169040629805,967.8169040629805,0
2025-10-16T16:00:00,967.8169040629805,967.8169040629805,0
2025-10-16T16:15:00,967.8169040629805,967.8169040629805,0
2025-10-16T16:30:00,967.8169040629805,967.8169040629805,0
2025-10-16T16:45:00,967.8169040629805,967.8169040629805,0
2025-10-16T17:00:00,967.8169040629805,967.8169040629805,0
2025-10-16T17:15:00,967.8169040629805,967.8169040629805,0
2025-10-16T17:30:00,967.8169040629805,967.8169040629805,0
2025-10-16T17:45:00,967.8169040629805,967.8169040629805,0
2025-10-16T18:00:00,967.8169040629805,967.8169040629805,0
2025-10-16T18:15:00,967.8169040629805,967.8169040629805,0
2025-10-16T18:30:00,967.8169040629805,967.8169040629805,0
2025-10-16T18:45:00,967.8169040629805,967.8169040629805,0
2025-10-16T19:00:00,967.8169040629805,967.8169040629805,0
2025-10-16T19:15:00,967.8169040629805,967.8169040629805,0
2025-10-16T19:30:00,967.8169040629805,967.8169040629805,0
2025-10-16T19:45:00,967.8169040629805,967.8169040629805,0
2025-10-16T20:00:00,967.8169040629805,967.8169040629805,0
2025-10-16T20:15:00,967.8169040629805,967.8169040629805,0
2025-10-16T20:30:00,967.8169040629805,967.8169040629805,0
2025-10-16T20:45:00,967.8169040629805,967.8169040629805,0
2025-10-16T21:00:00,967.8169040629805,967.8169040629805,0
2025-10-16T21:15:00,967.8169040629805,967.8169040629805,0
2025-10-16T21:30:00,967.8169040629805,967.8169040629805,0
2025-10-16T21:45:00,967.8169040629805,967.8169040629805,0
2025-10-16T22:00:00,967.8169040629805,967.8169040629805,0
2025-10-16T22:15:00,967.8169040629805,967.8169040629805,0
2025-10-16T22:30:00,967.8169040629805,967.8169040629805,0
2025-10-16T22:45:00,967.8169040629805,967.8169040629805,0
2025-10-16T23:00:00,967.8169040629805,967.8169040629805,0
2025-10-16T23:15:00,967.8169040629805,967.8169040629805,0
2025-10-16T23:30:00,967.8169040629805,967.8169040629805,0
2025-10-16T23:45:00,967.8169040629805,967.8169040629805,0
2025-10-17T00:00:00,967.8169040629805,967.8169040629805,0
2025-10-17T00:15:00,967.8169040629805,967.8169040629805,0
2025-10-17T00:30:00,967.8169040629805,967.8169040629805,0
2025-10-17T00:45:00,967.8169040629805,967.8169040629805,0
2025-10-17T01:00:00,967.8169040629805,967.8169040629805,0
2025-10-17T01:15:00,967.8169040629805,967.8169040629805,0
2025-10-17T01:30:00,967.8169040629805,967.8169040629805,0
2025-10-17T01:45:00,967.8169040629805,967.8169040629805,0
2025-10-17T02:00:00,967.8169040629805,967.8169040629805,0
2025-10-17T02:15:00,967.8169040629805,967.8169040629805,0
2025-10-17T02:30:00,967.8169040629805,967.8169040629805,0
2025-10-17T02:45:00,967.8169040629805,967.8169040629805,0
2025-10-17T03:00:00,967.8169040629805,967.8169040629805,0
2025-10-17T03:15:00,967.8169040629805,967.8169040629805,0
2025-10-17T03:30:00,967.8169040629805,967.8169040629805,0
2025-10-17T03:45:00,967.8169040629805,967.8169040629805,0
2025-10-17T04:00:00,967.8169040629805,967.8169040629805,0
2025-10-17T04:15:00,967.8169040629805,967.8169040629805,0
2025-10-17T04:30:00,967.8169040629805,967.8169040629805,0
2025-10-17T04:45:00,967.8169040629805,967.8169040629805,0
2025-10-17T05:00:00,967.8169040629805,967.8169040629805,0
2025-10-17T05:15:00,967.8169040629805,967.8169040629805,0
2025-10-17T05:30:00,967.8169040629805,967.8169040629805,0
2025-10-17T05:45:00,967.8169040629805,967.8169040629805,0
2025-10-17T06:00:00,966.933208234,851.4930547298427,1
2025-10-17T06:15:00,970.4108734985574,851.4930547298427,1
2025-10-17T06:30:00,974.956201107385,851.4930547298427,1
2025-10-17T06:45:00,976.0131151730214,851.4930547298427,1
2025-10-17T07:00:00,980.8737256217677,851.4930547298427,1
2025-10-17T07:15:00,980.1774760169474,851.4930547298427,1
2025-10-17T07:30:00,981.0671946371724,851.4930547298427,1
2025-10-17T07:45:00,983.5631837865286,851.4930547298427,1
2025-10-17T08:00:00,985.1981163920159,851.4930547298427,1
2025-10-17T08:15:00,986.5583707657561,851.4930547298427,1
2025-10-17T08:30:00,987.7096308327318,851.4930547298427,1
2025-10-17T08:45:00,989.2585772091504,851.4930547298427,1
2025-10-17T09:00:00,986.0639499486108,851.4930547298427,1
2025-10-17T09:15:00,985.0619715293237,851.4930547298427,1
2025-10-17T09:30:00,984.8935818307309,851.4930547298427,1
2025-10-17T09:45:00,987.4003192587206,851.4930547298427,1
2025-10-17T10:00:00,988.0511872426437,851.4930547298427,1
2025-10-17T10:15:00,991.9014594998323,851.4930547298427,1
2025-10-17T10:30:00,990.5830039874452,851.4930547298427,1
2025-10-17T10:45:00,987.2808939405696,851.4930547298427,1
2025-10-17T11:00:00,980.6961484670489,980.6961484670489,0
2025-10-17T11:15:00,980.6961484670489,980.6961484670489,0
2025-10-17T11:30:00,980.6961484670489,980.6961484670489,0
2025-10-17T11:45:00,980.6961484670489,980.6961484670489,0
2025-10-17T12:00:00,980.6961484670489,980.6961484670489,0
2025-10-17T12:15:00,980.6961484670489,980.6961484670489,0
2025-10-17T12:30:00,980.6961484670489,980.6961484670489,0
2025-10-17T12:45:00,980.6961484670489,980.6961484670489,0
2025-10-17T13:00:00,980.6961484670489,980.6961484670489,0
2025-10-17T13:15:00,980.6961484670489,980.6961484670489,0
2025-10-17T13:30:00,980.6961484670489,980.6961484670489,0
2025-10-17T13:45:00,980.6961484670489,980.6961484670489,0
2025-10-17T14:00:00,980.6961484670489,980.6961484670489,0
2025-10-17T14:15:00,980.6961484670489,980.6961484670489,0
2025-10-17T14:30:00,980.6961484670489,980.6961484670489,0
2025-10-17T14:45:00,980.6961484670489,980.6961484670489,0
2025-10-17T15:00:00,980.6961484670489,980.6961484670489,0
2025-10-17T15:15:00,980.6961484670489,980.6961484670489,0
2025-10-17T15:30:00,980.6961484670489,980.6961484670489,0
2025-10-17T15:45:00,980.6961484670489,980.6961484670489,0
2025-10-17T16:00:00,980.6961484670489,980.6961484670489,0
2025-10-17T16:15:00,980.6961484670489,980.6961484670489,0
2025-10-17T16:30:00,980.6961484670489,980.6961484670489,0
2025-10-17T16:45:00,980.6961484670489,980.6961484670489,0
2025-10-17T17:00:00,980.6961484670489,980.6961484670489,0
2025-10-17T17:15:00,980.6961484670489,980.6961484670489,0
2025-10-17T17:30:00,980.6961484670489,980.6961484670489,0
2025-10-17T17:45:00,980.6961484670489,980.6961484670489,0
2025-10-17T18:00:00,980.6961484670489,980.6961484670489,0
2025-10-17T18:15:00,980.6961484670489,980.6961484670489,0
2025-10-17T18:30:00,980.6961484670489,980.6961484670489,0
2025-10-17T18:45:00,980.6961484670489,980.6961484670489,0
2025-10-17T19:00:00,980.6961484670489,980.6961484670489,0
2025-10-17T19:15:00,980.6961484670489,980.6961484670489,0
2025-10-17T19:30:00,980.6961484670489,980.6961484670489,0
2025-10-17T19:45:00,980.6961484670489,980.6961484670489,0
2025-10-17T20:00:00,980.6961484670489,980.6961484670489,0
2025-10-17T20:15:00,980.6961484670489,980.6961484670489,0
2025-10-17T20:30:00,980.6961484670489,980.6961484670489,0
2025-10-17T20:45:00,980.6961484670489,980.6961484670489,0
2025-10-17T21:00:00,980.6961484670489,980.6961484670489,0
2025-10-17T21:15:00,980.6961484670489,980.6961484670489,0
2025-10-17T21:30:00,980.6961484670489,980.6961484670489,0
2025-10-17T21:45:00,980.6961484670489,980.6961484670489,0
2025-10-17T22:00:00,980.6961484670489,980.6961484670489,0
2025-10-17T22:15:00,980.6961484670489,980.6961484670489,0
2025-10-17T22:30:00,980.6961484670489,980.6961484670489,0
2025-10-17T22:45:00,980.6961484670489,980.6961484670489,0
2025-10-17T23:00:00,980.6961484670489,980.6961484670489,0
2025-10-17T23:15:00,980.6961484670489,980.6961484670489,0
2025-10-17T23:30:00,980.6961484670489,980.6961484670489,0
2025-10-17T23:45:00,980.6961484670489,980.6961484670489,0
2025-10-18T00:00:00,980.6961484670489,980.6961484670489,0
2025-10-18T00:15:00,980.6961484670489,980.6961484670489,0
2025-10-18T00:30:00,980.6961484670489,980.6961484670489,0
2025-10-18T00:45:00,980.6961484670489,980.6961484670489,0
2025-10-18T01:00:00,980.6961484670489,980.6961484670489,0
2025-10-18T01:15:00,980.6961484670489,980.6961484670489,0
2025-10-18T01:30:00,980.6961484670489,980.6961484670489,0
2025-10-18T01:45:00,980.6961484670489,980.6961484670489,0
2025-10-18T02:00:00,980.6961484670489,980.6961484670489,0
2025-10-18T02:15:00,980.6961484670489,980.6961484670489,0
2025-10-18T02:30:00,980.6961484670489,980.6961484670489,0
2025-10-18T02:45:00,980.6961484670489,980.6961484670489,0
2025-10-18T03:00:00,980.6961484670489,980.6961484670489,0
2025-10-18T03:15:00,980.6961484670489,980.6961484670489,0
2025-10-18T03:30:00,980.6961484670489,980.6961484670489,0
2025-10-18T03:45:00,980.6961484670489,980.6961484670489,0
2025-10-18T04:00:00,980.6961484670489,980.6961484670489,0
2025-10-18T04:15:00,980.6961484670489,980.6961484670489,0
2025-10-18T04:30:00,980.6961484670489,980.6961484670489,0
2025-10-18T04:45:00,980.6961484670489,980.6961484670489,0
2025-10-18T05:00:00,980.6961484670489,980.6961484670489,0
2025-10-18T05:15:00,980.6961484670489,980.6961484670489,0
2025-10-18T05:30:00,980.6961484670489,980.6961484670489,0
2025-10-18T05:45:00,980.6961484670489,980.6961484670489,0
2025-10-18T06:00:00,980.6961484670489,980.6961484670489,0
