timestamp,equity,cash,open_positions
2025-09-18T06:00:00,1000.0,1000.0,0
2025-09-18T06:15:00,1000.0,1000.0,0
2025-09-18T06:30:00,1000.0,1000.0,0
2025-09-18T06:45:00,1000.0,1000.0,0
2025-09-18T07:00:00,1000.0,1000.0,0
2025-09-18T07:15:00,1000.0,1000.0,0
2025-09-18T07:30:00,1000.0,1000.0,0
2025-09-18T07:45:00,1000.0,1000.0,0
2025-09-18T08:00:00,1000.0,1000.0,0
2025-09-18T08:15:00,1000.0,1000.0,0
2025-09-18T08:30:00,1000.0,1000.0,0
2025-09-18T08:45:00,998.481797304044,799.6800000000001,1
2025-09-18T09:00:00,997.3241487550097,799.6800000000001,1
2025-09-18T09:15:00,998.3793966078027,799.6800000000001,1
2025-09-18T09:30:00,996.7461922830029,799.6800000000001,1
2025-09-18T09:45:00,997.5376281725977,799.6800000000001,1
2025-09-18T10:00:00,995.2052122009927,995.2052122009927,0
2025-09-18T10:15:00,995.2052122009927,995.2052122009927,0
2025-09-18T10:30:00,995.2052122009927,995.2052122009927,0
2025-09-18T10:45:00,995.2052122009927,995.2052122009927,0
2025-09-18T11:00:00,995.2052122009927,995.2052122009927,0
2025-09-18T11:15:00,995.2052122009927,995.2052122009927,0
2025-09-18T11:30:00,995.2052122009927,995.2052122009927,0
2025-09-18T11:45:00,995.2052122009927,995.2052122009927,0
2025-09-18T12:00:00,995.2052122009927,995.2052122009927,0
2025-09-18T12:15:00,995.2052122009927,995.2052122009927,0
2025-09-18T12:30:00,995.2052122009927,995.2052122009927,0
2025-09-18T12:45:00,995.2052122009927,995.2052122009927,0
2025-09-18T13:00:00,995.2052122009927,995.2052122009927,0
2025-09-18T13:15:00,993.6942889647996,795.8457040928898,1
2025-09-18T13:30:00,991.2020129614917,991.2020129614917,0
2025-09-18T13:45:00,991.2020129614917,991.2020129614917,0
2025-09-18T14:00:00,989.6971673931765,792.6444257250457,1
2025-09-18T14:15:00,989.8535483461145,792.6444257250457,1
2025-09-18T14:30:00,988.435808937611,792.6444257250457,1
2025-09-18T14:45:00,987.810285125859,792.6444257250457,1
2025-09-18T15:00:00,986.9149612084889,792.6444257250457,1
2025-09-18T15:15:00,986.8290376079735,792.6444257250457,1
2025-09-18T15:30:00,988.0543081513226,792.6444257250457,1
2025-09-18T15:45:00,988.3069235368379,792.6444257250457,1
2025-09-18T16:00:00,988.246777016477,792.6444257250457,1
2025-09-18T16:15:00,991.2094227622468,792.6444257250457,1
2025-09-18T16:30:00,993.5912249685329,792.6444257250457,1
2025-09-18T16:45:00,992.0806880714728,792.6444257250457,1
2025-09-18T17:00:00,991.1681794339995,792.6444257250457,1
2025-09-18T17:15:00,989.7195075293105,792.6444257250457,1
2025-09-18T17:30:00,989.1816257900844,792.6444257250457,1
2025-09-18T17:45:00,990.0305509631761,792.6444257250457,1
2025-09-18T18:00:00,990.3965855013715,792.6444257250457,1
2025-09-18T18:15:00,990.4292364695673,792.6444257250457,1
2025-09-18T18:30:00,989.0856043693304,989.0856043693304,0
2025-09-18T18:45:00,989.0856043693304,989.0856043693304,0
2025-09-18T19:00:00,989.0856043693304,989.0856043693304,0
2025-09-18T19:15:00,989.0856043693304,989.0856043693304,0
2025-09-18T19:30:00,989.0856043693304,989.0856043693304,0
2025-09-18T19:45:00,989.0856043693304,989.0856043693304,0
2025-09-18T20:00:00,989.0856043693304,989.0856043693304,0
2025-09-18T20:15:00,989.0856043693304,989.0856043693304,0
2025-09-18T20:30:00,989.0856043693304,989.0856043693304,0
2025-09-18T20:45:00,987.5839719382454,790.9519761020662,1
2025-09-18T21:00:00,985.169465989147,985.169465989147,0
2025-09-18T21:15:00,985.169465989147,985.169465989147,0
2025-09-18T21:30:00,985.169465989147,985.169465989147,0
2025-09-18T21:45:00,985.169465989147,985.169465989147,0
2025-09-18T22:00:00,985.169465989147,985.169465989147,0
2025-09-18T22:15:00,985.169465989147,985.169465989147,0
2025-09-18T22:30:00,985.169465989147,985.169465989147,0
2025-09-18T22:45:00,985.169465989147,985.169465989147,0
2025-09-18T23:00:00,985.169465989147,985.169465989147,0
2025-09-18T23:15:00,985.169465989147,985.169465989147,0
2025-09-18T23:30:00,985.169465989147,985.169465989147,0
2025-09-18T23:45:00,985.169465989147,985.169465989147,0
2025-09-19T00:00:00,985.169465989147,985.169465989147,0
2025-09-19T00:15:00,985.169465989147,985.169465989147,0
2025-09-19T00:30:00,985.169465989147,985.169465989147,0
2025-09-19T00:45:00,983.6737790499087,787.8203185622011,1
2025-09-19T01:00:00,982.5282889104566,787.8203185622011,1
2025-09-19T01:15:00,984.890969019252,787.8203185622011,1
2025-09-19T01:30:00,982.9960449435562,787.8203185622011,1
2025-09-19T01:45:00,983.1855373511258,787.8203185622011,1
2025-09-19T02:00:00,981.01135372663,981.01135372663,0
2025-09-19T02:15:00,981.01135372663,981.01135372663,0
2025-09-19T02:30:00,981.01135372663,981.01135372663,0
2025-09-19T02:45:00,981.01135372663,981.01135372663,0
2025-09-19T03:00:00,981.01135372663,981.01135372663,0
2025-09-19T03:15:00,981.01135372663,981.01135372663,0
2025-09-19T03:30:00,981.01135372663,981.01135372663,0
2025-09-19T03:45:00,981.01135372663,981.01135372663,0
2025-09-19T04:00:00,981.01135372663,981.01135372663,0
2025-09-19T04:15:00,981.01135372663,981.01135372663,0
2025-09-19T04:30:00,981.01135372663,981.01135372663,0
2025-09-19T04:45:00,981.01135372663,981.01135372663,0
2025-09-19T05:00:00,981.01135372663,981.01135372663,0
2025-09-19T05:15:00,981.01135372663,981.01135372663,0
2025-09-19T05:30:00,981.01135372663,981.01135372663,0
2025-09-19T05:45:00,981.01135372663,981.01135372663,0
2025-09-19T06:00:00,981.01135372663,981.01135372663,0
2025-09-19T06:15:00,981.01135372663,981.01135372663,0
2025-09-19T06:30:00,981.01135372663,981.01135372663,0
2025-09-19T06:45:00,981.01135372663,981.01135372663,0
2025-09-19T07:00:00,981.01135372663,981.01135372663,0
2025-09-19T07:15:00,981.01135372663,981.01135372663,0
2025-09-19T07:30:00,981.01135372663,981.01135372663,0
2025-09-19T07:45:00,981.01135372663,981.01135372663,0
2025-09-19T08:00:00,981.01135372663,981.01135372663,0
2025-09-19T08:15:00,981.01135372663,981.01135372663,0
2025-09-19T08:30:00,981.01135372663,981.01135372663,0
2025-09-19T08:45:00,981.01135372663,981.01135372663,0
2025-09-19T09:00:00,981.01135372663,981.01135372663,0
2025-09-19T09:15:00,981.01135372663,981.01135372663,0
2025-09-19T09:30:00,981.01135372663,981.01135372663,0
2025-09-19T09:45:00,979.5184479958191,784.4951593481114,1
2025-09-19T10:00:00,979.2631948495557,784.4951593481114,1
2025-09-19T10:15:00,979.5489461248467,784.4951593481114,1
2025-09-19T10:30:00,979.2702121181816,784.4951593481114,1
2025-09-19T10:45:00,979.216975339857,784.4951593481114,1
2025-09-19T11:00:00,979.6917880256237,784.4951593481114,1
2025-09-19T11:15:00,980.3551223319721,784.4951593481114,1
2025-09-19T11:30:00,980.4495855634732,784.4951593481114,1
2025-09-19T11:45:00,980.1478430125638,784.4951593481114,1
2025-09-19T12:00:00,979.6410477755603,784.4951593481114,1
2025-09-19T12:15:00,981.2493517656039,784.4951593481114,1
2025-09-19T12:30:00,981.3034657025069,784.4951593481114,1
2025-09-19T12:45:00,981.7150554969046,784.4951593481114,1
2025-09-19T13:00:00,981.8346189584904,784.4951593481114,1
2025-09-19T13:15:00,981.3807231311273,784.4951593481114,1
2025-09-19T13:30:00,980.9704153377285,784.4951593481114,1
2025-09-19T13:45:00,980.89059390711,784.4951593481114,1
2025-09-19T14:00:00,980.0900220469704,980.0900220469704,0
2025-09-19T14:15:00,980.0900220469704,980.0900220469704,0
2025-09-19T14:30:00,980.0900220469704,980.0900220469704,0
2025-09-19T14:45:00,978.5985184012009,783.7583888305212,1
2025-09-19T15:00:00,984.3187951022181,783.7583888305212,1
2025-09-19T15:15:00,983.2690588282298,783.7583888305212,1
2025-09-19T15:30:00,982.0464042661804,783.7583888305212,1
2025-09-19T15:45:00,982.2350423986109,783.7583888305212,1
2025-09-19T16:00:00,980.8447094966232,783.7583888305212,1
2025-09-19T16:15:00,980.7434038329104,783.7583888305212,1
2025-09-19T16:30:00,980.7189507416696,783.7583888305212,1
2025-09-19T16:45:00,981.0263610315562,783.7583888305212,1
2025-09-19T17:00:00,983.8786394598802,783.7583888305212,1
2025-09-19T17:15:00,982.6385184040873,783.7583888305212,1
2025-09-19T17:30:00,983.8891193561265,783.7583888305212,1
2025-09-19T17:45:00,984.9266290844942,783.7583888305212,1
2025-09-19T18:00:00,986.7309178882044,783.7583888305212,1
2025-09-19T18:15:00,986.4165210008202,783.7583888305212,1
2025-09-19T18:30:00,985.2707190112424,783.7583888305212,1
2025-09-19T18:45:00,986.7937972656812,783.7583888305212,1
2025-09-19T19:00:00,984.9737886176018,783.7583888305212,1
2025-09-19T19:15:00,983.4067893712595,983.4067893712595,0
2025-09-19T19:30:00,983.4067893712595,983.4067893712595,0
2025-09-19T19:45:00,983.4067893712595,983.4067893712595,0
2025-09-19T20:00:00,983.4067893712595,983.4067893712595,0
2025-09-19T20:15:00,983.4067893712595,983.4067893712595,0
2025-09-19T20:30:00,983.4067893712595,983.4067893712595,0
2025-09-19T20:45:00,983.4067893712595,983.4067893712595,0
2025-09-19T21:00:00,983.4067893712595,983.4067893712595,0
2025-09-19T21:15:00,983.4067893712595,983.4067893712595,0
2025-09-19T21:30:00,983.4067893712595,983.4067893712595,0
2025-09-19T21:45:00,983.4067893712595,983.4067893712595,0
2025-09-19T22:00:00,983.4067893712595,983.4067893712595,0
2025-09-19T22:15:00,983.4067893712595,983.4067893712595,0
2025-09-19T22:30:00,983.4067893712595,983.4067893712595,0
2025-09-19T22:45:00,983.4067893712595,983.4067893712595,0
2025-09-19T23:00:00,983.4067893712595,983.4067893712595,0
2025-09-19T23:15:00,983.4067893712595,983.4067893712595,0
2025-09-19T23:30:00,983.4067893712595,983.4067893712595,0
2025-09-19T23:45:00,983.4067893712595,983.4067893712595,0
2025-09-20T00:00:00,983.4067893712595,983.4067893712595,0
2025-09-20T00:15:00,983.4067893712595,983.4067893712595,0
2025-09-20T00:30:00,983.4067893712595,983.4067893712595,0
2025-09-20T00:45:00,983.4067893712595,983.4067893712595,0
2025-09-20T01:00:00,983.4067893712595,983.4067893712595,0
2025-09-20T01:15:00,983.4067893712595,983.4067893712595,0
2025-09-20T01:30:00,983.4067893712595,983.4067893712595,0
2025-09-20T01:45:00,983.4067893712595,983.4067893712595,0
2025-09-20T02:00:00,983.4067893712595,983.4067893712595,0
2025-09-20T02:15:00,983.4067893712595,983.4067893712595,0
2025-09-20T02:30:00,983.4067893712595,983.4067893712595,0
2025-09-20T02:45:00,983.4067893712595,983.4067893712595,0
2025-09-20T03:00:00,983.4067893712595,983.4067893712595,0
2025-09-20T03:15:00,983.4067893712595,983.4067893712595,0
2025-09-20T03:30:00,983.4067893712595,983.4067893712595,0
2025-09-20T03:45:00,983.4067893712595,983.4067893712595,0
2025-09-20T04:00:00,983.4067893712595,983.4067893712595,0
2025-09-20T04:15:00,983.4067893712595,983.4067893712595,0
2025-09-20T04:30:00,983.4067893712595,983.4067893712595,0
2025-09-20T04:45:00,983.4067893712595,983.4067893712595,0
2025-09-20T05:00:00,983.4067893712595,983.4067893712595,0
2025-09-20T05:15:00,983.4067893712595,983.4067893712595,0
2025-09-20T05:30:00,983.4067893712595,983.4067893712595,0
2025-09-20T05:45:00,983.4067893712595,983.4067893712595,0
2025-09-20T06:00:00,983.4067893712595,983.4067893712595,0
2025-09-20T06:15:00,983.4067893712595,983.4067893712595,0
2025-09-20T06:30:00,983.4067893712595,983.4067893712595,0
2025-09-20T06:45:00,983.4067893712595,983.4067893712595,0
2025-09-20T07:00:00,983.4067893712595,983.4067893712595,0
2025-09-20T07:15:00,983.4067893712595,983.4067893712595,0
2025-09-20T07:30:00,983.4067893712595,983.4067893712595,0
2025-09-20T07:45:00,983.4067893712595,983.4067893712595,0
2025-09-20T08:00:00,983.4067893712595,983.4067893712595,0
2025-09-20T08:15:00,983.4067893712595,983.4067893712595,0
2025-09-20T08:30:00,983.4067893712595,983.4067893712595,0
2025-09-20T08:45:00,983.4067893712595,983.4067893712595,0
2025-09-20T09:00:00,983.4067893712595,983.4067893712595,0
2025-09-20T09:15:00,983.4067893712595,983.4067893712595,0
2025-09-20T09:30:00,981.9102382600072,786.4107413244087,1
2025-09-20T09:45:00,981.5766499735068,786.4107413244087,1
2025-09-20T10:00:00,979.7230171352976,979.7230171352976,0
2025-09-20T10:15:00,979.7230171352976,979.7230171352976,0
2025-09-20T10:30:00,979.7230171352976,979.7230171352976,0
2025-09-20T10:45:00,979.7230171352976,979.7230171352976,0
2025-09-20T11:00:00,979.7230171352976,979.7230171352976,0
2025-09-20T11:15:00,979.7230171352976,979.7230171352976,0
2025-09-20T11:30:00,979.7230171352976,979.7230171352976,0
2025-09-20T11:45:00,979.7230171352976,979.7230171352976,0
2025-09-20T12:00:00,979.7230171352976,979.7230171352976,0
2025-09-20T12:15:00,979.7230171352976,979.7230171352976,0
2025-09-20T12:30:00,979.7230171352976,979.7230171352976,0
2025-09-20T12:45:00,979.7230171352976,979.7230171352976,0
2025-09-20T13:00:00,979.7230171352976,979.7230171352976,0
2025-09-20T13:15:00,979.7230171352976,979.7230171352976,0
2025-09-20T13:30:00,979.7230171352976,979.7230171352976,0
2025-09-20T13:45:00,979.7230171352976,979.7230171352976,0
2025-09-20T14:00:00,979.7230171352976,979.7230171352976,0
2025-09-20T14:15:00,979.7230171352976,979.7230171352976,0
2025-09-20T14:30:00,979.7230171352976,979.7230171352976,0
2025-09-20T14:45:00,979.7230171352976,979.7230171352976,0
2025-09-20T15:00:00,979.7230171352976,979.7230171352976,0
2025-09-20T15:15:00,979.7230171352976,979.7230171352976,0
2025-09-20T15:30:00,979.7230171352976,979.7230171352976,0
2025-09-20T15:45:00,979.7230171352976,979.7230171352976,0
2025-09-20T16:00:00,979.7230171352976,979.7230171352976,0
2025-09-20T16:15:00,979.7230171352976,979.7230171352976,0
2025-09-20T16:30:00,979.7230171352976,979.7230171352976,0
2025-09-20T16:45:00,979.7230171352976,979.7230171352976,0
2025-09-20T17:00:00,979.7230171352976,979.7230171352976,0
2025-09-20T17:15:00,979.7230171352976,979.7230171352976,0
2025-09-20T17:30:00,979.7230171352976,979.7230171352976,0
2025-09-20T17:45:00,979.7230171352976,979.7230171352976,0
2025-09-20T18:00:00,979.7230171352976,979.7230171352976,0
2025-09-20T18:15:00,979.7230171352976,979.7230171352976,0
2025-09-20T18:30:00,979.7230171352976,979.7230171352976,0
2025-09-20T18:45:00,979.7230171352976,979.7230171352976,0
2025-09-20T19:00:00,979.7230171352976,979.7230171352976,0
2025-09-20T19:15:00,979.7230171352976,979.7230171352976,0
2025-09-20T19:30:00,979.7230171352976,979.7230171352976,0
2025-09-20T19:45:00,979.7230171352976,979.7230171352976,0
2025-09-20T20:00:00,979.7230171352976,979.7230171352976,0
2025-09-20T20:15:00,979.7230171352976,979.7230171352976,0
2025-09-20T20:30:00,979.7230171352976,979.7230171352976,0
2025-09-20T20:45:00,979.7230171352976,979.7230171352976,0
2025-09-20T21:00:00,979.7230171352976,979.7230171352976,0
2025-09-20T21:15:00,979.7230171352976,979.7230171352976,0
2025-09-20T21:30:00,979.7230171352976,979.7230171352976,0
2025-09-20T21:45:00,979.7230171352976,979.7230171352976,0
2025-09-20T22:00:00,979.7230171352976,979.7230171352976,0
2025-09-20T22:15:00,979.7230171352976,979.7230171352976,0
2025-09-20T22:30:00,979.7230171352976,979.7230171352976,0
2025-09-20T22:45:00,979.7230171352976,979.7230171352976,0
2025-09-20T23:00:00,979.7230171352976,979.7230171352976,0
2025-09-20T23:15:00,979.7230171352976,979.7230171352976,0
2025-09-20T23:30:00,979.7230171352976,979.7230171352976,0
2025-09-20T23:45:00,979.7230171352976,979.7230171352976,0
2025-09-21T00:00:00,979.7230171352976,979.7230171352976,0
2025-09-21T00:15:00,979.7230171352976,979.7230171352976,0
2025-09-21T00:30:00,979.7230171352976,979.7230171352976,0
2025-09-21T00:45:00,979.7230171352976,979.7230171352976,0
2025-09-21T01:00:00,979.7230171352976,979.7230171352976,0
2025-09-21T01:15:00,979.7230171352976,979.7230171352976,0
2025-09-21T01:30:00,979.7230171352976,979.7230171352976,0
2025-09-21T01:45:00,979.7230171352976,979.7230171352976,0
2025-09-21T02:00:00,979.7230171352976,979.7230171352976,0
2025-09-21T02:15:00,979.7230171352976,979.7230171352976,0
2025-09-21T02:30:00,979.7230171352976,979.7230171352976,0
2025-09-21T02:45:00,979.7230171352976,979.7230171352976,0
2025-09-21T03:00:00,979.7230171352976,979.7230171352976,0
2025-09-21T03:15:00,979.7230171352976,979.7230171352976,0
2025-09-21T03:30:00,979.7230171352976,979.7230171352976,0
2025-09-21T03:45:00,979.7230171352976,979.7230171352976,0
2025-09-21T04:00:00,979.7230171352976,979.7230171352976,0
2025-09-21T04:15:00,978.2320719985952,783.4649023427548,1
2025-09-21T04:30:00,978.0371553094008,783.4649023427548,1
2025-09-21T04:45:00,977.9616470424154,783.4649023427548,1
2025-09-21T05:00:00,978.6377094328648,783.4649023427548,1
2025-09-21T05:15:00,978.2549000793117,783.4649023427548,1
2025-09-21T05:30:00,977.8229225519076,783.4649023427548,1
2025-09-21T05:45:00,976.3292078422123,976.3292078422123,0
2025-09-21T06:00:00,976.3292078422123,976.3292078422123,0
2025-09-21T06:15:00,976.3292078422123,976.3292078422123,0
2025-09-21T06:30:00,976.3292078422123,976.3292078422123,0
2025-09-21T06:45:00,976.3292078422123,976.3292078422123,0
2025-09-21T07:00:00,976.3292078422123,976.3292078422123,0
2025-09-21T07:15:00,976.3292078422123,976.3292078422123,0
2025-09-21T07:30:00,976.3292078422123,976.3292078422123,0
2025-09-21T07:45:00,976.3292078422123,976.3292078422123,0
2025-09-21T08:00:00,976.3292078422123,976.3292078422123,0
2025-09-21T08:15:00,976.3292078422123,976.3292078422123,0
2025-09-21T08:30:00,976.3292078422123,976.3292078422123,0
2025-09-21T08:45:00,976.3292078422123,976.3292078422123,0
2025-09-21T09:00:00,976.3292078422123,976.3292078422123,0
2025-09-21T09:15:00,974.8434274136691,780.7509409272603,1
2025-09-21T09:30:00,974.6678904214996,780.7509409272603,1
2025-09-21T09:45:00,973.1407185896239,780.7509409272603,1
2025-09-21T10:00:00,973.4198224071737,780.7509409272603,1
2025-09-21T10:15:00,973.2179548661786,780.7509409272603,1
2025-09-21T10:30:00,973.30221262242,780.7509409272603,1
2025-09-21T10:45:00,974.3958080836367,780.7509409272603,1
2025-09-21T11:00:00,973.3408307606973,780.7509409272603,1
2025-09-21T11:15:00,973.7305228833138,780.7509409272603,1
2025-09-21T11:30:00,973.3917364884264,780.7509409272603,1
2025-09-21T11:45:00,974.0851076074965,780.7509409272603,1
2025-09-21T12:00:00,972.6499350204067,972.6499350204067,0
2025-09-21T12:15:00,972.6499350204067,972.6499350204067,0
2025-09-21T12:30:00,972.6499350204067,972.6499350204067,0
2025-09-21T12:45:00,972.6499350204067,972.6499350204067,0
2025-09-21T13:00:00,972.6499350204067,972.6499350204067,0
2025-09-21T13:15:00,972.6499350204067,972.6499350204067,0
2025-09-21T13:30:00,972.6499350204067,972.6499350204067,0
2025-09-21T13:45:00,972.6499350204067,972.6499350204067,0
2025-09-21T14:00:00,972.6499350204067,972.6499350204067,0
2025-09-21T14:15:00,972.6499350204067,972.6499350204067,0
2025-09-21T14:30:00,972.6499350204067,972.6499350204067,0
2025-09-21T14:45:00,972.6499350204067,972.6499350204067,0
2025-09-21T15:00:00,972.6499350204067,972.6499350204067,0
2025-09-21T15:15:00,972.6499350204067,972.6499350204067,0
2025-09-21T15:30:00,972.6499350204067,972.6499350204067,0
2025-09-21T15:45:00,972.6499350204067,972.6499350204067,0
2025-09-21T16:00:00,972.6499350204067,972.6499350204067,0
2025-09-21T16:15:00,971.1697537191927,777.8087000371188,1
2025-09-21T16:30:00,971.6972803709327,777.8087000371188,1
2025-09-21T16:45:00,971.755826915615,777.8087000371188,1
2025-09-21T17:00:00,971.3709188363885,777.8087000371188,1
2025-09-21T17:15:00,971.1885939567549,777.8087000371188,1
2025-09-21T17:30:00,971.1283592187426,777.8087000371188,1
2025-09-21T17:45:00,969.0241738058778,969.0241738058778,0
2025-09-21T18:00:00,969.0241738058778,969.0241738058778,0
2025-09-21T18:15:00,969.0241738058778,969.0241738058778,0
2025-09-21T18:30:00,969.0241738058778,969.0241738058778,0
2025-09-21T18:45:00,969.0241738058778,969.0241738058778,0
2025-09-21T19:00:00,967.552998692759,774.9092513090843,1
2025-09-21T19:15:00,969.659065743886,774.9092513090843,1
2025-09-21T19:30:00,968.6293561766411,774.9092513090843,1
2025-09-21T19:45:00,969.9925119628092,774.9092513090843,1
2025-09-21T20:00:00,968.6535439852676,774.9092513090843,1
2025-09-21T20:15:00,969.3342580280437,774.9092513090843,1
2025-09-21T20:30:00,966.9747358853368,966.9747358853368,0
2025-09-21T20:45:00,966.9747358853368,966.9747358853368,0
2025-09-21T21:00:00,966.9747358853368,966.9747358853368,0
2025-09-21T21:15:00,966.9747358853368,966.9747358853368,0
2025-09-21T21:30:00,966.9747358853368,966.9747358853368,0
2025-09-21T21:45:00,966.9747358853368,966.9747358853368,0
2025-09-21T22:00:00,966.9747358853368,966.9747358853368,0
2025-09-21T22:15:00,966.9747358853368,966.9747358853368,0
2025-09-21T22:30:00,966.9747358853368,966.9747358853368,0
2025-09-21T22:45:00,966.9747358853368,966.9747358853368,0
2025-09-21T23:00:00,965.5031911175126,773.2703567927862,1
2025-09-21T23:15:00,964.8814274588673,773.2703567927862,1
2025-09-21T23:30:00,964.3101712122689,773.2703567927862,1
2025-09-21T23:45:00,966.0936053479909,773.2703567927862,1
2025-09-22T00:00:00,965.2158213593152,773.2703567927862,1
2025-09-22T00:15:00,969.1153418963091,773.2703567927862,1
2025-09-22T00:30:00,980.5160839397043,773.2703567927862,1
2025-09-22T00:45:00,985.0251766910562,773.2703567927862,1
2025-09-22T01:00:00,983.8861474676556,773.2703567927862,1
2025-09-22T01:15:00,984.3198145572991,773.2703567927862,1
2025-09-22T01:30:00,983.3114079512609,773.2703567927862,1
2025-09-22T01:45:00,986.42719278408,773.2703567927862,1
2025-09-22T02:00:00,986.2896036271248,773.2703567927862,1
2025-09-22T02:15:00,989.7101745671232,773.2703567927862,1
2025-09-22T02:30:00,992.7144947664597,773.2703567927862,1
2025-09-22T02:45:00,993.4094070908279,773.2703567927862,1
2025-09-22T03:00:00,991.6155231457168,773.2703567927862,1
2025-09-22T03:15:00,990.5182931598722,773.2703567927862,1
2025-09-22T03:30:00,992.3034689304925,773.2703567927862,1
2025-09-22T03:45:00,990.3197467814813,773.2703567927862,1
2025-09-22T04:00:00,991.7914282704315,773.2703567927862,1
2025-09-22T04:15:00,990.4961362576479,990.4961362576479,0
2025-09-22T04:30:00,990.4961362576479,990.4961362576479,0
2025-09-22T04:45:00,990.4961362576479,990.4961362576479,0
2025-09-22T05:00:00,990.4961362576479,990.4961362576479,0
2025-09-22T05:15:00,990.4961362576479,990.4961362576479,0
2025-09-22T05:30:00,990.4961362576479,990.4961362576479,0
2025-09-22T05:45:00,988.988796559134,792.0799502425159,1
2025-09-22T06:00:00,993.737566495421,792.0799502425159,1
2025-09-22T06:15:00,995.2682546411882,792.0799502425159,1
2025-09-22T06:30:00,994.1782265466877,792.0799502425159,1
2025-09-22T06:45:00,995.2041065995099,792.0799502425159,1
2025-09-22T07:00:00,995.8957746571692,792.0799502425159,1
2025-09-22T07:15:00,995.3967601305565,792.0799502425159,1
2025-09-22T07:30:00,993.8704695110414,792.0799502425159,1
2025-09-22T07:45:00,997.1640072678875,792.0799502425159,1
2025-09-22T08:00:00,996.3612842218606,792.0799502425159,1
2025-09-22T08:15:00,996.3962550258659,792.0799502425159,1
2025-09-22T08:30:00,995.8430741441474,792.0799502425159,1
2025-09-22T08:45:00,996.40260700823,792.0799502425159,1
2025-09-22T09:00:00,997.8340367043061,792.0799502425159,1
2025-09-22T09:15:00,998.0284352854526,792.0799502425159,1
2025-09-22T09:30:00,998.5320567443293,792.0799502425159,1
2025-09-22T09:45:00,997.8133550037221,997.8133550037221,0
2025-09-22T10:00:00,997.8133550037221,997.8133550037221,0
2025-09-22T10:15:00,997.8133550037221,997.8133550037221,0
2025-09-22T10:30:00,997.8133550037221,997.8133550037221,0
2025-09-22T10:45:00,997.8133550037221,997.8133550037221,0
2025-09-22T11:00:00,997.8133550037221,997.8133550037221,0
2025-09-22T11:15:00,997.8133550037221,997.8133550037221,0
2025-09-22T11:30:00,997.8133550037221,997.8133550037221,0
2025-09-22T11:45:00,997.8133550037221,997.8133550037221,0
2025-09-22T12:00:00,997.8133550037221,997.8133550037221,0
2025-09-22T12:15:00,997.8133550037221,997.8133550037221,0
2025-09-22T12:30:00,997.8133550037221,997.8133550037221,0
2025-09-22T12:45:00,997.8133550037221,997.8133550037221,0
2025-09-22T13:00:00,997.8133550037221,997.8133550037221,0
2025-09-22T13:15:00,997.8133550037221,997.8133550037221,0
2025-09-22T13:30:00,997.8133550037221,997.8133550037221,0
2025-09-22T13:45:00,997.8133550037221,997.8133550037221,0
2025-09-22T14:00:00,997.8133550037221,997.8133550037221,0
2025-09-22T14:15:00,997.8133550037221,997.8133550037221,0
2025-09-22T14:30:00,997.8133550037221,997.8133550037221,0
2025-09-22T14:45:00,997.8133550037221,997.8133550037221,0
2025-09-22T15:00:00,997.8133550037221,997.8133550037221,0
2025-09-22T15:15:00,997.8133550037221,997.8133550037221,0
2025-09-22T15:30:00,997.8133550037221,997.8133550037221,0
2025-09-22T15:45:00,997.8133550037221,997.8133550037221,0
2025-09-22T16:00:00,997.8133550037221,997.8133550037221,0
2025-09-22T16:15:00,997.8133550037221,997.8133550037221,0
2025-09-22T16:30:00,997.8133550037221,997.8133550037221,0
2025-09-22T16:45:00,997.8133550037221,997.8133550037221,0
2025-09-22T17:00:00,996.2948799419341,797.9313837293764,1
2025-09-22T17:15:00,995.6285962710728,797.9313837293764,1
2025-09-22T17:30:00,995.1058910365498,797.9313837293764,1
2025-09-22T17:45:00,995.6443991530099,797.9313837293764,1
2025-09-22T18:00:00,994.2071911065686,797.9313837293764,1
2025-09-22T18:15:00,993.6763708786184,797.9313837293764,1
2025-09-22T18:30:00,992.6027720001816,992.6027720001816,0
2025-09-22T18:45:00,992.6027720001816,992.6027720001816,0
2025-09-22T19:00:00,992.6027720001816,992.6027720001816,0
2025-09-22T19:15:00,992.6027720001816,992.6027720001816,0
2025-09-22T19:30:00,992.6027720001816,992.6027720001816,0
2025-09-22T19:45:00,991.0922264176982,793.7645847131053,1
2025-09-22T20:00:00,987.891877645003,793.7645847131053,1
2025-09-22T20:15:00,986.491725056949,793.7645847131053,1
2025-09-22T20:30:00,982.5601583248824,982.5601583248824,0
2025-09-22T20:45:00,982.5601583248824,982.5601583248824,0
2025-09-22T21:00:00,982.5601583248824,982.5601583248824,0
2025-09-22T21:15:00,982.5601583248824,982.5601583248824,0
2025-09-22T21:30:00,982.5601583248824,982.5601583248824,0
2025-09-22T21:45:00,982.5601583248824,982.5601583248824,0
2025-09-22T22:00:00,982.5601583248824,982.5601583248824,0
2025-09-22T22:15:00,982.5601583248824,982.5601583248824,0
2025-09-22T22:30:00,982.5601583248824,982.5601583248824,0
2025-09-22T22:45:00,982.5601583248824,982.5601583248824,0
2025-09-22T23:00:00,982.5601583248824,982.5601583248824,0
2025-09-22T23:15:00,982.5601583248824,982.5601583248824,0
2025-09-22T23:30:00,982.5601583248824,982.5601583248824,0
2025-09-22T23:45:00,982.5601583248824,982.5601583248824,0
2025-09-23T00:00:00,982.5601583248824,982.5601583248824,0
2025-09-23T00:15:00,982.5601583248824,982.5601583248824,0
2025-09-23T00:30:00,982.5601583248824,982.5601583248824,0
2025-09-23T00:45:00,982.5601583248824,982.5601583248824,0
2025-09-23T01:00:00,982.5601583248824,982.5601583248824,0
2025-09-23T01:15:00,982.5601583248824,982.5601583248824,0
2025-09-23T01:30:00,981.064895619046,785.733707409242,1
2025-09-23T01:45:00,981.831606961682,785.733707409242,1
2025-09-23T02:00:00,980.1061207710615,785.733707409242,1
2025-09-23T02:15:00,982.7890494961939,785.733707409242,1
2025-09-23T02:30:00,982.7116350712561,785.733707409242,1
2025-09-23T02:45:00,984.2492650622314,785.733707409242,1
2025-09-23T03:00:00,984.2616766140557,785.733707409242,1
2025-09-23T03:15:00,980.7616189996111,785.733707409242,1
2025-09-23T03:30:00,981.3608795752621,785.733707409242,1
2025-09-23T03:45:00,980.5460647040867,785.733707409242,1
2025-09-23T04:00:00,981.3753116407725,981.3753116407725,0
2025-09-23T04:15:00,981.3753116407725,981.3753116407725,0
2025-09-23T04:30:00,981.3753116407725,981.3753116407725,0
2025-09-23T04:45:00,981.3753116407725,981.3753116407725,0
2025-09-23T05:00:00,981.3753116407725,981.3753116407725,0
2025-09-23T05:15:00,981.3753116407725,981.3753116407725,0
2025-09-23T05:30:00,981.3753116407725,981.3753116407725,0
2025-09-23T05:45:00,981.3753116407725,981.3753116407725,0
2025-09-23T06:00:00,981.3753116407725,981.3753116407725,0
2025-09-23T06:15:00,981.3753116407725,981.3753116407725,0
2025-09-23T06:30:00,981.3753116407725,981.3753116407725,0
2025-09-23T06:45:00,981.3753116407725,981.3753116407725,0
2025-09-23T07:00:00,981.3753116407725,981.3753116407725,0
2025-09-23T07:15:00,981.3753116407725,981.3753116407725,0
2025-09-23T07:30:00,981.3753116407725,981.3753116407725,0
2025-09-23T07:45:00,981.3753116407725,981.3753116407725,0
2025-09-23T08:00:00,981.3753116407725,981.3753116407725,0
2025-09-23T08:15:00,981.3753116407725,981.3753116407725,0
2025-09-23T08:30:00,981.3753116407725,981.3753116407725,0
2025-09-23T08:45:00,981.3753116407725,981.3753116407725,0
2025-09-23T09:00:00,981.3753116407725,981.3753116407725,0
2025-09-23T09:15:00,981.3753116407725,981.3753116407725,0
2025-09-23T09:30:00,981.3753116407725,981.3753116407725,0
2025-09-23T09:45:00,981.3753116407725,981.3753116407725,0
2025-09-23T10:00:00,981.3753116407725,981.3753116407725,0
2025-09-23T10:15:00,981.3753116407725,981.3753116407725,0
2025-09-23T10:30:00,981.3753116407725,981.3753116407725,0
2025-09-23T10:45:00,981.3753116407725,981.3753116407725,0
2025-09-23T11:00:00,981.3753116407725,981.3753116407725,0
2025-09-23T11:15:00,979.8818520378237,784.7862092128929,1
2025-09-23T11:30:00,978.2656542468919,978.2656542468919,0
2025-09-23T11:45:00,978.2656542468919,978.2656542468919,0
2025-09-23T12:00:00,978.2656542468919,978.2656542468919,0
2025-09-23T12:15:00,978.2656542468919,978.2656542468919,0
2025-09-23T12:30:00,978.2656542468919,978.2656542468919,0
2025-09-23T12:45:00,978.2656542468919,978.2656542468919,0
2025-09-23T13:00:00,978.2656542468919,978.2656542468919,0
2025-09-23T13:15:00,978.2656542468919,978.2656542468919,0
2025-09-23T13:30:00,976.7769269289738,782.2994783881545,1
2025-09-23T13:45:00,977.0052053093755,782.2994783881545,1
2025-09-23T14:00:00,974.3814374676004,974.3814374676004,0
2025-09-23T14:15:00,974.3814374676004,974.3814374676004,0
2025-09-23T14:30:00,974.3814374676004,974.3814374676004,0
2025-09-23T14:45:00,974.3814374676004,974.3814374676004,0
2025-09-23T15:00:00,974.3814374676004,974.3814374676004,0
2025-09-23T15:15:00,974.3814374676004,974.3814374676004,0
2025-09-23T15:30:00,974.3814374676004,974.3814374676004,0
2025-09-23T15:45:00,974.3814374676004,974.3814374676004,0
2025-09-23T16:00:00,972.8986211612802,779.1933479140907,1
2025-09-23T16:15:00,971.3280208128976,779.1933479140907,1
2025-09-23T16:30:00,972.8029940748561,779.1933479140907,1
2025-09-23T16:45:00,971.1966115824598,779.1933479140907,1
2025-09-23T17:00:00,973.0149824745649,779.1933479140907,1
2025-09-23T17:15:00,974.1683325118426,779.1933479140907,1
2025-09-23T17:30:00,976.6687831878979,779.1933479140907,1
2025-09-23T17:45:00,977.201007907481,779.1933479140907,1
2025-09-23T18:00:00,976.1515370402276,779.1933479140907,1
2025-09-23T18:15:00,976.835905217109,779.1933479140907,1
2025-09-23T18:30:00,978.8103722452117,779.1933479140907,1
2025-09-23T18:45:00,978.4329954473001,779.1933479140907,1
2025-09-23T19:00:00,977.8174870940729,779.1933479140907,1
2025-09-23T19:15:00,978.494157949277,779.1933479140907,1
2025-09-23T19:30:00,979.5708814959827,779.1933479140907,1
2025-09-23T19:45:00,979.2984933919407,779.1933479140907,1
2025-09-23T20:00:00,978.0242746007566,779.1933479140907,1
2025-09-23T20:15:00,979.3351770240787,779.1933479140907,1
2025-09-23T20:30:00,977.7627736994474,779.1933479140907,1
2025-09-23T20:45:00,976.3843426239116,976.3843426239116,0
2025-09-23T21:00:00,976.3843426239116,976.3843426239116,0
2025-09-23T21:15:00,976.3843426239116,976.3843426239116,0
2025-09-23T21:30:00,976.3843426239116,976.3843426239116,0
2025-09-23T21:45:00,976.3843426239116,976.3843426239116,0
2025-09-23T22:00:00,976.3843426239116,976.3843426239116,0
2025-09-23T22:15:00,976.3843426239116,976.3843426239116,0
2025-09-23T22:30:00,976.3843426239116,976.3843426239116,0
2025-09-23T22:45:00,976.3843426239116,976.3843426239116,0
2025-09-23T23:00:00,976.3843426239116,976.3843426239116,0
2025-09-23T23:15:00,976.3843426239116,976.3843426239116,0
2025-09-23T23:30:00,976.3843426239116,976.3843426239116,0
2025-09-23T23:45:00,976.3843426239116,976.3843426239116,0
2025-09-24T00:00:00,976.3843426239116,976.3843426239116,0
2025-09-24T00:15:00,976.3843426239116,976.3843426239116,0
2025-09-24T00:30:00,976.3843426239116,976.3843426239116,0
2025-09-24T00:45:00,976.3843426239116,976.3843426239116,0
2025-09-24T01:00:00,976.3843426239116,976.3843426239116,0
2025-09-24T01:15:00,976.3843426239116,976.3843426239116,0
2025-09-24T01:30:00,976.3843426239116,976.3843426239116,0
2025-09-24T01:45:00,976.3843426239116,976.3843426239116,0
2025-09-24T02:00:00,976.3843426239116,976.3843426239116,0
2025-09-24T02:15:00,976.3843426239116,976.3843426239116,0
2025-09-24T02:30:00,976.3843426239116,976.3843426239116,0
2025-09-24T02:45:00,976.3843426239116,976.3843426239116,0
2025-09-24T03:00:00,974.8984782911086,780.7950311094896,1
2025-09-24T03:15:00,980.1701711574384,780.7950311094896,1
2025-09-24T03:30:00,978.5976811613165,780.7950311094896,1
2025-09-24T03:45:00,977.9777030266448,780.7950311094896,1
2025-09-24T04:00:00,986.884722228095,780.7950311094896,1
2025-09-24T04:15:00,981.7633270913827,780.7950311094896,1
2025-09-24T04:30:00,976.7339893140609,780.7950311094896,1
2025-09-24T04:45:00,979.1612976473817,780.7950311094896,1
2025-09-24T05:00:00,977.3426951190113,780.7950311094896,1
2025-09-24T05:15:00,976.025711263239,780.7950311094896,1
2025-09-24T05:30:00,973.1755106477146,973.1755106477146,0
2025-09-24T05:45:00,973.1755106477146,973.1755106477146,0
2025-09-24T06:00:00,973.1755106477146,973.1755106477146,0
2025-09-24T06:15:00,973.1755106477146,973.1755106477146,0
2025-09-24T06:30:00,973.1755106477146,973.1755106477146,0
2025-09-24T06:45:00,973.1755106477146,973.1755106477146,0
2025-09-24T07:00:00,973.1755106477146,973.1755106477146,0
2025-09-24T07:15:00,973.1755106477146,973.1755106477146,0
2025-09-24T07:30:00,973.1755106477146,973.1755106477146,0
2025-09-24T07:45:00,973.1755106477146,973.1755106477146,0
2025-09-24T08:00:00,973.1755106477146,973.1755106477146,0
2025-09-24T08:15:00,973.1755106477146,973.1755106477146,0
2025-09-24T08:30:00,973.1755106477146,973.1755106477146,0
2025-09-24T08:45:00,973.1755106477146,973.1755106477146,0
2025-09-24T09:00:00,973.1755106477146,973.1755106477146,0
2025-09-24T09:15:00,973.1755106477146,973.1755106477146,0
2025-09-24T09:30:00,973.1755106477146,973.1755106477146,0
2025-09-24T09:45:00,973.1755106477146,973.1755106477146,0
2025-09-24T10:00:00,973.1755106477146,973.1755106477146,0
2025-09-24T10:15:00,973.1755106477146,973.1755106477146,0
2025-09-24T10:30:00,973.1755106477146,973.1755106477146,0
2025-09-24T10:45:00,971.6980329638108,778.2289923547644,1
2025-09-24T11:00:00,972.6950287147496,778.2289923547644,1
2025-09-24T11:15:00,972.3835062591922,778.2289923547644,1
2025-09-24T11:30:00,972.3520511637017,778.2289923547644,1
2025-09-24T11:45:00,972.3001536976191,778.2289923547644,1
2025-09-24T12:00:00,972.3352567582319,778.2289923547644,1
2025-09-24T12:15:00,972.2340773482299,778.2289923547644,1
2025-09-24T12:30:00,972.6480181453404,778.2289923547644,1
2025-09-24T12:45:00,972.5839378523392,778.2289923547644,1
2025-09-24T13:00:00,971.5507448633282,971.5507448633282,0
2025-09-24T13:15:00,971.5507448633282,971.5507448633282,0
2025-09-24T13:30:00,971.5507448633282,971.5507448633282,0
2025-09-24T13:45:00,971.5507448633282,971.5507448633282,0
2025-09-24T14:00:00,970.0722363126674,776.9296996523062,1
2025-09-24T14:15:00,969.244956999197,776.9296996523062,1
2025-09-24T14:30:00,966.8812091620359,966.8812091620359,0
2025-09-24T14:45:00,966.8812091620359,966.8812091620359,0
2025-09-24T15:00:00,965.4132875036169,773.1955653426969,1
2025-09-24T15:15:00,966.5405908297721,773.1955653426969,1
2025-09-24T15:30:00,966.9353239432531,773.1955653426969,1
2025-09-24T15:45:00,964.4734143489319,773.1955653426969,1
2025-09-24T16:00:00,964.0477831607059,773.1955653426969,1
2025-09-24T16:15:00,965.9878964134654,773.1955653426969,1
2025-09-24T16:30:00,965.2509396986825,579.5417942697875,2
2025-09-24T16:45:00,965.8232156495269,579.5417942697875,2
2025-09-24T17:00:00,964.5793213304082,769.8059744894317,1
2025-09-24T17:15:00,963.974222690415,769.8059744894317,1
2025-09-24T17:30:00,964.5108555524492,769.8059744894317,1
2025-09-24T17:45:00,963.9074583482901,769.8059744894317,1
2025-09-24T18:00:00,962.3535611567091,962.3535611567091,0
2025-09-24T18:15:00,962.3535611567091,962.3535611567091,0
2025-09-24T18:30:00,962.3535611567091,962.3535611567091,0
2025-09-24T18:45:00,962.3535611567091,962.3535611567091,0
2025-09-24T19:00:00,962.3535611567091,962.3535611567091,0
2025-09-24T19:15:00,962.3535611567091,962.3535611567091,0
2025-09-24T19:30:00,962.3535611567091,962.3535611567091,0
2025-09-24T19:45:00,962.3535611567091,962.3535611567091,0
2025-09-24T20:00:00,962.3535611567091,962.3535611567091,0
2025-09-24T20:15:00,962.3535611567091,962.3535611567091,0
2025-09-24T20:30:00,962.3535611567091,962.3535611567091,0
2025-09-24T20:45:00,962.3535611567091,962.3535611567091,0
2025-09-24T21:00:00,962.3535611567091,962.3535611567091,0
2025-09-24T21:15:00,962.3535611567091,962.3535611567091,0
2025-09-24T21:30:00,962.3535611567091,962.3535611567091,0
2025-09-24T21:45:00,960.8890489050827,769.5748957857971,1
2025-09-24T22:00:00,957.8815499476575,769.5748957857971,1
2025-09-24T22:15:00,959.1016608419501,769.5748957857971,1
2025-09-24T22:30:00,958.4655664427914,769.5748957857971,1
2025-09-24T22:45:00,959.2002368745682,769.5748957857971,1
2025-09-24T23:00:00,958.1196203660559,769.5748957857971,1
2025-09-24T23:15:00,958.9435672047322,769.5748957857971,1
2025-09-24T23:30:00,960.1878571258933,769.5748957857971,1
2025-09-24T23:45:00,959.5368833255848,769.5748957857971,1
2025-09-25T00:00:00,958.3111926558611,769.5748957857971,1
2025-09-25T00:15:00,962.0459223444883,769.5748957857971,1
2025-09-25T00:30:00,961.5716414328349,769.5748957857971,1
2025-09-25T00:45:00,963.9225868145206,769.5748957857971,1
2025-09-25T01:00:00,964.5847201656915,769.5748957857971,1
2025-09-25T01:15:00,967.5327015185172,769.5748957857971,1
2025-09-25T01:30:00,972.0467398423708,769.5748957857971,1
2025-09-25T01:45:00,968.9555442534772,769.5748957857971,1
2025-09-25T02:00:00,970.8694072263843,769.5748957857971,1
2025-09-25T02:15:00,972.5210207540242,769.5748957857971,1
2025-09-25T02:30:00,969.0541202860953,769.5748957857971,1
2025-09-25T02:45:00,968.9462446277585,769.5748957857971,1
2025-09-25T03:00:00,971.4069255929248,769.5748957857971,1
2025-09-25T03:15:00,980.9297423288665,769.5748957857971,1
2025-09-25T03:30:00,978.8819647456103,769.5748957857971,1
2025-09-25T03:45:00,976.2817893946636,769.5748957857971,1
2025-09-25T04:00:00,978.9545018262161,769.5748957857971,1
2025-09-25T04:15:00,981.3854239890825,769.5748957857971,1
2025-09-25T04:30:00,980.6526134824494,769.5748957857971,1
2025-09-25T04:45:00,987.422741005658,769.5748957857971,1
2025-09-25T05:00:00,985.2652278389213,769.5748957857971,1
2025-09-25T05:15:00,981.673712386362,769.5748957857971,1
2025-09-25T05:30:00,982.5441573536316,769.5748957857971,1
2025-09-25T05:45:00,983.1802517527902,769.5748957857971,1
2025-09-25T06:00:00,986.8238451093742,769.5748957857971,1
2025-09-25T06:15:00,986.946600168861,769.5748957857971,1
2025-09-25T06:30:00,987.6608114240566,769.5748957857971,1
2025-09-25T06:45:00,988.376882604396,769.5748957857971,1
2025-09-25T07:00:00,987.9398001956174,769.5748957857971,1
2025-09-25T07:15:00,985.0102758702171,985.0102758702171,0
2025-09-25T07:30:00,985.0102758702171,985.0102758702171,0
2025-09-25T07:45:00,985.0102758702171,985.0102758702171,0
2025-09-25T08:00:00,985.0102758702171,985.0102758702171,0
2025-09-25T08:15:00,985.0102758702171,985.0102758702171,0
2025-09-25T08:30:00,985.0102758702171,985.0102758702171,0
2025-09-25T08:45:00,985.0102758702171,985.0102758702171,0
2025-09-25T09:00:00,985.0102758702171,985.0102758702171,0
2025-09-25T09:15:00,985.0102758702171,985.0102758702171,0
2025-09-25T09:30:00,985.0102758702171,985.0102758702171,0
2025-09-25T09:45:00,985.0102758702171,985.0102758702171,0
2025-09-25T10:00:00,985.0102758702171,985.0102758702171,0
2025-09-25T10:15:00,985.0102758702171,985.0102758702171,0
2025-09-25T10:30:00,985.0102758702171,985.0102758702171,0
2025-09-25T10:45:00,985.0102758702171,985.0102758702171,0
2025-09-25T11:00:00,985.0102758702171,985.0102758702171,0
2025-09-25T11:15:00,985.0102758702171,985.0102758702171,0
2025-09-25T11:30:00,985.0102758702171,985.0102758702171,0
2025-09-25T11:45:00,985.0102758702171,985.0102758702171,0
2025-09-25T12:00:00,985.0102758702171,985.0102758702171,0
2025-09-25T12:15:00,983.5112845688749,787.6930174078952,1
2025-09-25T12:30:00,972.793723833317,787.6930174078952,1
2025-09-25T12:45:00,976.2908434831152,787.6930174078952,1
2025-09-25T13:00:00,976.8053024127078,787.6930174078952,1
2025-09-25T13:15:00,971.3484345447342,787.6930174078952,1
2025-09-25T13:30:00,980.2423684909583,787.6930174078952,1
2025-09-25T13:45:00,977.8802613434127,787.6930174078952,1
2025-09-25T14:00:00,971.1252221180669,971.1252221180669,0
2025-09-25T14:15:00,971.1252221180669,971.1252221180669,0
2025-09-25T14:30:00,971.1252221180669,971.1252221180669,0
2025-09-25T14:45:00,971.1252221180669,971.1252221180669,0
2025-09-25T15:00:00,971.1252221180669,971.1252221180669,0
2025-09-25T15:15:00,971.1252221180669,971.1252221180669,0
2025-09-25T15:30:00,971.1252221180669,971.1252221180669,0
2025-09-25T15:45:00,971.1252221180669,971.1252221180669,0
2025-09-25T16:00:00,971.1252221180669,971.1252221180669,0
2025-09-25T16:15:00,971.1252221180669,971.1252221180669,0
2025-09-25T16:30:00,971.1252221180669,971.1252221180669,0
2025-09-25T16:45:00,971.1252221180669,971.1252221180669,0
2025-09-25T17:00:00,969.6473611290705,776.5894176233757,1
2025-09-25T17:15:00,969.0065444137373,776.5894176233757,1
2025-09-25T17:30:00,975.7860259254874,776.5894176233757,1
2025-09-25T17:45:00,981.3757044392978,776.5894176233757,1
2025-09-25T18:00:00,977.0516888461144,776.5894176233757,1
2025-09-25T18:15:00,972.7456400767254,776.5894176233757,1
2025-09-25T18:30:00,971.1465927590247,776.5894176233757,1
2025-09-25T18:45:00,964.1694761855363,776.5894176233757,1
2025-09-25T19:00:00,963.7390179402383,963.7390179402383,0
2025-09-25T19:15:00,963.7390179402383,963.7390179402383,0
2025-09-25T19:30:00,963.7390179402383,963.7390179402383,0
2025-09-25T19:45:00,963.7390179402383,963.7390179402383,0
2025-09-25T20:00:00,963.7390179402383,963.7390179402383,0
2025-09-25T20:15:00,963.7390179402383,963.7390179402383,0
2025-09-25T20:30:00,963.7390179402383,963.7390179402383,0
2025-09-25T20:45:00,963.7390179402383,963.7390179402383,0
2025-09-25T21:00:00,963.7390179402383,963.7390179402383,0
2025-09-25T21:15:00,963.7390179402383,963.7390179402383,0
2025-09-25T21:30:00,963.7390179402383,963.7390179402383,0
2025-09-25T21:45:00,963.7390179402383,963.7390179402383,0
2025-09-25T22:00:00,963.7390179402383,963.7390179402383,0
2025-09-25T22:15:00,963.7390179402383,963.7390179402383,0
2025-09-25T22:30:00,963.7390179402383,963.7390179402383,0
2025-09-25T22:45:00,963.7390179402383,963.7390179402383,0
2025-09-25T23:00:00,963.7390179402383,963.7390179402383,0
2025-09-25T23:15:00,963.7390179402383,963.7390179402383,0
2025-09-25T23:30:00,963.7390179402383,963.7390179402383,0
2025-09-25T23:45:00,963.7390179402383,963.7390179402383,0
2025-09-26T00:00:00,963.7390179402383,963.7390179402383,0
2025-09-26T00:15:00,963.7390179402383,963.7390179402383,0
2025-09-26T00:30:00,962.2723972967325,770.6828178664498,1
2025-09-26T00:45:00,957.5683632205903,770.6828178664498,1
2025-09-26T01:00:00,955.7636594512458,955.7636594512458,0
2025-09-26T01:15:00,955.7636594512458,955.7636594512458,0
2025-09-26T01:30:00,955.7636594512458,955.7636594512458,0
2025-09-26T01:45:00,955.7636594512458,955.7636594512458,0
2025-09-26T02:00:00,955.7636594512458,955.7636594512458,0
2025-09-26T02:15:00,955.7636594512458,955.7636594512458,0
2025-09-26T02:30:00,955.7636594512458,955.7636594512458,0
2025-09-26T02:45:00,955.7636594512458,955.7636594512458,0
2025-09-26T03:00:00,955.7636594512458,955.7636594512458,0
2025-09-26T03:15:00,955.7636594512458,955.7636594512458,0
2025-09-26T03:30:00,955.7636594512458,955.7636594512458,0
2025-09-26T03:45:00,955.7636594512458,955.7636594512458,0
2025-09-26T04:00:00,955.7636594512458,955.7636594512458,0
2025-09-26T04:15:00,955.7636594512458,955.7636594512458,0
2025-09-26T04:30:00,955.7636594512458,955.7636594512458,0
2025-09-26T04:45:00,955.7636594512458,955.7636594512458,0
2025-09-26T05:00:00,955.7636594512458,955.7636594512458,0
2025-09-26T05:15:00,955.7636594512458,955.7636594512458,0
2025-09-26T05:30:00,955.7636594512458,955.7636594512458,0
2025-09-26T05:45:00,955.7636594512458,955.7636594512458,0
2025-09-26T06:00:00,955.7636594512458,955.7636594512458,0
2025-09-26T06:15:00,955.7636594512458,955.7636594512458,0
2025-09-26T06:30:00,955.7636594512458,955.7636594512458,0
2025-09-26T06:45:00,955.7636594512458,955.7636594512458,0
2025-09-26T07:00:00,955.7636594512458,955.7636594512458,0
2025-09-26T07:15:00,955.7636594512458,955.7636594512458,0
2025-09-26T07:30:00,954.3091757298545,764.3050831899723,1
2025-09-26T07:45:00,947.974428795959,947.974428795959,0
2025-09-26T08:00:00,947.974428795959,947.974428795959,0
2025-09-26T08:15:00,947.974428795959,947.974428795959,0
2025-09-26T08:30:00,947.974428795959,947.974428795959,0
2025-09-26T08:45:00,947.974428795959,947.974428795959,0
2025-09-26T09:00:00,947.974428795959,947.974428795959,0
2025-09-26T09:15:00,947.974428795959,947.974428795959,0
2025-09-26T09:30:00,947.974428795959,947.974428795959,0
2025-09-26T09:45:00,946.5317987468413,758.0761912195526,1
2025-09-26T10:00:00,951.9927947875025,758.0761912195526,1
2025-09-26T10:15:00,952.1285922023679,758.0761912195526,1
2025-09-26T10:30:00,951.7929785913433,758.0761912195526,1
2025-09-26T10:45:00,951.707620216285,758.0761912195526,1
2025-09-26T11:00:00,953.8687390757153,758.0761912195526,1
2025-09-26T11:15:00,951.2730684887156,758.0761912195526,1
2025-09-26T11:30:00,947.5308797276373,758.0761912195526,1
2025-09-26T11:45:00,948.3010450662314,758.0761912195526,1
2025-09-26T12:00:00,953.2557107457512,758.0761912195526,1
2025-09-26T12:15:00,948.8190152057897,758.0761912195526,1
2025-09-26T12:30:00,939.3280673540769,939.3280673540769,0
2025-09-26T12:45:00,939.3280673540769,939.3280673540769,0
2025-09-26T13:00:00,939.3280673540769,939.3280673540769,0
2025-09-26T13:15:00,939.3280673540769,939.3280673540769,0
2025-09-26T13:30:00,939.3280673540769,939.3280673540769,0
2025-09-26T13:45:00,939.3280673540769,939.3280673540769,0
2025-09-26T14:00:00,939.3280673540769,939.3280673540769,0
2025-09-26T14:15:00,939.3280673540769,939.3280673540769,0
2025-09-26T14:30:00,939.3280673540769,939.3280673540769,0
2025-09-26T14:45:00,939.3280673540769,939.3280673540769,0
2025-09-26T15:00:00,939.3280673540769,939.3280673540769,0
2025-09-26T15:15:00,939.3280673540769,939.3280673540769,0
2025-09-26T15:30:00,939.3280673540769,939.3280673540769,0
2025-09-26T15:45:00,939.3280673540769,939.3280673540769,0
2025-09-26T16:00:00,939.3280673540769,939.3280673540769,0
2025-09-26T16:15:00,939.3280673540769,939.3280673540769,0
2025-09-26T16:30:00,939.3280673540769,939.3280673540769,0
2025-09-26T16:45:00,939.3280673540769,939.3280673540769,0
2025-09-26T17:00:00,939.3280673540769,939.3280673540769,0
2025-09-26T17:15:00,939.3280673540769,939.3280673540769,0
2025-09-26T17:30:00,939.3280673540769,939.3280673540769,0
2025-09-26T17:45:00,939.3280673540769,939.3280673540769,0
2025-09-26T18:00:00,937.9019769498327,751.1618689017082,1
2025-09-26T18:15:00,938.6096008316273,751.1618689017082,1
2025-09-26T18:30:00,936.4070751890783,751.1618689017082,1
2025-09-26T18:45:00,936.703462155275,751.1618689017082,1
2025-09-26T19:00:00,935.7902198156814,751.1618689017082,1
2025-09-26T19:15:00,932.7448437380106,751.1618689017082,1
2025-09-26T19:30:00,930.2945092590442,930.2945092590442,0
2025-09-26T19:45:00,930.2945092590442,930.2945092590442,0
2025-09-26T20:00:00,930.2945092590442,930.2945092590442,0
2025-09-26T20:15:00,930.2945092590442,930.2945092590442,0
2025-09-26T20:30:00,930.2945092590442,930.2945092590442,0
2025-09-26T20:45:00,930.2945092590442,930.2945092590442,0
2025-09-26T21:00:00,930.2945092590442,930.2945092590442,0
2025-09-26T21:15:00,930.2945092590442,930.2945092590442,0
2025-09-26T21:30:00,930.2945092590442,930.2945092590442,0
2025-09-26T21:45:00,930.2945092590442,930.2945092590442,0
2025-09-26T22:00:00,930.2945092590442,930.2945092590442,0
2025-09-26T22:15:00,930.2945092590442,930.2945092590442,0
2025-09-26T22:30:00,930.2945092590442,930.2945092590442,0
2025-09-26T22:45:00,930.2945092590442,930.2945092590442,0
2025-09-26T23:00:00,930.2945092590442,930.2945092590442,0
2025-09-26T23:15:00,930.2945092590442,930.2945092590442,0
2025-09-26T23:30:00,930.2945092590442,930.2945092590442,0
2025-09-26T23:45:00,930.2945092590442,930.2945092590442,0
2025-09-27T00:00:00,930.2945092590442,930.2945092590442,0
2025-09-27T00:15:00,930.2945092590442,930.2945092590442,0
2025-09-27T00:30:00,930.2945092590442,930.2945092590442,0
2025-09-27T00:45:00,930.2945092590442,930.2945092590442,0
2025-09-27T01:00:00,930.2945092590442,930.2945092590442,0
2025-09-27T01:15:00,930.2945092590442,930.2945092590442,0
2025-09-27T01:30:00,930.2945092590442,930.2945092590442,0
2025-09-27T01:45:00,930.2945092590442,930.2945092590442,0
2025-09-27T02:00:00,930.2945092590442,930.2945092590442,0
2025-09-27T02:15:00,930.2945092590442,930.2945092590442,0
2025-09-27T02:30:00,930.2945092590442,930.2945092590442,0
2025-09-27T02:45:00,930.2945092590442,930.2945092590442,0
2025-09-27T03:00:00,930.2945092590442,930.2945092590442,0
2025-09-27T03:15:00,930.2945092590442,930.2945092590442,0
2025-09-27T03:30:00,930.2945092590442,930.2945092590442,0
2025-09-27T03:45:00,930.2945092590442,930.2945092590442,0
2025-09-27T04:00:00,930.2945092590442,930.2945092590442,0
2025-09-27T04:15:00,930.2945092590442,930.2945092590442,0
2025-09-27T04:30:00,930.2945092590442,930.2945092590442,0
2025-09-27T04:45:00,930.2945092590442,930.2945092590442,0
2025-09-27T05:00:00,930.2945092590442,930.2945092590442,0
2025-09-27T05:15:00,930.2945092590442,930.2945092590442,0
2025-09-27T05:30:00,930.2945092590442,930.2945092590442,0
2025-09-27T05:45:00,930.2945092590442,930.2945092590442,0
2025-09-27T06:00:00,930.2945092590442,930.2945092590442,0
2025-09-27T06:15:00,930.2945092590442,930.2945092590442,0
2025-09-27T06:30:00,930.2945092590442,930.2945092590442,0
2025-09-27T06:45:00,930.2945092590442,930.2945092590442,0
2025-09-27T07:00:00,930.2945092590442,930.2945092590442,0
2025-09-27T07:15:00,930.2945092590442,930.2945092590442,0
2025-09-27T07:30:00,930.2945092590442,930.2945092590442,0
2025-09-27T07:45:00,930.2945092590442,930.2945092590442,0
2025-09-27T08:00:00,928.8787845592854,743.9379131642725,1
2025-09-27T08:15:00,928.3994672415881,743.9379131642725,1
2025-09-27T08:30:00,928.6951190020061,743.9379131642725,1
2025-09-27T08:45:00,929.1217168708445,743.9379131642725,1
2025-09-27T09:00:00,929.6669164493406,743.9379131642725,1
2025-09-27T09:15:00,930.2698823579577,743.9379131642725,1
2025-09-27T09:30:00,928.9562610067674,743.9379131642725,1
2025-09-27T09:45:00,928.8440019992362,743.9379131642725,1
2025-09-27T10:00:00,928.840387341035,743.9379131642725,1
2025-09-27T10:15:00,928.903746161203,743.9379131642725,1
2025-09-27T10:30:00,927.4999599886514,927.4999599886514,0
2025-09-27T10:45:00,927.4999599886514,927.4999599886514,0
2025-09-27T11:00:00,927.4999599886514,927.4999599886514,0
2025-09-27T11:15:00,927.4999599886514,927.4999599886514,0
2025-09-27T11:30:00,927.4999599886514,927.4999599886514,0
2025-09-27T11:45:00,927.4999599886514,927.4999599886514,0
2025-09-27T12:00:00,927.4999599886514,927.4999599886514,0
2025-09-27T12:15:00,927.4999599886514,927.4999599886514,0
2025-09-27T12:30:00,927.4999599886514,927.4999599886514,0
2025-09-27T12:45:00,927.4999599886514,927.4999599886514,0
2025-09-27T13:00:00,926.0918270488975,741.7031680037247,1
2025-09-27T13:15:00,926.9626142590822,741.7031680037247,1
2025-09-27T13:30:00,927.8721441205677,741.7031680037247,1
2025-09-27T13:45:00,926.8334720880803,741.7031680037247,1
2025-09-27T14:00:00,927.5326846996481,741.7031680037247,1
2025-09-27T14:15:00,926.604705956591,741.7031680037247,1
2025-09-27T14:30:00,926.3722500487875,741.7031680037247,1
2025-09-27T14:45:00,925.9128728976518,741.7031680037247,1
2025-09-27T15:00:00,923.0920555941955,923.0920555941955,0
2025-09-27T15:15:00,923.0920555941955,923.0920555941955,0
2025-09-27T15:30:00,923.0920555941955,923.0920555941955,0
2025-09-27T15:45:00,923.0920555941955,923.0920555941955,0
2025-09-27T16:00:00,923.0920555941955,923.0920555941955,0
2025-09-27T16:15:00,923.0920555941955,923.0920555941955,0
2025-09-27T16:30:00,923.0920555941955,923.0920555941955,0
2025-09-27T16:45:00,923.0920555941955,923.0920555941955,0
2025-09-27T17:00:00,923.0920555941955,923.0920555941955,0
2025-09-27T17:15:00,923.0920555941955,923.0920555941955,0
2025-09-27T17:30:00,923.0920555941955,923.0920555941955,0
2025-09-27T17:45:00,923.0920555941955,923.0920555941955,0
2025-09-27T18:00:00,923.0920555941955,923.0920555941955,0
2025-09-27T18:15:00,923.0920555941955,923.0920555941955,0
2025-09-27T18:30:00,923.0920555941955,923.0920555941955,0
2025-09-27T18:45:00,923.0920555941955,923.0920555941955,0
2025-09-27T19:00:00,923.0920555941955,923.0920555941955,0
2025-09-27T19:15:00,923.0920555941955,923.0920555941955,0
2025-09-27T19:30:00,923.0920555941955,923.0920555941955,0
2025-09-27T19:45:00,923.0920555941955,923.0920555941955,0
2025-09-27T20:00:00,923.0920555941955,923.0920555941955,0
2025-09-27T20:15:00,923.0920555941955,923.0920555941955,0
2025-09-27T20:30:00,923.0920555941955,923.0920555941955,0
2025-09-27T20:45:00,923.0920555941955,923.0920555941955,0
2025-09-27T21:00:00,923.0920555941955,923.0920555941955,0
2025-09-27T21:15:00,923.0920555941955,923.0920555941955,0
2025-09-27T21:30:00,923.0920555941955,923.0920555941955,0
2025-09-27T21:45:00,923.0920555941955,923.0920555941955,0
2025-09-27T22:00:00,923.0920555941955,923.0920555941955,0
2025-09-27T22:15:00,923.0920555941955,923.0920555941955,0
2025-09-27T22:30:00,923.0920555941955,923.0920555941955,0
2025-09-27T22:45:00,923.0920555941955,923.0920555941955,0
2025-09-27T23:00:00,923.0920555941955,923.0920555941955,0
2025-09-27T23:15:00,923.0920555941955,923.0920555941955,0
2025-09-27T23:30:00,923.0920555941955,923.0920555941955,0
2025-09-27T23:45:00,923.0920555941955,923.0920555941955,0
2025-09-28T00:00:00,923.0920555941955,923.0920555941955,0
2025-09-28T00:15:00,923.0920555941955,923.0920555941955,0
2025-09-28T00:30:00,923.0920555941955,923.0920555941955,0
2025-09-28T00:45:00,923.0920555941955,923.0920555941955,0
2025-09-28T01:00:00,923.0920555941955,923.0920555941955,0
2025-09-28T01:15:00,923.0920555941955,923.0920555941955,0
2025-09-28T01:30:00,923.0920555941955,923.0920555941955,0
2025-09-28T01:45:00,923.0920555941955,923.0920555941955,0
2025-09-28T02:00:00,923.0920555941955,923.0920555941955,0
2025-09-28T02:15:00,923.0920555941955,923.0920555941955,0
2025-09-28T02:30:00,923.0920555941955,923.0920555941955,0
2025-09-28T02:45:00,923.0920555941955,923.0920555941955,0
2025-09-28T03:00:00,923.0920555941955,923.0920555941955,0
2025-09-28T03:15:00,923.0920555941955,923.0920555941955,0
2025-09-28T03:30:00,923.0920555941955,923.0920555941955,0
2025-09-28T03:45:00,923.0920555941955,923.0920555941955,0
2025-09-28T04:00:00,923.0920555941955,923.0920555941955,0
2025-09-28T04:15:00,923.0920555941955,923.0920555941955,0
2025-09-28T04:30:00,923.0920555941955,923.0920555941955,0
2025-09-28T04:45:00,923.0920555941955,923.0920555941955,0
2025-09-28T05:00:00,923.0920555941955,923.0920555941955,0
2025-09-28T05:15:00,923.0920555941955,923.0920555941955,0
2025-09-28T05:30:00,923.0920555941955,923.0920555941955,0
2025-09-28T05:45:00,923.0920555941955,923.0920555941955,0
2025-09-28T06:00:00,923.0920555941955,923.0920555941955,0
2025-09-28T06:15:00,923.0920555941955,923.0920555941955,0
2025-09-28T06:30:00,923.0920555941955,923.0920555941955,0
2025-09-28T06:45:00,923.0920555941955,923.0920555941955,0
2025-09-28T07:00:00,923.0920555941955,923.0920555941955,0
2025-09-28T07:15:00,923.0920555941955,923.0920555941955,0
2025-09-28T07:30:00,923.0920555941955,923.0920555941955,0
2025-09-28T07:45:00,923.0920555941955,923.0920555941955,0
2025-09-28T08:00:00,923.0920555941955,923.0920555941955,0
2025-09-28T08:15:00,923.0920555941955,923.0920555941955,0
2025-09-28T08:30:00,923.0920555941955,923.0920555941955,0
2025-09-28T08:45:00,923.0920555941955,923.0920555941955,0
2025-09-28T09:00:00,923.0920555941955,923.0920555941955,0
2025-09-28T09:15:00,923.0920555941955,923.0920555941955,0
2025-09-28T09:30:00,923.0920555941955,923.0920555941955,0
2025-09-28T09:45:00,923.0920555941955,923.0920555941955,0
2025-09-28T10:00:00,923.0920555941955,923.0920555941955,0
2025-09-28T10:15:00,923.0920555941955,923.0920555941955,0
2025-09-28T10:30:00,923.0920555941955,923.0920555941955,0
2025-09-28T10:45:00,923.0920555941955,923.0920555941955,0
2025-09-28T11:00:00,923.0920555941955,923.0920555941955,0
2025-09-28T11:15:00,923.0920555941955,923.0920555941955,0
2025-09-28T11:30:00,923.0920555941955,923.0920555941955,0
2025-09-28T11:45:00,923.0920555941955,923.0920555941955,0
2025-09-28T12:00:00,923.0920555941955,923.0920555941955,0
2025-09-28T12:15:00,923.0920555941955,923.0920555941955,0
2025-09-28T12:30:00,921.6872916078996,738.1782550175662,1
2025-09-28T12:45:00,920.4843391063537,738.1782550175662,1
2025-09-28T13:00:00,918.6854968207602,738.1782550175662,1
2025-09-28T13:15:00,916.1500682812679,916.1500682812679,0
2025-09-28T13:30:00,916.1500682812679,916.1500682812679,0
2025-09-28T13:45:00,916.1500682812679,916.1500682812679,0
2025-09-28T14:00:00,916.1500682812679,916.1500682812679,0
2025-09-28T14:15:00,916.1500682812679,916.1500682812679,0
2025-09-28T14:30:00,916.1500682812679,916.1500682812679,0
2025-09-28T14:45:00,916.1500682812679,916.1500682812679,0
2025-09-28T15:00:00,916.1500682812679,916.1500682812679,0
2025-09-28T15:15:00,916.1500682812679,916.1500682812679,0
2025-09-28T15:30:00,916.1500682812679,916.1500682812679,0
2025-09-28T15:45:00,916.1500682812679,916.1500682812679,0
2025-09-28T16:00:00,914.7591667777028,732.6268866031643,1
2025-09-28T16:15:00,914.4593855115625,732.6268866031643,1
2025-09-28T16:30:00,914.50620558082,732.6268866031643,1
2025-09-28T16:45:00,914.9372158637734,732.6268866031643,1
2025-09-28T17:00:00,915.6690035845535,732.6268866031643,1
2025-09-28T17:15:00,914.8091745963568,732.6268866031643,1
2025-09-28T17:30:00,915.6620303827491,732.6268866031643,1
2025-09-28T17:45:00,914.8143546891257,732.6268866031643,1
2025-09-28T18:00:00,914.1661789785518,732.6268866031643,1
2025-09-28T18:15:00,913.7941457709925,913.7941457709925,0
2025-09-28T18:30:00,913.7941457709925,913.7941457709925,0
2025-09-28T18:45:00,913.7941457709925,913.7941457709925,0
2025-09-28T19:00:00,913.7941457709925,913.7941457709925,0
2025-09-28T19:15:00,913.7941457709925,913.7941457709925,0
2025-09-28T19:30:00,913.7941457709925,913.7941457709925,0
2025-09-28T19:45:00,913.7941457709925,913.7941457709925,0
2025-09-28T20:00:00,913.7941457709925,913.7941457709925,0
2025-09-28T20:15:00,912.406821035334,730.7429024901472,1
2025-09-28T20:30:00,914.3440492289919,730.7429024901472,1
2025-09-28T20:45:00,913.4214151107429,730.7429024901472,1
2025-09-28T21:00:00,913.8027784624945,730.7429024901472,1
2025-09-28T21:15:00,912.9649137452144,730.7429024901472,1
2025-09-28T21:30:00,912.6318392662326,730.7429024901472,1
2025-09-28T21:45:00,913.6205737267156,730.7429024901472,1
2025-09-28T22:00:00,917.7501959062083,730.7429024901472,1
2025-09-28T22:15:00,919.5072643846554,730.7429024901472,1
2025-09-28T22:30:00,920.6528057448295,730.7429024901472,1
2025-09-28T22:45:00,920.9069160425196,730.7429024901472,1
2025-09-28T23:00:00,922.0450029728808,730.7429024901472,1
2025-09-28T23:15:00,922.0240250199563,730.7429024901472,1
2025-09-28T23:30:00,922.940853918528,730.7429024901472,1
2025-09-28T23:45:00,922.3941077743804,730.7429024901472,1
2025-09-29T00:00:00,922.032864786283,730.7429024901472,1
2025-09-29T00:15:00,922.6244694461182,730.7429024901472,1
2025-09-29T00:30:00,921.6851453212971,730.7429024901472,1
2025-09-29T00:45:00,923.0314945075795,730.7429024901472,1
2025-09-29T01:00:00,922.9058906636536,730.7429024901472,1
2025-09-29T01:15:00,921.0079560361326,921.0079560361326,0
2025-09-29T01:30:00,921.0079560361326,921.0079560361326,0
2025-09-29T01:45:00,921.0079560361326,921.0079560361326,0
2025-09-29T02:00:00,921.0079560361326,921.0079560361326,0
2025-09-29T02:15:00,921.0079560361326,921.0079560361326,0
2025-09-29T02:30:00,921.0079560361326,921.0079560361326,0
2025-09-29T02:45:00,921.0079560361326,921.0079560361326,0
2025-09-29T03:00:00,921.0079560361326,921.0079560361326,0
2025-09-29T03:15:00,921.0079560361326,921.0079560361326,0
2025-09-29T03:30:00,921.0079560361326,921.0079560361326,0
2025-09-29T03:45:00,921.0079560361326,921.0079560361326,0
2025-09-29T04:00:00,921.0079560361326,921.0079560361326,0
2025-09-29T04:15:00,921.0079560361326,921.0079560361326,0
2025-09-29T04:30:00,921.0079560361326,921.0079560361326,0
2025-09-29T04:45:00,921.0079560361326,921.0079560361326,0
2025-09-29T05:00:00,921.0079560361326,921.0079560361326,0
2025-09-29T05:15:00,921.0079560361326,921.0079560361326,0
2025-09-29T05:30:00,921.0079560361326,921.0079560361326,0
2025-09-29T05:45:00,921.0079560361326,921.0079560361326,0
2025-09-29T06:00:00,921.0079560361326,921.0079560361326,0
2025-09-29T06:15:00,921.0079560361326,921.0079560361326,0
2025-09-29T06:30:00,921.0079560361326,921.0079560361326,0
2025-09-29T06:45:00,921.0079560361326,921.0079560361326,0
2025-09-29T07:00:00,921.0079560361326,921.0079560361326,0
2025-09-29T07:15:00,921.0079560361326,921.0079560361326,0
2025-09-29T07:30:00,921.0079560361326,921.0079560361326,0
2025-09-29T07:45:00,921.0079560361326,921.0079560361326,0
2025-09-29T08:00:00,921.0079560361326,921.0079560361326,0
2025-09-29T08:15:00,919.6096792742815,736.5116422829744,1
2025-09-29T08:30:00,919.9933272933358,736.5116422829744,1
2025-09-29T08:45:00,918.9409999889772,736.5116422829744,1
2025-09-29T09:00:00,918.5376810750815,736.5116422829744,1
2025-09-29T09:15:00,919.4096918433952,736.5116422829744,1
2025-09-29T09:30:00,918.628101621702,736.5116422829744,1
2025-09-29T09:45:00,919.0141101481372,736.5116422829744,1
2025-09-29T10:00:00,919.2398008816161,736.5116422829744,1
2025-09-29T10:15:00,919.7622598486003,736.5116422829744,1
2025-09-29T10:30:00,918.5883008444732,736.5116422829744,1
2025-09-29T10:45:00,918.8782498344334,736.5116422829744,1
2025-09-29T11:00:00,917.1947669648621,917.1947669648621,0
2025-09-29T11:15:00,917.1947669648621,917.1947669648621,0
2025-09-29T11:30:00,917.1947669648621,917.1947669648621,0
2025-09-29T11:45:00,917.1947669648621,917.1947669648621,0
2025-09-29T12:00:00,917.1947669648621,917.1947669648621,0
2025-09-29T12:15:00,917.1947669648621,917.1947669648621,0
2025-09-29T12:30:00,917.1947669648621,917.1947669648621,0
2025-09-29T12:45:00,917.1947669648621,917.1947669648621,0
2025-09-29T13:00:00,917.1947669648621,917.1947669648621,0
2025-09-29T13:15:00,917.1947669648621,917.1947669648621,0
2025-09-29T13:30:00,915.8022793969391,733.4623112464609,1
2025-09-29T13:45:00,919.5770581742548,733.4623112464609,1
2025-09-29T14:00:00,921.8486377285964,733.4623112464609,1
2025-09-29T14:15:00,921.6490354815975,733.4623112464609,1
2025-09-29T14:30:00,923.6538899094185,733.4623112464609,1
2025-09-29T14:45:00,923.051550385289,733.4623112464609,1
2025-09-29T15:00:00,922.0888669816218,733.4623112464609,1
2025-09-29T15:15:00,919.91443896343,733.4623112464609,1
2025-09-29T15:30:00,919.8579144333064,733.4623112464609,1
2025-09-29T15:45:00,918.81221062602,733.4623112464609,1
2025-09-29T16:00:00,919.6371154875112,733.4623112464609,1
2025-09-29T16:15:00,917.0467296952743,917.0467296952743,0
2025-09-29T16:30:00,917.0467296952743,917.0467296952743,0
2025-09-29T16:45:00,917.0467296952743,917.0467296952743,0
2025-09-29T17:00:00,917.0467296952743,917.0467296952743,0
2025-09-29T17:15:00,917.0467296952743,917.0467296952743,0
2025-09-29T17:30:00,917.0467296952743,917.0467296952743,0
2025-09-29T17:45:00,917.0467296952743,917.0467296952743,0
2025-09-29T18:00:00,917.0467296952743,917.0467296952743,0
2025-09-29T18:15:00,917.0467296952743,917.0467296952743,0
2025-09-29T18:30:00,917.0467296952743,917.0467296952743,0
2025-09-29T18:45:00,917.0467296952743,917.0467296952743,0
2025-09-29T19:00:00,917.0467296952743,917.0467296952743,0
2025-09-29T19:15:00,917.0467296952743,917.0467296952743,0
2025-09-29T19:30:00,917.0467296952743,917.0467296952743,0
2025-09-29T19:45:00,915.6544668779333,733.343928802717,1
2025-09-29T20:00:00,916.3176686537621,733.343928802717,1
2025-09-29T20:15:00,915.8116607642874,733.343928802717,1
2025-09-29T20:30:00,916.4747984316796,733.343928802717,1
2025-09-29T20:45:00,915.6079241530176,733.343928802717,1
2025-09-29T21:00:00,915.1481384462758,733.343928802717,1
2025-09-29T21:15:00,914.9392090516477,733.343928802717,1
2025-09-29T21:30:00,915.1151226014665,733.343928802717,1
2025-09-29T21:45:00,915.0850557447372,733.343928802717,1
2025-09-29T22:00:00,914.7893235270574,733.343928802717,1
2025-09-29T22:15:00,914.5322486966007,733.343928802717,1
2025-09-29T22:30:00,914.2754302998901,733.343928802717,1
2025-09-29T22:45:00,915.1689095797092,733.343928802717,1
2025-09-29T23:00:00,915.4650264480082,733.343928802717,1
2025-09-29T23:15:00,915.8817312854068,733.343928802717,1
2025-09-29T23:30:00,915.4134832650439,733.343928802717,1
2025-09-29T23:45:00,915.9519941318358,733.343928802717,1
2025-09-30T00:00:00,915.925901998171,733.343928802717,1
2025-09-30T00:15:00,915.0464624659505,733.343928802717,1
2025-09-30T00:30:00,916.426652995851,733.343928802717,1
2025-09-30T00:45:00,917.3239787818613,733.343928802717,1
2025-09-30T01:00:00,918.7714190616744,733.343928802717,1
2025-09-30T01:15:00,917.9985918593914,733.343928802717,1
2025-09-30T01:30:00,916.8261126638249,733.343928802717,1
2025-09-30T01:45:00,917.1594765337437,733.343928802717,1
2025-09-30T02:00:00,915.9846367672662,915.9846367672662,0
2025-09-30T02:15:00,915.9846367672662,915.9846367672662,0
2025-09-30T02:30:00,915.9846367672662,915.9846367672662,0
2025-09-30T02:45:00,915.9846367672662,915.9846367672662,0
2025-09-30T03:00:00,915.9846367672662,915.9846367672662,0
2025-09-30T03:15:00,915.9846367672662,915.9846367672662,0
2025-09-30T03:30:00,915.9846367672662,915.9846367672662,0
2025-09-30T03:45:00,915.9846367672662,915.9846367672662,0
2025-09-30T04:00:00,915.9846367672662,915.9846367672662,0
2025-09-30T04:15:00,915.9846367672662,915.9846367672662,0
2025-09-30T04:30:00,915.9846367672662,915.9846367672662,0
2025-09-30T04:45:00,915.9846367672662,915.9846367672662,0
2025-09-30T05:00:00,915.9846367672662,915.9846367672662,0
2025-09-30T05:15:00,915.9846367672662,915.9846367672662,0
2025-09-30T05:30:00,915.9846367672662,915.9846367672662,0
2025-09-30T05:45:00,915.9846367672662,915.9846367672662,0
2025-09-30T06:00:00,915.9846367672662,915.9846367672662,0
2025-09-30T06:15:00,915.9846367672662,915.9846367672662,0
2025-09-30T06:30:00,915.9846367672662,915.9846367672662,0
2025-09-30T06:45:00,915.9846367672662,915.9846367672662,0
2025-09-30T07:00:00,915.9846367672662,915.9846367672662,0
2025-09-30T07:15:00,915.9846367672662,915.9846367672662,0
2025-09-30T07:30:00,915.9846367672662,915.9846367672662,0
2025-09-30T07:45:00,915.9846367672662,915.9846367672662,0
2025-09-30T08:00:00,915.9846367672662,915.9846367672662,0
2025-09-30T08:15:00,915.9846367672662,915.9846367672662,0
2025-09-30T08:30:00,915.9846367672662,915.9846367672662,0
2025-09-30T08:45:00,915.9846367672662,915.9846367672662,0
2025-09-30T09:00:00,915.9846367672662,915.9846367672662,0
2025-09-30T09:15:00,915.9846367672662,915.9846367672662,0
2025-09-30T09:30:00,915.9846367672662,915.9846367672662,0
2025-09-30T09:45:00,915.9846367672662,915.9846367672662,0
2025-09-30T10:00:00,915.9846367672662,915.9846367672662,0
2025-09-30T10:15:00,915.9846367672662,915.9846367672662,0
2025-09-30T10:30:00,915.9846367672662,915.9846367672662,0
2025-09-30T10:45:00,915.9846367672662,915.9846367672662,0
2025-09-30T11:00:00,915.9846367672662,915.9846367672662,0
2025-09-30T11:15:00,915.9846367672662,915.9846367672662,0
2025-09-30T11:30:00,915.9846367672662,915.9846367672662,0
2025-09-30T11:45:00,915.9846367672662,915.9846367672662,0
2025-09-30T12:00:00,915.9846367672662,915.9846367672662,0
2025-09-30T12:15:00,915.9846367672662,915.9846367672662,0
2025-09-30T12:30:00,915.9846367672662,915.9846367672662,0
2025-09-30T12:45:00,915.9846367672662,915.9846367672662,0
2025-09-30T13:00:00,915.9846367672662,915.9846367672662,0
2025-09-30T13:15:00,915.9846367672662,915.9846367672662,0
2025-09-30T13:30:00,915.9846367672662,915.9846367672662,0
2025-09-30T13:45:00,915.9846367672662,915.9846367672662,0
2025-09-30T14:00:00,915.9846367672662,915.9846367672662,0
2025-09-30T14:15:00,915.9846367672662,915.9846367672662,0
2025-09-30T14:30:00,915.9846367672662,915.9846367672662,0
2025-09-30T14:45:00,915.9846367672662,915.9846367672662,0
2025-09-30T15:00:00,914.59068887016,732.4945943300474,1
2025-09-30T15:15:00,916.4386686340629,732.4945943300474,1
2025-09-30T15:30:00,916.0412727928378,732.4945943300474,1
2025-09-30T15:45:00,914.3002156767982,732.4945943300474,1
2025-09-30T16:00:00,914.7314703565132,732.4945943300474,1
2025-09-30T16:15:00,915.0059051526955,732.4945943300474,1
2025-09-30T16:30:00,916.1945285881086,732.4945943300474,1
2025-09-30T16:45:00,917.9997392928663,732.4945943300474,1
2025-09-30T17:00:00,916.7665647541769,732.4945943300474,1
2025-09-30T17:15:00,917.7520351586496,732.4945943300474,1
2025-09-30T17:30:00,918.4416862373675,732.4945943300474,1
2025-09-30T17:45:00,917.7110481436355,732.4945943300474,1
2025-09-30T18:00:00,914.3926593843215,914.3926593843215,0
2025-09-30T18:15:00,914.3926593843215,914.3926593843215,0
2025-09-30T18:30:00,914.3926593843215,914.3926593843215,0
2025-09-30T18:45:00,914.3926593843215,914.3926593843215,0
2025-09-30T19:00:00,914.3926593843215,914.3926593843215,0
2025-09-30T19:15:00,914.3926593843215,914.3926593843215,0
2025-09-30T19:30:00,914.3926593843215,914.3926593843215,0
2025-09-30T19:45:00,914.3926593843215,914.3926593843215,0
2025-09-30T20:00:00,913.0044259836818,731.2215218564543,1
2025-09-30T20:15:00,914.4092478389753,731.2215218564543,1
2025-09-30T20:30:00,913.8988339232484,731.2215218564543,1
2025-09-30T20:45:00,915.938762188848,731.2215218564543,1
2025-09-30T21:00:00,914.401826428318,731.2215218564543,1
2025-09-30T21:15:00,913.8007561427507,731.2215218564543,1
2025-09-30T21:30:00,914.3173758932516,731.2215218564543,1
2025-09-30T21:45:00,912.9614969616896,731.2215218564543,1
2025-09-30T22:00:00,912.1804721273606,912.1804721273606,0
2025-09-30T22:15:00,912.1804721273606,912.1804721273606,0
2025-09-30T22:30:00,912.1804721273606,912.1804721273606,0
2025-09-30T22:45:00,912.1804721273606,912.1804721273606,0
2025-09-30T23:00:00,912.1804721273606,912.1804721273606,0
2025-09-30T23:15:00,912.1804721273606,912.1804721273606,0
2025-09-30T23:30:00,912.1804721273606,912.1804721273606,0
2025-09-30T23:45:00,912.1804721273606,912.1804721273606,0
2025-10-01T00:00:00,912.1804721273606,912.1804721273606,0
2025-10-01T00:15:00,912.1804721273606,912.1804721273606,0
2025-10-01T00:30:00,912.1804721273606,912.1804721273606,0
2025-10-01T00:45:00,912.1804721273606,912.1804721273606,0
2025-10-01T01:00:00,912.1804721273606,912.1804721273606,0
2025-10-01T01:15:00,912.1804721273606,912.1804721273606,0
2025-10-01T01:30:00,912.1804721273606,912.1804721273606,0
2025-10-01T01:45:00,912.1804721273606,912.1804721273606,0
2025-10-01T02:00:00,912.1804721273606,912.1804721273606,0
2025-10-01T02:15:00,912.1804721273606,912.1804721273606,0
2025-10-01T02:30:00,912.1804721273606,912.1804721273606,0
2025-10-01T02:45:00,912.1804721273606,912.1804721273606,0
2025-10-01T03:00:00,912.1804721273606,912.1804721273606,0
2025-10-01T03:15:00,912.1804721273606,912.1804721273606,0
2025-10-01T03:30:00,912.1804721273606,912.1804721273606,0
2025-10-01T03:45:00,912.1804721273606,912.1804721273606,0
2025-10-01T04:00:00,912.1804721273606,912.1804721273606,0
2025-10-01T04:15:00,912.1804721273606,912.1804721273606,0
2025-10-01T04:30:00,912.1804721273606,912.1804721273606,0
2025-10-01T04:45:00,912.1804721273606,912.1804721273606,0
2025-10-01T05:00:00,912.1804721273606,912.1804721273606,0
2025-10-01T05:15:00,912.1804721273606,912.1804721273606,0
2025-10-01T05:30:00,912.1804721273606,912.1804721273606,0
2025-10-01T05:45:00,912.1804721273606,912.1804721273606,0
2025-10-01T06:00:00,912.1804721273606,912.1804721273606,0
2025-10-01T06:15:00,912.1804721273606,912.1804721273606,0
2025-10-01T06:30:00,912.1804721273606,912.1804721273606,0
2025-10-01T06:45:00,912.1804721273606,912.1804721273606,0
2025-10-01T07:00:00,912.1804721273606,912.1804721273606,0
2025-10-01T07:15:00,912.1804721273606,912.1804721273606,0
2025-10-01T07:30:00,912.1804721273606,912.1804721273606,0
2025-10-01T07:45:00,912.1804721273606,912.1804721273606,0
2025-10-01T08:00:00,912.1804721273606,912.1804721273606,0
2025-10-01T08:15:00,910.7955972753783,729.4524799508077,1
2025-10-01T08:30:00,914.2495584649766,729.4524799508077,1
2025-10-01T08:45:00,917.2626180740717,729.4524799508077,1
2025-10-01T09:00:00,918.0795269042319,729.4524799508077,1
2025-10-01T09:15:00,918.074272046222,729.4524799508077,1
2025-10-01T09:30:00,919.0019760753885,729.4524799508077,1
2025-10-01T09:45:00,919.1671558892217,729.4524799508077,1
2025-10-01T10:00:00,918.247998918264,729.4524799508077,1
2025-10-01T10:15:00,918.0815528735852,729.4524799508077,1
2025-10-01T10:30:00,918.3012439253295,729.4524799508077,1
2025-10-01T10:45:00,918.341193508514,729.4524799508077,1
2025-10-01T11:00:00,918.9385379100146,729.4524799508077,1
2025-10-01T11:15:00,918.609381201652,729.4524799508077,1
2025-10-01T11:30:00,920.2009700632652,729.4524799508077,1
2025-10-01T11:45:00,921.557039987562,729.4524799508077,1
2025-10-01T12:00:00,920.7960352492435,729.4524799508077,1
2025-10-01T12:15:00,920.5658344814791,729.4524799508077,1
2025-10-01T12:30:00,918.8404287366534,918.8404287366534,0
2025-10-01T12:45:00,918.8404287366534,918.8404287366534,0
2025-10-01T13:00:00,918.8404287366534,918.8404287366534,0
2025-10-01T13:15:00,918.8404287366534,918.8404287366534,0
2025-10-01T13:30:00,918.8404287366534,918.8404287366534,0
2025-10-01T13:45:00,918.8404287366534,918.8404287366534,0
2025-10-01T14:00:00,918.8404287366534,918.8404287366534,0
2025-10-01T14:15:00,917.4454427205919,734.7783140521269,1
2025-10-01T14:30:00,920.9113421809209,734.7783140521269,1
2025-10-01T14:45:00,918.8212585515076,734.7783140521269,1
2025-10-01T15:00:00,918.2175321980155,734.7783140521269,1
2025-10-01T15:15:00,920.7667879836059,734.7783140521269,1
2025-10-01T15:30:00,920.7803930845297,734.7783140521269,1
2025-10-01T15:45:00,919.3790676893818,734.7783140521269,1
2025-10-01T16:00:00,920.843316676302,734.7783140521269,1
2025-10-01T16:15:00,920.1664629053448,734.7783140521269,1
2025-10-01T16:30:00,920.6086286853672,734.7783140521269,1
2025-10-01T16:45:00,918.9266980836668,734.7783140521269,1
2025-10-01T17:00:00,916.982869289184,734.7783140521269,1
2025-10-01T17:15:00,917.8893091382298,734.7783140521269,1
2025-10-01T17:30:00,915.5373273160342,734.7783140521269,1
2025-10-01T17:45:00,912.9904222340667,912.9904222340667,0
2025-10-01T18:00:00,912.9904222340667,912.9904222340667,0
2025-10-01T18:15:00,912.9904222340667,912.9904222340667,0
2025-10-01T18:30:00,912.9904222340667,912.9904222340667,0
2025-10-01T18:45:00,912.9904222340667,912.9904222340667,0
2025-10-01T19:00:00,912.9904222340667,912.9904222340667,0
2025-10-01T19:15:00,912.9904222340667,912.9904222340667,0
2025-10-01T19:30:00,912.9904222340667,912.9904222340667,0
2025-10-01T19:45:00,912.9904222340667,912.9904222340667,0
2025-10-01T20:00:00,912.9904222340667,912.9904222340667,0
2025-10-01T20:15:00,912.9904222340667,912.9904222340667,0
2025-10-01T20:30:00,912.9904222340667,912.9904222340667,0
2025-10-01T20:45:00,912.9904222340667,912.9904222340667,0
2025-10-01T21:00:00,912.9904222340667,912.9904222340667,0
2025-10-01T21:15:00,912.9904222340667,912.9904222340667,0
2025-10-01T21:30:00,912.9904222340667,912.9904222340667,0
2025-10-01T21:45:00,912.9904222340667,912.9904222340667,0
2025-10-01T22:00:00,911.6043177136489,730.1001808521385,1
2025-10-01T22:15:00,911.3877593848572,730.1001808521385,1
2025-10-01T22:30:00,910.4743028616688,730.1001808521385,1
2025-10-01T22:45:00,911.0497080582325,730.1001808521385,1
2025-10-01T23:00:00,912.294222169505,730.1001808521385,1
2025-10-01T23:15:00,914.8077594226879,730.1001808521385,1
2025-10-01T23:30:00,914.5471962434332,730.1001808521385,1
2025-10-01T23:45:00,916.3080091768778,730.1001808521385,1
2025-10-02T00:00:00,919.766567613919,730.1001808521385,1
2025-10-02T00:15:00,918.4227795502652,730.1001808521385,1
2025-10-02T00:30:00,916.2915460401363,730.1001808521385,1
2025-10-02T00:45:00,915.2773301687705,730.1001808521385,1
2025-10-02T01:00:00,916.9269859834641,730.1001808521385,1
2025-10-02T01:15:00,915.627264661765,730.1001808521385,1
2025-10-02T01:30:00,917.0816528207463,730.1001808521385,1
2025-10-02T01:45:00,916.446522334876,730.1001808521385,1
2025-10-02T02:00:00,914.9899416033956,732.8117132200422,1
2025-10-02T02:15:00,914.859473989902,732.8117132200422,1
2025-10-02T02:30:00,917.5992938732685,732.8117132200422,1
2025-10-02T02:45:00,916.6542400062954,732.8117132200422,1
2025-10-02T03:00:00,917.9773154200578,732.8117132200422,1
2025-10-02T03:15:00,917.9170995984454,732.8117132200422,1
2025-10-02T03:30:00,916.4451572923632,732.8117132200422,1
2025-10-02T03:45:00,914.9899416033956,732.8117132200422,1
2025-10-02T04:00:00,915.5458678211463,915.5458678211463,0
2025-10-02T04:15:00,915.5458678211463,915.5458678211463,0
2025-10-02T04:30:00,915.5458678211463,915.5458678211463,0
2025-10-02T04:45:00,915.5458678211463,915.5458678211463,0
2025-10-02T05:00:00,915.5458678211463,915.5458678211463,0
2025-10-02T05:15:00,915.5458678211463,915.5458678211463,0
2025-10-02T05:30:00,915.5458678211463,915.5458678211463,0
2025-10-02T05:45:00,915.5458678211463,915.5458678211463,0
2025-10-02T06:00:00,915.5458678211463,915.5458678211463,0
2025-10-02T06:15:00,915.5458678211463,915.5458678211463,0
2025-10-02T06:30:00,915.5458678211463,915.5458678211463,0
2025-10-02T06:45:00,915.5458678211463,915.5458678211463,0
2025-10-02T07:00:00,915.5458678211463,915.5458678211463,0
2025-10-02T07:15:00,915.5458678211463,915.5458678211463,0
2025-10-02T07:30:00,915.5458678211463,915.5458678211463,0
2025-10-02T07:45:00,915.5458678211463,915.5458678211463,0
2025-10-02T08:00:00,915.5458678211463,915.5458678211463,0
2025-10-02T08:15:00,915.5458678211463,915.5458678211463,0
2025-10-02T08:30:00,915.5458678211463,915.5458678211463,0
2025-10-02T08:45:00,915.5458678211463,915.5458678211463,0
2025-10-02T09:00:00,915.5458678211463,915.5458678211463,0
2025-10-02T09:15:00,915.5458678211463,915.5458678211463,0
2025-10-02T09:30:00,915.5458678211463,915.5458678211463,0
2025-10-02T09:45:00,914.1558836163488,732.1437195792142,1
2025-10-02T10:00:00,913.5225070906188,732.1437195792142,1
2025-10-02T10:15:00,912.7550464835164,732.1437195792142,1
2025-10-02T10:30:00,913.5405982883808,732.1437195792142,1
2025-10-02T10:45:00,912.1529964666502,912.1529964666502,0
2025-10-02T11:00:00,912.1529964666502,912.1529964666502,0
2025-10-02T11:15:00,912.1529964666502,912.1529964666502,0
2025-10-02T11:30:00,912.1529964666502,912.1529964666502,0
2025-10-02T11:45:00,912.1529964666502,912.1529964666502,0
2025-10-02T12:00:00,912.1529964666502,912.1529964666502,0
2025-10-02T12:15:00,912.1529964666502,912.1529964666502,0
2025-10-02T12:30:00,912.1529964666502,912.1529964666502,0
2025-10-02T12:45:00,910.76816332829,729.4305082144508,1
2025-10-02T13:00:00,909.2880897915618,729.4305082144508,1
2025-10-02T13:15:00,908.7473254937852,729.4305082144508,1
2025-10-02T13:30:00,909.494803972669,729.4305082144508,1
2025-10-02T13:45:00,912.6600115137837,729.4305082144508,1
2025-10-02T14:00:00,909.8222392355431,729.4305082144508,1
2025-10-02T14:15:00,912.4003785023131,729.4305082144508,1
2025-10-02T14:30:00,907.0291463899423,907.0291463899423,0
2025-10-02T14:45:00,907.0291463899423,907.0291463899423,0
2025-10-02T15:00:00,907.0291463899423,907.0291463899423,0
2025-10-02T15:15:00,907.0291463899423,907.0291463899423,0
2025-10-02T15:30:00,907.0291463899423,907.0291463899423,0
2025-10-02T15:45:00,907.0291463899423,907.0291463899423,0
2025-10-02T16:00:00,905.6520922945823,725.333067785109,1
2025-10-02T16:15:00,904.8190770124509,725.333067785109,1
2025-10-02T16:30:00,903.5172041569563,725.333067785109,1
2025-10-02T16:45:00,903.227409888882,725.333067785109,1
2025-10-02T17:00:00,903.6471743229708,725.333067785109,1
2025-10-02T17:15:00,900.8040805717733,900.8040805717733,0
2025-10-02T17:30:00,900.8040805717733,900.8040805717733,0
2025-10-02T17:45:00,900.8040805717733,900.8040805717733,0
2025-10-02T18:00:00,900.8040805717733,900.8040805717733,0
2025-10-02T18:15:00,900.8040805717733,900.8040805717733,0
2025-10-02T18:30:00,900.8040805717733,900.8040805717733,0
2025-10-02T18:45:00,900.8040805717733,900.8040805717733,0
2025-10-02T19:00:00,900.8040805717733,900.8040805717733,0
2025-10-02T19:15:00,899.4364773881209,720.3550071516356,1
2025-10-02T19:30:00,899.2754980533207,720.3550071516356,1
2025-10-02T19:45:00,900.0568527661052,720.3550071516356,1
2025-10-02T20:00:00,899.126259899178,720.3550071516356,1
2025-10-02T20:15:00,898.3612951593923,720.3550071516356,1
2025-10-02T20:30:00,897.972882599269,720.3550071516356,1
2025-10-02T20:45:00,898.3814625536659,898.3814625536659,0
2025-10-02T21:00:00,898.3814625536659,898.3814625536659,0
2025-10-02T21:15:00,898.3814625536659,898.3814625536659,0
2025-10-02T21:30:00,898.3814625536659,898.3814625536659,0
2025-10-02T21:45:00,898.3814625536659,898.3814625536659,0
2025-10-02T22:00:00,898.3814625536659,898.3814625536659,0
2025-10-02T22:15:00,898.3814625536659,898.3814625536659,0
2025-10-02T22:30:00,898.3814625536659,898.3814625536659,0
2025-10-02T22:45:00,898.3814625536659,898.3814625536659,0
2025-10-02T23:00:00,898.3814625536659,898.3814625536659,0
2025-10-02T23:15:00,898.3814625536659,898.3814625536659,0
2025-10-02T23:30:00,898.3814625536659,898.3814625536659,0
2025-10-02T23:45:00,898.3814625536659,898.3814625536659,0
2025-10-03T00:00:00,898.3814625536659,898.3814625536659,0
2025-10-03T00:15:00,898.3814625536659,898.3814625536659,0
2025-10-03T00:30:00,898.3814625536659,898.3814625536659,0
2025-10-03T00:45:00,898.3814625536659,898.3814625536659,0
2025-10-03T01:00:00,898.3814625536659,898.3814625536659,0
2025-10-03T01:15:00,898.3814625536659,898.3814625536659,0
2025-10-03T01:30:00,898.3814625536659,898.3814625536659,0
2025-10-03T01:45:00,898.3814625536659,898.3814625536659,0
2025-10-03T02:00:00,897.0175373952198,718.4176879749155,1
2025-10-03T02:15:00,895.5098569793017,718.4176879749155,1
2025-10-03T02:30:00,898.664167171503,718.4176879749155,1
2025-10-03T02:45:00,899.7198628864625,718.4176879749155,1
2025-10-03T03:00:00,903.1472804421403,718.4176879749155,1
2025-10-03T03:15:00,902.9029212221876,718.4176879749155,1
2025-10-03T03:30:00,901.2882338275975,718.4176879749155,1
2025-10-03T03:45:00,898.1866285651901,718.4176879749155,1
2025-10-03T04:00:00,898.8925552006093,718.4176879749155,1
2025-10-03T04:15:00,898.2361392568143,718.4176879749155,1
2025-10-03T04:30:00,896.5052665656656,896.5052665656656,0
2025-10-03T04:45:00,896.5052665656656,896.5052665656656,0
2025-10-03T05:00:00,896.5052665656656,896.5052665656656,0
2025-10-03T05:15:00,896.5052665656656,896.5052665656656,0
2025-10-03T05:30:00,896.5052665656656,896.5052665656656,0
2025-10-03T05:45:00,896.5052665656656,896.5052665656656,0
2025-10-03T06:00:00,896.5052665656656,896.5052665656656,0
2025-10-03T06:15:00,896.5052665656656,896.5052665656656,0
2025-10-03T06:30:00,896.5052665656656,896.5052665656656,0
2025-10-03T06:45:00,896.5052665656656,896.5052665656656,0
2025-10-03T07:00:00,896.5052665656656,896.5052665656656,0
2025-10-03T07:15:00,896.5052665656656,896.5052665656656,0
2025-10-03T07:30:00,896.5052665656656,896.5052665656656,0
2025-10-03T07:45:00,896.5052665656656,896.5052665656656,0
2025-10-03T08:00:00,896.5052665656656,896.5052665656656,0
2025-10-03T08:15:00,896.5052665656656,896.5052665656656,0
2025-10-03T08:30:00,896.5052665656656,896.5052665656656,0
2025-10-03T08:45:00,896.5052665656656,896.5052665656656,0
2025-10-03T09:00:00,896.5052665656656,896.5052665656656,0
2025-10-03T09:15:00,896.5052665656656,896.5052665656656,0
2025-10-03T09:30:00,896.5052665656656,896.5052665656656,0
2025-10-03T09:45:00,895.1441898530268,716.9173315672315,1
2025-10-03T10:00:00,895.3730180982518,716.9173315672315,1
2025-10-03T10:15:00,896.1458194196649,716.9173315672315,1
2025-10-03T10:30:00,896.2894025953889,716.9173315672315,1
2025-10-03T10:45:00,895.8939535753498,716.9173315672315,1
2025-10-03T11:00:00,895.0787083052256,716.9173315672315,1
2025-10-03T11:15:00,894.965663342249,716.9173315672315,1
2025-10-03T11:30:00,895.4394521049301,716.9173315672315,1
2025-10-03T11:45:00,895.3495637984031,716.9173315672315,1
2025-10-03T12:00:00,895.5377339553116,716.9173315672315,1
2025-10-03T12:15:00,894.6384341892826,716.9173315672315,1
2025-10-03T12:30:00,895.0678740854985,716.9173315672315,1
2025-10-03T12:45:00,895.489872896737,716.9173315672315,1
2025-10-03T13:00:00,894.3870456221109,894.3870456221109,0
2025-10-03T13:15:00,894.3870456221109,894.3870456221109,0
2025-10-03T13:30:00,894.3870456221109,894.3870456221109,0
2025-10-03T13:45:00,894.3870456221109,894.3870456221109,0
2025-10-03T14:00:00,894.3870456221109,894.3870456221109,0
2025-10-03T14:15:00,894.3870456221109,894.3870456221109,0
2025-10-03T14:30:00,894.3870456221109,894.3870456221109,0
2025-10-03T14:45:00,894.3870456221109,894.3870456221109,0
2025-10-03T15:00:00,893.0291847982191,715.2234326430896,1
2025-10-03T15:15:00,895.652416611675,715.2234326430896,1
2025-10-03T15:30:00,898.0541933426887,715.2234326430896,1
2025-10-03T15:45:00,901.3532592465018,715.2234326430896,1
2025-10-03T16:00:00,906.4680085318007,715.2234326430896,1
2025-10-03T16:15:00,909.640207749303,715.2234326430896,1
2025-10-03T16:30:00,910.3408121758972,715.2234326430896,1
2025-10-03T16:45:00,903.0987107438602,715.2234326430896,1
2025-10-03T17:00:00,905.6277088676702,715.2234326430896,1
2025-10-03T17:15:00,902.8368782398195,715.2234326430896,1
2025-10-03T17:30:00,903.268319561673,715.2234326430896,1
2025-10-03T17:45:00,900.2607632711865,715.2234326430896,1
2025-10-03T18:00:00,899.4298959500948,899.4298959500948,0
2025-10-03T18:15:00,899.4298959500948,899.4298959500948,0
2025-10-03T18:30:00,899.4298959500948,899.4298959500948,0
2025-10-03T18:45:00,899.4298959500948,899.4298959500948,0
2025-10-03T19:00:00,899.4298959500948,899.4298959500948,0
2025-10-03T19:15:00,899.4298959500948,899.4298959500948,0
2025-10-03T19:30:00,899.4298959500948,899.4298959500948,0
2025-10-03T19:45:00,899.4298959500948,899.4298959500948,0
2025-10-03T20:00:00,899.4298959500948,899.4298959500948,0
2025-10-03T20:15:00,899.4298959500948,899.4298959500948,0
2025-10-03T20:30:00,899.4298959500948,899.4298959500948,0
2025-10-03T20:45:00,899.4298959500948,899.4298959500948,0
2025-10-03T21:00:00,899.4298959500948,899.4298959500948,0
2025-10-03T21:15:00,899.4298959500948,899.4298959500948,0
2025-10-03T21:30:00,899.4298959500948,899.4298959500948,0
2025-10-03T21:45:00,899.4298959500948,899.4298959500948,0
2025-10-03T22:00:00,899.4298959500948,899.4298959500948,0
2025-10-03T22:15:00,899.4298959500948,899.4298959500948,0
2025-10-03T22:30:00,899.4298959500948,899.4298959500948,0
2025-10-03T22:45:00,899.4298959500948,899.4298959500948,0
2025-10-03T23:00:00,899.4298959500948,899.4298959500948,0
2025-10-03T23:15:00,899.4298959500948,899.4298959500948,0
2025-10-03T23:30:00,899.4298959500948,899.4298959500948,0
2025-10-03T23:45:00,899.4298959500948,899.4298959500948,0
2025-10-04T00:00:00,899.4298959500948,899.4298959500948,0
2025-10-04T00:15:00,899.4298959500948,899.4298959500948,0
2025-10-04T00:30:00,899.4298959500948,899.4298959500948,0
2025-10-04T00:45:00,899.4298959500948,899.4298959500948,0
2025-10-04T01:00:00,899.4298959500948,899.4298959500948,0
2025-10-04T01:15:00,899.4298959500948,899.4298959500948,0
2025-10-04T01:30:00,899.4298959500948,899.4298959500948,0
2025-10-04T01:45:00,899.4298959500948,899.4298959500948,0
2025-10-04T02:00:00,899.4298959500948,899.4298959500948,0
2025-10-04T02:15:00,899.4298959500948,899.4298959500948,0
2025-10-04T02:30:00,899.4298959500948,899.4298959500948,0
2025-10-04T02:45:00,899.4298959500948,899.4298959500948,0
2025-10-04T03:00:00,899.4298959500948,899.4298959500948,0
2025-10-04T03:15:00,899.4298959500948,899.4298959500948,0
2025-10-04T03:30:00,899.4298959500948,899.4298959500948,0
2025-10-04T03:45:00,899.4298959500948,899.4298959500948,0
2025-10-04T04:00:00,899.4298959500948,899.4298959500948,0
2025-10-04T04:15:00,898.0643790572396,719.2560991933717,1
2025-10-04T04:30:00,898.8819006305089,719.2560991933717,1
2025-10-04T04:45:00,898.959594836488,719.2560991933717,1
2025-10-04T05:00:00,899.9111286380597,719.2560991933717,1
2025-10-04T05:15:00,900.0878932336736,719.2560991933717,1
2025-10-04T05:30:00,898.8282252682527,719.2560991933717,1
2025-10-04T05:45:00,899.122265245076,719.2560991933717,1
2025-10-04T06:00:00,898.4428667046586,719.2560991933717,1
2025-10-04T06:15:00,899.0327084316837,719.2560991933717,1
2025-10-04T06:30:00,899.0196125829057,719.2560991933717,1
2025-10-04T06:45:00,898.5794628672493,719.2560991933717,1
2025-10-04T07:00:00,898.577877271209,719.2560991933717,1
2025-10-04T07:15:00,897.6867082059192,897.6867082059192,0
2025-10-04T07:30:00,897.6867082059192,897.6867082059192,0
2025-10-04T07:45:00,897.6867082059192,897.6867082059192,0
2025-10-04T08:00:00,897.6867082059192,897.6867082059192,0
2025-10-04T08:15:00,897.6867082059192,897.6867082059192,0
2025-10-04T08:30:00,897.6867082059192,897.6867082059192,0
2025-10-04T08:45:00,897.6867082059192,897.6867082059192,0
2025-10-04T09:00:00,897.6867082059192,897.6867082059192,0
2025-10-04T09:15:00,897.6867082059192,897.6867082059192,0
2025-10-04T09:30:00,897.6867082059192,897.6867082059192,0
2025-10-04T09:45:00,897.6867082059192,897.6867082059192,0
2025-10-04T10:00:00,897.6867082059192,897.6867082059192,0
2025-10-04T10:15:00,897.6867082059192,897.6867082059192,0
2025-10-04T10:30:00,897.6867082059192,897.6867082059192,0
2025-10-04T10:45:00,897.6867082059192,897.6867082059192,0
2025-10-04T11:00:00,897.6867082059192,897.6867082059192,0
2025-10-04T11:15:00,897.6867082059192,897.6867082059192,0
2025-10-04T11:30:00,897.6867082059192,897.6867082059192,0
2025-10-04T11:45:00,897.6867082059192,897.6867082059192,0
2025-10-04T12:00:00,897.6867082059192,897.6867082059192,0
2025-10-04T12:15:00,897.6867082059192,897.6867082059192,0
2025-10-04T12:30:00,897.6867082059192,897.6867082059192,0
2025-10-04T12:45:00,897.6867082059192,897.6867082059192,0
2025-10-04T13:00:00,897.6867082059192,897.6867082059192,0
2025-10-04T13:15:00,897.6867082059192,897.6867082059192,0
2025-10-04T13:30:00,897.6867082059192,897.6867082059192,0
2025-10-04T13:45:00,896.323837825397,717.8621068181095,1
2025-10-04T14:00:00,896.5567387853173,717.8621068181095,1
2025-10-04T14:15:00,895.9027411715738,717.8621068181095,1
2025-10-04T14:30:00,894.9283323780347,894.9283323780347,0
2025-10-04T14:45:00,894.9283323780347,894.9283323780347,0
2025-10-04T15:00:00,894.9283323780347,894.9283323780347,0
2025-10-04T15:15:00,894.9283323780347,894.9283323780347,0
2025-10-04T15:30:00,894.9283323780347,894.9283323780347,0
2025-10-04T15:45:00,894.9283323780347,894.9283323780347,0
2025-10-04T16:00:00,894.9283323780347,894.9283323780347,0
2025-10-04T16:15:00,894.9283323780347,894.9283323780347,0
2025-10-04T16:30:00,894.9283323780347,894.9283323780347,0
2025-10-04T16:45:00,894.9283323780347,894.9283323780347,0
2025-10-04T17:00:00,894.9283323780347,894.9283323780347,0
2025-10-04T17:15:00,894.9283323780347,894.9283323780347,0
2025-10-04T17:30:00,894.9283323780347,894.9283323780347,0
2025-10-04T17:45:00,894.9283323780347,894.9283323780347,0
2025-10-04T18:00:00,894.9283323780347,894.9283323780347,0
2025-10-04T18:15:00,894.9283323780347,894.9283323780347,0
2025-10-04T18:30:00,894.9283323780347,894.9283323780347,0
2025-10-04T18:45:00,894.9283323780347,894.9283323780347,0
2025-10-04T19:00:00,894.9283323780347,894.9283323780347,0
2025-10-04T19:15:00,894.9283323780347,894.9283323780347,0
2025-10-04T19:30:00,894.9283323780347,894.9283323780347,0
2025-10-04T19:45:00,894.9283323780347,894.9283323780347,0
2025-10-04T20:00:00,894.9283323780347,894.9283323780347,0
2025-10-04T20:15:00,894.9283323780347,894.9283323780347,0
2025-10-04T20:30:00,894.9283323780347,894.9283323780347,0
2025-10-04T20:45:00,894.9283323780347,894.9283323780347,0
2025-10-04T21:00:00,894.9283323780347,894.9283323780347,0
2025-10-04T21:15:00,894.9283323780347,894.9283323780347,0
2025-10-04T21:30:00,894.9283323780347,894.9283323780347,0
2025-10-04T21:45:00,894.9283323780347,894.9283323780347,0
2025-10-04T22:00:00,894.9283323780347,894.9283323780347,0
2025-10-04T22:15:00,894.9283323780347,894.9283323780347,0
2025-10-04T22:30:00,894.9283323780347,894.9283323780347,0
2025-10-04T22:45:00,894.9283323780347,894.9283323780347,0
2025-10-04T23:00:00,894.9283323780347,894.9283323780347,0
2025-10-04T23:15:00,894.9283323780347,894.9283323780347,0
2025-10-04T23:30:00,894.9283323780347,894.9283323780347,0
2025-10-04T23:45:00,894.9283323780347,894.9283323780347,0
2025-10-05T00:00:00,894.9283323780347,894.9283323780347,0
2025-10-05T00:15:00,894.9283323780347,894.9283323780347,0
2025-10-05T00:30:00,894.9283323780347,894.9283323780347,0
2025-10-05T00:45:00,894.9283323780347,894.9283323780347,0
2025-10-05T01:00:00,894.9283323780347,894.9283323780347,0
2025-10-05T01:15:00,894.9283323780347,894.9283323780347,0
2025-10-05T01:30:00,894.9283323780347,894.9283323780347,0
2025-10-05T01:45:00,894.9283323780347,894.9283323780347,0
2025-10-05T02:00:00,894.9283323780347,894.9283323780347,0
2025-10-05T02:15:00,893.5696497711308,715.6562888360668,1
2025-10-05T02:30:00,898.3357660043481,715.6562888360668,1
2025-10-05T02:45:00,900.4215382900793,715.6562888360668,1
2025-10-05T03:00:00,898.310104808142,715.6562888360668,1
2025-10-05T03:15:00,899.2803424170772,715.6562888360668,1
2025-10-05T03:30:00,900.2974800807565,715.6562888360668,1
2025-10-05T03:45:00,898.9364474747234,715.6562888360668,1
2025-10-05T04:00:00,899.7031993622693,715.6562888360668,1
2025-10-05T04:15:00,900.3505481327745,715.6562888360668,1
2025-10-05T04:30:00,901.9830308075182,715.6562888360668,1
2025-10-05T04:45:00,907.0630166378685,715.6562888360668,1
2025-10-05T05:00:00,907.2111067610987,715.6562888360668,1
2025-10-05T05:15:00,908.3389192437893,715.6562888360668,1
2025-10-05T05:30:00,907.3957393587449,715.6562888360668,1
2025-10-05T05:45:00,906.8022150927536,715.6562888360668,1
2025-10-05T06:00:00,906.529135741744,715.6562888360668,1
2025-10-05T06:15:00,906.0020047294288,715.6562888360668,1
2025-10-05T06:30:00,906.4675721463108,715.6562888360668,1
2025-10-05T06:45:00,906.057516704895,715.6562888360668,1
2025-10-05T07:00:00,905.5499366359184,905.5499366359184,0
2025-10-05T07:15:00,905.5499366359184,905.5499366359184,0
2025-10-05T07:30:00,905.5499366359184,905.5499366359184,0
2025-10-05T07:45:00,904.1751282807949,724.1501733290112,1
2025-10-05T08:00:00,902.4350447631816,724.1501733290112,1
2025-10-05T08:15:00,903.272106599723,724.1501733290112,1
2025-10-05T08:30:00,901.70477505588,724.1501733290112,1
2025-10-05T08:45:00,900.7027872897203,900.7027872897203,0
2025-10-05T09:00:00,900.7027872897203,900.7027872897203,0
2025-10-05T09:15:00,900.7027872897203,900.7027872897203,0
2025-10-05T09:30:00,900.7027872897203,900.7027872897203,0
2025-10-05T09:45:00,900.7027872897203,900.7027872897203,0
2025-10-05T10:00:00,900.7027872897203,900.7027872897203,0
2025-10-05T10:15:00,900.7027872897203,900.7027872897203,0
2025-10-05T10:30:00,900.7027872897203,900.7027872897203,0
2025-10-05T10:45:00,900.7027872897203,900.7027872897203,0
2025-10-05T11:00:00,900.7027872897203,900.7027872897203,0
2025-10-05T11:15:00,900.7027872897203,900.7027872897203,0
2025-10-05T11:30:00,900.7027872897203,900.7027872897203,0
2025-10-05T11:45:00,900.7027872897203,900.7027872897203,0
2025-10-05T12:00:00,900.7027872897203,900.7027872897203,0
2025-10-05T12:15:00,900.7027872897203,900.7027872897203,0
2025-10-05T12:30:00,900.7027872897203,900.7027872897203,0
2025-10-05T12:45:00,900.7027872897203,900.7027872897203,0
2025-10-05T13:00:00,900.7027872897203,900.7027872897203,0
2025-10-05T13:15:00,900.7027872897203,900.7027872897203,0
2025-10-05T13:30:00,900.7027872897203,900.7027872897203,0
2025-10-05T13:45:00,900.7027872897203,900.7027872897203,0
2025-10-05T14:00:00,900.7027872897203,900.7027872897203,0
2025-10-05T14:15:00,900.7027872897203,900.7027872897203,0
2025-10-05T14:30:00,900.7027872897203,900.7027872897203,0
2025-10-05T14:45:00,900.7027872897203,900.7027872897203,0
2025-10-05T15:00:00,900.7027872897203,900.7027872897203,0
2025-10-05T15:15:00,900.7027872897203,900.7027872897203,0
2025-10-05T15:30:00,900.7027872897203,900.7027872897203,0
2025-10-05T15:45:00,900.7027872897203,900.7027872897203,0
2025-10-05T16:00:00,900.7027872897203,900.7027872897203,0
2025-10-05T16:15:00,900.7027872897203,900.7027872897203,0
2025-10-05T16:30:00,900.7027872897203,900.7027872897203,0
2025-10-05T16:45:00,900.7027872897203,900.7027872897203,0
2025-10-05T17:00:00,900.7027872897203,900.7027872897203,0
2025-10-05T17:15:00,900.7027872897203,900.7027872897203,0
2025-10-05T17:30:00,900.7027872897203,900.7027872897203,0
2025-10-05T17:45:00,900.7027872897203,900.7027872897203,0
2025-10-05T18:00:00,900.7027872897203,900.7027872897203,0
2025-10-05T18:15:00,900.7027872897203,900.7027872897203,0
2025-10-05T18:30:00,900.7027872897203,900.7027872897203,0
2025-10-05T18:45:00,900.7027872897203,900.7027872897203,0
2025-10-05T19:00:00,900.7027872897203,900.7027872897203,0
2025-10-05T19:15:00,900.7027872897203,900.7027872897203,0
2025-10-05T19:30:00,900.7027872897203,900.7027872897203,0
2025-10-05T19:45:00,900.7027872897203,900.7027872897203,0
2025-10-05T20:00:00,899.3320953524719,720.2740049398435,1
2025-10-05T20:15:00,899.0416492241887,720.2740049398435,1
2025-10-05T20:30:00,898.0964958012119,720.2740049398435,1
2025-10-05T20:45:00,899.1026268643809,720.2740049398435,1
2025-10-05T21:00:00,899.5150282730481,720.2740049398435,1
2025-10-05T21:15:00,898.0938221377297,898.0938221377297,0
2025-10-05T21:30:00,898.0938221377297,898.0938221377297,0
2025-10-05T21:45:00,898.0938221377297,898.0938221377297,0
2025-10-05T22:00:00,898.0938221377297,898.0938221377297,0
2025-10-05T22:15:00,898.0938221377297,898.0938221377297,0
2025-10-05T22:30:00,898.0938221377297,898.0938221377297,0
2025-10-05T22:45:00,898.0938221377297,898.0938221377297,0
2025-10-05T23:00:00,898.0938221377297,898.0938221377297,0
2025-10-05T23:15:00,898.0938221377297,898.0938221377297,0
2025-10-05T23:30:00,898.0938221377297,898.0938221377297,0
2025-10-05T23:45:00,898.0938221377297,898.0938221377297,0
2025-10-06T00:00:00,898.0938221377297,898.0938221377297,0
2025-10-06T00:15:00,898.0938221377297,898.0938221377297,0
2025-10-06T00:30:00,898.0938221377297,898.0938221377297,0
2025-10-06T00:45:00,898.0938221377297,898.0938221377297,0
2025-10-06T01:00:00,898.0938221377297,898.0938221377297,0
2025-10-06T01:15:00,898.0938221377297,898.0938221377297,0
2025-10-06T01:30:00,898.0938221377297,898.0938221377297,0
2025-10-06T01:45:00,898.0938221377297,898.0938221377297,0
2025-10-06T02:00:00,898.0938221377297,898.0938221377297,0
2025-10-06T02:15:00,898.0938221377297,898.0938221377297,0
2025-10-06T02:30:00,898.0938221377297,898.0938221377297,0
2025-10-06T02:45:00,898.0938221377297,898.0938221377297,0
2025-10-06T03:00:00,898.0938221377297,898.0938221377297,0
2025-10-06T03:15:00,898.0938221377297,898.0938221377297,0
2025-10-06T03:30:00,898.0938221377297,898.0938221377297,0
2025-10-06T03:45:00,898.0938221377297,898.0938221377297,0
2025-10-06T04:00:00,898.0938221377297,898.0938221377297,0
2025-10-06T04:15:00,898.0938221377297,898.0938221377297,0
2025-10-06T04:30:00,898.0938221377297,898.0938221377297,0
2025-10-06T04:45:00,898.0938221377297,898.0938221377297,0
2025-10-06T05:00:00,898.0938221377297,898.0938221377297,0
2025-10-06T05:15:00,898.0938221377297,898.0938221377297,0
2025-10-06T05:30:00,898.0938221377297,898.0938221377297,0
2025-10-06T05:45:00,898.0938221377297,898.0938221377297,0
2025-10-06T06:00:00,898.0938221377297,898.0938221377297,0
2025-10-06T06:15:00,896.7303336757388,718.1876676870997,1
2025-10-06T06:30:00,897.4002664804457,718.1876676870997,1
2025-10-06T06:45:00,896.4834335575722,718.1876676870997,1
2025-10-06T07:00:00,898.541982950439,718.1876676870997,1
2025-10-06T07:15:00,897.8012825959391,718.1876676870997,1
2025-10-06T07:30:00,893.047275862069,718.1876676870997,1
2025-10-06T07:45:00,891.6538242622344,891.6538242622344,0
2025-10-06T08:00:00,891.6538242622344,891.6538242622344,0
2025-10-06T08:15:00,891.6538242622344,891.6538242622344,0
2025-10-06T08:30:00,891.6538242622344,891.6538242622344,0
2025-10-06T08:45:00,891.6538242622344,891.6538242622344,0
2025-10-06T09:00:00,891.6538242622344,891.6538242622344,0
2025-10-06T09:15:00,891.6538242622344,891.6538242622344,0
2025-10-06T09:30:00,891.6538242622344,891.6538242622344,0
2025-10-06T09:45:00,891.6538242622344,891.6538242622344,0
2025-10-06T10:00:00,891.6538242622344,891.6538242622344,0
2025-10-06T10:15:00,891.6538242622344,891.6538242622344,0
2025-10-06T10:30:00,891.6538242622344,891.6538242622344,0
2025-10-06T10:45:00,891.6538242622344,891.6538242622344,0
2025-10-06T11:00:00,891.6538242622344,891.6538242622344,0
2025-10-06T11:15:00,890.3001130223798,713.0377301860235,1
2025-10-06T11:30:00,888.6034258637003,713.0377301860235,1
2025-10-06T11:45:00,887.7217073768475,713.0377301860235,1
2025-10-06T12:00:00,889.8732246704704,713.0377301860235,1
2025-10-06T12:15:00,889.8297596746397,713.0377301860235,1
2025-10-06T12:30:00,888.5382283699541,713.0377301860235,1
2025-10-06T12:45:00,888.639036580794,888.639036580794,0
2025-10-06T13:00:00,888.639036580794,888.639036580794,0
2025-10-06T13:15:00,887.2899023997252,710.6268647729294,1
2025-10-06T13:30:00,885.6854019600535,710.6268647729294,1
2025-10-06T13:45:00,888.3322591169649,710.6268647729294,1
2025-10-06T14:00:00,887.9862282992525,710.6268647729294,1
2025-10-06T14:15:00,887.3071300266997,710.6268647729294,1
2025-10-06T14:30:00,886.6649318528481,710.6268647729294,1
2025-10-06T14:45:00,885.4818544202226,710.6268647729294,1
2025-10-06T15:00:00,886.0169700041159,886.0169700041159,0
2025-10-06T15:15:00,886.0169700041159,886.0169700041159,0
2025-10-06T15:30:00,884.671816651593,708.5300505728915,1
2025-10-06T15:45:00,885.1597991603285,708.5300505728915,1
2025-10-06T16:00:00,883.6594802670111,708.5300505728915,1
2025-10-06T16:15:00,883.3639629092365,708.5300505728915,1
2025-10-06T16:30:00,886.431281535574,708.5300505728915,1
2025-10-06T16:45:00,885.8857110289133,708.5300505728915,1
2025-10-06T17:00:00,888.3195616780724,708.5300505728915,1
2025-10-06T17:15:00,890.5776173861965,708.5300505728915,1
2025-10-06T17:30:00,888.2498498911102,708.5300505728915,1
2025-10-06T17:45:00,888.5862850368844,708.5300505728915,1
2025-10-06T18:00:00,888.5802231423659,708.5300505728915,1
2025-10-06T18:15:00,887.0107061921891,887.0107061921891,0
2025-10-06T18:30:00,887.0107061921891,887.0107061921891,0
2025-10-06T18:45:00,885.6640441467061,709.3247215277697,1
2025-10-06T19:00:00,883.622039038598,709.3247215277697,1
2025-10-06T19:15:00,883.7417501542263,709.3247215277697,1
2025-10-06T19:30:00,881.6132278227501,881.6132278227501,0
2025-10-06T19:45:00,881.6132278227501,881.6132278227501,0
2025-10-06T20:00:00,881.6132278227501,881.6132278227501,0
2025-10-06T20:15:00,881.6132278227501,881.6132278227501,0
2025-10-06T20:30:00,881.6132278227501,881.6132278227501,0
2025-10-06T20:45:00,881.6132278227501,881.6132278227501,0
2025-10-06T21:00:00,881.6132278227501,881.6132278227501,0
2025-10-06T21:15:00,881.6132278227501,881.6132278227501,0
2025-10-06T21:30:00,881.6132278227501,881.6132278227501,0
2025-10-06T21:45:00,881.6132278227501,881.6132278227501,0
2025-10-06T22:00:00,881.6132278227501,881.6132278227501,0
2025-10-06T22:15:00,881.6132278227501,881.6132278227501,0
2025-10-06T22:30:00,881.6132278227501,881.6132278227501,0
2025-10-06T22:45:00,881.6132278227501,881.6132278227501,0
2025-10-06T23:00:00,881.6132278227501,881.6132278227501,0
2025-10-06T23:15:00,881.6132278227501,881.6132278227501,0
2025-10-06T23:30:00,881.6132278227501,881.6132278227501,0
2025-10-06T23:45:00,881.6132278227501,881.6132278227501,0
2025-10-07T00:00:00,881.6132278227501,881.6132278227501,0
2025-10-07T00:15:00,881.6132278227501,881.6132278227501,0
2025-10-07T00:30:00,881.6132278227501,881.6132278227501,0
2025-10-07T00:45:00,881.6132278227501,881.6132278227501,0
2025-10-07T01:00:00,881.6132278227501,881.6132278227501,0
2025-10-07T01:15:00,881.6132278227501,881.6132278227501,0
2025-10-07T01:30:00,881.6132278227501,881.6132278227501,0
2025-10-07T01:45:00,881.6132278227501,881.6132278227501,0
2025-10-07T02:00:00,881.6132278227501,881.6132278227501,0
2025-10-07T02:15:00,881.6132278227501,881.6132278227501,0
2025-10-07T02:30:00,881.6132278227501,881.6132278227501,0
2025-10-07T02:45:00,881.6132278227501,881.6132278227501,0
2025-10-07T03:00:00,881.6132278227501,881.6132278227501,0
2025-10-07T03:15:00,881.6132278227501,881.6132278227501,0
2025-10-07T03:30:00,881.6132278227501,881.6132278227501,0
2025-10-07T03:45:00,881.6132278227501,881.6132278227501,0
2025-10-07T04:00:00,881.6132278227501,881.6132278227501,0
2025-10-07T04:15:00,881.6132278227501,881.6132278227501,0
2025-10-07T04:30:00,880.274760243479,705.0084660252968,1
2025-10-07T04:45:00,881.4120700936555,705.0084660252968,1
2025-10-07T05:00:00,880.9077629627219,705.0084660252968,1
2025-10-07T05:15:00,881.5093400150521,705.0084660252968,1
2025-10-07T05:30:00,882.9279844071141,705.0084660252968,1
2025-10-07T05:45:00,881.1187638691363,705.0084660252968,1
2025-10-07T06:00:00,879.7629708108997,705.0084660252968,1
2025-10-07T06:15:00,875.4552236535503,875.4552236535503,0
2025-10-07T06:30:00,875.4552236535503,875.4552236535503,0
2025-10-07T06:45:00,875.4552236535503,875.4552236535503,0
2025-10-07T07:00:00,875.4552236535503,875.4552236535503,0
2025-10-07T07:15:00,875.4552236535503,875.4552236535503,0
2025-10-07T07:30:00,875.4552236535503,875.4552236535503,0
2025-10-07T07:45:00,875.4552236535503,875.4552236535503,0
2025-10-07T08:00:00,875.4552236535503,875.4552236535503,0
2025-10-07T08:15:00,875.4552236535503,875.4552236535503,0
2025-10-07T08:30:00,875.4552236535503,875.4552236535503,0
2025-10-07T08:45:00,875.4552236535503,875.4552236535503,0
2025-10-07T09:00:00,875.4552236535503,875.4552236535503,0
2025-10-07T09:15:00,875.4552236535503,875.4552236535503,0
2025-10-07T09:30:00,875.4552236535503,875.4552236535503,0
2025-10-07T09:45:00,875.4552236535503,875.4552236535503,0
2025-10-07T10:00:00,875.4552236535503,875.4552236535503,0
2025-10-07T10:15:00,875.4552236535503,875.4552236535503,0
2025-10-07T10:30:00,875.4552236535503,875.4552236535503,0
2025-10-07T10:45:00,875.4552236535503,875.4552236535503,0
2025-10-07T11:00:00,875.4552236535503,875.4552236535503,0
2025-10-07T11:15:00,875.4552236535503,875.4552236535503,0
2025-10-07T11:30:00,875.4552236535503,875.4552236535503,0
2025-10-07T11:45:00,875.4552236535503,875.4552236535503,0
2025-10-07T12:00:00,875.4552236535503,875.4552236535503,0
2025-10-07T12:15:00,875.4552236535503,875.4552236535503,0
2025-10-07T12:30:00,875.4552236535503,875.4552236535503,0
2025-10-07T12:45:00,874.1261051728106,700.0840332512711,1
2025-10-07T13:00:00,873.2953161271987,700.0840332512711,1
2025-10-07T13:15:00,875.0246536086677,700.0840332512711,1
2025-10-07T13:30:00,864.7904849954579,864.7904849954579,0
2025-10-07T13:45:00,864.7904849954579,864.7904849954579,0
2025-10-07T14:00:00,864.7904849954579,864.7904849954579,0
2025-10-07T14:15:00,864.7904849954579,864.7904849954579,0
2025-10-07T14:30:00,864.7904849954579,864.7904849954579,0
2025-10-07T14:45:00,864.7904849954579,864.7904849954579,0
2025-10-07T15:00:00,863.4744444969498,691.5556550411677,1
2025-10-07T15:15:00,862.7422057654752,691.5556550411677,1
2025-10-07T15:30:00,864.9960783971944,691.5556550411677,1
2025-10-07T15:45:00,864.071405418086,691.5556550411677,1
2025-10-07T16:00:00,865.8573452291639,691.5556550411677,1
2025-10-07T16:15:00,868.0644018526012,691.5556550411677,1
2025-10-07T16:30:00,864.5408154428721,691.5556550411677,1
2025-10-07T16:45:00,864.9909081826876,691.5556550411677,1
2025-10-07T17:00:00,866.1644900601967,691.5556550411677,1
2025-10-07T17:15:00,867.1988738548293,691.5556550411677,1
2025-10-07T17:30:00,866.5695848891395,691.5556550411677,1
2025-10-07T17:45:00,868.1393415551785,691.5556550411677,1
2025-10-07T18:00:00,867.8359465500516,691.5556550411677,1
2025-10-07T18:15:00,870.3125929299173,691.5556550411677,1
2025-10-07T18:30:00,870.064877157941,691.5556550411677,1
2025-10-07T18:45:00,869.4725182958714,691.5556550411677,1
2025-10-07T19:00:00,865.7843022717534,865.7843022717534,0
2025-10-07T19:15:00,865.7843022717534,865.7843022717534,0
2025-10-07T19:30:00,865.7843022717534,865.7843022717534,0
2025-10-07T19:45:00,865.7843022717534,865.7843022717534,0
2025-10-07T20:00:00,865.7843022717534,865.7843022717534,0
2025-10-07T20:15:00,865.7843022717534,865.7843022717534,0
2025-10-07T20:30:00,865.7843022717534,865.7843022717534,0
2025-10-07T20:45:00,865.7843022717534,865.7843022717534,0
2025-10-07T21:00:00,865.7843022717534,865.7843022717534,0
2025-10-07T21:15:00,865.7843022717534,865.7843022717534,0
2025-10-07T21:30:00,865.7843022717534,865.7843022717534,0
2025-10-07T21:45:00,865.7843022717534,865.7843022717534,0
2025-10-07T22:00:00,865.7843022717534,865.7843022717534,0
2025-10-07T22:15:00,865.7843022717534,865.7843022717534,0
2025-10-07T22:30:00,865.7843022717534,865.7843022717534,0
2025-10-07T22:45:00,865.7843022717534,865.7843022717534,0
2025-10-07T23:00:00,865.7843022717534,865.7843022717534,0
2025-10-07T23:15:00,865.7843022717534,865.7843022717534,0
2025-10-07T23:30:00,865.7843022717534,865.7843022717534,0
2025-10-07T23:45:00,864.466749379427,692.3503908406758,1
2025-10-08T00:00:00,863.8803358469413,692.3503908406758,1
2025-10-08T00:15:00,863.1036498384898,692.3503908406758,1
2025-10-08T00:30:00,860.9841392250645,692.3503908406758,1
2025-10-08T00:45:00,860.1832712412238,860.1832712412238,0
2025-10-08T01:00:00,860.1832712412238,860.1832712412238,0
2025-10-08T01:15:00,860.1832712412238,860.1832712412238,0
2025-10-08T01:30:00,860.1832712412238,860.1832712412238,0
2025-10-08T01:45:00,860.1832712412238,860.1832712412238,0
2025-10-08T02:00:00,860.1832712412238,860.1832712412238,0
2025-10-08T02:15:00,860.1832712412238,860.1832712412238,0
2025-10-08T02:30:00,860.1832712412238,860.1832712412238,0
2025-10-08T02:45:00,860.1832712412238,860.1832712412238,0
2025-10-08T03:00:00,860.1832712412238,860.1832712412238,0
2025-10-08T03:15:00,860.1832712412238,860.1832712412238,0
2025-10-08T03:30:00,860.1832712412238,860.1832712412238,0
2025-10-08T03:45:00,860.1832712412238,860.1832712412238,0
2025-10-08T04:00:00,860.1832712412238,860.1832712412238,0
2025-10-08T04:15:00,860.1832712412238,860.1832712412238,0
2025-10-08T04:30:00,860.1832712412238,860.1832712412238,0
2025-10-08T04:45:00,860.1832712412238,860.1832712412238,0
2025-10-08T05:00:00,860.1832712412238,860.1832712412238,0
2025-10-08T05:15:00,860.1832712412238,860.1832712412238,0
2025-10-08T05:30:00,860.1832712412238,860.1832712412238,0
2025-10-08T05:45:00,860.1832712412238,860.1832712412238,0
2025-10-08T06:00:00,860.1832712412238,860.1832712412238,0
2025-10-08T06:15:00,860.1832712412238,860.1832712412238,0
2025-10-08T06:30:00,860.1832712412238,860.1832712412238,0
2025-10-08T06:45:00,860.1832712412238,860.1832712412238,0
2025-10-08T07:00:00,860.1832712412238,860.1832712412238,0
2025-10-08T07:15:00,860.1832712412238,860.1832712412238,0
2025-10-08T07:30:00,860.1832712412238,860.1832712412238,0
2025-10-08T07:45:00,860.1832712412238,860.1832712412238,0
2025-10-08T08:00:00,860.1832712412238,860.1832712412238,0
2025-10-08T08:15:00,860.1832712412238,860.1832712412238,0
2025-10-08T08:30:00,860.1832712412238,860.1832712412238,0
2025-10-08T08:45:00,860.1832712412238,860.1832712412238,0
2025-10-08T09:00:00,860.1832712412238,860.1832712412238,0
2025-10-08T09:15:00,860.1832712412238,860.1832712412238,0
2025-10-08T09:30:00,860.1832712412238,860.1832712412238,0
2025-10-08T09:45:00,860.1832712412238,860.1832712412238,0
2025-10-08T10:00:00,860.1832712412238,860.1832712412238,0
2025-10-08T10:15:00,860.1832712412238,860.1832712412238,0
2025-10-08T10:30:00,860.1832712412238,860.1832712412238,0
2025-10-08T10:45:00,860.1832712412238,860.1832712412238,0
2025-10-08T11:00:00,860.1832712412238,860.1832712412238,0
2025-10-08T11:15:00,860.1832712412238,860.1832712412238,0
2025-10-08T11:30:00,860.1832712412238,860.1832712412238,0
2025-10-08T11:45:00,860.1832712412238,860.1832712412238,0
2025-10-08T12:00:00,860.1832712412238,860.1832712412238,0
2025-10-08T12:15:00,860.1832712412238,860.1832712412238,0
2025-10-08T12:30:00,860.1832712412238,860.1832712412238,0
2025-10-08T12:45:00,860.1832712412238,860.1832712412238,0
2025-10-08T13:00:00,860.1832712412238,860.1832712412238,0
2025-10-08T13:15:00,860.1832712412238,860.1832712412238,0
2025-10-08T13:30:00,860.1832712412238,860.1832712412238,0
2025-10-08T13:45:00,860.1832712412238,860.1832712412238,0
2025-10-08T14:00:00,860.1832712412238,860.1832712412238,0
2025-10-08T14:15:00,860.1832712412238,860.1832712412238,0
2025-10-08T14:30:00,860.1832712412238,860.1832712412238,0
2025-10-08T14:45:00,858.8742420130652,687.8713583461819,1
2025-10-08T15:00:00,857.5996712538813,687.8713583461819,1
2025-10-08T15:15:00,857.2806413919227,687.8713583461819,1
2025-10-08T15:30:00,858.0271093213596,687.8713583461819,1
2025-10-08T15:45:00,859.331105164899,687.8713583461819,1
2025-10-08T16:00:00,857.712725525352,687.8713583461819,1
2025-10-08T16:15:00,856.7370516756729,687.8713583461819,1
2025-10-08T16:30:00,856.1671342523684,687.8713583461819,1
2025-10-08T16:45:00,851.1562118215448,851.1562118215448,0
2025-10-08T17:00:00,851.1562118215448,851.1562118215448,0
2025-10-08T17:15:00,851.1562118215448,851.1562118215448,0
2025-10-08T17:30:00,851.1562118215448,851.1562118215448,0
2025-10-08T17:45:00,851.1562118215448,851.1562118215448,0
2025-10-08T18:00:00,849.8639841660776,680.652599469453,1
2025-10-08T18:15:00,848.4616439932416,680.652599469453,1
2025-10-08T18:30:00,848.1853913770968,680.652599469453,1
2025-10-08T18:45:00,847.6105466226991,680.652599469453,1
2025-10-08T19:00:00,846.5115738667978,680.652599469453,1
2025-10-08T19:15:00,848.5875576633065,680.652599469453,1
2025-10-08T19:30:00,846.912338117673,846.912338117673,0
2025-10-08T19:45:00,846.912338117673,846.912338117673,0
2025-10-08T20:00:00,846.912338117673,846.912338117673,0
2025-10-08T20:15:00,846.912338117673,846.912338117673,0
2025-10-08T20:30:00,846.912338117673,846.912338117673,0
2025-10-08T20:45:00,846.912338117673,846.912338117673,0
2025-10-08T21:00:00,846.912338117673,846.912338117673,0
2025-10-08T21:15:00,846.912338117673,846.912338117673,0
2025-10-08T21:30:00,846.912338117673,846.912338117673,0
2025-10-08T21:45:00,846.912338117673,846.912338117673,0
2025-10-08T22:00:00,846.912338117673,846.912338117673,0
2025-10-08T22:15:00,846.912338117673,846.912338117673,0
2025-10-08T22:30:00,846.912338117673,846.912338117673,0
2025-10-08T22:45:00,846.912338117673,846.912338117673,0
2025-10-08T23:00:00,846.912338117673,846.912338117673,0
2025-10-08T23:15:00,846.912338117673,846.912338117673,0
2025-10-08T23:30:00,846.912338117673,846.912338117673,0
2025-10-08T23:45:00,846.912338117673,846.912338117673,0
2025-10-09T00:00:00,846.912338117673,846.912338117673,0
2025-10-09T00:15:00,846.912338117673,846.912338117673,0
2025-10-09T00:30:00,846.912338117673,846.912338117673,0
2025-10-09T00:45:00,846.912338117673,846.912338117673,0
2025-10-09T01:00:00,846.912338117673,846.912338117673,0
2025-10-09T01:15:00,846.912338117673,846.912338117673,0
2025-10-09T01:30:00,846.912338117673,846.912338117673,0
2025-10-09T01:45:00,846.912338117673,846.912338117673,0
2025-10-09T02:00:00,845.6235046314271,677.2588585459407,1
2025-10-09T02:15:00,847.9907330025618,677.2588585459407,1
2025-10-09T02:30:00,851.8844207729379,677.2588585459407,1
2025-10-09T02:45:00,853.255801627635,677.2588585459407,1
2025-10-09T03:00:00,850.3838077977871,677.2588585459407,1
2025-10-09T03:15:00,848.9941824084376,677.2588585459407,1
2025-10-09T03:30:00,848.9789786295607,677.2588585459407,1
2025-10-09T03:45:00,847.4814064101853,677.2588585459407,1
2025-10-09T04:00:00,849.3241044100665,677.2588585459407,1
2025-10-09T04:15:00,846.4977219168493,677.2588585459407,1
2025-10-09T04:30:00,848.1899025058492,677.2588585459407,1
2025-10-09T04:45:00,846.2948204654157,846.2948204654157,0
2025-10-09T05:00:00,846.2948204654157,846.2948204654157,0
2025-10-09T05:15:00,846.2948204654157,846.2948204654157,0
2025-10-09T05:30:00,846.2948204654157,846.2948204654157,0
2025-10-09T05:45:00,846.2948204654157,846.2948204654157,0
2025-10-09T06:00:00,846.2948204654157,846.2948204654157,0
2025-10-09T06:15:00,846.2948204654157,846.2948204654157,0
2025-10-09T06:30:00,846.2948204654157,846.2948204654157,0
2025-10-09T06:45:00,846.2948204654157,846.2948204654157,0
2025-10-09T07:00:00,846.2948204654157,846.2948204654157,0
2025-10-09T07:15:00,846.2948204654157,846.2948204654157,0
2025-10-09T07:30:00,846.2948204654157,846.2948204654157,0
2025-10-09T07:45:00,846.2948204654157,846.2948204654157,0
2025-10-09T08:00:00,845.0069267192029,676.7650420297837,1
2025-10-09T08:15:00,854.7715910894501,676.7650420297837,1
2025-10-09T08:30:00,854.9363370824519,676.7650420297837,1
2025-10-09T08:45:00,856.685416036189,676.7650420297837,1
2025-10-09T09:00:00,853.8216071858799,676.7650420297837,1
2025-10-09T09:15:00,853.141067663387,676.7650420297837,1
2025-10-09T09:30:00,855.1457338586035,676.7650420297837,1
2025-10-09T09:45:00,855.6353527910758,676.7650420297837,1
2025-10-09T10:00:00,854.1818928154349,676.7650420297837,1
2025-10-09T10:15:00,856.4313684768874,676.7650420297837,1
2025-10-09T10:30:00,853.2873374702579,676.7650420297837,1
2025-10-09T10:45:00,852.0354561203375,852.0354561203375,0
2025-10-09T11:00:00,852.0354561203375,852.0354561203375,0
2025-10-09T11:15:00,852.0354561203375,852.0354561203375,0
2025-10-09T11:30:00,852.0354561203375,852.0354561203375,0
2025-10-09T11:45:00,852.0354561203375,852.0354561203375,0
2025-10-09T12:00:00,852.0354561203375,852.0354561203375,0
2025-10-09T12:15:00,852.0354561203375,852.0354561203375,0
2025-10-09T12:30:00,852.0354561203375,852.0354561203375,0
2025-10-09T12:45:00,852.0354561203375,852.0354561203375,0
2025-10-09T13:00:00,852.0354561203375,852.0354561203375,0
2025-10-09T13:15:00,852.0354561203375,852.0354561203375,0
2025-10-09T13:30:00,852.0354561203375,852.0354561203375,0
2025-10-09T13:45:00,852.0354561203375,852.0354561203375,0
2025-10-09T14:00:00,852.0354561203375,852.0354561203375,0
2025-10-09T14:15:00,852.0354561203375,852.0354561203375,0
2025-10-09T14:30:00,852.0354561203375,852.0354561203375,0
2025-10-09T14:45:00,852.0354561203375,852.0354561203375,0
2025-10-09T15:00:00,852.0354561203375,852.0354561203375,0
2025-10-09T15:15:00,852.0354561203375,852.0354561203375,0
2025-10-09T15:30:00,850.7388262592619,681.3557135503115,1
2025-10-09T15:45:00,847.5406841087738,681.3557135503115,1
2025-10-09T16:00:00,847.043160006834,681.3557135503115,1
2025-10-09T16:15:00,848.5977241336617,681.3557135503115,1
2025-10-09T16:30:00,849.3177829776832,681.3557135503115,1
2025-10-09T16:45:00,853.4934884594588,681.3557135503115,1
2025-10-09T17:00:00,849.1190912436817,681.3557135503115,1
2025-10-09T17:15:00,849.6245630149815,681.3557135503115,1
2025-10-09T17:30:00,847.2418517408355,681.3557135503115,1
2025-10-09T17:45:00,843.8753698152058,843.8753698152058,0
2025-10-09T18:00:00,843.8753698152058,843.8753698152058,0
2025-10-09T18:15:00,843.8753698152058,843.8753698152058,0
2025-10-09T18:30:00,843.8753698152058,843.8753698152058,0
2025-10-09T18:45:00,843.8753698152058,843.8753698152058,0
2025-10-09T19:00:00,843.8753698152058,843.8753698152058,0
2025-10-09T19:15:00,843.8753698152058,843.8753698152058,0
2025-10-09T19:30:00,843.8753698152058,843.8753698152058,0
2025-10-09T19:45:00,843.8753698152058,843.8753698152058,0
2025-10-09T20:00:00,843.8753698152058,843.8753698152058,0
2025-10-09T20:15:00,843.8753698152058,843.8753698152058,0
2025-10-09T20:30:00,843.8753698152058,843.8753698152058,0
2025-10-09T20:45:00,843.8753698152058,843.8753698152058,0
2025-10-09T21:00:00,843.8753698152058,843.8753698152058,0
2025-10-09T21:15:00,843.8753698152058,843.8753698152058,0
2025-10-09T21:30:00,843.8753698152058,843.8753698152058,0
2025-10-09T21:45:00,843.8753698152058,843.8753698152058,0
2025-10-09T22:00:00,843.8753698152058,843.8753698152058,0
2025-10-09T22:15:00,843.8753698152058,843.8753698152058,0
2025-10-09T22:30:00,843.8753698152058,843.8753698152058,0
2025-10-09T22:45:00,843.8753698152058,843.8753698152058,0
2025-10-09T23:00:00,843.8753698152058,843.8753698152058,0
2025-10-09T23:15:00,843.8753698152058,843.8753698152058,0
2025-10-09T23:30:00,843.8753698152058,843.8753698152058,0
2025-10-09T23:45:00,843.8753698152058,843.8753698152058,0
2025-10-10T00:00:00,843.8753698152058,843.8753698152058,0
2025-10-10T00:15:00,843.8753698152058,843.8753698152058,0
2025-10-10T00:30:00,843.8753698152058,843.8753698152058,0
2025-10-10T00:45:00,843.8753698152058,843.8753698152058,0
2025-10-10T01:00:00,843.8753698152058,843.8753698152058,0
2025-10-10T01:15:00,843.8753698152058,843.8753698152058,0
2025-10-10T01:30:00,843.8753698152058,843.8753698152058,0
2025-10-10T01:45:00,843.8753698152058,843.8753698152058,0
2025-10-10T02:00:00,843.8753698152058,843.8753698152058,0
2025-10-10T02:15:00,843.8753698152058,843.8753698152058,0
2025-10-10T02:30:00,843.8753698152058,843.8753698152058,0
2025-10-10T02:45:00,843.8753698152058,843.8753698152058,0
2025-10-10T03:00:00,842.5911579955347,674.8302557338237,1
2025-10-10T03:15:00,840.1131011473154,840.1131011473154,0
2025-10-10T03:30:00,840.1131011473154,840.1131011473154,0
2025-10-10T03:45:00,840.1131011473154,840.1131011473154,0
2025-10-10T04:00:00,840.1131011473154,840.1131011473154,0
2025-10-10T04:15:00,840.1131011473154,840.1131011473154,0
2025-10-10T04:30:00,840.1131011473154,840.1131011473154,0
2025-10-10T04:45:00,840.1131011473154,840.1131011473154,0
2025-10-10T05:00:00,840.1131011473154,840.1131011473154,0
2025-10-10T05:15:00,840.1131011473154,840.1131011473154,0
2025-10-10T05:30:00,840.1131011473154,840.1131011473154,0
2025-10-10T05:45:00,840.1131011473154,840.1131011473154,0
2025-10-10T06:00:00,840.1131011473154,840.1131011473154,0
2025-10-10T06:15:00,840.1131011473154,840.1131011473154,0
2025-10-10T06:30:00,840.1131011473154,840.1131011473154,0
2025-10-10T06:45:00,840.1131011473154,840.1131011473154,0
2025-10-10T07:00:00,840.1131011473154,840.1131011473154,0
2025-10-10T07:15:00,840.1131011473154,840.1131011473154,0
2025-10-10T07:30:00,838.8346147582765,671.8216447254852,1
2025-10-10T07:45:00,839.8757245142206,671.8216447254852,1
2025-10-10T08:00:00,838.6123772268352,671.8216447254852,1
2025-10-10T08:15:00,837.9426636755978,671.8216447254852,1
2025-10-10T08:30:00,837.9493880420155,671.8216447254852,1
2025-10-10T08:45:00,835.449214699802,835.449214699802,0
2025-10-10T09:00:00,835.449214699802,835.449214699802,0
2025-10-10T09:15:00,835.449214699802,835.449214699802,0
2025-10-10T09:30:00,835.449214699802,835.449214699802,0
2025-10-10T09:45:00,835.449214699802,835.449214699802,0
2025-10-10T10:00:00,835.449214699802,835.449214699802,0
2025-10-10T10:15:00,835.449214699802,835.449214699802,0
2025-10-10T10:30:00,835.449214699802,835.449214699802,0
2025-10-10T10:45:00,835.449214699802,835.449214699802,0
2025-10-10T11:00:00,835.449214699802,835.449214699802,0
2025-10-10T11:15:00,835.449214699802,835.449214699802,0
2025-10-10T11:30:00,835.449214699802,835.449214699802,0
2025-10-10T11:45:00,835.449214699802,835.449214699802,0
2025-10-10T12:00:00,835.449214699802,835.449214699802,0
2025-10-10T12:15:00,835.449214699802,835.449214699802,0
2025-10-10T12:30:00,835.449214699802,835.449214699802,0
2025-10-10T12:45:00,835.449214699802,835.449214699802,0
2025-10-10T13:00:00,835.449214699802,835.449214699802,0
2025-10-10T13:15:00,835.449214699802,835.449214699802,0
2025-10-10T13:30:00,835.449214699802,835.449214699802,0
2025-10-10T13:45:00,835.449214699802,835.449214699802,0
2025-10-10T14:00:00,835.449214699802,835.449214699802,0
2025-10-10T14:15:00,835.449214699802,835.449214699802,0
2025-10-10T14:30:00,835.449214699802,835.449214699802,0
2025-10-10T14:45:00,834.1778258257705,668.0920280111377,1
2025-10-10T15:00:00,837.5994319003782,668.0920280111377,1
2025-10-10T15:15:00,852.6838981689646,668.0920280111377,1
2025-10-10T15:30:00,856.2525019451324,668.0920280111377,1
2025-10-10T15:45:00,861.8947115964966,668.0920280111377,1
2025-10-10T16:00:00,860.4278621915688,668.0920280111377,1
2025-10-10T16:15:00,859.6756718250758,668.0920280111377,1
2025-10-10T16:30:00,860.3293424554168,668.0920280111377,1
2025-10-10T16:45:00,860.9751940590792,668.0920280111377,1
2025-10-10T17:00:00,863.4725911802623,668.0920280111377,1
2025-10-10T17:15:00,861.5475468119614,668.0920280111377,1
2025-10-10T17:30:00,863.022215243568,668.0920280111377,1
2025-10-10T17:45:00,863.3240296733666,668.0920280111377,1
2025-10-10T18:00:00,864.7721134142655,668.0920280111377,1
2025-10-10T18:15:00,864.2279091574266,668.0920280111377,1
2025-10-10T18:30:00,866.3937795474319,668.0920280111377,1
2025-10-10T18:45:00,869.5995804857071,668.0920280111377,1
2025-10-10T19:00:00,873.1447271818387,668.0920280111377,1
2025-10-10T19:15:00,885.5801072116747,668.0920280111377,1
2025-10-10T19:30:00,873.8734604682953,668.0920280111377,1
2025-10-10T19:45:00,878.4006769152742,668.0920280111377,1
2025-10-10T20:00:00,877.4514470764775,668.0920280111377,1
2025-10-10T20:15:00,873.6843445177067,873.6843445177067,0
2025-10-10T20:30:00,873.6843445177067,873.6843445177067,0
2025-10-10T20:45:00,872.3547693197281,698.6678966239197,1
2025-10-10T21:00:00,884.9587500586223,698.6678966239197,1
2025-10-10T21:15:00,925.1003941014253,698.6678966239197,1
2025-10-10T21:30:00,917.8197767243871,698.6678966239197,1
2025-10-10T21:45:00,909.7248620391547,698.6678966239197,1
2025-10-10T22:00:00,909.0008924632103,698.6678966239197,1
2025-10-10T22:15:00,913.0666818328701,698.6678966239197,1
2025-10-10T22:30:00,910.5810304934954,698.6678966239197,1
2025-10-10T22:45:00,908.5459263604305,908.5459263604305,0
2025-10-10T23:00:00,908.5459263604305,908.5459263604305,0
2025-10-10T23:15:00,908.5459263604305,908.5459263604305,0
2025-10-10T23:30:00,908.5459263604305,908.5459263604305,0
2025-10-10T23:45:00,908.5459263604305,908.5459263604305,0
2025-10-11T00:00:00,908.5459263604305,908.5459263604305,0
2025-10-11T00:15:00,908.5459263604305,908.5459263604305,0
2025-10-11T00:30:00,908.5459263604305,908.5459263604305,0
2025-10-11T00:45:00,908.5459263604305,908.5459263604305,0
2025-10-11T01:00:00,908.5459263604305,908.5459263604305,0
2025-10-11T01:15:00,908.5459263604305,908.5459263604305,0
2025-10-11T01:30:00,908.5459263604305,908.5459263604305,0
2025-10-11T01:45:00,908.5459263604305,908.5459263604305,0
2025-10-11T02:00:00,908.5459263604305,908.5459263604305,0
2025-10-11T02:15:00,908.5459263604305,908.5459263604305,0
2025-10-11T02:30:00,908.5459263604305,908.5459263604305,0
2025-10-11T02:45:00,908.5459263604305,908.5459263604305,0
2025-10-11T03:00:00,908.5459263604305,908.5459263604305,0
2025-10-11T03:15:00,908.5459263604305,908.5459263604305,0
2025-10-11T03:30:00,908.5459263604305,908.5459263604305,0
2025-10-11T03:45:00,908.5459263604305,908.5459263604305,0
2025-10-11T04:00:00,908.5459263604305,908.5459263604305,0
2025-10-11T04:15:00,908.5459263604305,908.5459263604305,0
2025-10-11T04:30:00,908.5459263604305,908.5459263604305,0
2025-10-11T04:45:00,908.5459263604305,908.5459263604305,0
2025-10-11T05:00:00,908.5459263604305,908.5459263604305,0
2025-10-11T05:15:00,908.5459263604305,908.5459263604305,0
2025-10-11T05:30:00,908.5459263604305,908.5459263604305,0
2025-10-11T05:45:00,908.5459263604305,908.5459263604305,0
2025-10-11T06:00:00,908.5459263604305,908.5459263604305,0
2025-10-11T06:15:00,908.5459263604305,908.5459263604305,0
2025-10-11T06:30:00,908.5459263604305,908.5459263604305,0
2025-10-11T06:45:00,908.5459263604305,908.5459263604305,0
2025-10-11T07:00:00,907.1632987129361,726.546006391909,1
2025-10-11T07:15:00,911.3696816007989,726.546006391909,1
2025-10-11T07:30:00,912.1623154234201,726.546006391909,1
2025-10-11T07:45:00,913.7846336356391,726.546006391909,1
2025-10-11T08:00:00,914.5044078776979,726.546006391909,1
2025-10-11T08:15:00,910.0951943727357,726.546006391909,1
2025-10-11T08:30:00,908.1803269747068,726.546006391909,1
2025-10-11T08:45:00,907.6175765641201,726.546006391909,1
2025-10-11T09:00:00,905.5860529058145,905.5860529058145,0
2025-10-11T09:15:00,905.5860529058145,905.5860529058145,0
2025-10-11T09:30:00,905.5860529058145,905.5860529058145,0
2025-10-11T09:45:00,905.5860529058145,905.5860529058145,0
2025-10-11T10:00:00,905.5860529058145,905.5860529058145,0
2025-10-11T10:15:00,905.5860529058145,905.5860529058145,0
2025-10-11T10:30:00,905.5860529058145,905.5860529058145,0
2025-10-11T10:45:00,905.5860529058145,905.5860529058145,0
2025-10-11T11:00:00,905.5860529058145,905.5860529058145,0
2025-10-11T11:15:00,905.5860529058145,905.5860529058145,0
2025-10-11T11:30:00,905.5860529058145,905.5860529058145,0
2025-10-11T11:45:00,905.5860529058145,905.5860529058145,0
2025-10-11T12:00:00,905.5860529058145,905.5860529058145,0
2025-10-11T12:15:00,905.5860529058145,905.5860529058145,0
2025-10-11T12:30:00,905.5860529058145,905.5860529058145,0
2025-10-11T12:45:00,905.5860529058145,905.5860529058145,0
2025-10-11T13:00:00,905.5860529058145,905.5860529058145,0
2025-10-11T13:15:00,905.5860529058145,905.5860529058145,0
2025-10-11T13:30:00,905.5860529058145,905.5860529058145,0
2025-10-11T13:45:00,905.5860529058145,905.5860529058145,0
2025-10-11T14:00:00,905.5860529058145,905.5860529058145,0
2025-10-11T14:15:00,905.5860529058145,905.5860529058145,0
2025-10-11T14:30:00,905.5860529058145,905.5860529058145,0
2025-10-11T14:45:00,905.5860529058145,905.5860529058145,0
2025-10-11T15:00:00,905.5860529058145,905.5860529058145,0
2025-10-11T15:15:00,905.5860529058145,905.5860529058145,0
2025-10-11T15:30:00,905.5860529058145,905.5860529058145,0
2025-10-11T15:45:00,904.207929601747,724.1790547877217,1
2025-10-11T16:00:00,902.4788826846229,724.1790547877217,1
2025-10-11T16:15:00,904.1229732407052,724.1790547877217,1
2025-10-11T16:30:00,906.0036954945404,724.1790547877217,1
2025-10-11T16:45:00,903.8640802504868,724.1790547877217,1
2025-10-11T17:00:00,901.9155163503843,901.9155163503843,0
2025-10-11T17:15:00,901.9155163503843,901.9155163503843,0
2025-10-11T17:30:00,901.9155163503843,901.9155163503843,0
2025-10-11T17:45:00,901.9155163503843,901.9155163503843,0
2025-10-11T18:00:00,901.9155163503843,901.9155163503843,0
2025-10-11T18:15:00,900.5429788787723,721.2438001150754,1
2025-10-11T18:30:00,899.2704569676283,721.2438001150754,1
2025-10-11T18:45:00,900.6471287375713,721.2438001150754,1
2025-10-11T19:00:00,906.4189245488312,721.2438001150754,1
2025-10-11T19:15:00,909.4885049327066,721.2438001150754,1
2025-10-11T19:30:00,912.4634036267648,721.2438001150754,1
2025-10-11T19:45:00,911.0374973781169,721.2438001150754,1
2025-10-11T20:00:00,913.5030085809583,721.2438001150754,1
2025-10-11T20:15:00,918.659373408406,721.2438001150754,1
2025-10-11T20:30:00,923.93693079882,721.2438001150754,1
2025-10-11T20:45:00,923.4332242089921,721.2438001150754,1
2025-10-11T21:00:00,927.8984127007739,721.2438001150754,1
2025-10-11T21:15:00,918.0401551570012,721.2438001150754,1
2025-10-11T21:30:00,918.2995829871004,721.2438001150754,1
2025-10-11T21:45:00,915.7450709958309,721.2438001150754,1
2025-10-11T22:00:00,915.2413644060032,721.2438001150754,1
2025-10-11T22:15:00,914.2054584037305,914.2054584037305,0
2025-10-11T22:30:00,914.2054584037305,914.2054584037305,0
2025-10-11T22:45:00,914.2054584037305,914.2054584037305,0
2025-10-11T23:00:00,914.2054584037305,914.2054584037305,0
2025-10-11T23:15:00,914.2054584037305,914.2054584037305,0
2025-10-11T23:30:00,914.2054584037305,914.2054584037305,0
2025-10-11T23:45:00,914.2054584037305,914.2054584037305,0
2025-10-12T00:00:00,914.2054584037305,914.2054584037305,0
2025-10-12T00:15:00,912.8142180650689,731.0718209762952,1
2025-10-12T00:30:00,914.0308705799443,731.0718209762952,1
2025-10-12T00:45:00,914.7024649004128,731.0718209762952,1
2025-10-12T01:00:00,912.1109730548274,731.0718209762952,1
2025-10-12T01:15:00,912.5562816016763,731.0718209762952,1
2025-10-12T01:30:00,912.266094751231,731.0718209762952,1
2025-10-12T01:45:00,912.4567984862424,731.0718209762952,1
2025-10-12T02:00:00,911.3777431805906,731.0718209762952,1
2025-10-12T02:15:00,908.7455852691007,908.7455852691007,0
2025-10-12T02:30:00,908.7455852691007,908.7455852691007,0
2025-10-12T02:45:00,908.7455852691007,908.7455852691007,0
2025-10-12T03:00:00,908.7455852691007,908.7455852691007,0
2025-10-12T03:15:00,908.7455852691007,908.7455852691007,0
2025-10-12T03:30:00,908.7455852691007,908.7455852691007,0
2025-10-12T03:45:00,908.7455852691007,908.7455852691007,0
2025-10-12T04:00:00,908.7455852691007,908.7455852691007,0
2025-10-12T04:15:00,908.7455852691007,908.7455852691007,0
2025-10-12T04:30:00,908.7455852691007,908.7455852691007,0
2025-10-12T04:45:00,908.7455852691007,908.7455852691007,0
2025-10-12T05:00:00,908.7455852691007,908.7455852691007,0
2025-10-12T05:15:00,908.7455852691007,908.7455852691007,0
2025-10-12T05:30:00,908.7455852691007,908.7455852691007,0
2025-10-12T05:45:00,908.7455852691007,908.7455852691007,0
2025-10-12T06:00:00,908.7455852691007,908.7455852691007,0
2025-10-12T06:15:00,908.7455852691007,908.7455852691007,0
2025-10-12T06:30:00,908.7455852691007,908.7455852691007,0
2025-10-12T06:45:00,908.7455852691007,908.7455852691007,0
2025-10-12T07:00:00,908.7455852691007,908.7455852691007,0
2025-10-12T07:15:00,908.7455852691007,908.7455852691007,0
2025-10-12T07:30:00,908.7455852691007,908.7455852691007,0
2025-10-12T07:45:00,908.7455852691007,908.7455852691007,0
2025-10-12T08:00:00,908.7455852691007,908.7455852691007,0
2025-10-12T08:15:00,908.7455852691007,908.7455852691007,0
2025-10-12T08:30:00,908.7455852691007,908.7455852691007,0
2025-10-12T08:45:00,908.7455852691007,908.7455852691007,0
2025-10-12T09:00:00,908.7455852691007,908.7455852691007,0
2025-10-12T09:15:00,908.7455852691007,908.7455852691007,0
2025-10-12T09:30:00,908.7455852691007,908.7455852691007,0
2025-10-12T09:45:00,908.7455852691007,908.7455852691007,0
2025-10-12T10:00:00,908.7455852691007,908.7455852691007,0
2025-10-12T10:15:00,908.7455852691007,908.7455852691007,0
2025-10-12T10:30:00,908.7455852691007,908.7455852691007,0
2025-10-12T10:45:00,908.7455852691007,908.7455852691007,0
2025-10-12T11:00:00,908.7455852691007,908.7455852691007,0
2025-10-12T11:15:00,908.7455852691007,908.7455852691007,0
2025-10-12T11:30:00,908.7455852691007,908.7455852691007,0
2025-10-12T11:45:00,908.7455852691007,908.7455852691007,0
2025-10-12T12:00:00,908.7455852691007,908.7455852691007,0
2025-10-12T12:15:00,908.7455852691007,908.7455852691007,0
2025-10-12T12:30:00,908.7455852691007,908.7455852691007,0
2025-10-12T12:45:00,908.7455852691007,908.7455852691007,0
2025-10-12T13:00:00,908.7455852691007,908.7455852691007,0
2025-10-12T13:15:00,908.7455852691007,908.7455852691007,0
2025-10-12T13:30:00,908.7455852691007,908.7455852691007,0
2025-10-12T13:45:00,908.7455852691007,908.7455852691007,0
2025-10-12T14:00:00,908.7455852691007,908.7455852691007,0
2025-10-12T14:15:00,908.7455852691007,908.7455852691007,0
2025-10-12T14:30:00,907.3626537801392,726.7056696279944,1
2025-10-12T14:45:00,900.6448193064607,900.6448193064607,0
2025-10-12T15:00:00,900.6448193064607,900.6448193064607,0
2025-10-12T15:15:00,899.2774579136907,720.2276491029904,1
2025-10-12T15:30:00,891.6520183297741,720.2276491029904,1
2025-10-12T15:45:00,896.1509389131605,720.2276491029904,1
2025-10-12T16:00:00,904.8078989623287,720.2276491029904,1
2025-10-12T16:15:00,903.1212475991807,720.2276491029904,1
2025-10-12T16:30:00,911.4763858254698,720.2276491029904,1
2025-10-12T16:45:00,908.8771673037345,720.2276491029904,1
2025-10-12T17:00:00,915.0645146727563,720.2276491029904,1
2025-10-12T17:15:00,914.3845278600346,720.2276491029904,1
2025-10-12T17:30:00,914.9455613660922,720.2276491029904,1
2025-10-12T17:45:00,912.7085290318117,720.2276491029904,1
2025-10-12T18:00:00,914.0454221649175,720.2276491029904,1
2025-10-12T18:15:00,911.2491317470667,720.2276491029904,1
2025-10-12T18:30:00,907.8217234962766,907.8217234962766,0
2025-10-12T18:45:00,907.8217234962766,907.8217234962766,0
2025-10-12T19:00:00,907.8217234962766,907.8217234962766,0
2025-10-12T19:15:00,907.8217234962766,907.8217234962766,0
2025-10-12T19:30:00,907.8217234962766,907.8217234962766,0
2025-10-12T19:45:00,907.8217234962766,907.8217234962766,0
2025-10-12T20:00:00,907.8217234962766,907.8217234962766,0
2025-10-12T20:15:00,906.4434661082171,725.9668758455025,1
2025-10-12T20:30:00,905.6532934554266,725.9668758455025,1
2025-10-12T20:45:00,904.5371336776399,725.9668758455025,1
2025-10-12T21:00:00,907.2630908796366,725.9668758455025,1
2025-10-12T21:15:00,904.695533213087,725.9668758455025,1
2025-10-12T21:30:00,902.0376644098999,902.0376644098999,0
2025-10-12T21:45:00,902.0376644098999,902.0376644098999,0
2025-10-12T22:00:00,902.0376644098999,902.0376644098999,0
2025-10-12T22:15:00,902.0376644098999,902.0376644098999,0
2025-10-12T22:30:00,902.0376644098999,902.0376644098999,0
2025-10-12T22:45:00,902.0376644098999,902.0376644098999,0
2025-10-12T23:00:00,902.0376644098999,902.0376644098999,0
2025-10-12T23:15:00,902.0376644098999,902.0376644098999,0
2025-10-12T23:30:00,902.0376644098999,902.0376644098999,0
2025-10-12T23:45:00,902.0376644098999,902.0376644098999,0
2025-10-13T00:00:00,902.0376644098999,902.0376644098999,0
2025-10-13T00:15:00,902.0376644098999,902.0376644098999,0
2025-10-13T00:30:00,902.0376644098999,902.0376644098999,0
2025-10-13T00:45:00,902.0376644098999,902.0376644098999,0
2025-10-13T01:00:00,902.0376644098999,902.0376644098999,0
2025-10-13T01:15:00,900.6681883959388,721.3414794753087,1
2025-10-13T01:30:00,901.0986405955595,721.3414794753087,1
2025-10-13T01:45:00,901.3620479218839,721.3414794753087,1
2025-10-13T02:00:00,898.9600299061321,721.3414794753087,1
2025-10-13T02:15:00,898.2291462552848,721.3414794753087,1
2025-10-13T02:30:00,898.9295504497734,721.3414794753087,1
2025-10-13T02:45:00,898.910290425203,721.3414794753087,1
2025-10-13T03:00:00,899.8525980350878,721.3414794753087,1
2025-10-13T03:15:00,897.8951811690457,721.3414794753087,1
2025-10-13T03:30:00,895.4958063940796,895.4958063940796,0
2025-10-13T03:45:00,895.4958063940796,895.4958063940796,0
2025-10-13T04:00:00,895.4958063940796,895.4958063940796,0
2025-10-13T04:15:00,895.4958063940796,895.4958063940796,0
2025-10-13T04:30:00,895.4958063940796,895.4958063940796,0
2025-10-13T04:45:00,895.4958063940796,895.4958063940796,0
2025-10-13T05:00:00,895.4958063940796,895.4958063940796,0
2025-10-13T05:15:00,895.4958063940796,895.4958063940796,0
2025-10-13T05:30:00,895.4958063940796,895.4958063940796,0
2025-10-13T05:45:00,895.4958063940796,895.4958063940796,0
2025-10-13T06:00:00,895.4958063940796,895.4958063940796,0
2025-10-13T06:15:00,895.4958063940796,895.4958063940796,0
2025-10-13T06:30:00,895.4958063940796,895.4958063940796,0
2025-10-13T06:45:00,894.1362622465947,716.1100864572176,1
2025-10-13T07:00:00,895.2440647314463,716.1100864572176,1
2025-10-13T07:15:00,895.8285106288008,716.1100864572176,1
2025-10-13T07:30:00,895.4319888584158,716.1100864572176,1
2025-10-13T07:45:00,895.2441268140783,716.1100864572176,1
2025-10-13T08:00:00,894.7539844346844,716.1100864572176,1
2025-10-13T08:15:00,894.5676123735141,716.1100864572176,1
2025-10-13T08:30:00,894.079704968871,716.1100864572176,1
2025-10-13T08:45:00,894.3411970147238,716.1100864572176,1
2025-10-13T09:00:00,890.9578912638119,890.9578912638119,0
2025-10-13T09:15:00,890.9578912638119,890.9578912638119,0
2025-10-13T09:30:00,890.9578912638119,890.9578912638119,0
2025-10-13T09:45:00,890.9578912638119,890.9578912638119,0
2025-10-13T10:00:00,890.9578912638119,890.9578912638119,0
2025-10-13T10:15:00,890.9578912638119,890.9578912638119,0
2025-10-13T10:30:00,890.9578912638119,890.9578912638119,0
2025-10-13T10:45:00,890.9578912638119,890.9578912638119,0
2025-10-13T11:00:00,890.9578912638119,890.9578912638119,0
2025-10-13T11:15:00,890.9578912638119,890.9578912638119,0
2025-10-13T11:30:00,890.9578912638119,890.9578912638119,0
2025-10-13T11:45:00,890.9578912638119,890.9578912638119,0
2025-10-13T12:00:00,890.9578912638119,890.9578912638119,0
2025-10-13T12:15:00,890.9578912638119,890.9578912638119,0
2025-10-13T12:30:00,890.9578912638119,890.9578912638119,0
2025-10-13T12:45:00,890.9578912638119,890.9578912638119,0
2025-10-13T13:00:00,890.9578912638119,890.9578912638119,0
2025-10-13T13:15:00,890.9578912638119,890.9578912638119,0
2025-10-13T13:30:00,890.9578912638119,890.9578912638119,0
2025-10-13T13:45:00,890.9578912638119,890.9578912638119,0
2025-10-13T14:00:00,890.9578912638119,890.9578912638119,0
2025-10-13T14:15:00,890.9578912638119,890.9578912638119,0
2025-10-13T14:30:00,890.9578912638119,890.9578912638119,0
2025-10-13T14:45:00,890.9578912638119,890.9578912638119,0
2025-10-13T15:00:00,890.9578912638119,890.9578912638119,0
2025-10-13T15:15:00,890.9578912638119,890.9578912638119,0
2025-10-13T15:30:00,890.9578912638119,890.9578912638119,0
2025-10-13T15:45:00,890.9578912638119,890.9578912638119,0
2025-10-13T16:00:00,890.9578912638119,890.9578912638119,0
2025-10-13T16:15:00,889.605236591312,712.4812064858452,1
2025-10-13T16:30:00,887.8073423104435,712.4812064858452,1
2025-10-13T16:45:00,891.7527690354761,712.4812064858452,1
2025-10-13T17:00:00,891.5128212763516,712.4812064858452,1
2025-10-13T17:15:00,892.4349062364157,712.4812064858452,1
2025-10-13T17:30:00,894.9132238056586,712.4812064858452,1
2025-10-13T17:45:00,903.6833144016588,712.4812064858452,1
2025-10-13T18:00:00,898.8226583668227,712.4812064858452,1
2025-10-13T18:15:00,902.6309720866413,712.4812064858452,1
2025-10-13T18:30:00,903.852991745611,712.4812064858452,1
2025-10-13T18:45:00,902.6086912232942,712.4812064858452,1
2025-10-13T19:00:00,906.6706640027587,712.4812064858452,1
2025-10-13T19:15:00,906.0639389546868,712.4812064858452,1
2025-10-13T19:30:00,908.9690207526583,712.4812064858452,1
2025-10-13T19:45:00,906.655238789672,712.4812064858452,1
2025-10-13T20:00:00,908.2988809396749,712.4812064858452,1
2025-10-13T20:15:00,906.331309314854,712.4812064858452,1
2025-10-13T20:30:00,907.3373759906116,712.4812064858452,1
2025-10-13T20:45:00,912.5253893253962,712.4812064858452,1
2025-10-13T21:00:00,909.3717902054743,712.4812064858452,1
2025-10-13T21:15:00,909.2501024133469,712.4812064858452,1
2025-10-13T21:30:00,909.0427189929608,712.4812064858452,1
2025-10-13T21:45:00,907.163105448737,907.163105448737,0
2025-10-13T22:00:00,907.163105448737,907.163105448737,0
2025-10-13T22:15:00,907.163105448737,907.163105448737,0
2025-10-13T22:30:00,907.163105448737,907.163105448737,0
2025-10-13T22:45:00,907.163105448737,907.163105448737,0
2025-10-13T23:00:00,907.163105448737,907.163105448737,0
2025-10-13T23:15:00,907.163105448737,907.163105448737,0
2025-10-13T23:30:00,907.163105448737,907.163105448737,0
2025-10-13T23:45:00,907.163105448737,907.163105448737,0
2025-10-14T00:00:00,907.163105448737,907.163105448737,0
2025-10-14T00:15:00,907.163105448737,907.163105448737,0
2025-10-14T00:30:00,907.163105448737,907.163105448737,0
2025-10-14T00:45:00,907.163105448737,907.163105448737,0
2025-10-14T01:00:00,907.163105448737,907.163105448737,0
2025-10-14T01:15:00,907.163105448737,907.163105448737,0
2025-10-14T01:30:00,907.163105448737,907.163105448737,0
2025-10-14T01:45:00,907.163105448737,907.163105448737,0
2025-10-14T02:00:00,907.163105448737,907.163105448737,0
2025-10-14T02:15:00,907.163105448737,907.163105448737,0
2025-10-14T02:30:00,907.163105448737,907.163105448737,0
2025-10-14T02:45:00,907.163105448737,907.163105448737,0
2025-10-14T03:00:00,907.163105448737,907.163105448737,0
2025-10-14T03:15:00,907.163105448737,907.163105448737,0
2025-10-14T03:30:00,907.163105448737,907.163105448737,0
2025-10-14T03:45:00,907.163105448737,907.163105448737,0
2025-10-14T04:00:00,907.163105448737,907.163105448737,0
2025-10-14T04:15:00,907.163105448737,907.163105448737,0
2025-10-14T04:30:00,907.163105448737,907.163105448737,0
2025-10-14T04:45:00,907.163105448737,907.163105448737,0
2025-10-14T05:00:00,907.163105448737,907.163105448737,0
2025-10-14T05:15:00,907.163105448737,907.163105448737,0
2025-10-14T05:30:00,905.7825821818452,725.440192165246,1
2025-10-14T05:45:00,904.0946575245258,725.440192165246,1
2025-10-14T06:00:00,905.0075330019732,725.440192165246,1
2025-10-14T06:15:00,908.4693000086071,725.440192165246,1
2025-10-14T06:30:00,917.7090318019084,725.440192165246,1
2025-10-14T06:45:00,916.0175272407557,725.440192165246,1
2025-10-14T07:00:00,915.7830435396859,725.440192165246,1
2025-10-14T07:15:00,913.7210189318047,725.440192165246,1
2025-10-14T07:30:00,918.9154593936721,725.440192165246,1
2025-10-14T07:45:00,919.9894305436103,725.440192165246,1
2025-10-14T08:00:00,918.9065096340894,725.440192165246,1
2025-10-14T08:15:00,917.8808671858984,725.440192165246,1
2025-10-14T08:30:00,915.7257650783558,725.440192165246,1
2025-10-14T08:45:00,916.7083936101726,916.7083936101726,0
2025-10-14T09:00:00,916.7083936101726,916.7083936101726,0
2025-10-14T09:15:00,916.7083936101726,916.7083936101726,0
2025-10-14T09:30:00,916.7083936101726,916.7083936101726,0
2025-10-14T09:45:00,916.7083936101726,916.7083936101726,0
2025-10-14T10:00:00,916.7083936101726,916.7083936101726,0
2025-10-14T10:15:00,915.3133442979458,733.0733682021828,1
2025-10-14T10:30:00,915.319466080249,733.0733682021828,1
2025-10-14T10:45:00,913.6801592452284,733.0733682021828,1
2025-10-14T11:00:00,908.8116122452645,733.0733682021828,1
2025-10-14T11:15:00,907.3858533980521,907.3858533980521,0
2025-10-14T11:30:00,907.3858533980521,907.3858533980521,0
2025-10-14T11:45:00,907.3858533980521,907.3858533980521,0
2025-10-14T12:00:00,907.3858533980521,907.3858533980521,0
2025-10-14T12:15:00,907.3858533980521,907.3858533980521,0
2025-10-14T12:30:00,907.3858533980521,907.3858533980521,0
2025-10-14T12:45:00,907.3858533980521,907.3858533980521,0
2025-10-14T13:00:00,907.3858533980521,907.3858533980521,0
2025-10-14T13:15:00,907.3858533980521,907.3858533980521,0
2025-10-14T13:30:00,907.3858533980521,907.3858533980521,0
2025-10-14T13:45:00,907.3858533980521,907.3858533980521,0
2025-10-14T14:00:00,907.3858533980521,907.3858533980521,0
2025-10-14T14:15:00,907.3858533980521,907.3858533980521,0
2025-10-14T14:30:00,907.3858533980521,907.3858533980521,0
2025-10-14T14:45:00,907.3858533980521,907.3858533980521,0
2025-10-14T15:00:00,907.3858533980521,907.3858533980521,0
2025-10-14T15:15:00,907.3858533980521,907.3858533980521,0
2025-10-14T15:30:00,907.3858533980521,907.3858533980521,0
2025-10-14T15:45:00,907.3858533980521,907.3858533980521,0
2025-10-14T16:00:00,907.3858533980521,907.3858533980521,0
2025-10-14T16:15:00,907.3858533980521,907.3858533980521,0
2025-10-14T16:30:00,907.3858533980521,907.3858533980521,0
2025-10-14T16:45:00,907.3858533980521,907.3858533980521,0
2025-10-14T17:00:00,907.3858533980521,907.3858533980521,0
2025-10-14T17:15:00,907.3858533980521,907.3858533980521,0
2025-10-14T17:30:00,907.3858533980521,907.3858533980521,0
2025-10-14T17:45:00,907.3858533980521,907.3858533980521,0
2025-10-14T18:00:00,907.3858533980521,907.3858533980521,0
2025-10-14T18:15:00,907.3858533980521,907.3858533980521,0
2025-10-14T18:30:00,907.3858533980521,907.3858533980521,0
2025-10-14T18:45:00,907.3858533980521,907.3858533980521,0
2025-10-14T19:00:00,907.3858533980521,907.3858533980521,0
2025-10-14T19:15:00,907.3858533980521,907.3858533980521,0
2025-10-14T19:30:00,907.3858533980521,907.3858533980521,0
2025-10-14T19:45:00,907.3858533980521,907.3858533980521,0
2025-10-14T20:00:00,907.3858533980521,907.3858533980521,0
2025-10-14T20:15:00,907.3858533980521,907.3858533980521,0
2025-10-14T20:30:00,907.3858533980521,907.3858533980521,0
2025-10-14T20:45:00,907.3858533980521,907.3858533980521,0
2025-10-14T21:00:00,907.3858533980521,907.3858533980521,0
2025-10-14T21:15:00,907.3858533980521,907.3858533980521,0
2025-10-14T21:30:00,907.3858533980521,907.3858533980521,0
2025-10-14T21:45:00,907.3858533980521,907.3858533980521,0
2025-10-14T22:00:00,907.3858533980521,907.3858533980521,0
2025-10-14T22:15:00,907.3858533980521,907.3858533980521,0
2025-10-14T22:30:00,907.3858533980521,907.3858533980521,0
2025-10-14T22:45:00,907.3858533980521,907.3858533980521,0
2025-10-14T23:00:00,907.3858533980521,907.3858533980521,0
2025-10-14T23:15:00,907.3858533980521,907.3858533980521,0
2025-10-14T23:30:00,907.3858533980521,907.3858533980521,0
2025-10-14T23:45:00,907.3858533980521,907.3858533980521,0
2025-10-15T00:00:00,907.3858533980521,907.3858533980521,0
2025-10-15T00:15:00,907.3858533980521,907.3858533980521,0
2025-10-15T00:30:00,907.3858533980521,907.3858533980521,0
2025-10-15T00:45:00,907.3858533980521,907.3858533980521,0
2025-10-15T01:00:00,907.3858533980521,907.3858533980521,0
2025-10-15T01:15:00,907.3858533980521,907.3858533980521,0
2025-10-15T01:30:00,907.3858533980521,907.3858533980521,0
2025-10-15T01:45:00,907.3858533980521,907.3858533980521,0
2025-10-15T02:00:00,907.3858533980521,907.3858533980521,0
2025-10-15T02:15:00,907.3858533980521,907.3858533980521,0
2025-10-15T02:30:00,907.3858533980521,907.3858533980521,0
2025-10-15T02:45:00,907.3858533980521,907.3858533980521,0
2025-10-15T03:00:00,907.3858533980521,907.3858533980521,0
2025-10-15T03:15:00,907.3858533980521,907.3858533980521,0
2025-10-15T03:30:00,907.3858533980521,907.3858533980521,0
2025-10-15T03:45:00,907.3858533980521,907.3858533980521,0
2025-10-15T04:00:00,907.3858533980521,907.3858533980521,0
2025-10-15T04:15:00,907.3858533980521,907.3858533980521,0
2025-10-15T04:30:00,907.3858533980521,907.3858533980521,0
2025-10-15T04:45:00,907.3858533980521,907.3858533980521,0
2025-10-15T05:00:00,907.3858533980521,907.3858533980521,0
2025-10-15T05:15:00,907.3858533980521,907.3858533980521,0
2025-10-15T05:30:00,907.3858533980521,907.3858533980521,0
2025-10-15T05:45:00,907.3858533980521,907.3858533980521,0
2025-10-15T06:00:00,907.3858533980521,907.3858533980521,0
2025-10-15T06:15:00,907.3858533980521,907.3858533980521,0
2025-10-15T06:30:00,907.3858533980521,907.3858533980521,0
2025-10-15T06:45:00,906.0082577491507,725.6183192453543,1
2025-10-15T07:00:00,906.1138522030627,725.6183192453543,1
2025-10-15T07:15:00,905.0403085882909,725.6183192453543,1
2025-10-15T07:30:00,905.3042947230709,725.6183192453543,1
2025-10-15T07:45:00,906.627745212101,725.6183192453543,1
2025-10-15T08:00:00,909.438317593725,725.6183192453543,1
2025-10-15T08:15:00,915.740546584705,725.6183192453543,1
2025-10-15T08:30:00,919.2515621772786,725.6183192453543,1
2025-10-15T08:45:00,917.1431929141693,725.6183192453543,1
2025-10-15T09:00:00,916.4357100729591,725.6183192453543,1
2025-10-15T09:15:00,912.1644144122192,725.6183192453543,1
2025-10-15T09:30:00,913.4544266575107,725.6183192453543,1
2025-10-15T09:45:00,912.5815125051715,725.6183192453543,1
2025-10-15T10:00:00,912.426640639434,725.6183192453543,1
2025-10-15T10:15:00,907.0200449558133,907.0200449558133,0
2025-10-15T10:30:00,907.0200449558133,907.0200449558133,0
2025-10-15T10:45:00,907.0200449558133,907.0200449558133,0
2025-10-15T11:00:00,907.0200449558133,907.0200449558133,0
2025-10-15T11:15:00,907.0200449558133,907.0200449558133,0
2025-10-15T11:30:00,907.0200449558133,907.0200449558133,0
2025-10-15T11:45:00,907.0200449558133,907.0200449558133,0
2025-10-15T12:00:00,907.0200449558133,907.0200449558133,0
2025-10-15T12:15:00,905.6397393987664,725.3257895502647,1
2025-10-15T12:30:00,904.7557859441649,725.3257895502647,1
2025-10-15T12:45:00,904.0653908498196,725.3257895502647,1
2025-10-15T13:00:00,905.6422819302754,725.3257895502647,1
2025-10-15T13:15:00,905.888842293525,725.3257895502647,1
2025-10-15T13:30:00,906.5004841042096,725.3257895502647,1
2025-10-15T13:45:00,906.1662390004599,725.3257895502647,1
2025-10-15T14:00:00,901.9721702937059,725.3257895502647,1
2025-10-15T14:15:00,902.1304687869415,902.1304687869415,0
2025-10-15T14:30:00,902.1304687869415,902.1304687869415,0
2025-10-15T14:45:00,900.7576042001301,721.4156932795413,1
2025-10-15T15:00:00,901.5218742351569,721.4156932795413,1
2025-10-15T15:15:00,900.8423228125033,721.4156932795413,1
2025-10-15T15:30:00,905.17018213821,721.4156932795413,1
2025-10-15T15:45:00,905.9668975992522,721.4156932795413,1
2025-10-15T16:00:00,904.8096774047067,721.4156932795413,1
2025-10-15T16:15:00,903.5370956954403,721.4156932795413,1
2025-10-15T16:30:00,905.3468294576267,721.4156932795413,1
2025-10-15T16:45:00,906.8501341963351,721.4156932795413,1
2025-10-15T17:00:00,913.6925140382269,721.4156932795413,1
2025-10-15T17:15:00,912.0504149771197,721.4156932795413,1
2025-10-15T17:30:00,908.1984218996373,721.4156932795413,1
2025-10-15T17:45:00,903.79846162723,721.4156932795413,1
2025-10-15T18:00:00,905.1567623354456,905.1567623354456,0
2025-10-15T18:15:00,905.1567623354456,905.1567623354456,0
2025-10-15T18:30:00,905.1567623354456,905.1567623354456,0
2025-10-15T18:45:00,905.1567623354456,905.1567623354456,0
2025-10-15T19:00:00,905.1567623354456,905.1567623354456,0
2025-10-15T19:15:00,905.1567623354456,905.1567623354456,0
2025-10-15T19:30:00,905.1567623354456,905.1567623354456,0
2025-10-15T19:45:00,905.1567623354456,905.1567623354456,0
2025-10-15T20:00:00,905.1567623354456,905.1567623354456,0
2025-10-15T20:15:00,905.1567623354456,905.1567623354456,0
2025-10-15T20:30:00,905.1567623354456,905.1567623354456,0
2025-10-15T20:45:00,905.1567623354456,905.1567623354456,0
2025-10-15T21:00:00,905.1567623354456,905.1567623354456,0
2025-10-15T21:15:00,905.1567623354456,905.1567623354456,0
2025-10-15T21:30:00,905.1567623354456,905.1567623354456,0
2025-10-15T21:45:00,905.1567623354456,905.1567623354456,0
2025-10-15T22:00:00,905.1567623354456,905.1567623354456,0
2025-10-15T22:15:00,905.1567623354456,905.1567623354456,0
2025-10-15T22:30:00,905.1567623354456,905.1567623354456,0
2025-10-15T22:45:00,903.779292326929,723.8357597044092,1
2025-10-15T23:00:00,902.5532813759104,723.8357597044092,1
2025-10-15T23:15:00,902.3898481987314,723.8357597044092,1
2025-10-15T23:30:00,901.9836243553746,723.8357597044092,1
2025-10-15T23:45:00,903.1547207103723,723.8357597044092,1
2025-10-16T00:00:00,904.5522906260478,723.8357597044092,1
2025-10-16T00:15:00,903.014026632023,723.8357597044092,1
2025-10-16T00:30:00,905.7446844079032,723.8357597044092,1
2025-10-16T00:45:00,905.3304003076124,723.8357597044092,1
2025-10-16T01:00:00,900.9899663967941,900.9899663967941,0
2025-10-16T01:15:00,900.9899663967941,900.9899663967941,0
2025-10-16T01:30:00,900.9899663967941,900.9899663967941,0
2025-10-16T01:45:00,900.9899663967941,900.9899663967941,0
2025-10-16T02:00:00,900.9899663967941,900.9899663967941,0
2025-10-16T02:15:00,900.9899663967941,900.9899663967941,0
2025-10-16T02:30:00,900.9899663967941,900.9899663967941,0
2025-10-16T02:45:00,900.9899663967941,900.9899663967941,0
2025-10-16T03:00:00,900.9899663967941,900.9899663967941,0
2025-10-16T03:15:00,900.9899663967941,900.9899663967941,0
2025-10-16T03:30:00,900.9899663967941,900.9899663967941,0
2025-10-16T03:45:00,900.9899663967941,900.9899663967941,0
2025-10-16T04:00:00,900.9899663967941,900.9899663967941,0
2025-10-16T04:15:00,900.9899663967941,900.9899663967941,0
2025-10-16T04:30:00,900.9899663967941,900.9899663967941,0
2025-10-16T04:45:00,900.9899663967941,900.9899663967941,0
2025-10-16T05:00:00,900.9899663967941,900.9899663967941,0
2025-10-16T05:15:00,900.9899663967941,900.9899663967941,0
2025-10-16T05:30:00,900.9899663967941,900.9899663967941,0
2025-10-16T05:45:00,900.9899663967941,900.9899663967941,0
2025-10-16T06:00:00,899.6188374296041,720.5036563281883,1
2025-10-16T06:15:00,896.5812122322031,896.5812122322031,0
2025-10-16T06:30:00,896.5812122322031,896.5812122322031,0
2025-10-16T06:45:00,896.5812122322031,896.5812122322031,0
2025-10-16T07:00:00,896.5812122322031,896.5812122322031,0
2025-10-16T07:15:00,896.5812122322031,896.5812122322031,0
2025-10-16T07:30:00,896.5812122322031,896.5812122322031,0
2025-10-16T07:45:00,896.5812122322031,896.5812122322031,0
2025-10-16T08:00:00,896.5812122322031,896.5812122322031,0
2025-10-16T08:15:00,896.5812122322031,896.5812122322031,0
2025-10-16T08:30:00,895.2167925190224,716.9780637978482,1
2025-10-16T08:45:00,894.7363500373775,716.9780637978482,1
2025-10-16T09:00:00,893.564934098985,716.9780637978482,1
2025-10-16T09:15:00,895.8789754150722,716.9780637978482,1
2025-10-16T09:30:00,889.6543898407577,889.6543898407577,0
2025-10-16T09:45:00,889.6543898407577,889.6543898407577,0
2025-10-16T10:00:00,889.6543898407577,889.6543898407577,0
2025-10-16T10:15:00,889.6543898407577,889.6543898407577,0
2025-10-16T10:30:00,889.6543898407577,889.6543898407577,0
2025-10-16T10:45:00,889.6543898407577,889.6543898407577,0
2025-10-16T11:00:00,889.6543898407577,889.6543898407577,0
2025-10-16T11:15:00,889.6543898407577,889.6543898407577,0
2025-10-16T11:30:00,889.6543898407577,889.6543898407577,0
2025-10-16T11:45:00,889.6543898407577,889.6543898407577,0
2025-10-16T12:00:00,889.6543898407577,889.6543898407577,0
2025-10-16T12:15:00,889.6543898407577,889.6543898407577,0
2025-10-16T12:30:00,889.6543898407577,889.6543898407577,0
2025-10-16T12:45:00,889.6543898407577,889.6543898407577,0
2025-10-16T13:00:00,889.6543898407577,889.6543898407577,0
2025-10-16T13:15:00,889.6543898407577,889.6543898407577,0
2025-10-16T13:30:00,889.6543898407577,889.6543898407577,0
2025-10-16T13:45:00,889.6543898407577,889.6543898407577,0
2025-10-16T14:00:00,888.3005113846227,711.4388224678571,1
2025-10-16T14:15:00,887.5482536372663,711.4388224678571,1
2025-10-16T14:30:00,880.4533404822698,880.4533404822698,0
2025-10-16T14:45:00,880.4533404822698,880.4533404822698,0
2025-10-16T15:00:00,880.4533404822698,880.4533404822698,0
2025-10-16T15:15:00,880.4533404822698,880.4533404822698,0
2025-10-16T15:30:00,880.4533404822698,880.4533404822698,0
2025-10-16T15:45:00,880.4533404822698,880.4533404822698,0
2025-10-16T16:00:00,879.1134642079287,704.0809273168616,1
2025-10-16T16:15:00,883.2006437897174,704.0809273168616,1
2025-10-16T16:30:00,880.5921519115569,704.0809273168616,1
2025-10-16T16:45:00,867.893152989812,704.0809273168616,1
2025-10-16T17:00:00,874.2923638343639,704.0809273168616,1
2025-10-16T17:15:00,871.1813350593713,704.0809273168616,1
2025-10-16T17:30:00,874.6267858700255,704.0809273168616,1
2025-10-16T17:45:00,875.6734364573124,704.0809273168616,1
2025-10-16T18:00:00,882.0690319285058,704.0809273168616,1
2025-10-16T18:15:00,881.5610719716359,704.0809273168616,1
2025-10-16T18:30:00,878.2150439283406,704.0809273168616,1
2025-10-16T18:45:00,878.6525041047196,704.0809273168616,1
2025-10-16T19:00:00,882.5625303919414,704.0809273168616,1
2025-10-16T19:15:00,884.1334101162114,704.0809273168616,1
2025-10-16T19:30:00,886.3930184652763,704.0809273168616,1
2025-10-16T19:45:00,885.5000212457259,704.0809273168616,1
2025-10-16T20:00:00,886.555710266409,704.0809273168616,1
2025-10-16T20:15:00,887.0727086566751,704.0809273168616,1
2025-10-16T20:30:00,889.1334714710223,704.0809273168616,1
2025-10-16T20:45:00,888.3959353058875,704.0809273168616,1
2025-10-16T21:00:00,886.8865169287121,704.0809273168616,1
2025-10-16T21:15:00,884.331036800832,884.331036800832,0
2025-10-16T21:30:00,884.331036800832,884.331036800832,0
2025-10-16T21:45:00,884.331036800832,884.331036800832,0
2025-10-16T22:00:00,884.331036800832,884.331036800832,0
2025-10-16T22:15:00,884.331036800832,884.331036800832,0
2025-10-16T22:30:00,884.331036800832,884.331036800832,0
2025-10-16T22:45:00,884.331036800832,884.331036800832,0
2025-10-16T23:00:00,884.331036800832,884.331036800832,0
2025-10-16T23:15:00,884.331036800832,884.331036800832,0
2025-10-16T23:30:00,884.331036800832,884.331036800832,0
2025-10-16T23:45:00,884.331036800832,884.331036800832,0
2025-10-17T00:00:00,884.331036800832,884.331036800832,0
2025-10-17T00:15:00,884.331036800832,884.331036800832,0
2025-10-17T00:30:00,884.331036800832,884.331036800832,0
2025-10-17T00:45:00,884.331036800832,884.331036800832,0
2025-10-17T01:00:00,884.331036800832,884.331036800832,0
2025-10-17T01:15:00,884.331036800832,884.331036800832,0
2025-10-17T01:30:00,884.331036800832,884.331036800832,0
2025-10-17T01:45:00,884.331036800832,884.331036800832,0
2025-10-17T02:00:00,884.331036800832,884.331036800832,0
2025-10-17T02:15:00,884.331036800832,884.331036800832,0
2025-10-17T02:30:00,884.331036800832,884.331036800832,0
2025-10-17T02:45:00,884.331036800832,884.331036800832,0
2025-10-17T03:00:00,884.331036800832,884.331036800832,0
2025-10-17T03:15:00,884.331036800832,884.331036800832,0
2025-10-17T03:30:00,884.331036800832,884.331036800832,0
2025-10-17T03:45:00,884.331036800832,884.331036800832,0
2025-10-17T04:00:00,884.331036800832,884.331036800832,0
2025-10-17T04:15:00,884.331036800832,884.331036800832,0
2025-10-17T04:30:00,884.331036800832,884.331036800832,0
2025-10-17T04:45:00,884.331036800832,884.331036800832,0
2025-10-17T05:00:00,884.331036800832,884.331036800832,0
2025-10-17T05:15:00,884.331036800832,884.331036800832,0
2025-10-17T05:30:00,884.331036800832,884.331036800832,0
2025-10-17T05:45:00,882.9852594377478,707.1818435088893,1
2025-10-17T06:00:00,882.9707093461922,707.1818435088893,1
2025-10-17T06:15:00,888.2669426724557,707.1818435088893,1
2025-10-17T06:30:00,895.1891487300652,707.1818435088893,1
2025-10-17T06:45:00,896.7987526084112,707.1818435088893,1
2025-10-17T07:00:00,904.2011116873578,707.1818435088893,1
2025-10-17T07:15:00,903.1407737652384,707.1818435088893,1
2025-10-17T07:30:00,904.4957510413601,707.1818435088893,1
2025-10-17T07:45:00,908.2969624602787,707.1818435088893,1
2025-10-17T08:00:00,910.7868468777425,707.1818435088893,1
2025-10-17T08:15:00,912.8584161629809,707.1818435088893,1
2025-10-17T08:30:00,914.611702195439,707.1818435088893,1
2025-10-17T08:45:00,916.9706357889019,707.1818435088893,1
2025-10-17T09:00:00,912.105448924975,707.1818435088893,1
2025-10-17T09:15:00,910.5795080730742,707.1818435088893,1
2025-10-17T09:30:00,910.3230627094056,707.1818435088893,1
2025-10-17T09:45:00,914.1406429813242,707.1818435088893,1
2025-10-17T10:00:00,915.1318679685542,707.1818435088893,1
2025-10-17T10:15:00,920.9955548654889,707.1818435088893,1
2025-10-17T10:30:00,918.9876422308065,707.1818435088893,1
2025-10-17T10:45:00,913.9587668368783,707.1818435088893,1
2025-10-17T11:00:00,903.9306803020804,903.9306803020804,0
2025-10-17T11:15:00,903.9306803020804,903.9306803020804,0
2025-10-17T11:30:00,903.9306803020804,903.9306803020804,0
2025-10-17T11:45:00,903.9306803020804,903.9306803020804,0
2025-10-17T12:00:00,903.9306803020804,903.9306803020804,0
2025-10-17T12:15:00,903.9306803020804,903.9306803020804,0
2025-10-17T12:30:00,903.9306803020804,903.9306803020804,0
2025-10-17T12:45:00,903.9306803020804,903.9306803020804,0
2025-10-17T13:00:00,903.9306803020804,903.9306803020804,0
2025-10-17T13:15:00,903.9306803020804,903.9306803020804,0
2025-10-17T13:30:00,903.9306803020804,903.9306803020804,0
2025-10-17T13:45:00,903.9306803020804,903.9306803020804,0
2025-10-17T14:00:00,903.9306803020804,903.9306803020804,0
2025-10-17T14:15:00,903.9306803020804,903.9306803020804,0
2025-10-17T14:30:00,903.9306803020804,903.9306803020804,0
2025-10-17T14:45:00,903.9306803020804,903.9306803020804,0
2025-10-17T15:00:00,903.9306803020804,903.9306803020804,0
2025-10-17T15:15:00,903.9306803020804,903.9306803020804,0
2025-10-17T15:30:00,903.9306803020804,903.9306803020804,0
2025-10-17T15:45:00,903.9306803020804,903.9306803020804,0
2025-10-17T16:00:00,903.9306803020804,903.9306803020804,0
2025-10-17T16:15:00,903.9306803020804,903.9306803020804,0
2025-10-17T16:30:00,903.9306803020804,903.9306803020804,0
2025-10-17T16:45:00,903.9306803020804,903.9306803020804,0
2025-10-17T17:00:00,903.9306803020804,903.9306803020804,0
2025-10-17T17:15:00,903.9306803020804,903.9306803020804,0
2025-10-17T17:30:00,903.9306803020804,903.9306803020804,0
2025-10-17T17:45:00,903.9306803020804,903.9306803020804,0
2025-10-17T18:00:00,903.9306803020804,903.9306803020804,0
2025-10-17T18:15:00,903.9306803020804,903.9306803020804,0
2025-10-17T18:30:00,903.9306803020804,903.9306803020804,0
2025-10-17T18:45:00,903.9306803020804,903.9306803020804,0
2025-10-17T19:00:00,903.9306803020804,903.9306803020804,0
2025-10-17T19:15:00,903.9306803020804,903.9306803020804,0
2025-10-17T19:30:00,903.9306803020804,903.9306803020804,0
2025-10-17T19:45:00,903.9306803020804,903.9306803020804,0
2025-10-17T20:00:00,903.9306803020804,903.9306803020804,0
2025-10-17T20:15:00,903.9306803020804,903.9306803020804,0
2025-10-17T20:30:00,903.9306803020804,903.9306803020804,0
2025-10-17T20:45:00,903.9306803020804,903.9306803020804,0
2025-10-17T21:00:00,903.9306803020804,903.9306803020804,0
2025-10-17T21:15:00,903.9306803020804,903.9306803020804,0
2025-10-17T21:30:00,903.9306803020804,903.9306803020804,0
2025-10-17T21:45:00,903.9306803020804,903.9306803020804,0
2025-10-17T22:00:00,903.9306803020804,903.9306803020804,0
2025-10-17T22:15:00,903.9306803020804,903.9306803020804,0
2025-10-17T22:30:00,903.9306803020804,903.9306803020804,0
2025-10-17T22:45:00,903.9306803020804,903.9306803020804,0
2025-10-17T23:00:00,903.9306803020804,903.9306803020804,0
2025-10-17T23:15:00,903.9306803020804,903.9306803020804,0
2025-10-17T23:30:00,903.9306803020804,903.9306803020804,0
2025-10-17T23:45:00,903.9306803020804,903.9306803020804,0
2025-10-18T00:00:00,903.9306803020804,903.9306803020804,0
2025-10-18T00:15:00,903.9306803020804,903.9306803020804,0
2025-10-18T00:30:00,903.9306803020804,903.9306803020804,0
2025-10-18T00:45:00,903.9306803020804,903.9306803020804,0
2025-10-18T01:00:00,903.9306803020804,903.9306803020804,0
2025-10-18T01:15:00,903.9306803020804,903.9306803020804,0
2025-10-18T01:30:00,903.9306803020804,903.9306803020804,0
2025-10-18T01:45:00,903.9306803020804,903.9306803020804,0
2025-10-18T02:00:00,903.9306803020804,903.9306803020804,0
2025-10-18T02:15:00,903.9306803020804,903.9306803020804,0
2025-10-18T02:30:00,903.9306803020804,903.9306803020804,0
2025-10-18T02:45:00,903.9306803020804,903.9306803020804,0
2025-10-18T03:00:00,903.9306803020804,903.9306803020804,0
2025-10-18T03:15:00,903.9306803020804,903.9306803020804,0
2025-10-18T03:30:00,903.9306803020804,903.9306803020804,0
2025-10-18T03:45:00,903.9306803020804,903.9306803020804,0
2025-10-18T04:00:00,903.9306803020804,903.9306803020804,0
2025-10-18T04:15:00,903.9306803020804,903.9306803020804,0
2025-10-18T04:30:00,902.5550761485174,722.8552864239676,1
2025-10-18T04:45:00,902.3665533729877,722.8552864239676,1
2025-10-18T05:00:00,901.615591844191,722.8552864239676,1
2025-10-18T05:15:00,901.5950455149922,722.8552864239676,1
2025-10-18T05:30:00,900.9698111926836,722.8552864239676,1
2025-10-18T05:45:00,899.5155696515658,899.5155696515658,0
2025-10-18T06:00:00,899.5155696515658,899.5155696515658,0
