timestamp,equity,cash,open_positions
2026-01-16T06:00:00,1000.0,1000.0,0
2026-01-16T06:15:00,1000.0,1000.0,0
2026-01-16T06:30:00,1000.0,1000.0,0
2026-01-16T06:45:00,1000.0,1000.0,0
2026-01-16T07:00:00,1000.0,1000.0,0
2026-01-16T07:15:00,1000.0,1000.0,0
2026-01-16T07:30:00,1000.0,1000.0,0
2026-01-16T07:45:00,1000.0,1000.0,0
2026-01-16T08:00:00,1000.0,1000.0,0
2026-01-16T08:15:00,1000.0,1000.0,0
2026-01-16T08:30:00,1000.0,1000.0,0
2026-01-16T08:45:00,1000.0,1000.0,0
2026-01-16T09:00:00,1000.0,1000.0,0
2026-01-16T09:15:00,1000.0,1000.0,0
2026-01-16T09:30:00,1000.0,1000.0,0
2026-01-16T09:45:00,1000.0,1000.0,0
2026-01-16T10:00:00,1000.0,1000.0,0
2026-01-16T10:15:00,1000.0,1000.0,0
2026-01-16T10:30:00,1000.0,1000.0,0
2026-01-16T10:45:00,1000.0,1000.0,0
2026-01-16T11:00:00,1000.0,1000.0,0
2026-01-16T11:15:00,1000.0,1000.0,0
2026-01-16T11:30:00,1000.0,1000.0,0
2026-01-16T11:45:00,1000.0,1000.0,0
2026-01-16T12:00:00,1000.0,1000.0,0
2026-01-16T12:15:00,1000.0,1000.0,0
2026-01-16T12:30:00,1000.0,1000.0,0
2026-01-16T12:45:00,1000.0,1000.0,0
2026-01-16T13:00:00,1000.0,1000.0,0
2026-01-16T13:15:00,1000.0,1000.0,0
2026-01-16T13:30:00,1000.0,1000.0,0
2026-01-16T13:45:00,1000.0,1000.0,0
2026-01-16T14:00:00,1000.0,1000.0,0
2026-01-16T14:15:00,1000.0,1000.0,0
2026-01-16T14:30:00,1000.0,1000.0,0
2026-01-16T14:45:00,1000.0,1000.0,0
2026-01-16T15:00:00,1000.0,1000.0,0
2026-01-16T15:15:00,1000.0,1000.0,0
2026-01-16T15:30:00,1000.0,1000.0,0
2026-01-16T15:45:00,1000.0,1000.0,0
2026-01-16T16:00:00,1000.0,1000.0,0
2026-01-16T16:15:00,1000.0,1000.0,0
2026-01-16T16:30:00,1000.0,1000.0,0
2026-01-16T16:45:00,1000.0,1000.0,0
2026-01-16T17:00:00,1000.0,1000.0,0
2026-01-16T17:15:00,1000.0,1000.0,0
2026-01-16T17:30:00,1000.0,1000.0,0
2026-01-16T17:45:00,1000.0,1000.0,0
2026-01-16T18:00:00,1000.0,1000.0,0
2026-01-16T18:15:00,1000.0,1000.0,0
2026-01-16T18:30:00,1000.0,1000.0,0
2026-01-16T18:45:00,1000.0,1000.0,0
2026-01-16T19:00:00,1000.0,1000.0,0
2026-01-16T19:15:00,1000.0,1000.0,0
2026-01-16T19:30:00,1000.0,1000.0,0
2026-01-16T19:45:00,1000.0,1000.0,0
2026-01-16T20:00:00,1000.0,1000.0,0
2026-01-16T20:15:00,1000.0,1000.0,0
2026-01-16T20:30:00,1000.0,1000.0,0
2026-01-16T20:45:00,1000.0,1000.0,0
2026-01-16T21:00:00,1000.0,1000.0,0
2026-01-16T21:15:00,1000.0,1000.0,0
2026-01-16T21:30:00,1000.0,1000.0,0
2026-01-16T21:45:00,1000.0,1000.0,0
2026-01-16T22:00:00,1000.0,1000.0,0
2026-01-16T22:15:00,1000.0,1000.0,0
2026-01-16T22:30:00,1000.0,1000.0,0
2026-01-16T22:45:00,1000.0,1000.0,0
2026-01-16T23:00:00,1000.0,1000.0,0
2026-01-16T23:15:00,1000.0,1000.0,0
2026-01-16T23:30:00,1000.0,1000.0,0
2026-01-16T23:45:00,1000.0,1000.0,0
2026-01-17T00:00:00,1000.0,1000.0,0
2026-01-17T00:15:00,1000.0,1000.0,0
2026-01-17T00:30:00,1000.0,1000.0,0
2026-01-17T00:45:00,1000.0,1000.0,0
2026-01-17T01:00:00,1000.0,1000.0,0
2026-01-17T01:15:00,1000.0,1000.0,0
2026-01-17T01:30:00,1000.0,1000.0,0
2026-01-17T01:45:00,1000.0,1000.0,0
2026-01-17T02:00:00,1000.0,1000.0,0
2026-01-17T02:15:00,1000.0,1000.0,0
2026-01-17T02:30:00,1000.0,1000.0,0
2026-01-17T02:45:00,1000.0,1000.0,0
2026-01-17T03:00:00,1000.0,1000.0,0
2026-01-17T03:15:00,1000.0,1000.0,0
2026-01-17T03:30:00,1000.0,1000.0,0
2026-01-17T03:45:00,1000.0,1000.0,0
2026-01-17T04:00:00,1000.0,1000.0,0
2026-01-17T04:15:00,1000.0,1000.0,0
2026-01-17T04:30:00,1000.0,1000.0,0
2026-01-17T04:45:00,1000.0,1000.0,0
2026-01-17T05:00:00,1000.0,1000.0,0
2026-01-17T05:15:00,1000.0,1000.0,0
2026-01-17T05:30:00,1000.0,1000.0,0
2026-01-17T05:45:00,1000.0,1000.0,0
2026-01-17T06:00:00,1000.0,1000.0,0
2026-01-17T06:15:00,1000.0,1000.0,0
2026-01-17T06:30:00,1000.0,1000.0,0
2026-01-17T06:45:00,1000.0,1000.0,0
2026-01-17T07:00:00,1000.0,1000.0,0
2026-01-17T07:15:00,1000.0,1000.0,0
2026-01-17T07:30:00,1000.0,1000.0,0
2026-01-17T07:45:00,1000.0,1000.0,0
2026-01-17T08:00:00,1000.0,1000.0,0
2026-01-17T08:15:00,1000.0,1000.0,0
2026-01-17T08:30:00,1000.0,1000.0,0
2026-01-17T08:45:00,1000.0,1000.0,0
2026-01-17T09:00:00,1000.0,1000.0,0
2026-01-17T09:15:00,1000.0,1000.0,0
2026-01-17T09:30:00,1000.0,1000.0,0
2026-01-17T09:45:00,1000.0,1000.0,0
2026-01-17T10:00:00,1000.0,1000.0,0
2026-01-17T10:15:00,1000.0,1000.0,0
2026-01-17T10:30:00,1000.0,1000.0,0
2026-01-17T10:45:00,1000.0,1000.0,0
2026-01-17T11:00:00,1000.0,1000.0,0
2026-01-17T11:15:00,1000.0,1000.0,0
2026-01-17T11:30:00,1000.0,1000.0,0
2026-01-17T11:45:00,1000.0,1000.0,0
2026-01-17T12:00:00,1000.0,1000.0,0
2026-01-17T12:15:00,1000.0,1000.0,0
2026-01-17T12:30:00,1000.0,1000.0,0
2026-01-17T12:45:00,1000.0,1000.0,0
2026-01-17T13:00:00,1000.0,1000.0,0
2026-01-17T13:15:00,1000.0,1000.0,0
2026-01-17T13:30:00,1000.0,1000.0,0
2026-01-17T13:45:00,1000.0,1000.0,0
2026-01-17T14:00:00,1000.0,1000.0,0
2026-01-17T14:15:00,1000.0,1000.0,0
2026-01-17T14:30:00,1000.0,1000.0,0
2026-01-17T14:45:00,1000.0,1000.0,0
2026-01-17T15:00:00,1000.0,1000.0,0
2026-01-17T15:15:00,1000.0,1000.0,0
2026-01-17T15:30:00,1000.0,1000.0,0
2026-01-17T15:45:00,1000.0,1000.0,0
2026-01-17T16:00:00,1000.0,1000.0,0
2026-01-17T16:15:00,1000.0,1000.0,0
2026-01-17T16:30:00,1000.0,1000.0,0
2026-01-17T16:45:00,1000.0,1000.0,0
2026-01-17T17:00:00,1000.0,1000.0,0
2026-01-17T17:15:00,1000.0,1000.0,0
2026-01-17T17:30:00,1000.0,1000.0,0
2026-01-17T17:45:00,1000.0,1000.0,0
2026-01-17T18:00:00,1000.0,1000.0,0
2026-01-17T18:15:00,1000.0,1000.0,0
2026-01-17T18:30:00,1000.0,1000.0,0
2026-01-17T18:45:00,1000.0,1000.0,0
2026-01-17T19:00:00,1000.0,1000.0,0
2026-01-17T19:15:00,1000.0,1000.0,0
2026-01-17T19:30:00,1000.0,1000.0,0
2026-01-17T19:45:00,1000.0,1000.0,0
2026-01-17T20:00:00,1000.0,1000.0,0
2026-01-17T20:15:00,1000.0,1000.0,0
2026-01-17T20:30:00,1000.0,1000.0,0
2026-01-17T20:45:00,1000.0,1000.0,0
2026-01-17T21:00:00,1000.0,1000.0,0
2026-01-17T21:15:00,1000.0,1000.0,0
2026-01-17T21:30:00,1000.0,1000.0,0
2026-01-17T21:45:00,1000.0,1000.0,0
2026-01-17T22:00:00,1000.0,1000.0,0
2026-01-17T22:15:00,1000.0,1000.0,0
2026-01-17T22:30:00,1000.0,1000.0,0
2026-01-17T22:45:00,1000.0,1000.0,0
2026-01-17T23:00:00,1000.0,1000.0,0
2026-01-17T23:15:00,1000.0,1000.0,0
2026-01-17T23:30:00,1000.0,1000.0,0
2026-01-17T23:45:00,1000.0,1000.0,0
2026-01-18T00:00:00,1000.0,1000.0,0
2026-01-18T00:15:00,1000.0,1000.0,0
2026-01-18T00:30:00,1000.0,1000.0,0
2026-01-18T00:45:00,1000.0,1000.0,0
2026-01-18T01:00:00,1000.0,1000.0,0
2026-01-18T01:15:00,1000.0,1000.0,0
2026-01-18T01:30:00,1000.0,1000.0,0
2026-01-18T01:45:00,1000.0,1000.0,0
2026-01-18T02:00:00,1000.0,1000.0,0
2026-01-18T02:15:00,1000.0,1000.0,0
2026-01-18T02:30:00,1000.0,1000.0,0
2026-01-18T02:45:00,1000.0,1000.0,0
2026-01-18T03:00:00,1000.0,1000.0,0
2026-01-18T03:15:00,1000.0,1000.0,0
2026-01-18T03:30:00,1000.0,1000.0,0
2026-01-18T03:45:00,1000.0,1000.0,0
2026-01-18T04:00:00,1000.0,1000.0,0
2026-01-18T04:15:00,1000.0,1000.0,0
2026-01-18T04:30:00,1000.0,1000.0,0
2026-01-18T04:45:00,1000.0,1000.0,0
2026-01-18T05:00:00,1000.0,1000.0,0
2026-01-18T05:15:00,1000.0,1000.0,0
2026-01-18T05:30:00,1000.0,1000.0,0
2026-01-18T05:45:00,1000.0,1000.0,0
2026-01-18T06:00:00,1000.0,1000.0,0
2026-01-18T06:15:00,1000.0,1000.0,0
2026-01-18T06:30:00,1000.0,1000.0,0
2026-01-18T06:45:00,1000.0,1000.0,0
2026-01-18T07:00:00,1000.0,1000.0,0
2026-01-18T07:15:00,1000.0,1000.0,0
2026-01-18T07:30:00,1000.0,1000.0,0
2026-01-18T07:45:00,1000.0,1000.0,0
2026-01-18T08:00:00,1000.0,1000.0,0
2026-01-18T08:15:00,1000.0,1000.0,0
2026-01-18T08:30:00,1000.0,1000.0,0
2026-01-18T08:45:00,1000.0,1000.0,0
2026-01-18T09:00:00,1000.0,1000.0,0
2026-01-18T09:15:00,1000.0,1000.0,0
2026-01-18T09:30:00,1000.0,1000.0,0
2026-01-18T09:45:00,1000.0,1000.0,0
2026-01-18T10:00:00,1000.0,1000.0,0
2026-01-18T10:15:00,1000.0,1000.0,0
2026-01-18T10:30:00,1000.0,1000.0,0
2026-01-18T10:45:00,1000.0,1000.0,0
2026-01-18T11:00:00,1000.0,1000.0,0
2026-01-18T11:15:00,1000.0,1000.0,0
2026-01-18T11:30:00,1000.0,1000.0,0
2026-01-18T11:45:00,1000.0,1000.0,0
2026-01-18T12:00:00,1000.0,1000.0,0
2026-01-18T12:15:00,1000.0,1000.0,0
2026-01-18T12:30:00,1000.0,1000.0,0
2026-01-18T12:45:00,1000.0,1000.0,0
2026-01-18T13:00:00,1000.0,1000.0,0
2026-01-18T13:15:00,1000.0,1000.0,0
2026-01-18T13:30:00,1000.0,1000.0,0
2026-01-18T13:45:00,1000.0,1000.0,0
2026-01-18T14:00:00,1000.0,1000.0,0
2026-01-18T14:15:00,1000.0,1000.0,0
2026-01-18T14:30:00,1000.0,1000.0,0
2026-01-18T14:45:00,1000.0,1000.0,0
2026-01-18T15:00:00,1000.0,1000.0,0
2026-01-18T15:15:00,1000.0,1000.0,0
2026-01-18T15:30:00,1000.0,1000.0,0
2026-01-18T15:45:00,1000.0,1000.0,0
2026-01-18T16:00:00,1000.0,1000.0,0
2026-01-18T16:15:00,1000.0,1000.0,0
2026-01-18T16:30:00,1000.0,1000.0,0
2026-01-18T16:45:00,1000.0,1000.0,0
2026-01-18T17:00:00,1000.0,1000.0,0
2026-01-18T17:15:00,1000.0,1000.0,0
2026-01-18T17:30:00,1000.0,1000.0,0
2026-01-18T17:45:00,1000.0,1000.0,0
2026-01-18T18:00:00,1000.0,1000.0,0
2026-01-18T18:15:00,998.9372581128308,859.7760000000001,1
2026-01-18T18:30:00,998.571383449929,859.7760000000001,1
2026-01-18T18:45:00,998.8740615801478,859.7760000000001,1
2026-01-18T19:00:00,997.7282086586054,859.7760000000001,1
2026-01-18T19:15:00,997.3307357293621,859.7760000000001,1
2026-01-18T19:30:00,996.999785466101,859.7760000000001,1
2026-01-18T19:45:00,996.3312326729804,859.7760000000001,1
2026-01-18T20:00:00,995.4141509772323,995.4141509772323,0
2026-01-18T20:15:00,995.4141509772323,995.4141509772323,0
2026-01-18T20:30:00,995.4141509772323,995.4141509772323,0
2026-01-18T20:45:00,995.4141509772323,995.4141509772323,0
2026-01-18T21:00:00,995.4141509772323,995.4141509772323,0
2026-01-18T21:15:00,995.4141509772323,995.4141509772323,0
2026-01-18T21:30:00,995.4141509772323,995.4141509772323,0
2026-01-18T21:45:00,995.4141509772323,995.4141509772323,0
2026-01-18T22:00:00,995.4141509772323,995.4141509772323,0
2026-01-18T22:15:00,995.4141509772323,995.4141509772323,0
2026-01-18T22:30:00,995.4141509772323,995.4141509772323,0
2026-01-18T22:45:00,995.4141509772323,995.4141509772323,0
2026-01-18T23:00:00,995.4141509772323,995.4141509772323,0
2026-01-18T23:15:00,995.4141509772323,995.4141509772323,0
2026-01-18T23:30:00,995.4141509772323,995.4141509772323,0
2026-01-18T23:45:00,995.4141509772323,995.4141509772323,0
2026-01-19T00:00:00,995.4141509772323,995.4141509772323,0
2026-01-19T00:15:00,995.4141509772323,995.4141509772323,0
2026-01-19T00:30:00,995.4141509772323,995.4141509772323,0
2026-01-19T00:45:00,995.4141509772323,995.4141509772323,0
2026-01-19T01:00:00,995.4141509772323,995.4141509772323,0
2026-01-19T01:15:00,995.4141509772323,995.4141509772323,0
2026-01-19T01:30:00,995.4141509772323,995.4141509772323,0
2026-01-19T01:45:00,995.4141509772323,995.4141509772323,0
2026-01-19T02:00:00,995.4141509772323,995.4141509772323,0
2026-01-19T02:15:00,995.4141509772323,995.4141509772323,0
2026-01-19T02:30:00,995.4141509772323,995.4141509772323,0
2026-01-19T02:45:00,995.4141509772323,995.4141509772323,0
2026-01-19T03:00:00,995.4141509772323,995.4141509772323,0
2026-01-19T03:15:00,995.4141509772323,995.4141509772323,0
2026-01-19T03:30:00,995.4141509772323,995.4141509772323,0
2026-01-19T03:45:00,995.4141509772323,995.4141509772323,0
2026-01-19T04:00:00,995.4141509772323,995.4141509772323,0
2026-01-19T04:15:00,995.4141509772323,995.4141509772323,0
2026-01-19T04:30:00,995.4141509772323,995.4141509772323,0
2026-01-19T04:45:00,995.4141509772323,995.4141509772323,0
2026-01-19T05:00:00,995.4141509772323,995.4141509772323,0
2026-01-19T05:15:00,995.4141509772323,995.4141509772323,0
2026-01-19T05:30:00,995.4141509772323,995.4141509772323,0
2026-01-19T05:45:00,995.4141509772323,995.4141509772323,0
2026-01-19T06:00:00,995.4141509772323,995.4141509772323,0
2026-01-19T06:15:00,995.4141509772323,995.4141509772323,0
2026-01-19T06:30:00,995.4141509772323,995.4141509772323,0
2026-01-19T06:45:00,995.4141509772323,995.4141509772323,0
2026-01-19T07:00:00,995.4141509772323,995.4141509772323,0
2026-01-19T07:15:00,995.4141509772323,995.4141509772323,0
2026-01-19T07:30:00,995.4141509772323,995.4141509772323,0
2026-01-19T07:45:00,995.4141509772323,995.4141509772323,0
2026-01-19T08:00:00,995.4141509772323,995.4141509772323,0
2026-01-19T08:15:00,995.4141509772323,995.4141509772323,0
2026-01-19T08:30:00,995.4141509772323,995.4141509772323,0
2026-01-19T08:45:00,995.4141509772323,995.4141509772323,0
2026-01-19T09:00:00,995.4141509772323,995.4141509772323,0
2026-01-19T09:15:00,995.4141509772323,995.4141509772323,0
2026-01-19T09:30:00,995.4141509772323,995.4141509772323,0
2026-01-19T09:45:00,995.4141509772323,995.4141509772323,0
2026-01-19T10:00:00,995.4141509772323,995.4141509772323,0
2026-01-19T10:15:00,995.4141509772323,995.4141509772323,0
2026-01-19T10:30:00,995.4141509772323,995.4141509772323,0
2026-01-19T10:45:00,995.4141509772323,995.4141509772323,0
2026-01-19T11:00:00,995.4141509772323,995.4141509772323,0
2026-01-19T11:15:00,995.4141509772323,995.4141509772323,0
2026-01-19T11:30:00,995.4141509772323,995.4141509772323,0
2026-01-19T11:45:00,995.4141509772323,995.4141509772323,0
2026-01-19T12:00:00,995.4141509772323,995.4141509772323,0
2026-01-19T12:15:00,995.4141509772323,995.4141509772323,0
2026-01-19T12:30:00,995.4141509772323,995.4141509772323,0
2026-01-19T12:45:00,995.4141509772323,995.4141509772323,0
2026-01-19T13:00:00,995.4141509772323,995.4141509772323,0
2026-01-19T13:15:00,995.4141509772323,995.4141509772323,0
2026-01-19T13:30:00,995.4141509772323,995.4141509772323,0
2026-01-19T13:45:00,995.4141509772323,995.4141509772323,0
2026-01-19T14:00:00,995.4141509772323,995.4141509772323,0
2026-01-19T14:15:00,995.4141509772323,995.4141509772323,0
2026-01-19T14:30:00,995.4141509772323,995.4141509772323,0
2026-01-19T14:45:00,995.4141509772323,995.4141509772323,0
2026-01-19T15:00:00,995.4141509772323,995.4141509772323,0
2026-01-19T15:15:00,995.4141509772323,995.4141509772323,0
2026-01-19T15:30:00,995.4141509772323,995.4141509772323,0
2026-01-19T15:45:00,995.4141509772323,995.4141509772323,0
2026-01-19T16:00:00,995.4141509772323,995.4141509772323,0
2026-01-19T16:15:00,995.4141509772323,995.4141509772323,0
2026-01-19T16:30:00,995.4141509772323,995.4141509772323,0
2026-01-19T16:45:00,995.4141509772323,995.4141509772323,0
2026-01-19T17:00:00,995.4141509772323,995.4141509772323,0
2026-01-19T17:15:00,995.4141509772323,995.4141509772323,0
2026-01-19T17:30:00,995.4141509772323,995.4141509772323,0
2026-01-19T17:45:00,995.4141509772323,995.4141509772323,0
2026-01-19T18:00:00,995.4141509772323,995.4141509772323,0
2026-01-19T18:15:00,995.4141509772323,995.4141509772323,0
2026-01-19T18:30:00,995.4141509772323,995.4141509772323,0
2026-01-19T18:45:00,995.4141509772323,995.4141509772323,0
2026-01-19T19:00:00,995.4141509772323,995.4141509772323,0
2026-01-19T19:15:00,995.4141509772323,995.4141509772323,0
2026-01-19T19:30:00,995.4141509772323,995.4141509772323,0
2026-01-19T19:45:00,995.4141509772323,995.4141509772323,0
2026-01-19T20:00:00,995.4141509772323,995.4141509772323,0
2026-01-19T20:15:00,995.4141509772323,995.4141509772323,0
2026-01-19T20:30:00,995.4141509772323,995.4141509772323,0
2026-01-19T20:45:00,995.4141509772323,995.4141509772323,0
2026-01-19T21:00:00,995.4141509772323,995.4141509772323,0
2026-01-19T21:15:00,995.4141509772323,995.4141509772323,0
2026-01-19T21:30:00,995.4141509772323,995.4141509772323,0
2026-01-19T21:45:00,995.4141509772323,995.4141509772323,0
2026-01-19T22:00:00,995.4141509772323,995.4141509772323,0
2026-01-19T22:15:00,995.4141509772323,995.4141509772323,0
2026-01-19T22:30:00,995.4141509772323,995.4141509772323,0
2026-01-19T22:45:00,995.4141509772323,995.4141509772323,0
2026-01-19T23:00:00,994.3537742146034,855.8331970706008,1
2026-01-19T23:15:00,992.9950141674955,855.8331970706008,1
2026-01-19T23:30:00,991.7592983678617,855.8331970706008,1
2026-01-19T23:45:00,991.9719891384957,855.8331970706008,1
2026-01-20T00:00:00,991.4622343989598,855.8331970706008,1
2026-01-20T00:15:00,993.2481337622995,855.8331970706008,1
2026-01-20T00:30:00,991.8278515914545,855.8331970706008,1
2026-01-20T00:45:00,992.9264609439027,855.8331970706008,1
2026-01-20T01:00:00,992.729590147944,855.8331970706008,1
2026-01-20T01:15:00,990.1126980298866,990.1126980298866,0
2026-01-20T01:30:00,990.1126980298866,990.1126980298866,0
2026-01-20T01:45:00,990.1126980298866,990.1126980298866,0
2026-01-20T02:00:00,990.1126980298866,990.1126980298866,0
2026-01-20T02:15:00,990.1126980298866,990.1126980298866,0
2026-01-20T02:30:00,990.1126980298866,990.1126980298866,0
2026-01-20T02:45:00,990.1126980298866,990.1126980298866,0
2026-01-20T03:00:00,990.1126980298866,990.1126980298866,0
2026-01-20T03:15:00,990.1126980298866,990.1126980298866,0
2026-01-20T03:30:00,990.1126980298866,990.1126980298866,0
2026-01-20T03:45:00,990.1126980298866,990.1126980298866,0
2026-01-20T04:00:00,990.1126980298866,990.1126980298866,0
2026-01-20T04:15:00,990.1126980298866,990.1126980298866,0
2026-01-20T04:30:00,990.1126980298866,990.1126980298866,0
2026-01-20T04:45:00,990.1126980298866,990.1126980298866,0
2026-01-20T05:00:00,990.1126980298866,990.1126980298866,0
2026-01-20T05:15:00,990.1126980298866,990.1126980298866,0
2026-01-20T05:30:00,990.1126980298866,990.1126980298866,0
2026-01-20T05:45:00,990.1126980298866,990.1126980298866,0
2026-01-20T06:00:00,990.1126980298866,990.1126980298866,0
2026-01-20T06:15:00,990.1126980298866,990.1126980298866,0
2026-01-20T06:30:00,990.1126980298866,990.1126980298866,0
2026-01-20T06:45:00,990.1126980298866,990.1126980298866,0
2026-01-20T07:00:00,990.1126980298866,990.1126980298866,0
2026-01-20T07:15:00,990.1126980298866,990.1126980298866,0
2026-01-20T07:30:00,990.1126980298866,990.1126980298866,0
2026-01-20T07:45:00,990.1126980298866,990.1126980298866,0
2026-01-20T08:00:00,990.1126980298866,990.1126980298866,0
2026-01-20T08:15:00,990.1126980298866,990.1126980298866,0
2026-01-20T08:30:00,990.1126980298866,990.1126980298866,0
2026-01-20T08:45:00,990.1126980298866,990.1126980298866,0
2026-01-20T09:00:00,990.1126980298866,990.1126980298866,0
2026-01-20T09:15:00,990.1126980298866,990.1126980298866,0
2026-01-20T09:30:00,990.1126980298866,990.1126980298866,0
2026-01-20T09:45:00,990.1126980298866,990.1126980298866,0
2026-01-20T10:00:00,990.1126980298866,990.1126980298866,0
2026-01-20T10:15:00,990.1126980298866,990.1126980298866,0
2026-01-20T10:30:00,990.1126980298866,990.1126980298866,0
2026-01-20T10:45:00,990.1126980298866,990.1126980298866,0
2026-01-20T11:00:00,990.1126980298866,990.1126980298866,0
2026-01-20T11:15:00,990.1126980298866,990.1126980298866,0
2026-01-20T11:30:00,990.1126980298866,990.1126980298866,0
2026-01-20T11:45:00,990.1126980298866,990.1126980298866,0
2026-01-20T12:00:00,990.1126980298866,990.1126980298866,0
2026-01-20T12:15:00,990.1126980298866,990.1126980298866,0
2026-01-20T12:30:00,990.1126980298866,990.1126980298866,0
2026-01-20T12:45:00,990.1126980298866,990.1126980298866,0
2026-01-20T13:00:00,990.1126980298866,990.1126980298866,0
2026-01-20T13:15:00,990.1126980298866,990.1126980298866,0
2026-01-20T13:30:00,990.1126980298866,990.1126980298866,0
2026-01-20T13:45:00,990.1126980298866,990.1126980298866,0
2026-01-20T14:00:00,990.1126980298866,990.1126980298866,0
2026-01-20T14:15:00,990.1126980298866,990.1126980298866,0
2026-01-20T14:30:00,990.1126980298866,990.1126980298866,0
2026-01-20T14:45:00,990.1126980298866,990.1126980298866,0
2026-01-20T15:00:00,990.1126980298866,990.1126980298866,0
2026-01-20T15:15:00,990.1126980298866,990.1126980298866,0
2026-01-20T15:30:00,990.1126980298866,990.1126980298866,0
2026-01-20T15:45:00,990.1126980298866,990.1126980298866,0
2026-01-20T16:00:00,990.1126980298866,990.1126980298866,0
2026-01-20T16:15:00,990.1126980298866,990.1126980298866,0
2026-01-20T16:30:00,990.1126980298866,990.1126980298866,0
2026-01-20T16:45:00,990.1126980298866,990.1126980298866,0
2026-01-20T17:00:00,990.1126980298866,990.1126980298866,0
2026-01-20T17:15:00,990.1126980298866,990.1126980298866,0
2026-01-20T17:30:00,989.057968703059,851.2751350613437,1
2026-01-20T17:45:00,988.5165291058605,851.2751350613437,1
2026-01-20T18:00:00,987.6957326804678,851.2751350613437,1
2026-01-20T18:15:00,988.7786118748647,851.2751350613437,1
2026-01-20T18:30:00,990.1436959502257,851.2751350613437,1
2026-01-20T18:45:00,990.2158259823282,851.2751350613437,1
2026-01-20T19:00:00,989.7527078362967,851.2751350613437,1
2026-01-20T19:15:00,990.3247330436743,851.2751350613437,1
2026-01-20T19:30:00,990.564526704046,851.2751350613437,1
2026-01-20T19:45:00,988.8242426333708,851.2751350613437,1
2026-01-20T20:00:00,990.8410973936612,851.2751350613437,1
2026-01-20T20:15:00,988.1150848045772,988.1150848045772,0
2026-01-20T20:30:00,988.1150848045772,988.1150848045772,0
2026-01-20T20:45:00,988.1150848045772,988.1150848045772,0
2026-01-20T21:00:00,988.1150848045772,988.1150848045772,0
2026-01-20T21:15:00,988.1150848045772,988.1150848045772,0
2026-01-20T21:30:00,988.1150848045772,988.1150848045772,0
2026-01-20T21:45:00,988.1150848045772,988.1150848045772,0
2026-01-20T22:00:00,988.1150848045772,988.1150848045772,0
2026-01-20T22:15:00,988.1150848045772,988.1150848045772,0
2026-01-20T22:30:00,988.1150848045772,988.1150848045772,0
2026-01-20T22:45:00,988.1150848045772,988.1150848045772,0
2026-01-20T23:00:00,987.0624834589953,849.5576351529402,1
2026-01-20T23:15:00,987.6969136476228,849.5576351529402,1
2026-01-20T23:30:00,986.9005813930548,849.5576351529402,1
2026-01-20T23:45:00,987.7816298449172,849.5576351529402,1
2026-01-21T00:00:00,988.4951284843528,849.5576351529402,1
2026-01-21T00:15:00,988.1073165589603,849.5576351529402,1
2026-01-21T00:30:00,985.4961751001288,849.5576351529402,1
2026-01-21T00:45:00,983.5496390277848,983.5496390277848,0
2026-01-21T01:00:00,983.5496390277848,983.5496390277848,0
2026-01-21T01:15:00,983.5496390277848,983.5496390277848,0
2026-01-21T01:30:00,983.5496390277848,983.5496390277848,0
2026-01-21T01:45:00,983.5496390277848,983.5496390277848,0
2026-01-21T02:00:00,983.5496390277848,983.5496390277848,0
2026-01-21T02:15:00,983.5496390277848,983.5496390277848,0
2026-01-21T02:30:00,983.5496390277848,983.5496390277848,0
2026-01-21T02:45:00,983.5496390277848,983.5496390277848,0
2026-01-21T03:00:00,983.5496390277848,983.5496390277848,0
2026-01-21T03:15:00,983.5496390277848,983.5496390277848,0
2026-01-21T03:30:00,983.5496390277848,983.5496390277848,0
2026-01-21T03:45:00,983.5496390277848,983.5496390277848,0
2026-01-21T04:00:00,983.5496390277848,983.5496390277848,0
2026-01-21T04:15:00,983.5496390277848,983.5496390277848,0
2026-01-21T04:30:00,983.5496390277848,983.5496390277848,0
2026-01-21T04:45:00,983.5496390277848,983.5496390277848,0
2026-01-21T05:00:00,983.5496390277848,983.5496390277848,0
2026-01-21T05:15:00,983.5496390277848,983.5496390277848,0
2026-01-21T05:30:00,983.5496390277848,983.5496390277848,0
2026-01-21T05:45:00,983.5496390277848,983.5496390277848,0
2026-01-21T06:00:00,983.5496390277848,983.5496390277848,0
2026-01-21T06:15:00,983.5496390277848,983.5496390277848,0
2026-01-21T06:30:00,983.5496390277848,983.5496390277848,0
2026-01-21T06:45:00,983.5496390277848,983.5496390277848,0
2026-01-21T07:00:00,983.5496390277848,983.5496390277848,0
2026-01-21T07:15:00,983.5496390277848,983.5496390277848,0
2026-01-21T07:30:00,983.5496390277848,983.5496390277848,0
2026-01-21T07:45:00,983.5496390277848,983.5496390277848,0
2026-01-21T08:00:00,983.5496390277848,983.5496390277848,0
2026-01-21T08:15:00,983.5496390277848,983.5496390277848,0
2026-01-21T08:30:00,983.5496390277848,983.5496390277848,0
2026-01-21T08:45:00,983.5496390277848,983.5496390277848,0
2026-01-21T09:00:00,983.5496390277848,983.5496390277848,0
2026-01-21T09:15:00,983.5496390277848,983.5496390277848,0
2026-01-21T09:30:00,983.5496390277848,983.5496390277848,0
2026-01-21T09:45:00,983.5496390277848,983.5496390277848,0
2026-01-21T10:00:00,983.5496390277848,983.5496390277848,0
2026-01-21T10:15:00,983.5496390277848,983.5496390277848,0
2026-01-21T10:30:00,983.5496390277848,983.5496390277848,0
2026-01-21T10:45:00,983.5496390277848,983.5496390277848,0
2026-01-21T11:00:00,983.5496390277848,983.5496390277848,0
2026-01-21T11:15:00,983.5496390277848,983.5496390277848,0
2026-01-21T11:30:00,983.5496390277848,983.5496390277848,0
2026-01-21T11:45:00,982.5019010776127,845.6323744447527,1
2026-01-21T12:00:00,986.4229987387624,845.6323744447527,1
2026-01-21T12:15:00,988.3835475693372,845.6323744447527,1
2026-01-21T12:30:00,987.0340302098593,845.6323744447527,1
2026-01-21T12:45:00,984.6611288527774,845.6323744447527,1
2026-01-21T13:00:00,982.7080773408663,845.6323744447527,1
2026-01-21T13:15:00,984.2412790076065,845.6323744447527,1
2026-01-21T13:30:00,985.3508821698438,845.6323744447527,1
2026-01-21T13:45:00,985.2890292908678,845.6323744447527,1
2026-01-21T14:00:00,976.2463186575935,976.2463186575935,0
2026-01-21T14:15:00,976.2463186575935,976.2463186575935,0
2026-01-21T14:30:00,976.2463186575935,976.2463186575935,0
2026-01-21T14:45:00,976.2463186575935,976.2463186575935,0
2026-01-21T15:00:00,976.2463186575935,976.2463186575935,0
2026-01-21T15:15:00,976.2463186575935,976.2463186575935,0
2026-01-21T15:30:00,976.2463186575935,976.2463186575935,0
2026-01-21T15:45:00,976.2463186575935,976.2463186575935,0
2026-01-21T16:00:00,976.2463186575935,976.2463186575935,0
2026-01-21T16:15:00,976.2463186575935,976.2463186575935,0
2026-01-21T16:30:00,976.2463186575935,976.2463186575935,0
2026-01-21T16:45:00,976.2463186575935,976.2463186575935,0
2026-01-21T17:00:00,975.206360656303,839.3531548701511,1
2026-01-21T17:15:00,972.3412648272702,839.3531548701511,1
2026-01-21T17:30:00,971.428597470067,839.3531548701511,1
2026-01-21T17:45:00,971.3858357815802,839.3531548701511,1
2026-01-21T18:00:00,971.552493505917,839.3531548701511,1
2026-01-21T18:15:00,970.8636039584045,839.3531548701511,1
2026-01-21T18:30:00,970.180859052346,839.3531548701511,1
2026-01-21T18:45:00,967.9181888875073,839.3531548701511,1
2026-01-21T19:00:00,968.4537759007823,839.3531548701511,1
2026-01-21T19:15:00,960.1937131518721,960.1937131518721,0
2026-01-21T19:30:00,960.1937131518721,960.1937131518721,0
2026-01-21T19:45:00,960.1937131518721,960.1937131518721,0
2026-01-21T20:00:00,960.1937131518721,960.1937131518721,0
2026-01-21T20:15:00,960.1937131518721,960.1937131518721,0
2026-01-21T20:30:00,960.1937131518721,960.1937131518721,0
2026-01-21T20:45:00,960.1937131518721,960.1937131518721,0
2026-01-21T21:00:00,960.1937131518721,960.1937131518721,0
2026-01-21T21:15:00,960.1937131518721,960.1937131518721,0
2026-01-21T21:30:00,960.1937131518721,960.1937131518721,0
2026-01-21T21:45:00,960.1937131518721,960.1937131518721,0
2026-01-21T22:00:00,960.1937131518721,960.1937131518721,0
2026-01-21T22:15:00,960.1937131518721,960.1937131518721,0
2026-01-21T22:30:00,960.1937131518721,960.1937131518721,0
2026-01-21T22:45:00,960.1937131518721,960.1937131518721,0
2026-01-21T23:00:00,960.1937131518721,960.1937131518721,0
2026-01-21T23:15:00,960.1937131518721,960.1937131518721,0
2026-01-21T23:30:00,960.1937131518721,960.1937131518721,0
2026-01-21T23:45:00,960.1937131518721,960.1937131518721,0
2026-01-22T00:00:00,960.1937131518721,960.1937131518721,0
2026-01-22T00:15:00,960.1937131518721,960.1937131518721,0
2026-01-22T00:30:00,960.1937131518721,960.1937131518721,0
2026-01-22T00:45:00,960.1937131518721,960.1937131518721,0
2026-01-22T01:00:00,960.1937131518721,960.1937131518721,0
2026-01-22T01:15:00,960.1937131518721,960.1937131518721,0
2026-01-22T01:30:00,960.1937131518721,960.1937131518721,0
2026-01-22T01:45:00,960.1937131518721,960.1937131518721,0
2026-01-22T02:00:00,960.1937131518721,960.1937131518721,0
2026-01-22T02:15:00,960.1937131518721,960.1937131518721,0
2026-01-22T02:30:00,960.1937131518721,960.1937131518721,0
2026-01-22T02:45:00,960.1937131518721,960.1937131518721,0
2026-01-22T03:00:00,960.1937131518721,960.1937131518721,0
2026-01-22T03:15:00,960.1937131518721,960.1937131518721,0
2026-01-22T03:30:00,960.1937131518721,960.1937131518721,0
2026-01-22T03:45:00,960.1937131518721,960.1937131518721,0
2026-01-22T04:00:00,960.1937131518721,960.1937131518721,0
2026-01-22T04:15:00,960.1937131518721,960.1937131518721,0
2026-01-22T04:30:00,960.1937131518721,960.1937131518721,0
2026-01-22T04:45:00,960.1937131518721,960.1937131518721,0
2026-01-22T05:00:00,960.1937131518721,960.1937131518721,0
2026-01-22T05:15:00,960.1937131518721,960.1937131518721,0
2026-01-22T05:30:00,960.1937131518721,960.1937131518721,0
2026-01-22T05:45:00,960.1937131518721,960.1937131518721,0
2026-01-22T06:00:00,960.1937131518721,960.1937131518721,0
2026-01-22T06:15:00,960.1937131518721,960.1937131518721,0
2026-01-22T06:30:00,960.1937131518721,960.1937131518721,0
2026-01-22T06:45:00,960.1937131518721,960.1937131518721,0
2026-01-22T07:00:00,960.1937131518721,960.1937131518721,0
2026-01-22T07:15:00,960.1937131518721,960.1937131518721,0
2026-01-22T07:30:00,960.1937131518721,960.1937131518721,0
2026-01-22T07:45:00,960.1937131518721,960.1937131518721,0
2026-01-22T08:00:00,960.1937131518721,960.1937131518721,0
2026-01-22T08:15:00,960.1937131518721,960.1937131518721,0
2026-01-22T08:30:00,960.1937131518721,960.1937131518721,0
2026-01-22T08:45:00,960.1937131518721,960.1937131518721,0
2026-01-22T09:00:00,960.1937131518721,960.1937131518721,0
2026-01-22T09:15:00,960.1937131518721,960.1937131518721,0
2026-01-22T09:30:00,960.1937131518721,960.1937131518721,0
2026-01-22T09:45:00,960.1937131518721,960.1937131518721,0
2026-01-22T10:00:00,960.1937131518721,960.1937131518721,0
2026-01-22T10:15:00,960.1937131518721,960.1937131518721,0
2026-01-22T10:30:00,960.1937131518721,960.1937131518721,0
2026-01-22T10:45:00,960.1937131518721,960.1937131518721,0
2026-01-22T11:00:00,960.1937131518721,960.1937131518721,0
2026-01-22T11:15:00,960.1937131518721,960.1937131518721,0
2026-01-22T11:30:00,960.1937131518721,960.1937131518721,0
2026-01-22T11:45:00,960.1937131518721,960.1937131518721,0
2026-01-22T12:00:00,960.1937131518721,960.1937131518721,0
2026-01-22T12:15:00,960.1937131518721,960.1937131518721,0
2026-01-22T12:30:00,960.1937131518721,960.1937131518721,0
2026-01-22T12:45:00,960.1937131518721,960.1937131518721,0
2026-01-22T13:00:00,960.1937131518721,960.1937131518721,0
2026-01-22T13:15:00,960.1937131518721,960.1937131518721,0
2026-01-22T13:30:00,960.1937131518721,960.1937131518721,0
2026-01-22T13:45:00,960.1937131518721,960.1937131518721,0
2026-01-22T14:00:00,960.1937131518721,960.1937131518721,0
2026-01-22T14:15:00,960.1937131518721,960.1937131518721,0
2026-01-22T14:30:00,960.1937131518721,960.1937131518721,0
2026-01-22T14:45:00,960.1937131518721,960.1937131518721,0
2026-01-22T15:00:00,960.1937131518721,960.1937131518721,0
2026-01-22T15:15:00,960.1937131518721,960.1937131518721,0
2026-01-22T15:30:00,960.1937131518721,960.1937131518721,0
2026-01-22T15:45:00,960.1937131518721,960.1937131518721,0
2026-01-22T16:00:00,960.1937131518721,960.1937131518721,0
2026-01-22T16:15:00,960.1937131518721,960.1937131518721,0
2026-01-22T16:30:00,960.1937131518721,960.1937131518721,0
2026-01-22T16:45:00,960.1937131518721,960.1937131518721,0
2026-01-22T17:00:00,960.1937131518721,960.1937131518721,0
2026-01-22T17:15:00,960.1937131518721,960.1937131518721,0
2026-01-22T17:30:00,960.1937131518721,960.1937131518721,0
2026-01-22T17:45:00,960.1937131518721,960.1937131518721,0
2026-01-22T18:00:00,960.1937131518721,960.1937131518721,0
2026-01-22T18:15:00,960.1937131518721,960.1937131518721,0
2026-01-22T18:30:00,960.1937131518721,960.1937131518721,0
2026-01-22T18:45:00,960.1937131518721,960.1937131518721,0
2026-01-22T19:00:00,960.1937131518721,960.1937131518721,0
2026-01-22T19:15:00,960.1937131518721,960.1937131518721,0
2026-01-22T19:30:00,960.1937131518721,960.1937131518721,0
2026-01-22T19:45:00,960.1937131518721,960.1937131518721,0
2026-01-22T20:00:00,960.1937131518721,960.1937131518721,0
2026-01-22T20:15:00,960.1937131518721,960.1937131518721,0
2026-01-22T20:30:00,960.1937131518721,960.1937131518721,0
2026-01-22T20:45:00,960.1937131518721,960.1937131518721,0
2026-01-22T21:00:00,960.1937131518721,960.1937131518721,0
2026-01-22T21:15:00,960.1937131518721,960.1937131518721,0
2026-01-22T21:30:00,960.1937131518721,960.1937131518721,0
2026-01-22T21:45:00,960.1937131518721,960.1937131518721,0
2026-01-22T22:00:00,960.1937131518721,960.1937131518721,0
2026-01-22T22:15:00,960.1937131518721,960.1937131518721,0
2026-01-22T22:30:00,960.1937131518721,960.1937131518721,0
2026-01-22T22:45:00,960.1937131518721,960.1937131518721,0
2026-01-22T23:00:00,960.1937131518721,960.1937131518721,0
2026-01-22T23:15:00,960.1937131518721,960.1937131518721,0
2026-01-22T23:30:00,960.1937131518721,960.1937131518721,0
2026-01-22T23:45:00,960.1937131518721,960.1937131518721,0
2026-01-23T00:00:00,960.1937131518721,960.1937131518721,0
2026-01-23T00:15:00,960.1937131518721,960.1937131518721,0
2026-01-23T00:30:00,960.1937131518721,960.1937131518721,0
2026-01-23T00:45:00,960.1937131518721,960.1937131518721,0
2026-01-23T01:00:00,960.1937131518721,960.1937131518721,0
2026-01-23T01:15:00,960.1937131518721,960.1937131518721,0
2026-01-23T01:30:00,960.1937131518721,960.1937131518721,0
2026-01-23T01:45:00,960.1937131518721,960.1937131518721,0
2026-01-23T02:00:00,960.1937131518721,960.1937131518721,0
2026-01-23T02:15:00,960.1937131518721,960.1937131518721,0
2026-01-23T02:30:00,960.1937131518721,960.1937131518721,0
2026-01-23T02:45:00,960.1937131518721,960.1937131518721,0
2026-01-23T03:00:00,960.1937131518721,960.1937131518721,0
2026-01-23T03:15:00,960.1937131518721,960.1937131518721,0
2026-01-23T03:30:00,960.1937131518721,960.1937131518721,0
2026-01-23T03:45:00,960.1937131518721,960.1937131518721,0
2026-01-23T04:00:00,960.1937131518721,960.1937131518721,0
2026-01-23T04:15:00,960.1937131518721,960.1937131518721,0
2026-01-23T04:30:00,960.1937131518721,960.1937131518721,0
2026-01-23T04:45:00,960.1937131518721,960.1937131518721,0
2026-01-23T05:00:00,960.1937131518721,960.1937131518721,0
2026-01-23T05:15:00,960.1937131518721,960.1937131518721,0
2026-01-23T05:30:00,960.1937131518721,960.1937131518721,0
2026-01-23T05:45:00,960.1937131518721,960.1937131518721,0
2026-01-23T06:00:00,960.1937131518721,960.1937131518721,0
2026-01-23T06:15:00,960.1937131518721,960.1937131518721,0
2026-01-23T06:30:00,960.1937131518721,960.1937131518721,0
2026-01-23T06:45:00,960.1937131518721,960.1937131518721,0
2026-01-23T07:00:00,960.1937131518721,960.1937131518721,0
2026-01-23T07:15:00,960.1937131518721,960.1937131518721,0
2026-01-23T07:30:00,960.1937131518721,960.1937131518721,0
2026-01-23T07:45:00,960.1937131518721,960.1937131518721,0
2026-01-23T08:00:00,960.1937131518721,960.1937131518721,0
2026-01-23T08:15:00,960.1937131518721,960.1937131518721,0
2026-01-23T08:30:00,960.1937131518721,960.1937131518721,0
2026-01-23T08:45:00,960.1937131518721,960.1937131518721,0
2026-01-23T09:00:00,960.1937131518721,960.1937131518721,0
2026-01-23T09:15:00,960.1937131518721,960.1937131518721,0
2026-01-23T09:30:00,960.1937131518721,960.1937131518721,0
2026-01-23T09:45:00,960.1937131518721,960.1937131518721,0
2026-01-23T10:00:00,960.1937131518721,960.1937131518721,0
2026-01-23T10:15:00,960.1937131518721,960.1937131518721,0
2026-01-23T10:30:00,960.1937131518721,960.1937131518721,0
2026-01-23T10:45:00,960.1937131518721,960.1937131518721,0
2026-01-23T11:00:00,960.1937131518721,960.1937131518721,0
2026-01-23T11:15:00,960.1937131518721,960.1937131518721,0
2026-01-23T11:30:00,960.1937131518721,960.1937131518721,0
2026-01-23T11:45:00,960.1937131518721,960.1937131518721,0
2026-01-23T12:00:00,960.1937131518721,960.1937131518721,0
2026-01-23T12:15:00,960.1937131518721,960.1937131518721,0
2026-01-23T12:30:00,960.1937131518721,960.1937131518721,0
2026-01-23T12:45:00,960.1937131518721,960.1937131518721,0
2026-01-23T13:00:00,960.1937131518721,960.1937131518721,0
2026-01-23T13:15:00,960.1937131518721,960.1937131518721,0
2026-01-23T13:30:00,960.1937131518721,960.1937131518721,0
2026-01-23T13:45:00,960.1937131518721,960.1937131518721,0
2026-01-23T14:00:00,960.1937131518721,960.1937131518721,0
2026-01-23T14:15:00,960.1937131518721,960.1937131518721,0
2026-01-23T14:30:00,960.1937131518721,960.1937131518721,0
2026-01-23T14:45:00,960.1937131518721,960.1937131518721,0
2026-01-23T15:00:00,960.1937131518721,960.1937131518721,0
2026-01-23T15:15:00,960.1937131518721,960.1937131518721,0
2026-01-23T15:30:00,960.1937131518721,960.1937131518721,0
2026-01-23T15:45:00,960.1937131518721,960.1937131518721,0
2026-01-23T16:00:00,960.1937131518721,960.1937131518721,0
2026-01-23T16:15:00,960.1937131518721,960.1937131518721,0
2026-01-23T16:30:00,960.1937131518721,960.1937131518721,0
2026-01-23T16:45:00,960.1937131518721,960.1937131518721,0
2026-01-23T17:00:00,960.1937131518721,960.1937131518721,0
2026-01-23T17:15:00,960.1937131518721,960.1937131518721,0
2026-01-23T17:30:00,960.1937131518721,960.1937131518721,0
2026-01-23T17:45:00,960.1937131518721,960.1937131518721,0
2026-01-23T18:00:00,960.1937131518721,960.1937131518721,0
2026-01-23T18:15:00,960.1937131518721,960.1937131518721,0
2026-01-23T18:30:00,960.1937131518721,960.1937131518721,0
2026-01-23T18:45:00,960.1937131518721,960.1937131518721,0
2026-01-23T19:00:00,960.1937131518721,960.1937131518721,0
2026-01-23T19:15:00,960.1937131518721,960.1937131518721,0
2026-01-23T19:30:00,960.1937131518721,960.1937131518721,0
2026-01-23T19:45:00,960.1937131518721,960.1937131518721,0
2026-01-23T20:00:00,960.1937131518721,960.1937131518721,0
2026-01-23T20:15:00,960.1937131518721,960.1937131518721,0
2026-01-23T20:30:00,960.1937131518721,960.1937131518721,0
2026-01-23T20:45:00,960.1937131518721,960.1937131518721,0
2026-01-23T21:00:00,960.1937131518721,960.1937131518721,0
2026-01-23T21:15:00,960.1937131518721,960.1937131518721,0
2026-01-23T21:30:00,960.1937131518721,960.1937131518721,0
2026-01-23T21:45:00,960.1937131518721,960.1937131518721,0
2026-01-23T22:00:00,960.1937131518721,960.1937131518721,0
2026-01-23T22:15:00,960.1937131518721,960.1937131518721,0
2026-01-23T22:30:00,960.1937131518721,960.1937131518721,0
2026-01-23T22:45:00,960.1937131518721,960.1937131518721,0
2026-01-23T23:00:00,960.1937131518721,960.1937131518721,0
2026-01-23T23:15:00,960.1937131518721,960.1937131518721,0
2026-01-23T23:30:00,960.1937131518721,960.1937131518721,0
2026-01-23T23:45:00,960.1937131518721,960.1937131518721,0
2026-01-24T00:00:00,960.1937131518721,960.1937131518721,0
2026-01-24T00:15:00,960.1937131518721,960.1937131518721,0
2026-01-24T00:30:00,960.1937131518721,960.1937131518721,0
2026-01-24T00:45:00,960.1937131518721,960.1937131518721,0
2026-01-24T01:00:00,960.1937131518721,960.1937131518721,0
2026-01-24T01:15:00,960.1937131518721,960.1937131518721,0
2026-01-24T01:30:00,960.1937131518721,960.1937131518721,0
2026-01-24T01:45:00,960.1937131518721,960.1937131518721,0
2026-01-24T02:00:00,960.1937131518721,960.1937131518721,0
2026-01-24T02:15:00,960.1937131518721,960.1937131518721,0
2026-01-24T02:30:00,960.1937131518721,960.1937131518721,0
2026-01-24T02:45:00,960.1937131518721,960.1937131518721,0
2026-01-24T03:00:00,960.1937131518721,960.1937131518721,0
2026-01-24T03:15:00,960.1937131518721,960.1937131518721,0
2026-01-24T03:30:00,960.1937131518721,960.1937131518721,0
2026-01-24T03:45:00,960.1937131518721,960.1937131518721,0
2026-01-24T04:00:00,960.1937131518721,960.1937131518721,0
2026-01-24T04:15:00,960.1937131518721,960.1937131518721,0
2026-01-24T04:30:00,960.1937131518721,960.1937131518721,0
2026-01-24T04:45:00,960.1937131518721,960.1937131518721,0
2026-01-24T05:00:00,960.1937131518721,960.1937131518721,0
2026-01-24T05:15:00,960.1937131518721,960.1937131518721,0
2026-01-24T05:30:00,960.1937131518721,960.1937131518721,0
2026-01-24T05:45:00,960.1937131518721,960.1937131518721,0
2026-01-24T06:00:00,960.1937131518721,960.1937131518721,0
2026-01-24T06:15:00,960.1937131518721,960.1937131518721,0
2026-01-24T06:30:00,960.1937131518721,960.1937131518721,0
2026-01-24T06:45:00,960.1937131518721,960.1937131518721,0
2026-01-24T07:00:00,960.1937131518721,960.1937131518721,0
2026-01-24T07:15:00,960.1937131518721,960.1937131518721,0
2026-01-24T07:30:00,960.1937131518721,960.1937131518721,0
2026-01-24T07:45:00,960.1937131518721,960.1937131518721,0
2026-01-24T08:00:00,960.1937131518721,960.1937131518721,0
2026-01-24T08:15:00,960.1937131518721,960.1937131518721,0
2026-01-24T08:30:00,960.1937131518721,960.1937131518721,0
2026-01-24T08:45:00,960.1937131518721,960.1937131518721,0
2026-01-24T09:00:00,960.1937131518721,960.1937131518721,0
2026-01-24T09:15:00,960.1937131518721,960.1937131518721,0
2026-01-24T09:30:00,960.1937131518721,960.1937131518721,0
2026-01-24T09:45:00,960.1937131518721,960.1937131518721,0
2026-01-24T10:00:00,960.1937131518721,960.1937131518721,0
2026-01-24T10:15:00,960.1937131518721,960.1937131518721,0
2026-01-24T10:30:00,960.1937131518721,960.1937131518721,0
2026-01-24T10:45:00,960.1937131518721,960.1937131518721,0
2026-01-24T11:00:00,960.1937131518721,960.1937131518721,0
2026-01-24T11:15:00,960.1937131518721,960.1937131518721,0
2026-01-24T11:30:00,960.1937131518721,960.1937131518721,0
2026-01-24T11:45:00,960.1937131518721,960.1937131518721,0
2026-01-24T12:00:00,960.1937131518721,960.1937131518721,0
2026-01-24T12:15:00,960.1937131518721,960.1937131518721,0
2026-01-24T12:30:00,960.1937131518721,960.1937131518721,0
2026-01-24T12:45:00,960.1937131518721,960.1937131518721,0
2026-01-24T13:00:00,960.1937131518721,960.1937131518721,0
2026-01-24T13:15:00,960.1937131518721,960.1937131518721,0
2026-01-24T13:30:00,960.1937131518721,960.1937131518721,0
2026-01-24T13:45:00,960.1937131518721,960.1937131518721,0
2026-01-24T14:00:00,960.1937131518721,960.1937131518721,0
2026-01-24T14:15:00,960.1937131518721,960.1937131518721,0
2026-01-24T14:30:00,960.1937131518721,960.1937131518721,0
2026-01-24T14:45:00,960.1937131518721,960.1937131518721,0
2026-01-24T15:00:00,960.1937131518721,960.1937131518721,0
2026-01-24T15:15:00,960.1937131518721,960.1937131518721,0
2026-01-24T15:30:00,960.1937131518721,960.1937131518721,0
2026-01-24T15:45:00,960.1937131518721,960.1937131518721,0
2026-01-24T16:00:00,960.1937131518721,960.1937131518721,0
2026-01-24T16:15:00,960.1937131518721,960.1937131518721,0
2026-01-24T16:30:00,960.1937131518721,960.1937131518721,0
2026-01-24T16:45:00,960.1937131518721,960.1937131518721,0
2026-01-24T17:00:00,960.1937131518721,960.1937131518721,0
2026-01-24T17:15:00,960.1937131518721,960.1937131518721,0
2026-01-24T17:30:00,960.1937131518721,960.1937131518721,0
2026-01-24T17:45:00,960.1937131518721,960.1937131518721,0
2026-01-24T18:00:00,960.1937131518721,960.1937131518721,0
2026-01-24T18:15:00,960.1937131518721,960.1937131518721,0
2026-01-24T18:30:00,960.1937131518721,960.1937131518721,0
2026-01-24T18:45:00,960.1937131518721,960.1937131518721,0
2026-01-24T19:00:00,960.1937131518721,960.1937131518721,0
2026-01-24T19:15:00,960.1937131518721,960.1937131518721,0
2026-01-24T19:30:00,960.1937131518721,960.1937131518721,0
2026-01-24T19:45:00,960.1937131518721,960.1937131518721,0
2026-01-24T20:00:00,960.1937131518721,960.1937131518721,0
2026-01-24T20:15:00,960.1937131518721,960.1937131518721,0
2026-01-24T20:30:00,960.1937131518721,960.1937131518721,0
2026-01-24T20:45:00,960.1937131518721,960.1937131518721,0
2026-01-24T21:00:00,960.1937131518721,960.1937131518721,0
2026-01-24T21:15:00,960.1937131518721,960.1937131518721,0
2026-01-24T21:30:00,960.1937131518721,960.1937131518721,0
2026-01-24T21:45:00,960.1937131518721,960.1937131518721,0
2026-01-24T22:00:00,960.1937131518721,960.1937131518721,0
2026-01-24T22:15:00,960.1937131518721,960.1937131518721,0
2026-01-24T22:30:00,960.1937131518721,960.1937131518721,0
2026-01-24T22:45:00,960.1937131518721,960.1937131518721,0
2026-01-24T23:00:00,960.1937131518721,960.1937131518721,0
2026-01-24T23:15:00,960.1937131518721,960.1937131518721,0
2026-01-24T23:30:00,960.1937131518721,960.1937131518721,0
2026-01-24T23:45:00,960.1937131518721,960.1937131518721,0
2026-01-25T00:00:00,960.1937131518721,960.1937131518721,0
2026-01-25T00:15:00,960.1937131518721,960.1937131518721,0
2026-01-25T00:30:00,960.1937131518721,960.1937131518721,0
2026-01-25T00:45:00,960.1937131518721,960.1937131518721,0
2026-01-25T01:00:00,960.1937131518721,960.1937131518721,0
2026-01-25T01:15:00,960.1937131518721,960.1937131518721,0
2026-01-25T01:30:00,960.1937131518721,960.1937131518721,0
2026-01-25T01:45:00,960.1937131518721,960.1937131518721,0
2026-01-25T02:00:00,960.1937131518721,960.1937131518721,0
2026-01-25T02:15:00,960.1937131518721,960.1937131518721,0
2026-01-25T02:30:00,960.1937131518721,960.1937131518721,0
2026-01-25T02:45:00,960.1937131518721,960.1937131518721,0
2026-01-25T03:00:00,960.1937131518721,960.1937131518721,0
2026-01-25T03:15:00,960.1937131518721,960.1937131518721,0
2026-01-25T03:30:00,960.1937131518721,960.1937131518721,0
2026-01-25T03:45:00,960.1937131518721,960.1937131518721,0
2026-01-25T04:00:00,960.1937131518721,960.1937131518721,0
2026-01-25T04:15:00,960.1937131518721,960.1937131518721,0
2026-01-25T04:30:00,960.1937131518721,960.1937131518721,0
2026-01-25T04:45:00,960.1937131518721,960.1937131518721,0
2026-01-25T05:00:00,960.1937131518721,960.1937131518721,0
2026-01-25T05:15:00,960.1937131518721,960.1937131518721,0
2026-01-25T05:30:00,960.1937131518721,960.1937131518721,0
2026-01-25T05:45:00,960.1937131518721,960.1937131518721,0
2026-01-25T06:00:00,960.1937131518721,960.1937131518721,0
2026-01-25T06:15:00,960.1937131518721,960.1937131518721,0
2026-01-25T06:30:00,960.1937131518721,960.1937131518721,0
2026-01-25T06:45:00,960.1937131518721,960.1937131518721,0
2026-01-25T07:00:00,960.1937131518721,960.1937131518721,0
2026-01-25T07:15:00,960.1937131518721,960.1937131518721,0
2026-01-25T07:30:00,960.1937131518721,960.1937131518721,0
2026-01-25T07:45:00,960.1937131518721,960.1937131518721,0
2026-01-25T08:00:00,960.1937131518721,960.1937131518721,0
2026-01-25T08:15:00,960.1937131518721,960.1937131518721,0
2026-01-25T08:30:00,960.1937131518721,960.1937131518721,0
2026-01-25T08:45:00,960.1937131518721,960.1937131518721,0
2026-01-25T09:00:00,960.1937131518721,960.1937131518721,0
2026-01-25T09:15:00,960.1937131518721,960.1937131518721,0
2026-01-25T09:30:00,960.1937131518721,960.1937131518721,0
2026-01-25T09:45:00,960.1937131518721,960.1937131518721,0
2026-01-25T10:00:00,960.1937131518721,960.1937131518721,0
2026-01-25T10:15:00,960.1937131518721,960.1937131518721,0
2026-01-25T10:30:00,960.1937131518721,960.1937131518721,0
2026-01-25T10:45:00,960.1937131518721,960.1937131518721,0
2026-01-25T11:00:00,960.1937131518721,960.1937131518721,0
2026-01-25T11:15:00,960.1937131518721,960.1937131518721,0
2026-01-25T11:30:00,960.1937131518721,960.1937131518721,0
2026-01-25T11:45:00,960.1937131518721,960.1937131518721,0
2026-01-25T12:00:00,960.1937131518721,960.1937131518721,0
2026-01-25T12:15:00,960.1937131518721,960.1937131518721,0
2026-01-25T12:30:00,960.1937131518721,960.1937131518721,0
2026-01-25T12:45:00,960.1937131518721,960.1937131518721,0
2026-01-25T13:00:00,960.1937131518721,960.1937131518721,0
2026-01-25T13:15:00,960.1937131518721,960.1937131518721,0
2026-01-25T13:30:00,960.1937131518721,960.1937131518721,0
2026-01-25T13:45:00,960.1937131518721,960.1937131518721,0
2026-01-25T14:00:00,960.1937131518721,960.1937131518721,0
2026-01-25T14:15:00,960.1937131518721,960.1937131518721,0
2026-01-25T14:30:00,960.1937131518721,960.1937131518721,0
2026-01-25T14:45:00,960.1937131518721,960.1937131518721,0
2026-01-25T15:00:00,960.1937131518721,960.1937131518721,0
2026-01-25T15:15:00,960.1937131518721,960.1937131518721,0
2026-01-25T15:30:00,960.1937131518721,960.1937131518721,0
2026-01-25T15:45:00,960.1937131518721,960.1937131518721,0
2026-01-25T16:00:00,960.1937131518721,960.1937131518721,0
2026-01-25T16:15:00,960.1937131518721,960.1937131518721,0
2026-01-25T16:30:00,960.1937131518721,960.1937131518721,0
2026-01-25T16:45:00,960.1937131518721,960.1937131518721,0
2026-01-25T17:00:00,959.1708553795077,825.551509918864,1
2026-01-25T17:15:00,959.2455491931804,825.551509918864,1
2026-01-25T17:30:00,957.5593363495184,825.551509918864,1
2026-01-25T17:45:00,959.0681513857077,825.551509918864,1
2026-01-25T18:00:00,961.5629247623771,825.551509918864,1
2026-01-25T18:15:00,964.5039936757412,825.551509918864,1
2026-01-25T18:30:00,967.8035928947345,825.551509918864,1
2026-01-25T18:45:00,965.8316762137742,825.551509918864,1
2026-01-25T19:00:00,965.5945233553632,825.551509918864,1
2026-01-25T19:15:00,970.9332636876223,825.551509918864,1
2026-01-25T19:30:00,970.2236724577313,825.551509918864,1
2026-01-25T19:45:00,972.4103338530008,825.551509918864,1
2026-01-25T20:00:00,973.9882406668373,825.551509918864,1
2026-01-25T20:15:00,973.8164448953901,825.551509918864,1
2026-01-25T20:30:00,975.1254539800047,825.551509918864,1
2026-01-25T20:45:00,973.01535374375,825.551509918864,1
2026-01-25T21:00:00,971.553222341106,825.551509918864,1
2026-01-25T21:15:00,970.7876107509604,825.551509918864,1
2026-01-25T21:30:00,972.8071003543262,972.8071003543262,0
2026-01-25T21:45:00,972.8071003543262,972.8071003543262,0
2026-01-25T22:00:00,972.8071003543262,972.8071003543262,0
2026-01-25T22:15:00,972.8071003543262,972.8071003543262,0
2026-01-25T22:30:00,972.8071003543262,972.8071003543262,0
2026-01-25T22:45:00,972.8071003543262,972.8071003543262,0
2026-01-25T23:00:00,972.8071003543262,972.8071003543262,0
2026-01-25T23:15:00,972.8071003543262,972.8071003543262,0
2026-01-25T23:30:00,972.8071003543262,972.8071003543262,0
2026-01-25T23:45:00,972.8071003543262,972.8071003543262,0
2026-01-26T00:00:00,972.8071003543262,972.8071003543262,0
2026-01-26T00:15:00,972.8071003543262,972.8071003543262,0
2026-01-26T00:30:00,972.8071003543262,972.8071003543262,0
2026-01-26T00:45:00,972.8071003543262,972.8071003543262,0
2026-01-26T01:00:00,972.8071003543262,972.8071003543262,0
2026-01-26T01:15:00,972.8071003543262,972.8071003543262,0
2026-01-26T01:30:00,972.8071003543262,972.8071003543262,0
2026-01-26T01:45:00,972.8071003543262,972.8071003543262,0
2026-01-26T02:00:00,972.8071003543262,972.8071003543262,0
2026-01-26T02:15:00,972.8071003543262,972.8071003543262,0
2026-01-26T02:30:00,972.8071003543262,972.8071003543262,0
2026-01-26T02:45:00,972.8071003543262,972.8071003543262,0
2026-01-26T03:00:00,972.8071003543262,972.8071003543262,0
2026-01-26T03:15:00,972.8071003543262,972.8071003543262,0
2026-01-26T03:30:00,972.8071003543262,972.8071003543262,0
2026-01-26T03:45:00,972.8071003543262,972.8071003543262,0
2026-01-26T04:00:00,972.8071003543262,972.8071003543262,0
2026-01-26T04:15:00,972.8071003543262,972.8071003543262,0
2026-01-26T04:30:00,972.8071003543262,972.8071003543262,0
2026-01-26T04:45:00,972.8071003543262,972.8071003543262,0
2026-01-26T05:00:00,972.8071003543262,972.8071003543262,0
2026-01-26T05:15:00,972.8071003543262,972.8071003543262,0
2026-01-26T05:30:00,972.8071003543262,972.8071003543262,0
2026-01-26T05:45:00,972.8071003543262,972.8071003543262,0
2026-01-26T06:00:00,972.8071003543262,972.8071003543262,0
2026-01-26T06:15:00,972.8071003543262,972.8071003543262,0
2026-01-26T06:30:00,972.8071003543262,972.8071003543262,0
2026-01-26T06:45:00,972.8071003543262,972.8071003543262,0
2026-01-26T07:00:00,972.8071003543262,972.8071003543262,0
2026-01-26T07:15:00,972.8071003543262,972.8071003543262,0
2026-01-26T07:30:00,972.8071003543262,972.8071003543262,0
2026-01-26T07:45:00,972.8071003543262,972.8071003543262,0
2026-01-26T08:00:00,972.8071003543262,972.8071003543262,0
2026-01-26T08:15:00,972.8071003543262,972.8071003543262,0
2026-01-26T08:30:00,972.8071003543262,972.8071003543262,0
2026-01-26T08:45:00,972.8071003543262,972.8071003543262,0
2026-01-26T09:00:00,972.8071003543262,972.8071003543262,0
2026-01-26T09:15:00,972.8071003543262,972.8071003543262,0
2026-01-26T09:30:00,972.8071003543262,972.8071003543262,0
2026-01-26T09:45:00,972.8071003543262,972.8071003543262,0
2026-01-26T10:00:00,972.8071003543262,972.8071003543262,0
2026-01-26T10:15:00,972.8071003543262,972.8071003543262,0
2026-01-26T10:30:00,972.8071003543262,972.8071003543262,0
2026-01-26T10:45:00,972.8071003543262,972.8071003543262,0
2026-01-26T11:00:00,972.8071003543262,972.8071003543262,0
2026-01-26T11:15:00,972.8071003543262,972.8071003543262,0
2026-01-26T11:30:00,972.8071003543262,972.8071003543262,0
2026-01-26T11:45:00,972.8071003543262,972.8071003543262,0
2026-01-26T12:00:00,972.8071003543262,972.8071003543262,0
2026-01-26T12:15:00,972.8071003543262,972.8071003543262,0
2026-01-26T12:30:00,972.8071003543262,972.8071003543262,0
2026-01-26T12:45:00,972.8071003543262,972.8071003543262,0
2026-01-26T13:00:00,972.8071003543262,972.8071003543262,0
2026-01-26T13:15:00,972.8071003543262,972.8071003543262,0
2026-01-26T13:30:00,972.8071003543262,972.8071003543262,0
2026-01-26T13:45:00,972.8071003543262,972.8071003543262,0
2026-01-26T14:00:00,972.8071003543262,972.8071003543262,0
2026-01-26T14:15:00,972.8071003543262,972.8071003543262,0
2026-01-26T14:30:00,972.8071003543262,972.8071003543262,0
2026-01-26T14:45:00,972.8071003543262,972.8071003543262,0
2026-01-26T15:00:00,972.8071003543262,972.8071003543262,0
2026-01-26T15:15:00,972.8071003543262,972.8071003543262,0
2026-01-26T15:30:00,972.8071003543262,972.8071003543262,0
2026-01-26T15:45:00,972.8071003543262,972.8071003543262,0
2026-01-26T16:00:00,972.8071003543262,972.8071003543262,0
2026-01-26T16:15:00,972.8071003543262,972.8071003543262,0
2026-01-26T16:30:00,972.8071003543262,972.8071003543262,0
2026-01-26T16:45:00,972.8071003543262,972.8071003543262,0
2026-01-26T17:00:00,972.8071003543262,972.8071003543262,0
2026-01-26T17:15:00,972.8071003543262,972.8071003543262,0
2026-01-26T17:30:00,972.8071003543262,972.8071003543262,0
2026-01-26T17:45:00,972.8071003543262,972.8071003543262,0
2026-01-26T18:00:00,972.8071003543262,972.8071003543262,0
2026-01-26T18:15:00,972.8071003543262,972.8071003543262,0
2026-01-26T18:30:00,972.8071003543262,972.8071003543262,0
2026-01-26T18:45:00,972.8071003543262,972.8071003543262,0
2026-01-26T19:00:00,972.8071003543262,972.8071003543262,0
2026-01-26T19:15:00,972.8071003543262,972.8071003543262,0
2026-01-26T19:30:00,972.8071003543262,972.8071003543262,0
2026-01-26T19:45:00,972.8071003543262,972.8071003543262,0
2026-01-26T20:00:00,972.8071003543262,972.8071003543262,0
2026-01-26T20:15:00,972.8071003543262,972.8071003543262,0
2026-01-26T20:30:00,972.8071003543262,972.8071003543262,0
2026-01-26T20:45:00,972.8071003543262,972.8071003543262,0
2026-01-26T21:00:00,972.8071003543262,972.8071003543262,0
2026-01-26T21:15:00,972.8071003543262,972.8071003543262,0
2026-01-26T21:30:00,972.8071003543262,972.8071003543262,0
2026-01-26T21:45:00,972.8071003543262,972.8071003543262,0
2026-01-26T22:00:00,972.8071003543262,972.8071003543262,0
2026-01-26T22:15:00,972.8071003543262,972.8071003543262,0
2026-01-26T22:30:00,972.8071003543262,972.8071003543262,0
2026-01-26T22:45:00,972.8071003543262,972.8071003543262,0
2026-01-26T23:00:00,972.8071003543262,972.8071003543262,0
2026-01-26T23:15:00,972.8071003543262,972.8071003543262,0
2026-01-26T23:30:00,972.8071003543262,972.8071003543262,0
2026-01-26T23:45:00,972.8071003543262,972.8071003543262,0
2026-01-27T00:00:00,972.8071003543262,972.8071003543262,0
2026-01-27T00:15:00,972.8071003543262,972.8071003543262,0
2026-01-27T00:30:00,972.8071003543262,972.8071003543262,0
2026-01-27T00:45:00,972.8071003543262,972.8071003543262,0
2026-01-27T01:00:00,972.8071003543262,972.8071003543262,0
2026-01-27T01:15:00,972.8071003543262,972.8071003543262,0
2026-01-27T01:30:00,972.8071003543262,972.8071003543262,0
2026-01-27T01:45:00,972.8071003543262,972.8071003543262,0
2026-01-27T02:00:00,972.8071003543262,972.8071003543262,0
2026-01-27T02:15:00,972.8071003543262,972.8071003543262,0
2026-01-27T02:30:00,972.8071003543262,972.8071003543262,0
2026-01-27T02:45:00,972.8071003543262,972.8071003543262,0
2026-01-27T03:00:00,972.8071003543262,972.8071003543262,0
2026-01-27T03:15:00,972.8071003543262,972.8071003543262,0
2026-01-27T03:30:00,972.8071003543262,972.8071003543262,0
2026-01-27T03:45:00,972.8071003543262,972.8071003543262,0
2026-01-27T04:00:00,972.8071003543262,972.8071003543262,0
2026-01-27T04:15:00,972.8071003543262,972.8071003543262,0
2026-01-27T04:30:00,972.8071003543262,972.8071003543262,0
2026-01-27T04:45:00,972.8071003543262,972.8071003543262,0
2026-01-27T05:00:00,972.8071003543262,972.8071003543262,0
2026-01-27T05:15:00,972.8071003543262,972.8071003543262,0
2026-01-27T05:30:00,972.8071003543262,972.8071003543262,0
2026-01-27T05:45:00,972.8071003543262,972.8071003543262,0
2026-01-27T06:00:00,972.8071003543262,972.8071003543262,0
2026-01-27T06:15:00,972.8071003543262,972.8071003543262,0
2026-01-27T06:30:00,972.8071003543262,972.8071003543262,0
2026-01-27T06:45:00,972.8071003543262,972.8071003543262,0
2026-01-27T07:00:00,972.8071003543262,972.8071003543262,0
2026-01-27T07:15:00,972.8071003543262,972.8071003543262,0
2026-01-27T07:30:00,972.8071003543262,972.8071003543262,0
2026-01-27T07:45:00,972.8071003543262,972.8071003543262,0
2026-01-27T08:00:00,972.8071003543262,972.8071003543262,0
2026-01-27T08:15:00,972.8071003543262,972.8071003543262,0
2026-01-27T08:30:00,972.8071003543262,972.8071003543262,0
2026-01-27T08:45:00,972.8071003543262,972.8071003543262,0
2026-01-27T09:00:00,972.8071003543262,972.8071003543262,0
2026-01-27T09:15:00,972.8071003543262,972.8071003543262,0
2026-01-27T09:30:00,972.8071003543262,972.8071003543262,0
2026-01-27T09:45:00,972.8071003543262,972.8071003543262,0
2026-01-27T10:00:00,972.8071003543262,972.8071003543262,0
2026-01-27T10:15:00,972.8071003543262,972.8071003543262,0
2026-01-27T10:30:00,972.8071003543262,972.8071003543262,0
2026-01-27T10:45:00,972.8071003543262,972.8071003543262,0
2026-01-27T11:00:00,972.8071003543262,972.8071003543262,0
2026-01-27T11:15:00,972.8071003543262,972.8071003543262,0
2026-01-27T11:30:00,972.8071003543262,972.8071003543262,0
2026-01-27T11:45:00,972.8071003543262,972.8071003543262,0
2026-01-27T12:00:00,972.8071003543262,972.8071003543262,0
2026-01-27T12:15:00,972.8071003543262,972.8071003543262,0
2026-01-27T12:30:00,972.8071003543262,972.8071003543262,0
2026-01-27T12:45:00,972.8071003543262,972.8071003543262,0
2026-01-27T13:00:00,972.8071003543262,972.8071003543262,0
2026-01-27T13:15:00,972.8071003543262,972.8071003543262,0
2026-01-27T13:30:00,972.8071003543262,972.8071003543262,0
2026-01-27T13:45:00,972.8071003543262,972.8071003543262,0
2026-01-27T14:00:00,972.8071003543262,972.8071003543262,0
2026-01-27T14:15:00,972.8071003543262,972.8071003543262,0
2026-01-27T14:30:00,972.8071003543262,972.8071003543262,0
2026-01-27T14:45:00,972.8071003543262,972.8071003543262,0
2026-01-27T15:00:00,972.8071003543262,972.8071003543262,0
2026-01-27T15:15:00,972.8071003543262,972.8071003543262,0
2026-01-27T15:30:00,972.8071003543262,972.8071003543262,0
2026-01-27T15:45:00,972.8071003543262,972.8071003543262,0
2026-01-27T16:00:00,972.8071003543262,972.8071003543262,0
2026-01-27T16:15:00,972.8071003543262,972.8071003543262,0
2026-01-27T16:30:00,972.8071003543262,972.8071003543262,0
2026-01-27T16:45:00,972.8071003543262,972.8071003543262,0
2026-01-27T17:00:00,971.7732575006439,836.3961975142411,1
2026-01-27T17:15:00,969.584502956813,836.3961975142411,1
2026-01-27T17:30:00,964.3663129226634,964.3663129226634,0
2026-01-27T17:45:00,964.3663129226634,964.3663129226634,0
2026-01-27T18:00:00,964.3663129226634,964.3663129226634,0
2026-01-27T18:15:00,964.3663129226634,964.3663129226634,0
2026-01-27T18:30:00,964.3663129226634,964.3663129226634,0
2026-01-27T18:45:00,964.3663129226634,964.3663129226634,0
2026-01-27T19:00:00,964.3663129226634,964.3663129226634,0
2026-01-27T19:15:00,964.3663129226634,964.3663129226634,0
2026-01-27T19:30:00,964.3663129226634,964.3663129226634,0
2026-01-27T19:45:00,964.3663129226634,964.3663129226634,0
2026-01-27T20:00:00,964.3663129226634,964.3663129226634,0
2026-01-27T20:15:00,964.3663129226634,964.3663129226634,0
2026-01-27T20:30:00,964.3663129226634,964.3663129226634,0
2026-01-27T20:45:00,964.3663129226634,964.3663129226634,0
2026-01-27T21:00:00,964.3663129226634,964.3663129226634,0
2026-01-27T21:15:00,964.3663129226634,964.3663129226634,0
2026-01-27T21:30:00,964.3663129226634,964.3663129226634,0
2026-01-27T21:45:00,964.3663129226634,964.3663129226634,0
2026-01-27T22:00:00,964.3663129226634,964.3663129226634,0
2026-01-27T22:15:00,964.3663129226634,964.3663129226634,0
2026-01-27T22:30:00,964.3663129226634,964.3663129226634,0
2026-01-27T22:45:00,964.3663129226634,964.3663129226634,0
2026-01-27T23:00:00,964.3663129226634,964.3663129226634,0
2026-01-27T23:15:00,964.3663129226634,964.3663129226634,0
2026-01-27T23:30:00,964.3663129226634,964.3663129226634,0
2026-01-27T23:45:00,964.3663129226634,964.3663129226634,0
2026-01-28T00:00:00,964.3663129226634,964.3663129226634,0
2026-01-28T00:15:00,964.3663129226634,964.3663129226634,0
2026-01-28T00:30:00,964.3663129226634,964.3663129226634,0
2026-01-28T00:45:00,964.3663129226634,964.3663129226634,0
2026-01-28T01:00:00,964.3663129226634,964.3663129226634,0
2026-01-28T01:15:00,964.3663129226634,964.3663129226634,0
2026-01-28T01:30:00,964.3663129226634,964.3663129226634,0
2026-01-28T01:45:00,964.3663129226634,964.3663129226634,0
2026-01-28T02:00:00,964.3663129226634,964.3663129226634,0
2026-01-28T02:15:00,964.3663129226634,964.3663129226634,0
2026-01-28T02:30:00,964.3663129226634,964.3663129226634,0
2026-01-28T02:45:00,964.3663129226634,964.3663129226634,0
2026-01-28T03:00:00,964.3663129226634,964.3663129226634,0
2026-01-28T03:15:00,964.3663129226634,964.3663129226634,0
2026-01-28T03:30:00,964.3663129226634,964.3663129226634,0
2026-01-28T03:45:00,964.3663129226634,964.3663129226634,0
2026-01-28T04:00:00,964.3663129226634,964.3663129226634,0
2026-01-28T04:15:00,964.3663129226634,964.3663129226634,0
2026-01-28T04:30:00,964.3663129226634,964.3663129226634,0
2026-01-28T04:45:00,964.3663129226634,964.3663129226634,0
2026-01-28T05:00:00,964.3663129226634,964.3663129226634,0
2026-01-28T05:15:00,964.3663129226634,964.3663129226634,0
2026-01-28T05:30:00,964.3663129226634,964.3663129226634,0
2026-01-28T05:45:00,964.3663129226634,964.3663129226634,0
2026-01-28T06:00:00,964.3663129226634,964.3663129226634,0
2026-01-28T06:15:00,964.3663129226634,964.3663129226634,0
2026-01-28T06:30:00,964.3663129226634,964.3663129226634,0
2026-01-28T06:45:00,964.3663129226634,964.3663129226634,0
2026-01-28T07:00:00,964.3663129226634,964.3663129226634,0
2026-01-28T07:15:00,964.3663129226634,964.3663129226634,0
2026-01-28T07:30:00,964.3663129226634,964.3663129226634,0
2026-01-28T07:45:00,964.3663129226634,964.3663129226634,0
2026-01-28T08:00:00,964.3663129226634,964.3663129226634,0
2026-01-28T08:15:00,964.3663129226634,964.3663129226634,0
2026-01-28T08:30:00,964.3663129226634,964.3663129226634,0
2026-01-28T08:45:00,964.3663129226634,964.3663129226634,0
2026-01-28T09:00:00,964.3663129226634,964.3663129226634,0
2026-01-28T09:15:00,964.3663129226634,964.3663129226634,0
2026-01-28T09:30:00,964.3663129226634,964.3663129226634,0
2026-01-28T09:45:00,964.3663129226634,964.3663129226634,0
2026-01-28T10:00:00,964.3663129226634,964.3663129226634,0
2026-01-28T10:15:00,964.3663129226634,964.3663129226634,0
2026-01-28T10:30:00,964.3663129226634,964.3663129226634,0
2026-01-28T10:45:00,964.3663129226634,964.3663129226634,0
2026-01-28T11:00:00,964.3663129226634,964.3663129226634,0
2026-01-28T11:15:00,964.3663129226634,964.3663129226634,0
2026-01-28T11:30:00,964.3663129226634,964.3663129226634,0
2026-01-28T11:45:00,963.3414404473453,829.1390110593958,1
2026-01-28T12:00:00,962.4366872115278,829.1390110593958,1
2026-01-28T12:15:00,962.0705716372086,829.1390110593958,1
2026-01-28T12:30:00,962.3160055572067,829.1390110593958,1
2026-01-28T12:45:00,962.8547030806369,829.1390110593958,1
2026-01-28T13:00:00,963.9356299814677,829.1390110593958,1
2026-01-28T13:15:00,963.7049819586011,829.1390110593958,1
2026-01-28T13:30:00,965.3502871515645,829.1390110593958,1
2026-01-28T13:45:00,964.4064440743423,829.1390110593958,1
2026-01-28T14:00:00,963.7588576971374,829.1390110593958,1
2026-01-28T14:15:00,962.9275550515241,829.1390110593958,1
2026-01-28T14:30:00,960.699970861432,960.699970861432,0
2026-01-28T14:45:00,960.699970861432,960.699970861432,0
2026-01-28T15:00:00,960.699970861432,960.699970861432,0
2026-01-28T15:15:00,960.699970861432,960.699970861432,0
2026-01-28T15:30:00,960.699970861432,960.699970861432,0
2026-01-28T15:45:00,960.699970861432,960.699970861432,0
2026-01-28T16:00:00,960.699970861432,960.699970861432,0
2026-01-28T16:15:00,960.699970861432,960.699970861432,0
2026-01-28T16:30:00,960.699970861432,960.699970861432,0
2026-01-28T16:45:00,960.699970861432,960.699970861432,0
2026-01-28T17:00:00,960.699970861432,960.699970861432,0
2026-01-28T17:15:00,960.699970861432,960.699970861432,0
2026-01-28T17:30:00,960.699970861432,960.699970861432,0
2026-01-28T17:45:00,960.699970861432,960.699970861432,0
2026-01-28T18:00:00,960.699970861432,960.699970861432,0
2026-01-28T18:15:00,960.699970861432,960.699970861432,0
2026-01-28T18:30:00,960.699970861432,960.699970861432,0
2026-01-28T18:45:00,960.699970861432,960.699970861432,0
2026-01-28T19:00:00,960.699970861432,960.699970861432,0
2026-01-28T19:15:00,960.699970861432,960.699970861432,0
2026-01-28T19:30:00,960.699970861432,960.699970861432,0
2026-01-28T19:45:00,960.699970861432,960.699970861432,0
2026-01-28T20:00:00,960.699970861432,960.699970861432,0
2026-01-28T20:15:00,959.6789947613952,825.9867781473586,1
2026-01-28T20:30:00,956.0664225055693,956.0664225055693,0
2026-01-28T20:45:00,956.0664225055693,956.0664225055693,0
2026-01-28T21:00:00,956.0664225055693,956.0664225055693,0
2026-01-28T21:15:00,956.0664225055693,956.0664225055693,0
2026-01-28T21:30:00,956.0664225055693,956.0664225055693,0
2026-01-28T21:45:00,956.0664225055693,956.0664225055693,0
2026-01-28T22:00:00,956.0664225055693,956.0664225055693,0
2026-01-28T22:15:00,956.0664225055693,956.0664225055693,0
2026-01-28T22:30:00,956.0664225055693,956.0664225055693,0
2026-01-28T22:45:00,956.0664225055693,956.0664225055693,0
2026-01-28T23:00:00,956.0664225055693,956.0664225055693,0
2026-01-28T23:15:00,956.0664225055693,956.0664225055693,0
2026-01-28T23:30:00,956.0664225055693,956.0664225055693,0
2026-01-28T23:45:00,956.0664225055693,956.0664225055693,0
2026-01-29T00:00:00,956.0664225055693,956.0664225055693,0
2026-01-29T00:15:00,956.0664225055693,956.0664225055693,0
2026-01-29T00:30:00,956.0664225055693,956.0664225055693,0
2026-01-29T00:45:00,956.0664225055693,956.0664225055693,0
2026-01-29T01:00:00,956.0664225055693,956.0664225055693,0
2026-01-29T01:15:00,956.0664225055693,956.0664225055693,0
2026-01-29T01:30:00,956.0664225055693,956.0664225055693,0
2026-01-29T01:45:00,956.0664225055693,956.0664225055693,0
2026-01-29T02:00:00,956.0664225055693,956.0664225055693,0
2026-01-29T02:15:00,956.0664225055693,956.0664225055693,0
2026-01-29T02:30:00,956.0664225055693,956.0664225055693,0
2026-01-29T02:45:00,956.0664225055693,956.0664225055693,0
2026-01-29T03:00:00,956.0664225055693,956.0664225055693,0
2026-01-29T03:15:00,956.0664225055693,956.0664225055693,0
2026-01-29T03:30:00,956.0664225055693,956.0664225055693,0
2026-01-29T03:45:00,956.0664225055693,956.0664225055693,0
2026-01-29T04:00:00,956.0664225055693,956.0664225055693,0
2026-01-29T04:15:00,956.0664225055693,956.0664225055693,0
2026-01-29T04:30:00,956.0664225055693,956.0664225055693,0
2026-01-29T04:45:00,956.0664225055693,956.0664225055693,0
2026-01-29T05:00:00,956.0664225055693,956.0664225055693,0
2026-01-29T05:15:00,956.0664225055693,956.0664225055693,0
2026-01-29T05:30:00,956.0664225055693,956.0664225055693,0
2026-01-29T05:45:00,956.0664225055693,956.0664225055693,0
2026-01-29T06:00:00,956.0664225055693,956.0664225055693,0
2026-01-29T06:15:00,956.0664225055693,956.0664225055693,0
2026-01-29T06:30:00,956.0664225055693,956.0664225055693,0
2026-01-29T06:45:00,956.0664225055693,956.0664225055693,0
2026-01-29T07:00:00,956.0664225055693,956.0664225055693,0
2026-01-29T07:15:00,956.0664225055693,956.0664225055693,0
2026-01-29T07:30:00,956.0664225055693,956.0664225055693,0
2026-01-29T07:45:00,956.0664225055693,956.0664225055693,0
2026-01-29T08:00:00,956.0664225055693,956.0664225055693,0
2026-01-29T08:15:00,956.0664225055693,956.0664225055693,0
2026-01-29T08:30:00,956.0664225055693,956.0664225055693,0
2026-01-29T08:45:00,956.0664225055693,956.0664225055693,0
2026-01-29T09:00:00,956.0664225055693,956.0664225055693,0
2026-01-29T09:15:00,956.0664225055693,956.0664225055693,0
2026-01-29T09:30:00,956.0664225055693,956.0664225055693,0
2026-01-29T09:45:00,956.0664225055693,956.0664225055693,0
2026-01-29T10:00:00,956.0664225055693,956.0664225055693,0
2026-01-29T10:15:00,956.0664225055693,956.0664225055693,0
2026-01-29T10:30:00,956.0664225055693,956.0664225055693,0
2026-01-29T10:45:00,956.0664225055693,956.0664225055693,0
2026-01-29T11:00:00,956.0664225055693,956.0664225055693,0
2026-01-29T11:15:00,955.0479613786509,822.0029644761483,1
2026-01-29T11:30:00,954.4282554183776,822.0029644761483,1
2026-01-29T11:45:00,954.1789062745988,822.0029644761483,1
2026-01-29T12:00:00,953.5500330663924,822.0029644761483,1
2026-01-29T12:15:00,953.8140498068639,822.0029644761483,1
2026-01-29T12:30:00,953.6490393440693,822.0029644761483,1
2026-01-29T12:45:00,952.4568201830335,952.4568201830335,0
2026-01-29T13:00:00,952.4568201830335,952.4568201830335,0
2026-01-29T13:15:00,952.4568201830335,952.4568201830335,0
2026-01-29T13:30:00,952.4568201830335,952.4568201830335,0
2026-01-29T13:45:00,952.4568201830335,952.4568201830335,0
2026-01-29T14:00:00,952.4568201830335,952.4568201830335,0
2026-01-29T14:15:00,952.4568201830335,952.4568201830335,0
2026-01-29T14:30:00,952.4568201830335,952.4568201830335,0
2026-01-29T14:45:00,952.4568201830335,952.4568201830335,0
2026-01-29T15:00:00,952.4568201830335,952.4568201830335,0
2026-01-29T15:15:00,952.4568201830335,952.4568201830335,0
2026-01-29T15:30:00,952.4568201830335,952.4568201830335,0
2026-01-29T15:45:00,952.4568201830335,952.4568201830335,0
2026-01-29T16:00:00,952.4568201830335,952.4568201830335,0
2026-01-29T16:15:00,952.4568201830335,952.4568201830335,0
2026-01-29T16:30:00,952.4568201830335,952.4568201830335,0
2026-01-29T16:45:00,952.4568201830335,952.4568201830335,0
2026-01-29T17:00:00,952.4568201830335,952.4568201830335,0
2026-01-29T17:15:00,952.4568201830335,952.4568201830335,0
2026-01-29T17:30:00,952.4568201830335,952.4568201830335,0
2026-01-29T17:45:00,952.4568201830335,952.4568201830335,0
2026-01-29T18:00:00,952.4568201830335,952.4568201830335,0
2026-01-29T18:15:00,952.4568201830335,952.4568201830335,0
2026-01-29T18:30:00,952.4568201830335,952.4568201830335,0
2026-01-29T18:45:00,952.4568201830335,952.4568201830335,0
2026-01-29T19:00:00,952.4568201830335,952.4568201830335,0
2026-01-29T19:15:00,952.4568201830335,952.4568201830335,0
2026-01-29T19:30:00,952.4568201830335,952.4568201830335,0
2026-01-29T19:45:00,952.4568201830335,952.4568201830335,0
2026-01-29T20:00:00,952.4568201830335,952.4568201830335,0
2026-01-29T20:15:00,952.4568201830335,952.4568201830335,0
2026-01-29T20:30:00,952.4568201830335,952.4568201830335,0
2026-01-29T20:45:00,952.4568201830335,952.4568201830335,0
2026-01-29T21:00:00,952.4568201830335,952.4568201830335,0
2026-01-29T21:15:00,952.4568201830335,952.4568201830335,0
2026-01-29T21:30:00,952.4568201830335,952.4568201830335,0
2026-01-29T21:45:00,952.4568201830335,952.4568201830335,0
2026-01-29T22:00:00,952.4568201830335,952.4568201830335,0
2026-01-29T22:15:00,952.4568201830335,952.4568201830335,0
2026-01-29T22:30:00,952.4568201830335,952.4568201830335,0
2026-01-29T22:45:00,952.4568201830335,952.4568201830335,0
2026-01-29T23:00:00,952.4568201830335,952.4568201830335,0
2026-01-29T23:15:00,952.4568201830335,952.4568201830335,0
2026-01-29T23:30:00,952.4568201830335,952.4568201830335,0
2026-01-29T23:45:00,952.4568201830335,952.4568201830335,0
2026-01-30T00:00:00,952.4568201830335,952.4568201830335,0
2026-01-30T00:15:00,952.4568201830335,952.4568201830335,0
2026-01-30T00:30:00,952.4568201830335,952.4568201830335,0
2026-01-30T00:45:00,952.4568201830335,952.4568201830335,0
2026-01-30T01:00:00,952.4568201830335,952.4568201830335,0
2026-01-30T01:15:00,952.4568201830335,952.4568201830335,0
2026-01-30T01:30:00,952.4568201830335,952.4568201830335,0
2026-01-30T01:45:00,952.4568201830335,952.4568201830335,0
2026-01-30T02:00:00,952.4568201830335,952.4568201830335,0
2026-01-30T02:15:00,952.4568201830335,952.4568201830335,0
2026-01-30T02:30:00,952.4568201830335,952.4568201830335,0
2026-01-30T02:45:00,952.4568201830335,952.4568201830335,0
2026-01-30T03:00:00,952.4568201830335,952.4568201830335,0
2026-01-30T03:15:00,952.4568201830335,952.4568201830335,0
2026-01-30T03:30:00,952.4568201830335,952.4568201830335,0
2026-01-30T03:45:00,952.4568201830335,952.4568201830335,0
2026-01-30T04:00:00,952.4568201830335,952.4568201830335,0
2026-01-30T04:15:00,952.4568201830335,952.4568201830335,0
2026-01-30T04:30:00,952.4568201830335,952.4568201830335,0
2026-01-30T04:45:00,952.4568201830335,952.4568201830335,0
2026-01-30T05:00:00,952.4568201830335,952.4568201830335,0
2026-01-30T05:15:00,952.4568201830335,952.4568201830335,0
2026-01-30T05:30:00,952.4568201830335,952.4568201830335,0
2026-01-30T05:45:00,952.4568201830335,952.4568201830335,0
2026-01-30T06:00:00,952.4568201830335,952.4568201830335,0
2026-01-30T06:15:00,952.4568201830335,952.4568201830335,0
2026-01-30T06:30:00,952.4568201830335,952.4568201830335,0
2026-01-30T06:45:00,952.4568201830335,952.4568201830335,0
2026-01-30T07:00:00,952.4568201830335,952.4568201830335,0
2026-01-30T07:15:00,952.4568201830335,952.4568201830335,0
2026-01-30T07:30:00,952.4568201830335,952.4568201830335,0
2026-01-30T07:45:00,952.4568201830335,952.4568201830335,0
2026-01-30T08:00:00,952.4568201830335,952.4568201830335,0
2026-01-30T08:15:00,952.4568201830335,952.4568201830335,0
2026-01-30T08:30:00,952.4568201830335,952.4568201830335,0
2026-01-30T08:45:00,952.4568201830335,952.4568201830335,0
2026-01-30T09:00:00,952.4568201830335,952.4568201830335,0
2026-01-30T09:15:00,952.4568201830335,952.4568201830335,0
2026-01-30T09:30:00,952.4568201830335,952.4568201830335,0
2026-01-30T09:45:00,952.4568201830335,952.4568201830335,0
2026-01-30T10:00:00,952.4568201830335,952.4568201830335,0
2026-01-30T10:15:00,952.4568201830335,952.4568201830335,0
2026-01-30T10:30:00,952.4568201830335,952.4568201830335,0
2026-01-30T10:45:00,952.4568201830335,952.4568201830335,0
2026-01-30T11:00:00,952.4568201830335,952.4568201830335,0
2026-01-30T11:15:00,952.4568201830335,952.4568201830335,0
2026-01-30T11:30:00,952.4568201830335,952.4568201830335,0
2026-01-30T11:45:00,952.4568201830335,952.4568201830335,0
2026-01-30T12:00:00,952.4568201830335,952.4568201830335,0
2026-01-30T12:15:00,952.4568201830335,952.4568201830335,0
2026-01-30T12:30:00,952.4568201830335,952.4568201830335,0
2026-01-30T12:45:00,952.4568201830335,952.4568201830335,0
2026-01-30T13:00:00,952.4568201830335,952.4568201830335,0
2026-01-30T13:15:00,952.4568201830335,952.4568201830335,0
2026-01-30T13:30:00,952.4568201830335,952.4568201830335,0
2026-01-30T13:45:00,952.4568201830335,952.4568201830335,0
2026-01-30T14:00:00,952.4568201830335,952.4568201830335,0
2026-01-30T14:15:00,952.4568201830335,952.4568201830335,0
2026-01-30T14:30:00,952.4568201830335,952.4568201830335,0
2026-01-30T14:45:00,952.4568201830335,952.4568201830335,0
2026-01-30T15:00:00,952.4568201830335,952.4568201830335,0
2026-01-30T15:15:00,952.4568201830335,952.4568201830335,0
2026-01-30T15:30:00,952.4568201830335,952.4568201830335,0
2026-01-30T15:45:00,952.4568201830335,952.4568201830335,0
2026-01-30T16:00:00,952.4568201830335,952.4568201830335,0
2026-01-30T16:15:00,952.4568201830335,952.4568201830335,0
2026-01-30T16:30:00,952.4568201830335,952.4568201830335,0
2026-01-30T16:45:00,952.4568201830335,952.4568201830335,0
2026-01-30T17:00:00,952.4568201830335,952.4568201830335,0
2026-01-30T17:15:00,952.4568201830335,952.4568201830335,0
2026-01-30T17:30:00,952.4568201830335,952.4568201830335,0
2026-01-30T17:45:00,952.4568201830335,952.4568201830335,0
2026-01-30T18:00:00,951.4422042279177,818.8995150296878,1
2026-01-30T18:15:00,956.5747772529564,818.8995150296878,1
2026-01-30T18:30:00,948.9253454217258,818.8995150296878,1
2026-01-30T18:45:00,943.4081831414786,943.4081831414786,0
2026-01-30T19:00:00,943.4081831414786,943.4081831414786,0
2026-01-30T19:15:00,943.4081831414786,943.4081831414786,0
2026-01-30T19:30:00,943.4081831414786,943.4081831414786,0
2026-01-30T19:45:00,943.4081831414786,943.4081831414786,0
2026-01-30T20:00:00,943.4081831414786,943.4081831414786,0
2026-01-30T20:15:00,943.4081831414786,943.4081831414786,0
2026-01-30T20:30:00,943.4081831414786,943.4081831414786,0
2026-01-30T20:45:00,943.4081831414786,943.4081831414786,0
2026-01-30T21:00:00,943.4081831414786,943.4081831414786,0
2026-01-30T21:15:00,943.4081831414786,943.4081831414786,0
2026-01-30T21:30:00,943.4081831414786,943.4081831414786,0
2026-01-30T21:45:00,943.4081831414786,943.4081831414786,0
2026-01-30T22:00:00,943.4081831414786,943.4081831414786,0
2026-01-30T22:15:00,943.4081831414786,943.4081831414786,0
2026-01-30T22:30:00,943.4081831414786,943.4081831414786,0
2026-01-30T22:45:00,943.4081831414786,943.4081831414786,0
2026-01-30T23:00:00,943.4081831414786,943.4081831414786,0
2026-01-30T23:15:00,943.4081831414786,943.4081831414786,0
2026-01-30T23:30:00,943.4081831414786,943.4081831414786,0
2026-01-30T23:45:00,943.4081831414786,943.4081831414786,0
2026-01-31T00:00:00,943.4081831414786,943.4081831414786,0
2026-01-31T00:15:00,943.4081831414786,943.4081831414786,0
2026-01-31T00:30:00,943.4081831414786,943.4081831414786,0
2026-01-31T00:45:00,943.4081831414786,943.4081831414786,0
2026-01-31T01:00:00,943.4081831414786,943.4081831414786,0
2026-01-31T01:15:00,943.4081831414786,943.4081831414786,0
2026-01-31T01:30:00,943.4081831414786,943.4081831414786,0
2026-01-31T01:45:00,943.4081831414786,943.4081831414786,0
2026-01-31T02:00:00,943.4081831414786,943.4081831414786,0
2026-01-31T02:15:00,943.4081831414786,943.4081831414786,0
2026-01-31T02:30:00,943.4081831414786,943.4081831414786,0
2026-01-31T02:45:00,943.4081831414786,943.4081831414786,0
2026-01-31T03:00:00,943.4081831414786,943.4081831414786,0
2026-01-31T03:15:00,943.4081831414786,943.4081831414786,0
2026-01-31T03:30:00,943.4081831414786,943.4081831414786,0
2026-01-31T03:45:00,943.4081831414786,943.4081831414786,0
2026-01-31T04:00:00,943.4081831414786,943.4081831414786,0
2026-01-31T04:15:00,943.4081831414786,943.4081831414786,0
2026-01-31T04:30:00,943.4081831414786,943.4081831414786,0
2026-01-31T04:45:00,943.4081831414786,943.4081831414786,0
2026-01-31T05:00:00,943.4081831414786,943.4081831414786,0
2026-01-31T05:15:00,943.4081831414786,943.4081831414786,0
2026-01-31T05:30:00,943.4081831414786,943.4081831414786,0
2026-01-31T05:45:00,943.4081831414786,943.4081831414786,0
2026-01-31T06:00:00,943.4081831414786,943.4081831414786,0
2026-01-31T06:15:00,943.4081831414786,943.4081831414786,0
2026-01-31T06:30:00,943.4081831414786,943.4081831414786,0
2026-01-31T06:45:00,943.4081831414786,943.4081831414786,0
2026-01-31T07:00:00,943.4081831414786,943.4081831414786,0
2026-01-31T07:15:00,943.4081831414786,943.4081831414786,0
2026-01-31T07:30:00,943.4081831414786,943.4081831414786,0
2026-01-31T07:45:00,943.4081831414786,943.4081831414786,0
2026-01-31T08:00:00,943.4081831414786,943.4081831414786,0
2026-01-31T08:15:00,943.4081831414786,943.4081831414786,0
2026-01-31T08:30:00,943.4081831414786,943.4081831414786,0
2026-01-31T08:45:00,943.4081831414786,943.4081831414786,0
2026-01-31T09:00:00,943.4081831414786,943.4081831414786,0
2026-01-31T09:15:00,943.4081831414786,943.4081831414786,0
2026-01-31T09:30:00,943.4081831414786,943.4081831414786,0
2026-01-31T09:45:00,943.4081831414786,943.4081831414786,0
2026-01-31T10:00:00,943.4081831414786,943.4081831414786,0
2026-01-31T10:15:00,943.4081831414786,943.4081831414786,0
2026-01-31T10:30:00,943.4081831414786,943.4081831414786,0
2026-01-31T10:45:00,943.4081831414786,943.4081831414786,0
2026-01-31T11:00:00,943.4081831414786,943.4081831414786,0
2026-01-31T11:15:00,943.4081831414786,943.4081831414786,0
2026-01-31T11:30:00,943.4081831414786,943.4081831414786,0
2026-01-31T11:45:00,943.4081831414786,943.4081831414786,0
2026-01-31T12:00:00,943.4081831414786,943.4081831414786,0
2026-01-31T12:15:00,943.4081831414786,943.4081831414786,0
2026-01-31T12:30:00,943.4081831414786,943.4081831414786,0
2026-01-31T12:45:00,943.4081831414786,943.4081831414786,0
2026-01-31T13:00:00,943.4081831414786,943.4081831414786,0
2026-01-31T13:15:00,943.4081831414786,943.4081831414786,0
2026-01-31T13:30:00,943.4081831414786,943.4081831414786,0
2026-01-31T13:45:00,943.4081831414786,943.4081831414786,0
2026-01-31T14:00:00,943.4081831414786,943.4081831414786,0
2026-01-31T14:15:00,943.4081831414786,943.4081831414786,0
2026-01-31T14:30:00,943.4081831414786,943.4081831414786,0
2026-01-31T14:45:00,943.4081831414786,943.4081831414786,0
2026-01-31T15:00:00,943.4081831414786,943.4081831414786,0
2026-01-31T15:15:00,943.4081831414786,943.4081831414786,0
2026-01-31T15:30:00,943.4081831414786,943.4081831414786,0
2026-01-31T15:45:00,943.4081831414786,943.4081831414786,0
2026-01-31T16:00:00,943.4081831414786,943.4081831414786,0
2026-01-31T16:15:00,943.4081831414786,943.4081831414786,0
2026-01-31T16:30:00,943.4081831414786,943.4081831414786,0
2026-01-31T16:45:00,943.4081831414786,943.4081831414786,0
2026-01-31T17:00:00,942.4032063545853,811.1197140686479,1
2026-01-31T17:15:00,940.5690219721163,811.1197140686479,1
2026-01-31T17:30:00,941.9971532430235,811.1197140686479,1
2026-01-31T17:45:00,942.0868056900648,811.1197140686479,1
2026-01-31T18:00:00,943.9050861579015,811.1197140686479,1
2026-01-31T18:15:00,945.1533756937258,811.1197140686479,1
2026-01-31T18:30:00,951.1704238347447,811.1197140686479,1
2026-01-31T18:45:00,947.8279175569565,811.1197140686479,1
2026-01-31T19:00:00,946.5672806781265,811.1197140686479,1
2026-01-31T19:15:00,948.2026325751291,811.1197140686479,1
2026-01-31T19:30:00,951.3064459231823,811.1197140686479,1
2026-01-31T19:45:00,949.7630280474721,811.1197140686479,1
2026-01-31T20:00:00,951.2249131962698,811.1197140686479,1
2026-01-31T20:15:00,952.2261216617304,811.1197140686479,1
2026-01-31T20:30:00,951.3263761453165,811.1197140686479,1
2026-01-31T20:45:00,947.671287404512,947.671287404512,0
2026-01-31T21:00:00,947.671287404512,947.671287404512,0
2026-01-31T21:15:00,947.671287404512,947.671287404512,0
2026-01-31T21:30:00,947.671287404512,947.671287404512,0
2026-01-31T21:45:00,947.671287404512,947.671287404512,0
2026-01-31T22:00:00,947.671287404512,947.671287404512,0
2026-01-31T22:15:00,947.671287404512,947.671287404512,0
2026-01-31T22:30:00,947.671287404512,947.671287404512,0
2026-01-31T22:45:00,947.671287404512,947.671287404512,0
2026-01-31T23:00:00,947.671287404512,947.671287404512,0
2026-01-31T23:15:00,947.671287404512,947.671287404512,0
2026-01-31T23:30:00,947.671287404512,947.671287404512,0
2026-01-31T23:45:00,947.671287404512,947.671287404512,0
2026-02-01T00:00:00,947.671287404512,947.671287404512,0
2026-02-01T00:15:00,947.671287404512,947.671287404512,0
2026-02-01T00:30:00,947.671287404512,947.671287404512,0
2026-02-01T00:45:00,947.671287404512,947.671287404512,0
2026-02-01T01:00:00,947.671287404512,947.671287404512,0
2026-02-01T01:15:00,947.671287404512,947.671287404512,0
2026-02-01T01:30:00,947.671287404512,947.671287404512,0
2026-02-01T01:45:00,947.671287404512,947.671287404512,0
2026-02-01T02:00:00,947.671287404512,947.671287404512,0
2026-02-01T02:15:00,947.671287404512,947.671287404512,0
2026-02-01T02:30:00,947.671287404512,947.671287404512,0
2026-02-01T02:45:00,947.671287404512,947.671287404512,0
2026-02-01T03:00:00,947.671287404512,947.671287404512,0
2026-02-01T03:15:00,947.671287404512,947.671287404512,0
2026-02-01T03:30:00,947.671287404512,947.671287404512,0
2026-02-01T03:45:00,947.671287404512,947.671287404512,0
2026-02-01T04:00:00,947.671287404512,947.671287404512,0
2026-02-01T04:15:00,947.671287404512,947.671287404512,0
2026-02-01T04:30:00,947.671287404512,947.671287404512,0
2026-02-01T04:45:00,947.671287404512,947.671287404512,0
2026-02-01T05:00:00,947.671287404512,947.671287404512,0
2026-02-01T05:15:00,947.671287404512,947.671287404512,0
2026-02-01T05:30:00,947.671287404512,947.671287404512,0
2026-02-01T05:45:00,947.671287404512,947.671287404512,0
2026-02-01T06:00:00,947.671287404512,947.671287404512,0
2026-02-01T06:15:00,947.671287404512,947.671287404512,0
2026-02-01T06:30:00,947.671287404512,947.671287404512,0
2026-02-01T06:45:00,947.671287404512,947.671287404512,0
2026-02-01T07:00:00,947.671287404512,947.671287404512,0
2026-02-01T07:15:00,947.671287404512,947.671287404512,0
2026-02-01T07:30:00,947.671287404512,947.671287404512,0
2026-02-01T07:45:00,947.671287404512,947.671287404512,0
2026-02-01T08:00:00,947.671287404512,947.671287404512,0
2026-02-01T08:15:00,947.671287404512,947.671287404512,0
2026-02-01T08:30:00,947.671287404512,947.671287404512,0
2026-02-01T08:45:00,947.671287404512,947.671287404512,0
2026-02-01T09:00:00,947.671287404512,947.671287404512,0
2026-02-01T09:15:00,947.671287404512,947.671287404512,0
2026-02-01T09:30:00,947.671287404512,947.671287404512,0
2026-02-01T09:45:00,947.671287404512,947.671287404512,0
2026-02-01T10:00:00,947.671287404512,947.671287404512,0
2026-02-01T10:15:00,947.671287404512,947.671287404512,0
2026-02-01T10:30:00,947.671287404512,947.671287404512,0
2026-02-01T10:45:00,947.671287404512,947.671287404512,0
2026-02-01T11:00:00,946.6617692951021,814.7850287995017,1
2026-02-01T11:15:00,948.0340521941639,814.7850287995017,1
2026-02-01T11:30:00,940.3346054341766,940.3346054341766,0
2026-02-01T11:45:00,940.3346054341766,940.3346054341766,0
2026-02-01T12:00:00,940.3346054341766,940.3346054341766,0
2026-02-01T12:15:00,940.3346054341766,940.3346054341766,0
2026-02-01T12:30:00,940.3346054341766,940.3346054341766,0
2026-02-01T12:45:00,940.3346054341766,940.3346054341766,0
2026-02-01T13:00:00,940.3346054341766,940.3346054341766,0
2026-02-01T13:15:00,940.3346054341766,940.3346054341766,0
2026-02-01T13:30:00,940.3346054341766,940.3346054341766,0
2026-02-01T13:45:00,940.3346054341766,940.3346054341766,0
2026-02-01T14:00:00,940.3346054341766,940.3346054341766,0
2026-02-01T14:15:00,940.3346054341766,940.3346054341766,0
2026-02-01T14:30:00,940.3346054341766,940.3346054341766,0
2026-02-01T14:45:00,940.3346054341766,940.3346054341766,0
2026-02-01T15:00:00,940.3346054341766,940.3346054341766,0
2026-02-01T15:15:00,940.3346054341766,940.3346054341766,0
2026-02-01T15:30:00,940.3346054341766,940.3346054341766,0
2026-02-01T15:45:00,940.3346054341766,940.3346054341766,0
2026-02-01T16:00:00,940.3346054341766,940.3346054341766,0
2026-02-01T16:15:00,940.3346054341766,940.3346054341766,0
2026-02-01T16:30:00,940.3346054341766,940.3346054341766,0
2026-02-01T16:45:00,940.3346054341766,940.3346054341766,0
2026-02-01T17:00:00,940.3346054341766,940.3346054341766,0
2026-02-01T17:15:00,940.3346054341766,940.3346054341766,0
2026-02-01T17:30:00,940.3346054341766,940.3346054341766,0
2026-02-01T17:45:00,940.3346054341766,940.3346054341766,0
2026-02-01T18:00:00,940.3346054341766,940.3346054341766,0
2026-02-01T18:15:00,940.3346054341766,940.3346054341766,0
2026-02-01T18:30:00,940.3346054341766,940.3346054341766,0
2026-02-01T18:45:00,940.3346054341766,940.3346054341766,0
2026-02-01T19:00:00,940.3346054341766,940.3346054341766,0
2026-02-01T19:15:00,940.3346054341766,940.3346054341766,0
2026-02-01T19:30:00,940.3346054341766,940.3346054341766,0
2026-02-01T19:45:00,940.3346054341766,940.3346054341766,0
2026-02-01T20:00:00,940.3346054341766,940.3346054341766,0
2026-02-01T20:15:00,939.3329028124897,808.4771257217747,1
2026-02-01T20:30:00,934.327367139409,808.4771257217747,1
2026-02-01T20:45:00,936.4838158347499,808.4771257217747,1
2026-02-01T21:00:00,938.9633398528379,808.4771257217747,1
2026-02-01T21:15:00,937.2483174020086,808.4771257217747,1
2026-02-01T21:30:00,938.282873629214,808.4771257217747,1
2026-02-01T21:45:00,940.4518382267984,808.4771257217747,1
2026-02-01T22:00:00,933.389045418034,933.389045418034,0
2026-02-01T22:15:00,933.389045418034,933.389045418034,0
2026-02-01T22:30:00,933.389045418034,933.389045418034,0
2026-02-01T22:45:00,933.389045418034,933.389045418034,0
2026-02-01T23:00:00,932.3947416367566,802.5054999133356,1
2026-02-01T23:15:00,932.672751385594,802.5054999133356,1
2026-02-01T23:30:00,923.8320413725646,802.5054999133356,1
2026-02-01T23:45:00,929.9413056032665,802.5054999133356,1
2026-02-02T00:00:00,925.1433206879143,802.5054999133356,1
2026-02-02T00:15:00,919.3750724209659,919.3750724209659,0
2026-02-02T00:30:00,919.3750724209659,919.3750724209659,0
2026-02-02T00:45:00,919.3750724209659,919.3750724209659,0
2026-02-02T01:00:00,919.3750724209659,919.3750724209659,0
2026-02-02T01:15:00,919.3750724209659,919.3750724209659,0
2026-02-02T01:30:00,919.3750724209659,919.3750724209659,0
2026-02-02T01:45:00,919.3750724209659,919.3750724209659,0
2026-02-02T02:00:00,919.3750724209659,919.3750724209659,0
2026-02-02T02:15:00,919.3750724209659,919.3750724209659,0
2026-02-02T02:30:00,919.3750724209659,919.3750724209659,0
2026-02-02T02:45:00,919.3750724209659,919.3750724209659,0
2026-02-02T03:00:00,919.3750724209659,919.3750724209659,0
2026-02-02T03:15:00,919.3750724209659,919.3750724209659,0
2026-02-02T03:30:00,919.3750724209659,919.3750724209659,0
2026-02-02T03:45:00,919.3750724209659,919.3750724209659,0
2026-02-02T04:00:00,919.3750724209659,919.3750724209659,0
2026-02-02T04:15:00,919.3750724209659,919.3750724209659,0
2026-02-02T04:30:00,919.3750724209659,919.3750724209659,0
2026-02-02T04:45:00,919.3750724209659,919.3750724209659,0
2026-02-02T05:00:00,919.3750724209659,919.3750724209659,0
2026-02-02T05:15:00,919.3750724209659,919.3750724209659,0
2026-02-02T05:30:00,919.3750724209659,919.3750724209659,0
2026-02-02T05:45:00,919.3750724209659,919.3750724209659,0
2026-02-02T06:00:00,919.3750724209659,919.3750724209659,0
2026-02-02T06:15:00,919.3750724209659,919.3750724209659,0
2026-02-02T06:30:00,919.3750724209659,919.3750724209659,0
2026-02-02T06:45:00,919.3750724209659,919.3750724209659,0
2026-02-02T07:00:00,919.3750724209659,919.3750724209659,0
2026-02-02T07:15:00,919.3750724209659,919.3750724209659,0
2026-02-02T07:30:00,919.3750724209659,919.3750724209659,0
2026-02-02T07:45:00,919.3750724209659,919.3750724209659,0
2026-02-02T08:00:00,919.3750724209659,919.3750724209659,0
2026-02-02T08:15:00,919.3750724209659,919.3750724209659,0
2026-02-02T08:30:00,919.3750724209659,919.3750724209659,0
2026-02-02T08:45:00,919.3750724209659,919.3750724209659,0
2026-02-02T09:00:00,919.3750724209659,919.3750724209659,0
2026-02-02T09:15:00,919.3750724209659,919.3750724209659,0
2026-02-02T09:30:00,919.3750724209659,919.3750724209659,0
2026-02-02T09:45:00,919.3750724209659,919.3750724209659,0
2026-02-02T10:00:00,919.3750724209659,919.3750724209659,0
2026-02-02T10:15:00,919.3750724209659,919.3750724209659,0
2026-02-02T10:30:00,919.3750724209659,919.3750724209659,0
2026-02-02T10:45:00,919.3750724209659,919.3750724209659,0
2026-02-02T11:00:00,919.3750724209659,919.3750724209659,0
2026-02-02T11:15:00,919.3750724209659,919.3750724209659,0
2026-02-02T11:30:00,919.3750724209659,919.3750724209659,0
2026-02-02T11:45:00,919.3750724209659,919.3750724209659,0
2026-02-02T12:00:00,919.3750724209659,919.3750724209659,0
2026-02-02T12:15:00,919.3750724209659,919.3750724209659,0
2026-02-02T12:30:00,919.3750724209659,919.3750724209659,0
2026-02-02T12:45:00,919.3750724209659,919.3750724209659,0
2026-02-02T13:00:00,919.3750724209659,919.3750724209659,0
2026-02-02T13:15:00,919.3750724209659,919.3750724209659,0
2026-02-02T13:30:00,919.3750724209659,919.3750724209659,0
2026-02-02T13:45:00,919.3750724209659,919.3750724209659,0
2026-02-02T14:00:00,919.3750724209659,919.3750724209659,0
2026-02-02T14:15:00,919.3750724209659,919.3750724209659,0
2026-02-02T14:30:00,919.3750724209659,919.3750724209659,0
2026-02-02T14:45:00,919.3750724209659,919.3750724209659,0
2026-02-02T15:00:00,919.3750724209659,919.3750724209659,0
2026-02-02T15:15:00,919.3750724209659,919.3750724209659,0
2026-02-02T15:30:00,919.3750724209659,919.3750724209659,0
2026-02-02T15:45:00,919.3750724209659,919.3750724209659,0
2026-02-02T16:00:00,919.3750724209659,919.3750724209659,0
2026-02-02T16:15:00,919.3750724209659,919.3750724209659,0
2026-02-02T16:30:00,919.3750724209659,919.3750724209659,0
2026-02-02T16:45:00,919.3750724209659,919.3750724209659,0
2026-02-02T17:00:00,919.3750724209659,919.3750724209659,0
2026-02-02T17:15:00,919.3750724209659,919.3750724209659,0
2026-02-02T17:30:00,919.3750724209659,919.3750724209659,0
2026-02-02T17:45:00,919.3750724209659,919.3750724209659,0
2026-02-02T18:00:00,919.3750724209659,919.3750724209659,0
2026-02-02T18:15:00,919.3750724209659,919.3750724209659,0
2026-02-02T18:30:00,919.3750724209659,919.3750724209659,0
2026-02-02T18:45:00,919.3750724209659,919.3750724209659,0
2026-02-02T19:00:00,919.3750724209659,919.3750724209659,0
2026-02-02T19:15:00,919.3750724209659,919.3750724209659,0
2026-02-02T19:30:00,919.3750724209659,919.3750724209659,0
2026-02-02T19:45:00,919.3750724209659,919.3750724209659,0
2026-02-02T20:00:00,919.3750724209659,919.3750724209659,0
2026-02-02T20:15:00,919.3750724209659,919.3750724209659,0
2026-02-02T20:30:00,919.3750724209659,919.3750724209659,0
2026-02-02T20:45:00,919.3750724209659,919.3750724209659,0
2026-02-02T21:00:00,919.3750724209659,919.3750724209659,0
2026-02-02T21:15:00,919.3750724209659,919.3750724209659,0
2026-02-02T21:30:00,919.3750724209659,919.3750724209659,0
2026-02-02T21:45:00,919.3750724209659,919.3750724209659,0
2026-02-02T22:00:00,919.3750724209659,919.3750724209659,0
2026-02-02T22:15:00,919.3750724209659,919.3750724209659,0
2026-02-02T22:30:00,919.3750724209659,919.3750724209659,0
2026-02-02T22:45:00,919.3750724209659,919.3750724209659,0
2026-02-02T23:00:00,919.3750724209659,919.3750724209659,0
2026-02-02T23:15:00,919.3750724209659,919.3750724209659,0
2026-02-02T23:30:00,919.3750724209659,919.3750724209659,0
2026-02-02T23:45:00,919.3750724209659,919.3750724209659,0
2026-02-03T00:00:00,919.3750724209659,919.3750724209659,0
2026-02-03T00:15:00,919.3750724209659,919.3750724209659,0
2026-02-03T00:30:00,919.3750724209659,919.3750724209659,0
2026-02-03T00:45:00,919.3750724209659,919.3750724209659,0
2026-02-03T01:00:00,919.3750724209659,919.3750724209659,0
2026-02-03T01:15:00,919.3750724209659,919.3750724209659,0
2026-02-03T01:30:00,919.3750724209659,919.3750724209659,0
2026-02-03T01:45:00,919.3750724209659,919.3750724209659,0
2026-02-03T02:00:00,919.3750724209659,919.3750724209659,0
2026-02-03T02:15:00,919.3750724209659,919.3750724209659,0
2026-02-03T02:30:00,919.3750724209659,919.3750724209659,0
2026-02-03T02:45:00,919.3750724209659,919.3750724209659,0
2026-02-03T03:00:00,919.3750724209659,919.3750724209659,0
2026-02-03T03:15:00,919.3750724209659,919.3750724209659,0
2026-02-03T03:30:00,919.3750724209659,919.3750724209659,0
2026-02-03T03:45:00,919.3750724209659,919.3750724209659,0
2026-02-03T04:00:00,919.3750724209659,919.3750724209659,0
2026-02-03T04:15:00,919.3750724209659,919.3750724209659,0
2026-02-03T04:30:00,919.3750724209659,919.3750724209659,0
2026-02-03T04:45:00,919.3750724209659,919.3750724209659,0
2026-02-03T05:00:00,919.3750724209659,919.3750724209659,0
2026-02-03T05:15:00,919.3750724209659,919.3750724209659,0
2026-02-03T05:30:00,919.3750724209659,919.3750724209659,0
2026-02-03T05:45:00,919.3750724209659,919.3750724209659,0
2026-02-03T06:00:00,919.3750724209659,919.3750724209659,0
2026-02-03T06:15:00,919.3750724209659,919.3750724209659,0
2026-02-03T06:30:00,919.3750724209659,919.3750724209659,0
2026-02-03T06:45:00,919.3750724209659,919.3750724209659,0
2026-02-03T07:00:00,919.3750724209659,919.3750724209659,0
2026-02-03T07:15:00,919.3750724209659,919.3750724209659,0
2026-02-03T07:30:00,919.3750724209659,919.3750724209659,0
2026-02-03T07:45:00,919.3750724209659,919.3750724209659,0
2026-02-03T08:00:00,919.3750724209659,919.3750724209659,0
2026-02-03T08:15:00,919.3750724209659,919.3750724209659,0
2026-02-03T08:30:00,919.3750724209659,919.3750724209659,0
2026-02-03T08:45:00,919.3750724209659,919.3750724209659,0
2026-02-03T09:00:00,919.3750724209659,919.3750724209659,0
2026-02-03T09:15:00,919.3750724209659,919.3750724209659,0
2026-02-03T09:30:00,919.3750724209659,919.3750724209659,0
2026-02-03T09:45:00,919.3750724209659,919.3750724209659,0
2026-02-03T10:00:00,919.3750724209659,919.3750724209659,0
2026-02-03T10:15:00,919.3750724209659,919.3750724209659,0
2026-02-03T10:30:00,919.3750724209659,919.3750724209659,0
2026-02-03T10:45:00,919.3750724209659,919.3750724209659,0
2026-02-03T11:00:00,919.3750724209659,919.3750724209659,0
2026-02-03T11:15:00,919.3750724209659,919.3750724209659,0
2026-02-03T11:30:00,919.3750724209659,919.3750724209659,0
2026-02-03T11:45:00,919.3750724209659,919.3750724209659,0
2026-02-03T12:00:00,919.3750724209659,919.3750724209659,0
2026-02-03T12:15:00,919.3750724209659,919.3750724209659,0
2026-02-03T12:30:00,919.3750724209659,919.3750724209659,0
2026-02-03T12:45:00,919.3750724209659,919.3750724209659,0
2026-02-03T13:00:00,919.3750724209659,919.3750724209659,0
2026-02-03T13:15:00,919.3750724209659,919.3750724209659,0
2026-02-03T13:30:00,919.3750724209659,919.3750724209659,0
2026-02-03T13:45:00,919.3750724209659,919.3750724209659,0
2026-02-03T14:00:00,919.3750724209659,919.3750724209659,0
2026-02-03T14:15:00,919.3750724209659,919.3750724209659,0
2026-02-03T14:30:00,919.3750724209659,919.3750724209659,0
2026-02-03T14:45:00,919.3750724209659,919.3750724209659,0
2026-02-03T15:00:00,919.3750724209659,919.3750724209659,0
2026-02-03T15:15:00,919.3750724209659,919.3750724209659,0
2026-02-03T15:30:00,919.3750724209659,919.3750724209659,0
2026-02-03T15:45:00,919.3750724209659,919.3750724209659,0
2026-02-03T16:00:00,919.3750724209659,919.3750724209659,0
2026-02-03T16:15:00,919.3750724209659,919.3750724209659,0
2026-02-03T16:30:00,919.3750724209659,919.3750724209659,0
2026-02-03T16:45:00,919.3750724209659,919.3750724209659,0
2026-02-03T17:00:00,918.3956971910897,790.4566222658084,1
2026-02-03T17:15:00,916.8641492052219,790.4566222658084,1
2026-02-03T17:30:00,922.1015792114393,790.4566222658084,1
2026-02-03T17:45:00,924.6379154971264,790.4566222658084,1
2026-02-03T18:00:00,929.1559820554363,790.4566222658084,1
2026-02-03T18:15:00,938.0784093367416,790.4566222658084,1
2026-02-03T18:30:00,940.4360650240774,790.4566222658084,1
2026-02-03T18:45:00,941.9165614104162,790.4566222658084,1
2026-02-03T19:00:00,928.2556174819262,790.4566222658084,1
2026-02-03T19:15:00,925.828345977051,790.4566222658084,1
2026-02-03T19:30:00,923.8767825586951,790.4566222658084,1
2026-02-03T19:45:00,921.8673027728457,921.8673027728457,0
2026-02-03T20:00:00,921.8673027728457,921.8673027728457,0
2026-02-03T20:15:00,921.8673027728457,921.8673027728457,0
2026-02-03T20:30:00,921.8673027728457,921.8673027728457,0
2026-02-03T20:45:00,921.8673027728457,921.8673027728457,0
2026-02-03T21:00:00,921.8673027728457,921.8673027728457,0
2026-02-03T21:15:00,921.8673027728457,921.8673027728457,0
2026-02-03T21:30:00,921.8673027728457,921.8673027728457,0
2026-02-03T21:45:00,921.8673027728457,921.8673027728457,0
2026-02-03T22:00:00,921.8673027728457,921.8673027728457,0
2026-02-03T22:15:00,921.8673027728457,921.8673027728457,0
2026-02-03T22:30:00,921.8673027728457,921.8673027728457,0
2026-02-03T22:45:00,921.8673027728457,921.8673027728457,0
2026-02-03T23:00:00,921.8673027728457,921.8673027728457,0
2026-02-03T23:15:00,921.8673027728457,921.8673027728457,0
2026-02-03T23:30:00,921.8673027728457,921.8673027728457,0
2026-02-03T23:45:00,921.8673027728457,921.8673027728457,0
2026-02-04T00:00:00,921.8673027728457,921.8673027728457,0
2026-02-04T00:15:00,921.8673027728457,921.8673027728457,0
2026-02-04T00:30:00,921.8673027728457,921.8673027728457,0
2026-02-04T00:45:00,921.8673027728457,921.8673027728457,0
2026-02-04T01:00:00,921.8673027728457,921.8673027728457,0
2026-02-04T01:15:00,921.8673027728457,921.8673027728457,0
2026-02-04T01:30:00,921.8673027728457,921.8673027728457,0
2026-02-04T01:45:00,921.8673027728457,921.8673027728457,0
2026-02-04T02:00:00,921.8673027728457,921.8673027728457,0
2026-02-04T02:15:00,921.8673027728457,921.8673027728457,0
2026-02-04T02:30:00,921.8673027728457,921.8673027728457,0
2026-02-04T02:45:00,921.8673027728457,921.8673027728457,0
2026-02-04T03:00:00,921.8673027728457,921.8673027728457,0
2026-02-04T03:15:00,921.8673027728457,921.8673027728457,0
2026-02-04T03:30:00,921.8673027728457,921.8673027728457,0
2026-02-04T03:45:00,921.8673027728457,921.8673027728457,0
2026-02-04T04:00:00,921.8673027728457,921.8673027728457,0
2026-02-04T04:15:00,921.8673027728457,921.8673027728457,0
2026-02-04T04:30:00,921.8673027728457,921.8673027728457,0
2026-02-04T04:45:00,921.8673027728457,921.8673027728457,0
2026-02-04T05:00:00,921.8673027728457,921.8673027728457,0
2026-02-04T05:15:00,921.8673027728457,921.8673027728457,0
2026-02-04T05:30:00,921.8673027728457,921.8673027728457,0
2026-02-04T05:45:00,921.8673027728457,921.8673027728457,0
2026-02-04T06:00:00,921.8673027728457,921.8673027728457,0
2026-02-04T06:15:00,921.8673027728457,921.8673027728457,0
2026-02-04T06:30:00,921.8673027728457,921.8673027728457,0
2026-02-04T06:45:00,921.8673027728457,921.8673027728457,0
2026-02-04T07:00:00,921.8673027728457,921.8673027728457,0
2026-02-04T07:15:00,921.8673027728457,921.8673027728457,0
2026-02-04T07:30:00,921.8673027728457,921.8673027728457,0
2026-02-04T07:45:00,921.8673027728457,921.8673027728457,0
2026-02-04T08:00:00,921.8673027728457,921.8673027728457,0
2026-02-04T08:15:00,921.8673027728457,921.8673027728457,0
2026-02-04T08:30:00,921.8673027728457,921.8673027728457,0
2026-02-04T08:45:00,921.8673027728457,921.8673027728457,0
2026-02-04T09:00:00,921.8673027728457,921.8673027728457,0
2026-02-04T09:15:00,921.8673027728457,921.8673027728457,0
2026-02-04T09:30:00,921.8673027728457,921.8673027728457,0
2026-02-04T09:45:00,921.8673027728457,921.8673027728457,0
2026-02-04T10:00:00,921.8673027728457,921.8673027728457,0
2026-02-04T10:15:00,921.8673027728457,921.8673027728457,0
2026-02-04T10:30:00,921.8673027728457,921.8673027728457,0
2026-02-04T10:45:00,921.8673027728457,921.8673027728457,0
2026-02-04T11:00:00,920.8852726649473,792.5993821088261,1
2026-02-04T11:15:00,920.6817847929597,792.5993821088261,1
2026-02-04T11:30:00,919.3943693991072,792.5993821088261,1
2026-02-04T11:45:00,919.5221630559788,792.5993821088261,1
2026-02-04T12:00:00,918.8836721225268,792.5993821088261,1
2026-02-04T12:15:00,919.1503748930844,792.5993821088261,1
2026-02-04T12:30:00,918.4300523757232,792.5993821088261,1
2026-02-04T12:45:00,917.9922275322264,917.9922275322264,0
2026-02-04T13:00:00,917.9922275322264,917.9922275322264,0
2026-02-04T13:15:00,917.9922275322264,917.9922275322264,0
2026-02-04T13:30:00,917.9922275322264,917.9922275322264,0
2026-02-04T13:45:00,917.9922275322264,917.9922275322264,0
2026-02-04T14:00:00,917.9922275322264,917.9922275322264,0
2026-02-04T14:15:00,917.9922275322264,917.9922275322264,0
2026-02-04T14:30:00,917.9922275322264,917.9922275322264,0
2026-02-04T14:45:00,917.9922275322264,917.9922275322264,0
2026-02-04T15:00:00,917.9922275322264,917.9922275322264,0
2026-02-04T15:15:00,917.9922275322264,917.9922275322264,0
2026-02-04T15:30:00,917.9922275322264,917.9922275322264,0
2026-02-04T15:45:00,917.9922275322264,917.9922275322264,0
2026-02-04T16:00:00,917.9922275322264,917.9922275322264,0
2026-02-04T16:15:00,917.9922275322264,917.9922275322264,0
2026-02-04T16:30:00,917.9922275322264,917.9922275322264,0
2026-02-04T16:45:00,917.9922275322264,917.9922275322264,0
2026-02-04T17:00:00,917.9922275322264,917.9922275322264,0
2026-02-04T17:15:00,917.0143253943137,789.2676854187474,1
2026-02-04T17:30:00,914.9142582539307,789.2676854187474,1
2026-02-04T17:45:00,916.2860293276333,789.2676854187474,1
2026-02-04T18:00:00,914.2768926364652,789.2676854187474,1
2026-02-04T18:15:00,910.3191448343875,789.2676854187474,1
2026-02-04T18:30:00,905.740464679166,905.740464679166,0
2026-02-04T18:45:00,905.740464679166,905.740464679166,0
2026-02-04T19:00:00,905.740464679166,905.740464679166,0
2026-02-04T19:15:00,905.740464679166,905.740464679166,0
2026-02-04T19:30:00,905.740464679166,905.740464679166,0
2026-02-04T19:45:00,905.740464679166,905.740464679166,0
2026-02-04T20:00:00,905.740464679166,905.740464679166,0
2026-02-04T20:15:00,905.740464679166,905.740464679166,0
2026-02-04T20:30:00,905.740464679166,905.740464679166,0
2026-02-04T20:45:00,905.740464679166,905.740464679166,0
2026-02-04T21:00:00,905.740464679166,905.740464679166,0
2026-02-04T21:15:00,905.740464679166,905.740464679166,0
2026-02-04T21:30:00,905.740464679166,905.740464679166,0
2026-02-04T21:45:00,905.740464679166,905.740464679166,0
2026-02-04T22:00:00,905.740464679166,905.740464679166,0
2026-02-04T22:15:00,905.740464679166,905.740464679166,0
2026-02-04T22:30:00,905.740464679166,905.740464679166,0
2026-02-04T22:45:00,905.740464679166,905.740464679166,0
2026-02-04T23:00:00,905.740464679166,905.740464679166,0
2026-02-04T23:15:00,905.740464679166,905.740464679166,0
2026-02-04T23:30:00,905.740464679166,905.740464679166,0
2026-02-04T23:45:00,905.740464679166,905.740464679166,0
2026-02-05T00:00:00,905.740464679166,905.740464679166,0
2026-02-05T00:15:00,905.740464679166,905.740464679166,0
2026-02-05T00:30:00,905.740464679166,905.740464679166,0
2026-02-05T00:45:00,905.740464679166,905.740464679166,0
2026-02-05T01:00:00,905.740464679166,905.740464679166,0
2026-02-05T01:15:00,905.740464679166,905.740464679166,0
2026-02-05T01:30:00,905.740464679166,905.740464679166,0
2026-02-05T01:45:00,905.740464679166,905.740464679166,0
2026-02-05T02:00:00,905.740464679166,905.740464679166,0
2026-02-05T02:15:00,905.740464679166,905.740464679166,0
2026-02-05T02:30:00,905.740464679166,905.740464679166,0
2026-02-05T02:45:00,905.740464679166,905.740464679166,0
2026-02-05T03:00:00,905.740464679166,905.740464679166,0
2026-02-05T03:15:00,905.740464679166,905.740464679166,0
2026-02-05T03:30:00,905.740464679166,905.740464679166,0
2026-02-05T03:45:00,905.740464679166,905.740464679166,0
2026-02-05T04:00:00,905.740464679166,905.740464679166,0
2026-02-05T04:15:00,905.740464679166,905.740464679166,0
2026-02-05T04:30:00,905.740464679166,905.740464679166,0
2026-02-05T04:45:00,905.740464679166,905.740464679166,0
2026-02-05T05:00:00,905.740464679166,905.740464679166,0
2026-02-05T05:15:00,905.740464679166,905.740464679166,0
2026-02-05T05:30:00,905.740464679166,905.740464679166,0
2026-02-05T05:45:00,905.740464679166,905.740464679166,0
2026-02-05T06:00:00,905.740464679166,905.740464679166,0
2026-02-05T06:15:00,905.740464679166,905.740464679166,0
2026-02-05T06:30:00,905.740464679166,905.740464679166,0
2026-02-05T06:45:00,905.740464679166,905.740464679166,0
2026-02-05T07:00:00,905.740464679166,905.740464679166,0
2026-02-05T07:15:00,905.740464679166,905.740464679166,0
2026-02-05T07:30:00,905.740464679166,905.740464679166,0
2026-02-05T07:45:00,905.740464679166,905.740464679166,0
2026-02-05T08:00:00,905.740464679166,905.740464679166,0
2026-02-05T08:15:00,905.740464679166,905.740464679166,0
2026-02-05T08:30:00,905.740464679166,905.740464679166,0
2026-02-05T08:45:00,905.740464679166,905.740464679166,0
2026-02-05T09:00:00,905.740464679166,905.740464679166,0
2026-02-05T09:15:00,905.740464679166,905.740464679166,0
2026-02-05T09:30:00,905.740464679166,905.740464679166,0
2026-02-05T09:45:00,905.740464679166,905.740464679166,0
2026-02-05T10:00:00,905.740464679166,905.740464679166,0
2026-02-05T10:15:00,905.740464679166,905.740464679166,0
2026-02-05T10:30:00,905.740464679166,905.740464679166,0
2026-02-05T10:45:00,905.740464679166,905.740464679166,0
2026-02-05T11:00:00,904.7756138773409,778.7339137599947,1
2026-02-05T11:15:00,909.3329092120875,778.7339137599947,1
2026-02-05T11:30:00,904.4641703093496,778.7339137599947,1
2026-02-05T11:45:00,906.6613073554129,778.7339137599947,1
2026-02-05T12:00:00,908.6929900059806,778.7339137599947,1
2026-02-05T12:15:00,909.1504227464677,778.7339137599947,1
2026-02-05T12:30:00,912.0337089032615,778.7339137599947,1
2026-02-05T12:45:00,910.5519188024283,778.7339137599947,1
2026-02-05T13:00:00,911.8147251445176,778.7339137599947,1
2026-02-05T13:15:00,913.1334940027305,778.7339137599947,1
2026-02-05T13:30:00,912.332986706878,778.7339137599947,1
2026-02-05T13:45:00,911.8536555905166,778.7339137599947,1
2026-02-05T14:00:00,910.1455822723148,778.7339137599947,1
2026-02-05T14:15:00,907.4155847466416,778.7339137599947,1
2026-02-05T14:30:00,904.7054467699688,904.7054467699688,0
2026-02-05T14:45:00,904.7054467699688,904.7054467699688,0
2026-02-05T15:00:00,904.7054467699688,904.7054467699688,0
2026-02-05T15:15:00,904.7054467699688,904.7054467699688,0
2026-02-05T15:30:00,904.7054467699688,904.7054467699688,0
2026-02-05T15:45:00,904.7054467699688,904.7054467699688,0
2026-02-05T16:00:00,904.7054467699688,904.7054467699688,0
2026-02-05T16:15:00,904.7054467699688,904.7054467699688,0
2026-02-05T16:30:00,904.7054467699688,904.7054467699688,0
2026-02-05T16:45:00,904.7054467699688,904.7054467699688,0
2026-02-05T17:00:00,904.7054467699688,904.7054467699688,0
2026-02-05T17:15:00,904.7054467699688,904.7054467699688,0
2026-02-05T17:30:00,904.7054467699688,904.7054467699688,0
2026-02-05T17:45:00,904.7054467699688,904.7054467699688,0
2026-02-05T18:00:00,904.7054467699688,904.7054467699688,0
2026-02-05T18:15:00,904.7054467699688,904.7054467699688,0
2026-02-05T18:30:00,904.7054467699688,904.7054467699688,0
2026-02-05T18:45:00,904.7054467699688,904.7054467699688,0
2026-02-05T19:00:00,904.7054467699688,904.7054467699688,0
2026-02-05T19:15:00,904.7054467699688,904.7054467699688,0
2026-02-05T19:30:00,904.7054467699688,904.7054467699688,0
2026-02-05T19:45:00,904.7054467699688,904.7054467699688,0
2026-02-05T20:00:00,904.7054467699688,904.7054467699688,0
2026-02-05T20:15:00,904.7054467699688,904.7054467699688,0
2026-02-05T20:30:00,904.7054467699688,904.7054467699688,0
2026-02-05T20:45:00,903.7416985332807,777.8440302020967,1
2026-02-05T21:00:00,901.9586377184714,777.8440302020967,1
2026-02-05T21:15:00,900.8594906408493,777.8440302020967,1
2026-02-05T21:30:00,906.6836131805459,777.8440302020967,1
2026-02-05T21:45:00,908.9280443736162,777.8440302020967,1
2026-02-05T22:00:00,907.8913179942294,777.8440302020967,1
2026-02-05T22:15:00,901.9314982844561,777.8440302020967,1
2026-02-05T22:30:00,901.8183848562378,901.8183848562378,0
2026-02-05T22:45:00,901.8183848562378,901.8183848562378,0
2026-02-05T23:00:00,901.8183848562378,901.8183848562378,0
2026-02-05T23:15:00,901.8183848562378,901.8183848562378,0
2026-02-05T23:30:00,901.8183848562378,901.8183848562378,0
2026-02-05T23:45:00,901.8183848562378,901.8183848562378,0
2026-02-06T00:00:00,901.8183848562378,901.8183848562378,0
2026-02-06T00:15:00,901.8183848562378,901.8183848562378,0
2026-02-06T00:30:00,901.8183848562378,901.8183848562378,0
2026-02-06T00:45:00,901.8183848562378,901.8183848562378,0
2026-02-06T01:00:00,901.8183848562378,901.8183848562378,0
2026-02-06T01:15:00,901.8183848562378,901.8183848562378,0
2026-02-06T01:30:00,901.8183848562378,901.8183848562378,0
2026-02-06T01:45:00,901.8183848562378,901.8183848562378,0
2026-02-06T02:00:00,901.8183848562378,901.8183848562378,0
2026-02-06T02:15:00,901.8183848562378,901.8183848562378,0
2026-02-06T02:30:00,901.8183848562378,901.8183848562378,0
2026-02-06T02:45:00,901.8183848562378,901.8183848562378,0
2026-02-06T03:00:00,901.8183848562378,901.8183848562378,0
2026-02-06T03:15:00,901.8183848562378,901.8183848562378,0
2026-02-06T03:30:00,901.8183848562378,901.8183848562378,0
2026-02-06T03:45:00,901.8183848562378,901.8183848562378,0
2026-02-06T04:00:00,901.8183848562378,901.8183848562378,0
2026-02-06T04:15:00,901.8183848562378,901.8183848562378,0
2026-02-06T04:30:00,901.8183848562378,901.8183848562378,0
2026-02-06T04:45:00,901.8183848562378,901.8183848562378,0
2026-02-06T05:00:00,901.8183848562378,901.8183848562378,0
2026-02-06T05:15:00,901.8183848562378,901.8183848562378,0
2026-02-06T05:30:00,901.8183848562378,901.8183848562378,0
2026-02-06T05:45:00,901.8183848562378,901.8183848562378,0
2026-02-06T06:00:00,901.8183848562378,901.8183848562378,0
2026-02-06T06:15:00,901.8183848562378,901.8183848562378,0
2026-02-06T06:30:00,901.8183848562378,901.8183848562378,0
2026-02-06T06:45:00,901.8183848562378,901.8183848562378,0
2026-02-06T07:00:00,901.8183848562378,901.8183848562378,0
2026-02-06T07:15:00,901.8183848562378,901.8183848562378,0
2026-02-06T07:30:00,901.8183848562378,901.8183848562378,0
2026-02-06T07:45:00,901.8183848562378,901.8183848562378,0
2026-02-06T08:00:00,901.8183848562378,901.8183848562378,0
2026-02-06T08:15:00,901.8183848562378,901.8183848562378,0
2026-02-06T08:30:00,901.8183848562378,901.8183848562378,0
2026-02-06T08:45:00,901.8183848562378,901.8183848562378,0
2026-02-06T09:00:00,901.8183848562378,901.8183848562378,0
2026-02-06T09:15:00,901.8183848562378,901.8183848562378,0
2026-02-06T09:30:00,901.8183848562378,901.8183848562378,0
2026-02-06T09:45:00,901.8183848562378,901.8183848562378,0
2026-02-06T10:00:00,901.8183848562378,901.8183848562378,0
2026-02-06T10:15:00,901.8183848562378,901.8183848562378,0
2026-02-06T10:30:00,901.8183848562378,901.8183848562378,0
2026-02-06T10:45:00,901.8183848562378,901.8183848562378,0
2026-02-06T11:00:00,901.8183848562378,901.8183848562378,0
2026-02-06T11:15:00,901.8183848562378,901.8183848562378,0
2026-02-06T11:30:00,901.8183848562378,901.8183848562378,0
2026-02-06T11:45:00,901.8183848562378,901.8183848562378,0
2026-02-06T12:00:00,901.8183848562378,901.8183848562378,0
2026-02-06T12:15:00,901.8183848562378,901.8183848562378,0
2026-02-06T12:30:00,901.8183848562378,901.8183848562378,0
2026-02-06T12:45:00,901.8183848562378,901.8183848562378,0
2026-02-06T13:00:00,901.8183848562378,901.8183848562378,0
2026-02-06T13:15:00,901.8183848562378,901.8183848562378,0
2026-02-06T13:30:00,901.8183848562378,901.8183848562378,0
2026-02-06T13:45:00,901.8183848562378,901.8183848562378,0
2026-02-06T14:00:00,901.8183848562378,901.8183848562378,0
2026-02-06T14:15:00,901.8183848562378,901.8183848562378,0
2026-02-06T14:30:00,901.8183848562378,901.8183848562378,0
2026-02-06T14:45:00,901.8183848562378,901.8183848562378,0
2026-02-06T15:00:00,901.8183848562378,901.8183848562378,0
2026-02-06T15:15:00,901.8183848562378,901.8183848562378,0
2026-02-06T15:30:00,901.8183848562378,901.8183848562378,0
2026-02-06T15:45:00,901.8183848562378,901.8183848562378,0
2026-02-06T16:00:00,901.8183848562378,901.8183848562378,0
2026-02-06T16:15:00,901.8183848562378,901.8183848562378,0
2026-02-06T16:30:00,901.8183848562378,901.8183848562378,0
2026-02-06T16:45:00,901.8183848562378,901.8183848562378,0
2026-02-06T17:00:00,901.8183848562378,901.8183848562378,0
2026-02-06T17:15:00,900.8599846840318,775.3618036581568,1
2026-02-06T17:30:00,903.093851343988,775.3618036581568,1
2026-02-06T17:45:00,900.1340389210363,775.3618036581568,1
2026-02-06T18:00:00,895.7929807007072,775.3618036581568,1
2026-02-06T18:15:00,893.1669084439649,775.3618036581568,1
2026-02-06T18:30:00,897.1547380212257,775.3618036581568,1
2026-02-06T18:45:00,894.2760264089721,894.2760264089721,0
2026-02-06T19:00:00,894.2760264089721,894.2760264089721,0
2026-02-06T19:15:00,894.2760264089721,894.2760264089721,0
2026-02-06T19:30:00,894.2760264089721,894.2760264089721,0
2026-02-06T19:45:00,894.2760264089721,894.2760264089721,0
2026-02-06T20:00:00,894.2760264089721,894.2760264089721,0
2026-02-06T20:15:00,894.2760264089721,894.2760264089721,0
2026-02-06T20:30:00,894.2760264089721,894.2760264089721,0
2026-02-06T20:45:00,894.2760264089721,894.2760264089721,0
2026-02-06T21:00:00,894.2760264089721,894.2760264089721,0
2026-02-06T21:15:00,894.2760264089721,894.2760264089721,0
2026-02-06T21:30:00,894.2760264089721,894.2760264089721,0
2026-02-06T21:45:00,894.2760264089721,894.2760264089721,0
2026-02-06T22:00:00,894.2760264089721,894.2760264089721,0
2026-02-06T22:15:00,894.2760264089721,894.2760264089721,0
2026-02-06T22:30:00,894.2760264089721,894.2760264089721,0
2026-02-06T22:45:00,894.2760264089721,894.2760264089721,0
2026-02-06T23:00:00,893.325641817016,768.8770648818004,1
2026-02-06T23:15:00,889.4922186313299,768.8770648818004,1
2026-02-06T23:30:00,889.976151132973,768.8770648818004,1
2026-02-06T23:45:00,889.5194279700102,768.8770648818004,1
2026-02-07T00:00:00,887.3497117124625,768.8770648818004,1
2026-02-07T00:15:00,886.220699928156,768.8770648818004,1
2026-02-07T00:30:00,883.1798959644825,883.1798959644825,0
2026-02-07T00:45:00,883.1798959644825,883.1798959644825,0
2026-02-07T01:00:00,883.1798959644825,883.1798959644825,0
2026-02-07T01:15:00,883.1798959644825,883.1798959644825,0
2026-02-07T01:30:00,883.1798959644825,883.1798959644825,0
2026-02-07T01:45:00,883.1798959644825,883.1798959644825,0
2026-02-07T02:00:00,883.1798959644825,883.1798959644825,0
2026-02-07T02:15:00,883.1798959644825,883.1798959644825,0
2026-02-07T02:30:00,883.1798959644825,883.1798959644825,0
2026-02-07T02:45:00,883.1798959644825,883.1798959644825,0
2026-02-07T03:00:00,883.1798959644825,883.1798959644825,0
2026-02-07T03:15:00,883.1798959644825,883.1798959644825,0
2026-02-07T03:30:00,883.1798959644825,883.1798959644825,0
2026-02-07T03:45:00,883.1798959644825,883.1798959644825,0
2026-02-07T04:00:00,883.1798959644825,883.1798959644825,0
2026-02-07T04:15:00,883.1798959644825,883.1798959644825,0
2026-02-07T04:30:00,883.1798959644825,883.1798959644825,0
2026-02-07T04:45:00,883.1798959644825,883.1798959644825,0
2026-02-07T05:00:00,883.1798959644825,883.1798959644825,0
2026-02-07T05:15:00,883.1798959644825,883.1798959644825,0
2026-02-07T05:30:00,883.1798959644825,883.1798959644825,0
2026-02-07T05:45:00,883.1798959644825,883.1798959644825,0
2026-02-07T06:00:00,883.1798959644825,883.1798959644825,0
2026-02-07T06:15:00,883.1798959644825,883.1798959644825,0
2026-02-07T06:30:00,883.1798959644825,883.1798959644825,0
2026-02-07T06:45:00,883.1798959644825,883.1798959644825,0
2026-02-07T07:00:00,883.1798959644825,883.1798959644825,0
2026-02-07T07:15:00,883.1798959644825,883.1798959644825,0
2026-02-07T07:30:00,883.1798959644825,883.1798959644825,0
2026-02-07T07:45:00,883.1798959644825,883.1798959644825,0
2026-02-07T08:00:00,883.1798959644825,883.1798959644825,0
2026-02-07T08:15:00,883.1798959644825,883.1798959644825,0
2026-02-07T08:30:00,883.1798959644825,883.1798959644825,0
2026-02-07T08:45:00,883.1798959644825,883.1798959644825,0
2026-02-07T09:00:00,883.1798959644825,883.1798959644825,0
2026-02-07T09:15:00,883.1798959644825,883.1798959644825,0
2026-02-07T09:30:00,883.1798959644825,883.1798959644825,0
2026-02-07T09:45:00,883.1798959644825,883.1798959644825,0
2026-02-07T10:00:00,883.1798959644825,883.1798959644825,0
2026-02-07T10:15:00,883.1798959644825,883.1798959644825,0
2026-02-07T10:30:00,883.1798959644825,883.1798959644825,0
2026-02-07T10:45:00,883.1798959644825,883.1798959644825,0
2026-02-07T11:00:00,883.1798959644825,883.1798959644825,0
2026-02-07T11:15:00,883.1798959644825,883.1798959644825,0
2026-02-07T11:30:00,883.1798959644825,883.1798959644825,0
2026-02-07T11:45:00,883.1798959644825,883.1798959644825,0
2026-02-07T12:00:00,883.1798959644825,883.1798959644825,0
2026-02-07T12:15:00,883.1798959644825,883.1798959644825,0
2026-02-07T12:30:00,883.1798959644825,883.1798959644825,0
2026-02-07T12:45:00,883.1798959644825,883.1798959644825,0
2026-02-07T13:00:00,883.1798959644825,883.1798959644825,0
2026-02-07T13:15:00,883.1798959644825,883.1798959644825,0
2026-02-07T13:30:00,883.1798959644825,883.1798959644825,0
2026-02-07T13:45:00,883.1798959644825,883.1798959644825,0
2026-02-07T14:00:00,883.1798959644825,883.1798959644825,0
2026-02-07T14:15:00,883.1798959644825,883.1798959644825,0
2026-02-07T14:30:00,883.1798959644825,883.1798959644825,0
2026-02-07T14:45:00,883.1798959644825,883.1798959644825,0
2026-02-07T15:00:00,883.1798959644825,883.1798959644825,0
2026-02-07T15:15:00,883.1798959644825,883.1798959644825,0
2026-02-07T15:30:00,883.1798959644825,883.1798959644825,0
2026-02-07T15:45:00,883.1798959644825,883.1798959644825,0
2026-02-07T16:00:00,883.1798959644825,883.1798959644825,0
2026-02-07T16:15:00,883.1798959644825,883.1798959644825,0
2026-02-07T16:30:00,883.1798959644825,883.1798959644825,0
2026-02-07T16:45:00,883.1798959644825,883.1798959644825,0
2026-02-07T17:00:00,883.1798959644825,883.1798959644825,0
2026-02-07T17:15:00,883.1798959644825,883.1798959644825,0
2026-02-07T17:30:00,882.2413036951352,759.3368782327589,1
2026-02-07T17:45:00,880.5246167374597,759.3368782327589,1
2026-02-07T18:00:00,881.7470697587809,759.3368782327589,1
2026-02-07T18:15:00,887.510744746025,759.3368782327589,1
2026-02-07T18:30:00,889.9652012028961,759.3368782327589,1
2026-02-07T18:45:00,889.1056639222797,759.3368782327589,1
2026-02-07T19:00:00,887.1072397448468,759.3368782327589,1
2026-02-07T19:15:00,888.0766067890974,759.3368782327589,1
2026-02-07T19:30:00,888.5302514649783,759.3368782327589,1
2026-02-07T19:45:00,887.7184662555072,759.3368782327589,1
2026-02-07T20:00:00,886.7371611934702,759.3368782327589,1
2026-02-07T20:15:00,888.8525779452093,759.3368782327589,1
2026-02-07T20:30:00,888.53741427565,759.3368782327589,1
2026-02-07T20:45:00,891.0682740463538,759.3368782327589,1
2026-02-07T21:00:00,891.2282434846907,759.3368782327589,1
2026-02-07T21:15:00,891.1900418277744,759.3368782327589,1
2026-02-07T21:30:00,890.5907533349002,759.3368782327589,1
2026-02-07T21:45:00,889.4999171960463,889.4999171960463,0
2026-02-07T22:00:00,889.4999171960463,889.4999171960463,0
2026-02-07T22:15:00,889.4999171960463,889.4999171960463,0
2026-02-07T22:30:00,889.4999171960463,889.4999171960463,0
2026-02-07T22:45:00,889.4999171960463,889.4999171960463,0
2026-02-07T23:00:00,889.4999171960463,889.4999171960463,0
2026-02-07T23:15:00,889.4999171960463,889.4999171960463,0
2026-02-07T23:30:00,889.4999171960463,889.4999171960463,0
2026-02-07T23:45:00,889.4999171960463,889.4999171960463,0
2026-02-08T00:00:00,889.4999171960463,889.4999171960463,0
2026-02-08T00:15:00,889.4999171960463,889.4999171960463,0
2026-02-08T00:30:00,889.4999171960463,889.4999171960463,0
2026-02-08T00:45:00,889.4999171960463,889.4999171960463,0
2026-02-08T01:00:00,889.4999171960463,889.4999171960463,0
2026-02-08T01:15:00,889.4999171960463,889.4999171960463,0
2026-02-08T01:30:00,889.4999171960463,889.4999171960463,0
2026-02-08T01:45:00,889.4999171960463,889.4999171960463,0
2026-02-08T02:00:00,889.4999171960463,889.4999171960463,0
2026-02-08T02:15:00,889.4999171960463,889.4999171960463,0
2026-02-08T02:30:00,889.4999171960463,889.4999171960463,0
2026-02-08T02:45:00,889.4999171960463,889.4999171960463,0
2026-02-08T03:00:00,889.4999171960463,889.4999171960463,0
2026-02-08T03:15:00,889.4999171960463,889.4999171960463,0
2026-02-08T03:30:00,889.4999171960463,889.4999171960463,0
2026-02-08T03:45:00,889.4999171960463,889.4999171960463,0
2026-02-08T04:00:00,889.4999171960463,889.4999171960463,0
2026-02-08T04:15:00,889.4999171960463,889.4999171960463,0
2026-02-08T04:30:00,889.4999171960463,889.4999171960463,0
2026-02-08T04:45:00,889.4999171960463,889.4999171960463,0
2026-02-08T05:00:00,889.4999171960463,889.4999171960463,0
2026-02-08T05:15:00,889.4999171960463,889.4999171960463,0
2026-02-08T05:30:00,889.4999171960463,889.4999171960463,0
2026-02-08T05:45:00,889.4999171960463,889.4999171960463,0
2026-02-08T06:00:00,889.4999171960463,889.4999171960463,0
2026-02-08T06:15:00,889.4999171960463,889.4999171960463,0
2026-02-08T06:30:00,889.4999171960463,889.4999171960463,0
2026-02-08T06:45:00,889.4999171960463,889.4999171960463,0
2026-02-08T07:00:00,889.4999171960463,889.4999171960463,0
2026-02-08T07:15:00,889.4999171960463,889.4999171960463,0
2026-02-08T07:30:00,889.4999171960463,889.4999171960463,0
2026-02-08T07:45:00,889.4999171960463,889.4999171960463,0
2026-02-08T08:00:00,889.4999171960463,889.4999171960463,0
2026-02-08T08:15:00,889.4999171960463,889.4999171960463,0
2026-02-08T08:30:00,889.4999171960463,889.4999171960463,0
2026-02-08T08:45:00,889.4999171960463,889.4999171960463,0
2026-02-08T09:00:00,889.4999171960463,889.4999171960463,0
2026-02-08T09:15:00,889.4999171960463,889.4999171960463,0
2026-02-08T09:30:00,889.4999171960463,889.4999171960463,0
2026-02-08T09:45:00,889.4999171960463,889.4999171960463,0
2026-02-08T10:00:00,889.4999171960463,889.4999171960463,0
2026-02-08T10:15:00,889.4999171960463,889.4999171960463,0
2026-02-08T10:30:00,889.4999171960463,889.4999171960463,0
2026-02-08T10:45:00,889.4999171960463,889.4999171960463,0
2026-02-08T11:00:00,889.4999171960463,889.4999171960463,0
2026-02-08T11:15:00,889.4999171960463,889.4999171960463,0
2026-02-08T11:30:00,889.4999171960463,889.4999171960463,0
2026-02-08T11:45:00,889.4999171960463,889.4999171960463,0
2026-02-08T12:00:00,889.4999171960463,889.4999171960463,0
2026-02-08T12:15:00,889.4999171960463,889.4999171960463,0
2026-02-08T12:30:00,889.4999171960463,889.4999171960463,0
2026-02-08T12:45:00,889.4999171960463,889.4999171960463,0
2026-02-08T13:00:00,889.4999171960463,889.4999171960463,0
2026-02-08T13:15:00,889.4999171960463,889.4999171960463,0
2026-02-08T13:30:00,889.4999171960463,889.4999171960463,0
2026-02-08T13:45:00,889.4999171960463,889.4999171960463,0
2026-02-08T14:00:00,889.4999171960463,889.4999171960463,0
2026-02-08T14:15:00,889.4999171960463,889.4999171960463,0
2026-02-08T14:30:00,889.4999171960463,889.4999171960463,0
2026-02-08T14:45:00,889.4999171960463,889.4999171960463,0
2026-02-08T15:00:00,889.4999171960463,889.4999171960463,0
2026-02-08T15:15:00,889.4999171960463,889.4999171960463,0
2026-02-08T15:30:00,889.4999171960463,889.4999171960463,0
2026-02-08T15:45:00,889.4999171960463,889.4999171960463,0
2026-02-08T16:00:00,889.4999171960463,889.4999171960463,0
2026-02-08T16:15:00,889.4999171960463,889.4999171960463,0
2026-02-08T16:30:00,889.4999171960463,889.4999171960463,0
2026-02-08T16:45:00,889.4999171960463,889.4999171960463,0
2026-02-08T17:00:00,889.4999171960463,889.4999171960463,0
2026-02-08T17:15:00,889.4999171960463,889.4999171960463,0
2026-02-08T17:30:00,889.4999171960463,889.4999171960463,0
2026-02-08T17:45:00,889.4999171960463,889.4999171960463,0
2026-02-08T18:00:00,889.4999171960463,889.4999171960463,0
2026-02-08T18:15:00,889.4999171960463,889.4999171960463,0
2026-02-08T18:30:00,889.4999171960463,889.4999171960463,0
2026-02-08T18:45:00,889.4999171960463,889.4999171960463,0
2026-02-08T19:00:00,889.4999171960463,889.4999171960463,0
2026-02-08T19:15:00,889.4999171960463,889.4999171960463,0
2026-02-08T19:30:00,889.4999171960463,889.4999171960463,0
2026-02-08T19:45:00,889.4999171960463,889.4999171960463,0
2026-02-08T20:00:00,889.4999171960463,889.4999171960463,0
2026-02-08T20:15:00,889.4999171960463,889.4999171960463,0
2026-02-08T20:30:00,889.4999171960463,889.4999171960463,0
2026-02-08T20:45:00,889.4999171960463,889.4999171960463,0
2026-02-08T21:00:00,889.4999171960463,889.4999171960463,0
2026-02-08T21:15:00,889.4999171960463,889.4999171960463,0
2026-02-08T21:30:00,889.4999171960463,889.4999171960463,0
2026-02-08T21:45:00,889.4999171960463,889.4999171960463,0
2026-02-08T22:00:00,889.4999171960463,889.4999171960463,0
2026-02-08T22:15:00,889.4999171960463,889.4999171960463,0
2026-02-08T22:30:00,889.4999171960463,889.4999171960463,0
2026-02-08T22:45:00,889.4999171960463,889.4999171960463,0
2026-02-08T23:00:00,889.4999171960463,889.4999171960463,0
2026-02-08T23:15:00,889.4999171960463,889.4999171960463,0
2026-02-08T23:30:00,889.4999171960463,889.4999171960463,0
2026-02-08T23:45:00,889.4999171960463,889.4999171960463,0
2026-02-09T00:00:00,889.4999171960463,889.4999171960463,0
2026-02-09T00:15:00,889.4999171960463,889.4999171960463,0
2026-02-09T00:30:00,889.4999171960463,889.4999171960463,0
2026-02-09T00:45:00,889.4999171960463,889.4999171960463,0
2026-02-09T01:00:00,889.4999171960463,889.4999171960463,0
2026-02-09T01:15:00,889.4999171960463,889.4999171960463,0
2026-02-09T01:30:00,889.4999171960463,889.4999171960463,0
2026-02-09T01:45:00,889.4999171960463,889.4999171960463,0
2026-02-09T02:00:00,889.4999171960463,889.4999171960463,0
2026-02-09T02:15:00,889.4999171960463,889.4999171960463,0
2026-02-09T02:30:00,889.4999171960463,889.4999171960463,0
2026-02-09T02:45:00,889.4999171960463,889.4999171960463,0
2026-02-09T03:00:00,889.4999171960463,889.4999171960463,0
2026-02-09T03:15:00,889.4999171960463,889.4999171960463,0
2026-02-09T03:30:00,889.4999171960463,889.4999171960463,0
2026-02-09T03:45:00,889.4999171960463,889.4999171960463,0
2026-02-09T04:00:00,889.4999171960463,889.4999171960463,0
2026-02-09T04:15:00,889.4999171960463,889.4999171960463,0
2026-02-09T04:30:00,889.4999171960463,889.4999171960463,0
2026-02-09T04:45:00,889.4999171960463,889.4999171960463,0
2026-02-09T05:00:00,889.4999171960463,889.4999171960463,0
2026-02-09T05:15:00,889.4999171960463,889.4999171960463,0
2026-02-09T05:30:00,889.4999171960463,889.4999171960463,0
2026-02-09T05:45:00,889.4999171960463,889.4999171960463,0
2026-02-09T06:00:00,889.4999171960463,889.4999171960463,0
2026-02-09T06:15:00,889.4999171960463,889.4999171960463,0
2026-02-09T06:30:00,889.4999171960463,889.4999171960463,0
2026-02-09T06:45:00,889.4999171960463,889.4999171960463,0
2026-02-09T07:00:00,889.4999171960463,889.4999171960463,0
2026-02-09T07:15:00,889.4999171960463,889.4999171960463,0
2026-02-09T07:30:00,889.4999171960463,889.4999171960463,0
2026-02-09T07:45:00,889.4999171960463,889.4999171960463,0
2026-02-09T08:00:00,889.4999171960463,889.4999171960463,0
2026-02-09T08:15:00,889.4999171960463,889.4999171960463,0
2026-02-09T08:30:00,889.4999171960463,889.4999171960463,0
2026-02-09T08:45:00,889.4999171960463,889.4999171960463,0
2026-02-09T09:00:00,889.4999171960463,889.4999171960463,0
2026-02-09T09:15:00,889.4999171960463,889.4999171960463,0
2026-02-09T09:30:00,889.4999171960463,889.4999171960463,0
2026-02-09T09:45:00,889.4999171960463,889.4999171960463,0
2026-02-09T10:00:00,889.4999171960463,889.4999171960463,0
2026-02-09T10:15:00,889.4999171960463,889.4999171960463,0
2026-02-09T10:30:00,889.4999171960463,889.4999171960463,0
2026-02-09T10:45:00,889.4999171960463,889.4999171960463,0
2026-02-09T11:00:00,889.4999171960463,889.4999171960463,0
2026-02-09T11:15:00,889.4999171960463,889.4999171960463,0
2026-02-09T11:30:00,889.4999171960463,889.4999171960463,0
2026-02-09T11:45:00,889.4999171960463,889.4999171960463,0
2026-02-09T12:00:00,889.4999171960463,889.4999171960463,0
2026-02-09T12:15:00,889.4999171960463,889.4999171960463,0
2026-02-09T12:30:00,889.4999171960463,889.4999171960463,0
2026-02-09T12:45:00,889.4999171960463,889.4999171960463,0
2026-02-09T13:00:00,889.4999171960463,889.4999171960463,0
2026-02-09T13:15:00,889.4999171960463,889.4999171960463,0
2026-02-09T13:30:00,889.4999171960463,889.4999171960463,0
2026-02-09T13:45:00,889.4999171960463,889.4999171960463,0
2026-02-09T14:00:00,889.4999171960463,889.4999171960463,0
2026-02-09T14:15:00,889.4999171960463,889.4999171960463,0
2026-02-09T14:30:00,889.4999171960463,889.4999171960463,0
2026-02-09T14:45:00,889.4999171960463,889.4999171960463,0
2026-02-09T15:00:00,889.4999171960463,889.4999171960463,0
2026-02-09T15:15:00,889.4999171960463,889.4999171960463,0
2026-02-09T15:30:00,889.4999171960463,889.4999171960463,0
2026-02-09T15:45:00,889.4999171960463,889.4999171960463,0
2026-02-09T16:00:00,889.4999171960463,889.4999171960463,0
2026-02-09T16:15:00,889.4999171960463,889.4999171960463,0
2026-02-09T16:30:00,889.4999171960463,889.4999171960463,0
2026-02-09T16:45:00,889.4999171960463,889.4999171960463,0
2026-02-09T17:00:00,889.4999171960463,889.4999171960463,0
2026-02-09T17:15:00,889.4999171960463,889.4999171960463,0
2026-02-09T17:30:00,889.4999171960463,889.4999171960463,0
2026-02-09T17:45:00,889.4999171960463,889.4999171960463,0
2026-02-09T18:00:00,888.5546083754085,764.770680807148,1
2026-02-09T18:15:00,886.2504027643862,764.770680807148,1
2026-02-09T18:30:00,889.2938256069649,764.770680807148,1
2026-02-09T18:45:00,889.6072911418654,764.770680807148,1
2026-02-09T19:00:00,888.4797509342382,764.770680807148,1
2026-02-09T19:15:00,888.8236273046142,764.770680807148,1
2026-02-09T19:30:00,889.5885767815729,764.770680807148,1
2026-02-09T19:45:00,889.7640239093157,764.770680807148,1
2026-02-09T20:00:00,891.9489254734729,764.770680807148,1
2026-02-09T20:15:00,887.0668167321494,764.770680807148,1
2026-02-09T20:30:00,888.9046858187784,888.9046858187784,0
2026-02-09T20:45:00,888.9046858187784,888.9046858187784,0
2026-02-09T21:00:00,888.9046858187784,888.9046858187784,0
2026-02-09T21:15:00,888.9046858187784,888.9046858187784,0
2026-02-09T21:30:00,888.9046858187784,888.9046858187784,0
2026-02-09T21:45:00,888.9046858187784,888.9046858187784,0
2026-02-09T22:00:00,888.9046858187784,888.9046858187784,0
2026-02-09T22:15:00,888.9046858187784,888.9046858187784,0
2026-02-09T22:30:00,888.9046858187784,888.9046858187784,0
2026-02-09T22:45:00,888.9046858187784,888.9046858187784,0
2026-02-09T23:00:00,888.9046858187784,888.9046858187784,0
2026-02-09T23:15:00,888.9046858187784,888.9046858187784,0
2026-02-09T23:30:00,888.9046858187784,888.9046858187784,0
2026-02-09T23:45:00,888.9046858187784,888.9046858187784,0
2026-02-10T00:00:00,888.9046858187784,888.9046858187784,0
2026-02-10T00:15:00,888.9046858187784,888.9046858187784,0
2026-02-10T00:30:00,888.9046858187784,888.9046858187784,0
2026-02-10T00:45:00,888.9046858187784,888.9046858187784,0
2026-02-10T01:00:00,888.9046858187784,888.9046858187784,0
2026-02-10T01:15:00,888.9046858187784,888.9046858187784,0
2026-02-10T01:30:00,888.9046858187784,888.9046858187784,0
2026-02-10T01:45:00,888.9046858187784,888.9046858187784,0
2026-02-10T02:00:00,888.9046858187784,888.9046858187784,0
2026-02-10T02:15:00,888.9046858187784,888.9046858187784,0
2026-02-10T02:30:00,888.9046858187784,888.9046858187784,0
2026-02-10T02:45:00,888.9046858187784,888.9046858187784,0
2026-02-10T03:00:00,888.9046858187784,888.9046858187784,0
2026-02-10T03:15:00,888.9046858187784,888.9046858187784,0
2026-02-10T03:30:00,888.9046858187784,888.9046858187784,0
2026-02-10T03:45:00,888.9046858187784,888.9046858187784,0
2026-02-10T04:00:00,888.9046858187784,888.9046858187784,0
2026-02-10T04:15:00,888.9046858187784,888.9046858187784,0
2026-02-10T04:30:00,888.9046858187784,888.9046858187784,0
2026-02-10T04:45:00,888.9046858187784,888.9046858187784,0
2026-02-10T05:00:00,888.9046858187784,888.9046858187784,0
2026-02-10T05:15:00,888.9046858187784,888.9046858187784,0
2026-02-10T05:30:00,888.9046858187784,888.9046858187784,0
2026-02-10T05:45:00,888.9046858187784,888.9046858187784,0
2026-02-10T06:00:00,888.9046858187784,888.9046858187784,0
2026-02-10T06:15:00,888.9046858187784,888.9046858187784,0
2026-02-10T06:30:00,888.9046858187784,888.9046858187784,0
2026-02-10T06:45:00,888.9046858187784,888.9046858187784,0
2026-02-10T07:00:00,888.9046858187784,888.9046858187784,0
2026-02-10T07:15:00,888.9046858187784,888.9046858187784,0
2026-02-10T07:30:00,888.9046858187784,888.9046858187784,0
2026-02-10T07:45:00,888.9046858187784,888.9046858187784,0
2026-02-10T08:00:00,888.9046858187784,888.9046858187784,0
2026-02-10T08:15:00,888.9046858187784,888.9046858187784,0
2026-02-10T08:30:00,888.9046858187784,888.9046858187784,0
2026-02-10T08:45:00,888.9046858187784,888.9046858187784,0
2026-02-10T09:00:00,888.9046858187784,888.9046858187784,0
2026-02-10T09:15:00,888.9046858187784,888.9046858187784,0
2026-02-10T09:30:00,888.9046858187784,888.9046858187784,0
2026-02-10T09:45:00,888.9046858187784,888.9046858187784,0
2026-02-10T10:00:00,888.9046858187784,888.9046858187784,0
2026-02-10T10:15:00,888.9046858187784,888.9046858187784,0
2026-02-10T10:30:00,888.9046858187784,888.9046858187784,0
2026-02-10T10:45:00,888.9046858187784,888.9046858187784,0
2026-02-10T11:00:00,888.9046858187784,888.9046858187784,0
2026-02-10T11:15:00,888.9046858187784,888.9046858187784,0
2026-02-10T11:30:00,887.9577695306094,764.258915154526,1
2026-02-10T11:45:00,888.9117647014157,764.258915154526,1
2026-02-10T12:00:00,888.1750684306264,764.258915154526,1
2026-02-10T12:15:00,887.268555211244,764.258915154526,1
2026-02-10T12:30:00,888.6591810485058,764.258915154526,1
2026-02-10T12:45:00,888.3664482837653,764.258915154526,1
2026-02-10T13:00:00,888.527335140577,764.258915154526,1
2026-02-10T13:15:00,887.062079087652,887.062079087652,0
2026-02-10T13:30:00,887.062079087652,887.062079087652,0
2026-02-10T13:45:00,887.062079087652,887.062079087652,0
2026-02-10T14:00:00,887.062079087652,887.062079087652,0
2026-02-10T14:15:00,887.062079087652,887.062079087652,0
2026-02-10T14:30:00,887.062079087652,887.062079087652,0
2026-02-10T14:45:00,887.062079087652,887.062079087652,0
2026-02-10T15:00:00,887.062079087652,887.062079087652,0
2026-02-10T15:15:00,887.062079087652,887.062079087652,0
2026-02-10T15:30:00,887.062079087652,887.062079087652,0
2026-02-10T15:45:00,887.062079087652,887.062079087652,0
2026-02-10T16:00:00,887.062079087652,887.062079087652,0
2026-02-10T16:15:00,887.062079087652,887.062079087652,0
2026-02-10T16:30:00,887.062079087652,887.062079087652,0
2026-02-10T16:45:00,887.062079087652,887.062079087652,0
2026-02-10T17:00:00,887.062079087652,887.062079087652,0
2026-02-10T17:15:00,887.062079087652,887.062079087652,0
2026-02-10T17:30:00,887.062079087652,887.062079087652,0
2026-02-10T17:45:00,887.062079087652,887.062079087652,0
2026-02-10T18:00:00,887.062079087652,887.062079087652,0
2026-02-10T18:15:00,887.062079087652,887.062079087652,0
2026-02-10T18:30:00,887.062079087652,887.062079087652,0
2026-02-10T18:45:00,887.062079087652,887.062079087652,0
2026-02-10T19:00:00,887.062079087652,887.062079087652,0
2026-02-10T19:15:00,887.062079087652,887.062079087652,0
2026-02-10T19:30:00,887.062079087652,887.062079087652,0
2026-02-10T19:45:00,887.062079087652,887.062079087652,0
2026-02-10T20:00:00,887.062079087652,887.062079087652,0
2026-02-10T20:15:00,887.062079087652,887.062079087652,0
2026-02-10T20:30:00,887.062079087652,887.062079087652,0
2026-02-10T20:45:00,887.062079087652,887.062079087652,0
2026-02-10T21:00:00,887.062079087652,887.062079087652,0
2026-02-10T21:15:00,887.062079087652,887.062079087652,0
2026-02-10T21:30:00,887.062079087652,887.062079087652,0
2026-02-10T21:45:00,887.062079087652,887.062079087652,0
2026-02-10T22:00:00,887.062079087652,887.062079087652,0
2026-02-10T22:15:00,887.062079087652,887.062079087652,0
2026-02-10T22:30:00,887.062079087652,887.062079087652,0
2026-02-10T22:45:00,887.062079087652,887.062079087652,0
2026-02-10T23:00:00,887.062079087652,887.062079087652,0
2026-02-10T23:15:00,887.062079087652,887.062079087652,0
2026-02-10T23:30:00,887.062079087652,887.062079087652,0
2026-02-10T23:45:00,887.062079087652,887.062079087652,0
2026-02-11T00:00:00,887.062079087652,887.062079087652,0
2026-02-11T00:15:00,887.062079087652,887.062079087652,0
2026-02-11T00:30:00,887.062079087652,887.062079087652,0
2026-02-11T00:45:00,887.062079087652,887.062079087652,0
2026-02-11T01:00:00,887.062079087652,887.062079087652,0
2026-02-11T01:15:00,887.062079087652,887.062079087652,0
2026-02-11T01:30:00,887.062079087652,887.062079087652,0
2026-02-11T01:45:00,887.062079087652,887.062079087652,0
2026-02-11T02:00:00,887.062079087652,887.062079087652,0
2026-02-11T02:15:00,887.062079087652,887.062079087652,0
2026-02-11T02:30:00,887.062079087652,887.062079087652,0
2026-02-11T02:45:00,887.062079087652,887.062079087652,0
2026-02-11T03:00:00,887.062079087652,887.062079087652,0
2026-02-11T03:15:00,887.062079087652,887.062079087652,0
2026-02-11T03:30:00,887.062079087652,887.062079087652,0
2026-02-11T03:45:00,887.062079087652,887.062079087652,0
2026-02-11T04:00:00,887.062079087652,887.062079087652,0
2026-02-11T04:15:00,887.062079087652,887.062079087652,0
2026-02-11T04:30:00,887.062079087652,887.062079087652,0
2026-02-11T04:45:00,887.062079087652,887.062079087652,0
2026-02-11T05:00:00,887.062079087652,887.062079087652,0
2026-02-11T05:15:00,887.062079087652,887.062079087652,0
2026-02-11T05:30:00,887.062079087652,887.062079087652,0
2026-02-11T05:45:00,887.062079087652,887.062079087652,0
2026-02-11T06:00:00,887.062079087652,887.062079087652,0
2026-02-11T06:15:00,887.062079087652,887.062079087652,0
2026-02-11T06:30:00,887.062079087652,887.062079087652,0
2026-02-11T06:45:00,887.062079087652,887.062079087652,0
2026-02-11T07:00:00,887.062079087652,887.062079087652,0
2026-02-11T07:15:00,887.062079087652,887.062079087652,0
2026-02-11T07:30:00,887.062079087652,887.062079087652,0
2026-02-11T07:45:00,887.062079087652,887.062079087652,0
2026-02-11T08:00:00,887.062079087652,887.062079087652,0
2026-02-11T08:15:00,887.062079087652,887.062079087652,0
2026-02-11T08:30:00,887.062079087652,887.062079087652,0
2026-02-11T08:45:00,887.062079087652,887.062079087652,0
2026-02-11T09:00:00,887.062079087652,887.062079087652,0
2026-02-11T09:15:00,887.062079087652,887.062079087652,0
2026-02-11T09:30:00,887.062079087652,887.062079087652,0
2026-02-11T09:45:00,887.062079087652,887.062079087652,0
2026-02-11T10:00:00,887.062079087652,887.062079087652,0
2026-02-11T10:15:00,887.062079087652,887.062079087652,0
2026-02-11T10:30:00,887.062079087652,887.062079087652,0
2026-02-11T10:45:00,887.062079087652,887.062079087652,0
2026-02-11T11:00:00,887.062079087652,887.062079087652,0
2026-02-11T11:15:00,887.062079087652,887.062079087652,0
2026-02-11T11:30:00,887.062079087652,887.062079087652,0
2026-02-11T11:45:00,887.062079087652,887.062079087652,0
2026-02-11T12:00:00,887.062079087652,887.062079087652,0
2026-02-11T12:15:00,887.062079087652,887.062079087652,0
2026-02-11T12:30:00,887.062079087652,887.062079087652,0
2026-02-11T12:45:00,887.062079087652,887.062079087652,0
2026-02-11T13:00:00,887.062079087652,887.062079087652,0
2026-02-11T13:15:00,887.062079087652,887.062079087652,0
2026-02-11T13:30:00,887.062079087652,887.062079087652,0
2026-02-11T13:45:00,887.062079087652,887.062079087652,0
2026-02-11T14:00:00,887.062079087652,887.062079087652,0
2026-02-11T14:15:00,887.062079087652,887.062079087652,0
2026-02-11T14:30:00,887.062079087652,887.062079087652,0
2026-02-11T14:45:00,887.062079087652,887.062079087652,0
2026-02-11T15:00:00,887.062079087652,887.062079087652,0
2026-02-11T15:15:00,887.062079087652,887.062079087652,0
2026-02-11T15:30:00,887.062079087652,887.062079087652,0
2026-02-11T15:45:00,887.062079087652,887.062079087652,0
2026-02-11T16:00:00,887.062079087652,887.062079087652,0
2026-02-11T16:15:00,887.062079087652,887.062079087652,0
2026-02-11T16:30:00,887.062079087652,887.062079087652,0
2026-02-11T16:45:00,887.062079087652,887.062079087652,0
2026-02-11T17:00:00,887.062079087652,887.062079087652,0
2026-02-11T17:15:00,887.062079087652,887.062079087652,0
2026-02-11T17:30:00,887.062079087652,887.062079087652,0
2026-02-11T17:45:00,887.062079087652,887.062079087652,0
2026-02-11T18:00:00,887.062079087652,887.062079087652,0
2026-02-11T18:15:00,887.062079087652,887.062079087652,0
2026-02-11T18:30:00,887.062079087652,887.062079087652,0
2026-02-11T18:45:00,887.062079087652,887.062079087652,0
2026-02-11T19:00:00,887.062079087652,887.062079087652,0
2026-02-11T19:15:00,887.062079087652,887.062079087652,0
2026-02-11T19:30:00,887.062079087652,887.062079087652,0
2026-02-11T19:45:00,887.062079087652,887.062079087652,0
2026-02-11T20:00:00,887.062079087652,887.062079087652,0
2026-02-11T20:15:00,887.062079087652,887.062079087652,0
2026-02-11T20:30:00,887.062079087652,887.062079087652,0
2026-02-11T20:45:00,887.062079087652,887.062079087652,0
2026-02-11T21:00:00,887.062079087652,887.062079087652,0
2026-02-11T21:15:00,887.062079087652,887.062079087652,0
2026-02-11T21:30:00,887.062079087652,887.062079087652,0
2026-02-11T21:45:00,887.062079087652,887.062079087652,0
2026-02-11T22:00:00,887.062079087652,887.062079087652,0
2026-02-11T22:15:00,887.062079087652,887.062079087652,0
2026-02-11T22:30:00,887.062079087652,887.062079087652,0
2026-02-11T22:45:00,887.062079087652,887.062079087652,0
2026-02-11T23:00:00,887.062079087652,887.062079087652,0
2026-02-11T23:15:00,887.062079087652,887.062079087652,0
2026-02-11T23:30:00,887.062079087652,887.062079087652,0
2026-02-11T23:45:00,886.1171256582172,762.6746861096651,1
2026-02-12T00:00:00,882.6324823127441,882.6324823127441,0
2026-02-12T00:15:00,882.6324823127441,882.6324823127441,0
2026-02-12T00:30:00,882.6324823127441,882.6324823127441,0
2026-02-12T00:45:00,882.6324823127441,882.6324823127441,0
2026-02-12T01:00:00,882.6324823127441,882.6324823127441,0
2026-02-12T01:15:00,882.6324823127441,882.6324823127441,0
2026-02-12T01:30:00,882.6324823127441,882.6324823127441,0
2026-02-12T01:45:00,882.6324823127441,882.6324823127441,0
2026-02-12T02:00:00,882.6324823127441,882.6324823127441,0
2026-02-12T02:15:00,882.6324823127441,882.6324823127441,0
2026-02-12T02:30:00,882.6324823127441,882.6324823127441,0
2026-02-12T02:45:00,882.6324823127441,882.6324823127441,0
2026-02-12T03:00:00,882.6324823127441,882.6324823127441,0
2026-02-12T03:15:00,882.6324823127441,882.6324823127441,0
2026-02-12T03:30:00,882.6324823127441,882.6324823127441,0
2026-02-12T03:45:00,882.6324823127441,882.6324823127441,0
2026-02-12T04:00:00,882.6324823127441,882.6324823127441,0
2026-02-12T04:15:00,882.6324823127441,882.6324823127441,0
2026-02-12T04:30:00,882.6324823127441,882.6324823127441,0
2026-02-12T04:45:00,882.6324823127441,882.6324823127441,0
2026-02-12T05:00:00,882.6324823127441,882.6324823127441,0
2026-02-12T05:15:00,882.6324823127441,882.6324823127441,0
2026-02-12T05:30:00,882.6324823127441,882.6324823127441,0
2026-02-12T05:45:00,882.6324823127441,882.6324823127441,0
2026-02-12T06:00:00,882.6324823127441,882.6324823127441,0
2026-02-12T06:15:00,882.6324823127441,882.6324823127441,0
2026-02-12T06:30:00,882.6324823127441,882.6324823127441,0
2026-02-12T06:45:00,882.6324823127441,882.6324823127441,0
2026-02-12T07:00:00,882.6324823127441,882.6324823127441,0
2026-02-12T07:15:00,882.6324823127441,882.6324823127441,0
2026-02-12T07:30:00,882.6324823127441,882.6324823127441,0
2026-02-12T07:45:00,882.6324823127441,882.6324823127441,0
2026-02-12T08:00:00,882.6324823127441,882.6324823127441,0
2026-02-12T08:15:00,882.6324823127441,882.6324823127441,0
2026-02-12T08:30:00,882.6324823127441,882.6324823127441,0
2026-02-12T08:45:00,882.6324823127441,882.6324823127441,0
2026-02-12T09:00:00,882.6324823127441,882.6324823127441,0
2026-02-12T09:15:00,882.6324823127441,882.6324823127441,0
2026-02-12T09:30:00,882.6324823127441,882.6324823127441,0
2026-02-12T09:45:00,882.6324823127441,882.6324823127441,0
2026-02-12T10:00:00,882.6324823127441,882.6324823127441,0
2026-02-12T10:15:00,882.6324823127441,882.6324823127441,0
2026-02-12T10:30:00,882.6324823127441,882.6324823127441,0
2026-02-12T10:45:00,882.6324823127441,882.6324823127441,0
2026-02-12T11:00:00,881.6944718028141,758.8662251129218,1
2026-02-12T11:15:00,884.091833528933,758.8662251129218,1
2026-02-12T11:30:00,882.937824002385,758.8662251129218,1
2026-02-12T11:45:00,881.7838144758371,758.8662251129218,1
2026-02-12T12:00:00,881.193160137518,758.8662251129218,1
2026-02-12T12:15:00,880.7464467724026,758.8662251129218,1
2026-02-12T12:30:00,879.8406686171585,879.8406686171585,0
2026-02-12T12:45:00,879.8406686171585,879.8406686171585,0
2026-02-12T13:00:00,879.8406686171585,879.8406686171585,0
2026-02-12T13:15:00,879.8406686171585,879.8406686171585,0
2026-02-12T13:30:00,879.8406686171585,879.8406686171585,0
2026-02-12T13:45:00,879.8406686171585,879.8406686171585,0
2026-02-12T14:00:00,879.8406686171585,879.8406686171585,0
2026-02-12T14:15:00,879.8406686171585,879.8406686171585,0
2026-02-12T14:30:00,879.8406686171585,879.8406686171585,0
2026-02-12T14:45:00,879.8406686171585,879.8406686171585,0
2026-02-12T15:00:00,879.8406686171585,879.8406686171585,0
2026-02-12T15:15:00,879.8406686171585,879.8406686171585,0
2026-02-12T15:30:00,879.8406686171585,879.8406686171585,0
2026-02-12T15:45:00,879.8406686171585,879.8406686171585,0
2026-02-12T16:00:00,879.8406686171585,879.8406686171585,0
2026-02-12T16:15:00,879.8406686171585,879.8406686171585,0
2026-02-12T16:30:00,879.8406686171585,879.8406686171585,0
2026-02-12T16:45:00,879.8406686171585,879.8406686171585,0
2026-02-12T17:00:00,878.9034078811104,756.465890700986,1
2026-02-12T17:15:00,875.9843015060106,756.465890700986,1
2026-02-12T17:30:00,877.1195929414281,756.465890700986,1
2026-02-12T17:45:00,881.353085321526,756.465890700986,1
2026-02-12T18:00:00,879.2507132346097,756.465890700986,1
2026-02-12T18:15:00,882.1786016988299,756.465890700986,1
2026-02-12T18:30:00,881.211896350285,756.465890700986,1
2026-02-12T18:45:00,880.0248131072353,756.465890700986,1
2026-02-12T19:00:00,881.0935257986386,756.465890700986,1
2026-02-12T19:15:00,878.6057926387018,756.465890700986,1
2026-02-12T19:30:00,876.7154038515403,876.7154038515403,0
2026-02-12T19:45:00,876.7154038515403,876.7154038515403,0
2026-02-12T20:00:00,876.7154038515403,876.7154038515403,0
2026-02-12T20:15:00,876.7154038515403,876.7154038515403,0
2026-02-12T20:30:00,876.7154038515403,876.7154038515403,0
2026-02-12T20:45:00,876.7154038515403,876.7154038515403,0
2026-02-12T21:00:00,876.7154038515403,876.7154038515403,0
2026-02-12T21:15:00,876.7154038515403,876.7154038515403,0
2026-02-12T21:30:00,876.7154038515403,876.7154038515403,0
2026-02-12T21:45:00,876.7154038515403,876.7154038515403,0
2026-02-12T22:00:00,876.7154038515403,876.7154038515403,0
2026-02-12T22:15:00,876.7154038515403,876.7154038515403,0
2026-02-12T22:30:00,876.7154038515403,876.7154038515403,0
2026-02-12T22:45:00,876.7154038515403,876.7154038515403,0
2026-02-12T23:00:00,876.7154038515403,876.7154038515403,0
2026-02-12T23:15:00,876.7154038515403,876.7154038515403,0
2026-02-12T23:30:00,876.7154038515403,876.7154038515403,0
2026-02-12T23:45:00,876.7154038515403,876.7154038515403,0
2026-02-13T00:00:00,876.7154038515403,876.7154038515403,0
2026-02-13T00:15:00,876.7154038515403,876.7154038515403,0
2026-02-13T00:30:00,876.7154038515403,876.7154038515403,0
2026-02-13T00:45:00,876.7154038515403,876.7154038515403,0
2026-02-13T01:00:00,876.7154038515403,876.7154038515403,0
2026-02-13T01:15:00,876.7154038515403,876.7154038515403,0
2026-02-13T01:30:00,876.7154038515403,876.7154038515403,0
2026-02-13T01:45:00,876.7154038515403,876.7154038515403,0
2026-02-13T02:00:00,876.7154038515403,876.7154038515403,0
2026-02-13T02:15:00,876.7154038515403,876.7154038515403,0
2026-02-13T02:30:00,876.7154038515403,876.7154038515403,0
2026-02-13T02:45:00,876.7154038515403,876.7154038515403,0
2026-02-13T03:00:00,876.7154038515403,876.7154038515403,0
2026-02-13T03:15:00,876.7154038515403,876.7154038515403,0
2026-02-13T03:30:00,876.7154038515403,876.7154038515403,0
2026-02-13T03:45:00,876.7154038515403,876.7154038515403,0
2026-02-13T04:00:00,876.7154038515403,876.7154038515403,0
2026-02-13T04:15:00,876.7154038515403,876.7154038515403,0
2026-02-13T04:30:00,876.7154038515403,876.7154038515403,0
2026-02-13T04:45:00,876.7154038515403,876.7154038515403,0
2026-02-13T05:00:00,876.7154038515403,876.7154038515403,0
2026-02-13T05:15:00,876.7154038515403,876.7154038515403,0
2026-02-13T05:30:00,876.7154038515403,876.7154038515403,0
2026-02-13T05:45:00,876.7154038515403,876.7154038515403,0
2026-02-13T06:00:00,876.7154038515403,876.7154038515403,0
2026-02-13T06:15:00,876.7154038515403,876.7154038515403,0
2026-02-13T06:30:00,876.7154038515403,876.7154038515403,0
2026-02-13T06:45:00,876.7154038515403,876.7154038515403,0
2026-02-13T07:00:00,876.7154038515403,876.7154038515403,0
2026-02-13T07:15:00,876.7154038515403,876.7154038515403,0
2026-02-13T07:30:00,876.7154038515403,876.7154038515403,0
2026-02-13T07:45:00,876.7154038515403,876.7154038515403,0
2026-02-13T08:00:00,876.7154038515403,876.7154038515403,0
2026-02-13T08:15:00,876.7154038515403,876.7154038515403,0
2026-02-13T08:30:00,876.7154038515403,876.7154038515403,0
2026-02-13T08:45:00,876.7154038515403,876.7154038515403,0
2026-02-13T09:00:00,876.7154038515403,876.7154038515403,0
2026-02-13T09:15:00,876.7154038515403,876.7154038515403,0
2026-02-13T09:30:00,876.7154038515403,876.7154038515403,0
2026-02-13T09:45:00,876.7154038515403,876.7154038515403,0
2026-02-13T10:00:00,876.7154038515403,876.7154038515403,0
2026-02-13T10:15:00,876.7154038515403,876.7154038515403,0
2026-02-13T10:30:00,876.7154038515403,876.7154038515403,0
2026-02-13T10:45:00,876.7154038515403,876.7154038515403,0
2026-02-13T11:00:00,876.7154038515403,876.7154038515403,0
2026-02-13T11:15:00,876.7154038515403,876.7154038515403,0
2026-02-13T11:30:00,876.7154038515403,876.7154038515403,0
2026-02-13T11:45:00,876.7154038515403,876.7154038515403,0
2026-02-13T12:00:00,876.7154038515403,876.7154038515403,0
2026-02-13T12:15:00,876.7154038515403,876.7154038515403,0
2026-02-13T12:30:00,876.7154038515403,876.7154038515403,0
2026-02-13T12:45:00,876.7154038515403,876.7154038515403,0
2026-02-13T13:00:00,876.7154038515403,876.7154038515403,0
2026-02-13T13:15:00,876.7154038515403,876.7154038515403,0
2026-02-13T13:30:00,876.7154038515403,876.7154038515403,0
2026-02-13T13:45:00,876.7154038515403,876.7154038515403,0
2026-02-13T14:00:00,876.7154038515403,876.7154038515403,0
2026-02-13T14:15:00,876.7154038515403,876.7154038515403,0
2026-02-13T14:30:00,876.7154038515403,876.7154038515403,0
2026-02-13T14:45:00,876.7154038515403,876.7154038515403,0
2026-02-13T15:00:00,876.7154038515403,876.7154038515403,0
2026-02-13T15:15:00,876.7154038515403,876.7154038515403,0
2026-02-13T15:30:00,876.7154038515403,876.7154038515403,0
2026-02-13T15:45:00,876.7154038515403,876.7154038515403,0
2026-02-13T16:00:00,876.7154038515403,876.7154038515403,0
2026-02-13T16:15:00,876.7154038515403,876.7154038515403,0
2026-02-13T16:30:00,876.7154038515403,876.7154038515403,0
2026-02-13T16:45:00,876.7154038515403,876.7154038515403,0
2026-02-13T17:00:00,876.7154038515403,876.7154038515403,0
2026-02-13T17:15:00,876.7154038515403,876.7154038515403,0
2026-02-13T17:30:00,876.7154038515403,876.7154038515403,0
2026-02-13T17:45:00,876.7154038515403,876.7154038515403,0
2026-02-13T18:00:00,876.7154038515403,876.7154038515403,0
2026-02-13T18:15:00,876.7154038515403,876.7154038515403,0
2026-02-13T18:30:00,876.7154038515403,876.7154038515403,0
2026-02-13T18:45:00,876.7154038515403,876.7154038515403,0
2026-02-13T19:00:00,876.7154038515403,876.7154038515403,0
2026-02-13T19:15:00,876.7154038515403,876.7154038515403,0
2026-02-13T19:30:00,876.7154038515403,876.7154038515403,0
2026-02-13T19:45:00,876.7154038515403,876.7154038515403,0
2026-02-13T20:00:00,876.7154038515403,876.7154038515403,0
2026-02-13T20:15:00,876.7154038515403,876.7154038515403,0
2026-02-13T20:30:00,876.7154038515403,876.7154038515403,0
2026-02-13T20:45:00,876.7154038515403,876.7154038515403,0
2026-02-13T21:00:00,876.7154038515403,876.7154038515403,0
2026-02-13T21:15:00,876.7154038515403,876.7154038515403,0
2026-02-13T21:30:00,876.7154038515403,876.7154038515403,0
2026-02-13T21:45:00,876.7154038515403,876.7154038515403,0
2026-02-13T22:00:00,876.7154038515403,876.7154038515403,0
2026-02-13T22:15:00,876.7154038515403,876.7154038515403,0
2026-02-13T22:30:00,876.7154038515403,876.7154038515403,0
2026-02-13T22:45:00,876.7154038515403,876.7154038515403,0
2026-02-13T23:00:00,876.7154038515403,876.7154038515403,0
2026-02-13T23:15:00,876.7154038515403,876.7154038515403,0
2026-02-13T23:30:00,876.7154038515403,876.7154038515403,0
2026-02-13T23:45:00,876.7154038515403,876.7154038515403,0
2026-02-14T00:00:00,876.7154038515403,876.7154038515403,0
2026-02-14T00:15:00,876.7154038515403,876.7154038515403,0
2026-02-14T00:30:00,876.7154038515403,876.7154038515403,0
2026-02-14T00:45:00,876.7154038515403,876.7154038515403,0
2026-02-14T01:00:00,876.7154038515403,876.7154038515403,0
2026-02-14T01:15:00,876.7154038515403,876.7154038515403,0
2026-02-14T01:30:00,876.7154038515403,876.7154038515403,0
2026-02-14T01:45:00,876.7154038515403,876.7154038515403,0
2026-02-14T02:00:00,876.7154038515403,876.7154038515403,0
2026-02-14T02:15:00,876.7154038515403,876.7154038515403,0
2026-02-14T02:30:00,876.7154038515403,876.7154038515403,0
2026-02-14T02:45:00,876.7154038515403,876.7154038515403,0
2026-02-14T03:00:00,876.7154038515403,876.7154038515403,0
2026-02-14T03:15:00,876.7154038515403,876.7154038515403,0
2026-02-14T03:30:00,876.7154038515403,876.7154038515403,0
2026-02-14T03:45:00,876.7154038515403,876.7154038515403,0
2026-02-14T04:00:00,876.7154038515403,876.7154038515403,0
2026-02-14T04:15:00,876.7154038515403,876.7154038515403,0
2026-02-14T04:30:00,876.7154038515403,876.7154038515403,0
2026-02-14T04:45:00,876.7154038515403,876.7154038515403,0
2026-02-14T05:00:00,876.7154038515403,876.7154038515403,0
2026-02-14T05:15:00,876.7154038515403,876.7154038515403,0
2026-02-14T05:30:00,876.7154038515403,876.7154038515403,0
2026-02-14T05:45:00,876.7154038515403,876.7154038515403,0
2026-02-14T06:00:00,876.7154038515403,876.7154038515403,0
2026-02-14T06:15:00,876.7154038515403,876.7154038515403,0
2026-02-14T06:30:00,876.7154038515403,876.7154038515403,0
2026-02-14T06:45:00,876.7154038515403,876.7154038515403,0
2026-02-14T07:00:00,876.7154038515403,876.7154038515403,0
2026-02-14T07:15:00,876.7154038515403,876.7154038515403,0
2026-02-14T07:30:00,876.7154038515403,876.7154038515403,0
2026-02-14T07:45:00,876.7154038515403,876.7154038515403,0
2026-02-14T08:00:00,876.7154038515403,876.7154038515403,0
2026-02-14T08:15:00,876.7154038515403,876.7154038515403,0
2026-02-14T08:30:00,876.7154038515403,876.7154038515403,0
2026-02-14T08:45:00,876.7154038515403,876.7154038515403,0
2026-02-14T09:00:00,876.7154038515403,876.7154038515403,0
2026-02-14T09:15:00,876.7154038515403,876.7154038515403,0
2026-02-14T09:30:00,876.7154038515403,876.7154038515403,0
2026-02-14T09:45:00,876.7154038515403,876.7154038515403,0
2026-02-14T10:00:00,876.7154038515403,876.7154038515403,0
2026-02-14T10:15:00,876.7154038515403,876.7154038515403,0
2026-02-14T10:30:00,876.7154038515403,876.7154038515403,0
2026-02-14T10:45:00,876.7154038515403,876.7154038515403,0
2026-02-14T11:00:00,876.7154038515403,876.7154038515403,0
2026-02-14T11:15:00,876.7154038515403,876.7154038515403,0
2026-02-14T11:30:00,876.7154038515403,876.7154038515403,0
2026-02-14T11:45:00,876.7154038515403,876.7154038515403,0
2026-02-14T12:00:00,876.7154038515403,876.7154038515403,0
2026-02-14T12:15:00,876.7154038515403,876.7154038515403,0
2026-02-14T12:30:00,876.7154038515403,876.7154038515403,0
2026-02-14T12:45:00,876.7154038515403,876.7154038515403,0
2026-02-14T13:00:00,876.7154038515403,876.7154038515403,0
2026-02-14T13:15:00,876.7154038515403,876.7154038515403,0
2026-02-14T13:30:00,876.7154038515403,876.7154038515403,0
2026-02-14T13:45:00,876.7154038515403,876.7154038515403,0
2026-02-14T14:00:00,876.7154038515403,876.7154038515403,0
2026-02-14T14:15:00,876.7154038515403,876.7154038515403,0
2026-02-14T14:30:00,876.7154038515403,876.7154038515403,0
2026-02-14T14:45:00,876.7154038515403,876.7154038515403,0
2026-02-14T15:00:00,876.7154038515403,876.7154038515403,0
2026-02-14T15:15:00,876.7154038515403,876.7154038515403,0
2026-02-14T15:30:00,876.7154038515403,876.7154038515403,0
2026-02-14T15:45:00,876.7154038515403,876.7154038515403,0
2026-02-14T16:00:00,876.7154038515403,876.7154038515403,0
2026-02-14T16:15:00,876.7154038515403,876.7154038515403,0
2026-02-14T16:30:00,876.7154038515403,876.7154038515403,0
2026-02-14T16:45:00,876.7154038515403,876.7154038515403,0
2026-02-14T17:00:00,876.7154038515403,876.7154038515403,0
2026-02-14T17:15:00,876.7154038515403,876.7154038515403,0
2026-02-14T17:30:00,876.7154038515403,876.7154038515403,0
2026-02-14T17:45:00,876.7154038515403,876.7154038515403,0
2026-02-14T18:00:00,876.7154038515403,876.7154038515403,0
2026-02-14T18:15:00,876.7154038515403,876.7154038515403,0
2026-02-14T18:30:00,876.7154038515403,876.7154038515403,0
2026-02-14T18:45:00,876.7154038515403,876.7154038515403,0
2026-02-14T19:00:00,876.7154038515403,876.7154038515403,0
2026-02-14T19:15:00,876.7154038515403,876.7154038515403,0
2026-02-14T19:30:00,876.7154038515403,876.7154038515403,0
2026-02-14T19:45:00,876.7154038515403,876.7154038515403,0
2026-02-14T20:00:00,876.7154038515403,876.7154038515403,0
2026-02-14T20:15:00,876.7154038515403,876.7154038515403,0
2026-02-14T20:30:00,876.7154038515403,876.7154038515403,0
2026-02-14T20:45:00,876.7154038515403,876.7154038515403,0
2026-02-14T21:00:00,876.7154038515403,876.7154038515403,0
2026-02-14T21:15:00,876.7154038515403,876.7154038515403,0
2026-02-14T21:30:00,876.7154038515403,876.7154038515403,0
2026-02-14T21:45:00,876.7154038515403,876.7154038515403,0
2026-02-14T22:00:00,876.7154038515403,876.7154038515403,0
2026-02-14T22:15:00,876.7154038515403,876.7154038515403,0
2026-02-14T22:30:00,876.7154038515403,876.7154038515403,0
2026-02-14T22:45:00,876.7154038515403,876.7154038515403,0
2026-02-14T23:00:00,876.7154038515403,876.7154038515403,0
2026-02-14T23:15:00,876.7154038515403,876.7154038515403,0
2026-02-14T23:30:00,876.7154038515403,876.7154038515403,0
2026-02-14T23:45:00,876.7154038515403,876.7154038515403,0
2026-02-15T00:00:00,876.7154038515403,876.7154038515403,0
2026-02-15T00:15:00,876.7154038515403,876.7154038515403,0
2026-02-15T00:30:00,876.7154038515403,876.7154038515403,0
2026-02-15T00:45:00,876.7154038515403,876.7154038515403,0
2026-02-15T01:00:00,876.7154038515403,876.7154038515403,0
2026-02-15T01:15:00,876.7154038515403,876.7154038515403,0
2026-02-15T01:30:00,876.7154038515403,876.7154038515403,0
2026-02-15T01:45:00,876.7154038515403,876.7154038515403,0
2026-02-15T02:00:00,876.7154038515403,876.7154038515403,0
2026-02-15T02:15:00,876.7154038515403,876.7154038515403,0
2026-02-15T02:30:00,876.7154038515403,876.7154038515403,0
2026-02-15T02:45:00,876.7154038515403,876.7154038515403,0
2026-02-15T03:00:00,876.7154038515403,876.7154038515403,0
2026-02-15T03:15:00,876.7154038515403,876.7154038515403,0
2026-02-15T03:30:00,876.7154038515403,876.7154038515403,0
2026-02-15T03:45:00,876.7154038515403,876.7154038515403,0
2026-02-15T04:00:00,876.7154038515403,876.7154038515403,0
2026-02-15T04:15:00,876.7154038515403,876.7154038515403,0
2026-02-15T04:30:00,876.7154038515403,876.7154038515403,0
2026-02-15T04:45:00,876.7154038515403,876.7154038515403,0
2026-02-15T05:00:00,876.7154038515403,876.7154038515403,0
2026-02-15T05:15:00,876.7154038515403,876.7154038515403,0
2026-02-15T05:30:00,876.7154038515403,876.7154038515403,0
2026-02-15T05:45:00,876.7154038515403,876.7154038515403,0
2026-02-15T06:00:00,876.7154038515403,876.7154038515403,0
