timestamp,equity,cash,open_positions
2026-01-16T05:45:00,1000.0,1000.0,0
2026-01-16T06:00:00,1000.0,1000.0,0
2026-01-16T06:15:00,1000.0,1000.0,0
2026-01-16T06:30:00,1000.0,1000.0,0
2026-01-16T06:45:00,1000.0,1000.0,0
2026-01-16T07:00:00,1000.0,1000.0,0
2026-01-16T07:15:00,1000.0,1000.0,0
2026-01-16T07:30:00,1000.0,1000.0,0
2026-01-16T07:45:00,1000.0,1000.0,0
2026-01-16T08:00:00,1000.0,1000.0,0
2026-01-16T08:15:00,1000.0,1000.0,0
2026-01-16T08:30:00,1000.0,1000.0,0
2026-01-16T08:45:00,1000.0,1000.0,0
2026-01-16T09:00:00,1000.0,1000.0,0
2026-01-16T09:15:00,1000.0,1000.0,0
2026-01-16T09:30:00,1000.0,1000.0,0
2026-01-16T09:45:00,1000.0,1000.0,0
2026-01-16T10:00:00,1000.0,1000.0,0
2026-01-16T10:15:00,1000.0,1000.0,0
2026-01-16T10:30:00,1000.0,1000.0,0
2026-01-16T10:45:00,1000.0,1000.0,0
2026-01-16T11:00:00,1000.0,1000.0,0
2026-01-16T11:15:00,1000.0,1000.0,0
2026-01-16T11:30:00,1000.0,1000.0,0
2026-01-16T11:45:00,1000.0,1000.0,0
2026-01-16T12:00:00,1000.0,1000.0,0
2026-01-16T12:15:00,1000.0,1000.0,0
2026-01-16T12:30:00,1000.0,1000.0,0
2026-01-16T12:45:00,1000.0,1000.0,0
2026-01-16T13:00:00,1000.0,1000.0,0
2026-01-16T13:15:00,1000.0,1000.0,0
2026-01-16T13:30:00,1000.0,1000.0,0
2026-01-16T13:45:00,1000.0,1000.0,0
2026-01-16T14:00:00,1000.0,1000.0,0
2026-01-16T14:15:00,1000.0,1000.0,0
2026-01-16T14:30:00,1000.0,1000.0,0
2026-01-16T14:45:00,1000.0,1000.0,0
2026-01-16T15:00:00,1000.0,1000.0,0
2026-01-16T15:15:00,1000.0,1000.0,0
2026-01-16T15:30:00,1000.0,1000.0,0
2026-01-16T15:45:00,1000.0,1000.0,0
2026-01-16T16:00:00,1000.0,1000.0,0
2026-01-16T16:15:00,1000.0,1000.0,0
2026-01-16T16:30:00,1000.0,1000.0,0
2026-01-16T16:45:00,1000.0,1000.0,0
2026-01-16T17:00:00,1000.0,1000.0,0
2026-01-16T17:15:00,1000.0,1000.0,0
2026-01-16T17:30:00,1000.0,1000.0,0
2026-01-16T17:45:00,1000.0,1000.0,0
2026-01-16T18:00:00,1000.0,1000.0,0
2026-01-16T18:15:00,1000.0,1000.0,0
2026-01-16T18:30:00,1000.0,1000.0,0
2026-01-16T18:45:00,1000.0,1000.0,0
2026-01-16T19:00:00,1000.0,1000.0,0
2026-01-16T19:15:00,1000.0,1000.0,0
2026-01-16T19:30:00,1000.0,1000.0,0
2026-01-16T19:45:00,1000.0,1000.0,0
2026-01-16T20:00:00,1000.0,1000.0,0
2026-01-16T20:15:00,1000.0,1000.0,0
2026-01-16T20:30:00,1000.0,1000.0,0
2026-01-16T20:45:00,1000.0,1000.0,0
2026-01-16T21:00:00,1000.0,1000.0,0
2026-01-16T21:15:00,1000.0,1000.0,0
2026-01-16T21:30:00,1000.0,1000.0,0
2026-01-16T21:45:00,1000.0,1000.0,0
2026-01-16T22:00:00,1000.0,1000.0,0
2026-01-16T22:15:00,1000.0,1000.0,0
2026-01-16T22:30:00,1000.0,1000.0,0
2026-01-16T22:45:00,1000.0,1000.0,0
2026-01-16T23:00:00,1000.0,1000.0,0
2026-01-16T23:15:00,1000.0,1000.0,0
2026-01-16T23:30:00,1000.0,1000.0,0
2026-01-16T23:45:00,1000.0,1000.0,0
2026-01-17T00:00:00,1000.0,1000.0,0
2026-01-17T00:15:00,1000.0,1000.0,0
2026-01-17T00:30:00,1000.0,1000.0,0
2026-01-17T00:45:00,1000.0,1000.0,0
2026-01-17T01:00:00,1000.0,1000.0,0
2026-01-17T01:15:00,1000.0,1000.0,0
2026-01-17T01:30:00,1000.0,1000.0,0
2026-01-17T01:45:00,1000.0,1000.0,0
2026-01-17T02:00:00,1000.0,1000.0,0
2026-01-17T02:15:00,1000.0,1000.0,0
2026-01-17T02:30:00,1000.0,1000.0,0
2026-01-17T02:45:00,1000.0,1000.0,0
2026-01-17T03:00:00,1000.0,1000.0,0
2026-01-17T03:15:00,1000.0,1000.0,0
2026-01-17T03:30:00,1000.0,1000.0,0
2026-01-17T03:45:00,1000.0,1000.0,0
2026-01-17T04:00:00,1000.0,1000.0,0
2026-01-17T04:15:00,1000.0,1000.0,0
2026-01-17T04:30:00,1000.0,1000.0,0
2026-01-17T04:45:00,1000.0,1000.0,0
2026-01-17T05:00:00,1000.0,1000.0,0
2026-01-17T05:15:00,1000.0,1000.0,0
2026-01-17T05:30:00,1000.0,1000.0,0
2026-01-17T05:45:00,1000.0,1000.0,0
2026-01-17T06:00:00,1000.0,1000.0,0
2026-01-17T06:15:00,1000.0,1000.0,0
2026-01-17T06:30:00,1000.0,1000.0,0
2026-01-17T06:45:00,1000.0,1000.0,0
2026-01-17T07:00:00,1000.0,1000.0,0
2026-01-17T07:15:00,1000.0,1000.0,0
2026-01-17T07:30:00,1000.0,1000.0,0
2026-01-17T07:45:00,1000.0,1000.0,0
2026-01-17T08:00:00,1000.0,1000.0,0
2026-01-17T08:15:00,1000.0,1000.0,0
2026-01-17T08:30:00,1000.0,1000.0,0
2026-01-17T08:45:00,1000.0,1000.0,0
2026-01-17T09:00:00,1000.0,1000.0,0
2026-01-17T09:15:00,1000.0,1000.0,0
2026-01-17T09:30:00,1000.0,1000.0,0
2026-01-17T09:45:00,1000.0,1000.0,0
2026-01-17T10:00:00,1000.0,1000.0,0
2026-01-17T10:15:00,1000.0,1000.0,0
2026-01-17T10:30:00,1000.0,1000.0,0
2026-01-17T10:45:00,1000.0,1000.0,0
2026-01-17T11:00:00,1000.0,1000.0,0
2026-01-17T11:15:00,1000.0,1000.0,0
2026-01-17T11:30:00,1000.0,1000.0,0
2026-01-17T11:45:00,1000.0,1000.0,0
2026-01-17T12:00:00,1000.0,1000.0,0
2026-01-17T12:15:00,1000.0,1000.0,0
2026-01-17T12:30:00,1000.0,1000.0,0
2026-01-17T12:45:00,1000.0,1000.0,0
2026-01-17T13:00:00,1000.0,1000.0,0
2026-01-17T13:15:00,1000.0,1000.0,0
2026-01-17T13:30:00,1000.0,1000.0,0
2026-01-17T13:45:00,1000.0,1000.0,0
2026-01-17T14:00:00,1000.0,1000.0,0
2026-01-17T14:15:00,1000.0,1000.0,0
2026-01-17T14:30:00,1000.0,1000.0,0
2026-01-17T14:45:00,1000.0,1000.0,0
2026-01-17T15:00:00,1000.0,1000.0,0
2026-01-17T15:15:00,1000.0,1000.0,0
2026-01-17T15:30:00,1000.0,1000.0,0
2026-01-17T15:45:00,1000.0,1000.0,0
2026-01-17T16:00:00,1000.0,1000.0,0
2026-01-17T16:15:00,1000.0,1000.0,0
2026-01-17T16:30:00,1000.0,1000.0,0
2026-01-17T16:45:00,1000.0,1000.0,0
2026-01-17T17:00:00,1000.0,1000.0,0
2026-01-17T17:15:00,1000.0,1000.0,0
2026-01-17T17:30:00,1000.0,1000.0,0
2026-01-17T17:45:00,1000.0,1000.0,0
2026-01-17T18:00:00,1000.0,1000.0,0
2026-01-17T18:15:00,1000.0,1000.0,0
2026-01-17T18:30:00,1000.0,1000.0,0
2026-01-17T18:45:00,1000.0,1000.0,0
2026-01-17T19:00:00,1000.0,1000.0,0
2026-01-17T19:15:00,1000.0,1000.0,0
2026-01-17T19:30:00,1000.0,1000.0,0
2026-01-17T19:45:00,1000.0,1000.0,0
2026-01-17T20:00:00,1000.0,1000.0,0
2026-01-17T20:15:00,1000.0,1000.0,0
2026-01-17T20:30:00,1000.0,1000.0,0
2026-01-17T20:45:00,1000.0,1000.0,0
2026-01-17T21:00:00,1000.0,1000.0,0
2026-01-17T21:15:00,1000.0,1000.0,0
2026-01-17T21:30:00,1000.0,1000.0,0
2026-01-17T21:45:00,1000.0,1000.0,0
2026-01-17T22:00:00,1000.0,1000.0,0
2026-01-17T22:15:00,1000.0,1000.0,0
2026-01-17T22:30:00,1000.0,1000.0,0
2026-01-17T22:45:00,1000.0,1000.0,0
2026-01-17T23:00:00,1000.0,1000.0,0
2026-01-17T23:15:00,1000.0,1000.0,0
2026-01-17T23:30:00,1000.0,1000.0,0
2026-01-17T23:45:00,1000.0,1000.0,0
2026-01-18T00:00:00,1000.0,1000.0,0
2026-01-18T00:15:00,1000.0,1000.0,0
2026-01-18T00:30:00,1000.0,1000.0,0
2026-01-18T00:45:00,1000.0,1000.0,0
2026-01-18T01:00:00,1000.0,1000.0,0
2026-01-18T01:15:00,1000.0,1000.0,0
2026-01-18T01:30:00,1000.0,1000.0,0
2026-01-18T01:45:00,1000.0,1000.0,0
2026-01-18T02:00:00,1000.0,1000.0,0
2026-01-18T02:15:00,1000.0,1000.0,0
2026-01-18T02:30:00,1000.0,1000.0,0
2026-01-18T02:45:00,1000.0,1000.0,0
2026-01-18T03:00:00,1000.0,1000.0,0
2026-01-18T03:15:00,1000.0,1000.0,0
2026-01-18T03:30:00,1000.0,1000.0,0
2026-01-18T03:45:00,1000.0,1000.0,0
2026-01-18T04:00:00,1000.0,1000.0,0
2026-01-18T04:15:00,1000.0,1000.0,0
2026-01-18T04:30:00,1000.0,1000.0,0
2026-01-18T04:45:00,1000.0,1000.0,0
2026-01-18T05:00:00,1000.0,1000.0,0
2026-01-18T05:15:00,1000.0,1000.0,0
2026-01-18T05:30:00,1000.0,1000.0,0
2026-01-18T05:45:00,1000.0,1000.0,0
2026-01-18T06:00:00,1000.0,1000.0,0
2026-01-18T06:15:00,1000.0,1000.0,0
2026-01-18T06:30:00,1000.0,1000.0,0
2026-01-18T06:45:00,1000.0,1000.0,0
2026-01-18T07:00:00,1000.0,1000.0,0
2026-01-18T07:15:00,1000.0,1000.0,0
2026-01-18T07:30:00,1000.0,1000.0,0
2026-01-18T07:45:00,1000.0,1000.0,0
2026-01-18T08:00:00,1000.0,1000.0,0
2026-01-18T08:15:00,1000.0,1000.0,0
2026-01-18T08:30:00,1000.0,1000.0,0
2026-01-18T08:45:00,1000.0,1000.0,0
2026-01-18T09:00:00,1000.0,1000.0,0
2026-01-18T09:15:00,1000.0,1000.0,0
2026-01-18T09:30:00,1000.0,1000.0,0
2026-01-18T09:45:00,1000.0,1000.0,0
2026-01-18T10:00:00,1000.0,1000.0,0
2026-01-18T10:15:00,1000.0,1000.0,0
2026-01-18T10:30:00,1000.0,1000.0,0
2026-01-18T10:45:00,1000.0,1000.0,0
2026-01-18T11:00:00,1000.0,1000.0,0
2026-01-18T11:15:00,1000.0,1000.0,0
2026-01-18T11:30:00,1000.0,1000.0,0
2026-01-18T11:45:00,1000.0,1000.0,0
2026-01-18T12:00:00,1000.0,1000.0,0
2026-01-18T12:15:00,1000.0,1000.0,0
2026-01-18T12:30:00,1000.0,1000.0,0
2026-01-18T12:45:00,1000.0,1000.0,0
2026-01-18T13:00:00,1000.0,1000.0,0
2026-01-18T13:15:00,1000.0,1000.0,0
2026-01-18T13:30:00,1000.0,1000.0,0
2026-01-18T13:45:00,1000.0,1000.0,0
2026-01-18T14:00:00,1000.0,1000.0,0
2026-01-18T14:15:00,1000.0,1000.0,0
2026-01-18T14:30:00,1000.0,1000.0,0
2026-01-18T14:45:00,1000.0,1000.0,0
2026-01-18T15:00:00,1000.0,1000.0,0
2026-01-18T15:15:00,1000.0,1000.0,0
2026-01-18T15:30:00,1000.0,1000.0,0
2026-01-18T15:45:00,1000.0,1000.0,0
2026-01-18T16:00:00,1000.0,1000.0,0
2026-01-18T16:15:00,1000.0,1000.0,0
2026-01-18T16:30:00,1000.0,1000.0,0
2026-01-18T16:45:00,1000.0,1000.0,0
2026-01-18T17:00:00,1000.0,1000.0,0
2026-01-18T17:15:00,1000.0,1000.0,0
2026-01-18T17:30:00,1000.0,1000.0,0
2026-01-18T17:45:00,1000.0,1000.0,0
2026-01-18T18:00:00,1000.0,1000.0,0
2026-01-18T18:15:00,998.9372581128308,859.7760000000001,1
2026-01-18T18:30:00,998.571383449929,859.7760000000001,1
2026-01-18T18:45:00,998.8740615801478,859.7760000000001,1
2026-01-18T19:00:00,997.7282086586054,859.7760000000001,1
2026-01-18T19:15:00,997.3307357293621,859.7760000000001,1
2026-01-18T19:30:00,996.999785466101,859.7760000000001,1
2026-01-18T19:45:00,996.3312326729804,859.7760000000001,1
2026-01-18T20:00:00,995.4141509772323,995.4141509772323,0
2026-01-18T20:15:00,995.4141509772323,995.4141509772323,0
2026-01-18T20:30:00,995.4141509772323,995.4141509772323,0
2026-01-18T20:45:00,995.4141509772323,995.4141509772323,0
2026-01-18T21:00:00,995.4141509772323,995.4141509772323,0
2026-01-18T21:15:00,995.4141509772323,995.4141509772323,0
2026-01-18T21:30:00,995.4141509772323,995.4141509772323,0
2026-01-18T21:45:00,995.4141509772323,995.4141509772323,0
2026-01-18T22:00:00,995.4141509772323,995.4141509772323,0
2026-01-18T22:15:00,995.4141509772323,995.4141509772323,0
2026-01-18T22:30:00,995.4141509772323,995.4141509772323,0
2026-01-18T22:45:00,995.4141509772323,995.4141509772323,0
2026-01-18T23:00:00,995.4141509772323,995.4141509772323,0
2026-01-18T23:15:00,995.4141509772323,995.4141509772323,0
2026-01-18T23:30:00,995.4141509772323,995.4141509772323,0
2026-01-18T23:45:00,995.4141509772323,995.4141509772323,0
2026-01-19T00:00:00,994.3537742146034,855.8331970706008,1
2026-01-19T00:15:00,993.2079310798015,855.8331970706008,1
2026-01-19T00:30:00,991.1576719961233,855.8331970706008,1
2026-01-19T00:45:00,992.769159210633,855.8331970706008,1
2026-01-19T01:00:00,992.4867292585136,855.8331970706008,1
2026-01-19T01:15:00,993.6544324836868,855.8331970706008,1
2026-01-19T01:30:00,993.9314879936985,855.8331970706008,1
2026-01-19T01:45:00,993.5201922049694,855.8331970706008,1
2026-01-19T02:00:00,994.5154905737601,855.8331970706008,1
2026-01-19T02:15:00,994.0642789846565,855.8331970706008,1
2026-01-19T02:30:00,993.6327535542854,855.8331970706008,1
2026-01-19T02:45:00,993.6400603800724,855.8331970706008,1
2026-01-19T03:00:00,992.618372896662,855.8331970706008,1
2026-01-19T03:15:00,993.3063424117386,993.3063424117386,0
2026-01-19T03:30:00,993.3063424117386,993.3063424117386,0
2026-01-19T03:45:00,993.3063424117386,993.3063424117386,0
2026-01-19T04:00:00,993.3063424117386,993.3063424117386,0
2026-01-19T04:15:00,993.3063424117386,993.3063424117386,0
2026-01-19T04:30:00,993.3063424117386,993.3063424117386,0
2026-01-19T04:45:00,993.3063424117386,993.3063424117386,0
2026-01-19T05:00:00,993.3063424117386,993.3063424117386,0
2026-01-19T05:15:00,993.3063424117386,993.3063424117386,0
2026-01-19T05:30:00,993.3063424117386,993.3063424117386,0
2026-01-19T05:45:00,993.3063424117386,993.3063424117386,0
2026-01-19T06:00:00,993.3063424117386,993.3063424117386,0
2026-01-19T06:15:00,993.3063424117386,993.3063424117386,0
2026-01-19T06:30:00,993.3063424117386,993.3063424117386,0
2026-01-19T06:45:00,993.3063424117386,993.3063424117386,0
2026-01-19T07:00:00,993.3063424117386,993.3063424117386,0
2026-01-19T07:15:00,993.3063424117386,993.3063424117386,0
2026-01-19T07:30:00,993.3063424117386,993.3063424117386,0
2026-01-19T07:45:00,993.3063424117386,993.3063424117386,0
2026-01-19T08:00:00,993.3063424117386,993.3063424117386,0
2026-01-19T08:15:00,993.3063424117386,993.3063424117386,0
2026-01-19T08:30:00,993.3063424117386,993.3063424117386,0
2026-01-19T08:45:00,993.3063424117386,993.3063424117386,0
2026-01-19T09:00:00,993.3063424117386,993.3063424117386,0
2026-01-19T09:15:00,993.3063424117386,993.3063424117386,0
2026-01-19T09:30:00,993.3063424117386,993.3063424117386,0
2026-01-19T09:45:00,993.3063424117386,993.3063424117386,0
2026-01-19T10:00:00,993.3063424117386,993.3063424117386,0
2026-01-19T10:15:00,993.3063424117386,993.3063424117386,0
2026-01-19T10:30:00,993.3063424117386,993.3063424117386,0
2026-01-19T10:45:00,993.3063424117386,993.3063424117386,0
2026-01-19T11:00:00,993.3063424117386,993.3063424117386,0
2026-01-19T11:15:00,993.3063424117386,993.3063424117386,0
2026-01-19T11:30:00,993.3063424117386,993.3063424117386,0
2026-01-19T11:45:00,993.3063424117386,993.3063424117386,0
2026-01-19T12:00:00,993.3063424117386,993.3063424117386,0
2026-01-19T12:15:00,993.3063424117386,993.3063424117386,0
2026-01-19T12:30:00,993.3063424117386,993.3063424117386,0
2026-01-19T12:45:00,993.3063424117386,993.3063424117386,0
2026-01-19T13:00:00,993.3063424117386,993.3063424117386,0
2026-01-19T13:15:00,993.3063424117386,993.3063424117386,0
2026-01-19T13:30:00,993.3063424117386,993.3063424117386,0
2026-01-19T13:45:00,993.3063424117386,993.3063424117386,0
2026-01-19T14:00:00,993.3063424117386,993.3063424117386,0
2026-01-19T14:15:00,993.3063424117386,993.3063424117386,0
2026-01-19T14:30:00,993.3063424117386,993.3063424117386,0
2026-01-19T14:45:00,993.3063424117386,993.3063424117386,0
2026-01-19T15:00:00,993.3063424117386,993.3063424117386,0
2026-01-19T15:15:00,993.3063424117386,993.3063424117386,0
2026-01-19T15:30:00,993.3063424117386,993.3063424117386,0
2026-01-19T15:45:00,993.3063424117386,993.3063424117386,0
2026-01-19T16:00:00,993.3063424117386,993.3063424117386,0
2026-01-19T16:15:00,993.3063424117386,993.3063424117386,0
2026-01-19T16:30:00,993.3063424117386,993.3063424117386,0
2026-01-19T16:45:00,993.3063424117386,993.3063424117386,0
2026-01-19T17:00:00,993.3063424117386,993.3063424117386,0
2026-01-19T17:15:00,993.3063424117386,993.3063424117386,0
2026-01-19T17:30:00,993.3063424117386,993.3063424117386,0
2026-01-19T17:45:00,993.3063424117386,993.3063424117386,0
2026-01-19T18:00:00,993.3063424117386,993.3063424117386,0
2026-01-19T18:15:00,992.248211017252,854.020953853395,1
2026-01-19T18:30:00,991.1863225151483,854.020953853395,1
2026-01-19T18:45:00,991.5142586702098,854.020953853395,1
2026-01-19T19:00:00,990.0792201890616,990.0792201890616,0
2026-01-19T19:15:00,990.0792201890616,990.0792201890616,0
2026-01-19T19:30:00,990.0792201890616,990.0792201890616,0
2026-01-19T19:45:00,990.0792201890616,990.0792201890616,0
2026-01-19T20:00:00,990.0792201890616,990.0792201890616,0
2026-01-19T20:15:00,990.0792201890616,990.0792201890616,0
2026-01-19T20:30:00,990.0792201890616,990.0792201890616,0
2026-01-19T20:45:00,990.0792201890616,990.0792201890616,0
2026-01-19T21:00:00,990.0792201890616,990.0792201890616,0
2026-01-19T21:15:00,990.0792201890616,990.0792201890616,0
2026-01-19T21:30:00,990.0792201890616,990.0792201890616,0
2026-01-19T21:45:00,990.0792201890616,990.0792201890616,0
2026-01-19T22:00:00,990.0792201890616,990.0792201890616,0
2026-01-19T22:15:00,990.0792201890616,990.0792201890616,0
2026-01-19T22:30:00,990.0792201890616,990.0792201890616,0
2026-01-19T22:45:00,990.0792201890616,990.0792201890616,0
2026-01-19T23:00:00,989.0245265249023,851.2463516172706,1
2026-01-19T23:15:00,988.4404302451845,851.2463516172706,1
2026-01-19T23:30:00,987.7578232806933,851.2463516172706,1
2026-01-19T23:45:00,987.8906325026653,851.2463516172706,1
2026-01-20T00:00:00,987.4613902140122,851.2463516172706,1
2026-01-20T00:15:00,988.8839685966279,851.2463516172706,1
2026-01-20T00:30:00,987.3353085510004,851.2463516172706,1
2026-01-20T00:45:00,987.3686460083475,851.2463516172706,1
2026-01-20T01:00:00,987.3171681688043,851.2463516172706,1
2026-01-20T01:15:00,986.0871403404386,986.0871403404386,0
2026-01-20T01:30:00,986.0871403404386,986.0871403404386,0
2026-01-20T01:45:00,986.0871403404386,986.0871403404386,0
2026-01-20T02:00:00,986.0871403404386,986.0871403404386,0
2026-01-20T02:15:00,986.0871403404386,986.0871403404386,0
2026-01-20T02:30:00,986.0871403404386,986.0871403404386,0
2026-01-20T02:45:00,986.0871403404386,986.0871403404386,0
2026-01-20T03:00:00,986.0871403404386,986.0871403404386,0
2026-01-20T03:15:00,986.0871403404386,986.0871403404386,0
2026-01-20T03:30:00,986.0871403404386,986.0871403404386,0
2026-01-20T03:45:00,986.0871403404386,986.0871403404386,0
2026-01-20T04:00:00,986.0871403404386,986.0871403404386,0
2026-01-20T04:15:00,986.0871403404386,986.0871403404386,0
2026-01-20T04:30:00,986.0871403404386,986.0871403404386,0
2026-01-20T04:45:00,986.0871403404386,986.0871403404386,0
2026-01-20T05:00:00,986.0871403404386,986.0871403404386,0
2026-01-20T05:15:00,986.0871403404386,986.0871403404386,0
2026-01-20T05:30:00,986.0871403404386,986.0871403404386,0
2026-01-20T05:45:00,986.0871403404386,986.0871403404386,0
2026-01-20T06:00:00,986.0871403404386,986.0871403404386,0
2026-01-20T06:15:00,985.0366992868152,847.814057173341,1
2026-01-20T06:30:00,987.4465713609625,847.814057173341,1
2026-01-20T06:45:00,989.4005216913524,847.814057173341,1
2026-01-20T07:00:00,988.7791302799761,847.814057173341,1
2026-01-20T07:15:00,988.1260531875666,847.814057173341,1
2026-01-20T07:30:00,987.5345871416107,847.814057173341,1
2026-01-20T07:45:00,988.2633578053778,847.814057173341,1
2026-01-20T08:00:00,991.1678785667681,847.814057173341,1
2026-01-20T08:15:00,990.3246873881584,847.814057173341,1
2026-01-20T08:30:00,993.4386857074913,847.814057173341,1
2026-01-20T08:45:00,991.1731595136068,847.814057173341,1
2026-01-20T09:00:00,992.4423470705538,847.814057173341,1
2026-01-20T09:15:00,992.8648228176651,847.814057173341,1
2026-01-20T09:30:00,993.3700333985857,847.814057173341,1
2026-01-20T09:45:00,993.4158016045228,847.814057173341,1
2026-01-20T10:00:00,991.9547396457629,847.814057173341,1
2026-01-20T10:15:00,990.4447079985812,990.4447079985812,0
2026-01-20T10:30:00,990.4447079985812,990.4447079985812,0
2026-01-20T10:45:00,990.4447079985812,990.4447079985812,0
2026-01-20T11:00:00,990.4447079985812,990.4447079985812,0
2026-01-20T11:15:00,990.4447079985812,990.4447079985812,0
2026-01-20T11:30:00,990.4447079985812,990.4447079985812,0
2026-01-20T11:45:00,990.4447079985812,990.4447079985812,0
2026-01-20T12:00:00,990.4447079985812,990.4447079985812,0
2026-01-20T12:15:00,990.4447079985812,990.4447079985812,0
2026-01-20T12:30:00,990.4447079985812,990.4447079985812,0
2026-01-20T12:45:00,990.4447079985812,990.4447079985812,0
2026-01-20T13:00:00,990.4447079985812,990.4447079985812,0
2026-01-20T13:15:00,990.4447079985812,990.4447079985812,0
2026-01-20T13:30:00,990.4447079985812,990.4447079985812,0
2026-01-20T13:45:00,990.4447079985812,990.4447079985812,0
2026-01-20T14:00:00,990.4447079985812,990.4447079985812,0
2026-01-20T14:15:00,990.4447079985812,990.4447079985812,0
2026-01-20T14:30:00,990.4447079985812,990.4447079985812,0
2026-01-20T14:45:00,990.4447079985812,990.4447079985812,0
2026-01-20T15:00:00,990.4447079985812,990.4447079985812,0
2026-01-20T15:15:00,990.4447079985812,990.4447079985812,0
2026-01-20T15:30:00,990.4447079985812,990.4447079985812,0
2026-01-20T15:45:00,990.4447079985812,990.4447079985812,0
2026-01-20T16:00:00,990.4447079985812,990.4447079985812,0
2026-01-20T16:15:00,990.4447079985812,990.4447079985812,0
2026-01-20T16:30:00,990.4447079985812,990.4447079985812,0
2026-01-20T16:45:00,990.4447079985812,990.4447079985812,0
2026-01-20T17:00:00,990.4447079985812,990.4447079985812,0
2026-01-20T17:15:00,990.4447079985812,990.4447079985812,0
2026-01-20T17:30:00,989.3896249941861,851.5605892641881,1
2026-01-20T17:45:00,988.8480038385204,851.5605892641881,1
2026-01-20T18:00:00,988.0269321792114,851.5605892641881,1
2026-01-20T18:15:00,989.1101744905425,851.5605892641881,1
2026-01-20T18:30:00,990.4757163133114,851.5605892641881,1
2026-01-20T18:45:00,990.5478705324481,851.5605892641881,1
2026-01-20T19:00:00,990.0845970911241,851.5605892641881,1
2026-01-20T19:15:00,990.6568141131016,851.5605892641881,1
2026-01-20T19:30:00,990.8966881823862,851.5605892641881,1
2026-01-20T19:45:00,989.1558205502024,851.5605892641881,1
2026-01-20T20:00:00,991.1733516131876,851.5605892641881,1
2026-01-20T20:15:00,988.4464249227532,988.4464249227532,0
2026-01-20T20:30:00,988.4464249227532,988.4464249227532,0
2026-01-20T20:45:00,988.4464249227532,988.4464249227532,0
2026-01-20T21:00:00,988.4464249227532,988.4464249227532,0
2026-01-20T21:15:00,988.4464249227532,988.4464249227532,0
2026-01-20T21:30:00,988.4464249227532,988.4464249227532,0
2026-01-20T21:45:00,988.4464249227532,988.4464249227532,0
2026-01-20T22:00:00,988.4464249227532,988.4464249227532,0
2026-01-20T22:15:00,988.4464249227532,988.4464249227532,0
2026-01-20T22:30:00,988.4464249227532,988.4464249227532,0
2026-01-20T22:45:00,988.4464249227532,988.4464249227532,0
2026-01-20T23:00:00,987.3934706131698,849.8425134343851,1
2026-01-20T23:15:00,988.0281135423747,849.8425134343851,1
2026-01-20T23:30:00,987.231514257349,849.8425134343851,1
2026-01-20T23:45:00,988.1128581471646,849.8425134343851,1
2026-01-21T00:00:00,988.8265960408401,849.8425134343851,1
2026-01-21T00:15:00,988.438654072246,849.8425134343851,1
2026-01-21T00:30:00,985.8266370312754,849.8425134343851,1
2026-01-21T00:45:00,983.8794482358811,983.8794482358811,0
2026-01-21T01:00:00,983.8794482358811,983.8794482358811,0
2026-01-21T01:15:00,983.8794482358811,983.8794482358811,0
2026-01-21T01:30:00,983.8794482358811,983.8794482358811,0
2026-01-21T01:45:00,983.8794482358811,983.8794482358811,0
2026-01-21T02:00:00,983.8794482358811,983.8794482358811,0
2026-01-21T02:15:00,983.8794482358811,983.8794482358811,0
2026-01-21T02:30:00,983.8794482358811,983.8794482358811,0
2026-01-21T02:45:00,983.8794482358811,983.8794482358811,0
2026-01-21T03:00:00,983.8794482358811,983.8794482358811,0
2026-01-21T03:15:00,983.8794482358811,983.8794482358811,0
2026-01-21T03:30:00,983.8794482358811,983.8794482358811,0
2026-01-21T03:45:00,983.8794482358811,983.8794482358811,0
2026-01-21T04:00:00,983.8794482358811,983.8794482358811,0
2026-01-21T04:15:00,983.8794482358811,983.8794482358811,0
2026-01-21T04:30:00,983.8794482358811,983.8794482358811,0
2026-01-21T04:45:00,983.8794482358811,983.8794482358811,0
2026-01-21T05:00:00,983.8794482358811,983.8794482358811,0
2026-01-21T05:15:00,983.8794482358811,983.8794482358811,0
2026-01-21T05:30:00,983.8794482358811,983.8794482358811,0
2026-01-21T05:45:00,983.8794482358811,983.8794482358811,0
2026-01-21T06:00:00,983.8794482358811,983.8794482358811,0
2026-01-21T06:15:00,983.8794482358811,983.8794482358811,0
2026-01-21T06:30:00,983.8794482358811,983.8794482358811,0
2026-01-21T06:45:00,983.8794482358811,983.8794482358811,0
2026-01-21T07:00:00,983.8794482358811,983.8794482358811,0
2026-01-21T07:15:00,983.8794482358811,983.8794482358811,0
2026-01-21T07:30:00,983.8794482358811,983.8794482358811,0
2026-01-21T07:45:00,983.8794482358811,983.8794482358811,0
2026-01-21T08:00:00,983.8794482358811,983.8794482358811,0
2026-01-21T08:15:00,983.8794482358811,983.8794482358811,0
2026-01-21T08:30:00,982.8313589525277,845.9159364864529,1
2026-01-21T08:45:00,981.7014423269369,845.9159364864529,1
2026-01-21T09:00:00,981.0991930363992,845.9159364864529,1
2026-01-21T09:15:00,980.7262832589765,845.9159364864529,1
2026-01-21T09:30:00,980.8586662299615,845.9159364864529,1
2026-01-21T09:45:00,983.8270280582462,845.9159364864529,1
2026-01-21T10:00:00,982.260806993071,845.9159364864529,1
2026-01-21T10:15:00,981.7573787935503,845.9159364864529,1
2026-01-21T10:30:00,981.2408987518198,845.9159364864529,1
2026-01-21T10:45:00,981.9941765022137,845.9159364864529,1
2026-01-21T11:00:00,981.2259823607229,845.9159364864529,1
2026-01-21T11:15:00,980.659256391815,980.659256391815,0
2026-01-21T11:30:00,980.659256391815,980.659256391815,0
2026-01-21T11:45:00,980.659256391815,980.659256391815,0
2026-01-21T12:00:00,979.6145974561208,843.1472928235291,1
2026-01-21T12:15:00,979.7844792885421,843.1472928235291,1
2026-01-21T12:30:00,978.1053249420013,843.1472928235291,1
2026-01-21T12:45:00,977.4224373123343,843.1472928235291,1
2026-01-21T13:00:00,976.1362513803506,843.1472928235291,1
2026-01-21T13:15:00,976.7142229772477,843.1472928235291,1
2026-01-21T13:30:00,977.5522444560819,843.1472928235291,1
2026-01-21T13:45:00,977.8186415713183,843.1472928235291,1
2026-01-21T14:00:00,971.7371700318458,971.7371700318458,0
2026-01-21T14:15:00,971.7371700318458,971.7371700318458,0
2026-01-21T14:30:00,971.7371700318458,971.7371700318458,0
2026-01-21T14:45:00,971.7371700318458,971.7371700318458,0
2026-01-21T15:00:00,971.7371700318458,971.7371700318458,0
2026-01-21T15:15:00,971.7371700318458,971.7371700318458,0
2026-01-21T15:30:00,971.7371700318458,971.7371700318458,0
2026-01-21T15:45:00,971.7371700318458,971.7371700318458,0
2026-01-21T16:00:00,971.7371700318458,971.7371700318458,0
2026-01-21T16:15:00,971.7371700318458,971.7371700318458,0
2026-01-21T16:30:00,971.7371700318458,971.7371700318458,0
2026-01-21T16:45:00,971.7371700318458,971.7371700318458,0
2026-01-21T17:00:00,971.7371700318458,971.7371700318458,0
2026-01-21T17:15:00,971.7371700318458,971.7371700318458,0
2026-01-21T17:30:00,971.7371700318458,971.7371700318458,0
2026-01-21T17:45:00,971.7371700318458,971.7371700318458,0
2026-01-21T18:00:00,971.7371700318458,971.7371700318458,0
2026-01-21T18:15:00,971.7371700318458,971.7371700318458,0
2026-01-21T18:30:00,971.7371700318458,971.7371700318458,0
2026-01-21T18:45:00,971.7371700318458,971.7371700318458,0
2026-01-21T19:00:00,971.7371700318458,971.7371700318458,0
2026-01-21T19:15:00,971.7371700318458,971.7371700318458,0
2026-01-21T19:30:00,971.7371700318458,971.7371700318458,0
2026-01-21T19:45:00,971.7371700318458,971.7371700318458,0
2026-01-21T20:00:00,971.7371700318458,971.7371700318458,0
2026-01-21T20:15:00,971.7371700318458,971.7371700318458,0
2026-01-21T20:30:00,971.7371700318458,971.7371700318458,0
2026-01-21T20:45:00,971.7371700318458,971.7371700318458,0
2026-01-21T21:00:00,971.7371700318458,971.7371700318458,0
2026-01-21T21:15:00,971.7371700318458,971.7371700318458,0
2026-01-21T21:30:00,971.7371700318458,971.7371700318458,0
2026-01-21T21:45:00,971.7371700318458,971.7371700318458,0
2026-01-21T22:00:00,971.7371700318458,971.7371700318458,0
2026-01-21T22:15:00,971.7371700318458,971.7371700318458,0
2026-01-21T22:30:00,971.7371700318458,971.7371700318458,0
2026-01-21T22:45:00,971.7371700318458,971.7371700318458,0
2026-01-21T23:00:00,971.7371700318458,971.7371700318458,0
2026-01-21T23:15:00,971.7371700318458,971.7371700318458,0
2026-01-21T23:30:00,971.7371700318458,971.7371700318458,0
2026-01-21T23:45:00,971.7371700318458,971.7371700318458,0
2026-01-22T00:00:00,971.7371700318458,971.7371700318458,0
2026-01-22T00:15:00,971.7371700318458,971.7371700318458,0
2026-01-22T00:30:00,971.7371700318458,971.7371700318458,0
2026-01-22T00:45:00,971.7371700318458,971.7371700318458,0
2026-01-22T01:00:00,971.7371700318458,971.7371700318458,0
2026-01-22T01:15:00,971.7371700318458,971.7371700318458,0
2026-01-22T01:30:00,971.7371700318458,971.7371700318458,0
2026-01-22T01:45:00,971.7371700318458,971.7371700318458,0
2026-01-22T02:00:00,971.7371700318458,971.7371700318458,0
2026-01-22T02:15:00,971.7371700318458,971.7371700318458,0
2026-01-22T02:30:00,971.7371700318458,971.7371700318458,0
2026-01-22T02:45:00,971.7371700318458,971.7371700318458,0
2026-01-22T03:00:00,971.7371700318458,971.7371700318458,0
2026-01-22T03:15:00,971.7371700318458,971.7371700318458,0
2026-01-22T03:30:00,971.7371700318458,971.7371700318458,0
2026-01-22T03:45:00,971.7371700318458,971.7371700318458,0
2026-01-22T04:00:00,971.7371700318458,971.7371700318458,0
2026-01-22T04:15:00,971.7371700318458,971.7371700318458,0
2026-01-22T04:30:00,971.7371700318458,971.7371700318458,0
2026-01-22T04:45:00,971.7371700318458,971.7371700318458,0
2026-01-22T05:00:00,971.7371700318458,971.7371700318458,0
2026-01-22T05:15:00,971.7371700318458,971.7371700318458,0
2026-01-22T05:30:00,971.7371700318458,971.7371700318458,0
2026-01-22T05:45:00,971.7371700318458,971.7371700318458,0
2026-01-22T06:00:00,971.7371700318458,971.7371700318458,0
2026-01-22T06:15:00,971.7371700318458,971.7371700318458,0
2026-01-22T06:30:00,971.7371700318458,971.7371700318458,0
2026-01-22T06:45:00,971.7371700318458,971.7371700318458,0
2026-01-22T07:00:00,971.7371700318458,971.7371700318458,0
2026-01-22T07:15:00,971.7371700318458,971.7371700318458,0
2026-01-22T07:30:00,971.7371700318458,971.7371700318458,0
2026-01-22T07:45:00,971.7371700318458,971.7371700318458,0
2026-01-22T08:00:00,971.7371700318458,971.7371700318458,0
2026-01-22T08:15:00,971.7371700318458,971.7371700318458,0
2026-01-22T08:30:00,971.7371700318458,971.7371700318458,0
2026-01-22T08:45:00,971.7371700318458,971.7371700318458,0
2026-01-22T09:00:00,971.7371700318458,971.7371700318458,0
2026-01-22T09:15:00,971.7371700318458,971.7371700318458,0
2026-01-22T09:30:00,971.7371700318458,971.7371700318458,0
2026-01-22T09:45:00,971.7371700318458,971.7371700318458,0
2026-01-22T10:00:00,971.7371700318458,971.7371700318458,0
2026-01-22T10:15:00,971.7371700318458,971.7371700318458,0
2026-01-22T10:30:00,971.7371700318458,971.7371700318458,0
2026-01-22T10:45:00,971.7371700318458,971.7371700318458,0
2026-01-22T11:00:00,971.7371700318458,971.7371700318458,0
2026-01-22T11:15:00,971.7371700318458,971.7371700318458,0
2026-01-22T11:30:00,971.7371700318458,971.7371700318458,0
2026-01-22T11:45:00,971.7371700318458,971.7371700318458,0
2026-01-22T12:00:00,971.7371700318458,971.7371700318458,0
2026-01-22T12:15:00,971.7371700318458,971.7371700318458,0
2026-01-22T12:30:00,971.7371700318458,971.7371700318458,0
2026-01-22T12:45:00,971.7371700318458,971.7371700318458,0
2026-01-22T13:00:00,971.7371700318458,971.7371700318458,0
2026-01-22T13:15:00,971.7371700318458,971.7371700318458,0
2026-01-22T13:30:00,971.7371700318458,971.7371700318458,0
2026-01-22T13:45:00,971.7371700318458,971.7371700318458,0
2026-01-22T14:00:00,971.7371700318458,971.7371700318458,0
2026-01-22T14:15:00,971.7371700318458,971.7371700318458,0
2026-01-22T14:30:00,971.7371700318458,971.7371700318458,0
2026-01-22T14:45:00,971.7371700318458,971.7371700318458,0
2026-01-22T15:00:00,971.7371700318458,971.7371700318458,0
2026-01-22T15:15:00,971.7371700318458,971.7371700318458,0
2026-01-22T15:30:00,971.7371700318458,971.7371700318458,0
2026-01-22T15:45:00,971.7371700318458,971.7371700318458,0
2026-01-22T16:00:00,971.7371700318458,971.7371700318458,0
2026-01-22T16:15:00,971.7371700318458,971.7371700318458,0
2026-01-22T16:30:00,971.7371700318458,971.7371700318458,0
2026-01-22T16:45:00,971.7371700318458,971.7371700318458,0
2026-01-22T17:00:00,971.7371700318458,971.7371700318458,0
2026-01-22T17:15:00,971.7371700318458,971.7371700318458,0
2026-01-22T17:30:00,971.7371700318458,971.7371700318458,0
2026-01-22T17:45:00,971.7371700318458,971.7371700318458,0
2026-01-22T18:00:00,971.7371700318458,971.7371700318458,0
2026-01-22T18:15:00,971.7371700318458,971.7371700318458,0
2026-01-22T18:30:00,971.7371700318458,971.7371700318458,0
2026-01-22T18:45:00,971.7371700318458,971.7371700318458,0
2026-01-22T19:00:00,971.7371700318458,971.7371700318458,0
2026-01-22T19:15:00,971.7371700318458,971.7371700318458,0
2026-01-22T19:30:00,971.7371700318458,971.7371700318458,0
2026-01-22T19:45:00,971.7371700318458,971.7371700318458,0
2026-01-22T20:00:00,971.7371700318458,971.7371700318458,0
2026-01-22T20:15:00,971.7371700318458,971.7371700318458,0
2026-01-22T20:30:00,971.7371700318458,971.7371700318458,0
2026-01-22T20:45:00,971.7371700318458,971.7371700318458,0
2026-01-22T21:00:00,971.7371700318458,971.7371700318458,0
2026-01-22T21:15:00,971.7371700318458,971.7371700318458,0
2026-01-22T21:30:00,971.7371700318458,971.7371700318458,0
2026-01-22T21:45:00,971.7371700318458,971.7371700318458,0
2026-01-22T22:00:00,971.7371700318458,971.7371700318458,0
2026-01-22T22:15:00,971.7371700318458,971.7371700318458,0
2026-01-22T22:30:00,971.7371700318458,971.7371700318458,0
2026-01-22T22:45:00,971.7371700318458,971.7371700318458,0
2026-01-22T23:00:00,971.7371700318458,971.7371700318458,0
2026-01-22T23:15:00,971.7371700318458,971.7371700318458,0
2026-01-22T23:30:00,971.7371700318458,971.7371700318458,0
2026-01-22T23:45:00,971.7371700318458,971.7371700318458,0
2026-01-23T00:00:00,971.7371700318458,971.7371700318458,0
2026-01-23T00:15:00,971.7371700318458,971.7371700318458,0
2026-01-23T00:30:00,971.7371700318458,971.7371700318458,0
2026-01-23T00:45:00,971.7371700318458,971.7371700318458,0
2026-01-23T01:00:00,971.7371700318458,971.7371700318458,0
2026-01-23T01:15:00,971.7371700318458,971.7371700318458,0
2026-01-23T01:30:00,971.7371700318458,971.7371700318458,0
2026-01-23T01:45:00,971.7371700318458,971.7371700318458,0
2026-01-23T02:00:00,971.7371700318458,971.7371700318458,0
2026-01-23T02:15:00,971.7371700318458,971.7371700318458,0
2026-01-23T02:30:00,971.7371700318458,971.7371700318458,0
2026-01-23T02:45:00,971.7371700318458,971.7371700318458,0
2026-01-23T03:00:00,971.7371700318458,971.7371700318458,0
2026-01-23T03:15:00,971.7371700318458,971.7371700318458,0
2026-01-23T03:30:00,971.7371700318458,971.7371700318458,0
2026-01-23T03:45:00,971.7371700318458,971.7371700318458,0
2026-01-23T04:00:00,971.7371700318458,971.7371700318458,0
2026-01-23T04:15:00,971.7371700318458,971.7371700318458,0
2026-01-23T04:30:00,971.7371700318458,971.7371700318458,0
2026-01-23T04:45:00,971.7371700318458,971.7371700318458,0
2026-01-23T05:00:00,971.7371700318458,971.7371700318458,0
2026-01-23T05:15:00,971.7371700318458,971.7371700318458,0
2026-01-23T05:30:00,971.7371700318458,971.7371700318458,0
2026-01-23T05:45:00,971.7371700318458,971.7371700318458,0
2026-01-23T06:00:00,971.7371700318458,971.7371700318458,0
2026-01-23T06:15:00,971.7371700318458,971.7371700318458,0
2026-01-23T06:30:00,971.7371700318458,971.7371700318458,0
2026-01-23T06:45:00,971.7371700318458,971.7371700318458,0
2026-01-23T07:00:00,970.7020154547554,835.4762971013002,1
2026-01-23T07:15:00,969.694218474108,835.4762971013002,1
2026-01-23T07:30:00,969.4830257244871,835.4762971013002,1
2026-01-23T07:45:00,969.4645000446958,835.4762971013002,1
2026-01-23T08:00:00,969.8109302567933,835.4762971013002,1
2026-01-23T08:15:00,971.5430813172811,835.4762971013002,1
2026-01-23T08:30:00,972.1970378139144,835.4762971013002,1
2026-01-23T08:45:00,973.3271042811846,835.4762971013002,1
2026-01-23T09:00:00,973.2604118339358,835.4762971013002,1
2026-01-23T09:15:00,973.0658921961269,835.4762971013002,1
2026-01-23T09:30:00,974.0107018654841,835.4762971013002,1
2026-01-23T09:45:00,974.5257157636825,835.4762971013002,1
2026-01-23T10:00:00,973.7902462759674,835.4762971013002,1
2026-01-23T10:15:00,973.4567840397237,835.4762971013002,1
2026-01-23T10:30:00,973.0177254286696,835.4762971013002,1
2026-01-23T10:45:00,972.713904280092,835.4762971013002,1
2026-01-23T11:00:00,970.7574770950764,970.7574770950764,0
2026-01-23T11:15:00,970.7574770950764,970.7574770950764,0
2026-01-23T11:30:00,970.7574770950764,970.7574770950764,0
2026-01-23T11:45:00,970.7574770950764,970.7574770950764,0
2026-01-23T12:00:00,970.7574770950764,970.7574770950764,0
2026-01-23T12:15:00,970.7574770950764,970.7574770950764,0
2026-01-23T12:30:00,970.7574770950764,970.7574770950764,0
2026-01-23T12:45:00,970.7574770950764,970.7574770950764,0
2026-01-23T13:00:00,970.7574770950764,970.7574770950764,0
2026-01-23T13:15:00,970.7574770950764,970.7574770950764,0
2026-01-23T13:30:00,970.7574770950764,970.7574770950764,0
2026-01-23T13:45:00,970.7574770950764,970.7574770950764,0
2026-01-23T14:00:00,970.7574770950764,970.7574770950764,0
2026-01-23T14:15:00,970.7574770950764,970.7574770950764,0
2026-01-23T14:30:00,970.7574770950764,970.7574770950764,0
2026-01-23T14:45:00,970.7574770950764,970.7574770950764,0
2026-01-23T15:00:00,970.7574770950764,970.7574770950764,0
2026-01-23T15:15:00,970.7574770950764,970.7574770950764,0
2026-01-23T15:30:00,970.7574770950764,970.7574770950764,0
2026-01-23T15:45:00,970.7574770950764,970.7574770950764,0
2026-01-23T16:00:00,970.7574770950764,970.7574770950764,0
2026-01-23T16:15:00,970.7574770950764,970.7574770950764,0
2026-01-23T16:30:00,970.7574770950764,970.7574770950764,0
2026-01-23T16:45:00,970.7574770950764,970.7574770950764,0
2026-01-23T17:00:00,970.7574770950764,970.7574770950764,0
2026-01-23T17:15:00,970.7574770950764,970.7574770950764,0
2026-01-23T17:30:00,970.7574770950764,970.7574770950764,0
2026-01-23T17:45:00,970.7574770950764,970.7574770950764,0
2026-01-23T18:00:00,970.7574770950764,970.7574770950764,0
2026-01-23T18:15:00,970.7574770950764,970.7574770950764,0
2026-01-23T18:30:00,970.7574770950764,970.7574770950764,0
2026-01-23T18:45:00,970.7574770950764,970.7574770950764,0
2026-01-23T19:00:00,970.7574770950764,970.7574770950764,0
2026-01-23T19:15:00,970.7574770950764,970.7574770950764,0
2026-01-23T19:30:00,970.7574770950764,970.7574770950764,0
2026-01-23T19:45:00,970.7574770950764,970.7574770950764,0
2026-01-23T20:00:00,970.7574770950764,970.7574770950764,0
2026-01-23T20:15:00,970.7574770950764,970.7574770950764,0
2026-01-23T20:30:00,970.7574770950764,970.7574770950764,0
2026-01-23T20:45:00,970.7574770950764,970.7574770950764,0
2026-01-23T21:00:00,970.7574770950764,970.7574770950764,0
2026-01-23T21:15:00,970.7574770950764,970.7574770950764,0
2026-01-23T21:30:00,970.7574770950764,970.7574770950764,0
2026-01-23T21:45:00,970.7574770950764,970.7574770950764,0
2026-01-23T22:00:00,970.7574770950764,970.7574770950764,0
2026-01-23T22:15:00,970.7574770950764,970.7574770950764,0
2026-01-23T22:30:00,970.7574770950764,970.7574770950764,0
2026-01-23T22:45:00,970.7574770950764,970.7574770950764,0
2026-01-23T23:00:00,970.7574770950764,970.7574770950764,0
2026-01-23T23:15:00,970.7574770950764,970.7574770950764,0
2026-01-23T23:30:00,970.7574770950764,970.7574770950764,0
2026-01-23T23:45:00,970.7574770950764,970.7574770950764,0
2026-01-24T00:00:00,970.7574770950764,970.7574770950764,0
2026-01-24T00:15:00,970.7574770950764,970.7574770950764,0
2026-01-24T00:30:00,970.7574770950764,970.7574770950764,0
2026-01-24T00:45:00,970.7574770950764,970.7574770950764,0
2026-01-24T01:00:00,970.7574770950764,970.7574770950764,0
2026-01-24T01:15:00,970.7574770950764,970.7574770950764,0
2026-01-24T01:30:00,970.7574770950764,970.7574770950764,0
2026-01-24T01:45:00,970.7574770950764,970.7574770950764,0
2026-01-24T02:00:00,970.7574770950764,970.7574770950764,0
2026-01-24T02:15:00,970.7574770950764,970.7574770950764,0
2026-01-24T02:30:00,970.7574770950764,970.7574770950764,0
2026-01-24T02:45:00,970.7574770950764,970.7574770950764,0
2026-01-24T03:00:00,970.7574770950764,970.7574770950764,0
2026-01-24T03:15:00,970.7574770950764,970.7574770950764,0
2026-01-24T03:30:00,970.7574770950764,970.7574770950764,0
2026-01-24T03:45:00,970.7574770950764,970.7574770950764,0
2026-01-24T04:00:00,970.7574770950764,970.7574770950764,0
2026-01-24T04:15:00,970.7574770950764,970.7574770950764,0
2026-01-24T04:30:00,970.7574770950764,970.7574770950764,0
2026-01-24T04:45:00,970.7574770950764,970.7574770950764,0
2026-01-24T05:00:00,970.7574770950764,970.7574770950764,0
2026-01-24T05:15:00,970.7574770950764,970.7574770950764,0
2026-01-24T05:30:00,970.7574770950764,970.7574770950764,0
2026-01-24T05:45:00,970.7574770950764,970.7574770950764,0
2026-01-24T06:00:00,970.7574770950764,970.7574770950764,0
2026-01-24T06:15:00,970.7574770950764,970.7574770950764,0
2026-01-24T06:30:00,970.7574770950764,970.7574770950764,0
2026-01-24T06:45:00,970.7574770950764,970.7574770950764,0
2026-01-24T07:00:00,970.7574770950764,970.7574770950764,0
2026-01-24T07:15:00,970.7574770950764,970.7574770950764,0
2026-01-24T07:30:00,970.7574770950764,970.7574770950764,0
2026-01-24T07:45:00,970.7574770950764,970.7574770950764,0
2026-01-24T08:00:00,970.7574770950764,970.7574770950764,0
2026-01-24T08:15:00,970.7574770950764,970.7574770950764,0
2026-01-24T08:30:00,970.7574770950764,970.7574770950764,0
2026-01-24T08:45:00,970.7574770950764,970.7574770950764,0
2026-01-24T09:00:00,970.7574770950764,970.7574770950764,0
2026-01-24T09:15:00,970.7574770950764,970.7574770950764,0
2026-01-24T09:30:00,970.7574770950764,970.7574770950764,0
2026-01-24T09:45:00,970.7574770950764,970.7574770950764,0
2026-01-24T10:00:00,970.7574770950764,970.7574770950764,0
2026-01-24T10:15:00,970.7574770950764,970.7574770950764,0
2026-01-24T10:30:00,970.7574770950764,970.7574770950764,0
2026-01-24T10:45:00,970.7574770950764,970.7574770950764,0
2026-01-24T11:00:00,970.7574770950764,970.7574770950764,0
2026-01-24T11:15:00,970.7574770950764,970.7574770950764,0
2026-01-24T11:30:00,970.7574770950764,970.7574770950764,0
2026-01-24T11:45:00,970.7574770950764,970.7574770950764,0
2026-01-24T12:00:00,970.7574770950764,970.7574770950764,0
2026-01-24T12:15:00,970.7574770950764,970.7574770950764,0
2026-01-24T12:30:00,970.7574770950764,970.7574770950764,0
2026-01-24T12:45:00,970.7574770950764,970.7574770950764,0
2026-01-24T13:00:00,970.7574770950764,970.7574770950764,0
2026-01-24T13:15:00,970.7574770950764,970.7574770950764,0
2026-01-24T13:30:00,970.7574770950764,970.7574770950764,0
2026-01-24T13:45:00,970.7574770950764,970.7574770950764,0
2026-01-24T14:00:00,970.7574770950764,970.7574770950764,0
2026-01-24T14:15:00,970.7574770950764,970.7574770950764,0
2026-01-24T14:30:00,970.7574770950764,970.7574770950764,0
2026-01-24T14:45:00,970.7574770950764,970.7574770950764,0
2026-01-24T15:00:00,970.7574770950764,970.7574770950764,0
2026-01-24T15:15:00,970.7574770950764,970.7574770950764,0
2026-01-24T15:30:00,970.7574770950764,970.7574770950764,0
2026-01-24T15:45:00,970.7574770950764,970.7574770950764,0
2026-01-24T16:00:00,970.7574770950764,970.7574770950764,0
2026-01-24T16:15:00,970.7574770950764,970.7574770950764,0
2026-01-24T16:30:00,970.7574770950764,970.7574770950764,0
2026-01-24T16:45:00,970.7574770950764,970.7574770950764,0
2026-01-24T17:00:00,970.7574770950764,970.7574770950764,0
2026-01-24T17:15:00,970.7574770950764,970.7574770950764,0
2026-01-24T17:30:00,970.7574770950764,970.7574770950764,0
2026-01-24T17:45:00,970.7574770950764,970.7574770950764,0
2026-01-24T18:00:00,970.7574770950764,970.7574770950764,0
2026-01-24T18:15:00,970.7574770950764,970.7574770950764,0
2026-01-24T18:30:00,970.7574770950764,970.7574770950764,0
2026-01-24T18:45:00,970.7574770950764,970.7574770950764,0
2026-01-24T19:00:00,970.7574770950764,970.7574770950764,0
2026-01-24T19:15:00,970.7574770950764,970.7574770950764,0
2026-01-24T19:30:00,970.7574770950764,970.7574770950764,0
2026-01-24T19:45:00,970.7574770950764,970.7574770950764,0
2026-01-24T20:00:00,970.7574770950764,970.7574770950764,0
2026-01-24T20:15:00,970.7574770950764,970.7574770950764,0
2026-01-24T20:30:00,970.7574770950764,970.7574770950764,0
2026-01-24T20:45:00,970.7574770950764,970.7574770950764,0
2026-01-24T21:00:00,970.7574770950764,970.7574770950764,0
2026-01-24T21:15:00,970.7574770950764,970.7574770950764,0
2026-01-24T21:30:00,970.7574770950764,970.7574770950764,0
2026-01-24T21:45:00,970.7574770950764,970.7574770950764,0
2026-01-24T22:00:00,970.7574770950764,970.7574770950764,0
2026-01-24T22:15:00,970.7574770950764,970.7574770950764,0
2026-01-24T22:30:00,970.7574770950764,970.7574770950764,0
2026-01-24T22:45:00,970.7574770950764,970.7574770950764,0
2026-01-24T23:00:00,970.7574770950764,970.7574770950764,0
2026-01-24T23:15:00,970.7574770950764,970.7574770950764,0
2026-01-24T23:30:00,970.7574770950764,970.7574770950764,0
2026-01-24T23:45:00,970.7574770950764,970.7574770950764,0
2026-01-25T00:00:00,970.7574770950764,970.7574770950764,0
2026-01-25T00:15:00,970.7574770950764,970.7574770950764,0
2026-01-25T00:30:00,970.7574770950764,970.7574770950764,0
2026-01-25T00:45:00,970.7574770950764,970.7574770950764,0
2026-01-25T01:00:00,970.7574770950764,970.7574770950764,0
2026-01-25T01:15:00,970.7574770950764,970.7574770950764,0
2026-01-25T01:30:00,970.7574770950764,970.7574770950764,0
2026-01-25T01:45:00,970.7574770950764,970.7574770950764,0
2026-01-25T02:00:00,970.7574770950764,970.7574770950764,0
2026-01-25T02:15:00,970.7574770950764,970.7574770950764,0
2026-01-25T02:30:00,970.7574770950764,970.7574770950764,0
2026-01-25T02:45:00,970.7574770950764,970.7574770950764,0
2026-01-25T03:00:00,970.7574770950764,970.7574770950764,0
2026-01-25T03:15:00,970.7574770950764,970.7574770950764,0
2026-01-25T03:30:00,970.7574770950764,970.7574770950764,0
2026-01-25T03:45:00,970.7574770950764,970.7574770950764,0
2026-01-25T04:00:00,970.7574770950764,970.7574770950764,0
2026-01-25T04:15:00,970.7574770950764,970.7574770950764,0
2026-01-25T04:30:00,970.7574770950764,970.7574770950764,0
2026-01-25T04:45:00,970.7574770950764,970.7574770950764,0
2026-01-25T05:00:00,970.7574770950764,970.7574770950764,0
2026-01-25T05:15:00,970.7574770950764,970.7574770950764,0
2026-01-25T05:30:00,970.7574770950764,970.7574770950764,0
2026-01-25T05:45:00,970.7574770950764,970.7574770950764,0
2026-01-25T06:00:00,970.7574770950764,970.7574770950764,0
2026-01-25T06:15:00,970.7574770950764,970.7574770950764,0
2026-01-25T06:30:00,970.7574770950764,970.7574770950764,0
2026-01-25T06:45:00,970.7574770950764,970.7574770950764,0
2026-01-25T07:00:00,970.7574770950764,970.7574770950764,0
2026-01-25T07:15:00,970.7574770950764,970.7574770950764,0
2026-01-25T07:30:00,970.7574770950764,970.7574770950764,0
2026-01-25T07:45:00,970.7574770950764,970.7574770950764,0
2026-01-25T08:00:00,970.7574770950764,970.7574770950764,0
2026-01-25T08:15:00,970.7574770950764,970.7574770950764,0
2026-01-25T08:30:00,969.7233661475382,834.6339806268963,1
2026-01-25T08:45:00,969.8282263300044,834.6339806268963,1
2026-01-25T09:00:00,969.4584107893728,834.6339806268963,1
2026-01-25T09:15:00,968.8145162533007,834.6339806268963,1
2026-01-25T09:30:00,968.6694011036678,834.6339806268963,1
2026-01-25T09:45:00,969.2218126821975,834.6339806268963,1
2026-01-25T10:00:00,968.7193961700876,834.6339806268963,1
2026-01-25T10:15:00,967.3844841415155,967.3844841415155,0
2026-01-25T10:30:00,967.3844841415155,967.3844841415155,0
2026-01-25T10:45:00,967.3844841415155,967.3844841415155,0
2026-01-25T11:00:00,967.3844841415155,967.3844841415155,0
2026-01-25T11:15:00,967.3844841415155,967.3844841415155,0
2026-01-25T11:30:00,967.3844841415155,967.3844841415155,0
2026-01-25T11:45:00,967.3844841415155,967.3844841415155,0
2026-01-25T12:00:00,967.3844841415155,967.3844841415155,0
2026-01-25T12:15:00,967.3844841415155,967.3844841415155,0
2026-01-25T12:30:00,967.3844841415155,967.3844841415155,0
2026-01-25T12:45:00,967.3844841415155,967.3844841415155,0
2026-01-25T13:00:00,967.3844841415155,967.3844841415155,0
2026-01-25T13:15:00,967.3844841415155,967.3844841415155,0
2026-01-25T13:30:00,967.3844841415155,967.3844841415155,0
2026-01-25T13:45:00,967.3844841415155,967.3844841415155,0
2026-01-25T14:00:00,967.3844841415155,967.3844841415155,0
2026-01-25T14:15:00,967.3844841415155,967.3844841415155,0
2026-01-25T14:30:00,967.3844841415155,967.3844841415155,0
2026-01-25T14:45:00,967.3844841415155,967.3844841415155,0
2026-01-25T15:00:00,967.3844841415155,967.3844841415155,0
2026-01-25T15:15:00,967.3844841415155,967.3844841415155,0
2026-01-25T15:30:00,967.3844841415155,967.3844841415155,0
2026-01-25T15:45:00,967.3844841415155,967.3844841415155,0
2026-01-25T16:00:00,967.3844841415155,967.3844841415155,0
2026-01-25T16:15:00,967.3844841415155,967.3844841415155,0
2026-01-25T16:30:00,967.3844841415155,967.3844841415155,0
2026-01-25T16:45:00,967.3844841415155,967.3844841415155,0
2026-01-25T17:00:00,966.3539663148356,831.7339622372556,1
2026-01-25T17:15:00,966.4292195011652,831.7339622372556,1
2026-01-25T17:30:00,964.7303788197737,831.7339622372556,1
2026-01-25T17:45:00,966.2504931836324,831.7339622372556,1
2026-01-25T18:00:00,968.7639496070423,831.7339622372556,1
2026-01-25T18:15:00,971.7270438187718,831.7339622372556,1
2026-01-25T18:30:00,975.0513533248836,831.7339622372556,1
2026-01-25T18:45:00,973.0646692057811,831.7339622372556,1
2026-01-25T19:00:00,972.8257403391846,831.7339622372556,1
2026-01-25T19:15:00,978.2044618320955,831.7339622372556,1
2026-01-25T19:30:00,977.4895565619639,831.7339622372556,1
2026-01-25T19:45:00,979.6925935917641,831.7339622372556,1
2026-01-25T20:00:00,981.2823171529776,831.7339622372556,1
2026-01-25T20:15:00,981.1092348244196,831.7339622372556,1
2026-01-25T20:30:00,982.4280469148464,831.7339622372556,1
2026-01-25T20:45:00,980.3021444010342,831.7339622372556,1
2026-01-25T21:00:00,978.8290632786315,831.7339622372556,1
2026-01-25T21:15:00,978.0577181187526,831.7339622372556,1
2026-01-25T21:30:00,980.0923314279445,980.0923314279445,0
2026-01-25T21:45:00,980.0923314279445,980.0923314279445,0
2026-01-25T22:00:00,980.0923314279445,980.0923314279445,0
2026-01-25T22:15:00,980.0923314279445,980.0923314279445,0
2026-01-25T22:30:00,980.0923314279445,980.0923314279445,0
2026-01-25T22:45:00,980.0923314279445,980.0923314279445,0
2026-01-25T23:00:00,980.0923314279445,980.0923314279445,0
2026-01-25T23:15:00,980.0923314279445,980.0923314279445,0
2026-01-25T23:30:00,980.0923314279445,980.0923314279445,0
2026-01-25T23:45:00,980.0923314279445,980.0923314279445,0
2026-01-26T00:00:00,980.0923314279445,980.0923314279445,0
2026-01-26T00:15:00,980.0923314279445,980.0923314279445,0
2026-01-26T00:30:00,980.0923314279445,980.0923314279445,0
2026-01-26T00:45:00,980.0923314279445,980.0923314279445,0
2026-01-26T01:00:00,980.0923314279445,980.0923314279445,0
2026-01-26T01:15:00,980.0923314279445,980.0923314279445,0
2026-01-26T01:30:00,980.0923314279445,980.0923314279445,0
2026-01-26T01:45:00,980.0923314279445,980.0923314279445,0
2026-01-26T02:00:00,980.0923314279445,980.0923314279445,0
2026-01-26T02:15:00,980.0923314279445,980.0923314279445,0
2026-01-26T02:30:00,980.0923314279445,980.0923314279445,0
2026-01-26T02:45:00,980.0923314279445,980.0923314279445,0
2026-01-26T03:00:00,980.0923314279445,980.0923314279445,0
2026-01-26T03:15:00,980.0923314279445,980.0923314279445,0
2026-01-26T03:30:00,980.0923314279445,980.0923314279445,0
2026-01-26T03:45:00,980.0923314279445,980.0923314279445,0
2026-01-26T04:00:00,980.0923314279445,980.0923314279445,0
2026-01-26T04:15:00,980.0923314279445,980.0923314279445,0
2026-01-26T04:30:00,980.0923314279445,980.0923314279445,0
2026-01-26T04:45:00,980.0923314279445,980.0923314279445,0
2026-01-26T05:00:00,980.0923314279445,980.0923314279445,0
2026-01-26T05:15:00,980.0923314279445,980.0923314279445,0
2026-01-26T05:30:00,980.0923314279445,980.0923314279445,0
2026-01-26T05:45:00,980.0923314279445,980.0923314279445,0
2026-01-26T06:00:00,980.0923314279445,980.0923314279445,0
2026-01-26T06:15:00,980.0923314279445,980.0923314279445,0
2026-01-26T06:30:00,980.0923314279445,980.0923314279445,0
2026-01-26T06:45:00,980.0923314279445,980.0923314279445,0
2026-01-26T07:00:00,980.0923314279445,980.0923314279445,0
2026-01-26T07:15:00,980.0923314279445,980.0923314279445,0
2026-01-26T07:30:00,980.0923314279445,980.0923314279445,0
2026-01-26T07:45:00,980.0923314279445,980.0923314279445,0
2026-01-26T08:00:00,980.0923314279445,980.0923314279445,0
2026-01-26T08:15:00,980.0923314279445,980.0923314279445,0
2026-01-26T08:30:00,980.0923314279445,980.0923314279445,0
2026-01-26T08:45:00,980.0923314279445,980.0923314279445,0
2026-01-26T09:00:00,980.0923314279445,980.0923314279445,0
2026-01-26T09:15:00,980.0923314279445,980.0923314279445,0
2026-01-26T09:30:00,980.0923314279445,980.0923314279445,0
2026-01-26T09:45:00,980.0923314279445,980.0923314279445,0
2026-01-26T10:00:00,980.0923314279445,980.0923314279445,0
2026-01-26T10:15:00,980.0923314279445,980.0923314279445,0
2026-01-26T10:30:00,980.0923314279445,980.0923314279445,0
2026-01-26T10:45:00,980.0923314279445,980.0923314279445,0
2026-01-26T11:00:00,980.0923314279445,980.0923314279445,0
2026-01-26T11:15:00,980.0923314279445,980.0923314279445,0
2026-01-26T11:30:00,980.0923314279445,980.0923314279445,0
2026-01-26T11:45:00,980.0923314279445,980.0923314279445,0
2026-01-26T12:00:00,980.0923314279445,980.0923314279445,0
2026-01-26T12:15:00,980.0923314279445,980.0923314279445,0
2026-01-26T12:30:00,980.0923314279445,980.0923314279445,0
2026-01-26T12:45:00,980.0923314279445,980.0923314279445,0
2026-01-26T13:00:00,980.0923314279445,980.0923314279445,0
2026-01-26T13:15:00,980.0923314279445,980.0923314279445,0
2026-01-26T13:30:00,980.0923314279445,980.0923314279445,0
2026-01-26T13:45:00,980.0923314279445,980.0923314279445,0
2026-01-26T14:00:00,980.0923314279445,980.0923314279445,0
2026-01-26T14:15:00,980.0923314279445,980.0923314279445,0
2026-01-26T14:30:00,980.0923314279445,980.0923314279445,0
2026-01-26T14:45:00,980.0923314279445,980.0923314279445,0
2026-01-26T15:00:00,980.0923314279445,980.0923314279445,0
2026-01-26T15:15:00,980.0923314279445,980.0923314279445,0
2026-01-26T15:30:00,980.0923314279445,980.0923314279445,0
2026-01-26T15:45:00,980.0923314279445,980.0923314279445,0
2026-01-26T16:00:00,980.0923314279445,980.0923314279445,0
2026-01-26T16:15:00,980.0923314279445,980.0923314279445,0
2026-01-26T16:30:00,980.0923314279445,980.0923314279445,0
2026-01-26T16:45:00,980.0923314279445,980.0923314279445,0
2026-01-26T17:00:00,980.0923314279445,980.0923314279445,0
2026-01-26T17:15:00,980.0923314279445,980.0923314279445,0
2026-01-26T17:30:00,980.0923314279445,980.0923314279445,0
2026-01-26T17:45:00,980.0923314279445,980.0923314279445,0
2026-01-26T18:00:00,980.0923314279445,980.0923314279445,0
2026-01-26T18:15:00,980.0923314279445,980.0923314279445,0
2026-01-26T18:30:00,980.0923314279445,980.0923314279445,0
2026-01-26T18:45:00,980.0923314279445,980.0923314279445,0
2026-01-26T19:00:00,980.0923314279445,980.0923314279445,0
2026-01-26T19:15:00,980.0923314279445,980.0923314279445,0
2026-01-26T19:30:00,980.0923314279445,980.0923314279445,0
2026-01-26T19:45:00,980.0923314279445,980.0923314279445,0
2026-01-26T20:00:00,980.0923314279445,980.0923314279445,0
2026-01-26T20:15:00,980.0923314279445,980.0923314279445,0
2026-01-26T20:30:00,980.0923314279445,980.0923314279445,0
2026-01-26T20:45:00,980.0923314279445,980.0923314279445,0
2026-01-26T21:00:00,980.0923314279445,980.0923314279445,0
2026-01-26T21:15:00,980.0923314279445,980.0923314279445,0
2026-01-26T21:30:00,980.0923314279445,980.0923314279445,0
2026-01-26T21:45:00,980.0923314279445,980.0923314279445,0
2026-01-26T22:00:00,980.0923314279445,980.0923314279445,0
2026-01-26T22:15:00,980.0923314279445,980.0923314279445,0
2026-01-26T22:30:00,980.0923314279445,980.0923314279445,0
2026-01-26T22:45:00,980.0923314279445,980.0923314279445,0
2026-01-26T23:00:00,980.0923314279445,980.0923314279445,0
2026-01-26T23:15:00,980.0923314279445,980.0923314279445,0
2026-01-26T23:30:00,980.0923314279445,980.0923314279445,0
2026-01-26T23:45:00,980.0923314279445,980.0923314279445,0
2026-01-27T00:00:00,980.0923314279445,980.0923314279445,0
2026-01-27T00:15:00,980.0923314279445,980.0923314279445,0
2026-01-27T00:30:00,980.0923314279445,980.0923314279445,0
2026-01-27T00:45:00,980.0923314279445,980.0923314279445,0
2026-01-27T01:00:00,980.0923314279445,980.0923314279445,0
2026-01-27T01:15:00,980.0923314279445,980.0923314279445,0
2026-01-27T01:30:00,980.0923314279445,980.0923314279445,0
2026-01-27T01:45:00,980.0923314279445,980.0923314279445,0
2026-01-27T02:00:00,980.0923314279445,980.0923314279445,0
2026-01-27T02:15:00,980.0923314279445,980.0923314279445,0
2026-01-27T02:30:00,980.0923314279445,980.0923314279445,0
2026-01-27T02:45:00,980.0923314279445,980.0923314279445,0
2026-01-27T03:00:00,980.0923314279445,980.0923314279445,0
2026-01-27T03:15:00,980.0923314279445,980.0923314279445,0
2026-01-27T03:30:00,980.0923314279445,980.0923314279445,0
2026-01-27T03:45:00,980.0923314279445,980.0923314279445,0
2026-01-27T04:00:00,980.0923314279445,980.0923314279445,0
2026-01-27T04:15:00,980.0923314279445,980.0923314279445,0
2026-01-27T04:30:00,980.0923314279445,980.0923314279445,0
2026-01-27T04:45:00,980.0923314279445,980.0923314279445,0
2026-01-27T05:00:00,980.0923314279445,980.0923314279445,0
2026-01-27T05:15:00,980.0923314279445,980.0923314279445,0
2026-01-27T05:30:00,980.0923314279445,980.0923314279445,0
2026-01-27T05:45:00,980.0923314279445,980.0923314279445,0
2026-01-27T06:00:00,980.0923314279445,980.0923314279445,0
2026-01-27T06:15:00,980.0923314279445,980.0923314279445,0
2026-01-27T06:30:00,980.0923314279445,980.0923314279445,0
2026-01-27T06:45:00,980.0923314279445,980.0923314279445,0
2026-01-27T07:00:00,980.0923314279445,980.0923314279445,0
2026-01-27T07:15:00,979.0507462540426,842.6598643457924,1
2026-01-27T07:30:00,978.1610580597151,978.1610580597151,0
2026-01-27T07:45:00,978.1610580597151,978.1610580597151,0
2026-01-27T08:00:00,978.1610580597151,978.1610580597151,0
2026-01-27T08:15:00,978.1610580597151,978.1610580597151,0
2026-01-27T08:30:00,978.1610580597151,978.1610580597151,0
2026-01-27T08:45:00,978.1610580597151,978.1610580597151,0
2026-01-27T09:00:00,978.1610580597151,978.1610580597151,0
2026-01-27T09:15:00,978.1610580597151,978.1610580597151,0
2026-01-27T09:30:00,978.1610580597151,978.1610580597151,0
2026-01-27T09:45:00,978.1610580597151,978.1610580597151,0
2026-01-27T10:00:00,978.1610580597151,978.1610580597151,0
2026-01-27T10:15:00,978.1610580597151,978.1610580597151,0
2026-01-27T10:30:00,978.1610580597151,978.1610580597151,0
2026-01-27T10:45:00,978.1610580597151,978.1610580597151,0
2026-01-27T11:00:00,978.1610580597151,978.1610580597151,0
2026-01-27T11:15:00,978.1610580597151,978.1610580597151,0
2026-01-27T11:30:00,978.1610580597151,978.1610580597151,0
2026-01-27T11:45:00,978.1610580597151,978.1610580597151,0
2026-01-27T12:00:00,978.1610580597151,978.1610580597151,0
2026-01-27T12:15:00,978.1610580597151,978.1610580597151,0
2026-01-27T12:30:00,978.1610580597151,978.1610580597151,0
2026-01-27T12:45:00,978.1610580597151,978.1610580597151,0
2026-01-27T13:00:00,978.1610580597151,978.1610580597151,0
2026-01-27T13:15:00,978.1610580597151,978.1610580597151,0
2026-01-27T13:30:00,978.1610580597151,978.1610580597151,0
2026-01-27T13:45:00,978.1610580597151,978.1610580597151,0
2026-01-27T14:00:00,978.1610580597151,978.1610580597151,0
2026-01-27T14:15:00,978.1610580597151,978.1610580597151,0
2026-01-27T14:30:00,978.1610580597151,978.1610580597151,0
2026-01-27T14:45:00,978.1610580597151,978.1610580597151,0
2026-01-27T15:00:00,978.1610580597151,978.1610580597151,0
2026-01-27T15:15:00,978.1610580597151,978.1610580597151,0
2026-01-27T15:30:00,978.1610580597151,978.1610580597151,0
2026-01-27T15:45:00,978.1610580597151,978.1610580597151,0
2026-01-27T16:00:00,978.1610580597151,978.1610580597151,0
2026-01-27T16:15:00,978.1610580597151,978.1610580597151,0
2026-01-27T16:30:00,978.1610580597151,978.1610580597151,0
2026-01-27T16:45:00,978.1610580597151,978.1610580597151,0
2026-01-27T17:00:00,977.1215253309172,840.9994018543496,1
2026-01-27T17:15:00,974.9207247203472,840.9994018543496,1
2026-01-27T17:30:00,969.6738157667619,969.6738157667619,0
2026-01-27T17:45:00,969.6738157667619,969.6738157667619,0
2026-01-27T18:00:00,969.6738157667619,969.6738157667619,0
2026-01-27T18:15:00,969.6738157667619,969.6738157667619,0
2026-01-27T18:30:00,969.6738157667619,969.6738157667619,0
2026-01-27T18:45:00,969.6738157667619,969.6738157667619,0
2026-01-27T19:00:00,969.6738157667619,969.6738157667619,0
2026-01-27T19:15:00,969.6738157667619,969.6738157667619,0
2026-01-27T19:30:00,969.6738157667619,969.6738157667619,0
2026-01-27T19:45:00,969.6738157667619,969.6738157667619,0
2026-01-27T20:00:00,969.6738157667619,969.6738157667619,0
2026-01-27T20:15:00,969.6738157667619,969.6738157667619,0
2026-01-27T20:30:00,969.6738157667619,969.6738157667619,0
2026-01-27T20:45:00,969.6738157667619,969.6738157667619,0
2026-01-27T21:00:00,969.6738157667619,969.6738157667619,0
2026-01-27T21:15:00,969.6738157667619,969.6738157667619,0
2026-01-27T21:30:00,969.6738157667619,969.6738157667619,0
2026-01-27T21:45:00,969.6738157667619,969.6738157667619,0
2026-01-27T22:00:00,969.6738157667619,969.6738157667619,0
2026-01-27T22:15:00,969.6738157667619,969.6738157667619,0
2026-01-27T22:30:00,969.6738157667619,969.6738157667619,0
2026-01-27T22:45:00,969.6738157667619,969.6738157667619,0
2026-01-27T23:00:00,969.6738157667619,969.6738157667619,0
2026-01-27T23:15:00,969.6738157667619,969.6738157667619,0
2026-01-27T23:30:00,969.6738157667619,969.6738157667619,0
2026-01-27T23:45:00,969.6738157667619,969.6738157667619,0
2026-01-28T00:00:00,969.6738157667619,969.6738157667619,0
2026-01-28T00:15:00,969.6738157667619,969.6738157667619,0
2026-01-28T00:30:00,969.6738157667619,969.6738157667619,0
2026-01-28T00:45:00,969.6738157667619,969.6738157667619,0
2026-01-28T01:00:00,969.6738157667619,969.6738157667619,0
2026-01-28T01:15:00,969.6738157667619,969.6738157667619,0
2026-01-28T01:30:00,969.6738157667619,969.6738157667619,0
2026-01-28T01:45:00,969.6738157667619,969.6738157667619,0
2026-01-28T02:00:00,969.6738157667619,969.6738157667619,0
2026-01-28T02:15:00,969.6738157667619,969.6738157667619,0
2026-01-28T02:30:00,969.6738157667619,969.6738157667619,0
2026-01-28T02:45:00,969.6738157667619,969.6738157667619,0
2026-01-28T03:00:00,969.6738157667619,969.6738157667619,0
2026-01-28T03:15:00,969.6738157667619,969.6738157667619,0
2026-01-28T03:30:00,969.6738157667619,969.6738157667619,0
2026-01-28T03:45:00,969.6738157667619,969.6738157667619,0
2026-01-28T04:00:00,969.6738157667619,969.6738157667619,0
2026-01-28T04:15:00,969.6738157667619,969.6738157667619,0
2026-01-28T04:30:00,969.6738157667619,969.6738157667619,0
2026-01-28T04:45:00,969.6738157667619,969.6738157667619,0
2026-01-28T05:00:00,969.6738157667619,969.6738157667619,0
2026-01-28T05:15:00,969.6738157667619,969.6738157667619,0
2026-01-28T05:30:00,969.6738157667619,969.6738157667619,0
2026-01-28T05:45:00,969.6738157667619,969.6738157667619,0
2026-01-28T06:00:00,969.6738157667619,969.6738157667619,0
2026-01-28T06:15:00,969.6738157667619,969.6738157667619,0
2026-01-28T06:30:00,969.6738157667619,969.6738157667619,0
2026-01-28T06:45:00,969.6738157667619,969.6738157667619,0
2026-01-28T07:00:00,969.6738157667619,969.6738157667619,0
2026-01-28T07:15:00,969.6738157667619,969.6738157667619,0
2026-01-28T07:30:00,969.6738157667619,969.6738157667619,0
2026-01-28T07:45:00,969.6738157667619,969.6738157667619,0
2026-01-28T08:00:00,969.6738157667619,969.6738157667619,0
2026-01-28T08:15:00,969.6738157667619,969.6738157667619,0
2026-01-28T08:30:00,969.6738157667619,969.6738157667619,0
2026-01-28T08:45:00,969.6738157667619,969.6738157667619,0
2026-01-28T09:00:00,969.6738157667619,969.6738157667619,0
2026-01-28T09:15:00,969.6738157667619,969.6738157667619,0
2026-01-28T09:30:00,969.6738157667619,969.6738157667619,0
2026-01-28T09:45:00,968.6433027858553,833.7022746246835,1
2026-01-28T10:00:00,968.6433633218247,833.7022746246835,1
2026-01-28T10:15:00,967.2741002293121,833.7022746246835,1
2026-01-28T10:30:00,968.1992714500942,833.7022746246835,1
2026-01-28T10:45:00,967.6536607576314,833.7022746246835,1
2026-01-28T11:00:00,967.2207680402452,833.7022746246835,1
2026-01-28T11:15:00,967.9752278272379,833.7022746246835,1
2026-01-28T11:30:00,969.2502969513191,833.7022746246835,1
2026-01-28T11:45:00,971.747284618323,833.7022746246835,1
2026-01-28T12:00:00,970.8323439763744,833.7022746246835,1
2026-01-28T12:15:00,970.4621059873471,833.7022746246835,1
2026-01-28T12:30:00,970.7103034620056,833.7022746246835,1
2026-01-28T12:45:00,971.2550666508965,833.7022746246835,1
2026-01-28T13:00:00,972.3481646508744,833.7022746246835,1
2026-01-28T13:15:00,972.1149195606648,833.7022746246835,1
2026-01-28T13:30:00,973.7787506804186,833.7022746246835,1
2026-01-28T13:45:00,972.8242800504329,833.7022746246835,1
2026-01-28T14:00:00,972.1694019331508,833.7022746246835,1
2026-01-28T14:15:00,971.3287389256915,833.7022746246835,1
2026-01-28T14:30:00,969.0773158766306,969.0773158766306,0
2026-01-28T14:45:00,969.0773158766306,969.0773158766306,0
2026-01-28T15:00:00,969.0773158766306,969.0773158766306,0
2026-01-28T15:15:00,969.0773158766306,969.0773158766306,0
2026-01-28T15:30:00,969.0773158766306,969.0773158766306,0
2026-01-28T15:45:00,969.0773158766306,969.0773158766306,0
2026-01-28T16:00:00,969.0773158766306,969.0773158766306,0
2026-01-28T16:15:00,969.0773158766306,969.0773158766306,0
2026-01-28T16:30:00,969.0773158766306,969.0773158766306,0
2026-01-28T16:45:00,969.0773158766306,969.0773158766306,0
2026-01-28T17:00:00,969.0773158766306,969.0773158766306,0
2026-01-28T17:15:00,969.0773158766306,969.0773158766306,0
2026-01-28T17:30:00,969.0773158766306,969.0773158766306,0
2026-01-28T17:45:00,969.0773158766306,969.0773158766306,0
2026-01-28T18:00:00,969.0773158766306,969.0773158766306,0
2026-01-28T18:15:00,969.0773158766306,969.0773158766306,0
2026-01-28T18:30:00,969.0773158766306,969.0773158766306,0
2026-01-28T18:45:00,969.0773158766306,969.0773158766306,0
2026-01-28T19:00:00,969.0773158766306,969.0773158766306,0
2026-01-28T19:15:00,969.0773158766306,969.0773158766306,0
2026-01-28T19:30:00,969.0773158766306,969.0773158766306,0
2026-01-28T19:45:00,969.0773158766306,969.0773158766306,0
2026-01-28T20:00:00,969.0773158766306,969.0773158766306,0
2026-01-28T20:15:00,968.0474368211428,833.1894183351459,1
2026-01-28T20:30:00,964.4033627800591,964.4033627800591,0
2026-01-28T20:45:00,964.4033627800591,964.4033627800591,0
2026-01-28T21:00:00,964.4033627800591,964.4033627800591,0
2026-01-28T21:15:00,964.4033627800591,964.4033627800591,0
2026-01-28T21:30:00,964.4033627800591,964.4033627800591,0
2026-01-28T21:45:00,964.4033627800591,964.4033627800591,0
2026-01-28T22:00:00,964.4033627800591,964.4033627800591,0
2026-01-28T22:15:00,964.4033627800591,964.4033627800591,0
2026-01-28T22:30:00,964.4033627800591,964.4033627800591,0
2026-01-28T22:45:00,964.4033627800591,964.4033627800591,0
2026-01-28T23:00:00,964.4033627800591,964.4033627800591,0
2026-01-28T23:15:00,964.4033627800591,964.4033627800591,0
2026-01-28T23:30:00,964.4033627800591,964.4033627800591,0
2026-01-28T23:45:00,964.4033627800591,964.4033627800591,0
2026-01-29T00:00:00,964.4033627800591,964.4033627800591,0
2026-01-29T00:15:00,964.4033627800591,964.4033627800591,0
2026-01-29T00:30:00,964.4033627800591,964.4033627800591,0
2026-01-29T00:45:00,964.4033627800591,964.4033627800591,0
2026-01-29T01:00:00,964.4033627800591,964.4033627800591,0
2026-01-29T01:15:00,964.4033627800591,964.4033627800591,0
2026-01-29T01:30:00,964.4033627800591,964.4033627800591,0
2026-01-29T01:45:00,964.4033627800591,964.4033627800591,0
2026-01-29T02:00:00,964.4033627800591,964.4033627800591,0
2026-01-29T02:15:00,964.4033627800591,964.4033627800591,0
2026-01-29T02:30:00,964.4033627800591,964.4033627800591,0
2026-01-29T02:45:00,964.4033627800591,964.4033627800591,0
2026-01-29T03:00:00,964.4033627800591,964.4033627800591,0
2026-01-29T03:15:00,964.4033627800591,964.4033627800591,0
2026-01-29T03:30:00,964.4033627800591,964.4033627800591,0
2026-01-29T03:45:00,964.4033627800591,964.4033627800591,0
2026-01-29T04:00:00,964.4033627800591,964.4033627800591,0
2026-01-29T04:15:00,964.4033627800591,964.4033627800591,0
2026-01-29T04:30:00,964.4033627800591,964.4033627800591,0
2026-01-29T04:45:00,964.4033627800591,964.4033627800591,0
2026-01-29T05:00:00,964.4033627800591,964.4033627800591,0
2026-01-29T05:15:00,964.4033627800591,964.4033627800591,0
2026-01-29T05:30:00,964.4033627800591,964.4033627800591,0
2026-01-29T05:45:00,964.4033627800591,964.4033627800591,0
2026-01-29T06:00:00,964.4033627800591,964.4033627800591,0
2026-01-29T06:15:00,964.4033627800591,964.4033627800591,0
2026-01-29T06:30:00,964.4033627800591,964.4033627800591,0
2026-01-29T06:45:00,964.4033627800591,964.4033627800591,0
2026-01-29T07:00:00,964.4033627800591,964.4033627800591,0
2026-01-29T07:15:00,964.4033627800591,964.4033627800591,0
2026-01-29T07:30:00,964.4033627800591,964.4033627800591,0
2026-01-29T07:45:00,964.4033627800591,964.4033627800591,0
2026-01-29T08:00:00,964.4033627800591,964.4033627800591,0
2026-01-29T08:15:00,964.4033627800591,964.4033627800591,0
2026-01-29T08:30:00,964.4033627800591,964.4033627800591,0
2026-01-29T08:45:00,964.4033627800591,964.4033627800591,0
2026-01-29T09:00:00,964.4033627800591,964.4033627800591,0
2026-01-29T09:15:00,964.4033627800591,964.4033627800591,0
2026-01-29T09:30:00,964.4033627800591,964.4033627800591,0
2026-01-29T09:45:00,964.4033627800591,964.4033627800591,0
2026-01-29T10:00:00,964.4033627800591,964.4033627800591,0
2026-01-29T10:15:00,964.4033627800591,964.4033627800591,0
2026-01-29T10:30:00,964.4033627800591,964.4033627800591,0
2026-01-29T10:45:00,964.4033627800591,964.4033627800591,0
2026-01-29T11:00:00,964.4033627800591,964.4033627800591,0
2026-01-29T11:15:00,963.3760206283634,829.1708656375881,1
2026-01-29T11:30:00,962.7509108054956,829.1708656375881,1
2026-01-29T11:45:00,962.4993873264716,829.1708656375881,1
2026-01-29T12:00:00,961.8650303168748,829.1708656375881,1
2026-01-29T12:15:00,962.1313492946647,829.1708656375881,1
2026-01-29T12:30:00,961.964899933546,829.1708656375881,1
2026-01-29T12:45:00,960.7622845702112,960.7622845702112,0
2026-01-29T13:00:00,960.7622845702112,960.7622845702112,0
2026-01-29T13:15:00,960.7622845702112,960.7622845702112,0
2026-01-29T13:30:00,960.7622845702112,960.7622845702112,0
2026-01-29T13:45:00,960.7622845702112,960.7622845702112,0
2026-01-29T14:00:00,960.7622845702112,960.7622845702112,0
2026-01-29T14:15:00,960.7622845702112,960.7622845702112,0
2026-01-29T14:30:00,960.7622845702112,960.7622845702112,0
2026-01-29T14:45:00,960.7622845702112,960.7622845702112,0
2026-01-29T15:00:00,960.7622845702112,960.7622845702112,0
2026-01-29T15:15:00,960.7622845702112,960.7622845702112,0
2026-01-29T15:30:00,960.7622845702112,960.7622845702112,0
2026-01-29T15:45:00,960.7622845702112,960.7622845702112,0
2026-01-29T16:00:00,960.7622845702112,960.7622845702112,0
2026-01-29T16:15:00,960.7622845702112,960.7622845702112,0
2026-01-29T16:30:00,960.7622845702112,960.7622845702112,0
2026-01-29T16:45:00,960.7622845702112,960.7622845702112,0
2026-01-29T17:00:00,960.7622845702112,960.7622845702112,0
2026-01-29T17:15:00,960.7622845702112,960.7622845702112,0
2026-01-29T17:30:00,960.7622845702112,960.7622845702112,0
2026-01-29T17:45:00,960.7622845702112,960.7622845702112,0
2026-01-29T18:00:00,960.7622845702112,960.7622845702112,0
2026-01-29T18:15:00,960.7622845702112,960.7622845702112,0
2026-01-29T18:30:00,960.7622845702112,960.7622845702112,0
2026-01-29T18:45:00,960.7622845702112,960.7622845702112,0
2026-01-29T19:00:00,960.7622845702112,960.7622845702112,0
2026-01-29T19:15:00,960.7622845702112,960.7622845702112,0
2026-01-29T19:30:00,960.7622845702112,960.7622845702112,0
2026-01-29T19:45:00,960.7622845702112,960.7622845702112,0
2026-01-29T20:00:00,960.7622845702112,960.7622845702112,0
2026-01-29T20:15:00,960.7622845702112,960.7622845702112,0
2026-01-29T20:30:00,960.7622845702112,960.7622845702112,0
2026-01-29T20:45:00,960.7622845702112,960.7622845702112,0
2026-01-29T21:00:00,960.7622845702112,960.7622845702112,0
2026-01-29T21:15:00,960.7622845702112,960.7622845702112,0
2026-01-29T21:30:00,960.7622845702112,960.7622845702112,0
2026-01-29T21:45:00,960.7622845702112,960.7622845702112,0
2026-01-29T22:00:00,960.7622845702112,960.7622845702112,0
2026-01-29T22:15:00,960.7622845702112,960.7622845702112,0
2026-01-29T22:30:00,960.7622845702112,960.7622845702112,0
2026-01-29T22:45:00,960.7622845702112,960.7622845702112,0
2026-01-29T23:00:00,960.7622845702112,960.7622845702112,0
2026-01-29T23:15:00,960.7622845702112,960.7622845702112,0
2026-01-29T23:30:00,960.7622845702112,960.7622845702112,0
2026-01-29T23:45:00,960.7622845702112,960.7622845702112,0
2026-01-30T00:00:00,960.7622845702112,960.7622845702112,0
2026-01-30T00:15:00,960.7622845702112,960.7622845702112,0
2026-01-30T00:30:00,960.7622845702112,960.7622845702112,0
2026-01-30T00:45:00,960.7622845702112,960.7622845702112,0
2026-01-30T01:00:00,960.7622845702112,960.7622845702112,0
2026-01-30T01:15:00,960.7622845702112,960.7622845702112,0
2026-01-30T01:30:00,960.7622845702112,960.7622845702112,0
2026-01-30T01:45:00,960.7622845702112,960.7622845702112,0
2026-01-30T02:00:00,960.7622845702112,960.7622845702112,0
2026-01-30T02:15:00,960.7622845702112,960.7622845702112,0
2026-01-30T02:30:00,960.7622845702112,960.7622845702112,0
2026-01-30T02:45:00,960.7622845702112,960.7622845702112,0
2026-01-30T03:00:00,960.7622845702112,960.7622845702112,0
2026-01-30T03:15:00,960.7622845702112,960.7622845702112,0
2026-01-30T03:30:00,960.7622845702112,960.7622845702112,0
2026-01-30T03:45:00,960.7622845702112,960.7622845702112,0
2026-01-30T04:00:00,960.7622845702112,960.7622845702112,0
2026-01-30T04:15:00,960.7622845702112,960.7622845702112,0
2026-01-30T04:30:00,960.7622845702112,960.7622845702112,0
2026-01-30T04:45:00,960.7622845702112,960.7622845702112,0
2026-01-30T05:00:00,960.7622845702112,960.7622845702112,0
2026-01-30T05:15:00,960.7622845702112,960.7622845702112,0
2026-01-30T05:30:00,960.7622845702112,960.7622845702112,0
2026-01-30T05:45:00,960.7622845702112,960.7622845702112,0
2026-01-30T06:00:00,960.7622845702112,960.7622845702112,0
2026-01-30T06:15:00,960.7622845702112,960.7622845702112,0
2026-01-30T06:30:00,959.7388211203814,826.0403539786379,1
2026-01-30T06:45:00,957.4677578779401,826.0403539786379,1
2026-01-30T07:00:00,951.6100548719268,951.6100548719268,0
2026-01-30T07:15:00,951.6100548719268,951.6100548719268,0
2026-01-30T07:30:00,951.6100548719268,951.6100548719268,0
2026-01-30T07:45:00,951.6100548719268,951.6100548719268,0
2026-01-30T08:00:00,951.6100548719268,951.6100548719268,0
2026-01-30T08:15:00,951.6100548719268,951.6100548719268,0
2026-01-30T08:30:00,951.6100548719268,951.6100548719268,0
2026-01-30T08:45:00,951.6100548719268,951.6100548719268,0
2026-01-30T09:00:00,951.6100548719268,951.6100548719268,0
2026-01-30T09:15:00,951.6100548719268,951.6100548719268,0
2026-01-30T09:30:00,951.6100548719268,951.6100548719268,0
2026-01-30T09:45:00,951.6100548719268,951.6100548719268,0
2026-01-30T10:00:00,951.6100548719268,951.6100548719268,0
2026-01-30T10:15:00,951.6100548719268,951.6100548719268,0
2026-01-30T10:30:00,951.6100548719268,951.6100548719268,0
2026-01-30T10:45:00,951.6100548719268,951.6100548719268,0
2026-01-30T11:00:00,951.6100548719268,951.6100548719268,0
2026-01-30T11:15:00,951.6100548719268,951.6100548719268,0
2026-01-30T11:30:00,951.6100548719268,951.6100548719268,0
2026-01-30T11:45:00,951.6100548719268,951.6100548719268,0
2026-01-30T12:00:00,951.6100548719268,951.6100548719268,0
2026-01-30T12:15:00,951.6100548719268,951.6100548719268,0
2026-01-30T12:30:00,951.6100548719268,951.6100548719268,0
2026-01-30T12:45:00,951.6100548719268,951.6100548719268,0
2026-01-30T13:00:00,951.6100548719268,951.6100548719268,0
2026-01-30T13:15:00,951.6100548719268,951.6100548719268,0
2026-01-30T13:30:00,951.6100548719268,951.6100548719268,0
2026-01-30T13:45:00,951.6100548719268,951.6100548719268,0
2026-01-30T14:00:00,951.6100548719268,951.6100548719268,0
2026-01-30T14:15:00,951.6100548719268,951.6100548719268,0
2026-01-30T14:30:00,951.6100548719268,951.6100548719268,0
2026-01-30T14:45:00,951.6100548719268,951.6100548719268,0
2026-01-30T15:00:00,951.6100548719268,951.6100548719268,0
2026-01-30T15:15:00,951.6100548719268,951.6100548719268,0
2026-01-30T15:30:00,951.6100548719268,951.6100548719268,0
2026-01-30T15:45:00,951.6100548719268,951.6100548719268,0
2026-01-30T16:00:00,951.6100548719268,951.6100548719268,0
2026-01-30T16:15:00,951.6100548719268,951.6100548719268,0
2026-01-30T16:30:00,951.6100548719268,951.6100548719268,0
2026-01-30T16:45:00,951.6100548719268,951.6100548719268,0
2026-01-30T17:00:00,950.5963409436291,818.1714865375657,1
2026-01-30T17:15:00,946.4646815463275,818.1714865375657,1
2026-01-30T17:30:00,948.8787511084652,818.1714865375657,1
2026-01-30T17:45:00,950.6199504258993,818.1714865375657,1
2026-01-30T18:00:00,952.7290641753791,818.1714865375657,1
2026-01-30T18:15:00,957.8365821731861,818.1714865375657,1
2026-01-30T18:30:00,950.224491597872,818.1714865375657,1
2026-01-30T18:45:00,944.7334099355223,944.7334099355223,0
2026-01-30T19:00:00,944.7334099355223,944.7334099355223,0
2026-01-30T19:15:00,944.7334099355223,944.7334099355223,0
2026-01-30T19:30:00,944.7334099355223,944.7334099355223,0
2026-01-30T19:45:00,944.7334099355223,944.7334099355223,0
2026-01-30T20:00:00,944.7334099355223,944.7334099355223,0
2026-01-30T20:15:00,944.7334099355223,944.7334099355223,0
2026-01-30T20:30:00,944.7334099355223,944.7334099355223,0
2026-01-30T20:45:00,944.7334099355223,944.7334099355223,0
2026-01-30T21:00:00,944.7334099355223,944.7334099355223,0
2026-01-30T21:15:00,944.7334099355223,944.7334099355223,0
2026-01-30T21:30:00,944.7334099355223,944.7334099355223,0
2026-01-30T21:45:00,944.7334099355223,944.7334099355223,0
2026-01-30T22:00:00,944.7334099355223,944.7334099355223,0
2026-01-30T22:15:00,944.7334099355223,944.7334099355223,0
2026-01-30T22:30:00,944.7334099355223,944.7334099355223,0
2026-01-30T22:45:00,944.7334099355223,944.7334099355223,0
2026-01-30T23:00:00,944.7334099355223,944.7334099355223,0
2026-01-30T23:15:00,944.7334099355223,944.7334099355223,0
2026-01-30T23:30:00,944.7334099355223,944.7334099355223,0
2026-01-30T23:45:00,944.7334099355223,944.7334099355223,0
2026-01-31T00:00:00,944.7334099355223,944.7334099355223,0
2026-01-31T00:15:00,944.7334099355223,944.7334099355223,0
2026-01-31T00:30:00,944.7334099355223,944.7334099355223,0
2026-01-31T00:45:00,944.7334099355223,944.7334099355223,0
2026-01-31T01:00:00,944.7334099355223,944.7334099355223,0
2026-01-31T01:15:00,944.7334099355223,944.7334099355223,0
2026-01-31T01:30:00,944.7334099355223,944.7334099355223,0
2026-01-31T01:45:00,944.7334099355223,944.7334099355223,0
2026-01-31T02:00:00,944.7334099355223,944.7334099355223,0
2026-01-31T02:15:00,944.7334099355223,944.7334099355223,0
2026-01-31T02:30:00,944.7334099355223,944.7334099355223,0
2026-01-31T02:45:00,944.7334099355223,944.7334099355223,0
2026-01-31T03:00:00,944.7334099355223,944.7334099355223,0
2026-01-31T03:15:00,944.7334099355223,944.7334099355223,0
2026-01-31T03:30:00,944.7334099355223,944.7334099355223,0
2026-01-31T03:45:00,944.7334099355223,944.7334099355223,0
2026-01-31T04:00:00,944.7334099355223,944.7334099355223,0
2026-01-31T04:15:00,944.7334099355223,944.7334099355223,0
2026-01-31T04:30:00,944.7334099355223,944.7334099355223,0
2026-01-31T04:45:00,944.7334099355223,944.7334099355223,0
2026-01-31T05:00:00,944.7334099355223,944.7334099355223,0
2026-01-31T05:15:00,944.7334099355223,944.7334099355223,0
2026-01-31T05:30:00,944.7334099355223,944.7334099355223,0
2026-01-31T05:45:00,944.7334099355223,944.7334099355223,0
2026-01-31T06:00:00,944.7334099355223,944.7334099355223,0
2026-01-31T06:15:00,944.7334099355223,944.7334099355223,0
2026-01-31T06:30:00,944.7334099355223,944.7334099355223,0
2026-01-31T06:45:00,944.7334099355223,944.7334099355223,0
2026-01-31T07:00:00,944.7334099355223,944.7334099355223,0
2026-01-31T07:15:00,944.7334099355223,944.7334099355223,0
2026-01-31T07:30:00,943.727021435026,812.2591122607237,1
2026-01-31T07:45:00,942.7327094626972,812.2591122607237,1
2026-01-31T08:00:00,944.1984283063692,812.2591122607237,1
2026-01-31T08:15:00,945.9770979301765,812.2591122607237,1
2026-01-31T08:30:00,952.2757275556855,812.2591122607237,1
2026-01-31T08:45:00,949.8691756704675,812.2591122607237,1
2026-01-31T09:00:00,949.5542441891921,812.2591122607237,1
2026-01-31T09:15:00,950.7505876778107,812.2591122607237,1
2026-01-31T09:30:00,948.5520094123028,812.2591122607237,1
2026-01-31T09:45:00,949.0135127779455,812.2591122607237,1
2026-01-31T10:00:00,949.9484037160713,812.2591122607237,1
2026-01-31T10:15:00,949.3205214546605,812.2591122607237,1
2026-01-31T10:30:00,947.6864430140803,812.2591122607237,1
2026-01-31T10:45:00,947.9342130839211,947.9342130839211,0
2026-01-31T11:00:00,947.9342130839211,947.9342130839211,0
2026-01-31T11:15:00,947.9342130839211,947.9342130839211,0
2026-01-31T11:30:00,947.9342130839211,947.9342130839211,0
2026-01-31T11:45:00,947.9342130839211,947.9342130839211,0
2026-01-31T12:00:00,947.9342130839211,947.9342130839211,0
2026-01-31T12:15:00,947.9342130839211,947.9342130839211,0
2026-01-31T12:30:00,947.9342130839211,947.9342130839211,0
2026-01-31T12:45:00,947.9342130839211,947.9342130839211,0
2026-01-31T13:00:00,947.9342130839211,947.9342130839211,0
2026-01-31T13:15:00,947.9342130839211,947.9342130839211,0
2026-01-31T13:30:00,947.9342130839211,947.9342130839211,0
2026-01-31T13:45:00,947.9342130839211,947.9342130839211,0
2026-01-31T14:00:00,947.9342130839211,947.9342130839211,0
2026-01-31T14:15:00,947.9342130839211,947.9342130839211,0
2026-01-31T14:30:00,947.9342130839211,947.9342130839211,0
2026-01-31T14:45:00,947.9342130839211,947.9342130839211,0
2026-01-31T15:00:00,947.9342130839211,947.9342130839211,0
2026-01-31T15:15:00,947.9342130839211,947.9342130839211,0
2026-01-31T15:30:00,947.9342130839211,947.9342130839211,0
2026-01-31T15:45:00,947.9342130839211,947.9342130839211,0
2026-01-31T16:00:00,947.9342130839211,947.9342130839211,0
2026-01-31T16:15:00,947.9342130839211,947.9342130839211,0
2026-01-31T16:30:00,947.9342130839211,947.9342130839211,0
2026-01-31T16:45:00,947.9342130839211,947.9342130839211,0
2026-01-31T17:00:00,946.9244148898042,815.0110859884413,1
2026-01-31T17:15:00,945.0814309510208,815.0110859884413,1
2026-01-31T17:30:00,946.5164137258787,815.0110859884413,1
2026-01-31T17:45:00,946.6064962833079,815.0110859884413,1
2026-01-31T18:00:00,948.4335000079366,815.0110859884413,1
2026-01-31T18:15:00,949.6877782514243,815.0110859884413,1
2026-01-31T18:30:00,955.7336933670339,815.0110859884413,1
2026-01-31T18:45:00,952.3751513119794,815.0110859884413,1
2026-01-31T19:00:00,951.108466488726,815.0110859884413,1
2026-01-31T19:15:00,952.7516640370432,815.0110859884413,1
2026-01-31T19:30:00,955.8703680256485,815.0110859884413,1
2026-01-31T19:45:00,954.3195455549347,815.0110859884413,1
2026-01-31T20:00:00,955.7884441429565,815.0110859884413,1
2026-01-31T20:15:00,956.794455937002,815.0110859884413,1
2026-01-31T20:30:00,955.8903938636399,815.0110859884413,1
2026-01-31T20:45:00,952.2177697215332,952.2177697215332,0
2026-01-31T21:00:00,952.2177697215332,952.2177697215332,0
2026-01-31T21:15:00,952.2177697215332,952.2177697215332,0
2026-01-31T21:30:00,952.2177697215332,952.2177697215332,0
2026-01-31T21:45:00,952.2177697215332,952.2177697215332,0
2026-01-31T22:00:00,952.2177697215332,952.2177697215332,0
2026-01-31T22:15:00,952.2177697215332,952.2177697215332,0
2026-01-31T22:30:00,952.2177697215332,952.2177697215332,0
2026-01-31T22:45:00,952.2177697215332,952.2177697215332,0
2026-01-31T23:00:00,952.2177697215332,952.2177697215332,0
2026-01-31T23:15:00,952.2177697215332,952.2177697215332,0
2026-01-31T23:30:00,952.2177697215332,952.2177697215332,0
2026-01-31T23:45:00,952.2177697215332,952.2177697215332,0
2026-02-01T00:00:00,952.2177697215332,952.2177697215332,0
2026-02-01T00:15:00,952.2177697215332,952.2177697215332,0
2026-02-01T00:30:00,952.2177697215332,952.2177697215332,0
2026-02-01T00:45:00,952.2177697215332,952.2177697215332,0
2026-02-01T01:00:00,952.2177697215332,952.2177697215332,0
2026-02-01T01:15:00,952.2177697215332,952.2177697215332,0
2026-02-01T01:30:00,952.2177697215332,952.2177697215332,0
2026-02-01T01:45:00,952.2177697215332,952.2177697215332,0
2026-02-01T02:00:00,952.2177697215332,952.2177697215332,0
2026-02-01T02:15:00,952.2177697215332,952.2177697215332,0
2026-02-01T02:30:00,952.2177697215332,952.2177697215332,0
2026-02-01T02:45:00,952.2177697215332,952.2177697215332,0
2026-02-01T03:00:00,952.2177697215332,952.2177697215332,0
2026-02-01T03:15:00,952.2177697215332,952.2177697215332,0
2026-02-01T03:30:00,952.2177697215332,952.2177697215332,0
2026-02-01T03:45:00,952.2177697215332,952.2177697215332,0
2026-02-01T04:00:00,952.2177697215332,952.2177697215332,0
2026-02-01T04:15:00,952.2177697215332,952.2177697215332,0
2026-02-01T04:30:00,952.2177697215332,952.2177697215332,0
2026-02-01T04:45:00,952.2177697215332,952.2177697215332,0
2026-02-01T05:00:00,952.2177697215332,952.2177697215332,0
2026-02-01T05:15:00,952.2177697215332,952.2177697215332,0
2026-02-01T05:30:00,952.2177697215332,952.2177697215332,0
2026-02-01T05:45:00,952.2177697215332,952.2177697215332,0
2026-02-01T06:00:00,951.2034084177644,818.6939851801009,1
2026-02-01T06:15:00,951.2087005907657,818.6939851801009,1
2026-02-01T06:30:00,952.4601638088116,818.6939851801009,1
2026-02-01T06:45:00,953.9936727084738,818.6939851801009,1
2026-02-01T07:00:00,955.195267373239,818.6939851801009,1
2026-02-01T07:15:00,954.5890421711115,818.6939851801009,1
2026-02-01T07:30:00,952.0931719656882,818.6939851801009,1
2026-02-01T07:45:00,953.7019247096885,818.6939851801009,1
2026-02-01T08:00:00,953.0026793898088,818.6939851801009,1
2026-02-01T08:15:00,952.6331093085566,818.6939851801009,1
2026-02-01T08:30:00,949.7464835492777,949.7464835492777,0
2026-02-01T08:45:00,949.7464835492777,949.7464835492777,0
2026-02-01T09:00:00,949.7464835492777,949.7464835492777,0
2026-02-01T09:15:00,949.7464835492777,949.7464835492777,0
2026-02-01T09:30:00,949.7464835492777,949.7464835492777,0
2026-02-01T09:45:00,949.7464835492777,949.7464835492777,0
2026-02-01T10:00:00,949.7464835492777,949.7464835492777,0
2026-02-01T10:15:00,949.7464835492777,949.7464835492777,0
2026-02-01T10:30:00,949.7464835492777,949.7464835492777,0
2026-02-01T10:45:00,949.7464835492777,949.7464835492777,0
2026-02-01T11:00:00,948.7347548124947,816.5692326400638,1
2026-02-01T11:15:00,950.1100427157382,816.5692326400638,1
2026-02-01T11:30:00,942.3937358245583,942.3937358245583,0
2026-02-01T11:45:00,942.3937358245583,942.3937358245583,0
2026-02-01T12:00:00,942.3937358245583,942.3937358245583,0
2026-02-01T12:15:00,942.3937358245583,942.3937358245583,0
2026-02-01T12:30:00,942.3937358245583,942.3937358245583,0
2026-02-01T12:45:00,942.3937358245583,942.3937358245583,0
2026-02-01T13:00:00,942.3937358245583,942.3937358245583,0
2026-02-01T13:15:00,942.3937358245583,942.3937358245583,0
2026-02-01T13:30:00,942.3937358245583,942.3937358245583,0
2026-02-01T13:45:00,942.3937358245583,942.3937358245583,0
2026-02-01T14:00:00,942.3937358245583,942.3937358245583,0
2026-02-01T14:15:00,942.3937358245583,942.3937358245583,0
2026-02-01T14:30:00,942.3937358245583,942.3937358245583,0
2026-02-01T14:45:00,942.3937358245583,942.3937358245583,0
2026-02-01T15:00:00,942.3937358245583,942.3937358245583,0
2026-02-01T15:15:00,942.3937358245583,942.3937358245583,0
2026-02-01T15:30:00,942.3937358245583,942.3937358245583,0
2026-02-01T15:45:00,942.3937358245583,942.3937358245583,0
2026-02-01T16:00:00,942.3937358245583,942.3937358245583,0
2026-02-01T16:15:00,942.3937358245583,942.3937358245583,0
2026-02-01T16:30:00,942.3937358245583,942.3937358245583,0
2026-02-01T16:45:00,942.3937358245583,942.3937358245583,0
2026-02-01T17:00:00,942.3937358245583,942.3937358245583,0
2026-02-01T17:15:00,942.3937358245583,942.3937358245583,0
2026-02-01T17:30:00,942.3937358245583,942.3937358245583,0
2026-02-01T17:45:00,942.3937358245583,942.3937358245583,0
2026-02-01T18:00:00,942.3937358245583,942.3937358245583,0
2026-02-01T18:15:00,942.3937358245583,942.3937358245583,0
2026-02-01T18:30:00,942.3937358245583,942.3937358245583,0
2026-02-01T18:45:00,942.3937358245583,942.3937358245583,0
2026-02-01T19:00:00,942.3937358245583,942.3937358245583,0
2026-02-01T19:15:00,942.3937358245583,942.3937358245583,0
2026-02-01T19:30:00,942.3937358245583,942.3937358245583,0
2026-02-01T19:45:00,942.3937358245583,942.3937358245583,0
2026-02-01T20:00:00,942.3937358245583,942.3937358245583,0
2026-02-01T20:15:00,941.389839689734,810.2475166122954,1
2026-02-01T20:30:00,936.3733429709097,810.2475166122954,1
2026-02-01T20:45:00,938.5345138247441,810.2475166122954,1
2026-02-01T21:00:00,941.0194674667446,810.2475166122954,1
2026-02-01T21:15:00,939.3006894858856,810.2475166122954,1
2026-02-01T21:30:00,940.337511168553,810.2475166122954,1
2026-02-01T21:45:00,942.5112253317628,810.2475166122954,1
2026-02-01T22:00:00,935.4329665269271,935.4329665269271,0
2026-02-01T22:15:00,935.4329665269271,935.4329665269271,0
2026-02-01T22:30:00,935.4329665269271,935.4329665269271,0
2026-02-01T22:45:00,935.4329665269271,935.4329665269271,0
2026-02-01T23:00:00,934.4364854343805,804.2628142286553,1
2026-02-01T23:15:00,934.7151039647297,804.2628142286553,1
2026-02-01T23:30:00,925.8550346996263,804.2628142286553,1
2026-02-01T23:45:00,931.9776769040491,804.2628142286553,1
2026-02-02T00:00:00,927.1691854344399,804.2628142286553,1
2026-02-02T00:15:00,921.3883059453317,921.3883059453317,0
2026-02-02T00:30:00,921.3883059453317,921.3883059453317,0
2026-02-02T00:45:00,921.3883059453317,921.3883059453317,0
2026-02-02T01:00:00,921.3883059453317,921.3883059453317,0
2026-02-02T01:15:00,921.3883059453317,921.3883059453317,0
2026-02-02T01:30:00,921.3883059453317,921.3883059453317,0
2026-02-02T01:45:00,921.3883059453317,921.3883059453317,0
2026-02-02T02:00:00,921.3883059453317,921.3883059453317,0
2026-02-02T02:15:00,921.3883059453317,921.3883059453317,0
2026-02-02T02:30:00,921.3883059453317,921.3883059453317,0
2026-02-02T02:45:00,921.3883059453317,921.3883059453317,0
2026-02-02T03:00:00,921.3883059453317,921.3883059453317,0
2026-02-02T03:15:00,921.3883059453317,921.3883059453317,0
2026-02-02T03:30:00,921.3883059453317,921.3883059453317,0
2026-02-02T03:45:00,921.3883059453317,921.3883059453317,0
2026-02-02T04:00:00,921.3883059453317,921.3883059453317,0
2026-02-02T04:15:00,921.3883059453317,921.3883059453317,0
2026-02-02T04:30:00,921.3883059453317,921.3883059453317,0
2026-02-02T04:45:00,921.3883059453317,921.3883059453317,0
2026-02-02T05:00:00,921.3883059453317,921.3883059453317,0
2026-02-02T05:15:00,921.3883059453317,921.3883059453317,0
2026-02-02T05:30:00,921.3883059453317,921.3883059453317,0
2026-02-02T05:45:00,921.3883059453317,921.3883059453317,0
2026-02-02T06:00:00,921.3883059453317,921.3883059453317,0
2026-02-02T06:15:00,921.3883059453317,921.3883059453317,0
2026-02-02T06:30:00,921.3883059453317,921.3883059453317,0
2026-02-02T06:45:00,921.3883059453317,921.3883059453317,0
2026-02-02T07:00:00,921.3883059453317,921.3883059453317,0
2026-02-02T07:15:00,921.3883059453317,921.3883059453317,0
2026-02-02T07:30:00,921.3883059453317,921.3883059453317,0
2026-02-02T07:45:00,921.3883059453317,921.3883059453317,0
2026-02-02T08:00:00,921.3883059453317,921.3883059453317,0
2026-02-02T08:15:00,921.3883059453317,921.3883059453317,0
2026-02-02T08:30:00,921.3883059453317,921.3883059453317,0
2026-02-02T08:45:00,921.3883059453317,921.3883059453317,0
2026-02-02T09:00:00,921.3883059453317,921.3883059453317,0
2026-02-02T09:15:00,921.3883059453317,921.3883059453317,0
2026-02-02T09:30:00,921.3883059453317,921.3883059453317,0
2026-02-02T09:45:00,921.3883059453317,921.3883059453317,0
2026-02-02T10:00:00,921.3883059453317,921.3883059453317,0
2026-02-02T10:15:00,921.3883059453317,921.3883059453317,0
2026-02-02T10:30:00,921.3883059453317,921.3883059453317,0
2026-02-02T10:45:00,921.3883059453317,921.3883059453317,0
2026-02-02T11:00:00,921.3883059453317,921.3883059453317,0
2026-02-02T11:15:00,921.3883059453317,921.3883059453317,0
2026-02-02T11:30:00,921.3883059453317,921.3883059453317,0
2026-02-02T11:45:00,921.3883059453317,921.3883059453317,0
2026-02-02T12:00:00,921.3883059453317,921.3883059453317,0
2026-02-02T12:15:00,921.3883059453317,921.3883059453317,0
2026-02-02T12:30:00,921.3883059453317,921.3883059453317,0
2026-02-02T12:45:00,921.3883059453317,921.3883059453317,0
2026-02-02T13:00:00,921.3883059453317,921.3883059453317,0
2026-02-02T13:15:00,921.3883059453317,921.3883059453317,0
2026-02-02T13:30:00,921.3883059453317,921.3883059453317,0
2026-02-02T13:45:00,921.3883059453317,921.3883059453317,0
2026-02-02T14:00:00,921.3883059453317,921.3883059453317,0
2026-02-02T14:15:00,921.3883059453317,921.3883059453317,0
2026-02-02T14:30:00,921.3883059453317,921.3883059453317,0
2026-02-02T14:45:00,921.3883059453317,921.3883059453317,0
2026-02-02T15:00:00,921.3883059453317,921.3883059453317,0
2026-02-02T15:15:00,921.3883059453317,921.3883059453317,0
2026-02-02T15:30:00,921.3883059453317,921.3883059453317,0
2026-02-02T15:45:00,921.3883059453317,921.3883059453317,0
2026-02-02T16:00:00,921.3883059453317,921.3883059453317,0
2026-02-02T16:15:00,921.3883059453317,921.3883059453317,0
2026-02-02T16:30:00,921.3883059453317,921.3883059453317,0
2026-02-02T16:45:00,921.3883059453317,921.3883059453317,0
2026-02-02T17:00:00,921.3883059453317,921.3883059453317,0
2026-02-02T17:15:00,921.3883059453317,921.3883059453317,0
2026-02-02T17:30:00,921.3883059453317,921.3883059453317,0
2026-02-02T17:45:00,921.3883059453317,921.3883059453317,0
2026-02-02T18:00:00,921.3883059453317,921.3883059453317,0
2026-02-02T18:15:00,921.3883059453317,921.3883059453317,0
2026-02-02T18:30:00,921.3883059453317,921.3883059453317,0
2026-02-02T18:45:00,921.3883059453317,921.3883059453317,0
2026-02-02T19:00:00,921.3883059453317,921.3883059453317,0
2026-02-02T19:15:00,921.3883059453317,921.3883059453317,0
2026-02-02T19:30:00,921.3883059453317,921.3883059453317,0
2026-02-02T19:45:00,921.3883059453317,921.3883059453317,0
2026-02-02T20:00:00,921.3883059453317,921.3883059453317,0
2026-02-02T20:15:00,921.3883059453317,921.3883059453317,0
2026-02-02T20:30:00,921.3883059453317,921.3883059453317,0
2026-02-02T20:45:00,921.3883059453317,921.3883059453317,0
2026-02-02T21:00:00,921.3883059453317,921.3883059453317,0
2026-02-02T21:15:00,921.3883059453317,921.3883059453317,0
2026-02-02T21:30:00,921.3883059453317,921.3883059453317,0
2026-02-02T21:45:00,921.3883059453317,921.3883059453317,0
2026-02-02T22:00:00,921.3883059453317,921.3883059453317,0
2026-02-02T22:15:00,921.3883059453317,921.3883059453317,0
2026-02-02T22:30:00,921.3883059453317,921.3883059453317,0
2026-02-02T22:45:00,921.3883059453317,921.3883059453317,0
2026-02-02T23:00:00,921.3883059453317,921.3883059453317,0
2026-02-02T23:15:00,921.3883059453317,921.3883059453317,0
2026-02-02T23:30:00,921.3883059453317,921.3883059453317,0
2026-02-02T23:45:00,921.3883059453317,921.3883059453317,0
2026-02-03T00:00:00,921.3883059453317,921.3883059453317,0
2026-02-03T00:15:00,921.3883059453317,921.3883059453317,0
2026-02-03T00:30:00,921.3883059453317,921.3883059453317,0
2026-02-03T00:45:00,921.3883059453317,921.3883059453317,0
2026-02-03T01:00:00,921.3883059453317,921.3883059453317,0
2026-02-03T01:15:00,921.3883059453317,921.3883059453317,0
2026-02-03T01:30:00,921.3883059453317,921.3883059453317,0
2026-02-03T01:45:00,921.3883059453317,921.3883059453317,0
2026-02-03T02:00:00,921.3883059453317,921.3883059453317,0
2026-02-03T02:15:00,921.3883059453317,921.3883059453317,0
2026-02-03T02:30:00,921.3883059453317,921.3883059453317,0
2026-02-03T02:45:00,921.3883059453317,921.3883059453317,0
2026-02-03T03:00:00,921.3883059453317,921.3883059453317,0
2026-02-03T03:15:00,921.3883059453317,921.3883059453317,0
2026-02-03T03:30:00,921.3883059453317,921.3883059453317,0
2026-02-03T03:45:00,921.3883059453317,921.3883059453317,0
2026-02-03T04:00:00,921.3883059453317,921.3883059453317,0
2026-02-03T04:15:00,921.3883059453317,921.3883059453317,0
2026-02-03T04:30:00,921.3883059453317,921.3883059453317,0
2026-02-03T04:45:00,921.3883059453317,921.3883059453317,0
2026-02-03T05:00:00,921.3883059453317,921.3883059453317,0
2026-02-03T05:15:00,921.3883059453317,921.3883059453317,0
2026-02-03T05:30:00,921.3883059453317,921.3883059453317,0
2026-02-03T05:45:00,921.3883059453317,921.3883059453317,0
2026-02-03T06:00:00,921.3883059453317,921.3883059453317,0
2026-02-03T06:15:00,921.3883059453317,921.3883059453317,0
2026-02-03T06:30:00,921.3883059453317,921.3883059453317,0
2026-02-03T06:45:00,921.3883059453317,921.3883059453317,0
2026-02-03T07:00:00,921.3883059453317,921.3883059453317,0
2026-02-03T07:15:00,921.3883059453317,921.3883059453317,0
2026-02-03T07:30:00,920.4091079982555,792.1875521324534,1
2026-02-03T07:45:00,920.1129502427494,792.1875521324534,1
2026-02-03T08:00:00,917.701677423874,917.701677423874,0
2026-02-03T08:15:00,917.701677423874,917.701677423874,0
2026-02-03T08:30:00,917.701677423874,917.701677423874,0
2026-02-03T08:45:00,917.701677423874,917.701677423874,0
2026-02-03T09:00:00,916.7240847979197,789.0178774087886,1
2026-02-03T09:15:00,918.8048906759125,789.0178774087886,1
2026-02-03T09:30:00,914.2645406886129,789.0178774087886,1
2026-02-03T09:45:00,914.6883668046072,789.0178774087886,1
2026-02-03T10:00:00,914.0255748998077,789.0178774087886,1
2026-02-03T10:15:00,914.5666295159706,789.0178774087886,1
2026-02-03T10:30:00,917.3823679142511,789.0178774087886,1
2026-02-03T10:45:00,917.0036296829372,789.0178774087886,1
2026-02-03T11:00:00,917.2290691063383,789.0178774087886,1
2026-02-03T11:15:00,919.0280757050798,789.0178774087886,1
2026-02-03T11:30:00,917.914404953478,789.0178774087886,1
2026-02-03T11:45:00,918.1556251365172,789.0178774087886,1
2026-02-03T12:00:00,914.6816036219051,789.0178774087886,1
2026-02-03T12:15:00,913.6762046211503,913.6762046211503,0
2026-02-03T12:30:00,913.6762046211503,913.6762046211503,0
2026-02-03T12:45:00,913.6762046211503,913.6762046211503,0
2026-02-03T13:00:00,913.6762046211503,913.6762046211503,0
2026-02-03T13:15:00,913.6762046211503,913.6762046211503,0
2026-02-03T13:30:00,913.6762046211503,913.6762046211503,0
2026-02-03T13:45:00,913.6762046211503,913.6762046211503,0
2026-02-03T14:00:00,913.6762046211503,913.6762046211503,0
2026-02-03T14:15:00,913.6762046211503,913.6762046211503,0
2026-02-03T14:30:00,913.6762046211503,913.6762046211503,0
2026-02-03T14:45:00,913.6762046211503,913.6762046211503,0
2026-02-03T15:00:00,913.6762046211503,913.6762046211503,0
2026-02-03T15:15:00,913.6762046211503,913.6762046211503,0
2026-02-03T15:30:00,913.6762046211503,913.6762046211503,0
2026-02-03T15:45:00,913.6762046211503,913.6762046211503,0
2026-02-03T16:00:00,913.6762046211503,913.6762046211503,0
2026-02-03T16:15:00,913.6762046211503,913.6762046211503,0
2026-02-03T16:30:00,913.6762046211503,913.6762046211503,0
2026-02-03T16:45:00,913.6762046211503,913.6762046211503,0
2026-02-03T17:00:00,912.7029001779734,785.5568725043541,1
2026-02-03T17:15:00,911.3407881888023,785.5568725043541,1
2026-02-03T17:30:00,916.4337142208706,785.5568725043541,1
2026-02-03T17:45:00,918.0051996511761,785.5568725043541,1
2026-02-03T18:00:00,919.5984821225566,785.5568725043541,1
2026-02-03T18:15:00,923.6077838268915,785.5568725043541,1
2026-02-03T18:30:00,926.0537909144925,785.5568725043541,1
2026-02-03T18:45:00,930.0318862960459,785.5568725043541,1
2026-02-03T19:00:00,920.2626826412798,785.5568725043541,1
2026-02-03T19:15:00,917.8819989842298,785.5568725043541,1
2026-02-03T19:30:00,918.0252366827233,785.5568725043541,1
2026-02-03T19:45:00,917.4675965328199,917.4675965328199,0
2026-02-03T20:00:00,917.4675965328199,917.4675965328199,0
2026-02-03T20:15:00,917.4675965328199,917.4675965328199,0
2026-02-03T20:30:00,917.4675965328199,917.4675965328199,0
2026-02-03T20:45:00,917.4675965328199,917.4675965328199,0
2026-02-03T21:00:00,917.4675965328199,917.4675965328199,0
2026-02-03T21:15:00,917.4675965328199,917.4675965328199,0
2026-02-03T21:30:00,917.4675965328199,917.4675965328199,0
2026-02-03T21:45:00,917.4675965328199,917.4675965328199,0
2026-02-03T22:00:00,917.4675965328199,917.4675965328199,0
2026-02-03T22:15:00,917.4675965328199,917.4675965328199,0
2026-02-03T22:30:00,917.4675965328199,917.4675965328199,0
2026-02-03T22:45:00,917.4675965328199,917.4675965328199,0
2026-02-03T23:00:00,917.4675965328199,917.4675965328199,0
2026-02-03T23:15:00,917.4675965328199,917.4675965328199,0
2026-02-03T23:30:00,917.4675965328199,917.4675965328199,0
2026-02-03T23:45:00,917.4675965328199,917.4675965328199,0
2026-02-04T00:00:00,917.4675965328199,917.4675965328199,0
2026-02-04T00:15:00,917.4675965328199,917.4675965328199,0
2026-02-04T00:30:00,917.4675965328199,917.4675965328199,0
2026-02-04T00:45:00,917.4675965328199,917.4675965328199,0
2026-02-04T01:00:00,917.4675965328199,917.4675965328199,0
2026-02-04T01:15:00,917.4675965328199,917.4675965328199,0
2026-02-04T01:30:00,917.4675965328199,917.4675965328199,0
2026-02-04T01:45:00,917.4675965328199,917.4675965328199,0
2026-02-04T02:00:00,917.4675965328199,917.4675965328199,0
2026-02-04T02:15:00,917.4675965328199,917.4675965328199,0
2026-02-04T02:30:00,917.4675965328199,917.4675965328199,0
2026-02-04T02:45:00,917.4675965328199,917.4675965328199,0
2026-02-04T03:00:00,917.4675965328199,917.4675965328199,0
2026-02-04T03:15:00,917.4675965328199,917.4675965328199,0
2026-02-04T03:30:00,917.4675965328199,917.4675965328199,0
2026-02-04T03:45:00,917.4675965328199,917.4675965328199,0
2026-02-04T04:00:00,917.4675965328199,917.4675965328199,0
2026-02-04T04:15:00,917.4675965328199,917.4675965328199,0
2026-02-04T04:30:00,917.4675965328199,917.4675965328199,0
2026-02-04T04:45:00,917.4675965328199,917.4675965328199,0
2026-02-04T05:00:00,917.4675965328199,917.4675965328199,0
2026-02-04T05:15:00,917.4675965328199,917.4675965328199,0
2026-02-04T05:30:00,917.4675965328199,917.4675965328199,0
2026-02-04T05:45:00,917.4675965328199,917.4675965328199,0
2026-02-04T06:00:00,917.4675965328199,917.4675965328199,0
2026-02-04T06:15:00,917.4675965328199,917.4675965328199,0
2026-02-04T06:30:00,917.4675965328199,917.4675965328199,0
2026-02-04T06:45:00,917.4675965328199,917.4675965328199,0
2026-02-04T07:00:00,917.4675965328199,917.4675965328199,0
2026-02-04T07:15:00,917.4675965328199,917.4675965328199,0
2026-02-04T07:30:00,917.4675965328199,917.4675965328199,0
2026-02-04T07:45:00,917.4675965328199,917.4675965328199,0
2026-02-04T08:00:00,917.4675965328199,917.4675965328199,0
2026-02-04T08:15:00,917.4675965328199,917.4675965328199,0
2026-02-04T08:30:00,917.4675965328199,917.4675965328199,0
2026-02-04T08:45:00,917.4675965328199,917.4675965328199,0
2026-02-04T09:00:00,917.4675965328199,917.4675965328199,0
2026-02-04T09:15:00,916.4902532643187,788.8166202766017,1
2026-02-04T09:30:00,916.9014483431176,788.8166202766017,1
2026-02-04T09:45:00,916.7528073353362,788.8166202766017,1
2026-02-04T10:00:00,916.5434262066477,788.8166202766017,1
2026-02-04T10:15:00,916.77672502477,788.8166202766017,1
2026-02-04T10:30:00,915.7749521964179,788.8166202766017,1
2026-02-04T10:45:00,915.5157087660282,788.8166202766017,1
2026-02-04T11:00:00,918.7908106802082,788.8166202766017,1
2026-02-04T11:15:00,918.5891994223812,788.8166202766017,1
2026-02-04T11:30:00,917.3136568833332,788.8166202766017,1
2026-02-04T11:45:00,917.4402719963252,788.8166202766017,1
2026-02-04T12:00:00,916.8076693800264,788.8166202766017,1
2026-02-04T12:15:00,917.0719125534051,788.8166202766017,1
2026-02-04T12:30:00,916.358233023771,788.8166202766017,1
2026-02-04T12:45:00,915.9235270637884,915.9235270637884,0
2026-02-04T13:00:00,915.9235270637884,915.9235270637884,0
2026-02-04T13:15:00,915.9235270637884,915.9235270637884,0
2026-02-04T13:30:00,915.9235270637884,915.9235270637884,0
2026-02-04T13:45:00,915.9235270637884,915.9235270637884,0
2026-02-04T14:00:00,915.9235270637884,915.9235270637884,0
2026-02-04T14:15:00,915.9235270637884,915.9235270637884,0
2026-02-04T14:30:00,915.9235270637884,915.9235270637884,0
2026-02-04T14:45:00,915.9235270637884,915.9235270637884,0
2026-02-04T15:00:00,915.9235270637884,915.9235270637884,0
2026-02-04T15:15:00,915.9235270637884,915.9235270637884,0
2026-02-04T15:30:00,915.9235270637884,915.9235270637884,0
2026-02-04T15:45:00,915.9235270637884,915.9235270637884,0
2026-02-04T16:00:00,915.9235270637884,915.9235270637884,0
2026-02-04T16:15:00,915.9235270637884,915.9235270637884,0
2026-02-04T16:30:00,915.9235270637884,915.9235270637884,0
2026-02-04T16:45:00,915.9235270637884,915.9235270637884,0
2026-02-04T17:00:00,915.9235270637884,915.9235270637884,0
2026-02-04T17:15:00,915.9235270637884,915.9235270637884,0
2026-02-04T17:30:00,915.9235270637884,915.9235270637884,0
2026-02-04T17:45:00,915.9235270637884,915.9235270637884,0
2026-02-04T18:00:00,915.9235270637884,915.9235270637884,0
2026-02-04T18:15:00,915.9235270637884,915.9235270637884,0
2026-02-04T18:30:00,915.9235270637884,915.9235270637884,0
2026-02-04T18:45:00,915.9235270637884,915.9235270637884,0
2026-02-04T19:00:00,915.9235270637884,915.9235270637884,0
2026-02-04T19:15:00,915.9235270637884,915.9235270637884,0
2026-02-04T19:30:00,915.9235270637884,915.9235270637884,0
2026-02-04T19:45:00,915.9235270637884,915.9235270637884,0
2026-02-04T20:00:00,915.9235270637884,915.9235270637884,0
2026-02-04T20:15:00,915.9235270637884,915.9235270637884,0
2026-02-04T20:30:00,915.9235270637884,915.9235270637884,0
2026-02-04T20:45:00,915.9235270637884,915.9235270637884,0
2026-02-04T21:00:00,915.9235270637884,915.9235270637884,0
2026-02-04T21:15:00,915.9235270637884,915.9235270637884,0
2026-02-04T21:30:00,915.9235270637884,915.9235270637884,0
2026-02-04T21:45:00,915.9235270637884,915.9235270637884,0
2026-02-04T22:00:00,915.9235270637884,915.9235270637884,0
2026-02-04T22:15:00,915.9235270637884,915.9235270637884,0
2026-02-04T22:30:00,915.9235270637884,915.9235270637884,0
2026-02-04T22:45:00,915.9235270637884,915.9235270637884,0
2026-02-04T23:00:00,915.9235270637884,915.9235270637884,0
2026-02-04T23:15:00,915.9235270637884,915.9235270637884,0
2026-02-04T23:30:00,915.9235270637884,915.9235270637884,0
2026-02-04T23:45:00,915.9235270637884,915.9235270637884,0
2026-02-05T00:00:00,915.9235270637884,915.9235270637884,0
2026-02-05T00:15:00,915.9235270637884,915.9235270637884,0
2026-02-05T00:30:00,915.9235270637884,915.9235270637884,0
2026-02-05T00:45:00,915.9235270637884,915.9235270637884,0
2026-02-05T01:00:00,915.9235270637884,915.9235270637884,0
2026-02-05T01:15:00,915.9235270637884,915.9235270637884,0
2026-02-05T01:30:00,915.9235270637884,915.9235270637884,0
2026-02-05T01:45:00,915.9235270637884,915.9235270637884,0
2026-02-05T02:00:00,915.9235270637884,915.9235270637884,0
2026-02-05T02:15:00,915.9235270637884,915.9235270637884,0
2026-02-05T02:30:00,915.9235270637884,915.9235270637884,0
2026-02-05T02:45:00,915.9235270637884,915.9235270637884,0
2026-02-05T03:00:00,915.9235270637884,915.9235270637884,0
2026-02-05T03:15:00,915.9235270637884,915.9235270637884,0
2026-02-05T03:30:00,915.9235270637884,915.9235270637884,0
2026-02-05T03:45:00,915.9235270637884,915.9235270637884,0
2026-02-05T04:00:00,915.9235270637884,915.9235270637884,0
2026-02-05T04:15:00,915.9235270637884,915.9235270637884,0
2026-02-05T04:30:00,915.9235270637884,915.9235270637884,0
2026-02-05T04:45:00,915.9235270637884,915.9235270637884,0
2026-02-05T05:00:00,915.9235270637884,915.9235270637884,0
2026-02-05T05:15:00,915.9235270637884,915.9235270637884,0
2026-02-05T05:30:00,915.9235270637884,915.9235270637884,0
2026-02-05T05:45:00,915.9235270637884,915.9235270637884,0
2026-02-05T06:00:00,915.9235270637884,915.9235270637884,0
2026-02-05T06:15:00,915.9235270637884,915.9235270637884,0
2026-02-05T06:30:00,915.9235270637884,915.9235270637884,0
2026-02-05T06:45:00,915.9235270637884,915.9235270637884,0
2026-02-05T07:00:00,915.9235270637884,915.9235270637884,0
2026-02-05T07:15:00,915.9235270637884,915.9235270637884,0
2026-02-05T07:30:00,915.9235270637884,915.9235270637884,0
2026-02-05T07:45:00,915.9235270637884,915.9235270637884,0
2026-02-05T08:00:00,915.9235270637884,915.9235270637884,0
2026-02-05T08:15:00,915.9235270637884,915.9235270637884,0
2026-02-05T08:30:00,915.9235270637884,915.9235270637884,0
2026-02-05T08:45:00,915.9235270637884,915.9235270637884,0
2026-02-05T09:00:00,915.9235270637884,915.9235270637884,0
2026-02-05T09:15:00,915.9235270637884,915.9235270637884,0
2026-02-05T09:30:00,915.9235270637884,915.9235270637884,0
2026-02-05T09:45:00,915.9235270637884,915.9235270637884,0
2026-02-05T10:00:00,915.9235270637884,915.9235270637884,0
2026-02-05T10:15:00,915.9235270637884,915.9235270637884,0
2026-02-05T10:30:00,915.9235270637884,915.9235270637884,0
2026-02-05T10:45:00,915.9235270637884,915.9235270637884,0
2026-02-05T11:00:00,914.9478286336524,787.4890664047957,1
2026-02-05T11:15:00,919.5563607459403,787.4890664047957,1
2026-02-05T11:30:00,914.6328835667155,787.4890664047957,1
2026-02-05T11:45:00,916.8547225936221,787.4890664047957,1
2026-02-05T12:00:00,918.9092470537184,787.4890664047957,1
2026-02-05T12:15:00,919.371822620782,787.4890664047957,1
2026-02-05T12:30:00,922.287524998284,787.4890664047957,1
2026-02-05T12:45:00,920.7890754219982,787.4890664047957,1
2026-02-05T13:00:00,922.066079248094,787.4890664047957,1
2026-02-05T13:15:00,923.3996747659049,787.4890664047957,1
2026-02-05T13:30:00,922.5901675235436,787.4890664047957,1
2026-02-05T13:45:00,922.1054473814611,787.4890664047957,1
2026-02-05T14:00:00,920.3781705299789,787.4890664047957,1
2026-02-05T14:15:00,917.6174801776099,787.4890664047957,1
2026-02-05T14:30:00,914.8768726512553,914.8768726512553,0
2026-02-05T14:45:00,914.8768726512553,914.8768726512553,0
2026-02-05T15:00:00,914.8768726512553,914.8768726512553,0
2026-02-05T15:15:00,914.8768726512553,914.8768726512553,0
2026-02-05T15:30:00,914.8768726512553,914.8768726512553,0
2026-02-05T15:45:00,914.8768726512553,914.8768726512553,0
2026-02-05T16:00:00,914.8768726512553,914.8768726512553,0
2026-02-05T16:15:00,914.8768726512553,914.8768726512553,0
2026-02-05T16:30:00,914.8768726512553,914.8768726512553,0
2026-02-05T16:45:00,914.8768726512553,914.8768726512553,0
2026-02-05T17:00:00,914.8768726512553,914.8768726512553,0
2026-02-05T17:15:00,914.8768726512553,914.8768726512553,0
2026-02-05T17:30:00,914.8768726512553,914.8768726512553,0
2026-02-05T17:45:00,914.8768726512553,914.8768726512553,0
2026-02-05T18:00:00,914.8768726512553,914.8768726512553,0
2026-02-05T18:15:00,914.8768726512553,914.8768726512553,0
2026-02-05T18:30:00,914.8768726512553,914.8768726512553,0
2026-02-05T18:45:00,914.8768726512553,914.8768726512553,0
2026-02-05T19:00:00,914.8768726512553,914.8768726512553,0
2026-02-05T19:15:00,914.8768726512553,914.8768726512553,0
2026-02-05T19:30:00,914.8768726512553,914.8768726512553,0
2026-02-05T19:45:00,914.8768726512553,914.8768726512553,0
2026-02-05T20:00:00,914.8768726512553,914.8768726512553,0
2026-02-05T20:15:00,914.8768726512553,914.8768726512553,0
2026-02-05T20:30:00,914.8768726512553,914.8768726512553,0
2026-02-05T20:45:00,913.9022891821801,786.5891780606057,1
2026-02-05T21:00:00,912.0991817643749,786.5891780606057,1
2026-02-05T21:15:00,910.9876771917552,786.5891780606057,1
2026-02-05T21:30:00,916.8772791987718,786.5891780606057,1
2026-02-05T21:45:00,919.1469440915038,786.5891780606057,1
2026-02-05T22:00:00,918.0985620007859,786.5891780606057,1
2026-02-05T22:15:00,912.0717372070262,786.5891780606057,1
2026-02-05T22:30:00,911.9573520667215,911.9573520667215,0
2026-02-05T22:45:00,911.9573520667215,911.9573520667215,0
2026-02-05T23:00:00,911.9573520667215,911.9573520667215,0
2026-02-05T23:15:00,911.9573520667215,911.9573520667215,0
2026-02-05T23:30:00,911.9573520667215,911.9573520667215,0
2026-02-05T23:45:00,911.9573520667215,911.9573520667215,0
2026-02-06T00:00:00,911.9573520667215,911.9573520667215,0
2026-02-06T00:15:00,911.9573520667215,911.9573520667215,0
2026-02-06T00:30:00,911.9573520667215,911.9573520667215,0
2026-02-06T00:45:00,911.9573520667215,911.9573520667215,0
2026-02-06T01:00:00,911.9573520667215,911.9573520667215,0
2026-02-06T01:15:00,911.9573520667215,911.9573520667215,0
2026-02-06T01:30:00,911.9573520667215,911.9573520667215,0
2026-02-06T01:45:00,911.9573520667215,911.9573520667215,0
2026-02-06T02:00:00,911.9573520667215,911.9573520667215,0
2026-02-06T02:15:00,911.9573520667215,911.9573520667215,0
2026-02-06T02:30:00,911.9573520667215,911.9573520667215,0
2026-02-06T02:45:00,911.9573520667215,911.9573520667215,0
2026-02-06T03:00:00,911.9573520667215,911.9573520667215,0
2026-02-06T03:15:00,911.9573520667215,911.9573520667215,0
2026-02-06T03:30:00,911.9573520667215,911.9573520667215,0
2026-02-06T03:45:00,911.9573520667215,911.9573520667215,0
2026-02-06T04:00:00,911.9573520667215,911.9573520667215,0
2026-02-06T04:15:00,911.9573520667215,911.9573520667215,0
2026-02-06T04:30:00,911.9573520667215,911.9573520667215,0
2026-02-06T04:45:00,911.9573520667215,911.9573520667215,0
2026-02-06T05:00:00,911.9573520667215,911.9573520667215,0
2026-02-06T05:15:00,911.9573520667215,911.9573520667215,0
2026-02-06T05:30:00,911.9573520667215,911.9573520667215,0
2026-02-06T05:45:00,911.9573520667215,911.9573520667215,0
2026-02-06T06:00:00,911.9573520667215,911.9573520667215,0
2026-02-06T06:15:00,911.9573520667215,911.9573520667215,0
2026-02-06T06:30:00,911.9573520667215,911.9573520667215,0
2026-02-06T06:45:00,911.9573520667215,911.9573520667215,0
2026-02-06T07:00:00,911.9573520667215,911.9573520667215,0
2026-02-06T07:15:00,911.9573520667215,911.9573520667215,0
2026-02-06T07:30:00,911.9573520667215,911.9573520667215,0
2026-02-06T07:45:00,911.9573520667215,911.9573520667215,0
2026-02-06T08:00:00,911.9573520667215,911.9573520667215,0
2026-02-06T08:15:00,910.9858786516702,784.0790443305175,1
2026-02-06T08:30:00,912.7287968903711,784.0790443305175,1
2026-02-06T08:45:00,911.1768086621696,784.0790443305175,1
2026-02-06T09:00:00,907.939181198417,784.0790443305175,1
2026-02-06T09:15:00,902.6284207052039,902.6284207052039,0
2026-02-06T09:30:00,902.6284207052039,902.6284207052039,0
2026-02-06T09:45:00,902.6284207052039,902.6284207052039,0
2026-02-06T10:00:00,902.6284207052039,902.6284207052039,0
2026-02-06T10:15:00,902.6284207052039,902.6284207052039,0
2026-02-06T10:30:00,902.6284207052039,902.6284207052039,0
2026-02-06T10:45:00,902.6284207052039,902.6284207052039,0
2026-02-06T11:00:00,902.6284207052039,902.6284207052039,0
2026-02-06T11:15:00,902.6284207052039,902.6284207052039,0
2026-02-06T11:30:00,902.6284207052039,902.6284207052039,0
2026-02-06T11:45:00,902.6284207052039,902.6284207052039,0
2026-02-06T12:00:00,902.6284207052039,902.6284207052039,0
2026-02-06T12:15:00,902.6284207052039,902.6284207052039,0
2026-02-06T12:30:00,902.6284207052039,902.6284207052039,0
2026-02-06T12:45:00,902.6284207052039,902.6284207052039,0
2026-02-06T13:00:00,902.6284207052039,902.6284207052039,0
2026-02-06T13:15:00,902.6284207052039,902.6284207052039,0
2026-02-06T13:30:00,902.6284207052039,902.6284207052039,0
2026-02-06T13:45:00,902.6284207052039,902.6284207052039,0
2026-02-06T14:00:00,902.6284207052039,902.6284207052039,0
2026-02-06T14:15:00,902.6284207052039,902.6284207052039,0
2026-02-06T14:30:00,902.6284207052039,902.6284207052039,0
2026-02-06T14:45:00,902.6284207052039,902.6284207052039,0
2026-02-06T15:00:00,902.6284207052039,902.6284207052039,0
2026-02-06T15:15:00,902.6284207052039,902.6284207052039,0
2026-02-06T15:30:00,902.6284207052039,902.6284207052039,0
2026-02-06T15:45:00,902.6284207052039,902.6284207052039,0
2026-02-06T16:00:00,902.6284207052039,902.6284207052039,0
2026-02-06T16:15:00,902.6284207052039,902.6284207052039,0
2026-02-06T16:30:00,902.6284207052039,902.6284207052039,0
2026-02-06T16:45:00,902.6284207052039,902.6284207052039,0
2026-02-06T17:00:00,902.6284207052039,902.6284207052039,0
2026-02-06T17:15:00,901.6691596739711,776.0582530402373,1
2026-02-06T17:30:00,903.9050328488827,776.0582530402373,1
2026-02-06T17:45:00,900.9425618483183,776.0582530402373,1
2026-02-06T18:00:00,896.5976043808237,776.0582530402373,1
2026-02-06T18:15:00,893.9691733202404,776.0582530402373,1
2026-02-06T18:30:00,897.9605848658571,776.0582530402373,1
2026-02-06T18:45:00,895.079287522769,895.079287522769,0
2026-02-06T19:00:00,895.079287522769,895.079287522769,0
2026-02-06T19:15:00,895.079287522769,895.079287522769,0
2026-02-06T19:30:00,895.079287522769,895.079287522769,0
2026-02-06T19:45:00,895.079287522769,895.079287522769,0
2026-02-06T20:00:00,895.079287522769,895.079287522769,0
2026-02-06T20:15:00,895.079287522769,895.079287522769,0
2026-02-06T20:30:00,895.079287522769,895.079287522769,0
2026-02-06T20:45:00,895.079287522769,895.079287522769,0
2026-02-06T21:00:00,895.079287522769,895.079287522769,0
2026-02-06T21:15:00,895.079287522769,895.079287522769,0
2026-02-06T21:30:00,895.079287522769,895.079287522769,0
2026-02-06T21:45:00,895.079287522769,895.079287522769,0
2026-02-06T22:00:00,895.079287522769,895.079287522769,0
2026-02-06T22:15:00,895.079287522769,895.079287522769,0
2026-02-06T22:30:00,895.079287522769,895.079287522769,0
2026-02-06T22:45:00,895.079287522769,895.079287522769,0
2026-02-06T23:00:00,894.128049271581,769.5676895091763,1
2026-02-06T23:15:00,890.2911828092255,769.5676895091763,1
2026-02-06T23:30:00,890.7755499911559,769.5676895091763,1
2026-02-06T23:45:00,890.3184165880148,769.5676895091763,1
2026-02-07T00:00:00,888.146751437009,769.5676895091763,1
2026-02-07T00:15:00,887.0167255460547,769.5676895091763,1
2026-02-07T00:30:00,883.973190256139,883.973190256139,0
2026-02-07T00:45:00,883.973190256139,883.973190256139,0
2026-02-07T01:00:00,883.973190256139,883.973190256139,0
2026-02-07T01:15:00,883.973190256139,883.973190256139,0
2026-02-07T01:30:00,883.973190256139,883.973190256139,0
2026-02-07T01:45:00,883.973190256139,883.973190256139,0
2026-02-07T02:00:00,883.973190256139,883.973190256139,0
2026-02-07T02:15:00,883.973190256139,883.973190256139,0
2026-02-07T02:30:00,883.973190256139,883.973190256139,0
2026-02-07T02:45:00,883.973190256139,883.973190256139,0
2026-02-07T03:00:00,883.973190256139,883.973190256139,0
2026-02-07T03:15:00,883.973190256139,883.973190256139,0
2026-02-07T03:30:00,883.973190256139,883.973190256139,0
2026-02-07T03:45:00,883.973190256139,883.973190256139,0
2026-02-07T04:00:00,883.973190256139,883.973190256139,0
2026-02-07T04:15:00,883.973190256139,883.973190256139,0
2026-02-07T04:30:00,883.973190256139,883.973190256139,0
2026-02-07T04:45:00,883.973190256139,883.973190256139,0
2026-02-07T05:00:00,883.973190256139,883.973190256139,0
2026-02-07T05:15:00,883.973190256139,883.973190256139,0
2026-02-07T05:30:00,883.973190256139,883.973190256139,0
2026-02-07T05:45:00,883.973190256139,883.973190256139,0
2026-02-07T06:00:00,883.973190256139,883.973190256139,0
2026-02-07T06:15:00,883.973190256139,883.973190256139,0
2026-02-07T06:30:00,883.973190256139,883.973190256139,0
2026-02-07T06:45:00,883.973190256139,883.973190256139,0
2026-02-07T07:00:00,883.973190256139,883.973190256139,0
2026-02-07T07:15:00,883.973190256139,883.973190256139,0
2026-02-07T07:30:00,883.973190256139,883.973190256139,0
2026-02-07T07:45:00,883.973190256139,883.973190256139,0
2026-02-07T08:00:00,883.973190256139,883.973190256139,0
2026-02-07T08:15:00,883.973190256139,883.973190256139,0
2026-02-07T08:30:00,883.973190256139,883.973190256139,0
2026-02-07T08:45:00,883.973190256139,883.973190256139,0
2026-02-07T09:00:00,883.973190256139,883.973190256139,0
2026-02-07T09:15:00,883.973190256139,883.973190256139,0
2026-02-07T09:30:00,883.973190256139,883.973190256139,0
2026-02-07T09:45:00,883.973190256139,883.973190256139,0
2026-02-07T10:00:00,883.973190256139,883.973190256139,0
2026-02-07T10:15:00,883.973190256139,883.973190256139,0
2026-02-07T10:30:00,883.973190256139,883.973190256139,0
2026-02-07T10:45:00,883.973190256139,883.973190256139,0
2026-02-07T11:00:00,883.973190256139,883.973190256139,0
2026-02-07T11:15:00,883.973190256139,883.973190256139,0
2026-02-07T11:30:00,883.973190256139,883.973190256139,0
2026-02-07T11:45:00,883.973190256139,883.973190256139,0
2026-02-07T12:00:00,883.973190256139,883.973190256139,0
2026-02-07T12:15:00,883.973190256139,883.973190256139,0
2026-02-07T12:30:00,883.973190256139,883.973190256139,0
2026-02-07T12:45:00,883.973190256139,883.973190256139,0
2026-02-07T13:00:00,883.973190256139,883.973190256139,0
2026-02-07T13:15:00,883.973190256139,883.973190256139,0
2026-02-07T13:30:00,883.973190256139,883.973190256139,0
2026-02-07T13:45:00,883.973190256139,883.973190256139,0
2026-02-07T14:00:00,883.973190256139,883.973190256139,0
2026-02-07T14:15:00,883.973190256139,883.973190256139,0
2026-02-07T14:30:00,883.973190256139,883.973190256139,0
2026-02-07T14:45:00,883.973190256139,883.973190256139,0
2026-02-07T15:00:00,883.973190256139,883.973190256139,0
2026-02-07T15:15:00,883.973190256139,883.973190256139,0
2026-02-07T15:30:00,883.973190256139,883.973190256139,0
2026-02-07T15:45:00,883.973190256139,883.973190256139,0
2026-02-07T16:00:00,883.973190256139,883.973190256139,0
2026-02-07T16:15:00,883.973190256139,883.973190256139,0
2026-02-07T16:30:00,883.973190256139,883.973190256139,0
2026-02-07T16:45:00,883.973190256139,883.973190256139,0
2026-02-07T17:00:00,883.973190256139,883.973190256139,0
2026-02-07T17:15:00,883.973190256139,883.973190256139,0
2026-02-07T17:30:00,883.0337549197191,760.0189336256622,1
2026-02-07T17:45:00,881.3155259908435,760.0189336256622,1
2026-02-07T18:00:00,882.5390770500708,760.0189336256622,1
2026-02-07T18:15:00,888.3079291144735,760.0189336256622,1
2026-02-07T18:30:00,890.7645902255779,760.0189336256622,1
2026-02-07T18:45:00,889.9042808870588,760.0189336256622,1
2026-02-07T19:00:00,887.904061675002,760.0189336256622,1
2026-02-07T19:15:00,888.8742994289985,760.0189336256622,1
2026-02-07T19:30:00,889.3283515798836,760.0189336256622,1
2026-02-07T19:45:00,888.5158372046155,760.0189336256622,1
2026-02-07T20:00:00,887.5336507098062,760.0189336256622,1
2026-02-07T20:15:00,889.6509675818281,760.0189336256622,1
2026-02-07T20:30:00,889.3355208243712,760.0189336256622,1
2026-02-07T20:45:00,891.8686538766774,760.0189336256622,1
2026-02-07T21:00:00,892.0287670035683,760.0189336256622,1
2026-02-07T21:15:00,891.9905310329675,760.0189336256622,1
2026-02-07T21:30:00,891.3907042441667,760.0189336256622,1
2026-02-07T21:45:00,890.2988882889854,890.2988882889854,0
2026-02-07T22:00:00,890.2988882889854,890.2988882889854,0
2026-02-07T22:15:00,890.2988882889854,890.2988882889854,0
2026-02-07T22:30:00,890.2988882889854,890.2988882889854,0
2026-02-07T22:45:00,890.2988882889854,890.2988882889854,0
2026-02-07T23:00:00,890.2988882889854,890.2988882889854,0
2026-02-07T23:15:00,890.2988882889854,890.2988882889854,0
2026-02-07T23:30:00,890.2988882889854,890.2988882889854,0
2026-02-07T23:45:00,890.2988882889854,890.2988882889854,0
2026-02-08T00:00:00,890.2988882889854,890.2988882889854,0
2026-02-08T00:15:00,890.2988882889854,890.2988882889854,0
2026-02-08T00:30:00,890.2988882889854,890.2988882889854,0
2026-02-08T00:45:00,890.2988882889854,890.2988882889854,0
2026-02-08T01:00:00,890.2988882889854,890.2988882889854,0
2026-02-08T01:15:00,890.2988882889854,890.2988882889854,0
2026-02-08T01:30:00,890.2988882889854,890.2988882889854,0
2026-02-08T01:45:00,890.2988882889854,890.2988882889854,0
2026-02-08T02:00:00,890.2988882889854,890.2988882889854,0
2026-02-08T02:15:00,890.2988882889854,890.2988882889854,0
2026-02-08T02:30:00,890.2988882889854,890.2988882889854,0
2026-02-08T02:45:00,890.2988882889854,890.2988882889854,0
2026-02-08T03:00:00,890.2988882889854,890.2988882889854,0
2026-02-08T03:15:00,890.2988882889854,890.2988882889854,0
2026-02-08T03:30:00,890.2988882889854,890.2988882889854,0
2026-02-08T03:45:00,890.2988882889854,890.2988882889854,0
2026-02-08T04:00:00,890.2988882889854,890.2988882889854,0
2026-02-08T04:15:00,890.2988882889854,890.2988882889854,0
2026-02-08T04:30:00,890.2988882889854,890.2988882889854,0
2026-02-08T04:45:00,890.2988882889854,890.2988882889854,0
2026-02-08T05:00:00,890.2988882889854,890.2988882889854,0
2026-02-08T05:15:00,890.2988882889854,890.2988882889854,0
2026-02-08T05:30:00,890.2988882889854,890.2988882889854,0
2026-02-08T05:45:00,890.2988882889854,890.2988882889854,0
2026-02-08T06:00:00,890.2988882889854,890.2988882889854,0
2026-02-08T06:15:00,890.2988882889854,890.2988882889854,0
2026-02-08T06:30:00,890.2988882889854,890.2988882889854,0
2026-02-08T06:45:00,890.2988882889854,890.2988882889854,0
2026-02-08T07:00:00,890.2988882889854,890.2988882889854,0
2026-02-08T07:15:00,890.2988882889854,890.2988882889854,0
2026-02-08T07:30:00,890.2988882889854,890.2988882889854,0
2026-02-08T07:45:00,890.2988882889854,890.2988882889854,0
2026-02-08T08:00:00,889.3527303683005,765.4576169775507,1
2026-02-08T08:15:00,893.5720002409021,765.4576169775507,1
2026-02-08T08:30:00,894.6735809021227,765.4576169775507,1
2026-02-08T08:45:00,896.8147488172367,765.4576169775507,1
2026-02-08T09:00:00,894.939930893233,765.4576169775507,1
2026-02-08T09:15:00,895.2988777268905,765.4576169775507,1
2026-02-08T09:30:00,892.9941816427377,765.4576169775507,1
2026-02-08T09:45:00,892.8220015679473,765.4576169775507,1
2026-02-08T10:00:00,894.3839923211839,765.4576169775507,1
2026-02-08T10:15:00,892.3854020925862,765.4576169775507,1
2026-02-08T10:30:00,893.733526316048,765.4576169775507,1
2026-02-08T10:45:00,893.96047795948,765.4576169775507,1
2026-02-08T11:00:00,896.5906573079375,765.4576169775507,1
2026-02-08T11:15:00,897.0893931973321,765.4576169775507,1
2026-02-08T11:30:00,898.4902868955427,765.4576169775507,1
2026-02-08T11:45:00,899.2057494488448,765.4576169775507,1
2026-02-08T12:00:00,898.304521183622,765.4576169775507,1
2026-02-08T12:15:00,898.9190210020388,765.4576169775507,1
2026-02-08T12:30:00,897.4663588760258,765.4576169775507,1
2026-02-08T12:45:00,900.9931187717403,765.4576169775507,1
2026-02-08T13:00:00,900.0353313540428,765.4576169775507,1
2026-02-08T13:15:00,902.4568639175177,765.4576169775507,1
2026-02-08T13:30:00,900.7933384025692,765.4576169775507,1
2026-02-08T13:45:00,902.8866705743136,765.4576169775507,1
2026-02-08T14:00:00,901.968424511001,765.4576169775507,1
2026-02-08T14:15:00,900.9423513908845,765.4576169775507,1
2026-02-08T14:30:00,899.8230547928533,899.8230547928533,0
2026-02-08T14:45:00,899.8230547928533,899.8230547928533,0
2026-02-08T15:00:00,899.8230547928533,899.8230547928533,0
2026-02-08T15:15:00,899.8230547928533,899.8230547928533,0
2026-02-08T15:30:00,899.8230547928533,899.8230547928533,0
2026-02-08T15:45:00,899.8230547928533,899.8230547928533,0
2026-02-08T16:00:00,899.8230547928533,899.8230547928533,0
2026-02-08T16:15:00,899.8230547928533,899.8230547928533,0
2026-02-08T16:30:00,899.8230547928533,899.8230547928533,0
2026-02-08T16:45:00,899.8230547928533,899.8230547928533,0
2026-02-08T17:00:00,899.8230547928533,899.8230547928533,0
2026-02-08T17:15:00,899.8230547928533,899.8230547928533,0
2026-02-08T17:30:00,899.8230547928533,899.8230547928533,0
2026-02-08T17:45:00,899.8230547928533,899.8230547928533,0
2026-02-08T18:00:00,899.8230547928533,899.8230547928533,0
2026-02-08T18:15:00,899.8230547928533,899.8230547928533,0
2026-02-08T18:30:00,899.8230547928533,899.8230547928533,0
2026-02-08T18:45:00,899.8230547928533,899.8230547928533,0
2026-02-08T19:00:00,899.8230547928533,899.8230547928533,0
2026-02-08T19:15:00,899.8230547928533,899.8230547928533,0
2026-02-08T19:30:00,898.8667751414844,773.6462667575803,1
2026-02-08T19:45:00,900.6116508653934,773.6462667575803,1
2026-02-08T20:00:00,898.410970870749,773.6462667575803,1
2026-02-08T20:15:00,897.5563378631201,773.6462667575803,1
2026-02-08T20:30:00,897.1765009708406,773.6462667575803,1
2026-02-08T20:45:00,894.9447513506145,894.9447513506145,0
2026-02-08T21:00:00,894.9447513506145,894.9447513506145,0
2026-02-08T21:15:00,894.9447513506145,894.9447513506145,0
2026-02-08T21:30:00,894.9447513506145,894.9447513506145,0
2026-02-08T21:45:00,894.9447513506145,894.9447513506145,0
2026-02-08T22:00:00,894.9447513506145,894.9447513506145,0
2026-02-08T22:15:00,894.9447513506145,894.9447513506145,0
2026-02-08T22:30:00,894.9447513506145,894.9447513506145,0
2026-02-08T22:45:00,894.9447513506145,894.9447513506145,0
2026-02-08T23:00:00,893.993656076652,769.452018537226,1
2026-02-08T23:15:00,887.6211862781527,887.6211862781527,0
2026-02-08T23:30:00,887.6211862781527,887.6211862781527,0
2026-02-08T23:45:00,887.6211862781527,887.6211862781527,0
2026-02-09T00:00:00,887.6211862781527,887.6211862781527,0
2026-02-09T00:15:00,887.6211862781527,887.6211862781527,0
2026-02-09T00:30:00,887.6211862781527,887.6211862781527,0
2026-02-09T00:45:00,887.6211862781527,887.6211862781527,0
2026-02-09T01:00:00,887.6211862781527,887.6211862781527,0
2026-02-09T01:15:00,887.6211862781527,887.6211862781527,0
2026-02-09T01:30:00,887.6211862781527,887.6211862781527,0
2026-02-09T01:45:00,887.6211862781527,887.6211862781527,0
2026-02-09T02:00:00,887.6211862781527,887.6211862781527,0
2026-02-09T02:15:00,887.6211862781527,887.6211862781527,0
2026-02-09T02:30:00,887.6211862781527,887.6211862781527,0
2026-02-09T02:45:00,887.6211862781527,887.6211862781527,0
2026-02-09T03:00:00,887.6211862781527,887.6211862781527,0
2026-02-09T03:15:00,887.6211862781527,887.6211862781527,0
2026-02-09T03:30:00,887.6211862781527,887.6211862781527,0
2026-02-09T03:45:00,887.6211862781527,887.6211862781527,0
2026-02-09T04:00:00,887.6211862781527,887.6211862781527,0
2026-02-09T04:15:00,887.6211862781527,887.6211862781527,0
2026-02-09T04:30:00,887.6211862781527,887.6211862781527,0
2026-02-09T04:45:00,887.6211862781527,887.6211862781527,0
2026-02-09T05:00:00,887.6211862781527,887.6211862781527,0
2026-02-09T05:15:00,887.6211862781527,887.6211862781527,0
2026-02-09T05:30:00,887.6211862781527,887.6211862781527,0
2026-02-09T05:45:00,887.6211862781527,887.6211862781527,0
2026-02-09T06:00:00,887.6211862781527,887.6211862781527,0
2026-02-09T06:15:00,887.6211862781527,887.6211862781527,0
2026-02-09T06:30:00,887.6211862781527,887.6211862781527,0
2026-02-09T06:45:00,887.6211862781527,887.6211862781527,0
2026-02-09T07:00:00,887.6211862781527,887.6211862781527,0
2026-02-09T07:15:00,887.6211862781527,887.6211862781527,0
2026-02-09T07:30:00,887.6211862781527,887.6211862781527,0
2026-02-09T07:45:00,887.6211862781527,887.6211862781527,0
2026-02-09T08:00:00,886.6756372531338,763.155393053485,1
2026-02-09T08:15:00,890.0353925845711,763.155393053485,1
2026-02-09T08:30:00,890.7217942114239,763.155393053485,1
2026-02-09T08:45:00,890.7458784790327,763.155393053485,1
2026-02-09T09:00:00,890.9530031804691,763.155393053485,1
2026-02-09T09:15:00,891.3648441565808,763.155393053485,1
2026-02-09T09:30:00,892.978490086375,763.155393053485,1
2026-02-09T09:45:00,892.6244513525246,763.155393053485,1
2026-02-09T10:00:00,893.2241496159855,763.155393053485,1
2026-02-09T10:15:00,896.0853606079193,763.155393053485,1
2026-02-09T10:30:00,897.8362868630841,763.155393053485,1
2026-02-09T10:45:00,897.3377425235805,763.155393053485,1
2026-02-09T11:00:00,897.2341801728624,763.155393053485,1
2026-02-09T11:15:00,896.1238954360934,763.155393053485,1
2026-02-09T11:30:00,896.19614823892,763.155393053485,1
2026-02-09T11:45:00,896.00588252481,763.155393053485,1
2026-02-09T12:00:00,893.508264057835,893.508264057835,0
2026-02-09T12:15:00,893.508264057835,893.508264057835,0
2026-02-09T12:30:00,893.508264057835,893.508264057835,0
2026-02-09T12:45:00,893.508264057835,893.508264057835,0
2026-02-09T13:00:00,893.508264057835,893.508264057835,0
2026-02-09T13:15:00,893.508264057835,893.508264057835,0
2026-02-09T13:30:00,893.508264057835,893.508264057835,0
2026-02-09T13:45:00,893.508264057835,893.508264057835,0
2026-02-09T14:00:00,893.508264057835,893.508264057835,0
2026-02-09T14:15:00,893.508264057835,893.508264057835,0
2026-02-09T14:30:00,893.508264057835,893.508264057835,0
2026-02-09T14:45:00,893.508264057835,893.508264057835,0
2026-02-09T15:00:00,893.508264057835,893.508264057835,0
2026-02-09T15:15:00,893.508264057835,893.508264057835,0
2026-02-09T15:30:00,893.508264057835,893.508264057835,0
2026-02-09T15:45:00,893.508264057835,893.508264057835,0
2026-02-09T16:00:00,893.508264057835,893.508264057835,0
2026-02-09T16:15:00,893.508264057835,893.508264057835,0
2026-02-09T16:30:00,893.508264057835,893.508264057835,0
2026-02-09T16:45:00,893.508264057835,893.508264057835,0
2026-02-09T17:00:00,893.508264057835,893.508264057835,0
2026-02-09T17:15:00,893.508264057835,893.508264057835,0
2026-02-09T17:30:00,893.508264057835,893.508264057835,0
2026-02-09T17:45:00,893.508264057835,893.508264057835,0
2026-02-09T18:00:00,892.5586953990888,768.2169612385892,1
2026-02-09T18:15:00,890.2441063634576,768.2169612385892,1
2026-02-09T18:30:00,893.3012437597583,768.2169612385892,1
2026-02-09T18:45:00,893.6161218620676,768.2169612385892,1
2026-02-09T19:00:00,892.4835006283881,768.2169612385892,1
2026-02-09T19:15:00,892.8289266062945,768.2169612385892,1
2026-02-09T19:30:00,893.5973231693924,768.2169612385892,1
2026-02-09T19:45:00,893.7735609132222,768.2169612385892,1
2026-02-09T20:00:00,895.9683082830493,768.2169612385892,1
2026-02-09T20:15:00,891.0641993314122,768.2169612385892,1
2026-02-09T20:30:00,892.9103503938383,892.9103503938383,0
2026-02-09T20:45:00,892.9103503938383,892.9103503938383,0
2026-02-09T21:00:00,892.9103503938383,892.9103503938383,0
2026-02-09T21:15:00,892.9103503938383,892.9103503938383,0
2026-02-09T21:30:00,892.9103503938383,892.9103503938383,0
2026-02-09T21:45:00,892.9103503938383,892.9103503938383,0
2026-02-09T22:00:00,892.9103503938383,892.9103503938383,0
2026-02-09T22:15:00,892.9103503938383,892.9103503938383,0
2026-02-09T22:30:00,892.9103503938383,892.9103503938383,0
2026-02-09T22:45:00,892.9103503938383,892.9103503938383,0
2026-02-09T23:00:00,892.9103503938383,892.9103503938383,0
2026-02-09T23:15:00,892.9103503938383,892.9103503938383,0
2026-02-09T23:30:00,892.9103503938383,892.9103503938383,0
2026-02-09T23:45:00,892.9103503938383,892.9103503938383,0
2026-02-10T00:00:00,892.9103503938383,892.9103503938383,0
2026-02-10T00:15:00,892.9103503938383,892.9103503938383,0
2026-02-10T00:30:00,892.9103503938383,892.9103503938383,0
2026-02-10T00:45:00,892.9103503938383,892.9103503938383,0
2026-02-10T01:00:00,892.9103503938383,892.9103503938383,0
2026-02-10T01:15:00,892.9103503938383,892.9103503938383,0
2026-02-10T01:30:00,892.9103503938383,892.9103503938383,0
2026-02-10T01:45:00,892.9103503938383,892.9103503938383,0
2026-02-10T02:00:00,892.9103503938383,892.9103503938383,0
2026-02-10T02:15:00,892.9103503938383,892.9103503938383,0
2026-02-10T02:30:00,892.9103503938383,892.9103503938383,0
2026-02-10T02:45:00,892.9103503938383,892.9103503938383,0
2026-02-10T03:00:00,892.9103503938383,892.9103503938383,0
2026-02-10T03:15:00,892.9103503938383,892.9103503938383,0
2026-02-10T03:30:00,892.9103503938383,892.9103503938383,0
2026-02-10T03:45:00,892.9103503938383,892.9103503938383,0
2026-02-10T04:00:00,892.9103503938383,892.9103503938383,0
2026-02-10T04:15:00,892.9103503938383,892.9103503938383,0
2026-02-10T04:30:00,892.9103503938383,892.9103503938383,0
2026-02-10T04:45:00,892.9103503938383,892.9103503938383,0
2026-02-10T05:00:00,892.9103503938383,892.9103503938383,0
2026-02-10T05:15:00,892.9103503938383,892.9103503938383,0
2026-02-10T05:30:00,892.9103503938383,892.9103503938383,0
2026-02-10T05:45:00,892.9103503938383,892.9103503938383,0
2026-02-10T06:00:00,892.9103503938383,892.9103503938383,0
2026-02-10T06:15:00,892.9103503938383,892.9103503938383,0
2026-02-10T06:30:00,892.9103503938383,892.9103503938383,0
2026-02-10T06:45:00,891.9591670238419,767.7028894202126,1
2026-02-10T07:00:00,891.2711132846383,767.7028894202126,1
2026-02-10T07:15:00,890.8049319468445,767.7028894202126,1
2026-02-10T07:30:00,891.3558735278735,767.7028894202126,1
2026-02-10T07:45:00,892.2882362034611,767.7028894202126,1
2026-02-10T08:00:00,892.9987264776388,767.7028894202126,1
2026-02-10T08:15:00,891.3060145612645,767.7028894202126,1
2026-02-10T08:30:00,891.9566740755115,767.7028894202126,1
2026-02-10T08:45:00,890.4409614905991,767.7028894202126,1
2026-02-10T09:00:00,888.3566166837272,888.3566166837272,0
2026-02-10T09:15:00,888.3566166837272,888.3566166837272,0
2026-02-10T09:30:00,888.3566166837272,888.3566166837272,0
2026-02-10T09:45:00,888.3566166837272,888.3566166837272,0
2026-02-10T10:00:00,888.3566166837272,888.3566166837272,0
2026-02-10T10:15:00,888.3566166837272,888.3566166837272,0
2026-02-10T10:30:00,888.3566166837272,888.3566166837272,0
2026-02-10T10:45:00,888.3566166837272,888.3566166837272,0
2026-02-10T11:00:00,888.3566166837272,888.3566166837272,0
2026-02-10T11:15:00,888.3566166837272,888.3566166837272,0
2026-02-10T11:30:00,887.4102842327226,763.7876984658683,1
2026-02-10T11:45:00,888.3636912017604,763.7876984658683,1
2026-02-10T12:00:00,887.6274491534479,763.7876984658683,1
2026-02-10T12:15:00,886.721494860038,763.7876984658683,1
2026-02-10T12:30:00,888.1112632835501,763.7876984658683,1
2026-02-10T12:45:00,887.8187110081194,763.7876984658683,1
2026-02-10T13:00:00,887.9794986674334,763.7876984658683,1
2026-02-10T13:15:00,886.5151460427728,886.5151460427728,0
2026-02-10T13:30:00,886.5151460427728,886.5151460427728,0
2026-02-10T13:45:00,886.5151460427728,886.5151460427728,0
2026-02-10T14:00:00,886.5151460427728,886.5151460427728,0
2026-02-10T14:15:00,886.5151460427728,886.5151460427728,0
2026-02-10T14:30:00,886.5151460427728,886.5151460427728,0
2026-02-10T14:45:00,886.5151460427728,886.5151460427728,0
2026-02-10T15:00:00,886.5151460427728,886.5151460427728,0
2026-02-10T15:15:00,886.5151460427728,886.5151460427728,0
2026-02-10T15:30:00,886.5151460427728,886.5151460427728,0
2026-02-10T15:45:00,886.5151460427728,886.5151460427728,0
2026-02-10T16:00:00,886.5151460427728,886.5151460427728,0
2026-02-10T16:15:00,886.5151460427728,886.5151460427728,0
2026-02-10T16:30:00,886.5151460427728,886.5151460427728,0
2026-02-10T16:45:00,886.5151460427728,886.5151460427728,0
2026-02-10T17:00:00,886.5151460427728,886.5151460427728,0
2026-02-10T17:15:00,886.5151460427728,886.5151460427728,0
2026-02-10T17:30:00,886.5151460427728,886.5151460427728,0
2026-02-10T17:45:00,886.5151460427728,886.5151460427728,0
2026-02-10T18:00:00,886.5151460427728,886.5151460427728,0
2026-02-10T18:15:00,886.5151460427728,886.5151460427728,0
2026-02-10T18:30:00,886.5151460427728,886.5151460427728,0
2026-02-10T18:45:00,886.5151460427728,886.5151460427728,0
2026-02-10T19:00:00,886.5151460427728,886.5151460427728,0
2026-02-10T19:15:00,886.5151460427728,886.5151460427728,0
2026-02-10T19:30:00,886.5151460427728,886.5151460427728,0
2026-02-10T19:45:00,886.5151460427728,886.5151460427728,0
2026-02-10T20:00:00,886.5151460427728,886.5151460427728,0
2026-02-10T20:15:00,886.5151460427728,886.5151460427728,0
2026-02-10T20:30:00,886.5151460427728,886.5151460427728,0
2026-02-10T20:45:00,886.5151460427728,886.5151460427728,0
2026-02-10T21:00:00,886.5151460427728,886.5151460427728,0
2026-02-10T21:15:00,886.5151460427728,886.5151460427728,0
2026-02-10T21:30:00,886.5151460427728,886.5151460427728,0
2026-02-10T21:45:00,886.5151460427728,886.5151460427728,0
2026-02-10T22:00:00,886.5151460427728,886.5151460427728,0
2026-02-10T22:15:00,886.5151460427728,886.5151460427728,0
2026-02-10T22:30:00,886.5151460427728,886.5151460427728,0
2026-02-10T22:45:00,886.5151460427728,886.5151460427728,0
2026-02-10T23:00:00,886.5151460427728,886.5151460427728,0
2026-02-10T23:15:00,886.5151460427728,886.5151460427728,0
2026-02-10T23:30:00,886.5151460427728,886.5151460427728,0
2026-02-10T23:45:00,886.5151460427728,886.5151460427728,0
2026-02-11T00:00:00,886.5151460427728,886.5151460427728,0
2026-02-11T00:15:00,886.5151460427728,886.5151460427728,0
2026-02-11T00:30:00,886.5151460427728,886.5151460427728,0
2026-02-11T00:45:00,886.5151460427728,886.5151460427728,0
2026-02-11T01:00:00,886.5151460427728,886.5151460427728,0
2026-02-11T01:15:00,886.5151460427728,886.5151460427728,0
2026-02-11T01:30:00,886.5151460427728,886.5151460427728,0
2026-02-11T01:45:00,886.5151460427728,886.5151460427728,0
2026-02-11T02:00:00,886.5151460427728,886.5151460427728,0
2026-02-11T02:15:00,886.5151460427728,886.5151460427728,0
2026-02-11T02:30:00,886.5151460427728,886.5151460427728,0
2026-02-11T02:45:00,886.5151460427728,886.5151460427728,0
2026-02-11T03:00:00,886.5151460427728,886.5151460427728,0
2026-02-11T03:15:00,886.5151460427728,886.5151460427728,0
2026-02-11T03:30:00,886.5151460427728,886.5151460427728,0
2026-02-11T03:45:00,886.5151460427728,886.5151460427728,0
2026-02-11T04:00:00,886.5151460427728,886.5151460427728,0
2026-02-11T04:15:00,886.5151460427728,886.5151460427728,0
2026-02-11T04:30:00,886.5151460427728,886.5151460427728,0
2026-02-11T04:45:00,886.5151460427728,886.5151460427728,0
2026-02-11T05:00:00,886.5151460427728,886.5151460427728,0
2026-02-11T05:15:00,886.5151460427728,886.5151460427728,0
2026-02-11T05:30:00,886.5151460427728,886.5151460427728,0
2026-02-11T05:45:00,886.5151460427728,886.5151460427728,0
2026-02-11T06:00:00,886.5151460427728,886.5151460427728,0
2026-02-11T06:15:00,886.5151460427728,886.5151460427728,0
2026-02-11T06:30:00,886.5151460427728,886.5151460427728,0
2026-02-11T06:45:00,886.5151460427728,886.5151460427728,0
2026-02-11T07:00:00,886.5151460427728,886.5151460427728,0
2026-02-11T07:15:00,886.5151460427728,886.5151460427728,0
2026-02-11T07:30:00,886.5151460427728,886.5151460427728,0
2026-02-11T07:45:00,886.5151460427728,886.5151460427728,0
2026-02-11T08:00:00,886.5151460427728,886.5151460427728,0
2026-02-11T08:15:00,886.5151460427728,886.5151460427728,0
2026-02-11T08:30:00,886.5151460427728,886.5151460427728,0
2026-02-11T08:45:00,886.5151460427728,886.5151460427728,0
2026-02-11T09:00:00,886.5151460427728,886.5151460427728,0
2026-02-11T09:15:00,886.5151460427728,886.5151460427728,0
2026-02-11T09:30:00,886.5151460427728,886.5151460427728,0
2026-02-11T09:45:00,886.5151460427728,886.5151460427728,0
2026-02-11T10:00:00,886.5151460427728,886.5151460427728,0
2026-02-11T10:15:00,886.5151460427728,886.5151460427728,0
2026-02-11T10:30:00,886.5151460427728,886.5151460427728,0
2026-02-11T10:45:00,886.5151460427728,886.5151460427728,0
2026-02-11T11:00:00,886.5151460427728,886.5151460427728,0
2026-02-11T11:15:00,886.5151460427728,886.5151460427728,0
2026-02-11T11:30:00,886.5151460427728,886.5151460427728,0
2026-02-11T11:45:00,886.5151460427728,886.5151460427728,0
2026-02-11T12:00:00,886.5151460427728,886.5151460427728,0
2026-02-11T12:15:00,886.5151460427728,886.5151460427728,0
2026-02-11T12:30:00,886.5151460427728,886.5151460427728,0
2026-02-11T12:45:00,886.5151460427728,886.5151460427728,0
2026-02-11T13:00:00,886.5151460427728,886.5151460427728,0
2026-02-11T13:15:00,886.5151460427728,886.5151460427728,0
2026-02-11T13:30:00,886.5151460427728,886.5151460427728,0
2026-02-11T13:45:00,886.5151460427728,886.5151460427728,0
2026-02-11T14:00:00,886.5151460427728,886.5151460427728,0
2026-02-11T14:15:00,886.5151460427728,886.5151460427728,0
2026-02-11T14:30:00,886.5151460427728,886.5151460427728,0
2026-02-11T14:45:00,886.5151460427728,886.5151460427728,0
2026-02-11T15:00:00,886.5151460427728,886.5151460427728,0
2026-02-11T15:15:00,886.5151460427728,886.5151460427728,0
2026-02-11T15:30:00,886.5151460427728,886.5151460427728,0
2026-02-11T15:45:00,886.5151460427728,886.5151460427728,0
2026-02-11T16:00:00,886.5151460427728,886.5151460427728,0
2026-02-11T16:15:00,886.5151460427728,886.5151460427728,0
2026-02-11T16:30:00,886.5151460427728,886.5151460427728,0
2026-02-11T16:45:00,886.5151460427728,886.5151460427728,0
2026-02-11T17:00:00,886.5151460427728,886.5151460427728,0
2026-02-11T17:15:00,886.5151460427728,886.5151460427728,0
2026-02-11T17:30:00,886.5151460427728,886.5151460427728,0
2026-02-11T17:45:00,886.5151460427728,886.5151460427728,0
2026-02-11T18:00:00,886.5151460427728,886.5151460427728,0
2026-02-11T18:15:00,886.5151460427728,886.5151460427728,0
2026-02-11T18:30:00,886.5151460427728,886.5151460427728,0
2026-02-11T18:45:00,886.5151460427728,886.5151460427728,0
2026-02-11T19:00:00,886.5151460427728,886.5151460427728,0
2026-02-11T19:15:00,886.5151460427728,886.5151460427728,0
2026-02-11T19:30:00,886.5151460427728,886.5151460427728,0
2026-02-11T19:45:00,886.5151460427728,886.5151460427728,0
2026-02-11T20:00:00,886.5151460427728,886.5151460427728,0
2026-02-11T20:15:00,886.5151460427728,886.5151460427728,0
2026-02-11T20:30:00,886.5151460427728,886.5151460427728,0
2026-02-11T20:45:00,886.5151460427728,886.5151460427728,0
2026-02-11T21:00:00,886.5151460427728,886.5151460427728,0
2026-02-11T21:15:00,886.5151460427728,886.5151460427728,0
2026-02-11T21:30:00,886.5151460427728,886.5151460427728,0
2026-02-11T21:45:00,886.5151460427728,886.5151460427728,0
2026-02-11T22:00:00,886.5151460427728,886.5151460427728,0
2026-02-11T22:15:00,886.5151460427728,886.5151460427728,0
2026-02-11T22:30:00,886.5151460427728,886.5151460427728,0
2026-02-11T22:45:00,886.5151460427728,886.5151460427728,0
2026-02-11T23:00:00,886.5151460427728,886.5151460427728,0
2026-02-11T23:15:00,886.5151460427728,886.5151460427728,0
2026-02-11T23:30:00,886.5151460427728,886.5151460427728,0
2026-02-11T23:45:00,885.5707752402686,762.204446204071,1
2026-02-12T00:00:00,882.0882804102604,882.0882804102604,0
2026-02-12T00:15:00,882.0882804102604,882.0882804102604,0
2026-02-12T00:30:00,882.0882804102604,882.0882804102604,0
2026-02-12T00:45:00,882.0882804102604,882.0882804102604,0
2026-02-12T01:00:00,882.0882804102604,882.0882804102604,0
2026-02-12T01:15:00,882.0882804102604,882.0882804102604,0
2026-02-12T01:30:00,882.0882804102604,882.0882804102604,0
2026-02-12T01:45:00,882.0882804102604,882.0882804102604,0
2026-02-12T02:00:00,882.0882804102604,882.0882804102604,0
2026-02-12T02:15:00,882.0882804102604,882.0882804102604,0
2026-02-12T02:30:00,882.0882804102604,882.0882804102604,0
2026-02-12T02:45:00,882.0882804102604,882.0882804102604,0
2026-02-12T03:00:00,882.0882804102604,882.0882804102604,0
2026-02-12T03:15:00,882.0882804102604,882.0882804102604,0
2026-02-12T03:30:00,882.0882804102604,882.0882804102604,0
2026-02-12T03:45:00,882.0882804102604,882.0882804102604,0
2026-02-12T04:00:00,882.0882804102604,882.0882804102604,0
2026-02-12T04:15:00,882.0882804102604,882.0882804102604,0
2026-02-12T04:30:00,882.0882804102604,882.0882804102604,0
2026-02-12T04:45:00,882.0882804102604,882.0882804102604,0
2026-02-12T05:00:00,882.0882804102604,882.0882804102604,0
2026-02-12T05:15:00,882.0882804102604,882.0882804102604,0
2026-02-12T05:30:00,882.0882804102604,882.0882804102604,0
2026-02-12T05:45:00,882.0882804102604,882.0882804102604,0
2026-02-12T06:00:00,882.0882804102604,882.0882804102604,0
2026-02-12T06:15:00,882.0882804102604,882.0882804102604,0
2026-02-12T06:30:00,882.0882804102604,882.0882804102604,0
2026-02-12T06:45:00,882.0882804102604,882.0882804102604,0
2026-02-12T07:00:00,882.0882804102604,882.0882804102604,0
2026-02-12T07:15:00,882.0882804102604,882.0882804102604,0
2026-02-12T07:30:00,882.0882804102604,882.0882804102604,0
2026-02-12T07:45:00,882.0882804102604,882.0882804102604,0
2026-02-12T08:00:00,882.0882804102604,882.0882804102604,0
2026-02-12T08:15:00,882.0882804102604,882.0882804102604,0
2026-02-12T08:30:00,882.0882804102604,882.0882804102604,0
2026-02-12T08:45:00,882.0882804102604,882.0882804102604,0
2026-02-12T09:00:00,882.0882804102604,882.0882804102604,0
2026-02-12T09:15:00,882.0882804102604,882.0882804102604,0
2026-02-12T09:30:00,882.0882804102604,882.0882804102604,0
2026-02-12T09:45:00,882.0882804102604,882.0882804102604,0
2026-02-12T10:00:00,882.0882804102604,882.0882804102604,0
2026-02-12T10:15:00,882.0882804102604,882.0882804102604,0
2026-02-12T10:30:00,882.0882804102604,882.0882804102604,0
2026-02-12T10:45:00,882.0882804102604,882.0882804102604,0
2026-02-12T11:00:00,881.1508482464873,758.398333378012,1
2026-02-12T11:15:00,883.5467318389112,758.398333378012,1
2026-02-12T11:30:00,882.393433836347,758.398333378012,1
2026-02-12T11:45:00,881.2401358337826,758.398333378012,1
2026-02-12T12:00:00,880.6498456733302,758.398333378012,1
2026-02-12T12:15:00,880.2034077368537,758.398333378012,1
2026-02-12T12:30:00,879.298188054366,879.298188054366,0
2026-02-12T12:45:00,879.298188054366,879.298188054366,0
2026-02-12T13:00:00,879.298188054366,879.298188054366,0
2026-02-12T13:15:00,879.298188054366,879.298188054366,0
2026-02-12T13:30:00,879.298188054366,879.298188054366,0
2026-02-12T13:45:00,879.298188054366,879.298188054366,0
2026-02-12T14:00:00,879.298188054366,879.298188054366,0
2026-02-12T14:15:00,879.298188054366,879.298188054366,0
2026-02-12T14:30:00,879.298188054366,879.298188054366,0
2026-02-12T14:45:00,879.298188054366,879.298188054366,0
2026-02-12T15:00:00,879.298188054366,879.298188054366,0
2026-02-12T15:15:00,879.298188054366,879.298188054366,0
2026-02-12T15:30:00,879.298188054366,879.298188054366,0
2026-02-12T15:45:00,879.298188054366,879.298188054366,0
2026-02-12T16:00:00,879.298188054366,879.298188054366,0
2026-02-12T16:15:00,879.298188054366,879.298188054366,0
2026-02-12T16:30:00,879.298188054366,879.298188054366,0
2026-02-12T16:45:00,879.298188054366,879.298188054366,0
2026-02-12T17:00:00,878.3615052021892,755.9994789326306,1
2026-02-12T17:15:00,875.444198651223,755.9994789326306,1
2026-02-12T17:30:00,876.5787901036108,755.9994789326306,1
2026-02-12T17:45:00,880.8096722527763,755.9994789326306,1
2026-02-12T18:00:00,878.7085964187312,755.9994789326306,1
2026-02-12T18:15:00,881.6346796440729,755.9994789326306,1
2026-02-12T18:30:00,880.6685703339701,755.9994789326306,1
2026-02-12T18:45:00,879.4822190070603,755.9994789326306,1
2026-02-12T19:00:00,880.5502727656783,755.9994789326306,1
2026-02-12T19:15:00,878.064073459464,755.9994789326306,1
2026-02-12T19:30:00,876.1748502233047,876.1748502233047,0
2026-02-12T19:45:00,876.1748502233047,876.1748502233047,0
2026-02-12T20:00:00,876.1748502233047,876.1748502233047,0
2026-02-12T20:15:00,876.1748502233047,876.1748502233047,0
2026-02-12T20:30:00,876.1748502233047,876.1748502233047,0
2026-02-12T20:45:00,876.1748502233047,876.1748502233047,0
2026-02-12T21:00:00,876.1748502233047,876.1748502233047,0
2026-02-12T21:15:00,876.1748502233047,876.1748502233047,0
2026-02-12T21:30:00,876.1748502233047,876.1748502233047,0
2026-02-12T21:45:00,876.1748502233047,876.1748502233047,0
2026-02-12T22:00:00,876.1748502233047,876.1748502233047,0
2026-02-12T22:15:00,876.1748502233047,876.1748502233047,0
2026-02-12T22:30:00,876.1748502233047,876.1748502233047,0
2026-02-12T22:45:00,876.1748502233047,876.1748502233047,0
2026-02-12T23:00:00,876.1748502233047,876.1748502233047,0
2026-02-12T23:15:00,876.1748502233047,876.1748502233047,0
2026-02-12T23:30:00,876.1748502233047,876.1748502233047,0
2026-02-12T23:45:00,876.1748502233047,876.1748502233047,0
2026-02-13T00:00:00,876.1748502233047,876.1748502233047,0
2026-02-13T00:15:00,876.1748502233047,876.1748502233047,0
2026-02-13T00:30:00,876.1748502233047,876.1748502233047,0
2026-02-13T00:45:00,876.1748502233047,876.1748502233047,0
2026-02-13T01:00:00,876.1748502233047,876.1748502233047,0
2026-02-13T01:15:00,876.1748502233047,876.1748502233047,0
2026-02-13T01:30:00,876.1748502233047,876.1748502233047,0
2026-02-13T01:45:00,876.1748502233047,876.1748502233047,0
2026-02-13T02:00:00,876.1748502233047,876.1748502233047,0
2026-02-13T02:15:00,876.1748502233047,876.1748502233047,0
2026-02-13T02:30:00,876.1748502233047,876.1748502233047,0
2026-02-13T02:45:00,876.1748502233047,876.1748502233047,0
2026-02-13T03:00:00,876.1748502233047,876.1748502233047,0
2026-02-13T03:15:00,876.1748502233047,876.1748502233047,0
2026-02-13T03:30:00,876.1748502233047,876.1748502233047,0
2026-02-13T03:45:00,876.1748502233047,876.1748502233047,0
2026-02-13T04:00:00,876.1748502233047,876.1748502233047,0
2026-02-13T04:15:00,876.1748502233047,876.1748502233047,0
2026-02-13T04:30:00,876.1748502233047,876.1748502233047,0
2026-02-13T04:45:00,876.1748502233047,876.1748502233047,0
2026-02-13T05:00:00,876.1748502233047,876.1748502233047,0
2026-02-13T05:15:00,876.1748502233047,876.1748502233047,0
2026-02-13T05:30:00,876.1748502233047,876.1748502233047,0
2026-02-13T05:45:00,876.1748502233047,876.1748502233047,0
2026-02-13T06:00:00,875.2414945438976,753.314108025592,1
2026-02-13T06:15:00,876.2801161882461,753.314108025592,1
2026-02-13T06:30:00,876.5696097517076,753.314108025592,1
2026-02-13T06:45:00,874.8605819603957,753.314108025592,1
2026-02-13T07:00:00,871.8738263424268,871.8738263424268,0
2026-02-13T07:15:00,871.8738263424268,871.8738263424268,0
2026-02-13T07:30:00,870.9450523798603,749.6161909173863,1
2026-02-13T07:45:00,870.3427667283545,749.6161909173863,1
2026-02-13T08:00:00,869.9632787033667,749.6161909173863,1
2026-02-13T08:15:00,868.4345531698791,868.4345531698791,0
2026-02-13T08:30:00,868.4345531698791,868.4345531698791,0
2026-02-13T08:45:00,868.4345531698791,868.4345531698791,0
2026-02-13T09:00:00,868.4345531698791,868.4345531698791,0
2026-02-13T09:15:00,868.4345531698791,868.4345531698791,0
2026-02-13T09:30:00,868.4345531698791,868.4345531698791,0
2026-02-13T09:45:00,868.4345531698791,868.4345531698791,0
2026-02-13T10:00:00,868.4345531698791,868.4345531698791,0
2026-02-13T10:15:00,868.4345531698791,868.4345531698791,0
2026-02-13T10:30:00,868.4345531698791,868.4345531698791,0
2026-02-13T10:45:00,868.4345531698791,868.4345531698791,0
2026-02-13T11:00:00,868.4345531698791,868.4345531698791,0
2026-02-13T11:15:00,868.4345531698791,868.4345531698791,0
2026-02-13T11:30:00,868.4345531698791,868.4345531698791,0
2026-02-13T11:45:00,868.4345531698791,868.4345531698791,0
2026-02-13T12:00:00,868.4345531698791,868.4345531698791,0
2026-02-13T12:15:00,868.4345531698791,868.4345531698791,0
2026-02-13T12:30:00,868.4345531698791,868.4345531698791,0
2026-02-13T12:45:00,868.4345531698791,868.4345531698791,0
2026-02-13T13:00:00,868.4345531698791,868.4345531698791,0
2026-02-13T13:15:00,868.4345531698791,868.4345531698791,0
2026-02-13T13:30:00,868.4345531698791,868.4345531698791,0
2026-02-13T13:45:00,868.4345531698791,868.4345531698791,0
2026-02-13T14:00:00,868.4345531698791,868.4345531698791,0
2026-02-13T14:15:00,868.4345531698791,868.4345531698791,0
2026-02-13T14:30:00,868.4345531698791,868.4345531698791,0
2026-02-13T14:45:00,868.4345531698791,868.4345531698791,0
2026-02-13T15:00:00,868.4345531698791,868.4345531698791,0
2026-02-13T15:15:00,868.4345531698791,868.4345531698791,0
2026-02-13T15:30:00,868.4345531698791,868.4345531698791,0
2026-02-13T15:45:00,868.4345531698791,868.4345531698791,0
2026-02-13T16:00:00,868.4345531698791,868.4345531698791,0
2026-02-13T16:15:00,868.4345531698791,868.4345531698791,0
2026-02-13T16:30:00,868.4345531698791,868.4345531698791,0
2026-02-13T16:45:00,868.4345531698791,868.4345531698791,0
2026-02-13T17:00:00,868.4345531698791,868.4345531698791,0
2026-02-13T17:15:00,868.4345531698791,868.4345531698791,0
2026-02-13T17:30:00,868.4345531698791,868.4345531698791,0
2026-02-13T17:45:00,868.4345531698791,868.4345531698791,0
2026-02-13T18:00:00,868.4345531698791,868.4345531698791,0
2026-02-13T18:15:00,868.4345531698791,868.4345531698791,0
2026-02-13T18:30:00,868.4345531698791,868.4345531698791,0
2026-02-13T18:45:00,868.4345531698791,868.4345531698791,0
2026-02-13T19:00:00,868.4345531698791,868.4345531698791,0
2026-02-13T19:15:00,868.4345531698791,868.4345531698791,0
2026-02-13T19:30:00,868.4345531698791,868.4345531698791,0
2026-02-13T19:45:00,868.4345531698791,868.4345531698791,0
2026-02-13T20:00:00,868.4345531698791,868.4345531698791,0
2026-02-13T20:15:00,868.4345531698791,868.4345531698791,0
2026-02-13T20:30:00,868.4345531698791,868.4345531698791,0
2026-02-13T20:45:00,868.4345531698791,868.4345531698791,0
2026-02-13T21:00:00,868.4345531698791,868.4345531698791,0
2026-02-13T21:15:00,868.4345531698791,868.4345531698791,0
2026-02-13T21:30:00,868.4345531698791,868.4345531698791,0
2026-02-13T21:45:00,868.4345531698791,868.4345531698791,0
2026-02-13T22:00:00,868.4345531698791,868.4345531698791,0
2026-02-13T22:15:00,868.4345531698791,868.4345531698791,0
2026-02-13T22:30:00,868.4345531698791,868.4345531698791,0
2026-02-13T22:45:00,868.4345531698791,868.4345531698791,0
2026-02-13T23:00:00,868.4345531698791,868.4345531698791,0
2026-02-13T23:15:00,868.4345531698791,868.4345531698791,0
2026-02-13T23:30:00,868.4345531698791,868.4345531698791,0
2026-02-13T23:45:00,868.4345531698791,868.4345531698791,0
2026-02-14T00:00:00,868.4345531698791,868.4345531698791,0
2026-02-14T00:15:00,868.4345531698791,868.4345531698791,0
2026-02-14T00:30:00,868.4345531698791,868.4345531698791,0
2026-02-14T00:45:00,868.4345531698791,868.4345531698791,0
2026-02-14T01:00:00,868.4345531698791,868.4345531698791,0
2026-02-14T01:15:00,868.4345531698791,868.4345531698791,0
2026-02-14T01:30:00,868.4345531698791,868.4345531698791,0
2026-02-14T01:45:00,868.4345531698791,868.4345531698791,0
2026-02-14T02:00:00,868.4345531698791,868.4345531698791,0
2026-02-14T02:15:00,868.4345531698791,868.4345531698791,0
2026-02-14T02:30:00,868.4345531698791,868.4345531698791,0
2026-02-14T02:45:00,868.4345531698791,868.4345531698791,0
2026-02-14T03:00:00,868.4345531698791,868.4345531698791,0
2026-02-14T03:15:00,868.4345531698791,868.4345531698791,0
2026-02-14T03:30:00,868.4345531698791,868.4345531698791,0
2026-02-14T03:45:00,868.4345531698791,868.4345531698791,0
2026-02-14T04:00:00,868.4345531698791,868.4345531698791,0
2026-02-14T04:15:00,868.4345531698791,868.4345531698791,0
2026-02-14T04:30:00,868.4345531698791,868.4345531698791,0
2026-02-14T04:45:00,868.4345531698791,868.4345531698791,0
2026-02-14T05:00:00,868.4345531698791,868.4345531698791,0
2026-02-14T05:15:00,868.4345531698791,868.4345531698791,0
2026-02-14T05:30:00,868.4345531698791,868.4345531698791,0
2026-02-14T05:45:00,868.4345531698791,868.4345531698791,0
2026-02-14T06:00:00,868.4345531698791,868.4345531698791,0
2026-02-14T06:15:00,868.4345531698791,868.4345531698791,0
2026-02-14T06:30:00,868.4345531698791,868.4345531698791,0
2026-02-14T06:45:00,868.4345531698791,868.4345531698791,0
2026-02-14T07:00:00,868.4345531698791,868.4345531698791,0
2026-02-14T07:15:00,868.4345531698791,868.4345531698791,0
2026-02-14T07:30:00,867.5116313939603,746.659186386186,1
2026-02-14T07:45:00,867.7759720003266,746.659186386186,1
2026-02-14T08:00:00,870.2172269895514,746.659186386186,1
2026-02-14T08:15:00,869.7149377226482,746.659186386186,1
2026-02-14T08:30:00,870.8914850524177,746.659186386186,1
2026-02-14T08:45:00,871.4746347490961,746.659186386186,1
2026-02-14T09:00:00,871.2649732007117,746.659186386186,1
2026-02-14T09:15:00,870.4141137130929,746.659186386186,1
2026-02-14T09:30:00,871.3396567921014,746.659186386186,1
2026-02-14T09:45:00,871.2551464123709,746.659186386186,1
2026-02-14T10:00:00,870.8071852467231,746.659186386186,1
2026-02-14T10:15:00,870.5886795888318,746.659186386186,1
2026-02-14T10:30:00,870.5032567216126,746.659186386186,1
2026-02-14T10:45:00,870.9528322882021,746.659186386186,1
2026-02-14T11:00:00,873.9431941716391,746.659186386186,1
2026-02-14T11:15:00,874.617803191232,746.659186386186,1
2026-02-14T11:30:00,875.436164085981,746.659186386186,1
2026-02-14T11:45:00,876.805948189337,746.659186386186,1
2026-02-14T12:00:00,876.6847277360192,746.659186386186,1
2026-02-14T12:15:00,875.757570256069,746.659186386186,1
2026-02-14T12:30:00,873.8704057465723,746.659186386186,1
2026-02-14T12:45:00,870.3405515761267,870.3405515761267,0
2026-02-14T13:00:00,870.3405515761267,870.3405515761267,0
2026-02-14T13:15:00,870.3405515761267,870.3405515761267,0
2026-02-14T13:30:00,870.3405515761267,870.3405515761267,0
2026-02-14T13:45:00,870.3405515761267,870.3405515761267,0
2026-02-14T14:00:00,870.3405515761267,870.3405515761267,0
2026-02-14T14:15:00,870.3405515761267,870.3405515761267,0
2026-02-14T14:30:00,870.3405515761267,870.3405515761267,0
2026-02-14T14:45:00,870.3405515761267,870.3405515761267,0
2026-02-14T15:00:00,870.3405515761267,870.3405515761267,0
2026-02-14T15:15:00,870.3405515761267,870.3405515761267,0
2026-02-14T15:30:00,870.3405515761267,870.3405515761267,0
2026-02-14T15:45:00,870.3405515761267,870.3405515761267,0
2026-02-14T16:00:00,870.3405515761267,870.3405515761267,0
2026-02-14T16:15:00,870.3405515761267,870.3405515761267,0
2026-02-14T16:30:00,870.3405515761267,870.3405515761267,0
2026-02-14T16:45:00,870.3405515761267,870.3405515761267,0
2026-02-14T17:00:00,870.3405515761267,870.3405515761267,0
2026-02-14T17:15:00,870.3405515761267,870.3405515761267,0
2026-02-14T17:30:00,870.3405515761267,870.3405515761267,0
2026-02-14T17:45:00,870.3405515761267,870.3405515761267,0
2026-02-14T18:00:00,870.3405515761267,870.3405515761267,0
2026-02-14T18:15:00,870.3405515761267,870.3405515761267,0
2026-02-14T18:30:00,870.3405515761267,870.3405515761267,0
2026-02-14T18:45:00,870.3405515761267,870.3405515761267,0
2026-02-14T19:00:00,870.3405515761267,870.3405515761267,0
2026-02-14T19:15:00,870.3405515761267,870.3405515761267,0
2026-02-14T19:30:00,870.3405515761267,870.3405515761267,0
2026-02-14T19:45:00,870.3405515761267,870.3405515761267,0
2026-02-14T20:00:00,870.3405515761267,870.3405515761267,0
2026-02-14T20:15:00,870.3405515761267,870.3405515761267,0
2026-02-14T20:30:00,870.3405515761267,870.3405515761267,0
2026-02-14T20:45:00,870.3405515761267,870.3405515761267,0
2026-02-14T21:00:00,870.3405515761267,870.3405515761267,0
2026-02-14T21:15:00,870.3405515761267,870.3405515761267,0
2026-02-14T21:30:00,870.3405515761267,870.3405515761267,0
2026-02-14T21:45:00,870.3405515761267,870.3405515761267,0
2026-02-14T22:00:00,870.3405515761267,870.3405515761267,0
2026-02-14T22:15:00,870.3405515761267,870.3405515761267,0
2026-02-14T22:30:00,870.3405515761267,870.3405515761267,0
2026-02-14T22:45:00,870.3405515761267,870.3405515761267,0
2026-02-14T23:00:00,870.3405515761267,870.3405515761267,0
2026-02-14T23:15:00,870.3405515761267,870.3405515761267,0
2026-02-14T23:30:00,870.3405515761267,870.3405515761267,0
2026-02-14T23:45:00,870.3405515761267,870.3405515761267,0
2026-02-15T00:00:00,870.3405515761267,870.3405515761267,0
2026-02-15T00:15:00,870.3405515761267,870.3405515761267,0
2026-02-15T00:30:00,870.3405515761267,870.3405515761267,0
2026-02-15T00:45:00,870.3405515761267,870.3405515761267,0
2026-02-15T01:00:00,870.3405515761267,870.3405515761267,0
2026-02-15T01:15:00,870.3405515761267,870.3405515761267,0
2026-02-15T01:30:00,870.3405515761267,870.3405515761267,0
2026-02-15T01:45:00,870.3405515761267,870.3405515761267,0
2026-02-15T02:00:00,870.3405515761267,870.3405515761267,0
2026-02-15T02:15:00,870.3405515761267,870.3405515761267,0
2026-02-15T02:30:00,870.3405515761267,870.3405515761267,0
2026-02-15T02:45:00,870.3405515761267,870.3405515761267,0
2026-02-15T03:00:00,870.3405515761267,870.3405515761267,0
2026-02-15T03:15:00,870.3405515761267,870.3405515761267,0
2026-02-15T03:30:00,870.3405515761267,870.3405515761267,0
2026-02-15T03:45:00,870.3405515761267,870.3405515761267,0
2026-02-15T04:00:00,870.3405515761267,870.3405515761267,0
2026-02-15T04:15:00,870.3405515761267,870.3405515761267,0
2026-02-15T04:30:00,870.3405515761267,870.3405515761267,0
2026-02-15T04:45:00,870.3405515761267,870.3405515761267,0
2026-02-15T05:00:00,870.3405515761267,870.3405515761267,0
2026-02-15T05:15:00,870.3405515761267,870.3405515761267,0
2026-02-15T05:30:00,870.3405515761267,870.3405515761267,0
2026-02-15T05:45:00,870.3405515761267,870.3405515761267,0
