timestamp,equity,cash,open_positions
2026-01-16T05:45:00,1000.0,1000.0,0
2026-01-16T06:00:00,1000.0,1000.0,0
2026-01-16T06:15:00,1000.0,1000.0,0
2026-01-16T06:30:00,1000.0,1000.0,0
2026-01-16T06:45:00,1000.0,1000.0,0
2026-01-16T07:00:00,1000.0,1000.0,0
2026-01-16T07:15:00,1000.0,1000.0,0
2026-01-16T07:30:00,1000.0,1000.0,0
2026-01-16T07:45:00,1000.0,1000.0,0
2026-01-16T08:00:00,1000.0,1000.0,0
2026-01-16T08:15:00,1000.0,1000.0,0
2026-01-16T08:30:00,1000.0,1000.0,0
2026-01-16T08:45:00,1000.0,1000.0,0
2026-01-16T09:00:00,1000.0,1000.0,0
2026-01-16T09:15:00,1000.0,1000.0,0
2026-01-16T09:30:00,1000.0,1000.0,0
2026-01-16T09:45:00,1000.0,1000.0,0
2026-01-16T10:00:00,1000.0,1000.0,0
2026-01-16T10:15:00,1000.0,1000.0,0
2026-01-16T10:30:00,1000.0,1000.0,0
2026-01-16T10:45:00,1000.0,1000.0,0
2026-01-16T11:00:00,1000.0,1000.0,0
2026-01-16T11:15:00,1000.0,1000.0,0
2026-01-16T11:30:00,1000.0,1000.0,0
2026-01-16T11:45:00,1000.0,1000.0,0
2026-01-16T12:00:00,1000.0,1000.0,0
2026-01-16T12:15:00,1000.0,1000.0,0
2026-01-16T12:30:00,1000.0,1000.0,0
2026-01-16T12:45:00,1000.0,1000.0,0
2026-01-16T13:00:00,1000.0,1000.0,0
2026-01-16T13:15:00,1000.0,1000.0,0
2026-01-16T13:30:00,1000.0,1000.0,0
2026-01-16T13:45:00,1000.0,1000.0,0
2026-01-16T14:00:00,1000.0,1000.0,0
2026-01-16T14:15:00,1000.0,1000.0,0
2026-01-16T14:30:00,1000.0,1000.0,0
2026-01-16T14:45:00,1000.0,1000.0,0
2026-01-16T15:00:00,1000.0,1000.0,0
2026-01-16T15:15:00,1000.0,1000.0,0
2026-01-16T15:30:00,1000.0,1000.0,0
2026-01-16T15:45:00,1000.0,1000.0,0
2026-01-16T16:00:00,1000.0,1000.0,0
2026-01-16T16:15:00,1000.0,1000.0,0
2026-01-16T16:30:00,1000.0,1000.0,0
2026-01-16T16:45:00,1000.0,1000.0,0
2026-01-16T17:00:00,1000.0,1000.0,0
2026-01-16T17:15:00,1000.0,1000.0,0
2026-01-16T17:30:00,1000.0,1000.0,0
2026-01-16T17:45:00,1000.0,1000.0,0
2026-01-16T18:00:00,1000.0,1000.0,0
2026-01-16T18:15:00,1000.0,1000.0,0
2026-01-16T18:30:00,1000.0,1000.0,0
2026-01-16T18:45:00,1000.0,1000.0,0
2026-01-16T19:00:00,1000.0,1000.0,0
2026-01-16T19:15:00,1000.0,1000.0,0
2026-01-16T19:30:00,1000.0,1000.0,0
2026-01-16T19:45:00,1000.0,1000.0,0
2026-01-16T20:00:00,1000.0,1000.0,0
2026-01-16T20:15:00,1000.0,1000.0,0
2026-01-16T20:30:00,1000.0,1000.0,0
2026-01-16T20:45:00,1000.0,1000.0,0
2026-01-16T21:00:00,1000.0,1000.0,0
2026-01-16T21:15:00,1000.0,1000.0,0
2026-01-16T21:30:00,1000.0,1000.0,0
2026-01-16T21:45:00,1000.0,1000.0,0
2026-01-16T22:00:00,1000.0,1000.0,0
2026-01-16T22:15:00,1000.0,1000.0,0
2026-01-16T22:30:00,1000.0,1000.0,0
2026-01-16T22:45:00,1000.0,1000.0,0
2026-01-16T23:00:00,1000.0,1000.0,0
2026-01-16T23:15:00,1000.0,1000.0,0
2026-01-16T23:30:00,1000.0,1000.0,0
2026-01-16T23:45:00,1000.0,1000.0,0
2026-01-17T00:00:00,1000.0,1000.0,0
2026-01-17T00:15:00,1000.0,1000.0,0
2026-01-17T00:30:00,1000.0,1000.0,0
2026-01-17T00:45:00,1000.0,1000.0,0
2026-01-17T01:00:00,1000.0,1000.0,0
2026-01-17T01:15:00,1000.0,1000.0,0
2026-01-17T01:30:00,1000.0,1000.0,0
2026-01-17T01:45:00,1000.0,1000.0,0
2026-01-17T02:00:00,1000.0,1000.0,0
2026-01-17T02:15:00,1000.0,1000.0,0
2026-01-17T02:30:00,1000.0,1000.0,0
2026-01-17T02:45:00,1000.0,1000.0,0
2026-01-17T03:00:00,1000.0,1000.0,0
2026-01-17T03:15:00,1000.0,1000.0,0
2026-01-17T03:30:00,1000.0,1000.0,0
2026-01-17T03:45:00,1000.0,1000.0,0
2026-01-17T04:00:00,1000.0,1000.0,0
2026-01-17T04:15:00,1000.0,1000.0,0
2026-01-17T04:30:00,1000.0,1000.0,0
2026-01-17T04:45:00,1000.0,1000.0,0
2026-01-17T05:00:00,1000.0,1000.0,0
2026-01-17T05:15:00,1000.0,1000.0,0
2026-01-17T05:30:00,1000.0,1000.0,0
2026-01-17T05:45:00,1000.0,1000.0,0
2026-01-17T06:00:00,1000.0,1000.0,0
2026-01-17T06:15:00,1000.0,1000.0,0
2026-01-17T06:30:00,1000.0,1000.0,0
2026-01-17T06:45:00,1000.0,1000.0,0
2026-01-17T07:00:00,1000.0,1000.0,0
2026-01-17T07:15:00,1000.0,1000.0,0
2026-01-17T07:30:00,1000.0,1000.0,0
2026-01-17T07:45:00,1000.0,1000.0,0
2026-01-17T08:00:00,1000.0,1000.0,0
2026-01-17T08:15:00,1000.0,1000.0,0
2026-01-17T08:30:00,1000.0,1000.0,0
2026-01-17T08:45:00,1000.0,1000.0,0
2026-01-17T09:00:00,1000.0,1000.0,0
2026-01-17T09:15:00,1000.0,1000.0,0
2026-01-17T09:30:00,1000.0,1000.0,0
2026-01-17T09:45:00,1000.0,1000.0,0
2026-01-17T10:00:00,1000.0,1000.0,0
2026-01-17T10:15:00,1000.0,1000.0,0
2026-01-17T10:30:00,1000.0,1000.0,0
2026-01-17T10:45:00,1000.0,1000.0,0
2026-01-17T11:00:00,1000.0,1000.0,0
2026-01-17T11:15:00,1000.0,1000.0,0
2026-01-17T11:30:00,1000.0,1000.0,0
2026-01-17T11:45:00,1000.0,1000.0,0
2026-01-17T12:00:00,1000.0,1000.0,0
2026-01-17T12:15:00,1000.0,1000.0,0
2026-01-17T12:30:00,1000.0,1000.0,0
2026-01-17T12:45:00,1000.0,1000.0,0
2026-01-17T13:00:00,1000.0,1000.0,0
2026-01-17T13:15:00,1000.0,1000.0,0
2026-01-17T13:30:00,1000.0,1000.0,0
2026-01-17T13:45:00,1000.0,1000.0,0
2026-01-17T14:00:00,1000.0,1000.0,0
2026-01-17T14:15:00,1000.0,1000.0,0
2026-01-17T14:30:00,1000.0,1000.0,0
2026-01-17T14:45:00,1000.0,1000.0,0
2026-01-17T15:00:00,1000.0,1000.0,0
2026-01-17T15:15:00,1000.0,1000.0,0
2026-01-17T15:30:00,1000.0,1000.0,0
2026-01-17T15:45:00,1000.0,1000.0,0
2026-01-17T16:00:00,1000.0,1000.0,0
2026-01-17T16:15:00,1000.0,1000.0,0
2026-01-17T16:30:00,1000.0,1000.0,0
2026-01-17T16:45:00,1000.0,1000.0,0
2026-01-17T17:00:00,1000.0,1000.0,0
2026-01-17T17:15:00,1000.0,1000.0,0
2026-01-17T17:30:00,1000.0,1000.0,0
2026-01-17T17:45:00,1000.0,1000.0,0
2026-01-17T18:00:00,1000.0,1000.0,0
2026-01-17T18:15:00,1000.0,1000.0,0
2026-01-17T18:30:00,1000.0,1000.0,0
2026-01-17T18:45:00,1000.0,1000.0,0
2026-01-17T19:00:00,1000.0,1000.0,0
2026-01-17T19:15:00,1000.0,1000.0,0
2026-01-17T19:30:00,1000.0,1000.0,0
2026-01-17T19:45:00,1000.0,1000.0,0
2026-01-17T20:00:00,1000.0,1000.0,0
2026-01-17T20:15:00,1000.0,1000.0,0
2026-01-17T20:30:00,1000.0,1000.0,0
2026-01-17T20:45:00,1000.0,1000.0,0
2026-01-17T21:00:00,1000.0,1000.0,0
2026-01-17T21:15:00,1000.0,1000.0,0
2026-01-17T21:30:00,1000.0,1000.0,0
2026-01-17T21:45:00,1000.0,1000.0,0
2026-01-17T22:00:00,1000.0,1000.0,0
2026-01-17T22:15:00,1000.0,1000.0,0
2026-01-17T22:30:00,1000.0,1000.0,0
2026-01-17T22:45:00,1000.0,1000.0,0
2026-01-17T23:00:00,1000.0,1000.0,0
2026-01-17T23:15:00,1000.0,1000.0,0
2026-01-17T23:30:00,1000.0,1000.0,0
2026-01-17T23:45:00,1000.0,1000.0,0
2026-01-18T00:00:00,1000.0,1000.0,0
2026-01-18T00:15:00,1000.0,1000.0,0
2026-01-18T00:30:00,1000.0,1000.0,0
2026-01-18T00:45:00,1000.0,1000.0,0
2026-01-18T01:00:00,1000.0,1000.0,0
2026-01-18T01:15:00,1000.0,1000.0,0
2026-01-18T01:30:00,1000.0,1000.0,0
2026-01-18T01:45:00,1000.0,1000.0,0
2026-01-18T02:00:00,1000.0,1000.0,0
2026-01-18T02:15:00,1000.0,1000.0,0
2026-01-18T02:30:00,1000.0,1000.0,0
2026-01-18T02:45:00,1000.0,1000.0,0
2026-01-18T03:00:00,1000.0,1000.0,0
2026-01-18T03:15:00,1000.0,1000.0,0
2026-01-18T03:30:00,1000.0,1000.0,0
2026-01-18T03:45:00,1000.0,1000.0,0
2026-01-18T04:00:00,1000.0,1000.0,0
2026-01-18T04:15:00,1000.0,1000.0,0
2026-01-18T04:30:00,1000.0,1000.0,0
2026-01-18T04:45:00,1000.0,1000.0,0
2026-01-18T05:00:00,1000.0,1000.0,0
2026-01-18T05:15:00,1000.0,1000.0,0
2026-01-18T05:30:00,1000.0,1000.0,0
2026-01-18T05:45:00,1000.0,1000.0,0
2026-01-18T06:00:00,1000.0,1000.0,0
2026-01-18T06:15:00,1000.0,1000.0,0
2026-01-18T06:30:00,1000.0,1000.0,0
2026-01-18T06:45:00,1000.0,1000.0,0
2026-01-18T07:00:00,1000.0,1000.0,0
2026-01-18T07:15:00,1000.0,1000.0,0
2026-01-18T07:30:00,1000.0,1000.0,0
2026-01-18T07:45:00,1000.0,1000.0,0
2026-01-18T08:00:00,1000.0,1000.0,0
2026-01-18T08:15:00,1000.0,1000.0,0
2026-01-18T08:30:00,1000.0,1000.0,0
2026-01-18T08:45:00,1000.0,1000.0,0
2026-01-18T09:00:00,1000.0,1000.0,0
2026-01-18T09:15:00,1000.0,1000.0,0
2026-01-18T09:30:00,1000.0,1000.0,0
2026-01-18T09:45:00,1000.0,1000.0,0
2026-01-18T10:00:00,1000.0,1000.0,0
2026-01-18T10:15:00,1000.0,1000.0,0
2026-01-18T10:30:00,1000.0,1000.0,0
2026-01-18T10:45:00,1000.0,1000.0,0
2026-01-18T11:00:00,1000.0,1000.0,0
2026-01-18T11:15:00,1000.0,1000.0,0
2026-01-18T11:30:00,1000.0,1000.0,0
2026-01-18T11:45:00,1000.0,1000.0,0
2026-01-18T12:00:00,1000.0,1000.0,0
2026-01-18T12:15:00,1000.0,1000.0,0
2026-01-18T12:30:00,1000.0,1000.0,0
2026-01-18T12:45:00,1000.0,1000.0,0
2026-01-18T13:00:00,1000.0,1000.0,0
2026-01-18T13:15:00,1000.0,1000.0,0
2026-01-18T13:30:00,1000.0,1000.0,0
2026-01-18T13:45:00,1000.0,1000.0,0
2026-01-18T14:00:00,1000.0,1000.0,0
2026-01-18T14:15:00,1000.0,1000.0,0
2026-01-18T14:30:00,1000.0,1000.0,0
2026-01-18T14:45:00,1000.0,1000.0,0
2026-01-18T15:00:00,1000.0,1000.0,0
2026-01-18T15:15:00,1000.0,1000.0,0
2026-01-18T15:30:00,1000.0,1000.0,0
2026-01-18T15:45:00,1000.0,1000.0,0
2026-01-18T16:00:00,1000.0,1000.0,0
2026-01-18T16:15:00,1000.0,1000.0,0
2026-01-18T16:30:00,1000.0,1000.0,0
2026-01-18T16:45:00,1000.0,1000.0,0
2026-01-18T17:00:00,1000.0,1000.0,0
2026-01-18T17:15:00,1000.0,1000.0,0
2026-01-18T17:30:00,1000.0,1000.0,0
2026-01-18T17:45:00,1000.0,1000.0,0
2026-01-18T18:00:00,1000.0,1000.0,0
2026-01-18T18:15:00,999.240898652022,899.84,1
2026-01-18T18:30:00,998.9795596070921,899.84,1
2026-01-18T18:45:00,999.1957582715341,899.84,1
2026-01-18T19:00:00,998.3772918990038,899.84,1
2026-01-18T19:15:00,998.0933826638301,899.84,1
2026-01-18T19:30:00,997.8569896186435,899.84,1
2026-01-18T19:45:00,997.3794519092718,899.84,1
2026-01-18T20:00:00,996.724393555166,996.724393555166,0
2026-01-18T20:15:00,996.724393555166,996.724393555166,0
2026-01-18T20:30:00,996.724393555166,996.724393555166,0
2026-01-18T20:45:00,996.724393555166,996.724393555166,0
2026-01-18T21:00:00,996.724393555166,996.724393555166,0
2026-01-18T21:15:00,996.724393555166,996.724393555166,0
2026-01-18T21:30:00,996.724393555166,996.724393555166,0
2026-01-18T21:45:00,996.724393555166,996.724393555166,0
2026-01-18T22:00:00,996.724393555166,996.724393555166,0
2026-01-18T22:15:00,996.724393555166,996.724393555166,0
2026-01-18T22:30:00,996.724393555166,996.724393555166,0
2026-01-18T22:45:00,996.724393555166,996.724393555166,0
2026-01-18T23:00:00,996.724393555166,996.724393555166,0
2026-01-18T23:15:00,996.724393555166,996.724393555166,0
2026-01-18T23:30:00,996.724393555166,996.724393555166,0
2026-01-18T23:45:00,996.724393555166,996.724393555166,0
2026-01-19T00:00:00,995.9659846165106,896.8924782966806,1
2026-01-19T00:15:00,995.1464479137483,896.8924782966806,1
2026-01-19T00:30:00,993.6800494878096,896.8924782966806,1
2026-01-19T00:45:00,994.8326269028249,896.8924782966806,1
2026-01-19T01:00:00,994.6306256823339,896.8924782966806,1
2026-01-19T01:15:00,995.4657972882002,896.8924782966806,1
2026-01-19T01:30:00,995.6639545684254,896.8924782966806,1
2026-01-19T01:45:00,995.3697851622323,896.8924782966806,1
2026-01-19T02:00:00,996.0816483472088,896.8924782966806,1
2026-01-19T02:15:00,995.7589301262317,896.8924782966806,1
2026-01-19T02:30:00,995.4502919561163,896.8924782966806,1
2026-01-19T02:45:00,995.4555179872643,896.8924782966806,1
2026-01-19T03:00:00,994.7247806236787,896.8924782966806,1
2026-01-19T03:15:00,995.2168342485271,995.2168342485271,0
2026-01-19T03:30:00,995.2168342485271,995.2168342485271,0
2026-01-19T03:45:00,995.2168342485271,995.2168342485271,0
2026-01-19T04:00:00,995.2168342485271,995.2168342485271,0
2026-01-19T04:15:00,995.2168342485271,995.2168342485271,0
2026-01-19T04:30:00,995.2168342485271,995.2168342485271,0
2026-01-19T04:45:00,995.2168342485271,995.2168342485271,0
2026-01-19T05:00:00,995.2168342485271,995.2168342485271,0
2026-01-19T05:15:00,995.2168342485271,995.2168342485271,0
2026-01-19T05:30:00,995.2168342485271,995.2168342485271,0
2026-01-19T05:45:00,995.2168342485271,995.2168342485271,0
2026-01-19T06:00:00,995.2168342485271,995.2168342485271,0
2026-01-19T06:15:00,995.2168342485271,995.2168342485271,0
2026-01-19T06:30:00,995.2168342485271,995.2168342485271,0
2026-01-19T06:45:00,995.2168342485271,995.2168342485271,0
2026-01-19T07:00:00,995.2168342485271,995.2168342485271,0
2026-01-19T07:15:00,995.2168342485271,995.2168342485271,0
2026-01-19T07:30:00,995.2168342485271,995.2168342485271,0
2026-01-19T07:45:00,995.2168342485271,995.2168342485271,0
2026-01-19T08:00:00,995.2168342485271,995.2168342485271,0
2026-01-19T08:15:00,995.2168342485271,995.2168342485271,0
2026-01-19T08:30:00,995.2168342485271,995.2168342485271,0
2026-01-19T08:45:00,995.2168342485271,995.2168342485271,0
2026-01-19T09:00:00,995.2168342485271,995.2168342485271,0
2026-01-19T09:15:00,995.2168342485271,995.2168342485271,0
2026-01-19T09:30:00,995.2168342485271,995.2168342485271,0
2026-01-19T09:45:00,995.2168342485271,995.2168342485271,0
2026-01-19T10:00:00,995.2168342485271,995.2168342485271,0
2026-01-19T10:15:00,995.2168342485271,995.2168342485271,0
2026-01-19T10:30:00,995.2168342485271,995.2168342485271,0
2026-01-19T10:45:00,995.2168342485271,995.2168342485271,0
2026-01-19T11:00:00,995.2168342485271,995.2168342485271,0
2026-01-19T11:15:00,995.2168342485271,995.2168342485271,0
2026-01-19T11:30:00,995.2168342485271,995.2168342485271,0
2026-01-19T11:45:00,995.2168342485271,995.2168342485271,0
2026-01-19T12:00:00,995.2168342485271,995.2168342485271,0
2026-01-19T12:15:00,995.2168342485271,995.2168342485271,0
2026-01-19T12:30:00,995.2168342485271,995.2168342485271,0
2026-01-19T12:45:00,995.2168342485271,995.2168342485271,0
2026-01-19T13:00:00,995.2168342485271,995.2168342485271,0
2026-01-19T13:15:00,995.2168342485271,995.2168342485271,0
2026-01-19T13:30:00,995.2168342485271,995.2168342485271,0
2026-01-19T13:45:00,995.2168342485271,995.2168342485271,0
2026-01-19T14:00:00,995.2168342485271,995.2168342485271,0
2026-01-19T14:15:00,995.2168342485271,995.2168342485271,0
2026-01-19T14:30:00,995.2168342485271,995.2168342485271,0
2026-01-19T14:45:00,995.2168342485271,995.2168342485271,0
2026-01-19T15:00:00,995.2168342485271,995.2168342485271,0
2026-01-19T15:15:00,995.2168342485271,995.2168342485271,0
2026-01-19T15:30:00,995.2168342485271,995.2168342485271,0
2026-01-19T15:45:00,995.2168342485271,995.2168342485271,0
2026-01-19T16:00:00,995.2168342485271,995.2168342485271,0
2026-01-19T16:15:00,995.2168342485271,995.2168342485271,0
2026-01-19T16:30:00,995.2168342485271,995.2168342485271,0
2026-01-19T16:45:00,995.2168342485271,995.2168342485271,0
2026-01-19T17:00:00,995.2168342485271,995.2168342485271,0
2026-01-19T17:15:00,995.2168342485271,995.2168342485271,0
2026-01-19T17:30:00,995.2168342485271,995.2168342485271,0
2026-01-19T17:45:00,995.2168342485271,995.2168342485271,0
2026-01-19T18:00:00,995.2168342485271,995.2168342485271,0
2026-01-19T18:15:00,994.4595724137864,895.5359161301947,1
2026-01-19T18:30:00,993.6996217691095,895.5359161301947,1
2026-01-19T18:45:00,993.9343124093773,895.5359161301947,1
2026-01-19T19:00:00,992.9073134196301,992.9073134196301,0
2026-01-19T19:15:00,992.9073134196301,992.9073134196301,0
2026-01-19T19:30:00,992.9073134196301,992.9073134196301,0
2026-01-19T19:45:00,992.9073134196301,992.9073134196301,0
2026-01-19T20:00:00,992.9073134196301,992.9073134196301,0
2026-01-19T20:15:00,992.9073134196301,992.9073134196301,0
2026-01-19T20:30:00,992.9073134196301,992.9073134196301,0
2026-01-19T20:45:00,992.9073134196301,992.9073134196301,0
2026-01-19T21:00:00,992.9073134196301,992.9073134196301,0
2026-01-19T21:15:00,992.9073134196301,992.9073134196301,0
2026-01-19T21:30:00,992.9073134196301,992.9073134196301,0
2026-01-19T21:45:00,992.9073134196301,992.9073134196301,0
2026-01-19T22:00:00,992.9073134196301,992.9073134196301,0
2026-01-19T22:15:00,992.9073134196301,992.9073134196301,0
2026-01-19T22:30:00,992.9073134196301,992.9073134196301,0
2026-01-19T22:45:00,992.9073134196301,992.9073134196301,0
2026-01-19T23:00:00,992.1518089024106,893.45771690752,1
2026-01-19T23:15:00,991.183710213731,893.45771690752,1
2026-01-19T23:30:00,990.3032789354105,893.45771690752,1
2026-01-19T23:45:00,990.454818316174,893.45771690752,1
2026-01-20T00:00:00,990.0916247589722,893.45771690752,1
2026-01-20T00:15:00,991.3640546007555,893.45771690752,1
2026-01-20T00:30:00,990.3521222068963,893.45771690752,1
2026-01-20T00:45:00,991.1348669422453,893.45771690752,1
2026-01-20T01:00:00,990.9945990856708,893.45771690752,1
2026-01-20T01:15:00,989.1300978197557,989.1300978197557,0
2026-01-20T01:30:00,989.1300978197557,989.1300978197557,0
2026-01-20T01:45:00,989.1300978197557,989.1300978197557,0
2026-01-20T02:00:00,989.1300978197557,989.1300978197557,0
2026-01-20T02:15:00,989.1300978197557,989.1300978197557,0
2026-01-20T02:30:00,989.1300978197557,989.1300978197557,0
2026-01-20T02:45:00,989.1300978197557,989.1300978197557,0
2026-01-20T03:00:00,989.1300978197557,989.1300978197557,0
2026-01-20T03:15:00,989.1300978197557,989.1300978197557,0
2026-01-20T03:30:00,989.1300978197557,989.1300978197557,0
2026-01-20T03:45:00,989.1300978197557,989.1300978197557,0
2026-01-20T04:00:00,989.1300978197557,989.1300978197557,0
2026-01-20T04:15:00,989.1300978197557,989.1300978197557,0
2026-01-20T04:30:00,989.1300978197557,989.1300978197557,0
2026-01-20T04:45:00,989.1300978197557,989.1300978197557,0
2026-01-20T05:00:00,989.1300978197557,989.1300978197557,0
2026-01-20T05:15:00,989.1300978197557,989.1300978197557,0
2026-01-20T05:30:00,989.1300978197557,989.1300978197557,0
2026-01-20T05:45:00,989.1300978197557,989.1300978197557,0
2026-01-20T06:00:00,989.1300978197557,989.1300978197557,0
2026-01-20T06:15:00,988.3774673909932,890.058827222129,1
2026-01-20T06:30:00,990.1041164458566,890.058827222129,1
2026-01-20T06:45:00,991.5041021660161,890.058827222129,1
2026-01-20T07:00:00,991.0588814820373,890.058827222129,1
2026-01-20T07:15:00,990.590958326921,890.058827222129,1
2026-01-20T07:30:00,990.1671788656835,890.058827222129,1
2026-01-20T07:45:00,990.6893357018512,890.058827222129,1
2026-01-20T08:00:00,992.7703955561424,890.058827222129,1
2026-01-20T08:15:00,992.1662575741997,890.058827222129,1
2026-01-20T08:30:00,994.3974059876791,890.058827222129,1
2026-01-20T08:45:00,992.774179301332,890.058827222129,1
2026-01-20T09:00:00,993.6835393952374,890.058827222129,1
2026-01-20T09:15:00,993.9862390104071,890.058827222129,1
2026-01-20T09:30:00,994.3482173002141,890.058827222129,1
2026-01-20T09:45:00,994.3810097585241,890.058827222129,1
2026-01-20T10:00:00,993.3341735893958,890.058827222129,1
2026-01-20T10:15:00,992.2522511320212,992.2522511320212,0
2026-01-20T10:30:00,992.2522511320212,992.2522511320212,0
2026-01-20T10:45:00,992.2522511320212,992.2522511320212,0
2026-01-20T11:00:00,992.2522511320212,992.2522511320212,0
2026-01-20T11:15:00,992.2522511320212,992.2522511320212,0
2026-01-20T11:30:00,992.2522511320212,992.2522511320212,0
2026-01-20T11:45:00,992.2522511320212,992.2522511320212,0
2026-01-20T12:00:00,992.2522511320212,992.2522511320212,0
2026-01-20T12:15:00,992.2522511320212,992.2522511320212,0
2026-01-20T12:30:00,992.2522511320212,992.2522511320212,0
2026-01-20T12:45:00,992.2522511320212,992.2522511320212,0
2026-01-20T13:00:00,992.2522511320212,992.2522511320212,0
2026-01-20T13:15:00,992.2522511320212,992.2522511320212,0
2026-01-20T13:30:00,992.2522511320212,992.2522511320212,0
2026-01-20T13:45:00,992.2522511320212,992.2522511320212,0
2026-01-20T14:00:00,992.2522511320212,992.2522511320212,0
2026-01-20T14:15:00,992.2522511320212,992.2522511320212,0
2026-01-20T14:30:00,992.2522511320212,992.2522511320212,0
2026-01-20T14:45:00,992.2522511320212,992.2522511320212,0
2026-01-20T15:00:00,992.2522511320212,992.2522511320212,0
2026-01-20T15:15:00,992.2522511320212,992.2522511320212,0
2026-01-20T15:30:00,992.2522511320212,992.2522511320212,0
2026-01-20T15:45:00,992.2522511320212,992.2522511320212,0
2026-01-20T16:00:00,992.2522511320212,992.2522511320212,0
2026-01-20T16:15:00,992.2522511320212,992.2522511320212,0
2026-01-20T16:30:00,992.2522511320212,992.2522511320212,0
2026-01-20T16:45:00,992.2522511320212,992.2522511320212,0
2026-01-20T17:00:00,992.2522511320212,992.2522511320212,0
2026-01-20T17:15:00,992.2522511320212,992.2522511320212,0
2026-01-20T17:30:00,991.497245052582,892.8682656586379,1
2026-01-20T17:45:00,991.1096667638815,892.8682656586379,1
2026-01-20T18:00:00,990.5221166926063,892.8682656586379,1
2026-01-20T18:15:00,991.2972732700072,892.8682656586379,1
2026-01-20T18:30:00,992.2744403493974,892.8682656586379,1
2026-01-20T18:45:00,992.3260731345702,892.8682656586379,1
2026-01-20T19:00:00,991.9945596297698,892.8682656586379,1
2026-01-20T19:15:00,992.404031992183,892.8682656586379,1
2026-01-20T19:30:00,992.5756833028905,892.8682656586379,1
2026-01-20T19:45:00,991.3299371006273,892.8682656586379,1
2026-01-20T20:00:00,992.7736606860379,892.8682656586379,1
2026-01-20T20:15:00,990.8223011997355,990.8223011997355,0
2026-01-20T20:30:00,990.8223011997355,990.8223011997355,0
2026-01-20T20:45:00,990.8223011997355,990.8223011997355,0
2026-01-20T21:00:00,990.8223011997355,990.8223011997355,0
2026-01-20T21:15:00,990.8223011997355,990.8223011997355,0
2026-01-20T21:30:00,990.8223011997355,990.8223011997355,0
2026-01-20T21:45:00,990.8223011997355,990.8223011997355,0
2026-01-20T22:00:00,990.8223011997355,990.8223011997355,0
2026-01-20T22:15:00,990.8223011997355,990.8223011997355,0
2026-01-20T22:30:00,990.8223011997355,990.8223011997355,0
2026-01-20T22:45:00,990.8223011997355,990.8223011997355,0
2026-01-20T23:00:00,990.0683831711331,891.58153951157,1
2026-01-20T23:15:00,990.5227891616854,891.58153951157,1
2026-01-20T23:30:00,989.95242199847,891.58153951157,1
2026-01-20T23:45:00,990.5834665194743,891.58153951157,1
2026-01-21T00:00:00,991.0945047106295,891.58153951157,1
2026-01-21T00:15:00,990.8167372505293,891.58153951157,1
2026-01-21T00:30:00,988.9465262449031,891.58153951157,1
2026-01-21T00:45:00,987.5523339949837,987.5523339949837,0
2026-01-21T01:00:00,987.5523339949837,987.5523339949837,0
2026-01-21T01:15:00,987.5523339949837,987.5523339949837,0
2026-01-21T01:30:00,987.5523339949837,987.5523339949837,0
2026-01-21T01:45:00,987.5523339949837,987.5523339949837,0
2026-01-21T02:00:00,987.5523339949837,987.5523339949837,0
2026-01-21T02:15:00,987.5523339949837,987.5523339949837,0
2026-01-21T02:30:00,987.5523339949837,987.5523339949837,0
2026-01-21T02:45:00,987.5523339949837,987.5523339949837,0
2026-01-21T03:00:00,987.5523339949837,987.5523339949837,0
2026-01-21T03:15:00,987.5523339949837,987.5523339949837,0
2026-01-21T03:30:00,987.5523339949837,987.5523339949837,0
2026-01-21T03:45:00,987.5523339949837,987.5523339949837,0
2026-01-21T04:00:00,987.5523339949837,987.5523339949837,0
2026-01-21T04:15:00,987.5523339949837,987.5523339949837,0
2026-01-21T04:30:00,987.5523339949837,987.5523339949837,0
2026-01-21T04:45:00,987.5523339949837,987.5523339949837,0
2026-01-21T05:00:00,987.5523339949837,987.5523339949837,0
2026-01-21T05:15:00,987.5523339949837,987.5523339949837,0
2026-01-21T05:30:00,987.5523339949837,987.5523339949837,0
2026-01-21T05:45:00,987.5523339949837,987.5523339949837,0
2026-01-21T06:00:00,987.5523339949837,987.5523339949837,0
2026-01-21T06:15:00,987.5523339949837,987.5523339949837,0
2026-01-21T06:30:00,987.5523339949837,987.5523339949837,0
2026-01-21T06:45:00,987.5523339949837,987.5523339949837,0
2026-01-21T07:00:00,987.5523339949837,987.5523339949837,0
2026-01-21T07:15:00,987.5523339949837,987.5523339949837,0
2026-01-21T07:30:00,987.5523339949837,987.5523339949837,0
2026-01-21T07:45:00,987.5523339949837,987.5523339949837,0
2026-01-21T08:00:00,987.5523339949837,987.5523339949837,0
2026-01-21T08:15:00,987.5523339949837,987.5523339949837,0
2026-01-21T08:30:00,986.8009040888485,888.6390922220461,1
2026-01-21T08:45:00,985.990807890563,888.6390922220461,1
2026-01-21T09:00:00,985.559023943292,888.6390922220461,1
2026-01-21T09:15:00,985.2916654620096,888.6390922220461,1
2026-01-21T09:30:00,985.3865777228648,888.6390922220461,1
2026-01-21T09:45:00,987.5147512338722,888.6390922220461,1
2026-01-21T10:00:00,986.3918456124865,888.6390922220461,1
2026-01-21T10:15:00,986.0309116627553,888.6390922220461,1
2026-01-21T10:30:00,985.6606201661792,888.6390922220461,1
2026-01-21T10:45:00,986.2006842983695,888.6390922220461,1
2026-01-21T11:00:00,985.649925826928,888.6390922220461,1
2026-01-21T11:15:00,985.2436104028657,985.2436104028657,0
2026-01-21T11:30:00,985.2436104028657,985.2436104028657,0
2026-01-21T11:45:00,985.2436104028657,985.2436104028657,0
2026-01-21T12:00:00,984.4939372076332,886.5616103849146,1
2026-01-21T12:15:00,984.6158486294108,886.5616103849146,1
2026-01-21T12:30:00,983.4108457703455,886.5616103849146,1
2026-01-21T12:45:00,982.9207886485184,886.5616103849146,1
2026-01-21T13:00:00,981.9977896826861,886.5616103849146,1
2026-01-21T13:15:00,982.4125564539208,886.5616103849146,1
2026-01-21T13:30:00,983.0139414784921,886.5616103849146,1
2026-01-21T13:45:00,983.205114664071,886.5616103849146,1
2026-01-21T14:00:00,978.8408996605568,978.8408996605568,0
2026-01-21T14:15:00,978.8408996605568,978.8408996605568,0
2026-01-21T14:30:00,978.8408996605568,978.8408996605568,0
2026-01-21T14:45:00,978.8408996605568,978.8408996605568,0
2026-01-21T15:00:00,978.8408996605568,978.8408996605568,0
2026-01-21T15:15:00,978.8408996605568,978.8408996605568,0
2026-01-21T15:30:00,978.8408996605568,978.8408996605568,0
2026-01-21T15:45:00,978.8408996605568,978.8408996605568,0
2026-01-21T16:00:00,978.8408996605568,978.8408996605568,0
2026-01-21T16:15:00,978.8408996605568,978.8408996605568,0
2026-01-21T16:30:00,978.8408996605568,978.8408996605568,0
2026-01-21T16:45:00,978.8408996605568,978.8408996605568,0
2026-01-21T17:00:00,978.8408996605568,978.8408996605568,0
2026-01-21T17:15:00,978.8408996605568,978.8408996605568,0
2026-01-21T17:30:00,978.8408996605568,978.8408996605568,0
2026-01-21T17:45:00,978.8408996605568,978.8408996605568,0
2026-01-21T18:00:00,978.8408996605568,978.8408996605568,0
2026-01-21T18:15:00,978.8408996605568,978.8408996605568,0
2026-01-21T18:30:00,978.8408996605568,978.8408996605568,0
2026-01-21T18:45:00,978.8408996605568,978.8408996605568,0
2026-01-21T19:00:00,978.8408996605568,978.8408996605568,0
2026-01-21T19:15:00,978.8408996605568,978.8408996605568,0
2026-01-21T19:30:00,978.8408996605568,978.8408996605568,0
2026-01-21T19:45:00,978.8408996605568,978.8408996605568,0
2026-01-21T20:00:00,978.8408996605568,978.8408996605568,0
2026-01-21T20:15:00,978.8408996605568,978.8408996605568,0
2026-01-21T20:30:00,978.8408996605568,978.8408996605568,0
2026-01-21T20:45:00,978.8408996605568,978.8408996605568,0
2026-01-21T21:00:00,978.8408996605568,978.8408996605568,0
2026-01-21T21:15:00,978.8408996605568,978.8408996605568,0
2026-01-21T21:30:00,978.8408996605568,978.8408996605568,0
2026-01-21T21:45:00,978.8408996605568,978.8408996605568,0
2026-01-21T22:00:00,978.8408996605568,978.8408996605568,0
2026-01-21T22:15:00,978.8408996605568,978.8408996605568,0
2026-01-21T22:30:00,978.8408996605568,978.8408996605568,0
2026-01-21T22:45:00,978.8408996605568,978.8408996605568,0
2026-01-21T23:00:00,978.8408996605568,978.8408996605568,0
2026-01-21T23:15:00,978.8408996605568,978.8408996605568,0
2026-01-21T23:30:00,978.8408996605568,978.8408996605568,0
2026-01-21T23:45:00,978.8408996605568,978.8408996605568,0
2026-01-22T00:00:00,978.8408996605568,978.8408996605568,0
2026-01-22T00:15:00,978.8408996605568,978.8408996605568,0
2026-01-22T00:30:00,978.8408996605568,978.8408996605568,0
2026-01-22T00:45:00,978.8408996605568,978.8408996605568,0
2026-01-22T01:00:00,978.8408996605568,978.8408996605568,0
2026-01-22T01:15:00,978.8408996605568,978.8408996605568,0
2026-01-22T01:30:00,978.8408996605568,978.8408996605568,0
2026-01-22T01:45:00,978.8408996605568,978.8408996605568,0
2026-01-22T02:00:00,978.8408996605568,978.8408996605568,0
2026-01-22T02:15:00,978.8408996605568,978.8408996605568,0
2026-01-22T02:30:00,978.8408996605568,978.8408996605568,0
2026-01-22T02:45:00,978.8408996605568,978.8408996605568,0
2026-01-22T03:00:00,978.8408996605568,978.8408996605568,0
2026-01-22T03:15:00,978.8408996605568,978.8408996605568,0
2026-01-22T03:30:00,978.8408996605568,978.8408996605568,0
2026-01-22T03:45:00,978.8408996605568,978.8408996605568,0
2026-01-22T04:00:00,978.8408996605568,978.8408996605568,0
2026-01-22T04:15:00,978.8408996605568,978.8408996605568,0
2026-01-22T04:30:00,978.8408996605568,978.8408996605568,0
2026-01-22T04:45:00,978.8408996605568,978.8408996605568,0
2026-01-22T05:00:00,978.8408996605568,978.8408996605568,0
2026-01-22T05:15:00,978.8408996605568,978.8408996605568,0
2026-01-22T05:30:00,978.8408996605568,978.8408996605568,0
2026-01-22T05:45:00,978.8408996605568,978.8408996605568,0
2026-01-22T06:00:00,978.8408996605568,978.8408996605568,0
2026-01-22T06:15:00,978.8408996605568,978.8408996605568,0
2026-01-22T06:30:00,978.8408996605568,978.8408996605568,0
2026-01-22T06:45:00,978.8408996605568,978.8408996605568,0
2026-01-22T07:00:00,978.8408996605568,978.8408996605568,0
2026-01-22T07:15:00,978.8408996605568,978.8408996605568,0
2026-01-22T07:30:00,978.8408996605568,978.8408996605568,0
2026-01-22T07:45:00,978.8408996605568,978.8408996605568,0
2026-01-22T08:00:00,978.8408996605568,978.8408996605568,0
2026-01-22T08:15:00,978.8408996605568,978.8408996605568,0
2026-01-22T08:30:00,978.8408996605568,978.8408996605568,0
2026-01-22T08:45:00,978.8408996605568,978.8408996605568,0
2026-01-22T09:00:00,978.8408996605568,978.8408996605568,0
2026-01-22T09:15:00,978.8408996605568,978.8408996605568,0
2026-01-22T09:30:00,978.8408996605568,978.8408996605568,0
2026-01-22T09:45:00,978.8408996605568,978.8408996605568,0
2026-01-22T10:00:00,978.8408996605568,978.8408996605568,0
2026-01-22T10:15:00,978.8408996605568,978.8408996605568,0
2026-01-22T10:30:00,978.8408996605568,978.8408996605568,0
2026-01-22T10:45:00,978.8408996605568,978.8408996605568,0
2026-01-22T11:00:00,978.8408996605568,978.8408996605568,0
2026-01-22T11:15:00,978.8408996605568,978.8408996605568,0
2026-01-22T11:30:00,978.8408996605568,978.8408996605568,0
2026-01-22T11:45:00,978.8408996605568,978.8408996605568,0
2026-01-22T12:00:00,978.8408996605568,978.8408996605568,0
2026-01-22T12:15:00,978.8408996605568,978.8408996605568,0
2026-01-22T12:30:00,978.8408996605568,978.8408996605568,0
2026-01-22T12:45:00,978.8408996605568,978.8408996605568,0
2026-01-22T13:00:00,978.8408996605568,978.8408996605568,0
2026-01-22T13:15:00,978.8408996605568,978.8408996605568,0
2026-01-22T13:30:00,978.8408996605568,978.8408996605568,0
2026-01-22T13:45:00,978.8408996605568,978.8408996605568,0
2026-01-22T14:00:00,978.8408996605568,978.8408996605568,0
2026-01-22T14:15:00,978.8408996605568,978.8408996605568,0
2026-01-22T14:30:00,978.8408996605568,978.8408996605568,0
2026-01-22T14:45:00,978.8408996605568,978.8408996605568,0
2026-01-22T15:00:00,978.8408996605568,978.8408996605568,0
2026-01-22T15:15:00,978.8408996605568,978.8408996605568,0
2026-01-22T15:30:00,978.8408996605568,978.8408996605568,0
2026-01-22T15:45:00,978.8408996605568,978.8408996605568,0
2026-01-22T16:00:00,978.8408996605568,978.8408996605568,0
2026-01-22T16:15:00,978.8408996605568,978.8408996605568,0
2026-01-22T16:30:00,978.8408996605568,978.8408996605568,0
2026-01-22T16:45:00,978.8408996605568,978.8408996605568,0
2026-01-22T17:00:00,978.8408996605568,978.8408996605568,0
2026-01-22T17:15:00,978.8408996605568,978.8408996605568,0
2026-01-22T17:30:00,978.8408996605568,978.8408996605568,0
2026-01-22T17:45:00,978.8408996605568,978.8408996605568,0
2026-01-22T18:00:00,978.8408996605568,978.8408996605568,0
2026-01-22T18:15:00,978.8408996605568,978.8408996605568,0
2026-01-22T18:30:00,978.8408996605568,978.8408996605568,0
2026-01-22T18:45:00,978.8408996605568,978.8408996605568,0
2026-01-22T19:00:00,978.8408996605568,978.8408996605568,0
2026-01-22T19:15:00,978.8408996605568,978.8408996605568,0
2026-01-22T19:30:00,978.8408996605568,978.8408996605568,0
2026-01-22T19:45:00,978.8408996605568,978.8408996605568,0
2026-01-22T20:00:00,978.8408996605568,978.8408996605568,0
2026-01-22T20:15:00,978.8408996605568,978.8408996605568,0
2026-01-22T20:30:00,978.8408996605568,978.8408996605568,0
2026-01-22T20:45:00,978.8408996605568,978.8408996605568,0
2026-01-22T21:00:00,978.8408996605568,978.8408996605568,0
2026-01-22T21:15:00,978.8408996605568,978.8408996605568,0
2026-01-22T21:30:00,978.8408996605568,978.8408996605568,0
2026-01-22T21:45:00,978.8408996605568,978.8408996605568,0
2026-01-22T22:00:00,978.8408996605568,978.8408996605568,0
2026-01-22T22:15:00,978.8408996605568,978.8408996605568,0
2026-01-22T22:30:00,978.8408996605568,978.8408996605568,0
2026-01-22T22:45:00,978.8408996605568,978.8408996605568,0
2026-01-22T23:00:00,978.8408996605568,978.8408996605568,0
2026-01-22T23:15:00,978.8408996605568,978.8408996605568,0
2026-01-22T23:30:00,978.8408996605568,978.8408996605568,0
2026-01-22T23:45:00,978.8408996605568,978.8408996605568,0
2026-01-23T00:00:00,978.8408996605568,978.8408996605568,0
2026-01-23T00:15:00,978.8408996605568,978.8408996605568,0
2026-01-23T00:30:00,978.8408996605568,978.8408996605568,0
2026-01-23T00:45:00,978.8408996605568,978.8408996605568,0
2026-01-23T01:00:00,978.8408996605568,978.8408996605568,0
2026-01-23T01:15:00,978.8408996605568,978.8408996605568,0
2026-01-23T01:30:00,978.8408996605568,978.8408996605568,0
2026-01-23T01:45:00,978.8408996605568,978.8408996605568,0
2026-01-23T02:00:00,978.8408996605568,978.8408996605568,0
2026-01-23T02:15:00,978.8408996605568,978.8408996605568,0
2026-01-23T02:30:00,978.8408996605568,978.8408996605568,0
2026-01-23T02:45:00,978.8408996605568,978.8408996605568,0
2026-01-23T03:00:00,978.8408996605568,978.8408996605568,0
2026-01-23T03:15:00,978.8408996605568,978.8408996605568,0
2026-01-23T03:30:00,978.8408996605568,978.8408996605568,0
2026-01-23T03:45:00,978.8408996605568,978.8408996605568,0
2026-01-23T04:00:00,978.8408996605568,978.8408996605568,0
2026-01-23T04:15:00,978.8408996605568,978.8408996605568,0
2026-01-23T04:30:00,978.8408996605568,978.8408996605568,0
2026-01-23T04:45:00,978.8408996605568,978.8408996605568,0
2026-01-23T05:00:00,978.8408996605568,978.8408996605568,0
2026-01-23T05:15:00,978.8408996605568,978.8408996605568,0
2026-01-23T05:30:00,978.8408996605568,978.8408996605568,0
2026-01-23T05:45:00,978.8408996605568,978.8408996605568,0
2026-01-23T06:00:00,978.8408996605568,978.8408996605568,0
2026-01-23T06:15:00,978.8408996605568,978.8408996605568,0
2026-01-23T06:30:00,978.8408996605568,978.8408996605568,0
2026-01-23T06:45:00,978.8408996605568,978.8408996605568,0
2026-01-23T07:00:00,978.0960982965848,880.8001951505555,1
2026-01-23T07:15:00,977.3709809253194,880.8001951505555,1
2026-01-23T07:30:00,977.2190261820763,880.8001951505555,1
2026-01-23T07:45:00,977.2056968186339,880.8001951505555,1
2026-01-23T08:00:00,977.4549559150064,880.8001951505555,1
2026-01-23T08:15:00,978.7012513968689,880.8001951505555,1
2026-01-23T08:30:00,979.1717779263848,880.8001951505555,1
2026-01-23T08:45:00,979.98486909637,880.8001951505555,1
2026-01-23T09:00:00,979.9368833879773,880.8001951505555,1
2026-01-23T09:15:00,979.7969250718323,880.8001951505555,1
2026-01-23T09:30:00,980.4767226073938,880.8001951505555,1
2026-01-23T09:45:00,980.8472789110918,880.8001951505555,1
2026-01-23T10:00:00,980.3181031824295,880.8001951505555,1
2026-01-23T10:15:00,980.0781746404666,880.8001951505555,1
2026-01-23T10:30:00,979.7622687268822,880.8001951505555,1
2026-01-23T10:45:00,979.5436671664272,880.8001951505555,1
2026-01-23T11:00:00,978.1360033564409,978.1360033564409,0
2026-01-23T11:15:00,978.1360033564409,978.1360033564409,0
2026-01-23T11:30:00,978.1360033564409,978.1360033564409,0
2026-01-23T11:45:00,978.1360033564409,978.1360033564409,0
2026-01-23T12:00:00,978.1360033564409,978.1360033564409,0
2026-01-23T12:15:00,978.1360033564409,978.1360033564409,0
2026-01-23T12:30:00,978.1360033564409,978.1360033564409,0
2026-01-23T12:45:00,978.1360033564409,978.1360033564409,0
2026-01-23T13:00:00,978.1360033564409,978.1360033564409,0
2026-01-23T13:15:00,978.1360033564409,978.1360033564409,0
2026-01-23T13:30:00,978.1360033564409,978.1360033564409,0
2026-01-23T13:45:00,978.1360033564409,978.1360033564409,0
2026-01-23T14:00:00,978.1360033564409,978.1360033564409,0
2026-01-23T14:15:00,978.1360033564409,978.1360033564409,0
2026-01-23T14:30:00,978.1360033564409,978.1360033564409,0
2026-01-23T14:45:00,978.1360033564409,978.1360033564409,0
2026-01-23T15:00:00,978.1360033564409,978.1360033564409,0
2026-01-23T15:15:00,978.1360033564409,978.1360033564409,0
2026-01-23T15:30:00,978.1360033564409,978.1360033564409,0
2026-01-23T15:45:00,978.1360033564409,978.1360033564409,0
2026-01-23T16:00:00,978.1360033564409,978.1360033564409,0
2026-01-23T16:15:00,978.1360033564409,978.1360033564409,0
2026-01-23T16:30:00,978.1360033564409,978.1360033564409,0
2026-01-23T16:45:00,978.1360033564409,978.1360033564409,0
2026-01-23T17:00:00,978.1360033564409,978.1360033564409,0
2026-01-23T17:15:00,978.1360033564409,978.1360033564409,0
2026-01-23T17:30:00,978.1360033564409,978.1360033564409,0
2026-01-23T17:45:00,978.1360033564409,978.1360033564409,0
2026-01-23T18:00:00,978.1360033564409,978.1360033564409,0
2026-01-23T18:15:00,978.1360033564409,978.1360033564409,0
2026-01-23T18:30:00,978.1360033564409,978.1360033564409,0
2026-01-23T18:45:00,978.1360033564409,978.1360033564409,0
2026-01-23T19:00:00,978.1360033564409,978.1360033564409,0
2026-01-23T19:15:00,978.1360033564409,978.1360033564409,0
2026-01-23T19:30:00,978.1360033564409,978.1360033564409,0
2026-01-23T19:45:00,978.1360033564409,978.1360033564409,0
2026-01-23T20:00:00,978.1360033564409,978.1360033564409,0
2026-01-23T20:15:00,978.1360033564409,978.1360033564409,0
2026-01-23T20:30:00,978.1360033564409,978.1360033564409,0
2026-01-23T20:45:00,978.1360033564409,978.1360033564409,0
2026-01-23T21:00:00,978.1360033564409,978.1360033564409,0
2026-01-23T21:15:00,978.1360033564409,978.1360033564409,0
2026-01-23T21:30:00,978.1360033564409,978.1360033564409,0
2026-01-23T21:45:00,978.1360033564409,978.1360033564409,0
2026-01-23T22:00:00,978.1360033564409,978.1360033564409,0
2026-01-23T22:15:00,978.1360033564409,978.1360033564409,0
2026-01-23T22:30:00,978.1360033564409,978.1360033564409,0
2026-01-23T22:45:00,978.1360033564409,978.1360033564409,0
2026-01-23T23:00:00,978.1360033564409,978.1360033564409,0
2026-01-23T23:15:00,978.1360033564409,978.1360033564409,0
2026-01-23T23:30:00,978.1360033564409,978.1360033564409,0
2026-01-23T23:45:00,978.1360033564409,978.1360033564409,0
2026-01-24T00:00:00,978.1360033564409,978.1360033564409,0
2026-01-24T00:15:00,978.1360033564409,978.1360033564409,0
2026-01-24T00:30:00,978.1360033564409,978.1360033564409,0
2026-01-24T00:45:00,978.1360033564409,978.1360033564409,0
2026-01-24T01:00:00,978.1360033564409,978.1360033564409,0
2026-01-24T01:15:00,978.1360033564409,978.1360033564409,0
2026-01-24T01:30:00,978.1360033564409,978.1360033564409,0
2026-01-24T01:45:00,978.1360033564409,978.1360033564409,0
2026-01-24T02:00:00,978.1360033564409,978.1360033564409,0
2026-01-24T02:15:00,978.1360033564409,978.1360033564409,0
2026-01-24T02:30:00,978.1360033564409,978.1360033564409,0
2026-01-24T02:45:00,978.1360033564409,978.1360033564409,0
2026-01-24T03:00:00,978.1360033564409,978.1360033564409,0
2026-01-24T03:15:00,978.1360033564409,978.1360033564409,0
2026-01-24T03:30:00,978.1360033564409,978.1360033564409,0
2026-01-24T03:45:00,978.1360033564409,978.1360033564409,0
2026-01-24T04:00:00,978.1360033564409,978.1360033564409,0
2026-01-24T04:15:00,978.1360033564409,978.1360033564409,0
2026-01-24T04:30:00,978.1360033564409,978.1360033564409,0
2026-01-24T04:45:00,978.1360033564409,978.1360033564409,0
2026-01-24T05:00:00,978.1360033564409,978.1360033564409,0
2026-01-24T05:15:00,978.1360033564409,978.1360033564409,0
2026-01-24T05:30:00,978.1360033564409,978.1360033564409,0
2026-01-24T05:45:00,978.1360033564409,978.1360033564409,0
2026-01-24T06:00:00,978.1360033564409,978.1360033564409,0
2026-01-24T06:15:00,978.1360033564409,978.1360033564409,0
2026-01-24T06:30:00,978.1360033564409,978.1360033564409,0
2026-01-24T06:45:00,978.1360033564409,978.1360033564409,0
2026-01-24T07:00:00,978.1360033564409,978.1360033564409,0
2026-01-24T07:15:00,978.1360033564409,978.1360033564409,0
2026-01-24T07:30:00,978.1360033564409,978.1360033564409,0
2026-01-24T07:45:00,978.1360033564409,978.1360033564409,0
2026-01-24T08:00:00,978.1360033564409,978.1360033564409,0
2026-01-24T08:15:00,978.1360033564409,978.1360033564409,0
2026-01-24T08:30:00,978.1360033564409,978.1360033564409,0
2026-01-24T08:45:00,978.1360033564409,978.1360033564409,0
2026-01-24T09:00:00,978.1360033564409,978.1360033564409,0
2026-01-24T09:15:00,978.1360033564409,978.1360033564409,0
2026-01-24T09:30:00,978.1360033564409,978.1360033564409,0
2026-01-24T09:45:00,978.1360033564409,978.1360033564409,0
2026-01-24T10:00:00,978.1360033564409,978.1360033564409,0
2026-01-24T10:15:00,978.1360033564409,978.1360033564409,0
2026-01-24T10:30:00,978.1360033564409,978.1360033564409,0
2026-01-24T10:45:00,978.1360033564409,978.1360033564409,0
2026-01-24T11:00:00,978.1360033564409,978.1360033564409,0
2026-01-24T11:15:00,978.1360033564409,978.1360033564409,0
2026-01-24T11:30:00,978.1360033564409,978.1360033564409,0
2026-01-24T11:45:00,978.1360033564409,978.1360033564409,0
2026-01-24T12:00:00,978.1360033564409,978.1360033564409,0
2026-01-24T12:15:00,978.1360033564409,978.1360033564409,0
2026-01-24T12:30:00,978.1360033564409,978.1360033564409,0
2026-01-24T12:45:00,978.1360033564409,978.1360033564409,0
2026-01-24T13:00:00,978.1360033564409,978.1360033564409,0
2026-01-24T13:15:00,978.1360033564409,978.1360033564409,0
2026-01-24T13:30:00,978.1360033564409,978.1360033564409,0
2026-01-24T13:45:00,978.1360033564409,978.1360033564409,0
2026-01-24T14:00:00,978.1360033564409,978.1360033564409,0
2026-01-24T14:15:00,978.1360033564409,978.1360033564409,0
2026-01-24T14:30:00,978.1360033564409,978.1360033564409,0
2026-01-24T14:45:00,978.1360033564409,978.1360033564409,0
2026-01-24T15:00:00,978.1360033564409,978.1360033564409,0
2026-01-24T15:15:00,978.1360033564409,978.1360033564409,0
2026-01-24T15:30:00,978.1360033564409,978.1360033564409,0
2026-01-24T15:45:00,978.1360033564409,978.1360033564409,0
2026-01-24T16:00:00,978.1360033564409,978.1360033564409,0
2026-01-24T16:15:00,978.1360033564409,978.1360033564409,0
2026-01-24T16:30:00,978.1360033564409,978.1360033564409,0
2026-01-24T16:45:00,978.1360033564409,978.1360033564409,0
2026-01-24T17:00:00,978.1360033564409,978.1360033564409,0
2026-01-24T17:15:00,978.1360033564409,978.1360033564409,0
2026-01-24T17:30:00,978.1360033564409,978.1360033564409,0
2026-01-24T17:45:00,978.1360033564409,978.1360033564409,0
2026-01-24T18:00:00,978.1360033564409,978.1360033564409,0
2026-01-24T18:15:00,978.1360033564409,978.1360033564409,0
2026-01-24T18:30:00,978.1360033564409,978.1360033564409,0
2026-01-24T18:45:00,978.1360033564409,978.1360033564409,0
2026-01-24T19:00:00,978.1360033564409,978.1360033564409,0
2026-01-24T19:15:00,978.1360033564409,978.1360033564409,0
2026-01-24T19:30:00,978.1360033564409,978.1360033564409,0
2026-01-24T19:45:00,978.1360033564409,978.1360033564409,0
2026-01-24T20:00:00,978.1360033564409,978.1360033564409,0
2026-01-24T20:15:00,978.1360033564409,978.1360033564409,0
2026-01-24T20:30:00,978.1360033564409,978.1360033564409,0
2026-01-24T20:45:00,978.1360033564409,978.1360033564409,0
2026-01-24T21:00:00,978.1360033564409,978.1360033564409,0
2026-01-24T21:15:00,978.1360033564409,978.1360033564409,0
2026-01-24T21:30:00,978.1360033564409,978.1360033564409,0
2026-01-24T21:45:00,978.1360033564409,978.1360033564409,0
2026-01-24T22:00:00,978.1360033564409,978.1360033564409,0
2026-01-24T22:15:00,978.1360033564409,978.1360033564409,0
2026-01-24T22:30:00,978.1360033564409,978.1360033564409,0
2026-01-24T22:45:00,978.1360033564409,978.1360033564409,0
2026-01-24T23:00:00,978.1360033564409,978.1360033564409,0
2026-01-24T23:15:00,978.1360033564409,978.1360033564409,0
2026-01-24T23:30:00,978.1360033564409,978.1360033564409,0
2026-01-24T23:45:00,978.1360033564409,978.1360033564409,0
2026-01-25T00:00:00,978.1360033564409,978.1360033564409,0
2026-01-25T00:15:00,978.1360033564409,978.1360033564409,0
2026-01-25T00:30:00,978.1360033564409,978.1360033564409,0
2026-01-25T00:45:00,978.1360033564409,978.1360033564409,0
2026-01-25T01:00:00,978.1360033564409,978.1360033564409,0
2026-01-25T01:15:00,978.1360033564409,978.1360033564409,0
2026-01-25T01:30:00,978.1360033564409,978.1360033564409,0
2026-01-25T01:45:00,978.1360033564409,978.1360033564409,0
2026-01-25T02:00:00,978.1360033564409,978.1360033564409,0
2026-01-25T02:15:00,978.1360033564409,978.1360033564409,0
2026-01-25T02:30:00,978.1360033564409,978.1360033564409,0
2026-01-25T02:45:00,978.1360033564409,978.1360033564409,0
2026-01-25T03:00:00,978.1360033564409,978.1360033564409,0
2026-01-25T03:15:00,978.1360033564409,978.1360033564409,0
2026-01-25T03:30:00,978.1360033564409,978.1360033564409,0
2026-01-25T03:45:00,978.1360033564409,978.1360033564409,0
2026-01-25T04:00:00,978.1360033564409,978.1360033564409,0
2026-01-25T04:15:00,978.1360033564409,978.1360033564409,0
2026-01-25T04:30:00,978.1360033564409,978.1360033564409,0
2026-01-25T04:45:00,978.1360033564409,978.1360033564409,0
2026-01-25T05:00:00,978.1360033564409,978.1360033564409,0
2026-01-25T05:15:00,978.1360033564409,978.1360033564409,0
2026-01-25T05:30:00,978.1360033564409,978.1360033564409,0
2026-01-25T05:45:00,978.1360033564409,978.1360033564409,0
2026-01-25T06:00:00,978.1360033564409,978.1360033564409,0
2026-01-25T06:15:00,978.1360033564409,978.1360033564409,0
2026-01-25T06:30:00,978.1360033564409,978.1360033564409,0
2026-01-25T06:45:00,978.1360033564409,978.1360033564409,0
2026-01-25T07:00:00,978.1360033564409,978.1360033564409,0
2026-01-25T07:15:00,978.1360033564409,978.1360033564409,0
2026-01-25T07:30:00,978.1360033564409,978.1360033564409,0
2026-01-25T07:45:00,978.1360033564409,978.1360033564409,0
2026-01-25T08:00:00,978.1360033564409,978.1360033564409,0
2026-01-25T08:15:00,978.1360033564409,978.1360033564409,0
2026-01-25T08:30:00,977.3917383490198,880.1659012602598,1
2026-01-25T08:45:00,977.4672077797102,880.1659012602598,1
2026-01-25T09:00:00,977.2010460426665,880.1659012602598,1
2026-01-25T09:15:00,976.7376255820194,880.1659012602598,1
2026-01-25T09:30:00,976.6331840535979,880.1659012602598,1
2026-01-25T09:45:00,977.0307628710088,880.1659012602598,1
2026-01-25T10:00:00,976.6691662454202,880.1659012602598,1
2026-01-25T10:15:00,975.7084102325213,975.7084102325213,0
2026-01-25T10:30:00,975.7084102325213,975.7084102325213,0
2026-01-25T10:45:00,975.7084102325213,975.7084102325213,0
2026-01-25T11:00:00,975.7084102325213,975.7084102325213,0
2026-01-25T11:15:00,975.7084102325213,975.7084102325213,0
2026-01-25T11:30:00,975.7084102325213,975.7084102325213,0
2026-01-25T11:45:00,975.7084102325213,975.7084102325213,0
2026-01-25T12:00:00,975.7084102325213,975.7084102325213,0
2026-01-25T12:15:00,975.7084102325213,975.7084102325213,0
2026-01-25T12:30:00,975.7084102325213,975.7084102325213,0
2026-01-25T12:45:00,975.7084102325213,975.7084102325213,0
2026-01-25T13:00:00,975.7084102325213,975.7084102325213,0
2026-01-25T13:15:00,975.7084102325213,975.7084102325213,0
2026-01-25T13:30:00,975.7084102325213,975.7084102325213,0
2026-01-25T13:45:00,975.7084102325213,975.7084102325213,0
2026-01-25T14:00:00,975.7084102325213,975.7084102325213,0
2026-01-25T14:15:00,975.7084102325213,975.7084102325213,0
2026-01-25T14:30:00,975.7084102325213,975.7084102325213,0
2026-01-25T14:45:00,975.7084102325213,975.7084102325213,0
2026-01-25T15:00:00,975.7084102325213,975.7084102325213,0
2026-01-25T15:15:00,975.7084102325213,975.7084102325213,0
2026-01-25T15:30:00,975.7084102325213,975.7084102325213,0
2026-01-25T15:45:00,975.7084102325213,975.7084102325213,0
2026-01-25T16:00:00,975.7084102325213,975.7084102325213,0
2026-01-25T16:15:00,975.7084102325213,975.7084102325213,0
2026-01-25T16:30:00,975.7084102325213,975.7084102325213,0
2026-01-25T16:45:00,975.7084102325213,975.7084102325213,0
2026-01-25T17:00:00,974.9659923839902,877.9814558636319,1
2026-01-25T17:15:00,975.0202071750822,877.9814558636319,1
2026-01-25T17:30:00,973.796308266182,877.9814558636319,1
2026-01-25T17:45:00,974.8914470462389,877.9814558636319,1
2026-01-25T18:00:00,976.7022210687092,877.9814558636319,1
2026-01-25T18:15:00,978.8369284679537,877.9814558636319,1
2026-01-25T18:30:00,981.2318668644396,877.9814558636319,1
2026-01-25T18:45:00,979.8005963796127,877.9814558636319,1
2026-01-25T19:00:00,979.6284644178959,877.9814558636319,1
2026-01-25T19:15:00,983.5034666111912,877.9814558636319,1
2026-01-25T19:30:00,982.9884260958179,877.9814558636319,1
2026-01-25T19:45:00,984.5755641050341,877.9814558636319,1
2026-01-25T20:00:00,985.720851566851,877.9814558636319,1
2026-01-25T20:15:00,985.5961575473395,877.9814558636319,1
2026-01-25T20:30:00,986.5462717612256,877.9814558636319,1
2026-01-25T20:45:00,985.0147039128788,877.9814558636319,1
2026-01-25T21:00:00,983.9534493772542,877.9814558636319,1
2026-01-25T21:15:00,983.397747768562,877.9814558636319,1
2026-01-25T21:30:00,984.8635479677389,984.8635479677389,0
2026-01-25T21:45:00,984.8635479677389,984.8635479677389,0
2026-01-25T22:00:00,984.8635479677389,984.8635479677389,0
2026-01-25T22:15:00,984.8635479677389,984.8635479677389,0
2026-01-25T22:30:00,984.8635479677389,984.8635479677389,0
2026-01-25T22:45:00,984.8635479677389,984.8635479677389,0
2026-01-25T23:00:00,984.8635479677389,984.8635479677389,0
2026-01-25T23:15:00,984.8635479677389,984.8635479677389,0
2026-01-25T23:30:00,984.8635479677389,984.8635479677389,0
2026-01-25T23:45:00,984.8635479677389,984.8635479677389,0
2026-01-26T00:00:00,984.8635479677389,984.8635479677389,0
2026-01-26T00:15:00,984.8635479677389,984.8635479677389,0
2026-01-26T00:30:00,984.8635479677389,984.8635479677389,0
2026-01-26T00:45:00,984.8635479677389,984.8635479677389,0
2026-01-26T01:00:00,984.8635479677389,984.8635479677389,0
2026-01-26T01:15:00,984.8635479677389,984.8635479677389,0
2026-01-26T01:30:00,984.8635479677389,984.8635479677389,0
2026-01-26T01:45:00,984.8635479677389,984.8635479677389,0
2026-01-26T02:00:00,984.8635479677389,984.8635479677389,0
2026-01-26T02:15:00,984.8635479677389,984.8635479677389,0
2026-01-26T02:30:00,984.8635479677389,984.8635479677389,0
2026-01-26T02:45:00,984.8635479677389,984.8635479677389,0
2026-01-26T03:00:00,984.8635479677389,984.8635479677389,0
2026-01-26T03:15:00,984.8635479677389,984.8635479677389,0
2026-01-26T03:30:00,984.8635479677389,984.8635479677389,0
2026-01-26T03:45:00,984.8635479677389,984.8635479677389,0
2026-01-26T04:00:00,984.8635479677389,984.8635479677389,0
2026-01-26T04:15:00,984.8635479677389,984.8635479677389,0
2026-01-26T04:30:00,984.8635479677389,984.8635479677389,0
2026-01-26T04:45:00,984.8635479677389,984.8635479677389,0
2026-01-26T05:00:00,984.8635479677389,984.8635479677389,0
2026-01-26T05:15:00,984.8635479677389,984.8635479677389,0
2026-01-26T05:30:00,984.8635479677389,984.8635479677389,0
2026-01-26T05:45:00,984.8635479677389,984.8635479677389,0
2026-01-26T06:00:00,984.8635479677389,984.8635479677389,0
2026-01-26T06:15:00,984.8635479677389,984.8635479677389,0
2026-01-26T06:30:00,984.8635479677389,984.8635479677389,0
2026-01-26T06:45:00,984.8635479677389,984.8635479677389,0
2026-01-26T07:00:00,984.8635479677389,984.8635479677389,0
2026-01-26T07:15:00,984.8635479677389,984.8635479677389,0
2026-01-26T07:30:00,984.8635479677389,984.8635479677389,0
2026-01-26T07:45:00,984.8635479677389,984.8635479677389,0
2026-01-26T08:00:00,984.8635479677389,984.8635479677389,0
2026-01-26T08:15:00,984.8635479677389,984.8635479677389,0
2026-01-26T08:30:00,984.8635479677389,984.8635479677389,0
2026-01-26T08:45:00,984.8635479677389,984.8635479677389,0
2026-01-26T09:00:00,984.8635479677389,984.8635479677389,0
2026-01-26T09:15:00,984.8635479677389,984.8635479677389,0
2026-01-26T09:30:00,984.8635479677389,984.8635479677389,0
2026-01-26T09:45:00,984.8635479677389,984.8635479677389,0
2026-01-26T10:00:00,984.8635479677389,984.8635479677389,0
2026-01-26T10:15:00,984.8635479677389,984.8635479677389,0
2026-01-26T10:30:00,984.8635479677389,984.8635479677389,0
2026-01-26T10:45:00,984.8635479677389,984.8635479677389,0
2026-01-26T11:00:00,984.8635479677389,984.8635479677389,0
2026-01-26T11:15:00,984.8635479677389,984.8635479677389,0
2026-01-26T11:30:00,984.8635479677389,984.8635479677389,0
2026-01-26T11:45:00,984.8635479677389,984.8635479677389,0
2026-01-26T12:00:00,984.8635479677389,984.8635479677389,0
2026-01-26T12:15:00,984.8635479677389,984.8635479677389,0
2026-01-26T12:30:00,984.8635479677389,984.8635479677389,0
2026-01-26T12:45:00,984.8635479677389,984.8635479677389,0
2026-01-26T13:00:00,984.8635479677389,984.8635479677389,0
2026-01-26T13:15:00,984.8635479677389,984.8635479677389,0
2026-01-26T13:30:00,984.8635479677389,984.8635479677389,0
2026-01-26T13:45:00,984.8635479677389,984.8635479677389,0
2026-01-26T14:00:00,984.8635479677389,984.8635479677389,0
2026-01-26T14:15:00,984.8635479677389,984.8635479677389,0
2026-01-26T14:30:00,984.8635479677389,984.8635479677389,0
2026-01-26T14:45:00,984.8635479677389,984.8635479677389,0
2026-01-26T15:00:00,984.8635479677389,984.8635479677389,0
2026-01-26T15:15:00,984.8635479677389,984.8635479677389,0
2026-01-26T15:30:00,984.8635479677389,984.8635479677389,0
2026-01-26T15:45:00,984.8635479677389,984.8635479677389,0
2026-01-26T16:00:00,984.8635479677389,984.8635479677389,0
2026-01-26T16:15:00,984.8635479677389,984.8635479677389,0
2026-01-26T16:30:00,984.8635479677389,984.8635479677389,0
2026-01-26T16:45:00,984.8635479677389,984.8635479677389,0
2026-01-26T17:00:00,984.8635479677389,984.8635479677389,0
2026-01-26T17:15:00,984.8635479677389,984.8635479677389,0
2026-01-26T17:30:00,984.8635479677389,984.8635479677389,0
2026-01-26T17:45:00,984.8635479677389,984.8635479677389,0
2026-01-26T18:00:00,984.8635479677389,984.8635479677389,0
2026-01-26T18:15:00,984.8635479677389,984.8635479677389,0
2026-01-26T18:30:00,984.8635479677389,984.8635479677389,0
2026-01-26T18:45:00,984.8635479677389,984.8635479677389,0
2026-01-26T19:00:00,984.8635479677389,984.8635479677389,0
2026-01-26T19:15:00,984.8635479677389,984.8635479677389,0
2026-01-26T19:30:00,984.8635479677389,984.8635479677389,0
2026-01-26T19:45:00,984.8635479677389,984.8635479677389,0
2026-01-26T20:00:00,984.8635479677389,984.8635479677389,0
2026-01-26T20:15:00,984.8635479677389,984.8635479677389,0
2026-01-26T20:30:00,984.8635479677389,984.8635479677389,0
2026-01-26T20:45:00,984.8635479677389,984.8635479677389,0
2026-01-26T21:00:00,984.8635479677389,984.8635479677389,0
2026-01-26T21:15:00,984.8635479677389,984.8635479677389,0
2026-01-26T21:30:00,984.8635479677389,984.8635479677389,0
2026-01-26T21:45:00,984.8635479677389,984.8635479677389,0
2026-01-26T22:00:00,984.8635479677389,984.8635479677389,0
2026-01-26T22:15:00,984.8635479677389,984.8635479677389,0
2026-01-26T22:30:00,984.8635479677389,984.8635479677389,0
2026-01-26T22:45:00,984.8635479677389,984.8635479677389,0
2026-01-26T23:00:00,984.8635479677389,984.8635479677389,0
2026-01-26T23:15:00,984.8635479677389,984.8635479677389,0
2026-01-26T23:30:00,984.8635479677389,984.8635479677389,0
2026-01-26T23:45:00,984.8635479677389,984.8635479677389,0
2026-01-27T00:00:00,984.8635479677389,984.8635479677389,0
2026-01-27T00:15:00,984.8635479677389,984.8635479677389,0
2026-01-27T00:30:00,984.8635479677389,984.8635479677389,0
2026-01-27T00:45:00,984.8635479677389,984.8635479677389,0
2026-01-27T01:00:00,984.8635479677389,984.8635479677389,0
2026-01-27T01:15:00,984.8635479677389,984.8635479677389,0
2026-01-27T01:30:00,984.8635479677389,984.8635479677389,0
2026-01-27T01:45:00,984.8635479677389,984.8635479677389,0
2026-01-27T02:00:00,984.8635479677389,984.8635479677389,0
2026-01-27T02:15:00,984.8635479677389,984.8635479677389,0
2026-01-27T02:30:00,984.8635479677389,984.8635479677389,0
2026-01-27T02:45:00,984.8635479677389,984.8635479677389,0
2026-01-27T03:00:00,984.8635479677389,984.8635479677389,0
2026-01-27T03:15:00,984.8635479677389,984.8635479677389,0
2026-01-27T03:30:00,984.8635479677389,984.8635479677389,0
2026-01-27T03:45:00,984.8635479677389,984.8635479677389,0
2026-01-27T04:00:00,984.8635479677389,984.8635479677389,0
2026-01-27T04:15:00,984.8635479677389,984.8635479677389,0
2026-01-27T04:30:00,984.8635479677389,984.8635479677389,0
2026-01-27T04:45:00,984.8635479677389,984.8635479677389,0
2026-01-27T05:00:00,984.8635479677389,984.8635479677389,0
2026-01-27T05:15:00,984.8635479677389,984.8635479677389,0
2026-01-27T05:30:00,984.8635479677389,984.8635479677389,0
2026-01-27T05:45:00,984.8635479677389,984.8635479677389,0
2026-01-27T06:00:00,984.8635479677389,984.8635479677389,0
2026-01-27T06:15:00,984.8635479677389,984.8635479677389,0
2026-01-27T06:30:00,984.8635479677389,984.8635479677389,0
2026-01-27T06:45:00,984.8635479677389,984.8635479677389,0
2026-01-27T07:00:00,984.8635479677389,984.8635479677389,0
2026-01-27T07:15:00,984.1159367209021,886.2196150032902,1
2026-01-27T07:30:00,983.477351498183,983.477351498183,0
2026-01-27T07:45:00,983.477351498183,983.477351498183,0
2026-01-27T08:00:00,983.477351498183,983.477351498183,0
2026-01-27T08:15:00,983.477351498183,983.477351498183,0
2026-01-27T08:30:00,983.477351498183,983.477351498183,0
2026-01-27T08:45:00,983.477351498183,983.477351498183,0
2026-01-27T09:00:00,983.477351498183,983.477351498183,0
2026-01-27T09:15:00,983.477351498183,983.477351498183,0
2026-01-27T09:30:00,983.477351498183,983.477351498183,0
2026-01-27T09:45:00,983.477351498183,983.477351498183,0
2026-01-27T10:00:00,983.477351498183,983.477351498183,0
2026-01-27T10:15:00,983.477351498183,983.477351498183,0
2026-01-27T10:30:00,983.477351498183,983.477351498183,0
2026-01-27T10:45:00,983.477351498183,983.477351498183,0
2026-01-27T11:00:00,983.477351498183,983.477351498183,0
2026-01-27T11:15:00,983.477351498183,983.477351498183,0
2026-01-27T11:30:00,983.477351498183,983.477351498183,0
2026-01-27T11:45:00,983.477351498183,983.477351498183,0
2026-01-27T12:00:00,983.477351498183,983.477351498183,0
2026-01-27T12:15:00,983.477351498183,983.477351498183,0
2026-01-27T12:30:00,983.477351498183,983.477351498183,0
2026-01-27T12:45:00,983.477351498183,983.477351498183,0
2026-01-27T13:00:00,983.477351498183,983.477351498183,0
2026-01-27T13:15:00,983.477351498183,983.477351498183,0
2026-01-27T13:30:00,983.477351498183,983.477351498183,0
2026-01-27T13:45:00,983.477351498183,983.477351498183,0
2026-01-27T14:00:00,983.477351498183,983.477351498183,0
2026-01-27T14:15:00,983.477351498183,983.477351498183,0
2026-01-27T14:30:00,983.477351498183,983.477351498183,0
2026-01-27T14:45:00,983.477351498183,983.477351498183,0
2026-01-27T15:00:00,983.477351498183,983.477351498183,0
2026-01-27T15:15:00,983.477351498183,983.477351498183,0
2026-01-27T15:30:00,983.477351498183,983.477351498183,0
2026-01-27T15:45:00,983.477351498183,983.477351498183,0
2026-01-27T16:00:00,983.477351498183,983.477351498183,0
2026-01-27T16:15:00,983.477351498183,983.477351498183,0
2026-01-27T16:30:00,983.477351498183,983.477351498183,0
2026-01-27T16:45:00,983.477351498183,983.477351498183,0
2026-01-27T17:00:00,982.7307925149548,884.972259972125,1
2026-01-27T17:15:00,981.150248275607,884.972259972125,1
2026-01-27T17:30:00,977.3820869614277,977.3820869614277,0
2026-01-27T17:45:00,977.3820869614277,977.3820869614277,0
2026-01-27T18:00:00,977.3820869614277,977.3820869614277,0
2026-01-27T18:15:00,977.3820869614277,977.3820869614277,0
2026-01-27T18:30:00,977.3820869614277,977.3820869614277,0
2026-01-27T18:45:00,977.3820869614277,977.3820869614277,0
2026-01-27T19:00:00,977.3820869614277,977.3820869614277,0
2026-01-27T19:15:00,977.3820869614277,977.3820869614277,0
2026-01-27T19:30:00,977.3820869614277,977.3820869614277,0
2026-01-27T19:45:00,977.3820869614277,977.3820869614277,0
2026-01-27T20:00:00,977.3820869614277,977.3820869614277,0
2026-01-27T20:15:00,977.3820869614277,977.3820869614277,0
2026-01-27T20:30:00,977.3820869614277,977.3820869614277,0
2026-01-27T20:45:00,977.3820869614277,977.3820869614277,0
2026-01-27T21:00:00,977.3820869614277,977.3820869614277,0
2026-01-27T21:15:00,977.3820869614277,977.3820869614277,0
2026-01-27T21:30:00,977.3820869614277,977.3820869614277,0
2026-01-27T21:45:00,977.3820869614277,977.3820869614277,0
2026-01-27T22:00:00,977.3820869614277,977.3820869614277,0
2026-01-27T22:15:00,977.3820869614277,977.3820869614277,0
2026-01-27T22:30:00,977.3820869614277,977.3820869614277,0
2026-01-27T22:45:00,977.3820869614277,977.3820869614277,0
2026-01-27T23:00:00,977.3820869614277,977.3820869614277,0
2026-01-27T23:15:00,977.3820869614277,977.3820869614277,0
2026-01-27T23:30:00,977.3820869614277,977.3820869614277,0
2026-01-27T23:45:00,977.3820869614277,977.3820869614277,0
2026-01-28T00:00:00,977.3820869614277,977.3820869614277,0
2026-01-28T00:15:00,977.3820869614277,977.3820869614277,0
2026-01-28T00:30:00,977.3820869614277,977.3820869614277,0
2026-01-28T00:45:00,977.3820869614277,977.3820869614277,0
2026-01-28T01:00:00,977.3820869614277,977.3820869614277,0
2026-01-28T01:15:00,977.3820869614277,977.3820869614277,0
2026-01-28T01:30:00,977.3820869614277,977.3820869614277,0
2026-01-28T01:45:00,977.3820869614277,977.3820869614277,0
2026-01-28T02:00:00,977.3820869614277,977.3820869614277,0
2026-01-28T02:15:00,977.3820869614277,977.3820869614277,0
2026-01-28T02:30:00,977.3820869614277,977.3820869614277,0
2026-01-28T02:45:00,977.3820869614277,977.3820869614277,0
2026-01-28T03:00:00,977.3820869614277,977.3820869614277,0
2026-01-28T03:15:00,977.3820869614277,977.3820869614277,0
2026-01-28T03:30:00,977.3820869614277,977.3820869614277,0
2026-01-28T03:45:00,977.3820869614277,977.3820869614277,0
2026-01-28T04:00:00,977.3820869614277,977.3820869614277,0
2026-01-28T04:15:00,977.3820869614277,977.3820869614277,0
2026-01-28T04:30:00,977.3820869614277,977.3820869614277,0
2026-01-28T04:45:00,977.3820869614277,977.3820869614277,0
2026-01-28T05:00:00,977.3820869614277,977.3820869614277,0
2026-01-28T05:15:00,977.3820869614277,977.3820869614277,0
2026-01-28T05:30:00,977.3820869614277,977.3820869614277,0
2026-01-28T05:45:00,977.3820869614277,977.3820869614277,0
2026-01-28T06:00:00,977.3820869614277,977.3820869614277,0
2026-01-28T06:15:00,977.3820869614277,977.3820869614277,0
2026-01-28T06:30:00,977.3820869614277,977.3820869614277,0
2026-01-28T06:45:00,977.3820869614277,977.3820869614277,0
2026-01-28T07:00:00,977.3820869614277,977.3820869614277,0
2026-01-28T07:15:00,977.3820869614277,977.3820869614277,0
2026-01-28T07:30:00,977.3820869614277,977.3820869614277,0
2026-01-28T07:45:00,977.3820869614277,977.3820869614277,0
2026-01-28T08:00:00,977.3820869614277,977.3820869614277,0
2026-01-28T08:15:00,977.3820869614277,977.3820869614277,0
2026-01-28T08:30:00,977.3820869614277,977.3820869614277,0
2026-01-28T08:45:00,977.3820869614277,977.3820869614277,0
2026-01-28T09:00:00,977.3820869614277,977.3820869614277,0
2026-01-28T09:15:00,977.3820869614277,977.3820869614277,0
2026-01-28T09:30:00,977.3820869614277,977.3820869614277,0
2026-01-28T09:45:00,976.6401549017257,879.4874971313711,1
2026-01-28T10:00:00,976.6401984854333,879.4874971313711,1
2026-01-28T10:15:00,975.6543786022057,879.4874971313711,1
2026-01-28T10:30:00,976.3204684061479,879.4874971313711,1
2026-01-28T10:45:00,975.9276484491414,879.4874971313711,1
2026-01-28T11:00:00,975.6159813557703,879.4874971313711,1
2026-01-28T11:15:00,976.1591651041529,879.4874971313711,1
2026-01-28T11:30:00,977.0771687382845,879.4874971313711,1
2026-01-28T11:45:00,978.8749095112353,879.4874971313711,1
2026-01-28T12:00:00,978.2161853538851,879.4874971313711,1
2026-01-28T12:15:00,977.9496273979269,879.4874971313711,1
2026-01-28T12:30:00,978.1283205992723,879.4874971313711,1
2026-01-28T12:45:00,978.5205303843718,879.4874971313711,1
2026-01-28T13:00:00,979.3075213933218,879.4874971313711,1
2026-01-28T13:15:00,979.1395933677647,879.4874971313711,1
2026-01-28T13:30:00,980.3374915723941,879.4874971313711,1
2026-01-28T13:45:00,979.6503072539516,879.4874971313711,1
2026-01-28T14:00:00,979.1788187046454,879.4874971313711,1
2026-01-28T14:15:00,978.573571756576,879.4874971313711,1
2026-01-28T14:30:00,976.952628623399,976.952628623399,0
2026-01-28T14:45:00,976.952628623399,976.952628623399,0
2026-01-28T15:00:00,976.952628623399,976.952628623399,0
2026-01-28T15:15:00,976.952628623399,976.952628623399,0
2026-01-28T15:30:00,976.952628623399,976.952628623399,0
2026-01-28T15:45:00,976.952628623399,976.952628623399,0
2026-01-28T16:00:00,976.952628623399,976.952628623399,0
2026-01-28T16:15:00,976.952628623399,976.952628623399,0
2026-01-28T16:30:00,976.952628623399,976.952628623399,0
2026-01-28T16:45:00,976.952628623399,976.952628623399,0
2026-01-28T17:00:00,976.952628623399,976.952628623399,0
2026-01-28T17:15:00,976.952628623399,976.952628623399,0
2026-01-28T17:30:00,976.952628623399,976.952628623399,0
2026-01-28T17:45:00,976.952628623399,976.952628623399,0
2026-01-28T18:00:00,976.952628623399,976.952628623399,0
2026-01-28T18:15:00,976.952628623399,976.952628623399,0
2026-01-28T18:30:00,976.952628623399,976.952628623399,0
2026-01-28T18:45:00,976.952628623399,976.952628623399,0
2026-01-28T19:00:00,976.952628623399,976.952628623399,0
2026-01-28T19:15:00,976.952628623399,976.952628623399,0
2026-01-28T19:30:00,976.952628623399,976.952628623399,0
2026-01-28T19:45:00,976.952628623399,976.952628623399,0
2026-01-28T20:00:00,976.952628623399,976.952628623399,0
2026-01-28T20:15:00,976.2110225661004,879.1010533404794,1
2026-01-28T20:30:00,973.5869597038518,973.5869597038518,0
2026-01-28T20:45:00,973.5869597038518,973.5869597038518,0
2026-01-28T21:00:00,973.5869597038518,973.5869597038518,0
2026-01-28T21:15:00,973.5869597038518,973.5869597038518,0
2026-01-28T21:30:00,973.5869597038518,973.5869597038518,0
2026-01-28T21:45:00,973.5869597038518,973.5869597038518,0
2026-01-28T22:00:00,973.5869597038518,973.5869597038518,0
2026-01-28T22:15:00,973.5869597038518,973.5869597038518,0
2026-01-28T22:30:00,973.5869597038518,973.5869597038518,0
2026-01-28T22:45:00,973.5869597038518,973.5869597038518,0
2026-01-28T23:00:00,973.5869597038518,973.5869597038518,0
2026-01-28T23:15:00,973.5869597038518,973.5869597038518,0
2026-01-28T23:30:00,973.5869597038518,973.5869597038518,0
2026-01-28T23:45:00,973.5869597038518,973.5869597038518,0
2026-01-29T00:00:00,973.5869597038518,973.5869597038518,0
2026-01-29T00:15:00,973.5869597038518,973.5869597038518,0
2026-01-29T00:30:00,973.5869597038518,973.5869597038518,0
2026-01-29T00:45:00,973.5869597038518,973.5869597038518,0
2026-01-29T01:00:00,973.5869597038518,973.5869597038518,0
2026-01-29T01:15:00,973.5869597038518,973.5869597038518,0
2026-01-29T01:30:00,973.5869597038518,973.5869597038518,0
2026-01-29T01:45:00,973.5869597038518,973.5869597038518,0
2026-01-29T02:00:00,973.5869597038518,973.5869597038518,0
2026-01-29T02:15:00,973.5869597038518,973.5869597038518,0
2026-01-29T02:30:00,973.5869597038518,973.5869597038518,0
2026-01-29T02:45:00,973.5869597038518,973.5869597038518,0
2026-01-29T03:00:00,973.5869597038518,973.5869597038518,0
2026-01-29T03:15:00,973.5869597038518,973.5869597038518,0
2026-01-29T03:30:00,973.5869597038518,973.5869597038518,0
2026-01-29T03:45:00,973.5869597038518,973.5869597038518,0
2026-01-29T04:00:00,973.5869597038518,973.5869597038518,0
2026-01-29T04:15:00,973.5869597038518,973.5869597038518,0
2026-01-29T04:30:00,973.5869597038518,973.5869597038518,0
2026-01-29T04:45:00,973.5869597038518,973.5869597038518,0
2026-01-29T05:00:00,973.5869597038518,973.5869597038518,0
2026-01-29T05:15:00,973.5869597038518,973.5869597038518,0
2026-01-29T05:30:00,973.5869597038518,973.5869597038518,0
2026-01-29T05:45:00,973.5869597038518,973.5869597038518,0
2026-01-29T06:00:00,973.5869597038518,973.5869597038518,0
2026-01-29T06:15:00,973.5869597038518,973.5869597038518,0
2026-01-29T06:30:00,973.5869597038518,973.5869597038518,0
2026-01-29T06:45:00,973.5869597038518,973.5869597038518,0
2026-01-29T07:00:00,973.5869597038518,973.5869597038518,0
2026-01-29T07:15:00,973.5869597038518,973.5869597038518,0
2026-01-29T07:30:00,973.5869597038518,973.5869597038518,0
2026-01-29T07:45:00,973.5869597038518,973.5869597038518,0
2026-01-29T08:00:00,973.5869597038518,973.5869597038518,0
2026-01-29T08:15:00,973.5869597038518,973.5869597038518,0
2026-01-29T08:30:00,973.5869597038518,973.5869597038518,0
2026-01-29T08:45:00,973.5869597038518,973.5869597038518,0
2026-01-29T09:00:00,973.5869597038518,973.5869597038518,0
2026-01-29T09:15:00,973.5869597038518,973.5869597038518,0
2026-01-29T09:30:00,973.5869597038518,973.5869597038518,0
2026-01-29T09:45:00,973.5869597038518,973.5869597038518,0
2026-01-29T10:00:00,973.5869597038518,973.5869597038518,0
2026-01-29T10:15:00,973.5869597038518,973.5869597038518,0
2026-01-29T10:30:00,973.5869597038518,973.5869597038518,0
2026-01-29T10:45:00,973.5869597038518,973.5869597038518,0
2026-01-29T11:00:00,973.5869597038518,973.5869597038518,0
2026-01-29T11:15:00,972.8461560698962,876.0724898199139,1
2026-01-29T11:30:00,972.3953971599872,876.0724898199139,1
2026-01-29T11:45:00,972.2140267110296,876.0724898199139,1
2026-01-29T12:00:00,971.7565997699089,876.0724898199139,1
2026-01-29T12:15:00,971.948639068805,876.0724898199139,1
2026-01-29T12:30:00,971.828614506995,876.0724898199139,1
2026-01-29T12:45:00,970.9614235424865,970.9614235424865,0
2026-01-29T13:00:00,970.9614235424865,970.9614235424865,0
2026-01-29T13:15:00,970.9614235424865,970.9614235424865,0
2026-01-29T13:30:00,970.9614235424865,970.9614235424865,0
2026-01-29T13:45:00,970.9614235424865,970.9614235424865,0
2026-01-29T14:00:00,970.9614235424865,970.9614235424865,0
2026-01-29T14:15:00,970.9614235424865,970.9614235424865,0
2026-01-29T14:30:00,970.9614235424865,970.9614235424865,0
2026-01-29T14:45:00,970.9614235424865,970.9614235424865,0
2026-01-29T15:00:00,970.9614235424865,970.9614235424865,0
2026-01-29T15:15:00,970.9614235424865,970.9614235424865,0
2026-01-29T15:30:00,970.9614235424865,970.9614235424865,0
2026-01-29T15:45:00,970.9614235424865,970.9614235424865,0
2026-01-29T16:00:00,970.9614235424865,970.9614235424865,0
2026-01-29T16:15:00,970.9614235424865,970.9614235424865,0
2026-01-29T16:30:00,970.9614235424865,970.9614235424865,0
2026-01-29T16:45:00,970.9614235424865,970.9614235424865,0
2026-01-29T17:00:00,970.9614235424865,970.9614235424865,0
2026-01-29T17:15:00,970.9614235424865,970.9614235424865,0
2026-01-29T17:30:00,970.9614235424865,970.9614235424865,0
2026-01-29T17:45:00,970.9614235424865,970.9614235424865,0
2026-01-29T18:00:00,970.9614235424865,970.9614235424865,0
2026-01-29T18:15:00,970.9614235424865,970.9614235424865,0
2026-01-29T18:30:00,970.9614235424865,970.9614235424865,0
2026-01-29T18:45:00,970.9614235424865,970.9614235424865,0
2026-01-29T19:00:00,970.9614235424865,970.9614235424865,0
2026-01-29T19:15:00,970.9614235424865,970.9614235424865,0
2026-01-29T19:30:00,970.9614235424865,970.9614235424865,0
2026-01-29T19:45:00,970.9614235424865,970.9614235424865,0
2026-01-29T20:00:00,970.9614235424865,970.9614235424865,0
2026-01-29T20:15:00,970.9614235424865,970.9614235424865,0
2026-01-29T20:30:00,970.9614235424865,970.9614235424865,0
2026-01-29T20:45:00,970.9614235424865,970.9614235424865,0
2026-01-29T21:00:00,970.9614235424865,970.9614235424865,0
2026-01-29T21:15:00,970.9614235424865,970.9614235424865,0
2026-01-29T21:30:00,970.9614235424865,970.9614235424865,0
2026-01-29T21:45:00,970.9614235424865,970.9614235424865,0
2026-01-29T22:00:00,970.9614235424865,970.9614235424865,0
2026-01-29T22:15:00,970.9614235424865,970.9614235424865,0
2026-01-29T22:30:00,970.9614235424865,970.9614235424865,0
2026-01-29T22:45:00,970.9614235424865,970.9614235424865,0
2026-01-29T23:00:00,970.9614235424865,970.9614235424865,0
2026-01-29T23:15:00,970.9614235424865,970.9614235424865,0
2026-01-29T23:30:00,970.9614235424865,970.9614235424865,0
2026-01-29T23:45:00,970.9614235424865,970.9614235424865,0
2026-01-30T00:00:00,970.9614235424865,970.9614235424865,0
2026-01-30T00:15:00,970.9614235424865,970.9614235424865,0
2026-01-30T00:30:00,970.9614235424865,970.9614235424865,0
2026-01-30T00:45:00,970.9614235424865,970.9614235424865,0
2026-01-30T01:00:00,970.9614235424865,970.9614235424865,0
2026-01-30T01:15:00,970.9614235424865,970.9614235424865,0
2026-01-30T01:30:00,970.9614235424865,970.9614235424865,0
2026-01-30T01:45:00,970.9614235424865,970.9614235424865,0
2026-01-30T02:00:00,970.9614235424865,970.9614235424865,0
2026-01-30T02:15:00,970.9614235424865,970.9614235424865,0
2026-01-30T02:30:00,970.9614235424865,970.9614235424865,0
2026-01-30T02:45:00,970.9614235424865,970.9614235424865,0
2026-01-30T03:00:00,970.9614235424865,970.9614235424865,0
2026-01-30T03:15:00,970.9614235424865,970.9614235424865,0
2026-01-30T03:30:00,970.9614235424865,970.9614235424865,0
2026-01-30T03:45:00,970.9614235424865,970.9614235424865,0
2026-01-30T04:00:00,970.9614235424865,970.9614235424865,0
2026-01-30T04:15:00,970.9614235424865,970.9614235424865,0
2026-01-30T04:30:00,970.9614235424865,970.9614235424865,0
2026-01-30T04:45:00,970.9614235424865,970.9614235424865,0
2026-01-30T05:00:00,970.9614235424865,970.9614235424865,0
2026-01-30T05:15:00,970.9614235424865,970.9614235424865,0
2026-01-30T05:30:00,970.9614235424865,970.9614235424865,0
2026-01-30T05:45:00,970.9614235424865,970.9614235424865,0
2026-01-30T06:00:00,970.9614235424865,970.9614235424865,0
2026-01-30T06:15:00,970.9614235424865,970.9614235424865,0
2026-01-30T06:30:00,970.222617682546,873.709927360471,1
2026-01-30T06:45:00,968.5832090333263,873.709927360471,1
2026-01-30T07:00:00,964.3547186975419,964.3547186975419,0
2026-01-30T07:15:00,964.3547186975419,964.3547186975419,0
2026-01-30T07:30:00,964.3547186975419,964.3547186975419,0
2026-01-30T07:45:00,964.3547186975419,964.3547186975419,0
2026-01-30T08:00:00,964.3547186975419,964.3547186975419,0
2026-01-30T08:15:00,964.3547186975419,964.3547186975419,0
2026-01-30T08:30:00,964.3547186975419,964.3547186975419,0
2026-01-30T08:45:00,964.3547186975419,964.3547186975419,0
2026-01-30T09:00:00,964.3547186975419,964.3547186975419,0
2026-01-30T09:15:00,964.3547186975419,964.3547186975419,0
2026-01-30T09:30:00,964.3547186975419,964.3547186975419,0
2026-01-30T09:45:00,964.3547186975419,964.3547186975419,0
2026-01-30T10:00:00,964.3547186975419,964.3547186975419,0
2026-01-30T10:15:00,964.3547186975419,964.3547186975419,0
2026-01-30T10:30:00,964.3547186975419,964.3547186975419,0
2026-01-30T10:45:00,964.3547186975419,964.3547186975419,0
2026-01-30T11:00:00,964.3547186975419,964.3547186975419,0
2026-01-30T11:15:00,964.3547186975419,964.3547186975419,0
2026-01-30T11:30:00,964.3547186975419,964.3547186975419,0
2026-01-30T11:45:00,964.3547186975419,964.3547186975419,0
2026-01-30T12:00:00,964.3547186975419,964.3547186975419,0
2026-01-30T12:15:00,964.3547186975419,964.3547186975419,0
2026-01-30T12:30:00,964.3547186975419,964.3547186975419,0
2026-01-30T12:45:00,964.3547186975419,964.3547186975419,0
2026-01-30T13:00:00,964.3547186975419,964.3547186975419,0
2026-01-30T13:15:00,964.3547186975419,964.3547186975419,0
2026-01-30T13:30:00,964.3547186975419,964.3547186975419,0
2026-01-30T13:45:00,964.3547186975419,964.3547186975419,0
2026-01-30T14:00:00,964.3547186975419,964.3547186975419,0
2026-01-30T14:15:00,964.3547186975419,964.3547186975419,0
2026-01-30T14:30:00,964.3547186975419,964.3547186975419,0
2026-01-30T14:45:00,964.3547186975419,964.3547186975419,0
2026-01-30T15:00:00,964.3547186975419,964.3547186975419,0
2026-01-30T15:15:00,964.3547186975419,964.3547186975419,0
2026-01-30T15:30:00,964.3547186975419,964.3547186975419,0
2026-01-30T15:45:00,964.3547186975419,964.3547186975419,0
2026-01-30T16:00:00,964.3547186975419,964.3547186975419,0
2026-01-30T16:15:00,964.3547186975419,964.3547186975419,0
2026-01-30T16:30:00,964.3547186975419,964.3547186975419,0
2026-01-30T16:45:00,964.3547186975419,964.3547186975419,0
2026-01-30T17:00:00,964.3547186975419,964.3547186975419,0
2026-01-30T17:15:00,964.3547186975419,964.3547186975419,0
2026-01-30T17:30:00,964.3547186975419,964.3547186975419,0
2026-01-30T17:45:00,964.3547186975419,964.3547186975419,0
2026-01-30T18:00:00,963.6209398882503,867.7649500727961,1
2026-01-30T18:15:00,967.3328599540895,867.7649500727961,1
2026-01-30T18:30:00,961.8007263890927,867.7649500727961,1
2026-01-30T18:45:00,957.810668132808,957.810668132808,0
2026-01-30T19:00:00,957.810668132808,957.810668132808,0
2026-01-30T19:15:00,957.810668132808,957.810668132808,0
2026-01-30T19:30:00,957.810668132808,957.810668132808,0
2026-01-30T19:45:00,957.810668132808,957.810668132808,0
2026-01-30T20:00:00,957.810668132808,957.810668132808,0
2026-01-30T20:15:00,957.810668132808,957.810668132808,0
2026-01-30T20:30:00,957.810668132808,957.810668132808,0
2026-01-30T20:45:00,957.810668132808,957.810668132808,0
2026-01-30T21:00:00,957.810668132808,957.810668132808,0
2026-01-30T21:15:00,957.810668132808,957.810668132808,0
2026-01-30T21:30:00,957.810668132808,957.810668132808,0
2026-01-30T21:45:00,957.810668132808,957.810668132808,0
2026-01-30T22:00:00,957.810668132808,957.810668132808,0
2026-01-30T22:15:00,957.810668132808,957.810668132808,0
2026-01-30T22:30:00,957.810668132808,957.810668132808,0
2026-01-30T22:45:00,957.810668132808,957.810668132808,0
2026-01-30T23:00:00,957.810668132808,957.810668132808,0
2026-01-30T23:15:00,957.810668132808,957.810668132808,0
2026-01-30T23:30:00,957.810668132808,957.810668132808,0
2026-01-30T23:45:00,957.810668132808,957.810668132808,0
2026-01-31T00:00:00,957.810668132808,957.810668132808,0
2026-01-31T00:15:00,957.810668132808,957.810668132808,0
2026-01-31T00:30:00,957.810668132808,957.810668132808,0
2026-01-31T00:45:00,957.810668132808,957.810668132808,0
2026-01-31T01:00:00,957.810668132808,957.810668132808,0
2026-01-31T01:15:00,957.810668132808,957.810668132808,0
2026-01-31T01:30:00,957.810668132808,957.810668132808,0
2026-01-31T01:45:00,957.810668132808,957.810668132808,0
2026-01-31T02:00:00,957.810668132808,957.810668132808,0
2026-01-31T02:15:00,957.810668132808,957.810668132808,0
2026-01-31T02:30:00,957.810668132808,957.810668132808,0
2026-01-31T02:45:00,957.810668132808,957.810668132808,0
2026-01-31T03:00:00,957.810668132808,957.810668132808,0
2026-01-31T03:15:00,957.810668132808,957.810668132808,0
2026-01-31T03:30:00,957.810668132808,957.810668132808,0
2026-01-31T03:45:00,957.810668132808,957.810668132808,0
2026-01-31T04:00:00,957.810668132808,957.810668132808,0
2026-01-31T04:15:00,957.810668132808,957.810668132808,0
2026-01-31T04:30:00,957.810668132808,957.810668132808,0
2026-01-31T04:45:00,957.810668132808,957.810668132808,0
2026-01-31T05:00:00,957.810668132808,957.810668132808,0
2026-01-31T05:15:00,957.810668132808,957.810668132808,0
2026-01-31T05:30:00,957.810668132808,957.810668132808,0
2026-01-31T05:45:00,957.810668132808,957.810668132808,0
2026-01-31T06:00:00,957.810668132808,957.810668132808,0
2026-01-31T06:15:00,957.810668132808,957.810668132808,0
2026-01-31T06:30:00,957.810668132808,957.810668132808,0
2026-01-31T06:45:00,957.810668132808,957.810668132808,0
2026-01-31T07:00:00,957.810668132808,957.810668132808,0
2026-01-31T07:15:00,957.810668132808,957.810668132808,0
2026-01-31T07:30:00,957.0818687004389,861.876351612626,1
2026-01-31T07:45:00,956.3618147643361,861.876351612626,1
2026-01-31T08:00:00,957.423248853412,861.876351612626,1
2026-01-31T08:15:00,958.7113134642095,861.876351612626,1
2026-01-31T08:30:00,963.2726113064546,861.876351612626,1
2026-01-31T08:45:00,961.5298512818231,861.876351612626,1
2026-01-31T09:00:00,961.301786389711,861.876351612626,1
2026-01-31T09:15:00,962.1681461056594,861.876351612626,1
2026-01-31T09:30:00,960.5759949720456,861.876351612626,1
2026-01-31T09:45:00,960.9102032730653,861.876351612626,1
2026-01-31T10:00:00,961.5872260974488,861.876351612626,1
2026-01-31T10:15:00,961.132530683615,861.876351612626,1
2026-01-31T10:30:00,959.9491751113344,861.876351612626,1
2026-01-31T10:45:00,960.1286035191204,960.1286035191204,0
2026-01-31T11:00:00,960.1286035191204,960.1286035191204,0
2026-01-31T11:15:00,960.1286035191204,960.1286035191204,0
2026-01-31T11:30:00,960.1286035191204,960.1286035191204,0
2026-01-31T11:45:00,960.1286035191204,960.1286035191204,0
2026-01-31T12:00:00,960.1286035191204,960.1286035191204,0
2026-01-31T12:15:00,960.1286035191204,960.1286035191204,0
2026-01-31T12:30:00,960.1286035191204,960.1286035191204,0
2026-01-31T12:45:00,960.1286035191204,960.1286035191204,0
2026-01-31T13:00:00,960.1286035191204,960.1286035191204,0
2026-01-31T13:15:00,960.1286035191204,960.1286035191204,0
2026-01-31T13:30:00,960.1286035191204,960.1286035191204,0
2026-01-31T13:45:00,960.1286035191204,960.1286035191204,0
2026-01-31T14:00:00,960.1286035191204,960.1286035191204,0
2026-01-31T14:15:00,960.1286035191204,960.1286035191204,0
2026-01-31T14:30:00,960.1286035191204,960.1286035191204,0
2026-01-31T14:45:00,960.1286035191204,960.1286035191204,0
2026-01-31T15:00:00,960.1286035191204,960.1286035191204,0
2026-01-31T15:15:00,960.1286035191204,960.1286035191204,0
2026-01-31T15:30:00,960.1286035191204,960.1286035191204,0
2026-01-31T15:45:00,960.1286035191204,960.1286035191204,0
2026-01-31T16:00:00,960.1286035191204,960.1286035191204,0
2026-01-31T16:15:00,960.1286035191204,960.1286035191204,0
2026-01-31T16:30:00,960.1286035191204,960.1286035191204,0
2026-01-31T16:45:00,960.1286035191204,960.1286035191204,0
2026-01-31T17:00:00,959.398040366582,863.9621225906453,1
2026-01-31T17:15:00,958.0646886491401,863.9621225906453,1
2026-01-31T17:30:00,959.1028619653,863.9621225906453,1
2026-01-31T17:45:00,959.1680343903723,863.9621225906453,1
2026-01-31T18:00:00,960.4898248318095,863.9621225906453,1
2026-01-31T18:15:00,961.3972630437825,863.9621225906453,1
2026-01-31T18:30:00,965.7713279139446,863.9621225906453,1
2026-01-31T18:45:00,963.341508682767,863.9621225906453,1
2026-01-31T19:00:00,962.42509462782,863.9621225906453,1
2026-01-31T19:15:00,963.6139060043269,863.9621225906453,1
2026-01-31T19:30:00,965.8702085319248,863.9621225906453,1
2026-01-31T19:45:00,964.7482281601705,863.9621225906453,1
2026-01-31T20:00:00,965.810938699243,863.9621225906453,1
2026-01-31T20:15:00,966.5387624882246,863.9621225906453,1
2026-01-31T20:30:00,965.8846967132471,863.9621225906453,1
2026-01-31T20:45:00,963.2276471295004,963.2276471295004,0
2026-01-31T21:00:00,963.2276471295004,963.2276471295004,0
2026-01-31T21:15:00,963.2276471295004,963.2276471295004,0
2026-01-31T21:30:00,963.2276471295004,963.2276471295004,0
2026-01-31T21:45:00,963.2276471295004,963.2276471295004,0
2026-01-31T22:00:00,963.2276471295004,963.2276471295004,0
2026-01-31T22:15:00,963.2276471295004,963.2276471295004,0
2026-01-31T22:30:00,963.2276471295004,963.2276471295004,0
2026-01-31T22:45:00,963.2276471295004,963.2276471295004,0
2026-01-31T23:00:00,963.2276471295004,963.2276471295004,0
2026-01-31T23:15:00,963.2276471295004,963.2276471295004,0
2026-01-31T23:30:00,963.2276471295004,963.2276471295004,0
2026-01-31T23:45:00,963.2276471295004,963.2276471295004,0
2026-02-01T00:00:00,963.2276471295004,963.2276471295004,0
2026-02-01T00:15:00,963.2276471295004,963.2276471295004,0
2026-02-01T00:30:00,963.2276471295004,963.2276471295004,0
2026-02-01T00:45:00,963.2276471295004,963.2276471295004,0
2026-02-01T01:00:00,963.2276471295004,963.2276471295004,0
2026-02-01T01:15:00,963.2276471295004,963.2276471295004,0
2026-02-01T01:30:00,963.2276471295004,963.2276471295004,0
2026-02-01T01:45:00,963.2276471295004,963.2276471295004,0
2026-02-01T02:00:00,963.2276471295004,963.2276471295004,0
2026-02-01T02:15:00,963.2276471295004,963.2276471295004,0
2026-02-01T02:30:00,963.2276471295004,963.2276471295004,0
2026-02-01T02:45:00,963.2276471295004,963.2276471295004,0
2026-02-01T03:00:00,963.2276471295004,963.2276471295004,0
2026-02-01T03:15:00,963.2276471295004,963.2276471295004,0
2026-02-01T03:30:00,963.2276471295004,963.2276471295004,0
2026-02-01T03:45:00,963.2276471295004,963.2276471295004,0
2026-02-01T04:00:00,963.2276471295004,963.2276471295004,0
2026-02-01T04:15:00,963.2276471295004,963.2276471295004,0
2026-02-01T04:30:00,963.2276471295004,963.2276471295004,0
2026-02-01T04:45:00,963.2276471295004,963.2276471295004,0
2026-02-01T05:00:00,963.2276471295004,963.2276471295004,0
2026-02-01T05:15:00,963.2276471295004,963.2276471295004,0
2026-02-01T05:30:00,963.2276471295004,963.2276471295004,0
2026-02-01T05:45:00,963.2276471295004,963.2276471295004,0
2026-02-01T06:00:00,962.4947259104888,866.7507659930096,1
2026-02-01T06:15:00,962.4985497411819,866.7507659930096,1
2026-02-01T06:30:00,963.402787653167,866.7507659930096,1
2026-02-01T06:45:00,964.510816131708,866.7507659930096,1
2026-02-01T07:00:00,965.379021792931,866.7507659930096,1
2026-02-01T07:15:00,964.9409970846855,866.7507659930096,1
2026-02-01T07:30:00,963.1376197016394,866.7507659930096,1
2026-02-01T07:45:00,964.3000152088814,866.7507659930096,1
2026-02-01T08:00:00,963.7947793226837,866.7507659930096,1
2026-02-01T08:15:00,963.5277484792798,866.7507659930096,1
2026-02-01T08:30:00,961.4420328053276,961.4420328053276,0
2026-02-01T08:45:00,961.4420328053276,961.4420328053276,0
2026-02-01T09:00:00,961.4420328053276,961.4420328053276,0
2026-02-01T09:15:00,961.4420328053276,961.4420328053276,0
2026-02-01T09:30:00,961.4420328053276,961.4420328053276,0
2026-02-01T09:45:00,961.4420328053276,961.4420328053276,0
2026-02-01T10:00:00,961.4420328053276,961.4420328053276,0
2026-02-01T10:15:00,961.4420328053276,961.4420328053276,0
2026-02-01T10:30:00,961.4420328053276,961.4420328053276,0
2026-02-01T10:45:00,961.4420328053276,961.4420328053276,0
2026-02-01T11:00:00,960.7104702626696,865.143998799546,1
2026-02-01T11:15:00,961.7049157882388,865.143998799546,1
2026-02-01T11:30:00,956.1253954247165,956.1253954247165,0
2026-02-01T11:45:00,956.1253954247165,956.1253954247165,0
2026-02-01T12:00:00,956.1253954247165,956.1253954247165,0
2026-02-01T12:15:00,956.1253954247165,956.1253954247165,0
2026-02-01T12:30:00,956.1253954247165,956.1253954247165,0
2026-02-01T12:45:00,956.1253954247165,956.1253954247165,0
2026-02-01T13:00:00,956.1253954247165,956.1253954247165,0
2026-02-01T13:15:00,956.1253954247165,956.1253954247165,0
2026-02-01T13:30:00,956.1253954247165,956.1253954247165,0
2026-02-01T13:45:00,956.1253954247165,956.1253954247165,0
2026-02-01T14:00:00,956.1253954247165,956.1253954247165,0
2026-02-01T14:15:00,956.1253954247165,956.1253954247165,0
2026-02-01T14:30:00,956.1253954247165,956.1253954247165,0
2026-02-01T14:45:00,956.1253954247165,956.1253954247165,0
2026-02-01T15:00:00,956.1253954247165,956.1253954247165,0
2026-02-01T15:15:00,956.1253954247165,956.1253954247165,0
2026-02-01T15:30:00,956.1253954247165,956.1253954247165,0
2026-02-01T15:45:00,956.1253954247165,956.1253954247165,0
2026-02-01T16:00:00,956.1253954247165,956.1253954247165,0
2026-02-01T16:15:00,956.1253954247165,956.1253954247165,0
2026-02-01T16:30:00,956.1253954247165,956.1253954247165,0
2026-02-01T16:45:00,956.1253954247165,956.1253954247165,0
2026-02-01T17:00:00,956.1253954247165,956.1253954247165,0
2026-02-01T17:15:00,956.1253954247165,956.1253954247165,0
2026-02-01T17:30:00,956.1253954247165,956.1253954247165,0
2026-02-01T17:45:00,956.1253954247165,956.1253954247165,0
2026-02-01T18:00:00,956.1253954247165,956.1253954247165,0
2026-02-01T18:15:00,956.1253954247165,956.1253954247165,0
2026-02-01T18:30:00,956.1253954247165,956.1253954247165,0
2026-02-01T18:45:00,956.1253954247165,956.1253954247165,0
2026-02-01T19:00:00,956.1253954247165,956.1253954247165,0
2026-02-01T19:15:00,956.1253954247165,956.1253954247165,0
2026-02-01T19:30:00,956.1253954247165,956.1253954247165,0
2026-02-01T19:45:00,956.1253954247165,956.1253954247165,0
2026-02-01T20:00:00,956.1253954247165,956.1253954247165,0
2026-02-01T20:15:00,955.3978783186295,860.3598758189769,1
2026-02-01T20:30:00,951.7624552415074,860.3598758189769,1
2026-02-01T20:45:00,953.328641932341,860.3598758189769,1
2026-02-01T21:00:00,955.129471938231,860.3598758189769,1
2026-02-01T21:15:00,953.8838845320603,860.3598758189769,1
2026-02-01T21:30:00,954.6352625720151,860.3598758189769,1
2026-02-01T21:45:00,956.2105393189024,860.3598758189769,1
2026-02-01T22:00:00,951.0809704489812,951.0809704489812,0
2026-02-01T22:15:00,951.0809704489812,951.0809704489812,0
2026-02-01T22:30:00,951.0809704489812,951.0809704489812,0
2026-02-01T22:45:00,951.0809704489812,951.0809704489812,0
2026-02-01T23:00:00,950.3572916526786,855.8207004488113,1
2026-02-01T23:15:00,950.559633999341,855.8207004488113,1
2026-02-01T23:30:00,944.1251473754731,855.8207004488113,1
2026-02-01T23:45:00,948.5716204433818,855.8207004488113,1
2026-02-02T00:00:00,945.0795287772313,855.8207004488113,1
2026-02-02T00:15:00,940.8812555319685,940.8812555319685,0
2026-02-02T00:30:00,940.8812555319685,940.8812555319685,0
2026-02-02T00:45:00,940.8812555319685,940.8812555319685,0
2026-02-02T01:00:00,940.8812555319685,940.8812555319685,0
2026-02-02T01:15:00,940.8812555319685,940.8812555319685,0
2026-02-02T01:30:00,940.8812555319685,940.8812555319685,0
2026-02-02T01:45:00,940.8812555319685,940.8812555319685,0
2026-02-02T02:00:00,940.8812555319685,940.8812555319685,0
2026-02-02T02:15:00,940.8812555319685,940.8812555319685,0
2026-02-02T02:30:00,940.8812555319685,940.8812555319685,0
2026-02-02T02:45:00,940.8812555319685,940.8812555319685,0
2026-02-02T03:00:00,940.8812555319685,940.8812555319685,0
2026-02-02T03:15:00,940.8812555319685,940.8812555319685,0
2026-02-02T03:30:00,940.8812555319685,940.8812555319685,0
2026-02-02T03:45:00,940.8812555319685,940.8812555319685,0
2026-02-02T04:00:00,940.8812555319685,940.8812555319685,0
2026-02-02T04:15:00,940.8812555319685,940.8812555319685,0
2026-02-02T04:30:00,940.8812555319685,940.8812555319685,0
2026-02-02T04:45:00,940.8812555319685,940.8812555319685,0
2026-02-02T05:00:00,940.8812555319685,940.8812555319685,0
2026-02-02T05:15:00,940.8812555319685,940.8812555319685,0
2026-02-02T05:30:00,940.8812555319685,940.8812555319685,0
2026-02-02T05:45:00,940.8812555319685,940.8812555319685,0
2026-02-02T06:00:00,940.8812555319685,940.8812555319685,0
2026-02-02T06:15:00,940.8812555319685,940.8812555319685,0
2026-02-02T06:30:00,940.8812555319685,940.8812555319685,0
2026-02-02T06:45:00,940.8812555319685,940.8812555319685,0
2026-02-02T07:00:00,940.8812555319685,940.8812555319685,0
2026-02-02T07:15:00,940.8812555319685,940.8812555319685,0
2026-02-02T07:30:00,940.8812555319685,940.8812555319685,0
2026-02-02T07:45:00,940.8812555319685,940.8812555319685,0
2026-02-02T08:00:00,940.8812555319685,940.8812555319685,0
2026-02-02T08:15:00,940.8812555319685,940.8812555319685,0
2026-02-02T08:30:00,940.8812555319685,940.8812555319685,0
2026-02-02T08:45:00,940.8812555319685,940.8812555319685,0
2026-02-02T09:00:00,940.8812555319685,940.8812555319685,0
2026-02-02T09:15:00,940.8812555319685,940.8812555319685,0
2026-02-02T09:30:00,940.8812555319685,940.8812555319685,0
2026-02-02T09:45:00,940.8812555319685,940.8812555319685,0
2026-02-02T10:00:00,940.8812555319685,940.8812555319685,0
2026-02-02T10:15:00,940.8812555319685,940.8812555319685,0
2026-02-02T10:30:00,940.8812555319685,940.8812555319685,0
2026-02-02T10:45:00,940.8812555319685,940.8812555319685,0
2026-02-02T11:00:00,940.8812555319685,940.8812555319685,0
2026-02-02T11:15:00,940.8812555319685,940.8812555319685,0
2026-02-02T11:30:00,940.8812555319685,940.8812555319685,0
2026-02-02T11:45:00,940.8812555319685,940.8812555319685,0
2026-02-02T12:00:00,940.8812555319685,940.8812555319685,0
2026-02-02T12:15:00,940.8812555319685,940.8812555319685,0
2026-02-02T12:30:00,940.8812555319685,940.8812555319685,0
2026-02-02T12:45:00,940.8812555319685,940.8812555319685,0
2026-02-02T13:00:00,940.8812555319685,940.8812555319685,0
2026-02-02T13:15:00,940.8812555319685,940.8812555319685,0
2026-02-02T13:30:00,940.8812555319685,940.8812555319685,0
2026-02-02T13:45:00,940.8812555319685,940.8812555319685,0
2026-02-02T14:00:00,940.8812555319685,940.8812555319685,0
2026-02-02T14:15:00,940.8812555319685,940.8812555319685,0
2026-02-02T14:30:00,940.8812555319685,940.8812555319685,0
2026-02-02T14:45:00,940.8812555319685,940.8812555319685,0
2026-02-02T15:00:00,940.8812555319685,940.8812555319685,0
2026-02-02T15:15:00,940.8812555319685,940.8812555319685,0
2026-02-02T15:30:00,940.8812555319685,940.8812555319685,0
2026-02-02T15:45:00,940.8812555319685,940.8812555319685,0
2026-02-02T16:00:00,940.8812555319685,940.8812555319685,0
2026-02-02T16:15:00,940.8812555319685,940.8812555319685,0
2026-02-02T16:30:00,940.8812555319685,940.8812555319685,0
2026-02-02T16:45:00,940.8812555319685,940.8812555319685,0
2026-02-02T17:00:00,940.8812555319685,940.8812555319685,0
2026-02-02T17:15:00,940.8812555319685,940.8812555319685,0
2026-02-02T17:30:00,940.8812555319685,940.8812555319685,0
2026-02-02T17:45:00,940.8812555319685,940.8812555319685,0
2026-02-02T18:00:00,940.8812555319685,940.8812555319685,0
2026-02-02T18:15:00,940.8812555319685,940.8812555319685,0
2026-02-02T18:30:00,940.8812555319685,940.8812555319685,0
2026-02-02T18:45:00,940.8812555319685,940.8812555319685,0
2026-02-02T19:00:00,940.8812555319685,940.8812555319685,0
2026-02-02T19:15:00,940.8812555319685,940.8812555319685,0
2026-02-02T19:30:00,940.8812555319685,940.8812555319685,0
2026-02-02T19:45:00,940.8812555319685,940.8812555319685,0
2026-02-02T20:00:00,940.8812555319685,940.8812555319685,0
2026-02-02T20:15:00,940.8812555319685,940.8812555319685,0
2026-02-02T20:30:00,940.8812555319685,940.8812555319685,0
2026-02-02T20:45:00,940.8812555319685,940.8812555319685,0
2026-02-02T21:00:00,940.8812555319685,940.8812555319685,0
2026-02-02T21:15:00,940.8812555319685,940.8812555319685,0
2026-02-02T21:30:00,940.8812555319685,940.8812555319685,0
2026-02-02T21:45:00,940.8812555319685,940.8812555319685,0
2026-02-02T22:00:00,940.8812555319685,940.8812555319685,0
2026-02-02T22:15:00,940.8812555319685,940.8812555319685,0
2026-02-02T22:30:00,940.8812555319685,940.8812555319685,0
2026-02-02T22:45:00,940.8812555319685,940.8812555319685,0
2026-02-02T23:00:00,940.8812555319685,940.8812555319685,0
2026-02-02T23:15:00,940.8812555319685,940.8812555319685,0
2026-02-02T23:30:00,940.8812555319685,940.8812555319685,0
2026-02-02T23:45:00,940.8812555319685,940.8812555319685,0
2026-02-03T00:00:00,940.8812555319685,940.8812555319685,0
2026-02-03T00:15:00,940.8812555319685,940.8812555319685,0
2026-02-03T00:30:00,940.8812555319685,940.8812555319685,0
2026-02-03T00:45:00,940.8812555319685,940.8812555319685,0
2026-02-03T01:00:00,940.8812555319685,940.8812555319685,0
2026-02-03T01:15:00,940.8812555319685,940.8812555319685,0
2026-02-03T01:30:00,940.8812555319685,940.8812555319685,0
2026-02-03T01:45:00,940.8812555319685,940.8812555319685,0
2026-02-03T02:00:00,940.8812555319685,940.8812555319685,0
2026-02-03T02:15:00,940.8812555319685,940.8812555319685,0
2026-02-03T02:30:00,940.8812555319685,940.8812555319685,0
2026-02-03T02:45:00,940.8812555319685,940.8812555319685,0
2026-02-03T03:00:00,940.8812555319685,940.8812555319685,0
2026-02-03T03:15:00,940.8812555319685,940.8812555319685,0
2026-02-03T03:30:00,940.8812555319685,940.8812555319685,0
2026-02-03T03:45:00,940.8812555319685,940.8812555319685,0
2026-02-03T04:00:00,940.8812555319685,940.8812555319685,0
2026-02-03T04:15:00,940.8812555319685,940.8812555319685,0
2026-02-03T04:30:00,940.8812555319685,940.8812555319685,0
2026-02-03T04:45:00,940.8812555319685,940.8812555319685,0
2026-02-03T05:00:00,940.8812555319685,940.8812555319685,0
2026-02-03T05:15:00,940.8812555319685,940.8812555319685,0
2026-02-03T05:30:00,940.8812555319685,940.8812555319685,0
2026-02-03T05:45:00,940.8812555319685,940.8812555319685,0
2026-02-03T06:00:00,940.8812555319685,940.8812555319685,0
2026-02-03T06:15:00,940.8812555319685,940.8812555319685,0
2026-02-03T06:30:00,940.8812555319685,940.8812555319685,0
2026-02-03T06:45:00,940.8812555319685,940.8812555319685,0
2026-02-03T07:00:00,940.8812555319685,940.8812555319685,0
2026-02-03T07:15:00,940.8812555319685,940.8812555319685,0
2026-02-03T07:30:00,940.1670313026068,846.6425889778865,1
2026-02-03T07:45:00,939.9510146684548,846.6425889778865,1
2026-02-03T08:00:00,938.192239054204,938.192239054204,0
2026-02-03T08:15:00,938.192239054204,938.192239054204,0
2026-02-03T08:30:00,938.192239054204,938.192239054204,0
2026-02-03T08:45:00,938.192239054204,938.192239054204,0
2026-02-03T09:00:00,937.4783673110455,844.222904390535,1
2026-02-03T09:15:00,938.9978432971161,844.222904390535,1
2026-02-03T09:30:00,935.6823236482037,844.222904390535,1
2026-02-03T09:45:00,935.9918160484001,844.222904390535,1
2026-02-03T10:00:00,935.5078226140504,844.222904390535,1
2026-02-03T10:15:00,935.9029192951522,844.222904390535,1
2026-02-03T10:30:00,937.9590682730527,844.222904390535,1
2026-02-03T10:45:00,937.6825005962814,844.222904390535,1
2026-02-03T11:00:00,937.8471242134073,844.222904390535,1
2026-02-03T11:15:00,939.1608206780706,844.222904390535,1
2026-02-03T11:30:00,938.3475800094694,844.222904390535,1
2026-02-03T11:45:00,938.523727279794,844.222904390535,1
2026-02-03T12:00:00,935.9868773398863,844.222904390535,1
2026-02-03T12:15:00,935.2527004259206,935.2527004259206,0
2026-02-03T12:30:00,935.2527004259206,935.2527004259206,0
2026-02-03T12:45:00,935.2527004259206,935.2527004259206,0
2026-02-03T13:00:00,935.2527004259206,935.2527004259206,0
2026-02-03T13:15:00,935.2527004259206,935.2527004259206,0
2026-02-03T13:30:00,935.2527004259206,935.2527004259206,0
2026-02-03T13:45:00,935.2527004259206,935.2527004259206,0
2026-02-03T14:00:00,935.2527004259206,935.2527004259206,0
2026-02-03T14:15:00,935.2527004259206,935.2527004259206,0
2026-02-03T14:30:00,935.2527004259206,935.2527004259206,0
2026-02-03T14:45:00,935.2527004259206,935.2527004259206,0
2026-02-03T15:00:00,935.2527004259206,935.2527004259206,0
2026-02-03T15:15:00,935.2527004259206,935.2527004259206,0
2026-02-03T15:30:00,935.2527004259206,935.2527004259206,0
2026-02-03T15:45:00,935.2527004259206,935.2527004259206,0
2026-02-03T16:00:00,935.2527004259206,935.2527004259206,0
2026-02-03T16:15:00,935.2527004259206,935.2527004259206,0
2026-02-03T16:30:00,935.2527004259206,935.2527004259206,0
2026-02-03T16:45:00,935.2527004259206,935.2527004259206,0
2026-02-03T17:00:00,934.5410653816787,841.5777899512603,1
2026-02-03T17:15:00,933.4282097718637,841.5777899512603,1
2026-02-03T17:30:00,937.2338387284581,841.5777899512603,1
2026-02-03T17:45:00,939.076795064106,841.5777899512603,1
2026-02-03T18:00:00,942.35971911306,841.5777899512603,1
2026-02-03T18:15:00,948.8429461126633,841.5777899512603,1
2026-02-03T18:30:00,950.5560692938329,841.5777899512603,1
2026-02-03T18:45:00,951.631829716654,841.5777899512603,1
2026-02-03T19:00:00,941.7054949060779,841.5777899512603,1
2026-02-03T19:15:00,939.9417873790076,841.5777899512603,1
2026-02-03T19:30:00,938.5237395489253,841.5777899512603,1
2026-02-03T19:45:00,937.0636084442344,937.0636084442344,0
2026-02-03T20:00:00,937.0636084442344,937.0636084442344,0
2026-02-03T20:15:00,937.0636084442344,937.0636084442344,0
2026-02-03T20:30:00,937.0636084442344,937.0636084442344,0
2026-02-03T20:45:00,937.0636084442344,937.0636084442344,0
2026-02-03T21:00:00,937.0636084442344,937.0636084442344,0
2026-02-03T21:15:00,937.0636084442344,937.0636084442344,0
2026-02-03T21:30:00,937.0636084442344,937.0636084442344,0
2026-02-03T21:45:00,937.0636084442344,937.0636084442344,0
2026-02-03T22:00:00,937.0636084442344,937.0636084442344,0
2026-02-03T22:15:00,937.0636084442344,937.0636084442344,0
2026-02-03T22:30:00,937.0636084442344,937.0636084442344,0
2026-02-03T22:45:00,937.0636084442344,937.0636084442344,0
2026-02-03T23:00:00,937.0636084442344,937.0636084442344,0
2026-02-03T23:15:00,937.0636084442344,937.0636084442344,0
2026-02-03T23:30:00,937.0636084442344,937.0636084442344,0
2026-02-03T23:45:00,937.0636084442344,937.0636084442344,0
2026-02-04T00:00:00,937.0636084442344,937.0636084442344,0
2026-02-04T00:15:00,937.0636084442344,937.0636084442344,0
2026-02-04T00:30:00,937.0636084442344,937.0636084442344,0
2026-02-04T00:45:00,937.0636084442344,937.0636084442344,0
2026-02-04T01:00:00,937.0636084442344,937.0636084442344,0
2026-02-04T01:15:00,937.0636084442344,937.0636084442344,0
2026-02-04T01:30:00,937.0636084442344,937.0636084442344,0
2026-02-04T01:45:00,937.0636084442344,937.0636084442344,0
2026-02-04T02:00:00,937.0636084442344,937.0636084442344,0
2026-02-04T02:15:00,937.0636084442344,937.0636084442344,0
2026-02-04T02:30:00,937.0636084442344,937.0636084442344,0
2026-02-04T02:45:00,937.0636084442344,937.0636084442344,0
2026-02-04T03:00:00,937.0636084442344,937.0636084442344,0
2026-02-04T03:15:00,937.0636084442344,937.0636084442344,0
2026-02-04T03:30:00,937.0636084442344,937.0636084442344,0
2026-02-04T03:45:00,937.0636084442344,937.0636084442344,0
2026-02-04T04:00:00,937.0636084442344,937.0636084442344,0
2026-02-04T04:15:00,937.0636084442344,937.0636084442344,0
2026-02-04T04:30:00,937.0636084442344,937.0636084442344,0
2026-02-04T04:45:00,937.0636084442344,937.0636084442344,0
2026-02-04T05:00:00,937.0636084442344,937.0636084442344,0
2026-02-04T05:15:00,937.0636084442344,937.0636084442344,0
2026-02-04T05:30:00,937.0636084442344,937.0636084442344,0
2026-02-04T05:45:00,937.0636084442344,937.0636084442344,0
2026-02-04T06:00:00,937.0636084442344,937.0636084442344,0
2026-02-04T06:15:00,937.0636084442344,937.0636084442344,0
2026-02-04T06:30:00,937.0636084442344,937.0636084442344,0
2026-02-04T06:45:00,937.0636084442344,937.0636084442344,0
2026-02-04T07:00:00,937.0636084442344,937.0636084442344,0
2026-02-04T07:15:00,937.0636084442344,937.0636084442344,0
2026-02-04T07:30:00,937.0636084442344,937.0636084442344,0
2026-02-04T07:45:00,937.0636084442344,937.0636084442344,0
2026-02-04T08:00:00,937.0636084442344,937.0636084442344,0
2026-02-04T08:15:00,937.0636084442344,937.0636084442344,0
2026-02-04T08:30:00,937.0636084442344,937.0636084442344,0
2026-02-04T08:45:00,937.0636084442344,937.0636084442344,0
2026-02-04T09:00:00,937.0636084442344,937.0636084442344,0
2026-02-04T09:15:00,936.350595477633,843.2073174224599,1
2026-02-04T09:30:00,936.6505795594142,843.2073174224599,1
2026-02-04T09:45:00,936.5421397007354,843.2073174224599,1
2026-02-04T10:00:00,936.3893873725331,843.2073174224599,1
2026-02-04T10:15:00,936.5595886598137,843.2073174224599,1
2026-02-04T10:30:00,935.8287533031641,843.2073174224599,1
2026-02-04T10:45:00,935.6396243314595,843.2073174224599,1
2026-02-04T11:00:00,938.0289487449103,843.2073174224599,1
2026-02-04T11:15:00,937.8818648638661,843.2073174224599,1
2026-02-04T11:30:00,936.9513030038681,843.2073174224599,1
2026-02-04T11:45:00,937.0436740471245,843.2073174224599,1
2026-02-04T12:00:00,936.5821638667569,843.2073174224599,1
2026-02-04T12:15:00,936.7749403609807,843.2073174224599,1
2026-02-04T12:30:00,936.2542811667884,843.2073174224599,1
2026-02-04T12:45:00,935.937144909635,935.937144909635,0
2026-02-04T13:00:00,935.937144909635,935.937144909635,0
2026-02-04T13:15:00,935.937144909635,935.937144909635,0
2026-02-04T13:30:00,935.937144909635,935.937144909635,0
2026-02-04T13:45:00,935.937144909635,935.937144909635,0
2026-02-04T14:00:00,935.937144909635,935.937144909635,0
2026-02-04T14:15:00,935.937144909635,935.937144909635,0
2026-02-04T14:30:00,935.937144909635,935.937144909635,0
2026-02-04T14:45:00,935.937144909635,935.937144909635,0
2026-02-04T15:00:00,935.937144909635,935.937144909635,0
2026-02-04T15:15:00,935.937144909635,935.937144909635,0
2026-02-04T15:30:00,935.937144909635,935.937144909635,0
2026-02-04T15:45:00,935.937144909635,935.937144909635,0
2026-02-04T16:00:00,935.937144909635,935.937144909635,0
2026-02-04T16:15:00,935.937144909635,935.937144909635,0
2026-02-04T16:30:00,935.937144909635,935.937144909635,0
2026-02-04T16:45:00,935.937144909635,935.937144909635,0
2026-02-04T17:00:00,935.937144909635,935.937144909635,0
2026-02-04T17:15:00,935.2249890706601,842.193680475486,1
2026-02-04T17:30:00,933.6956181670894,842.193680475486,1
2026-02-04T17:45:00,934.6946084975118,842.193680475486,1
2026-02-04T18:00:00,933.2314575640572,842.193680475486,1
2026-02-04T18:15:00,930.3492333647563,842.193680475486,1
2026-02-04T18:30:00,927.0148160637573,927.0148160637573,0
2026-02-04T18:45:00,927.0148160637573,927.0148160637573,0
2026-02-04T19:00:00,927.0148160637573,927.0148160637573,0
2026-02-04T19:15:00,927.0148160637573,927.0148160637573,0
2026-02-04T19:30:00,927.0148160637573,927.0148160637573,0
2026-02-04T19:45:00,927.0148160637573,927.0148160637573,0
2026-02-04T20:00:00,927.0148160637573,927.0148160637573,0
2026-02-04T20:15:00,927.0148160637573,927.0148160637573,0
2026-02-04T20:30:00,927.0148160637573,927.0148160637573,0
2026-02-04T20:45:00,927.0148160637573,927.0148160637573,0
2026-02-04T21:00:00,927.0148160637573,927.0148160637573,0
2026-02-04T21:15:00,927.0148160637573,927.0148160637573,0
2026-02-04T21:30:00,927.0148160637573,927.0148160637573,0
2026-02-04T21:45:00,927.0148160637573,927.0148160637573,0
2026-02-04T22:00:00,927.0148160637573,927.0148160637573,0
2026-02-04T22:15:00,927.0148160637573,927.0148160637573,0
2026-02-04T22:30:00,927.0148160637573,927.0148160637573,0
2026-02-04T22:45:00,927.0148160637573,927.0148160637573,0
2026-02-04T23:00:00,927.0148160637573,927.0148160637573,0
2026-02-04T23:15:00,927.0148160637573,927.0148160637573,0
2026-02-04T23:30:00,927.0148160637573,927.0148160637573,0
2026-02-04T23:45:00,927.0148160637573,927.0148160637573,0
2026-02-05T00:00:00,927.0148160637573,927.0148160637573,0
2026-02-05T00:15:00,927.0148160637573,927.0148160637573,0
2026-02-05T00:30:00,927.0148160637573,927.0148160637573,0
2026-02-05T00:45:00,927.0148160637573,927.0148160637573,0
2026-02-05T01:00:00,927.0148160637573,927.0148160637573,0
2026-02-05T01:15:00,927.0148160637573,927.0148160637573,0
2026-02-05T01:30:00,927.0148160637573,927.0148160637573,0
2026-02-05T01:45:00,927.0148160637573,927.0148160637573,0
2026-02-05T02:00:00,927.0148160637573,927.0148160637573,0
2026-02-05T02:15:00,927.0148160637573,927.0148160637573,0
2026-02-05T02:30:00,927.0148160637573,927.0148160637573,0
2026-02-05T02:45:00,927.0148160637573,927.0148160637573,0
2026-02-05T03:00:00,927.0148160637573,927.0148160637573,0
2026-02-05T03:15:00,927.0148160637573,927.0148160637573,0
2026-02-05T03:30:00,927.0148160637573,927.0148160637573,0
2026-02-05T03:45:00,927.0148160637573,927.0148160637573,0
2026-02-05T04:00:00,927.0148160637573,927.0148160637573,0
2026-02-05T04:15:00,927.0148160637573,927.0148160637573,0
2026-02-05T04:30:00,927.0148160637573,927.0148160637573,0
2026-02-05T04:45:00,927.0148160637573,927.0148160637573,0
2026-02-05T05:00:00,927.0148160637573,927.0148160637573,0
2026-02-05T05:15:00,927.0148160637573,927.0148160637573,0
2026-02-05T05:30:00,927.0148160637573,927.0148160637573,0
2026-02-05T05:45:00,927.0148160637573,927.0148160637573,0
2026-02-05T06:00:00,927.0148160637573,927.0148160637573,0
2026-02-05T06:15:00,927.0148160637573,927.0148160637573,0
2026-02-05T06:30:00,927.0148160637573,927.0148160637573,0
2026-02-05T06:45:00,927.0148160637573,927.0148160637573,0
2026-02-05T07:00:00,927.0148160637573,927.0148160637573,0
2026-02-05T07:15:00,927.0148160637573,927.0148160637573,0
2026-02-05T07:30:00,927.0148160637573,927.0148160637573,0
2026-02-05T07:45:00,927.0148160637573,927.0148160637573,0
2026-02-05T08:00:00,927.0148160637573,927.0148160637573,0
2026-02-05T08:15:00,927.0148160637573,927.0148160637573,0
2026-02-05T08:30:00,927.0148160637573,927.0148160637573,0
2026-02-05T08:45:00,927.0148160637573,927.0148160637573,0
2026-02-05T09:00:00,927.0148160637573,927.0148160637573,0
2026-02-05T09:15:00,927.0148160637573,927.0148160637573,0
2026-02-05T09:30:00,927.0148160637573,927.0148160637573,0
2026-02-05T09:45:00,927.0148160637573,927.0148160637573,0
2026-02-05T10:00:00,927.0148160637573,927.0148160637573,0
2026-02-05T10:15:00,927.0148160637573,927.0148160637573,0
2026-02-05T10:30:00,927.0148160637573,927.0148160637573,0
2026-02-05T10:45:00,927.0148160637573,927.0148160637573,0
2026-02-05T11:00:00,926.3094492368643,834.1650120868113,1
2026-02-05T11:15:00,929.6411197328655,834.1650120868113,1
2026-02-05T11:30:00,926.081764333774,834.1650120868113,1
2026-02-05T11:45:00,927.688010173544,834.1650120868113,1
2026-02-05T12:00:00,929.1732984085471,834.1650120868113,1
2026-02-05T12:15:00,929.5077106099611,834.1650120868113,1
2026-02-05T12:30:00,931.6155747518518,834.1650120868113,1
2026-02-05T12:45:00,930.5322926738675,834.1650120868113,1
2026-02-05T13:00:00,931.4554838043664,834.1650120868113,1
2026-02-05T13:15:00,932.4195870658895,834.1650120868113,1
2026-02-05T13:30:00,931.8343657134152,834.1650120868113,1
2026-02-05T13:45:00,931.4839444172528,834.1650120868113,1
2026-02-05T14:00:00,930.2352350268668,834.1650120868113,1
2026-02-05T14:15:00,928.2394345482157,834.1650120868113,1
2026-02-05T14:30:00,926.2581526532001,926.2581526532001,0
2026-02-05T14:45:00,926.2581526532001,926.2581526532001,0
2026-02-05T15:00:00,926.2581526532001,926.2581526532001,0
2026-02-05T15:15:00,926.2581526532001,926.2581526532001,0
2026-02-05T15:30:00,926.2581526532001,926.2581526532001,0
2026-02-05T15:45:00,926.2581526532001,926.2581526532001,0
2026-02-05T16:00:00,926.2581526532001,926.2581526532001,0
2026-02-05T16:15:00,926.2581526532001,926.2581526532001,0
2026-02-05T16:30:00,926.2581526532001,926.2581526532001,0
2026-02-05T16:45:00,926.2581526532001,926.2581526532001,0
2026-02-05T17:00:00,926.2581526532001,926.2581526532001,0
2026-02-05T17:15:00,926.2581526532001,926.2581526532001,0
2026-02-05T17:30:00,926.2581526532001,926.2581526532001,0
2026-02-05T17:45:00,926.2581526532001,926.2581526532001,0
2026-02-05T18:00:00,926.2581526532001,926.2581526532001,0
2026-02-05T18:15:00,926.2581526532001,926.2581526532001,0
2026-02-05T18:30:00,926.2581526532001,926.2581526532001,0
2026-02-05T18:45:00,926.2581526532001,926.2581526532001,0
2026-02-05T19:00:00,926.2581526532001,926.2581526532001,0
2026-02-05T19:15:00,926.2581526532001,926.2581526532001,0
2026-02-05T19:30:00,926.2581526532001,926.2581526532001,0
2026-02-05T19:45:00,926.2581526532001,926.2581526532001,0
2026-02-05T20:00:00,926.2581526532001,926.2581526532001,0
2026-02-05T20:15:00,926.2581526532001,926.2581526532001,0
2026-02-05T20:30:00,926.2581526532001,926.2581526532001,0
2026-02-05T20:45:00,925.5533615725193,833.4841360834556,1
2026-02-05T21:00:00,924.2494055072843,833.4841360834556,1
2026-02-05T21:15:00,923.4455969739204,833.4841360834556,1
2026-02-05T21:30:00,927.7047898445355,833.4841360834556,1
2026-02-05T21:45:00,929.3461470225407,833.4841360834556,1
2026-02-05T22:00:00,928.587986875022,833.4841360834556,1
2026-02-05T22:15:00,924.2295583830038,833.4841360834556,1
2026-02-05T22:30:00,924.1468382987757,924.1468382987757,0
2026-02-05T22:45:00,924.1468382987757,924.1468382987757,0
2026-02-05T23:00:00,924.1468382987757,924.1468382987757,0
2026-02-05T23:15:00,924.1468382987757,924.1468382987757,0
2026-02-05T23:30:00,924.1468382987757,924.1468382987757,0
2026-02-05T23:45:00,924.1468382987757,924.1468382987757,0
2026-02-06T00:00:00,924.1468382987757,924.1468382987757,0
2026-02-06T00:15:00,924.1468382987757,924.1468382987757,0
2026-02-06T00:30:00,924.1468382987757,924.1468382987757,0
2026-02-06T00:45:00,924.1468382987757,924.1468382987757,0
2026-02-06T01:00:00,924.1468382987757,924.1468382987757,0
2026-02-06T01:15:00,924.1468382987757,924.1468382987757,0
2026-02-06T01:30:00,924.1468382987757,924.1468382987757,0
2026-02-06T01:45:00,924.1468382987757,924.1468382987757,0
2026-02-06T02:00:00,924.1468382987757,924.1468382987757,0
2026-02-06T02:15:00,924.1468382987757,924.1468382987757,0
2026-02-06T02:30:00,924.1468382987757,924.1468382987757,0
2026-02-06T02:45:00,924.1468382987757,924.1468382987757,0
2026-02-06T03:00:00,924.1468382987757,924.1468382987757,0
2026-02-06T03:15:00,924.1468382987757,924.1468382987757,0
2026-02-06T03:30:00,924.1468382987757,924.1468382987757,0
2026-02-06T03:45:00,924.1468382987757,924.1468382987757,0
2026-02-06T04:00:00,924.1468382987757,924.1468382987757,0
2026-02-06T04:15:00,924.1468382987757,924.1468382987757,0
2026-02-06T04:30:00,924.1468382987757,924.1468382987757,0
2026-02-06T04:45:00,924.1468382987757,924.1468382987757,0
2026-02-06T05:00:00,924.1468382987757,924.1468382987757,0
2026-02-06T05:15:00,924.1468382987757,924.1468382987757,0
2026-02-06T05:30:00,924.1468382987757,924.1468382987757,0
2026-02-06T05:45:00,924.1468382987757,924.1468382987757,0
2026-02-06T06:00:00,924.1468382987757,924.1468382987757,0
2026-02-06T06:15:00,924.1468382987757,924.1468382987757,0
2026-02-06T06:30:00,924.1468382987757,924.1468382987757,0
2026-02-06T06:45:00,924.1468382987757,924.1468382987757,0
2026-02-06T07:00:00,924.1468382987757,924.1468382987757,0
2026-02-06T07:15:00,924.1468382987757,924.1468382987757,0
2026-02-06T07:30:00,924.1468382987757,924.1468382987757,0
2026-02-06T07:45:00,924.1468382987757,924.1468382987757,0
2026-02-06T08:00:00,924.1468382987757,924.1468382987757,0
2026-02-06T08:15:00,923.4436537200418,831.5842909747703,1
2026-02-06T08:30:00,924.7052355692825,831.5842909747703,1
2026-02-06T08:45:00,923.5818551745751,831.5842909747703,1
2026-02-06T09:00:00,921.2383533669871,831.5842909747703,1
2026-02-06T09:15:00,917.3942493263428,917.3942493263428,0
2026-02-06T09:30:00,917.3942493263428,917.3942493263428,0
2026-02-06T09:45:00,917.3942493263428,917.3942493263428,0
2026-02-06T10:00:00,917.3942493263428,917.3942493263428,0
2026-02-06T10:15:00,917.3942493263428,917.3942493263428,0
2026-02-06T10:30:00,917.3942493263428,917.3942493263428,0
2026-02-06T10:45:00,917.3942493263428,917.3942493263428,0
2026-02-06T11:00:00,917.3942493263428,917.3942493263428,0
2026-02-06T11:15:00,917.3942493263428,917.3942493263428,0
2026-02-06T11:30:00,917.3942493263428,917.3942493263428,0
2026-02-06T11:45:00,917.3942493263428,917.3942493263428,0
2026-02-06T12:00:00,917.3942493263428,917.3942493263428,0
2026-02-06T12:15:00,917.3942493263428,917.3942493263428,0
2026-02-06T12:30:00,917.3942493263428,917.3942493263428,0
2026-02-06T12:45:00,917.3942493263428,917.3942493263428,0
2026-02-06T13:00:00,917.3942493263428,917.3942493263428,0
2026-02-06T13:15:00,917.3942493263428,917.3942493263428,0
2026-02-06T13:30:00,917.3942493263428,917.3942493263428,0
2026-02-06T13:45:00,917.3942493263428,917.3942493263428,0
2026-02-06T14:00:00,917.3942493263428,917.3942493263428,0
2026-02-06T14:15:00,917.3942493263428,917.3942493263428,0
2026-02-06T14:30:00,917.3942493263428,917.3942493263428,0
2026-02-06T14:45:00,917.3942493263428,917.3942493263428,0
2026-02-06T15:00:00,917.3942493263428,917.3942493263428,0
2026-02-06T15:15:00,917.3942493263428,917.3942493263428,0
2026-02-06T15:30:00,917.3942493263428,917.3942493263428,0
2026-02-06T15:45:00,917.3942493263428,917.3942493263428,0
2026-02-06T16:00:00,917.3942493263428,917.3942493263428,0
2026-02-06T16:15:00,917.3942493263428,917.3942493263428,0
2026-02-06T16:30:00,917.3942493263428,917.3942493263428,0
2026-02-06T16:45:00,917.3942493263428,917.3942493263428,0
2026-02-06T17:00:00,917.3942493263428,917.3942493263428,0
2026-02-06T17:15:00,916.6978541150519,825.5080413138163,1
2026-02-06T17:30:00,918.3210320836818,825.5080413138163,1
2026-02-06T17:45:00,916.1703655276456,825.5080413138163,1
2026-02-06T18:00:00,913.0160545787924,825.5080413138163,1
2026-02-06T18:15:00,911.1078911652885,825.5080413138163,1
2026-02-06T18:30:00,914.0055382041621,825.5080413138163,1
2026-02-06T18:45:00,911.9138013289,911.9138013289,0
2026-02-06T19:00:00,911.9138013289,911.9138013289,0
2026-02-06T19:15:00,911.9138013289,911.9138013289,0
2026-02-06T19:30:00,911.9138013289,911.9138013289,0
2026-02-06T19:45:00,911.9138013289,911.9138013289,0
2026-02-06T20:00:00,911.9138013289,911.9138013289,0
2026-02-06T20:15:00,911.9138013289,911.9138013289,0
2026-02-06T20:30:00,911.9138013289,911.9138013289,0
2026-02-06T20:45:00,911.9138013289,911.9138013289,0
2026-02-06T21:00:00,911.9138013289,911.9138013289,0
2026-02-06T21:15:00,911.9138013289,911.9138013289,0
2026-02-06T21:30:00,911.9138013289,911.9138013289,0
2026-02-06T21:45:00,911.9138013289,911.9138013289,0
2026-02-06T22:00:00,911.9138013289,911.9138013289,0
2026-02-06T22:15:00,911.9138013289,911.9138013289,0
2026-02-06T22:30:00,911.9138013289,911.9138013289,0
2026-02-06T22:45:00,911.9138013289,911.9138013289,0
2026-02-06T23:00:00,911.2215663330715,820.5765149877974,1
2026-02-06T23:15:00,908.4294022918904,820.5765149877974,1
2026-02-06T23:30:00,908.7818859244023,820.5765149877974,1
2026-02-06T23:45:00,908.4492208544041,820.5765149877974,1
2026-02-07T00:00:00,906.8688569288892,820.5765149877974,1
2026-02-07T00:15:00,906.0465146114582,820.5765149877974,1
2026-02-07T00:30:00,903.8316734440772,903.8316734440772,0
2026-02-07T00:45:00,903.8316734440772,903.8316734440772,0
2026-02-07T01:00:00,903.8316734440772,903.8316734440772,0
2026-02-07T01:15:00,903.8316734440772,903.8316734440772,0
2026-02-07T01:30:00,903.8316734440772,903.8316734440772,0
2026-02-07T01:45:00,903.8316734440772,903.8316734440772,0
2026-02-07T02:00:00,903.8316734440772,903.8316734440772,0
2026-02-07T02:15:00,903.8316734440772,903.8316734440772,0
2026-02-07T02:30:00,903.8316734440772,903.8316734440772,0
2026-02-07T02:45:00,903.8316734440772,903.8316734440772,0
2026-02-07T03:00:00,903.8316734440772,903.8316734440772,0
2026-02-07T03:15:00,903.8316734440772,903.8316734440772,0
2026-02-07T03:30:00,903.8316734440772,903.8316734440772,0
2026-02-07T03:45:00,903.8316734440772,903.8316734440772,0
2026-02-07T04:00:00,903.8316734440772,903.8316734440772,0
2026-02-07T04:15:00,903.8316734440772,903.8316734440772,0
2026-02-07T04:30:00,903.8316734440772,903.8316734440772,0
2026-02-07T04:45:00,903.8316734440772,903.8316734440772,0
2026-02-07T05:00:00,903.8316734440772,903.8316734440772,0
2026-02-07T05:15:00,903.8316734440772,903.8316734440772,0
2026-02-07T05:30:00,903.8316734440772,903.8316734440772,0
2026-02-07T05:45:00,903.8316734440772,903.8316734440772,0
2026-02-07T06:00:00,903.8316734440772,903.8316734440772,0
2026-02-07T06:15:00,903.8316734440772,903.8316734440772,0
2026-02-07T06:30:00,903.8316734440772,903.8316734440772,0
2026-02-07T06:45:00,903.8316734440772,903.8316734440772,0
2026-02-07T07:00:00,903.8316734440772,903.8316734440772,0
2026-02-07T07:15:00,903.8316734440772,903.8316734440772,0
2026-02-07T07:30:00,903.8316734440772,903.8316734440772,0
2026-02-07T07:45:00,903.8316734440772,903.8316734440772,0
2026-02-07T08:00:00,903.8316734440772,903.8316734440772,0
2026-02-07T08:15:00,903.8316734440772,903.8316734440772,0
2026-02-07T08:30:00,903.8316734440772,903.8316734440772,0
2026-02-07T08:45:00,903.8316734440772,903.8316734440772,0
2026-02-07T09:00:00,903.8316734440772,903.8316734440772,0
2026-02-07T09:15:00,903.8316734440772,903.8316734440772,0
2026-02-07T09:30:00,903.8316734440772,903.8316734440772,0
2026-02-07T09:45:00,903.8316734440772,903.8316734440772,0
2026-02-07T10:00:00,903.8316734440772,903.8316734440772,0
2026-02-07T10:15:00,903.8316734440772,903.8316734440772,0
2026-02-07T10:30:00,903.8316734440772,903.8316734440772,0
2026-02-07T10:45:00,903.8316734440772,903.8316734440772,0
2026-02-07T11:00:00,903.8316734440772,903.8316734440772,0
2026-02-07T11:15:00,903.8316734440772,903.8316734440772,0
2026-02-07T11:30:00,903.8316734440772,903.8316734440772,0
2026-02-07T11:45:00,903.8316734440772,903.8316734440772,0
2026-02-07T12:00:00,903.8316734440772,903.8316734440772,0
2026-02-07T12:15:00,903.8316734440772,903.8316734440772,0
2026-02-07T12:30:00,903.8316734440772,903.8316734440772,0
2026-02-07T12:45:00,903.8316734440772,903.8316734440772,0
2026-02-07T13:00:00,903.8316734440772,903.8316734440772,0
2026-02-07T13:15:00,903.8316734440772,903.8316734440772,0
2026-02-07T13:30:00,903.8316734440772,903.8316734440772,0
2026-02-07T13:45:00,903.8316734440772,903.8316734440772,0
2026-02-07T14:00:00,903.8316734440772,903.8316734440772,0
2026-02-07T14:15:00,903.8316734440772,903.8316734440772,0
2026-02-07T14:30:00,903.8316734440772,903.8316734440772,0
2026-02-07T14:45:00,903.8316734440772,903.8316734440772,0
2026-02-07T15:00:00,903.8316734440772,903.8316734440772,0
2026-02-07T15:15:00,903.8316734440772,903.8316734440772,0
2026-02-07T15:30:00,903.8316734440772,903.8316734440772,0
2026-02-07T15:45:00,903.8316734440772,903.8316734440772,0
2026-02-07T16:00:00,903.8316734440772,903.8316734440772,0
2026-02-07T16:15:00,903.8316734440772,903.8316734440772,0
2026-02-07T16:30:00,903.8316734440772,903.8316734440772,0
2026-02-07T16:45:00,903.8316734440772,903.8316734440772,0
2026-02-07T17:00:00,903.8316734440772,903.8316734440772,0
2026-02-07T17:15:00,903.8316734440772,903.8316734440772,0
2026-02-07T17:30:00,903.1455736024204,813.3038930319184,1
2026-02-07T17:45:00,901.8906957515148,813.3038930319184,1
2026-02-07T18:00:00,902.7842944436758,813.3038930319184,1
2026-02-07T18:15:00,906.9974726524189,813.3038930319184,1
2026-02-07T18:30:00,908.7916512765232,813.3038930319184,1
2026-02-07T18:45:00,908.1633396960976,813.3038930319184,1
2026-02-07T19:00:00,906.702515271608,813.3038930319184,1
2026-02-07T19:15:00,907.4111111095325,813.3038930319184,1
2026-02-07T19:30:00,907.7427199992015,813.3038930319184,1
2026-02-07T19:45:00,907.1493146176884,813.3038930319184,1
2026-02-07T20:00:00,906.4319922300358,813.3038930319184,1
2026-02-07T20:15:00,907.9783368418612,813.3038930319184,1
2026-02-07T20:30:00,907.7479559290384,813.3038930319184,1
2026-02-07T20:45:00,909.5979844714029,813.3038930319184,1
2026-02-07T21:00:00,909.7149202377599,813.3038930319184,1
2026-02-07T21:15:00,909.6869952786299,813.3038930319184,1
2026-02-07T21:30:00,909.2489224822775,813.3038930319184,1
2026-02-07T21:45:00,908.451534173655,908.451534173655,0
2026-02-07T22:00:00,908.451534173655,908.451534173655,0
2026-02-07T22:15:00,908.451534173655,908.451534173655,0
2026-02-07T22:30:00,908.451534173655,908.451534173655,0
2026-02-07T22:45:00,908.451534173655,908.451534173655,0
2026-02-07T23:00:00,908.451534173655,908.451534173655,0
2026-02-07T23:15:00,908.451534173655,908.451534173655,0
2026-02-07T23:30:00,908.451534173655,908.451534173655,0
2026-02-07T23:45:00,908.451534173655,908.451534173655,0
2026-02-08T00:00:00,908.451534173655,908.451534173655,0
2026-02-08T00:15:00,908.451534173655,908.451534173655,0
2026-02-08T00:30:00,908.451534173655,908.451534173655,0
2026-02-08T00:45:00,908.451534173655,908.451534173655,0
2026-02-08T01:00:00,908.451534173655,908.451534173655,0
2026-02-08T01:15:00,908.451534173655,908.451534173655,0
2026-02-08T01:30:00,908.451534173655,908.451534173655,0
2026-02-08T01:45:00,908.451534173655,908.451534173655,0
2026-02-08T02:00:00,908.451534173655,908.451534173655,0
2026-02-08T02:15:00,908.451534173655,908.451534173655,0
2026-02-08T02:30:00,908.451534173655,908.451534173655,0
2026-02-08T02:45:00,908.451534173655,908.451534173655,0
2026-02-08T03:00:00,908.451534173655,908.451534173655,0
2026-02-08T03:15:00,908.451534173655,908.451534173655,0
2026-02-08T03:30:00,908.451534173655,908.451534173655,0
2026-02-08T03:45:00,908.451534173655,908.451534173655,0
2026-02-08T04:00:00,908.451534173655,908.451534173655,0
2026-02-08T04:15:00,908.451534173655,908.451534173655,0
2026-02-08T04:30:00,908.451534173655,908.451534173655,0
2026-02-08T04:45:00,908.451534173655,908.451534173655,0
2026-02-08T05:00:00,908.451534173655,908.451534173655,0
2026-02-08T05:15:00,908.451534173655,908.451534173655,0
2026-02-08T05:30:00,908.451534173655,908.451534173655,0
2026-02-08T05:45:00,908.451534173655,908.451534173655,0
2026-02-08T06:00:00,908.451534173655,908.451534173655,0
2026-02-08T06:15:00,908.451534173655,908.451534173655,0
2026-02-08T06:30:00,908.451534173655,908.451534173655,0
2026-02-08T06:45:00,908.451534173655,908.451534173655,0
2026-02-08T07:00:00,908.451534173655,908.451534173655,0
2026-02-08T07:15:00,908.451534173655,908.451534173655,0
2026-02-08T07:30:00,908.451534173655,908.451534173655,0
2026-02-08T07:45:00,908.451534173655,908.451534173655,0
2026-02-08T08:00:00,907.7619273894911,817.4610285108217,1
2026-02-08T08:15:00,910.8371403795787,817.4610285108217,1
2026-02-08T08:30:00,911.6400269597931,817.4610285108217,1
2026-02-08T08:45:00,913.20061625257,817.4610285108217,1
2026-02-08T09:00:00,911.8341560336149,817.4610285108217,1
2026-02-08T09:15:00,912.0957742753828,817.4610285108217,1
2026-02-08T09:30:00,910.4159975485576,817.4610285108217,1
2026-02-08T09:45:00,910.2905041768091,817.4610285108217,1
2026-02-08T10:00:00,911.4289604500003,817.4610285108217,1
2026-02-08T10:15:00,909.9722888413041,817.4610285108217,1
2026-02-08T10:30:00,910.9548685883742,817.4610285108217,1
2026-02-08T10:45:00,911.1202821938267,817.4610285108217,1
2026-02-08T11:00:00,913.0372872546216,817.4610285108217,1
2026-02-08T11:15:00,913.4007906881537,817.4610285108217,1
2026-02-08T11:30:00,914.4218314436749,817.4610285108217,1
2026-02-08T11:45:00,914.9432960108322,817.4610285108217,1
2026-02-08T12:00:00,914.2864361862819,817.4610285108217,1
2026-02-08T12:15:00,914.7343141085436,817.4610285108217,1
2026-02-08T12:30:00,913.6755419571975,817.4610285108217,1
2026-02-08T12:45:00,916.2460193553486,817.4610285108217,1
2026-02-08T13:00:00,915.5479364174041,817.4610285108217,1
2026-02-08T13:15:00,917.312869360773,817.4610285108217,1
2026-02-08T13:30:00,916.1004095211853,817.4610285108217,1
2026-02-08T13:45:00,917.6261337534556,817.4610285108217,1
2026-02-08T14:00:00,916.9568705142558,817.4610285108217,1
2026-02-08T14:15:00,916.2090175721503,817.4610285108217,1
2026-02-08T14:30:00,915.3932187391869,915.3932187391869,0
2026-02-08T14:45:00,915.3932187391869,915.3932187391869,0
2026-02-08T15:00:00,915.3932187391869,915.3932187391869,0
2026-02-08T15:15:00,915.3932187391869,915.3932187391869,0
2026-02-08T15:30:00,915.3932187391869,915.3932187391869,0
2026-02-08T15:45:00,915.3932187391869,915.3932187391869,0
2026-02-08T16:00:00,915.3932187391869,915.3932187391869,0
2026-02-08T16:15:00,915.3932187391869,915.3932187391869,0
2026-02-08T16:30:00,915.3932187391869,915.3932187391869,0
2026-02-08T16:45:00,915.3932187391869,915.3932187391869,0
2026-02-08T17:00:00,915.3932187391869,915.3932187391869,0
2026-02-08T17:15:00,915.3932187391869,915.3932187391869,0
2026-02-08T17:30:00,915.3932187391869,915.3932187391869,0
2026-02-08T17:45:00,915.3932187391869,915.3932187391869,0
2026-02-08T18:00:00,915.3932187391869,915.3932187391869,0
2026-02-08T18:15:00,915.3932187391869,915.3932187391869,0
2026-02-08T18:30:00,915.3932187391869,915.3932187391869,0
2026-02-08T18:45:00,915.3932187391869,915.3932187391869,0
2026-02-08T19:00:00,915.3932187391869,915.3932187391869,0
2026-02-08T19:15:00,915.3932187391869,915.3932187391869,0
2026-02-08T19:30:00,914.698342512912,823.7074339502699,1
2026-02-08T19:45:00,915.966248461358,823.7074339502699,1
2026-02-08T20:00:00,914.36713442842,823.7074339502699,1
2026-02-08T20:15:00,913.7461192699975,823.7074339502699,1
2026-02-08T20:30:00,913.4701125329208,823.7074339502699,1
2026-02-08T20:45:00,911.8484218989383,911.8484218989383,0
2026-02-08T21:00:00,911.8484218989383,911.8484218989383,0
2026-02-08T21:15:00,911.8484218989383,911.8484218989383,0
2026-02-08T21:30:00,911.8484218989383,911.8484218989383,0
2026-02-08T21:45:00,911.8484218989383,911.8484218989383,0
2026-02-08T22:00:00,911.8484218989383,911.8484218989383,0
2026-02-08T22:15:00,911.8484218989383,911.8484218989383,0
2026-02-08T22:30:00,911.8484218989383,911.8484218989383,0
2026-02-08T22:45:00,911.8484218989383,911.8484218989383,0
2026-02-08T23:00:00,911.8484218989383,911.8484218989383,0
2026-02-08T23:15:00,911.8484218989383,911.8484218989383,0
2026-02-08T23:30:00,911.8484218989383,911.8484218989383,0
2026-02-08T23:45:00,911.8484218989383,911.8484218989383,0
2026-02-09T00:00:00,911.8484218989383,911.8484218989383,0
2026-02-09T00:15:00,911.8484218989383,911.8484218989383,0
2026-02-09T00:30:00,911.8484218989383,911.8484218989383,0
2026-02-09T00:45:00,911.8484218989383,911.8484218989383,0
2026-02-09T01:00:00,911.8484218989383,911.8484218989383,0
2026-02-09T01:15:00,911.8484218989383,911.8484218989383,0
2026-02-09T01:30:00,911.8484218989383,911.8484218989383,0
2026-02-09T01:45:00,911.8484218989383,911.8484218989383,0
2026-02-09T02:00:00,911.8484218989383,911.8484218989383,0
2026-02-09T02:15:00,911.8484218989383,911.8484218989383,0
2026-02-09T02:30:00,911.8484218989383,911.8484218989383,0
2026-02-09T02:45:00,911.8484218989383,911.8484218989383,0
2026-02-09T03:00:00,911.8484218989383,911.8484218989383,0
2026-02-09T03:15:00,911.8484218989383,911.8484218989383,0
2026-02-09T03:30:00,911.8484218989383,911.8484218989383,0
2026-02-09T03:45:00,911.8484218989383,911.8484218989383,0
2026-02-09T04:00:00,911.8484218989383,911.8484218989383,0
2026-02-09T04:15:00,911.8484218989383,911.8484218989383,0
2026-02-09T04:30:00,911.8484218989383,911.8484218989383,0
2026-02-09T04:45:00,911.8484218989383,911.8484218989383,0
2026-02-09T05:00:00,911.8484218989383,911.8484218989383,0
2026-02-09T05:15:00,911.8484218989383,911.8484218989383,0
2026-02-09T05:30:00,911.8484218989383,911.8484218989383,0
2026-02-09T05:45:00,911.8484218989383,911.8484218989383,0
2026-02-09T06:00:00,911.8484218989383,911.8484218989383,0
2026-02-09T06:15:00,911.8484218989383,911.8484218989383,0
2026-02-09T06:30:00,911.8484218989383,911.8484218989383,0
2026-02-09T06:45:00,911.8484218989383,911.8484218989383,0
2026-02-09T07:00:00,911.8484218989383,911.8484218989383,0
2026-02-09T07:15:00,911.8484218989383,911.8484218989383,0
2026-02-09T07:30:00,911.8484218989383,911.8484218989383,0
2026-02-09T07:45:00,911.8484218989383,911.8484218989383,0
2026-02-09T08:00:00,911.1545952018708,820.5176839615407,1
2026-02-09T08:15:00,913.6199226284626,820.5176839615407,1
2026-02-09T08:30:00,914.123591672605,820.5176839615407,1
2026-02-09T08:45:00,914.1412642706451,820.5176839615407,1
2026-02-09T09:00:00,914.2932486137898,820.5176839615407,1
2026-02-09T09:15:00,914.5954500402753,820.5176839615407,1
2026-02-09T09:30:00,915.7795141089609,820.5176839615407,1
2026-02-09T09:45:00,915.5197269177718,820.5176839615407,1
2026-02-09T10:00:00,915.9597746089698,820.5176839615407,1
2026-02-09T10:15:00,918.059279256132,820.5176839615407,1
2026-02-09T10:30:00,919.344077133646,820.5176839615407,1
2026-02-09T10:45:00,918.9782543542163,820.5176839615407,1
2026-02-09T11:00:00,918.9022621826439,820.5176839615407,1
2026-02-09T11:15:00,918.087555412996,820.5176839615407,1
2026-02-09T11:30:00,918.1405732071163,820.5176839615407,1
2026-02-09T11:45:00,918.0009596825996,820.5176839615407,1
2026-02-09T12:00:00,916.1682526249815,916.1682526249815,0
2026-02-09T12:15:00,916.1682526249815,916.1682526249815,0
2026-02-09T12:30:00,916.1682526249815,916.1682526249815,0
2026-02-09T12:45:00,916.1682526249815,916.1682526249815,0
2026-02-09T13:00:00,916.1682526249815,916.1682526249815,0
2026-02-09T13:15:00,916.1682526249815,916.1682526249815,0
2026-02-09T13:30:00,916.1682526249815,916.1682526249815,0
2026-02-09T13:45:00,916.1682526249815,916.1682526249815,0
2026-02-09T14:00:00,916.1682526249815,916.1682526249815,0
2026-02-09T14:15:00,916.1682526249815,916.1682526249815,0
2026-02-09T14:30:00,916.1682526249815,916.1682526249815,0
2026-02-09T14:45:00,916.1682526249815,916.1682526249815,0
2026-02-09T15:00:00,916.1682526249815,916.1682526249815,0
2026-02-09T15:15:00,916.1682526249815,916.1682526249815,0
2026-02-09T15:30:00,916.1682526249815,916.1682526249815,0
2026-02-09T15:45:00,916.1682526249815,916.1682526249815,0
2026-02-09T16:00:00,916.1682526249815,916.1682526249815,0
2026-02-09T16:15:00,916.1682526249815,916.1682526249815,0
2026-02-09T16:30:00,916.1682526249815,916.1682526249815,0
2026-02-09T16:45:00,916.1682526249815,916.1682526249815,0
2026-02-09T17:00:00,916.1682526249815,916.1682526249815,0
2026-02-09T17:15:00,916.1682526249815,916.1682526249815,0
2026-02-09T17:30:00,916.1682526249815,916.1682526249815,0
2026-02-09T17:45:00,916.1682526249815,916.1682526249815,0
2026-02-09T18:00:00,915.4727880694392,824.4048404420633,1
2026-02-09T18:15:00,913.7775819144109,824.4048404420633,1
2026-02-09T18:30:00,916.0166308562299,824.4048404420633,1
2026-02-09T18:45:00,916.2472477341729,824.4048404420633,1
2026-02-09T19:00:00,915.4177153821691,824.4048404420633,1
2026-02-09T19:15:00,915.6707055393156,824.4048404420633,1
2026-02-09T19:30:00,916.2334795623555,824.4048404420633,1
2026-02-09T19:45:00,916.3625561731444,824.4048404420633,1
2026-02-09T20:00:00,917.9699902328362,824.4048404420633,1
2026-02-09T20:15:00,914.3782184099488,824.4048404420633,1
2026-02-09T20:30:00,915.7303403616037,915.7303403616037,0
2026-02-09T20:45:00,915.7303403616037,915.7303403616037,0
2026-02-09T21:00:00,915.7303403616037,915.7303403616037,0
2026-02-09T21:15:00,915.7303403616037,915.7303403616037,0
2026-02-09T21:30:00,915.7303403616037,915.7303403616037,0
2026-02-09T21:45:00,915.7303403616037,915.7303403616037,0
2026-02-09T22:00:00,915.7303403616037,915.7303403616037,0
2026-02-09T22:15:00,915.7303403616037,915.7303403616037,0
2026-02-09T22:30:00,915.7303403616037,915.7303403616037,0
2026-02-09T22:45:00,915.7303403616037,915.7303403616037,0
2026-02-09T23:00:00,915.7303403616037,915.7303403616037,0
2026-02-09T23:15:00,915.7303403616037,915.7303403616037,0
2026-02-09T23:30:00,915.7303403616037,915.7303403616037,0
2026-02-09T23:45:00,915.7303403616037,915.7303403616037,0
2026-02-10T00:00:00,915.7303403616037,915.7303403616037,0
2026-02-10T00:15:00,915.7303403616037,915.7303403616037,0
2026-02-10T00:30:00,915.7303403616037,915.7303403616037,0
2026-02-10T00:45:00,915.7303403616037,915.7303403616037,0
2026-02-10T01:00:00,915.7303403616037,915.7303403616037,0
2026-02-10T01:15:00,915.7303403616037,915.7303403616037,0
2026-02-10T01:30:00,915.7303403616037,915.7303403616037,0
2026-02-10T01:45:00,915.7303403616037,915.7303403616037,0
2026-02-10T02:00:00,915.7303403616037,915.7303403616037,0
2026-02-10T02:15:00,915.7303403616037,915.7303403616037,0
2026-02-10T02:30:00,915.7303403616037,915.7303403616037,0
2026-02-10T02:45:00,915.7303403616037,915.7303403616037,0
2026-02-10T03:00:00,915.7303403616037,915.7303403616037,0
2026-02-10T03:15:00,915.7303403616037,915.7303403616037,0
2026-02-10T03:30:00,915.7303403616037,915.7303403616037,0
2026-02-10T03:45:00,915.7303403616037,915.7303403616037,0
2026-02-10T04:00:00,915.7303403616037,915.7303403616037,0
2026-02-10T04:15:00,915.7303403616037,915.7303403616037,0
2026-02-10T04:30:00,915.7303403616037,915.7303403616037,0
2026-02-10T04:45:00,915.7303403616037,915.7303403616037,0
2026-02-10T05:00:00,915.7303403616037,915.7303403616037,0
2026-02-10T05:15:00,915.7303403616037,915.7303403616037,0
2026-02-10T05:30:00,915.7303403616037,915.7303403616037,0
2026-02-10T05:45:00,915.7303403616037,915.7303403616037,0
2026-02-10T06:00:00,915.7303403616037,915.7303403616037,0
2026-02-10T06:15:00,915.7303403616037,915.7303403616037,0
2026-02-10T06:30:00,915.7303403616037,915.7303403616037,0
2026-02-10T06:45:00,915.0335599075295,824.0107894709854,1
2026-02-10T07:00:00,914.5295325959169,824.0107894709854,1
2026-02-10T07:15:00,914.1880358304403,824.0107894709854,1
2026-02-10T07:30:00,914.5916229169127,824.0107894709854,1
2026-02-10T07:45:00,915.2746164478658,824.0107894709854,1
2026-02-10T08:00:00,915.7950794326832,824.0107894709854,1
2026-02-10T08:15:00,914.5550991986798,824.0107894709854,1
2026-02-10T08:30:00,915.0317337216178,824.0107894709854,1
2026-02-10T08:45:00,913.9214126873409,824.0107894709854,1
2026-02-10T09:00:00,912.3945454535443,912.3945454535443,0
2026-02-10T09:15:00,912.3945454535443,912.3945454535443,0
2026-02-10T09:30:00,912.3945454535443,912.3945454535443,0
2026-02-10T09:45:00,912.3945454535443,912.3945454535443,0
2026-02-10T10:00:00,912.3945454535443,912.3945454535443,0
2026-02-10T10:15:00,912.3945454535443,912.3945454535443,0
2026-02-10T10:30:00,912.3945454535443,912.3945454535443,0
2026-02-10T10:45:00,912.3945454535443,912.3945454535443,0
2026-02-10T11:00:00,912.3945454535443,912.3945454535443,0
2026-02-10T11:15:00,912.3945454535443,912.3945454535443,0
2026-02-10T11:30:00,911.7003032103257,821.0091077809172,1
2026-02-10T11:45:00,912.3997354153423,821.0091077809172,1
2026-02-10T12:00:00,911.8596183236906,821.0091077809172,1
2026-02-10T12:15:00,911.1949980412068,821.0091077809172,1
2026-02-10T12:30:00,912.2145508916549,821.0091077809172,1
2026-02-10T12:45:00,911.9999305986087,821.0091077809172,1
2026-02-10T13:00:00,912.1178865930011,821.0091077809172,1
2026-02-10T13:15:00,911.0436177671481,911.0436177671481,0
2026-02-10T13:30:00,911.0436177671481,911.0436177671481,0
2026-02-10T13:45:00,911.0436177671481,911.0436177671481,0
2026-02-10T14:00:00,911.0436177671481,911.0436177671481,0
2026-02-10T14:15:00,911.0436177671481,911.0436177671481,0
2026-02-10T14:30:00,911.0436177671481,911.0436177671481,0
2026-02-10T14:45:00,911.0436177671481,911.0436177671481,0
2026-02-10T15:00:00,911.0436177671481,911.0436177671481,0
2026-02-10T15:15:00,911.0436177671481,911.0436177671481,0
2026-02-10T15:30:00,911.0436177671481,911.0436177671481,0
2026-02-10T15:45:00,911.0436177671481,911.0436177671481,0
2026-02-10T16:00:00,911.0436177671481,911.0436177671481,0
2026-02-10T16:15:00,911.0436177671481,911.0436177671481,0
2026-02-10T16:30:00,911.0436177671481,911.0436177671481,0
2026-02-10T16:45:00,911.0436177671481,911.0436177671481,0
2026-02-10T17:00:00,911.0436177671481,911.0436177671481,0
2026-02-10T17:15:00,911.0436177671481,911.0436177671481,0
2026-02-10T17:30:00,911.0436177671481,911.0436177671481,0
2026-02-10T17:45:00,911.0436177671481,911.0436177671481,0
2026-02-10T18:00:00,911.0436177671481,911.0436177671481,0
2026-02-10T18:15:00,911.0436177671481,911.0436177671481,0
2026-02-10T18:30:00,911.0436177671481,911.0436177671481,0
2026-02-10T18:45:00,911.0436177671481,911.0436177671481,0
2026-02-10T19:00:00,911.0436177671481,911.0436177671481,0
2026-02-10T19:15:00,911.0436177671481,911.0436177671481,0
2026-02-10T19:30:00,911.0436177671481,911.0436177671481,0
2026-02-10T19:45:00,911.0436177671481,911.0436177671481,0
2026-02-10T20:00:00,911.0436177671481,911.0436177671481,0
2026-02-10T20:15:00,911.0436177671481,911.0436177671481,0
2026-02-10T20:30:00,911.0436177671481,911.0436177671481,0
2026-02-10T20:45:00,911.0436177671481,911.0436177671481,0
2026-02-10T21:00:00,911.0436177671481,911.0436177671481,0
2026-02-10T21:15:00,911.0436177671481,911.0436177671481,0
2026-02-10T21:30:00,911.0436177671481,911.0436177671481,0
2026-02-10T21:45:00,911.0436177671481,911.0436177671481,0
2026-02-10T22:00:00,911.0436177671481,911.0436177671481,0
2026-02-10T22:15:00,911.0436177671481,911.0436177671481,0
2026-02-10T22:30:00,911.0436177671481,911.0436177671481,0
2026-02-10T22:45:00,911.0436177671481,911.0436177671481,0
2026-02-10T23:00:00,911.0436177671481,911.0436177671481,0
2026-02-10T23:15:00,911.0436177671481,911.0436177671481,0
2026-02-10T23:30:00,911.0436177671481,911.0436177671481,0
2026-02-10T23:45:00,911.0436177671481,911.0436177671481,0
2026-02-11T00:00:00,911.0436177671481,911.0436177671481,0
2026-02-11T00:15:00,911.0436177671481,911.0436177671481,0
2026-02-11T00:30:00,911.0436177671481,911.0436177671481,0
2026-02-11T00:45:00,911.0436177671481,911.0436177671481,0
2026-02-11T01:00:00,911.0436177671481,911.0436177671481,0
2026-02-11T01:15:00,911.0436177671481,911.0436177671481,0
2026-02-11T01:30:00,911.0436177671481,911.0436177671481,0
2026-02-11T01:45:00,911.0436177671481,911.0436177671481,0
2026-02-11T02:00:00,911.0436177671481,911.0436177671481,0
2026-02-11T02:15:00,911.0436177671481,911.0436177671481,0
2026-02-11T02:30:00,911.0436177671481,911.0436177671481,0
2026-02-11T02:45:00,911.0436177671481,911.0436177671481,0
2026-02-11T03:00:00,911.0436177671481,911.0436177671481,0
2026-02-11T03:15:00,911.0436177671481,911.0436177671481,0
2026-02-11T03:30:00,911.0436177671481,911.0436177671481,0
2026-02-11T03:45:00,911.0436177671481,911.0436177671481,0
2026-02-11T04:00:00,911.0436177671481,911.0436177671481,0
2026-02-11T04:15:00,911.0436177671481,911.0436177671481,0
2026-02-11T04:30:00,911.0436177671481,911.0436177671481,0
2026-02-11T04:45:00,911.0436177671481,911.0436177671481,0
2026-02-11T05:00:00,911.0436177671481,911.0436177671481,0
2026-02-11T05:15:00,911.0436177671481,911.0436177671481,0
2026-02-11T05:30:00,911.0436177671481,911.0436177671481,0
2026-02-11T05:45:00,911.0436177671481,911.0436177671481,0
2026-02-11T06:00:00,911.0436177671481,911.0436177671481,0
2026-02-11T06:15:00,911.0436177671481,911.0436177671481,0
2026-02-11T06:30:00,911.0436177671481,911.0436177671481,0
2026-02-11T06:45:00,911.0436177671481,911.0436177671481,0
2026-02-11T07:00:00,911.0436177671481,911.0436177671481,0
2026-02-11T07:15:00,911.0436177671481,911.0436177671481,0
2026-02-11T07:30:00,911.0436177671481,911.0436177671481,0
2026-02-11T07:45:00,911.0436177671481,911.0436177671481,0
2026-02-11T08:00:00,911.0436177671481,911.0436177671481,0
2026-02-11T08:15:00,911.0436177671481,911.0436177671481,0
2026-02-11T08:30:00,911.0436177671481,911.0436177671481,0
2026-02-11T08:45:00,911.0436177671481,911.0436177671481,0
2026-02-11T09:00:00,911.0436177671481,911.0436177671481,0
2026-02-11T09:15:00,911.0436177671481,911.0436177671481,0
2026-02-11T09:30:00,911.0436177671481,911.0436177671481,0
2026-02-11T09:45:00,911.0436177671481,911.0436177671481,0
2026-02-11T10:00:00,911.0436177671481,911.0436177671481,0
2026-02-11T10:15:00,911.0436177671481,911.0436177671481,0
2026-02-11T10:30:00,911.0436177671481,911.0436177671481,0
2026-02-11T10:45:00,911.0436177671481,911.0436177671481,0
2026-02-11T11:00:00,911.0436177671481,911.0436177671481,0
2026-02-11T11:15:00,911.0436177671481,911.0436177671481,0
2026-02-11T11:30:00,911.0436177671481,911.0436177671481,0
2026-02-11T11:45:00,911.0436177671481,911.0436177671481,0
2026-02-11T12:00:00,911.0436177671481,911.0436177671481,0
2026-02-11T12:15:00,911.0436177671481,911.0436177671481,0
2026-02-11T12:30:00,911.0436177671481,911.0436177671481,0
2026-02-11T12:45:00,911.0436177671481,911.0436177671481,0
2026-02-11T13:00:00,911.0436177671481,911.0436177671481,0
2026-02-11T13:15:00,911.0436177671481,911.0436177671481,0
2026-02-11T13:30:00,911.0436177671481,911.0436177671481,0
2026-02-11T13:45:00,911.0436177671481,911.0436177671481,0
2026-02-11T14:00:00,911.0436177671481,911.0436177671481,0
2026-02-11T14:15:00,911.0436177671481,911.0436177671481,0
2026-02-11T14:30:00,911.0436177671481,911.0436177671481,0
2026-02-11T14:45:00,911.0436177671481,911.0436177671481,0
2026-02-11T15:00:00,911.0436177671481,911.0436177671481,0
2026-02-11T15:15:00,911.0436177671481,911.0436177671481,0
2026-02-11T15:30:00,911.0436177671481,911.0436177671481,0
2026-02-11T15:45:00,911.0436177671481,911.0436177671481,0
2026-02-11T16:00:00,911.0436177671481,911.0436177671481,0
2026-02-11T16:15:00,911.0436177671481,911.0436177671481,0
2026-02-11T16:30:00,911.0436177671481,911.0436177671481,0
2026-02-11T16:45:00,911.0436177671481,911.0436177671481,0
2026-02-11T17:00:00,911.0436177671481,911.0436177671481,0
2026-02-11T17:15:00,911.0436177671481,911.0436177671481,0
2026-02-11T17:30:00,911.0436177671481,911.0436177671481,0
2026-02-11T17:45:00,911.0436177671481,911.0436177671481,0
2026-02-11T18:00:00,911.0436177671481,911.0436177671481,0
2026-02-11T18:15:00,911.0436177671481,911.0436177671481,0
2026-02-11T18:30:00,911.0436177671481,911.0436177671481,0
2026-02-11T18:45:00,911.0436177671481,911.0436177671481,0
2026-02-11T19:00:00,911.0436177671481,911.0436177671481,0
2026-02-11T19:15:00,911.0436177671481,911.0436177671481,0
2026-02-11T19:30:00,911.0436177671481,911.0436177671481,0
2026-02-11T19:45:00,911.0436177671481,911.0436177671481,0
2026-02-11T20:00:00,911.0436177671481,911.0436177671481,0
2026-02-11T20:15:00,911.0436177671481,911.0436177671481,0
2026-02-11T20:30:00,911.0436177671481,911.0436177671481,0
2026-02-11T20:45:00,911.0436177671481,911.0436177671481,0
2026-02-11T21:00:00,911.0436177671481,911.0436177671481,0
2026-02-11T21:15:00,911.0436177671481,911.0436177671481,0
2026-02-11T21:30:00,911.0436177671481,911.0436177671481,0
2026-02-11T21:45:00,911.0436177671481,911.0436177671481,0
2026-02-11T22:00:00,911.0436177671481,911.0436177671481,0
2026-02-11T22:15:00,911.0436177671481,911.0436177671481,0
2026-02-11T22:30:00,911.0436177671481,911.0436177671481,0
2026-02-11T22:45:00,911.0436177671481,911.0436177671481,0
2026-02-11T23:00:00,911.0436177671481,911.0436177671481,0
2026-02-11T23:15:00,911.0436177671481,911.0436177671481,0
2026-02-11T23:30:00,911.0436177671481,911.0436177671481,0
2026-02-11T23:45:00,910.3504034466325,819.7934890115905,1
2026-02-12T00:00:00,907.7940820516026,907.7940820516026,0
2026-02-12T00:15:00,907.7940820516026,907.7940820516026,0
2026-02-12T00:30:00,907.7940820516026,907.7940820516026,0
2026-02-12T00:45:00,907.7940820516026,907.7940820516026,0
2026-02-12T01:00:00,907.7940820516026,907.7940820516026,0
2026-02-12T01:15:00,907.7940820516026,907.7940820516026,0
2026-02-12T01:30:00,907.7940820516026,907.7940820516026,0
2026-02-12T01:45:00,907.7940820516026,907.7940820516026,0
2026-02-12T02:00:00,907.7940820516026,907.7940820516026,0
2026-02-12T02:15:00,907.7940820516026,907.7940820516026,0
2026-02-12T02:30:00,907.7940820516026,907.7940820516026,0
2026-02-12T02:45:00,907.7940820516026,907.7940820516026,0
2026-02-12T03:00:00,907.7940820516026,907.7940820516026,0
2026-02-12T03:15:00,907.7940820516026,907.7940820516026,0
2026-02-12T03:30:00,907.7940820516026,907.7940820516026,0
2026-02-12T03:45:00,907.7940820516026,907.7940820516026,0
2026-02-12T04:00:00,907.7940820516026,907.7940820516026,0
2026-02-12T04:15:00,907.7940820516026,907.7940820516026,0
2026-02-12T04:30:00,907.7940820516026,907.7940820516026,0
2026-02-12T04:45:00,907.7940820516026,907.7940820516026,0
2026-02-12T05:00:00,907.7940820516026,907.7940820516026,0
2026-02-12T05:15:00,907.7940820516026,907.7940820516026,0
2026-02-12T05:30:00,907.7940820516026,907.7940820516026,0
2026-02-12T05:45:00,907.7940820516026,907.7940820516026,0
2026-02-12T06:00:00,907.7940820516026,907.7940820516026,0
2026-02-12T06:15:00,907.7940820516026,907.7940820516026,0
2026-02-12T06:30:00,907.7940820516026,907.7940820516026,0
2026-02-12T06:45:00,907.7940820516026,907.7940820516026,0
2026-02-12T07:00:00,907.7940820516026,907.7940820516026,0
2026-02-12T07:15:00,907.7940820516026,907.7940820516026,0
2026-02-12T07:30:00,907.7940820516026,907.7940820516026,0
2026-02-12T07:45:00,907.7940820516026,907.7940820516026,0
2026-02-12T08:00:00,907.7940820516026,907.7940820516026,0
2026-02-12T08:15:00,907.7940820516026,907.7940820516026,0
2026-02-12T08:30:00,907.7940820516026,907.7940820516026,0
2026-02-12T08:45:00,907.7940820516026,907.7940820516026,0
2026-02-12T09:00:00,907.7940820516026,907.7940820516026,0
2026-02-12T09:15:00,907.7940820516026,907.7940820516026,0
2026-02-12T09:30:00,907.7940820516026,907.7940820516026,0
2026-02-12T09:45:00,907.7940820516026,907.7940820516026,0
2026-02-12T10:00:00,907.7940820516026,907.7940820516026,0
2026-02-12T10:15:00,907.7940820516026,907.7940820516026,0
2026-02-12T10:30:00,907.7940820516026,907.7940820516026,0
2026-02-12T10:45:00,907.7940820516026,907.7940820516026,0
2026-02-12T11:00:00,907.1049743402307,816.869426793314,1
2026-02-12T11:15:00,908.8661917625595,816.869426793314,1
2026-02-12T11:30:00,908.0184007673391,816.869426793314,1
2026-02-12T11:45:00,907.1706097721186,816.869426793314,1
2026-02-12T12:00:00,906.7366866390811,816.869426793314,1
2026-02-12T12:15:00,906.4085094796409,816.869426793314,1
2026-02-12T12:30:00,905.7430812088878,905.7430812088878,0
2026-02-12T12:45:00,905.7430812088878,905.7430812088878,0
2026-02-12T13:00:00,905.7430812088878,905.7430812088878,0
2026-02-12T13:15:00,905.7430812088878,905.7430812088878,0
2026-02-12T13:30:00,905.7430812088878,905.7430812088878,0
2026-02-12T13:45:00,905.7430812088878,905.7430812088878,0
2026-02-12T14:00:00,905.7430812088878,905.7430812088878,0
2026-02-12T14:15:00,905.7430812088878,905.7430812088878,0
2026-02-12T14:30:00,905.7430812088878,905.7430812088878,0
2026-02-12T14:45:00,905.7430812088878,905.7430812088878,0
2026-02-12T15:00:00,905.7430812088878,905.7430812088878,0
2026-02-12T15:15:00,905.7430812088878,905.7430812088878,0
2026-02-12T15:30:00,905.7430812088878,905.7430812088878,0
2026-02-12T15:45:00,905.7430812088878,905.7430812088878,0
2026-02-12T16:00:00,905.7430812088878,905.7430812088878,0
2026-02-12T16:15:00,905.7430812088878,905.7430812088878,0
2026-02-12T16:30:00,905.7430812088878,905.7430812088878,0
2026-02-12T16:45:00,905.7430812088878,905.7430812088878,0
2026-02-12T17:00:00,905.053900073806,815.0238541950056,1
2026-02-12T17:15:00,902.9074396838201,815.0238541950056,1
2026-02-12T17:30:00,903.7422356056134,815.0238541950056,1
2026-02-12T17:45:00,906.85518269884,815.0238541950056,1
2026-02-12T18:00:00,905.3092786344762,815.0238541950056,1
2026-02-12T18:15:00,907.4621966193611,815.0238541950056,1
2026-02-12T18:30:00,906.7513644423843,815.0238541950056,1
2026-02-12T18:45:00,905.8784852686218,815.0238541950056,1
2026-02-12T19:00:00,906.6643248940427,815.0238541950056,1
2026-02-12T19:15:00,904.8350593577788,815.0238541950056,1
2026-02-12T19:30:00,903.4450296254171,903.4450296254171,0
2026-02-12T19:45:00,903.4450296254171,903.4450296254171,0
2026-02-12T20:00:00,903.4450296254171,903.4450296254171,0
2026-02-12T20:15:00,903.4450296254171,903.4450296254171,0
2026-02-12T20:30:00,903.4450296254171,903.4450296254171,0
2026-02-12T20:45:00,903.4450296254171,903.4450296254171,0
2026-02-12T21:00:00,903.4450296254171,903.4450296254171,0
2026-02-12T21:15:00,903.4450296254171,903.4450296254171,0
2026-02-12T21:30:00,903.4450296254171,903.4450296254171,0
2026-02-12T21:45:00,903.4450296254171,903.4450296254171,0
2026-02-12T22:00:00,903.4450296254171,903.4450296254171,0
2026-02-12T22:15:00,903.4450296254171,903.4450296254171,0
2026-02-12T22:30:00,903.4450296254171,903.4450296254171,0
2026-02-12T22:45:00,903.4450296254171,903.4450296254171,0
2026-02-12T23:00:00,903.4450296254171,903.4450296254171,0
2026-02-12T23:15:00,903.4450296254171,903.4450296254171,0
2026-02-12T23:30:00,903.4450296254171,903.4450296254171,0
2026-02-12T23:45:00,903.4450296254171,903.4450296254171,0
2026-02-13T00:00:00,903.4450296254171,903.4450296254171,0
2026-02-13T00:15:00,903.4450296254171,903.4450296254171,0
2026-02-13T00:30:00,903.4450296254171,903.4450296254171,0
2026-02-13T00:45:00,903.4450296254171,903.4450296254171,0
2026-02-13T01:00:00,903.4450296254171,903.4450296254171,0
2026-02-13T01:15:00,903.4450296254171,903.4450296254171,0
2026-02-13T01:30:00,903.4450296254171,903.4450296254171,0
2026-02-13T01:45:00,903.4450296254171,903.4450296254171,0
2026-02-13T02:00:00,903.4450296254171,903.4450296254171,0
2026-02-13T02:15:00,903.4450296254171,903.4450296254171,0
2026-02-13T02:30:00,903.4450296254171,903.4450296254171,0
2026-02-13T02:45:00,903.4450296254171,903.4450296254171,0
2026-02-13T03:00:00,903.4450296254171,903.4450296254171,0
2026-02-13T03:15:00,903.4450296254171,903.4450296254171,0
2026-02-13T03:30:00,903.4450296254171,903.4450296254171,0
2026-02-13T03:45:00,903.4450296254171,903.4450296254171,0
2026-02-13T04:00:00,903.4450296254171,903.4450296254171,0
2026-02-13T04:15:00,903.4450296254171,903.4450296254171,0
2026-02-13T04:30:00,903.4450296254171,903.4450296254171,0
2026-02-13T04:45:00,903.4450296254171,903.4450296254171,0
2026-02-13T05:00:00,903.4450296254171,903.4450296254171,0
2026-02-13T05:15:00,903.4450296254171,903.4450296254171,0
2026-02-13T05:30:00,903.4450296254171,903.4450296254171,0
2026-02-13T05:45:00,903.4450296254171,903.4450296254171,0
2026-02-13T06:00:00,902.7575970808921,812.9559754581353,1
2026-02-13T06:15:00,903.5225598228843,812.9559754581353,1
2026-02-13T06:30:00,903.7357768218748,812.9559754581353,1
2026-02-13T06:45:00,902.4770483980099,812.9559754581353,1
2026-02-13T07:00:00,900.2772514078216,900.2772514078216,0
2026-02-13T07:15:00,900.2772514078216,900.2772514078216,0
2026-02-13T07:30:00,899.5922292300254,810.1054819068142,1
2026-02-13T07:45:00,899.1480102431905,810.1054819068142,1
2026-02-13T08:00:00,898.8681168312278,810.1054819068142,1
2026-02-13T08:15:00,897.7405971801508,897.7405971801508,0
2026-02-13T08:30:00,897.7405971801508,897.7405971801508,0
2026-02-13T08:45:00,897.7405971801508,897.7405971801508,0
2026-02-13T09:00:00,897.7405971801508,897.7405971801508,0
2026-02-13T09:15:00,897.7405971801508,897.7405971801508,0
2026-02-13T09:30:00,897.7405971801508,897.7405971801508,0
2026-02-13T09:45:00,897.7405971801508,897.7405971801508,0
2026-02-13T10:00:00,897.7405971801508,897.7405971801508,0
2026-02-13T10:15:00,897.7405971801508,897.7405971801508,0
2026-02-13T10:30:00,897.7405971801508,897.7405971801508,0
2026-02-13T10:45:00,897.7405971801508,897.7405971801508,0
2026-02-13T11:00:00,897.7405971801508,897.7405971801508,0
2026-02-13T11:15:00,897.7405971801508,897.7405971801508,0
2026-02-13T11:30:00,897.7405971801508,897.7405971801508,0
2026-02-13T11:45:00,897.7405971801508,897.7405971801508,0
2026-02-13T12:00:00,897.7405971801508,897.7405971801508,0
2026-02-13T12:15:00,897.7405971801508,897.7405971801508,0
2026-02-13T12:30:00,897.7405971801508,897.7405971801508,0
2026-02-13T12:45:00,897.7405971801508,897.7405971801508,0
2026-02-13T13:00:00,897.7405971801508,897.7405971801508,0
2026-02-13T13:15:00,897.7405971801508,897.7405971801508,0
2026-02-13T13:30:00,897.7405971801508,897.7405971801508,0
2026-02-13T13:45:00,897.7405971801508,897.7405971801508,0
2026-02-13T14:00:00,897.7405971801508,897.7405971801508,0
2026-02-13T14:15:00,897.7405971801508,897.7405971801508,0
2026-02-13T14:30:00,897.7405971801508,897.7405971801508,0
2026-02-13T14:45:00,897.7405971801508,897.7405971801508,0
2026-02-13T15:00:00,897.7405971801508,897.7405971801508,0
2026-02-13T15:15:00,897.7405971801508,897.7405971801508,0
2026-02-13T15:30:00,897.7405971801508,897.7405971801508,0
2026-02-13T15:45:00,897.7405971801508,897.7405971801508,0
2026-02-13T16:00:00,897.7405971801508,897.7405971801508,0
2026-02-13T16:15:00,897.7405971801508,897.7405971801508,0
2026-02-13T16:30:00,897.7405971801508,897.7405971801508,0
2026-02-13T16:45:00,897.7405971801508,897.7405971801508,0
2026-02-13T17:00:00,897.7405971801508,897.7405971801508,0
2026-02-13T17:15:00,897.7405971801508,897.7405971801508,0
2026-02-13T17:30:00,897.7405971801508,897.7405971801508,0
2026-02-13T17:45:00,897.7405971801508,897.7405971801508,0
2026-02-13T18:00:00,897.7405971801508,897.7405971801508,0
2026-02-13T18:15:00,897.7405971801508,897.7405971801508,0
2026-02-13T18:30:00,897.7405971801508,897.7405971801508,0
2026-02-13T18:45:00,897.7405971801508,897.7405971801508,0
2026-02-13T19:00:00,897.7405971801508,897.7405971801508,0
2026-02-13T19:15:00,897.7405971801508,897.7405971801508,0
2026-02-13T19:30:00,897.7405971801508,897.7405971801508,0
2026-02-13T19:45:00,897.7405971801508,897.7405971801508,0
2026-02-13T20:00:00,897.7405971801508,897.7405971801508,0
2026-02-13T20:15:00,897.7405971801508,897.7405971801508,0
2026-02-13T20:30:00,897.7405971801508,897.7405971801508,0
2026-02-13T20:45:00,897.7405971801508,897.7405971801508,0
2026-02-13T21:00:00,897.7405971801508,897.7405971801508,0
2026-02-13T21:15:00,897.7405971801508,897.7405971801508,0
2026-02-13T21:30:00,897.7405971801508,897.7405971801508,0
2026-02-13T21:45:00,897.7405971801508,897.7405971801508,0
2026-02-13T22:00:00,897.7405971801508,897.7405971801508,0
2026-02-13T22:15:00,897.7405971801508,897.7405971801508,0
2026-02-13T22:30:00,897.7405971801508,897.7405971801508,0
2026-02-13T22:45:00,897.7405971801508,897.7405971801508,0
2026-02-13T23:00:00,897.7405971801508,897.7405971801508,0
2026-02-13T23:15:00,897.7405971801508,897.7405971801508,0
2026-02-13T23:30:00,897.7405971801508,897.7405971801508,0
2026-02-13T23:45:00,897.7405971801508,897.7405971801508,0
2026-02-14T00:00:00,897.7405971801508,897.7405971801508,0
2026-02-14T00:15:00,897.7405971801508,897.7405971801508,0
2026-02-14T00:30:00,897.7405971801508,897.7405971801508,0
2026-02-14T00:45:00,897.7405971801508,897.7405971801508,0
2026-02-14T01:00:00,897.7405971801508,897.7405971801508,0
2026-02-14T01:15:00,897.7405971801508,897.7405971801508,0
2026-02-14T01:30:00,897.7405971801508,897.7405971801508,0
2026-02-14T01:45:00,897.7405971801508,897.7405971801508,0
2026-02-14T02:00:00,897.7405971801508,897.7405971801508,0
2026-02-14T02:15:00,897.7405971801508,897.7405971801508,0
2026-02-14T02:30:00,897.7405971801508,897.7405971801508,0
2026-02-14T02:45:00,897.7405971801508,897.7405971801508,0
2026-02-14T03:00:00,897.7405971801508,897.7405971801508,0
2026-02-14T03:15:00,897.7405971801508,897.7405971801508,0
2026-02-14T03:30:00,897.7405971801508,897.7405971801508,0
2026-02-14T03:45:00,897.7405971801508,897.7405971801508,0
2026-02-14T04:00:00,897.7405971801508,897.7405971801508,0
2026-02-14T04:15:00,897.7405971801508,897.7405971801508,0
2026-02-14T04:30:00,897.7405971801508,897.7405971801508,0
2026-02-14T04:45:00,897.7405971801508,897.7405971801508,0
2026-02-14T05:00:00,897.7405971801508,897.7405971801508,0
2026-02-14T05:15:00,897.7405971801508,897.7405971801508,0
2026-02-14T05:30:00,897.7405971801508,897.7405971801508,0
2026-02-14T05:45:00,897.7405971801508,897.7405971801508,0
2026-02-14T06:00:00,897.7405971801508,897.7405971801508,0
2026-02-14T06:15:00,897.7405971801508,897.7405971801508,0
2026-02-14T06:30:00,897.7405971801508,897.7405971801508,0
2026-02-14T06:45:00,897.7405971801508,897.7405971801508,0
2026-02-14T07:00:00,897.7405971801508,897.7405971801508,0
2026-02-14T07:15:00,897.7405971801508,897.7405971801508,0
2026-02-14T07:30:00,897.0591210826967,807.8228989665869,1
2026-02-14T07:45:00,897.2543075107618,807.8228989665869,1
2026-02-14T08:00:00,899.0569054842368,807.8228989665869,1
2026-02-14T08:15:00,898.6860201737658,807.8228989665869,1
2026-02-14T08:30:00,899.554770812966,807.8228989665869,1
2026-02-14T08:45:00,899.985362646308,807.8228989665869,1
2026-02-14T09:00:00,899.830550681191,807.8228989665869,1
2026-02-14T09:15:00,899.2022846479977,807.8228989665869,1
2026-02-14T09:30:00,899.8856962891201,807.8228989665869,1
2026-02-14T09:45:00,899.8232946801476,807.8228989665869,1
2026-02-14T10:00:00,899.4925246897302,807.8228989665869,1
2026-02-14T10:15:00,899.3311823236742,807.8228989665869,1
2026-02-14T10:30:00,899.2681069431762,807.8228989665869,1
2026-02-14T10:45:00,899.600068990908,807.8228989665869,1
2026-02-14T11:00:00,901.8081219369676,807.8228989665869,1
2026-02-14T11:15:00,902.3062464085913,807.8228989665869,1
2026-02-14T11:30:00,902.9105158097627,807.8228989665869,1
2026-02-14T11:45:00,903.921950526622,807.8228989665869,1
2026-02-14T12:00:00,903.8324425708948,807.8228989665869,1
2026-02-14T12:15:00,903.147838872458,807.8228989665869,1
2026-02-14T12:30:00,901.7543757006682,807.8228989665869,1
2026-02-14T12:45:00,899.1479671106633,899.1479671106633,0
2026-02-14T13:00:00,899.1479671106633,899.1479671106633,0
2026-02-14T13:15:00,899.1479671106633,899.1479671106633,0
2026-02-14T13:30:00,899.1479671106633,899.1479671106633,0
2026-02-14T13:45:00,899.1479671106633,899.1479671106633,0
2026-02-14T14:00:00,899.1479671106633,899.1479671106633,0
2026-02-14T14:15:00,899.1479671106633,899.1479671106633,0
2026-02-14T14:30:00,899.1479671106633,899.1479671106633,0
2026-02-14T14:45:00,899.1479671106633,899.1479671106633,0
2026-02-14T15:00:00,899.1479671106633,899.1479671106633,0
2026-02-14T15:15:00,899.1479671106633,899.1479671106633,0
2026-02-14T15:30:00,899.1479671106633,899.1479671106633,0
2026-02-14T15:45:00,899.1479671106633,899.1479671106633,0
2026-02-14T16:00:00,899.1479671106633,899.1479671106633,0
2026-02-14T16:15:00,899.1479671106633,899.1479671106633,0
2026-02-14T16:30:00,899.1479671106633,899.1479671106633,0
2026-02-14T16:45:00,899.1479671106633,899.1479671106633,0
2026-02-14T17:00:00,899.1479671106633,899.1479671106633,0
2026-02-14T17:15:00,899.1479671106633,899.1479671106633,0
2026-02-14T17:30:00,899.1479671106633,899.1479671106633,0
2026-02-14T17:45:00,899.1479671106633,899.1479671106633,0
2026-02-14T18:00:00,899.1479671106633,899.1479671106633,0
2026-02-14T18:15:00,899.1479671106633,899.1479671106633,0
2026-02-14T18:30:00,899.1479671106633,899.1479671106633,0
2026-02-14T18:45:00,899.1479671106633,899.1479671106633,0
2026-02-14T19:00:00,899.1479671106633,899.1479671106633,0
2026-02-14T19:15:00,899.1479671106633,899.1479671106633,0
2026-02-14T19:30:00,899.1479671106633,899.1479671106633,0
2026-02-14T19:45:00,899.1479671106633,899.1479671106633,0
2026-02-14T20:00:00,899.1479671106633,899.1479671106633,0
2026-02-14T20:15:00,899.1479671106633,899.1479671106633,0
2026-02-14T20:30:00,899.1479671106633,899.1479671106633,0
2026-02-14T20:45:00,899.1479671106633,899.1479671106633,0
2026-02-14T21:00:00,899.1479671106633,899.1479671106633,0
2026-02-14T21:15:00,899.1479671106633,899.1479671106633,0
2026-02-14T21:30:00,899.1479671106633,899.1479671106633,0
2026-02-14T21:45:00,899.1479671106633,899.1479671106633,0
2026-02-14T22:00:00,899.1479671106633,899.1479671106633,0
2026-02-14T22:15:00,899.1479671106633,899.1479671106633,0
2026-02-14T22:30:00,899.1479671106633,899.1479671106633,0
2026-02-14T22:45:00,899.1479671106633,899.1479671106633,0
2026-02-14T23:00:00,899.1479671106633,899.1479671106633,0
2026-02-14T23:15:00,899.1479671106633,899.1479671106633,0
2026-02-14T23:30:00,899.1479671106633,899.1479671106633,0
2026-02-14T23:45:00,899.1479671106633,899.1479671106633,0
2026-02-15T00:00:00,899.1479671106633,899.1479671106633,0
2026-02-15T00:15:00,899.1479671106633,899.1479671106633,0
2026-02-15T00:30:00,899.1479671106633,899.1479671106633,0
2026-02-15T00:45:00,899.1479671106633,899.1479671106633,0
2026-02-15T01:00:00,899.1479671106633,899.1479671106633,0
2026-02-15T01:15:00,899.1479671106633,899.1479671106633,0
2026-02-15T01:30:00,899.1479671106633,899.1479671106633,0
2026-02-15T01:45:00,899.1479671106633,899.1479671106633,0
2026-02-15T02:00:00,899.1479671106633,899.1479671106633,0
2026-02-15T02:15:00,899.1479671106633,899.1479671106633,0
2026-02-15T02:30:00,899.1479671106633,899.1479671106633,0
2026-02-15T02:45:00,899.1479671106633,899.1479671106633,0
2026-02-15T03:00:00,899.1479671106633,899.1479671106633,0
2026-02-15T03:15:00,899.1479671106633,899.1479671106633,0
2026-02-15T03:30:00,899.1479671106633,899.1479671106633,0
2026-02-15T03:45:00,899.1479671106633,899.1479671106633,0
2026-02-15T04:00:00,899.1479671106633,899.1479671106633,0
2026-02-15T04:15:00,899.1479671106633,899.1479671106633,0
2026-02-15T04:30:00,899.1479671106633,899.1479671106633,0
2026-02-15T04:45:00,899.1479671106633,899.1479671106633,0
2026-02-15T05:00:00,899.1479671106633,899.1479671106633,0
2026-02-15T05:15:00,899.1479671106633,899.1479671106633,0
2026-02-15T05:30:00,899.1479671106633,899.1479671106633,0
2026-02-15T05:45:00,899.1479671106633,899.1479671106633,0
