timestamp,equity,cash,open_positions
2025-10-18T06:00:00,1000.0,1000.0,0
2025-10-18T06:15:00,1000.0,1000.0,0
2025-10-18T06:30:00,1000.0,1000.0,0
2025-10-18T06:45:00,1000.0,1000.0,0
2025-10-18T07:00:00,1000.0,1000.0,0
2025-10-18T07:15:00,1000.0,1000.0,0
2025-10-18T07:30:00,1000.0,1000.0,0
2025-10-18T07:45:00,1000.0,1000.0,0
2025-10-18T08:00:00,1000.0,1000.0,0
2025-10-18T08:15:00,1000.0,1000.0,0
2025-10-18T08:30:00,1000.0,1000.0,0
2025-10-18T08:45:00,1000.0,1000.0,0
2025-10-18T09:00:00,1000.0,1000.0,0
2025-10-18T09:15:00,1000.0,1000.0,0
2025-10-18T09:30:00,1000.0,1000.0,0
2025-10-18T09:45:00,1000.0,1000.0,0
2025-10-18T10:00:00,1000.0,1000.0,0
2025-10-18T10:15:00,1000.0,1000.0,0
2025-10-18T10:30:00,1000.0,1000.0,0
2025-10-18T10:45:00,1000.0,1000.0,0
2025-10-18T11:00:00,1000.0,1000.0,0
2025-10-18T11:15:00,1000.0,1000.0,0
2025-10-18T11:30:00,1000.0,1000.0,0
2025-10-18T11:45:00,1000.0,1000.0,0
2025-10-18T12:00:00,1000.0,1000.0,0
2025-10-18T12:15:00,1000.0,1000.0,0
2025-10-18T12:30:00,1000.0,1000.0,0
2025-10-18T12:45:00,1000.0,1000.0,0
2025-10-18T13:00:00,1000.0,1000.0,0
2025-10-18T13:15:00,1000.0,1000.0,0
2025-10-18T13:30:00,1000.0,1000.0,0
2025-10-18T13:45:00,1000.0,1000.0,0
2025-10-18T14:00:00,1000.0,1000.0,0
2025-10-18T14:15:00,1000.0,1000.0,0
2025-10-18T14:30:00,1000.0,1000.0,0
2025-10-18T14:45:00,1000.0,1000.0,0
2025-10-18T15:00:00,1000.0,1000.0,0
2025-10-18T15:15:00,1000.0,1000.0,0
2025-10-18T15:30:00,1000.0,1000.0,0
2025-10-18T15:45:00,1000.0,1000.0,0
2025-10-18T16:00:00,1000.0,1000.0,0
2025-10-18T16:15:00,1000.0,1000.0,0
2025-10-18T16:30:00,1000.0,1000.0,0
2025-10-18T16:45:00,1000.0,1000.0,0
2025-10-18T17:00:00,1000.0,1000.0,0
2025-10-18T17:15:00,1000.0,1000.0,0
2025-10-18T17:30:00,1000.0,1000.0,0
2025-10-18T17:45:00,1000.0,1000.0,0
2025-10-18T18:00:00,1000.0,1000.0,0
2025-10-18T18:15:00,1000.0,1000.0,0
2025-10-18T18:30:00,1000.0,1000.0,0
2025-10-18T18:45:00,1000.0,1000.0,0
2025-10-18T19:00:00,1000.0,1000.0,0
2025-10-18T19:15:00,1000.0,1000.0,0
2025-10-18T19:30:00,1000.0,1000.0,0
2025-10-18T19:45:00,1000.0,1000.0,0
2025-10-18T20:00:00,1000.0,1000.0,0
2025-10-18T20:15:00,1000.0,1000.0,0
2025-10-18T20:30:00,1000.0,1000.0,0
2025-10-18T20:45:00,1000.0,1000.0,0
2025-10-18T21:00:00,1000.0,1000.0,0
2025-10-18T21:15:00,1000.0,1000.0,0
2025-10-18T21:30:00,1000.0,1000.0,0
2025-10-18T21:45:00,1000.0,1000.0,0
2025-10-18T22:00:00,1000.0,1000.0,0
2025-10-18T22:15:00,1000.0,1000.0,0
2025-10-18T22:30:00,1000.0,1000.0,0
2025-10-18T22:45:00,1000.0,1000.0,0
2025-10-18T23:00:00,1000.0,1000.0,0
2025-10-18T23:15:00,1000.0,1000.0,0
2025-10-18T23:30:00,1000.0,1000.0,0
2025-10-18T23:45:00,1000.0,1000.0,0
2025-10-19T00:00:00,1000.0,1000.0,0
2025-10-19T00:15:00,1000.0,1000.0,0
2025-10-19T00:30:00,1000.0,1000.0,0
2025-10-19T00:45:00,1000.0,1000.0,0
2025-10-19T01:00:00,1000.0,1000.0,0
2025-10-19T01:15:00,1000.0,1000.0,0
2025-10-19T01:30:00,1000.0,1000.0,0
2025-10-19T01:45:00,1000.0,1000.0,0
2025-10-19T02:00:00,1000.0,1000.0,0
2025-10-19T02:15:00,1000.0,1000.0,0
2025-10-19T02:30:00,1000.0,1000.0,0
2025-10-19T02:45:00,1000.0,1000.0,0
2025-10-19T03:00:00,1000.0,1000.0,0
2025-10-19T03:15:00,1000.0,1000.0,0
2025-10-19T03:30:00,1000.0,1000.0,0
2025-10-19T03:45:00,1000.0,1000.0,0
2025-10-19T04:00:00,1000.0,1000.0,0
2025-10-19T04:15:00,1000.0,1000.0,0
2025-10-19T04:30:00,1000.0,1000.0,0
2025-10-19T04:45:00,1000.0,1000.0,0
2025-10-19T05:00:00,1000.0,1000.0,0
2025-10-19T05:15:00,1000.0,1000.0,0
2025-10-19T05:30:00,1000.0,1000.0,0
2025-10-19T05:45:00,1000.0,1000.0,0
2025-10-19T06:00:00,1000.0,1000.0,0
2025-10-19T06:15:00,1000.0,1000.0,0
2025-10-19T06:30:00,1000.0,1000.0,0
2025-10-19T06:45:00,1000.0,1000.0,0
2025-10-19T07:00:00,1000.0,1000.0,0
2025-10-19T07:15:00,1000.0,1000.0,0
2025-10-19T07:30:00,1000.0,1000.0,0
2025-10-19T07:45:00,1000.0,1000.0,0
2025-10-19T08:00:00,1000.0,1000.0,0
2025-10-19T08:15:00,1000.0,1000.0,0
2025-10-19T08:30:00,1000.0,1000.0,0
2025-10-19T08:45:00,1000.0,1000.0,0
2025-10-19T09:00:00,1000.0,1000.0,0
2025-10-19T09:15:00,1000.0,1000.0,0
2025-10-19T09:30:00,1000.0,1000.0,0
2025-10-19T09:45:00,1000.0,1000.0,0
2025-10-19T10:00:00,1000.0,1000.0,0
2025-10-19T10:15:00,1000.0,1000.0,0
2025-10-19T10:30:00,1000.0,1000.0,0
2025-10-19T10:45:00,1000.0,1000.0,0
2025-10-19T11:00:00,998.9372581128308,859.7760000000001,1
2025-10-19T11:15:00,996.7211306796331,859.7760000000001,1
2025-10-19T11:30:00,995.7065864071462,859.7760000000001,1
2025-10-19T11:45:00,995.7660987806721,859.7760000000001,1
2025-10-19T12:00:00,994.9541799704276,859.7760000000001,1
2025-10-19T12:15:00,994.385978499384,859.7760000000001,1
2025-10-19T12:30:00,994.6268619160359,859.7760000000001,1
2025-10-19T12:45:00,995.6683284527369,859.7760000000001,1
2025-10-19T13:00:00,994.3891315612867,994.3891315612867,0
2025-10-19T13:15:00,994.3891315612867,994.3891315612867,0
2025-10-19T13:30:00,994.3891315612867,994.3891315612867,0
2025-10-19T13:45:00,994.3891315612867,994.3891315612867,0
2025-10-19T14:00:00,994.3891315612867,994.3891315612867,0
2025-10-19T14:15:00,994.3891315612867,994.3891315612867,0
2025-10-19T14:30:00,994.3891315612867,994.3891315612867,0
2025-10-19T14:45:00,994.3891315612867,994.3891315612867,0
2025-10-19T15:00:00,994.3891315612867,994.3891315612867,0
2025-10-19T15:15:00,994.3891315612867,994.3891315612867,0
2025-10-19T15:30:00,994.3891315612867,994.3891315612867,0
2025-10-19T15:45:00,994.3891315612867,994.3891315612867,0
2025-10-19T16:00:00,994.3891315612867,994.3891315612867,0
2025-10-19T16:15:00,994.3891315612867,994.3891315612867,0
2025-10-19T16:30:00,994.3891315612867,994.3891315612867,0
2025-10-19T16:45:00,994.3891315612867,994.3891315612867,0
2025-10-19T17:00:00,994.3891315612867,994.3891315612867,0
2025-10-19T17:15:00,994.3891315612867,994.3891315612867,0
2025-10-19T17:30:00,994.3891315612867,994.3891315612867,0
2025-10-19T17:45:00,994.3891315612867,994.3891315612867,0
2025-10-19T18:00:00,994.3891315612867,994.3891315612867,0
2025-10-19T18:15:00,994.3891315612867,994.3891315612867,0
2025-10-19T18:30:00,994.3891315612867,994.3891315612867,0
2025-10-19T18:45:00,994.3891315612867,994.3891315612867,0
2025-10-19T19:00:00,994.3891315612867,994.3891315612867,0
2025-10-19T19:15:00,994.3891315612867,994.3891315612867,0
2025-10-19T19:30:00,994.3891315612867,994.3891315612867,0
2025-10-19T19:45:00,994.3891315612867,994.3891315612867,0
2025-10-19T20:00:00,994.3891315612867,994.3891315612867,0
2025-10-19T20:15:00,994.3891315612867,994.3891315612867,0
2025-10-19T20:30:00,994.3891315612867,994.3891315612867,0
2025-10-19T20:45:00,994.3891315612867,994.3891315612867,0
2025-10-19T21:00:00,994.3891315612867,994.3891315612867,0
2025-10-19T21:15:00,994.3891315612867,994.3891315612867,0
2025-10-19T21:30:00,994.3891315612867,994.3891315612867,0
2025-10-19T21:45:00,994.3891315612867,994.3891315612867,0
2025-10-19T22:00:00,994.3891315612867,994.3891315612867,0
2025-10-19T22:15:00,994.3891315612867,994.3891315612867,0
2025-10-19T22:30:00,994.3891315612867,994.3891315612867,0
2025-10-19T22:45:00,994.3891315612867,994.3891315612867,0
2025-10-19T23:00:00,994.3891315612867,994.3891315612867,0
2025-10-19T23:15:00,994.3891315612867,994.3891315612867,0
2025-10-19T23:30:00,994.3891315612867,994.3891315612867,0
2025-10-19T23:45:00,994.3891315612867,994.3891315612867,0
2025-10-20T00:00:00,994.3891315612867,994.3891315612867,0
2025-10-20T00:15:00,994.3891315612867,994.3891315612867,0
2025-10-20T00:30:00,994.3891315612867,994.3891315612867,0
2025-10-20T00:45:00,994.3891315612867,994.3891315612867,0
2025-10-20T01:00:00,994.3891315612867,994.3891315612867,0
2025-10-20T01:15:00,994.3891315612867,994.3891315612867,0
2025-10-20T01:30:00,994.3891315612867,994.3891315612867,0
2025-10-20T01:45:00,994.3891315612867,994.3891315612867,0
2025-10-20T02:00:00,994.3891315612867,994.3891315612867,0
2025-10-20T02:15:00,994.3891315612867,994.3891315612867,0
2025-10-20T02:30:00,994.3891315612867,994.3891315612867,0
2025-10-20T02:45:00,994.3891315612867,994.3891315612867,0
2025-10-20T03:00:00,994.3891315612867,994.3891315612867,0
2025-10-20T03:15:00,994.3891315612867,994.3891315612867,0
2025-10-20T03:30:00,994.3891315612867,994.3891315612867,0
2025-10-20T03:45:00,994.3891315612867,994.3891315612867,0
2025-10-20T04:00:00,994.3891315612867,994.3891315612867,0
2025-10-20T04:15:00,994.3891315612867,994.3891315612867,0
2025-10-20T04:30:00,994.3891315612867,994.3891315612867,0
2025-10-20T04:45:00,994.3891315612867,994.3891315612867,0
2025-10-20T05:00:00,994.3891315612867,994.3891315612867,0
2025-10-20T05:15:00,994.3891315612867,994.3891315612867,0
2025-10-20T05:30:00,994.3891315612867,994.3891315612867,0
2025-10-20T05:45:00,994.3891315612867,994.3891315612867,0
2025-10-20T06:00:00,994.3891315612867,994.3891315612867,0
2025-10-20T06:15:00,994.3891315612867,994.3891315612867,0
2025-10-20T06:30:00,994.3891315612867,994.3891315612867,0
2025-10-20T06:45:00,994.3891315612867,994.3891315612867,0
2025-10-20T07:00:00,994.3891315612867,994.3891315612867,0
2025-10-20T07:15:00,994.3891315612867,994.3891315612867,0
2025-10-20T07:30:00,994.3891315612867,994.3891315612867,0
2025-10-20T07:45:00,994.3891315612867,994.3891315612867,0
2025-10-20T08:00:00,994.3891315612867,994.3891315612867,0
2025-10-20T08:15:00,994.3891315612867,994.3891315612867,0
2025-10-20T08:30:00,994.3891315612867,994.3891315612867,0
2025-10-20T08:45:00,994.3891315612867,994.3891315612867,0
2025-10-20T09:00:00,994.3891315612867,994.3891315612867,0
2025-10-20T09:15:00,994.3891315612867,994.3891315612867,0
2025-10-20T09:30:00,994.3891315612867,994.3891315612867,0
2025-10-20T09:45:00,994.3891315612867,994.3891315612867,0
2025-10-20T10:00:00,994.3891315612867,994.3891315612867,0
2025-10-20T10:15:00,994.3891315612867,994.3891315612867,0
2025-10-20T10:30:00,994.3891315612867,994.3891315612867,0
2025-10-20T10:45:00,994.3891315612867,994.3891315612867,0
2025-10-20T11:00:00,994.3891315612867,994.3891315612867,0
2025-10-20T11:15:00,994.3891315612867,994.3891315612867,0
2025-10-20T11:30:00,994.3891315612867,994.3891315612867,0
2025-10-20T11:45:00,994.3891315612867,994.3891315612867,0
2025-10-20T12:00:00,994.3891315612867,994.3891315612867,0
2025-10-20T12:15:00,994.3891315612867,994.3891315612867,0
2025-10-20T12:30:00,994.3891315612867,994.3891315612867,0
2025-10-20T12:45:00,994.3891315612867,994.3891315612867,0
2025-10-20T13:00:00,994.3891315612867,994.3891315612867,0
2025-10-20T13:15:00,994.3891315612867,994.3891315612867,0
2025-10-20T13:30:00,994.3891315612867,994.3891315612867,0
2025-10-20T13:45:00,994.3891315612867,994.3891315612867,0
2025-10-20T14:00:00,994.3891315612867,994.3891315612867,0
2025-10-20T14:15:00,994.3891315612867,994.3891315612867,0
2025-10-20T14:30:00,994.3891315612867,994.3891315612867,0
2025-10-20T14:45:00,994.3891315612867,994.3891315612867,0
2025-10-20T15:00:00,994.3891315612867,994.3891315612867,0
2025-10-20T15:15:00,994.3891315612867,994.3891315612867,0
2025-10-20T15:30:00,994.3891315612867,994.3891315612867,0
2025-10-20T15:45:00,994.3891315612867,994.3891315612867,0
2025-10-20T16:00:00,994.3891315612867,994.3891315612867,0
2025-10-20T16:15:00,994.3891315612867,994.3891315612867,0
2025-10-20T16:30:00,994.3891315612867,994.3891315612867,0
2025-10-20T16:45:00,994.3891315612867,994.3891315612867,0
2025-10-20T17:00:00,994.3891315612867,994.3891315612867,0
2025-10-20T17:15:00,994.3891315612867,994.3891315612867,0
2025-10-20T17:30:00,994.3891315612867,994.3891315612867,0
2025-10-20T17:45:00,994.3891315612867,994.3891315612867,0
2025-10-20T18:00:00,994.3891315612867,994.3891315612867,0
2025-10-20T18:15:00,994.3891315612867,994.3891315612867,0
2025-10-20T18:30:00,994.3891315612867,994.3891315612867,0
2025-10-20T18:45:00,994.3891315612867,994.3891315612867,0
2025-10-20T19:00:00,994.3891315612867,994.3891315612867,0
2025-10-20T19:15:00,994.3891315612867,994.3891315612867,0
2025-10-20T19:30:00,994.3891315612867,994.3891315612867,0
2025-10-20T19:45:00,994.3891315612867,994.3891315612867,0
2025-10-20T20:00:00,994.3891315612867,994.3891315612867,0
2025-10-20T20:15:00,994.3891315612867,994.3891315612867,0
2025-10-20T20:30:00,994.3891315612867,994.3891315612867,0
2025-10-20T20:45:00,994.3891315612867,994.3891315612867,0
2025-10-20T21:00:00,994.3891315612867,994.3891315612867,0
2025-10-20T21:15:00,994.3891315612867,994.3891315612867,0
2025-10-20T21:30:00,994.3891315612867,994.3891315612867,0
2025-10-20T21:45:00,994.3891315612867,994.3891315612867,0
2025-10-20T22:00:00,994.3891315612867,994.3891315612867,0
2025-10-20T22:15:00,994.3891315612867,994.3891315612867,0
2025-10-20T22:30:00,994.3891315612867,994.3891315612867,0
2025-10-20T22:45:00,994.3891315612867,994.3891315612867,0
2025-10-20T23:00:00,994.3891315612867,994.3891315612867,0
2025-10-20T23:15:00,994.3891315612867,994.3891315612867,0
2025-10-20T23:30:00,994.3891315612867,994.3891315612867,0
2025-10-20T23:45:00,994.3891315612867,994.3891315612867,0
2025-10-21T00:00:00,994.3891315612867,994.3891315612867,0
2025-10-21T00:15:00,994.3891315612867,994.3891315612867,0
2025-10-21T00:30:00,994.3891315612867,994.3891315612867,0
2025-10-21T00:45:00,994.3891315612867,994.3891315612867,0
2025-10-21T01:00:00,994.3891315612867,994.3891315612867,0
2025-10-21T01:15:00,994.3891315612867,994.3891315612867,0
2025-10-21T01:30:00,994.3891315612867,994.3891315612867,0
2025-10-21T01:45:00,994.3891315612867,994.3891315612867,0
2025-10-21T02:00:00,994.3891315612867,994.3891315612867,0
2025-10-21T02:15:00,994.3891315612867,994.3891315612867,0
2025-10-21T02:30:00,994.3891315612867,994.3891315612867,0
2025-10-21T02:45:00,994.3891315612867,994.3891315612867,0
2025-10-21T03:00:00,994.3891315612867,994.3891315612867,0
2025-10-21T03:15:00,994.3891315612867,994.3891315612867,0
2025-10-21T03:30:00,994.3891315612867,994.3891315612867,0
2025-10-21T03:45:00,994.3891315612867,994.3891315612867,0
2025-10-21T04:00:00,994.3891315612867,994.3891315612867,0
2025-10-21T04:15:00,994.3891315612867,994.3891315612867,0
2025-10-21T04:30:00,994.3891315612867,994.3891315612867,0
2025-10-21T04:45:00,994.3891315612867,994.3891315612867,0
2025-10-21T05:00:00,994.3891315612867,994.3891315612867,0
2025-10-21T05:15:00,994.3891315612867,994.3891315612867,0
2025-10-21T05:30:00,994.3891315612867,994.3891315612867,0
2025-10-21T05:45:00,994.3891315612867,994.3891315612867,0
2025-10-21T06:00:00,994.3891315612867,994.3891315612867,0
2025-10-21T06:15:00,994.3891315612867,994.3891315612867,0
2025-10-21T06:30:00,994.3891315612867,994.3891315612867,0
2025-10-21T06:45:00,994.3891315612867,994.3891315612867,0
2025-10-21T07:00:00,994.3891315612867,994.3891315612867,0
2025-10-21T07:15:00,994.3891315612867,994.3891315612867,0
2025-10-21T07:30:00,994.3891315612867,994.3891315612867,0
2025-10-21T07:45:00,994.3891315612867,994.3891315612867,0
2025-10-21T08:00:00,994.3891315612867,994.3891315612867,0
2025-10-21T08:15:00,994.3891315612867,994.3891315612867,0
2025-10-21T08:30:00,994.3891315612867,994.3891315612867,0
2025-10-21T08:45:00,994.3891315612867,994.3891315612867,0
2025-10-21T09:00:00,994.3891315612867,994.3891315612867,0
2025-10-21T09:15:00,994.3891315612867,994.3891315612867,0
2025-10-21T09:30:00,994.3891315612867,994.3891315612867,0
2025-10-21T09:45:00,994.3891315612867,994.3891315612867,0
2025-10-21T10:00:00,994.3891315612867,994.3891315612867,0
2025-10-21T10:15:00,994.3891315612867,994.3891315612867,0
2025-10-21T10:30:00,994.3891315612867,994.3891315612867,0
2025-10-21T10:45:00,994.3891315612867,994.3891315612867,0
2025-10-21T11:00:00,994.3891315612867,994.3891315612867,0
2025-10-21T11:15:00,994.3891315612867,994.3891315612867,0
2025-10-21T11:30:00,994.3891315612867,994.3891315612867,0
2025-10-21T11:45:00,994.3891315612867,994.3891315612867,0
2025-10-21T12:00:00,994.3891315612867,994.3891315612867,0
2025-10-21T12:15:00,994.3891315612867,994.3891315612867,0
2025-10-21T12:30:00,994.3891315612867,994.3891315612867,0
2025-10-21T12:45:00,994.3891315612867,994.3891315612867,0
2025-10-21T13:00:00,994.3891315612867,994.3891315612867,0
2025-10-21T13:15:00,994.3891315612867,994.3891315612867,0
2025-10-21T13:30:00,994.3891315612867,994.3891315612867,0
2025-10-21T13:45:00,994.3891315612867,994.3891315612867,0
2025-10-21T14:00:00,994.3891315612867,994.3891315612867,0
2025-10-21T14:15:00,994.3891315612867,994.3891315612867,0
2025-10-21T14:30:00,994.3891315612867,994.3891315612867,0
2025-10-21T14:45:00,994.3891315612867,994.3891315612867,0
2025-10-21T15:00:00,994.3891315612867,994.3891315612867,0
2025-10-21T15:15:00,994.3891315612867,994.3891315612867,0
2025-10-21T15:30:00,994.3891315612867,994.3891315612867,0
2025-10-21T15:45:00,994.3891315612867,994.3891315612867,0
2025-10-21T16:00:00,994.3891315612867,994.3891315612867,0
2025-10-21T16:15:00,994.3891315612867,994.3891315612867,0
2025-10-21T16:30:00,994.3891315612867,994.3891315612867,0
2025-10-21T16:45:00,994.3891315612867,994.3891315612867,0
2025-10-21T17:00:00,994.3891315612867,994.3891315612867,0
2025-10-21T17:15:00,994.3891315612867,994.3891315612867,0
2025-10-21T17:30:00,994.3891315612867,994.3891315612867,0
2025-10-21T17:45:00,994.3891315612867,994.3891315612867,0
2025-10-21T18:00:00,994.3891315612867,994.3891315612867,0
2025-10-21T18:15:00,994.3891315612867,994.3891315612867,0
2025-10-21T18:30:00,994.3891315612867,994.3891315612867,0
2025-10-21T18:45:00,994.3891315612867,994.3891315612867,0
2025-10-21T19:00:00,994.3891315612867,994.3891315612867,0
2025-10-21T19:15:00,994.3891315612867,994.3891315612867,0
2025-10-21T19:30:00,994.3891315612867,994.3891315612867,0
2025-10-21T19:45:00,994.3891315612867,994.3891315612867,0
2025-10-21T20:00:00,994.3891315612867,994.3891315612867,0
2025-10-21T20:15:00,994.3891315612867,994.3891315612867,0
2025-10-21T20:30:00,994.3891315612867,994.3891315612867,0
2025-10-21T20:45:00,994.3891315612867,994.3891315612867,0
2025-10-21T21:00:00,994.3891315612867,994.3891315612867,0
2025-10-21T21:15:00,994.3891315612867,994.3891315612867,0
2025-10-21T21:30:00,994.3891315612867,994.3891315612867,0
2025-10-21T21:45:00,994.3891315612867,994.3891315612867,0
2025-10-21T22:00:00,994.3891315612867,994.3891315612867,0
2025-10-21T22:15:00,994.3891315612867,994.3891315612867,0
2025-10-21T22:30:00,994.3891315612867,994.3891315612867,0
2025-10-21T22:45:00,994.3891315612867,994.3891315612867,0
2025-10-21T23:00:00,994.3891315612867,994.3891315612867,0
2025-10-21T23:15:00,994.3891315612867,994.3891315612867,0
2025-10-21T23:30:00,994.3891315612867,994.3891315612867,0
2025-10-21T23:45:00,994.3891315612867,994.3891315612867,0
2025-10-22T00:00:00,994.3891315612867,994.3891315612867,0
2025-10-22T00:15:00,994.3891315612867,994.3891315612867,0
2025-10-22T00:30:00,994.3891315612867,994.3891315612867,0
2025-10-22T00:45:00,994.3891315612867,994.3891315612867,0
2025-10-22T01:00:00,994.3891315612867,994.3891315612867,0
2025-10-22T01:15:00,994.3891315612867,994.3891315612867,0
2025-10-22T01:30:00,994.3891315612867,994.3891315612867,0
2025-10-22T01:45:00,994.3891315612867,994.3891315612867,0
2025-10-22T02:00:00,994.3891315612867,994.3891315612867,0
2025-10-22T02:15:00,994.3891315612867,994.3891315612867,0
2025-10-22T02:30:00,994.3891315612867,994.3891315612867,0
2025-10-22T02:45:00,994.3891315612867,994.3891315612867,0
2025-10-22T03:00:00,994.3891315612867,994.3891315612867,0
2025-10-22T03:15:00,994.3891315612867,994.3891315612867,0
2025-10-22T03:30:00,994.3891315612867,994.3891315612867,0
2025-10-22T03:45:00,994.3891315612867,994.3891315612867,0
2025-10-22T04:00:00,994.3891315612867,994.3891315612867,0
2025-10-22T04:15:00,994.3891315612867,994.3891315612867,0
2025-10-22T04:30:00,994.3891315612867,994.3891315612867,0
2025-10-22T04:45:00,994.3891315612867,994.3891315612867,0
2025-10-22T05:00:00,994.3891315612867,994.3891315612867,0
2025-10-22T05:15:00,994.3891315612867,994.3891315612867,0
2025-10-22T05:30:00,994.3891315612867,994.3891315612867,0
2025-10-22T05:45:00,994.3891315612867,994.3891315612867,0
2025-10-22T06:00:00,994.3891315612867,994.3891315612867,0
2025-10-22T06:15:00,994.3891315612867,994.3891315612867,0
2025-10-22T06:30:00,994.3891315612867,994.3891315612867,0
2025-10-22T06:45:00,994.3891315612867,994.3891315612867,0
2025-10-22T07:00:00,994.3891315612867,994.3891315612867,0
2025-10-22T07:15:00,994.3891315612867,994.3891315612867,0
2025-10-22T07:30:00,994.3891315612867,994.3891315612867,0
2025-10-22T07:45:00,994.3891315612867,994.3891315612867,0
2025-10-22T08:00:00,994.3891315612867,994.3891315612867,0
2025-10-22T08:15:00,994.3891315612867,994.3891315612867,0
2025-10-22T08:30:00,994.3891315612867,994.3891315612867,0
2025-10-22T08:45:00,994.3891315612867,994.3891315612867,0
2025-10-22T09:00:00,994.3891315612867,994.3891315612867,0
2025-10-22T09:15:00,994.3891315612867,994.3891315612867,0
2025-10-22T09:30:00,994.3891315612867,994.3891315612867,0
2025-10-22T09:45:00,994.3891315612867,994.3891315612867,0
2025-10-22T10:00:00,994.3891315612867,994.3891315612867,0
2025-10-22T10:15:00,994.3891315612867,994.3891315612867,0
2025-10-22T10:30:00,994.3891315612867,994.3891315612867,0
2025-10-22T10:45:00,994.3891315612867,994.3891315612867,0
2025-10-22T11:00:00,993.329846712781,854.9519099772368,1
2025-10-22T11:15:00,993.564562919923,854.9519099772368,1
2025-10-22T11:30:00,993.0922147763577,854.9519099772368,1
2025-10-22T11:45:00,992.8079311714341,854.9519099772368,1
2025-10-22T12:00:00,992.1970858870085,854.9519099772368,1
2025-10-22T12:15:00,990.0108836257828,990.0108836257828,0
2025-10-22T12:30:00,990.0108836257828,990.0108836257828,0
2025-10-22T12:45:00,990.0108836257828,990.0108836257828,0
2025-10-22T13:00:00,990.0108836257828,990.0108836257828,0
2025-10-22T13:15:00,990.0108836257828,990.0108836257828,0
2025-10-22T13:30:00,990.0108836257828,990.0108836257828,0
2025-10-22T13:45:00,990.0108836257828,990.0108836257828,0
2025-10-22T14:00:00,990.0108836257828,990.0108836257828,0
2025-10-22T14:15:00,990.0108836257828,990.0108836257828,0
2025-10-22T14:30:00,990.0108836257828,990.0108836257828,0
2025-10-22T14:45:00,990.0108836257828,990.0108836257828,0
2025-10-22T15:00:00,990.0108836257828,990.0108836257828,0
2025-10-22T15:15:00,990.0108836257828,990.0108836257828,0
2025-10-22T15:30:00,990.0108836257828,990.0108836257828,0
2025-10-22T15:45:00,990.0108836257828,990.0108836257828,0
2025-10-22T16:00:00,990.0108836257828,990.0108836257828,0
2025-10-22T16:15:00,990.0108836257828,990.0108836257828,0
2025-10-22T16:30:00,990.0108836257828,990.0108836257828,0
2025-10-22T16:45:00,990.0108836257828,990.0108836257828,0
2025-10-22T17:00:00,990.0108836257828,990.0108836257828,0
2025-10-22T17:15:00,990.0108836257828,990.0108836257828,0
2025-10-22T17:30:00,990.0108836257828,990.0108836257828,0
2025-10-22T17:45:00,990.0108836257828,990.0108836257828,0
2025-10-22T18:00:00,990.0108836257828,990.0108836257828,0
2025-10-22T18:15:00,990.0108836257828,990.0108836257828,0
2025-10-22T18:30:00,990.0108836257828,990.0108836257828,0
2025-10-22T18:45:00,990.0108836257828,990.0108836257828,0
2025-10-22T19:00:00,990.0108836257828,990.0108836257828,0
2025-10-22T19:15:00,990.0108836257828,990.0108836257828,0
2025-10-22T19:30:00,990.0108836257828,990.0108836257828,0
2025-10-22T19:45:00,990.0108836257828,990.0108836257828,0
2025-10-22T20:00:00,990.0108836257828,990.0108836257828,0
2025-10-22T20:15:00,990.0108836257828,990.0108836257828,0
2025-10-22T20:30:00,990.0108836257828,990.0108836257828,0
2025-10-22T20:45:00,990.0108836257828,990.0108836257828,0
2025-10-22T21:00:00,990.0108836257828,990.0108836257828,0
2025-10-22T21:15:00,990.0108836257828,990.0108836257828,0
2025-10-22T21:30:00,990.0108836257828,990.0108836257828,0
2025-10-22T21:45:00,990.0108836257828,990.0108836257828,0
2025-10-22T22:00:00,990.0108836257828,990.0108836257828,0
2025-10-22T22:15:00,990.0108836257828,990.0108836257828,0
2025-10-22T22:30:00,990.0108836257828,990.0108836257828,0
2025-10-22T22:45:00,990.0108836257828,990.0108836257828,0
2025-10-22T23:00:00,990.0108836257828,990.0108836257828,0
2025-10-22T23:15:00,990.0108836257828,990.0108836257828,0
2025-10-22T23:30:00,990.0108836257828,990.0108836257828,0
2025-10-22T23:45:00,990.0108836257828,990.0108836257828,0
2025-10-23T00:00:00,990.0108836257828,990.0108836257828,0
2025-10-23T00:15:00,990.0108836257828,990.0108836257828,0
2025-10-23T00:30:00,990.0108836257828,990.0108836257828,0
2025-10-23T00:45:00,990.0108836257828,990.0108836257828,0
2025-10-23T01:00:00,990.0108836257828,990.0108836257828,0
2025-10-23T01:15:00,990.0108836257828,990.0108836257828,0
2025-10-23T01:30:00,990.0108836257828,990.0108836257828,0
2025-10-23T01:45:00,990.0108836257828,990.0108836257828,0
2025-10-23T02:00:00,990.0108836257828,990.0108836257828,0
2025-10-23T02:15:00,990.0108836257828,990.0108836257828,0
2025-10-23T02:30:00,990.0108836257828,990.0108836257828,0
2025-10-23T02:45:00,990.0108836257828,990.0108836257828,0
2025-10-23T03:00:00,990.0108836257828,990.0108836257828,0
2025-10-23T03:15:00,990.0108836257828,990.0108836257828,0
2025-10-23T03:30:00,990.0108836257828,990.0108836257828,0
2025-10-23T03:45:00,990.0108836257828,990.0108836257828,0
2025-10-23T04:00:00,990.0108836257828,990.0108836257828,0
2025-10-23T04:15:00,990.0108836257828,990.0108836257828,0
2025-10-23T04:30:00,990.0108836257828,990.0108836257828,0
2025-10-23T04:45:00,990.0108836257828,990.0108836257828,0
2025-10-23T05:00:00,990.0108836257828,990.0108836257828,0
2025-10-23T05:15:00,990.0108836257828,990.0108836257828,0
2025-10-23T05:30:00,990.0108836257828,990.0108836257828,0
2025-10-23T05:45:00,990.0108836257828,990.0108836257828,0
2025-10-23T06:00:00,990.0108836257828,990.0108836257828,0
2025-10-23T06:15:00,990.0108836257828,990.0108836257828,0
2025-10-23T06:30:00,990.0108836257828,990.0108836257828,0
2025-10-23T06:45:00,990.0108836257828,990.0108836257828,0
2025-10-23T07:00:00,990.0108836257828,990.0108836257828,0
2025-10-23T07:15:00,990.0108836257828,990.0108836257828,0
2025-10-23T07:30:00,990.0108836257828,990.0108836257828,0
2025-10-23T07:45:00,990.0108836257828,990.0108836257828,0
2025-10-23T08:00:00,990.0108836257828,990.0108836257828,0
2025-10-23T08:15:00,990.0108836257828,990.0108836257828,0
2025-10-23T08:30:00,990.0108836257828,990.0108836257828,0
2025-10-23T08:45:00,990.0108836257828,990.0108836257828,0
2025-10-23T09:00:00,990.0108836257828,990.0108836257828,0
2025-10-23T09:15:00,990.0108836257828,990.0108836257828,0
2025-10-23T09:30:00,990.0108836257828,990.0108836257828,0
2025-10-23T09:45:00,990.0108836257828,990.0108836257828,0
2025-10-23T10:00:00,990.0108836257828,990.0108836257828,0
2025-10-23T10:15:00,990.0108836257828,990.0108836257828,0
2025-10-23T10:30:00,990.0108836257828,990.0108836257828,0
2025-10-23T10:45:00,990.0108836257828,990.0108836257828,0
2025-10-23T11:00:00,990.0108836257828,990.0108836257828,0
2025-10-23T11:15:00,990.0108836257828,990.0108836257828,0
2025-10-23T11:30:00,990.0108836257828,990.0108836257828,0
2025-10-23T11:45:00,990.0108836257828,990.0108836257828,0
2025-10-23T12:00:00,990.0108836257828,990.0108836257828,0
2025-10-23T12:15:00,990.0108836257828,990.0108836257828,0
2025-10-23T12:30:00,990.0108836257828,990.0108836257828,0
2025-10-23T12:45:00,990.0108836257828,990.0108836257828,0
2025-10-23T13:00:00,990.0108836257828,990.0108836257828,0
2025-10-23T13:15:00,990.0108836257828,990.0108836257828,0
2025-10-23T13:30:00,990.0108836257828,990.0108836257828,0
2025-10-23T13:45:00,990.0108836257828,990.0108836257828,0
2025-10-23T14:00:00,990.0108836257828,990.0108836257828,0
2025-10-23T14:15:00,990.0108836257828,990.0108836257828,0
2025-10-23T14:30:00,990.0108836257828,990.0108836257828,0
2025-10-23T14:45:00,990.0108836257828,990.0108836257828,0
2025-10-23T15:00:00,990.0108836257828,990.0108836257828,0
2025-10-23T15:15:00,990.0108836257828,990.0108836257828,0
2025-10-23T15:30:00,990.0108836257828,990.0108836257828,0
2025-10-23T15:45:00,990.0108836257828,990.0108836257828,0
2025-10-23T16:00:00,990.0108836257828,990.0108836257828,0
2025-10-23T16:15:00,990.0108836257828,990.0108836257828,0
2025-10-23T16:30:00,990.0108836257828,990.0108836257828,0
2025-10-23T16:45:00,990.0108836257828,990.0108836257828,0
2025-10-23T17:00:00,988.9587575910002,851.187597480241,1
2025-10-23T17:15:00,988.9530619132972,851.187597480241,1
2025-10-23T17:30:00,992.3548054214397,851.187597480241,1
2025-10-23T17:45:00,993.8271381076763,851.187597480241,1
2025-10-23T18:00:00,989.924174961666,851.187597480241,1
2025-10-23T18:15:00,988.8975290556925,851.187597480241,1
2025-10-23T18:30:00,986.7861947831161,986.7861947831161,0
2025-10-23T18:45:00,986.7861947831161,986.7861947831161,0
2025-10-23T19:00:00,986.7861947831161,986.7861947831161,0
2025-10-23T19:15:00,986.7861947831161,986.7861947831161,0
2025-10-23T19:30:00,986.7861947831161,986.7861947831161,0
2025-10-23T19:45:00,986.7861947831161,986.7861947831161,0
2025-10-23T20:00:00,986.7861947831161,986.7861947831161,0
2025-10-23T20:15:00,986.7861947831161,986.7861947831161,0
2025-10-23T20:30:00,986.7861947831161,986.7861947831161,0
2025-10-23T20:45:00,986.7861947831161,986.7861947831161,0
2025-10-23T21:00:00,986.7861947831161,986.7861947831161,0
2025-10-23T21:15:00,986.7861947831161,986.7861947831161,0
2025-10-23T21:30:00,986.7861947831161,986.7861947831161,0
2025-10-23T21:45:00,986.7861947831161,986.7861947831161,0
2025-10-23T22:00:00,986.7861947831161,986.7861947831161,0
2025-10-23T22:15:00,986.7861947831161,986.7861947831161,0
2025-10-23T22:30:00,986.7861947831161,986.7861947831161,0
2025-10-23T22:45:00,986.7861947831161,986.7861947831161,0
2025-10-23T23:00:00,986.7861947831161,986.7861947831161,0
2025-10-23T23:15:00,986.7861947831161,986.7861947831161,0
2025-10-23T23:30:00,986.7861947831161,986.7861947831161,0
2025-10-23T23:45:00,986.7861947831161,986.7861947831161,0
2025-10-24T00:00:00,986.7861947831161,986.7861947831161,0
2025-10-24T00:15:00,986.7861947831161,986.7861947831161,0
2025-10-24T00:30:00,986.7861947831161,986.7861947831161,0
2025-10-24T00:45:00,986.7861947831161,986.7861947831161,0
2025-10-24T01:00:00,986.7861947831161,986.7861947831161,0
2025-10-24T01:15:00,986.7861947831161,986.7861947831161,0
2025-10-24T01:30:00,986.7861947831161,986.7861947831161,0
2025-10-24T01:45:00,986.7861947831161,986.7861947831161,0
2025-10-24T02:00:00,986.7861947831161,986.7861947831161,0
2025-10-24T02:15:00,986.7861947831161,986.7861947831161,0
2025-10-24T02:30:00,986.7861947831161,986.7861947831161,0
2025-10-24T02:45:00,986.7861947831161,986.7861947831161,0
2025-10-24T03:00:00,986.7861947831161,986.7861947831161,0
2025-10-24T03:15:00,986.7861947831161,986.7861947831161,0
2025-10-24T03:30:00,986.7861947831161,986.7861947831161,0
2025-10-24T03:45:00,986.7861947831161,986.7861947831161,0
2025-10-24T04:00:00,986.7861947831161,986.7861947831161,0
2025-10-24T04:15:00,986.7861947831161,986.7861947831161,0
2025-10-24T04:30:00,986.7861947831161,986.7861947831161,0
2025-10-24T04:45:00,986.7861947831161,986.7861947831161,0
2025-10-24T05:00:00,986.7861947831161,986.7861947831161,0
2025-10-24T05:15:00,986.7861947831161,986.7861947831161,0
2025-10-24T05:30:00,986.7861947831161,986.7861947831161,0
2025-10-24T05:45:00,986.7861947831161,986.7861947831161,0
2025-10-24T06:00:00,986.7861947831161,986.7861947831161,0
2025-10-24T06:15:00,986.7861947831161,986.7861947831161,0
2025-10-24T06:30:00,986.7861947831161,986.7861947831161,0
2025-10-24T06:45:00,986.7861947831161,986.7861947831161,0
2025-10-24T07:00:00,986.7861947831161,986.7861947831161,0
2025-10-24T07:15:00,986.7861947831161,986.7861947831161,0
2025-10-24T07:30:00,986.7861947831161,986.7861947831161,0
2025-10-24T07:45:00,986.7861947831161,986.7861947831161,0
2025-10-24T08:00:00,986.7861947831161,986.7861947831161,0
2025-10-24T08:15:00,986.7861947831161,986.7861947831161,0
2025-10-24T08:30:00,986.7861947831161,986.7861947831161,0
2025-10-24T08:45:00,986.7861947831161,986.7861947831161,0
2025-10-24T09:00:00,986.7861947831161,986.7861947831161,0
2025-10-24T09:15:00,986.7861947831161,986.7861947831161,0
2025-10-24T09:30:00,986.7861947831161,986.7861947831161,0
2025-10-24T09:45:00,986.7861947831161,986.7861947831161,0
2025-10-24T10:00:00,986.7861947831161,986.7861947831161,0
2025-10-24T10:15:00,986.7861947831161,986.7861947831161,0
2025-10-24T10:30:00,986.7861947831161,986.7861947831161,0
2025-10-24T10:45:00,986.7861947831161,986.7861947831161,0
2025-10-24T11:00:00,986.7861947831161,986.7861947831161,0
2025-10-24T11:15:00,986.7861947831161,986.7861947831161,0
2025-10-24T11:30:00,986.7861947831161,986.7861947831161,0
2025-10-24T11:45:00,986.7861947831161,986.7861947831161,0
2025-10-24T12:00:00,986.7861947831161,986.7861947831161,0
2025-10-24T12:15:00,986.7861947831161,986.7861947831161,0
2025-10-24T12:30:00,985.7374957602398,848.4150874058485,1
2025-10-24T12:45:00,983.893749565857,848.4150874058485,1
2025-10-24T13:00:00,983.8535173313671,848.4150874058485,1
2025-10-24T13:15:00,984.261388949989,848.4150874058485,1
2025-10-24T13:30:00,979.5781206843776,979.5781206843776,0
2025-10-24T13:45:00,979.5781206843776,979.5781206843776,0
2025-10-24T14:00:00,979.5781206843776,979.5781206843776,0
2025-10-24T14:15:00,979.5781206843776,979.5781206843776,0
2025-10-24T14:30:00,979.5781206843776,979.5781206843776,0
2025-10-24T14:45:00,979.5781206843776,979.5781206843776,0
2025-10-24T15:00:00,979.5781206843776,979.5781206843776,0
2025-10-24T15:15:00,979.5781206843776,979.5781206843776,0
2025-10-24T15:30:00,979.5781206843776,979.5781206843776,0
2025-10-24T15:45:00,979.5781206843776,979.5781206843776,0
2025-10-24T16:00:00,979.5781206843776,979.5781206843776,0
2025-10-24T16:15:00,979.5781206843776,979.5781206843776,0
2025-10-24T16:30:00,979.5781206843776,979.5781206843776,0
2025-10-24T16:45:00,979.5781206843776,979.5781206843776,0
2025-10-24T17:00:00,979.5781206843776,979.5781206843776,0
2025-10-24T17:15:00,979.5781206843776,979.5781206843776,0
2025-10-24T17:30:00,979.5781206843776,979.5781206843776,0
2025-10-24T17:45:00,979.5781206843776,979.5781206843776,0
2025-10-24T18:00:00,979.5781206843776,979.5781206843776,0
2025-10-24T18:15:00,979.5781206843776,979.5781206843776,0
2025-10-24T18:30:00,979.5781206843776,979.5781206843776,0
2025-10-24T18:45:00,979.5781206843776,979.5781206843776,0
2025-10-24T19:00:00,979.5781206843776,979.5781206843776,0
2025-10-24T19:15:00,979.5781206843776,979.5781206843776,0
2025-10-24T19:30:00,979.5781206843776,979.5781206843776,0
2025-10-24T19:45:00,979.5781206843776,979.5781206843776,0
2025-10-24T20:00:00,979.5781206843776,979.5781206843776,0
2025-10-24T20:15:00,979.5781206843776,979.5781206843776,0
2025-10-24T20:30:00,979.5781206843776,979.5781206843776,0
2025-10-24T20:45:00,979.5781206843776,979.5781206843776,0
2025-10-24T21:00:00,979.5781206843776,979.5781206843776,0
2025-10-24T21:15:00,979.5781206843776,979.5781206843776,0
2025-10-24T21:30:00,979.5781206843776,979.5781206843776,0
2025-10-24T21:45:00,979.5781206843776,979.5781206843776,0
2025-10-24T22:00:00,979.5781206843776,979.5781206843776,0
2025-10-24T22:15:00,979.5781206843776,979.5781206843776,0
2025-10-24T22:30:00,979.5781206843776,979.5781206843776,0
2025-10-24T22:45:00,979.5781206843776,979.5781206843776,0
2025-10-24T23:00:00,979.5781206843776,979.5781206843776,0
2025-10-24T23:15:00,979.5781206843776,979.5781206843776,0
2025-10-24T23:30:00,979.5781206843776,979.5781206843776,0
2025-10-24T23:45:00,979.5781206843776,979.5781206843776,0
2025-10-25T00:00:00,979.5781206843776,979.5781206843776,0
2025-10-25T00:15:00,979.5781206843776,979.5781206843776,0
2025-10-25T00:30:00,979.5781206843776,979.5781206843776,0
2025-10-25T00:45:00,979.5781206843776,979.5781206843776,0
2025-10-25T01:00:00,979.5781206843776,979.5781206843776,0
2025-10-25T01:15:00,979.5781206843776,979.5781206843776,0
2025-10-25T01:30:00,979.5781206843776,979.5781206843776,0
2025-10-25T01:45:00,979.5781206843776,979.5781206843776,0
2025-10-25T02:00:00,979.5781206843776,979.5781206843776,0
2025-10-25T02:15:00,979.5781206843776,979.5781206843776,0
2025-10-25T02:30:00,979.5781206843776,979.5781206843776,0
2025-10-25T02:45:00,979.5781206843776,979.5781206843776,0
2025-10-25T03:00:00,979.5781206843776,979.5781206843776,0
2025-10-25T03:15:00,979.5781206843776,979.5781206843776,0
2025-10-25T03:30:00,979.5781206843776,979.5781206843776,0
2025-10-25T03:45:00,979.5781206843776,979.5781206843776,0
2025-10-25T04:00:00,979.5781206843776,979.5781206843776,0
2025-10-25T04:15:00,979.5781206843776,979.5781206843776,0
2025-10-25T04:30:00,979.5781206843776,979.5781206843776,0
2025-10-25T04:45:00,979.5781206843776,979.5781206843776,0
2025-10-25T05:00:00,979.5781206843776,979.5781206843776,0
2025-10-25T05:15:00,979.5781206843776,979.5781206843776,0
2025-10-25T05:30:00,979.5781206843776,979.5781206843776,0
2025-10-25T05:45:00,979.5781206843776,979.5781206843776,0
2025-10-25T06:00:00,979.5781206843776,979.5781206843776,0
2025-10-25T06:15:00,979.5781206843776,979.5781206843776,0
2025-10-25T06:30:00,979.5781206843776,979.5781206843776,0
2025-10-25T06:45:00,979.5781206843776,979.5781206843776,0
2025-10-25T07:00:00,979.5781206843776,979.5781206843776,0
2025-10-25T07:15:00,979.5781206843776,979.5781206843776,0
2025-10-25T07:30:00,979.5781206843776,979.5781206843776,0
2025-10-25T07:45:00,979.5781206843776,979.5781206843776,0
2025-10-25T08:00:00,979.5781206843776,979.5781206843776,0
2025-10-25T08:15:00,979.5781206843776,979.5781206843776,0
2025-10-25T08:30:00,979.5781206843776,979.5781206843776,0
2025-10-25T08:45:00,979.5781206843776,979.5781206843776,0
2025-10-25T09:00:00,979.5781206843776,979.5781206843776,0
2025-10-25T09:15:00,979.5781206843776,979.5781206843776,0
2025-10-25T09:30:00,979.5781206843776,979.5781206843776,0
2025-10-25T09:45:00,979.5781206843776,979.5781206843776,0
2025-10-25T10:00:00,979.5781206843776,979.5781206843776,0
2025-10-25T10:15:00,979.5781206843776,979.5781206843776,0
2025-10-25T10:30:00,979.5781206843776,979.5781206843776,0
2025-10-25T10:45:00,979.5781206843776,979.5781206843776,0
2025-10-25T11:00:00,979.5781206843776,979.5781206843776,0
2025-10-25T11:15:00,979.5781206843776,979.5781206843776,0
2025-10-25T11:30:00,979.5781206843776,979.5781206843776,0
2025-10-25T11:45:00,979.5781206843776,979.5781206843776,0
2025-10-25T12:00:00,979.5781206843776,979.5781206843776,0
2025-10-25T12:15:00,979.5781206843776,979.5781206843776,0
2025-10-25T12:30:00,979.5781206843776,979.5781206843776,0
2025-10-25T12:45:00,979.5781206843776,979.5781206843776,0
2025-10-25T13:00:00,979.5781206843776,979.5781206843776,0
2025-10-25T13:15:00,979.5781206843776,979.5781206843776,0
2025-10-25T13:30:00,979.5781206843776,979.5781206843776,0
2025-10-25T13:45:00,979.5781206843776,979.5781206843776,0
2025-10-25T14:00:00,979.5781206843776,979.5781206843776,0
2025-10-25T14:15:00,979.5781206843776,979.5781206843776,0
2025-10-25T14:30:00,979.5781206843776,979.5781206843776,0
2025-10-25T14:45:00,979.5781206843776,979.5781206843776,0
2025-10-25T15:00:00,979.5781206843776,979.5781206843776,0
2025-10-25T15:15:00,979.5781206843776,979.5781206843776,0
2025-10-25T15:30:00,979.5781206843776,979.5781206843776,0
2025-10-25T15:45:00,979.5781206843776,979.5781206843776,0
2025-10-25T16:00:00,979.5781206843776,979.5781206843776,0
2025-10-25T16:15:00,979.5781206843776,979.5781206843776,0
2025-10-25T16:30:00,979.5781206843776,979.5781206843776,0
2025-10-25T16:45:00,979.5781206843776,979.5781206843776,0
2025-10-25T17:00:00,979.5781206843776,979.5781206843776,0
2025-10-25T17:15:00,979.5781206843776,979.5781206843776,0
2025-10-25T17:30:00,979.5781206843776,979.5781206843776,0
2025-10-25T17:45:00,979.5781206843776,979.5781206843776,0
2025-10-25T18:00:00,979.5781206843776,979.5781206843776,0
2025-10-25T18:15:00,979.5781206843776,979.5781206843776,0
2025-10-25T18:30:00,979.5781206843776,979.5781206843776,0
2025-10-25T18:45:00,979.5781206843776,979.5781206843776,0
2025-10-25T19:00:00,979.5781206843776,979.5781206843776,0
2025-10-25T19:15:00,979.5781206843776,979.5781206843776,0
2025-10-25T19:30:00,979.5781206843776,979.5781206843776,0
2025-10-25T19:45:00,979.5781206843776,979.5781206843776,0
2025-10-25T20:00:00,979.5781206843776,979.5781206843776,0
2025-10-25T20:15:00,979.5781206843776,979.5781206843776,0
2025-10-25T20:30:00,979.5781206843776,979.5781206843776,0
2025-10-25T20:45:00,979.5781206843776,979.5781206843776,0
2025-10-25T21:00:00,979.5781206843776,979.5781206843776,0
2025-10-25T21:15:00,979.5781206843776,979.5781206843776,0
2025-10-25T21:30:00,979.5781206843776,979.5781206843776,0
2025-10-25T21:45:00,979.5781206843776,979.5781206843776,0
2025-10-25T22:00:00,979.5781206843776,979.5781206843776,0
2025-10-25T22:15:00,979.5781206843776,979.5781206843776,0
2025-10-25T22:30:00,979.5781206843776,979.5781206843776,0
2025-10-25T22:45:00,979.5781206843776,979.5781206843776,0
2025-10-25T23:00:00,979.5781206843776,979.5781206843776,0
2025-10-25T23:15:00,979.5781206843776,979.5781206843776,0
2025-10-25T23:30:00,979.5781206843776,979.5781206843776,0
2025-10-25T23:45:00,979.5781206843776,979.5781206843776,0
2025-10-26T00:00:00,979.5781206843776,979.5781206843776,0
2025-10-26T00:15:00,979.5781206843776,979.5781206843776,0
2025-10-26T00:30:00,979.5781206843776,979.5781206843776,0
2025-10-26T00:45:00,979.5781206843776,979.5781206843776,0
2025-10-26T01:00:00,979.5781206843776,979.5781206843776,0
2025-10-26T01:15:00,979.5781206843776,979.5781206843776,0
2025-10-26T01:30:00,979.5781206843776,979.5781206843776,0
2025-10-26T01:45:00,979.5781206843776,979.5781206843776,0
2025-10-26T02:00:00,979.5781206843776,979.5781206843776,0
2025-10-26T02:15:00,979.5781206843776,979.5781206843776,0
2025-10-26T02:30:00,979.5781206843776,979.5781206843776,0
2025-10-26T02:45:00,979.5781206843776,979.5781206843776,0
2025-10-26T03:00:00,979.5781206843776,979.5781206843776,0
2025-10-26T03:15:00,979.5781206843776,979.5781206843776,0
2025-10-26T03:30:00,979.5781206843776,979.5781206843776,0
2025-10-26T03:45:00,979.5781206843776,979.5781206843776,0
2025-10-26T04:00:00,979.5781206843776,979.5781206843776,0
2025-10-26T04:15:00,979.5781206843776,979.5781206843776,0
2025-10-26T04:30:00,979.5781206843776,979.5781206843776,0
2025-10-26T04:45:00,979.5781206843776,979.5781206843776,0
2025-10-26T05:00:00,979.5781206843776,979.5781206843776,0
2025-10-26T05:15:00,979.5781206843776,979.5781206843776,0
2025-10-26T05:30:00,979.5781206843776,979.5781206843776,0
2025-10-26T05:45:00,979.5781206843776,979.5781206843776,0
2025-10-26T06:00:00,979.5781206843776,979.5781206843776,0
2025-10-26T06:15:00,979.5781206843776,979.5781206843776,0
2025-10-26T06:30:00,979.5781206843776,979.5781206843776,0
2025-10-26T06:45:00,979.5781206843776,979.5781206843776,0
2025-10-26T07:00:00,979.5781206843776,979.5781206843776,0
2025-10-26T07:15:00,979.5781206843776,979.5781206843776,0
2025-10-26T07:30:00,979.5781206843776,979.5781206843776,0
2025-10-26T07:45:00,979.5781206843776,979.5781206843776,0
2025-10-26T08:00:00,979.5781206843776,979.5781206843776,0
2025-10-26T08:15:00,979.5781206843776,979.5781206843776,0
2025-10-26T08:30:00,979.5781206843776,979.5781206843776,0
2025-10-26T08:45:00,979.5781206843776,979.5781206843776,0
2025-10-26T09:00:00,979.5781206843776,979.5781206843776,0
2025-10-26T09:15:00,979.5781206843776,979.5781206843776,0
2025-10-26T09:30:00,979.5781206843776,979.5781206843776,0
2025-10-26T09:45:00,979.5781206843776,979.5781206843776,0
2025-10-26T10:00:00,979.5781206843776,979.5781206843776,0
2025-10-26T10:15:00,979.5781206843776,979.5781206843776,0
2025-10-26T10:30:00,979.5781206843776,979.5781206843776,0
2025-10-26T10:45:00,979.5781206843776,979.5781206843776,0
2025-10-26T11:00:00,979.5781206843776,979.5781206843776,0
2025-10-26T11:15:00,979.5781206843776,979.5781206843776,0
2025-10-26T11:30:00,978.5370819837718,842.2177582895315,1
2025-10-26T11:45:00,978.9151435727395,842.2177582895315,1
2025-10-26T12:00:00,979.2945602211657,842.2177582895315,1
2025-10-26T12:15:00,980.1387622639143,842.2177582895315,1
2025-10-26T12:30:00,979.5262753885975,842.2177582895315,1
2025-10-26T12:45:00,982.6957594624156,842.2177582895315,1
2025-10-26T13:00:00,982.4233925112239,842.2177582895315,1
2025-10-26T13:15:00,983.7012135807452,842.2177582895315,1
2025-10-26T13:30:00,985.1470620231411,842.2177582895315,1
2025-10-26T13:45:00,984.1361876669768,842.2177582895315,1
2025-10-26T14:00:00,984.5237346721551,842.2177582895315,1
2025-10-26T14:15:00,983.3421228241989,842.2177582895315,1
2025-10-26T14:30:00,983.273014791807,842.2177582895315,1
2025-10-26T14:45:00,981.4387996254045,981.4387996254045,0
2025-10-26T15:00:00,981.4387996254045,981.4387996254045,0
2025-10-26T15:15:00,981.4387996254045,981.4387996254045,0
2025-10-26T15:30:00,981.4387996254045,981.4387996254045,0
2025-10-26T15:45:00,981.4387996254045,981.4387996254045,0
2025-10-26T16:00:00,981.4387996254045,981.4387996254045,0
2025-10-26T16:15:00,981.4387996254045,981.4387996254045,0
2025-10-26T16:30:00,981.4387996254045,981.4387996254045,0
2025-10-26T16:45:00,981.4387996254045,981.4387996254045,0
2025-10-26T17:00:00,981.4387996254045,981.4387996254045,0
2025-10-26T17:15:00,981.4387996254045,981.4387996254045,0
2025-10-26T17:30:00,981.4387996254045,981.4387996254045,0
2025-10-26T17:45:00,981.4387996254045,981.4387996254045,0
2025-10-26T18:00:00,981.4387996254045,981.4387996254045,0
2025-10-26T18:15:00,981.4387996254045,981.4387996254045,0
2025-10-26T18:30:00,981.4387996254045,981.4387996254045,0
2025-10-26T18:45:00,981.4387996254045,981.4387996254045,0
2025-10-26T19:00:00,981.4387996254045,981.4387996254045,0
2025-10-26T19:15:00,981.4387996254045,981.4387996254045,0
2025-10-26T19:30:00,981.4387996254045,981.4387996254045,0
2025-10-26T19:45:00,981.4387996254045,981.4387996254045,0
2025-10-26T20:00:00,981.4387996254045,981.4387996254045,0
2025-10-26T20:15:00,981.4387996254045,981.4387996254045,0
2025-10-26T20:30:00,981.4387996254045,981.4387996254045,0
2025-10-26T20:45:00,981.4387996254045,981.4387996254045,0
2025-10-26T21:00:00,981.4387996254045,981.4387996254045,0
2025-10-26T21:15:00,981.4387996254045,981.4387996254045,0
2025-10-26T21:30:00,981.4387996254045,981.4387996254045,0
2025-10-26T21:45:00,981.4387996254045,981.4387996254045,0
2025-10-26T22:00:00,981.4387996254045,981.4387996254045,0
2025-10-26T22:15:00,981.4387996254045,981.4387996254045,0
2025-10-26T22:30:00,981.4387996254045,981.4387996254045,0
2025-10-26T22:45:00,981.4387996254045,981.4387996254045,0
2025-10-26T23:00:00,980.3957835033494,843.8175253867317,1
2025-10-26T23:15:00,980.5553677576095,843.8175253867317,1
2025-10-26T23:30:00,981.7463147129547,843.8175253867317,1
2025-10-26T23:45:00,980.0634262134857,843.8175253867317,1
2025-10-27T00:00:00,981.1818348714401,843.8175253867317,1
2025-10-27T00:15:00,981.924363261096,843.8175253867317,1
2025-10-27T00:30:00,983.0823382630817,843.8175253867317,1
2025-10-27T00:45:00,981.6566309998169,843.8175253867317,1
2025-10-27T01:00:00,982.0166847305027,843.8175253867317,1
2025-10-27T01:15:00,983.5492211226524,843.8175253867317,1
2025-10-27T01:30:00,983.6296726888495,843.8175253867317,1
2025-10-27T01:45:00,984.4618847916433,843.8175253867317,1
2025-10-27T02:00:00,985.6884414566168,843.8175253867317,1
2025-10-27T02:15:00,984.9841605328579,843.8175253867317,1
2025-10-27T02:30:00,987.0600747163721,843.8175253867317,1
2025-10-27T02:45:00,986.2661100794753,843.8175253867317,1
2025-10-27T03:00:00,986.8925771933058,843.8175253867317,1
2025-10-27T03:15:00,986.3187881048174,986.3187881048174,0
2025-10-27T03:30:00,986.3187881048174,986.3187881048174,0
2025-10-27T03:45:00,986.3187881048174,986.3187881048174,0
2025-10-27T04:00:00,986.3187881048174,986.3187881048174,0
2025-10-27T04:15:00,986.3187881048174,986.3187881048174,0
2025-10-27T04:30:00,986.3187881048174,986.3187881048174,0
2025-10-27T04:45:00,986.3187881048174,986.3187881048174,0
2025-10-27T05:00:00,986.3187881048174,986.3187881048174,0
2025-10-27T05:15:00,986.3187881048174,986.3187881048174,0
2025-10-27T05:30:00,986.3187881048174,986.3187881048174,0
2025-10-27T05:45:00,986.3187881048174,986.3187881048174,0
2025-10-27T06:00:00,986.3187881048174,986.3187881048174,0
2025-10-27T06:15:00,986.3187881048174,986.3187881048174,0
2025-10-27T06:30:00,986.3187881048174,986.3187881048174,0
2025-10-27T06:45:00,986.3187881048174,986.3187881048174,0
2025-10-27T07:00:00,986.3187881048174,986.3187881048174,0
2025-10-27T07:15:00,986.3187881048174,986.3187881048174,0
2025-10-27T07:30:00,986.3187881048174,986.3187881048174,0
2025-10-27T07:45:00,986.3187881048174,986.3187881048174,0
2025-10-27T08:00:00,986.3187881048174,986.3187881048174,0
2025-10-27T08:15:00,986.3187881048174,986.3187881048174,0
2025-10-27T08:30:00,986.3187881048174,986.3187881048174,0
2025-10-27T08:45:00,986.3187881048174,986.3187881048174,0
2025-10-27T09:00:00,986.3187881048174,986.3187881048174,0
2025-10-27T09:15:00,986.3187881048174,986.3187881048174,0
2025-10-27T09:30:00,986.3187881048174,986.3187881048174,0
2025-10-27T09:45:00,986.3187881048174,986.3187881048174,0
2025-10-27T10:00:00,986.3187881048174,986.3187881048174,0
2025-10-27T10:15:00,986.3187881048174,986.3187881048174,0
2025-10-27T10:30:00,986.3187881048174,986.3187881048174,0
2025-10-27T10:45:00,986.3187881048174,986.3187881048174,0
2025-10-27T11:00:00,986.3187881048174,986.3187881048174,0
2025-10-27T11:15:00,986.3187881048174,986.3187881048174,0
2025-10-27T11:30:00,986.3187881048174,986.3187881048174,0
2025-10-27T11:45:00,986.3187881048174,986.3187881048174,0
2025-10-27T12:00:00,986.3187881048174,986.3187881048174,0
2025-10-27T12:15:00,986.3187881048174,986.3187881048174,0
2025-10-27T12:30:00,986.3187881048174,986.3187881048174,0
2025-10-27T12:45:00,986.3187881048174,986.3187881048174,0
2025-10-27T13:00:00,986.3187881048174,986.3187881048174,0
2025-10-27T13:15:00,986.3187881048174,986.3187881048174,0
2025-10-27T13:30:00,986.3187881048174,986.3187881048174,0
2025-10-27T13:45:00,986.3187881048174,986.3187881048174,0
2025-10-27T14:00:00,986.3187881048174,986.3187881048174,0
2025-10-27T14:15:00,986.3187881048174,986.3187881048174,0
2025-10-27T14:30:00,986.3187881048174,986.3187881048174,0
2025-10-27T14:45:00,986.3187881048174,986.3187881048174,0
2025-10-27T15:00:00,986.3187881048174,986.3187881048174,0
2025-10-27T15:15:00,986.3187881048174,986.3187881048174,0
2025-10-27T15:30:00,986.3187881048174,986.3187881048174,0
2025-10-27T15:45:00,986.3187881048174,986.3187881048174,0
2025-10-27T16:00:00,986.3187881048174,986.3187881048174,0
2025-10-27T16:15:00,986.3187881048174,986.3187881048174,0
2025-10-27T16:30:00,986.3187881048174,986.3187881048174,0
2025-10-27T16:45:00,986.3187881048174,986.3187881048174,0
2025-10-27T17:00:00,985.2705858145963,848.0132223616074,1
2025-10-27T17:15:00,983.3683314693928,848.0132223616074,1
2025-10-27T17:30:00,985.0875510322401,848.0132223616074,1
2025-10-27T17:45:00,985.6667253792675,848.0132223616074,1
2025-10-27T18:00:00,986.893058421055,848.0132223616074,1
2025-10-27T18:15:00,984.1579958161302,848.0132223616074,1
2025-10-27T18:30:00,985.3215740753956,848.0132223616074,1
2025-10-27T18:45:00,984.8404540760589,848.0132223616074,1
2025-10-27T19:00:00,985.001263206272,848.0132223616074,1
2025-10-27T19:15:00,984.6312714676517,848.0132223616074,1
2025-10-27T19:30:00,982.3603715986383,982.3603715986383,0
2025-10-27T19:45:00,982.3603715986383,982.3603715986383,0
2025-10-27T20:00:00,982.3603715986383,982.3603715986383,0
2025-10-27T20:15:00,982.3603715986383,982.3603715986383,0
2025-10-27T20:30:00,982.3603715986383,982.3603715986383,0
2025-10-27T20:45:00,982.3603715986383,982.3603715986383,0
2025-10-27T21:00:00,982.3603715986383,982.3603715986383,0
2025-10-27T21:15:00,982.3603715986383,982.3603715986383,0
2025-10-27T21:30:00,982.3603715986383,982.3603715986383,0
2025-10-27T21:45:00,982.3603715986383,982.3603715986383,0
2025-10-27T22:00:00,982.3603715986383,982.3603715986383,0
2025-10-27T22:15:00,982.3603715986383,982.3603715986383,0
2025-10-27T22:30:00,982.3603715986383,982.3603715986383,0
2025-10-27T22:45:00,982.3603715986383,982.3603715986383,0
2025-10-27T23:00:00,982.3603715986383,982.3603715986383,0
2025-10-27T23:15:00,982.3603715986383,982.3603715986383,0
2025-10-27T23:30:00,982.3603715986383,982.3603715986383,0
2025-10-27T23:45:00,982.3603715986383,982.3603715986383,0
2025-10-28T00:00:00,982.3603715986383,982.3603715986383,0
2025-10-28T00:15:00,982.3603715986383,982.3603715986383,0
2025-10-28T00:30:00,982.3603715986383,982.3603715986383,0
2025-10-28T00:45:00,982.3603715986383,982.3603715986383,0
2025-10-28T01:00:00,982.3603715986383,982.3603715986383,0
2025-10-28T01:15:00,982.3603715986383,982.3603715986383,0
2025-10-28T01:30:00,982.3603715986383,982.3603715986383,0
2025-10-28T01:45:00,982.3603715986383,982.3603715986383,0
2025-10-28T02:00:00,982.3603715986383,982.3603715986383,0
2025-10-28T02:15:00,982.3603715986383,982.3603715986383,0
2025-10-28T02:30:00,982.3603715986383,982.3603715986383,0
2025-10-28T02:45:00,982.3603715986383,982.3603715986383,0
2025-10-28T03:00:00,982.3603715986383,982.3603715986383,0
2025-10-28T03:15:00,982.3603715986383,982.3603715986383,0
2025-10-28T03:30:00,982.3603715986383,982.3603715986383,0
2025-10-28T03:45:00,982.3603715986383,982.3603715986383,0
2025-10-28T04:00:00,982.3603715986383,982.3603715986383,0
2025-10-28T04:15:00,982.3603715986383,982.3603715986383,0
2025-10-28T04:30:00,982.3603715986383,982.3603715986383,0
2025-10-28T04:45:00,982.3603715986383,982.3603715986383,0
2025-10-28T05:00:00,982.3603715986383,982.3603715986383,0
2025-10-28T05:15:00,982.3603715986383,982.3603715986383,0
2025-10-28T05:30:00,982.3603715986383,982.3603715986383,0
2025-10-28T05:45:00,982.3603715986383,982.3603715986383,0
2025-10-28T06:00:00,982.3603715986383,982.3603715986383,0
2025-10-28T06:15:00,982.3603715986383,982.3603715986383,0
2025-10-28T06:30:00,982.3603715986383,982.3603715986383,0
2025-10-28T06:45:00,982.3603715986383,982.3603715986383,0
2025-10-28T07:00:00,982.3603715986383,982.3603715986383,0
2025-10-28T07:15:00,982.3603715986383,982.3603715986383,0
2025-10-28T07:30:00,982.3603715986383,982.3603715986383,0
2025-10-28T07:45:00,982.3603715986383,982.3603715986383,0
2025-10-28T08:00:00,982.3603715986383,982.3603715986383,0
2025-10-28T08:15:00,982.3603715986383,982.3603715986383,0
2025-10-28T08:30:00,982.3603715986383,982.3603715986383,0
2025-10-28T08:45:00,982.3603715986383,982.3603715986383,0
2025-10-28T09:00:00,982.3603715986383,982.3603715986383,0
2025-10-28T09:15:00,982.3603715986383,982.3603715986383,0
2025-10-28T09:30:00,982.3603715986383,982.3603715986383,0
2025-10-28T09:45:00,982.3603715986383,982.3603715986383,0
2025-10-28T10:00:00,982.3603715986383,982.3603715986383,0
2025-10-28T10:15:00,982.3603715986383,982.3603715986383,0
2025-10-28T10:30:00,982.3603715986383,982.3603715986383,0
2025-10-28T10:45:00,982.3603715986383,982.3603715986383,0
2025-10-28T11:00:00,982.3603715986383,982.3603715986383,0
2025-10-28T11:15:00,982.3603715986383,982.3603715986383,0
2025-10-28T11:30:00,982.3603715986383,982.3603715986383,0
2025-10-28T11:45:00,982.3603715986383,982.3603715986383,0
2025-10-28T12:00:00,982.3603715986383,982.3603715986383,0
2025-10-28T12:15:00,982.3603715986383,982.3603715986383,0
2025-10-28T12:30:00,982.3603715986383,982.3603715986383,0
2025-10-28T12:45:00,982.3603715986383,982.3603715986383,0
2025-10-28T13:00:00,982.3603715986383,982.3603715986383,0
2025-10-28T13:15:00,982.3603715986383,982.3603715986383,0
2025-10-28T13:30:00,982.3603715986383,982.3603715986383,0
2025-10-28T13:45:00,982.3603715986383,982.3603715986383,0
2025-10-28T14:00:00,982.3603715986383,982.3603715986383,0
2025-10-28T14:15:00,982.3603715986383,982.3603715986383,0
2025-10-28T14:30:00,982.3603715986383,982.3603715986383,0
2025-10-28T14:45:00,982.3603715986383,982.3603715986383,0
2025-10-28T15:00:00,982.3603715986383,982.3603715986383,0
2025-10-28T15:15:00,982.3603715986383,982.3603715986383,0
2025-10-28T15:30:00,982.3603715986383,982.3603715986383,0
2025-10-28T15:45:00,982.3603715986383,982.3603715986383,0
2025-10-28T16:00:00,982.3603715986383,982.3603715986383,0
2025-10-28T16:15:00,982.3603715986383,982.3603715986383,0
2025-10-28T16:30:00,982.3603715986383,982.3603715986383,0
2025-10-28T16:45:00,982.3603715986383,982.3603715986383,0
2025-10-28T17:00:00,982.3603715986383,982.3603715986383,0
2025-10-28T17:15:00,982.3603715986383,982.3603715986383,0
2025-10-28T17:30:00,982.3603715986383,982.3603715986383,0
2025-10-28T17:45:00,982.3603715986383,982.3603715986383,0
2025-10-28T18:00:00,982.3603715986383,982.3603715986383,0
2025-10-28T18:15:00,982.3603715986383,982.3603715986383,0
2025-10-28T18:30:00,982.3603715986383,982.3603715986383,0
2025-10-28T18:45:00,982.3603715986383,982.3603715986383,0
2025-10-28T19:00:00,982.3603715986383,982.3603715986383,0
2025-10-28T19:15:00,982.3603715986383,982.3603715986383,0
2025-10-28T19:30:00,982.3603715986383,982.3603715986383,0
2025-10-28T19:45:00,982.3603715986383,982.3603715986383,0
2025-10-28T20:00:00,981.3139005297389,844.6098708515908,1
2025-10-28T20:15:00,985.8666683144529,844.6098708515908,1
2025-10-28T20:30:00,984.4500375160039,844.6098708515908,1
2025-10-28T20:45:00,984.432140333905,844.6098708515908,1
2025-10-28T21:00:00,986.7752944825543,844.6098708515908,1
2025-10-28T21:15:00,987.0699096340295,844.6098708515908,1
2025-10-28T21:30:00,983.728643406784,844.6098708515908,1
2025-10-28T21:45:00,983.9833340751155,844.6098708515908,1
2025-10-28T22:00:00,984.5890848538497,844.6098708515908,1
2025-10-28T22:15:00,982.4221491135595,844.6098708515908,1
2025-10-28T22:30:00,982.365704154632,844.6098708515908,1
2025-10-28T22:45:00,981.7948574458735,981.7948574458735,0
2025-10-28T23:00:00,981.7948574458735,981.7948574458735,0
2025-10-28T23:15:00,981.7948574458735,981.7948574458735,0
2025-10-28T23:30:00,981.7948574458735,981.7948574458735,0
2025-10-28T23:45:00,981.7948574458735,981.7948574458735,0
2025-10-29T00:00:00,981.7948574458735,981.7948574458735,0
2025-10-29T00:15:00,981.7948574458735,981.7948574458735,0
2025-10-29T00:30:00,981.7948574458735,981.7948574458735,0
2025-10-29T00:45:00,981.7948574458735,981.7948574458735,0
2025-10-29T01:00:00,981.7948574458735,981.7948574458735,0
2025-10-29T01:15:00,981.7948574458735,981.7948574458735,0
2025-10-29T01:30:00,981.7948574458735,981.7948574458735,0
2025-10-29T01:45:00,981.7948574458735,981.7948574458735,0
2025-10-29T02:00:00,981.7948574458735,981.7948574458735,0
2025-10-29T02:15:00,981.7948574458735,981.7948574458735,0
2025-10-29T02:30:00,981.7948574458735,981.7948574458735,0
2025-10-29T02:45:00,981.7948574458735,981.7948574458735,0
2025-10-29T03:00:00,981.7948574458735,981.7948574458735,0
2025-10-29T03:15:00,981.7948574458735,981.7948574458735,0
2025-10-29T03:30:00,981.7948574458735,981.7948574458735,0
2025-10-29T03:45:00,981.7948574458735,981.7948574458735,0
2025-10-29T04:00:00,981.7948574458735,981.7948574458735,0
2025-10-29T04:15:00,981.7948574458735,981.7948574458735,0
2025-10-29T04:30:00,981.7948574458735,981.7948574458735,0
2025-10-29T04:45:00,981.7948574458735,981.7948574458735,0
2025-10-29T05:00:00,981.7948574458735,981.7948574458735,0
2025-10-29T05:15:00,981.7948574458735,981.7948574458735,0
2025-10-29T05:30:00,981.7948574458735,981.7948574458735,0
2025-10-29T05:45:00,981.7948574458735,981.7948574458735,0
2025-10-29T06:00:00,981.7948574458735,981.7948574458735,0
2025-10-29T06:15:00,981.7948574458735,981.7948574458735,0
2025-10-29T06:30:00,981.7948574458735,981.7948574458735,0
2025-10-29T06:45:00,981.7948574458735,981.7948574458735,0
2025-10-29T07:00:00,981.7948574458735,981.7948574458735,0
2025-10-29T07:15:00,981.7948574458735,981.7948574458735,0
2025-10-29T07:30:00,981.7948574458735,981.7948574458735,0
2025-10-29T07:45:00,981.7948574458735,981.7948574458735,0
2025-10-29T08:00:00,981.7948574458735,981.7948574458735,0
2025-10-29T08:15:00,981.7948574458735,981.7948574458735,0
2025-10-29T08:30:00,981.7948574458735,981.7948574458735,0
2025-10-29T08:45:00,981.7948574458735,981.7948574458735,0
2025-10-29T09:00:00,981.7948574458735,981.7948574458735,0
2025-10-29T09:15:00,981.7948574458735,981.7948574458735,0
2025-10-29T09:30:00,981.7948574458735,981.7948574458735,0
2025-10-29T09:45:00,981.7948574458735,981.7948574458735,0
2025-10-29T10:00:00,981.7948574458735,981.7948574458735,0
2025-10-29T10:15:00,981.7948574458735,981.7948574458735,0
2025-10-29T10:30:00,981.7948574458735,981.7948574458735,0
2025-10-29T10:45:00,981.7948574458735,981.7948574458735,0
2025-10-29T11:00:00,981.7948574458735,981.7948574458735,0
2025-10-29T11:15:00,981.7948574458735,981.7948574458735,0
2025-10-29T11:30:00,981.7948574458735,981.7948574458735,0
2025-10-29T11:45:00,981.7948574458735,981.7948574458735,0
2025-10-29T12:00:00,981.7948574458735,981.7948574458735,0
2025-10-29T12:15:00,981.7948574458735,981.7948574458735,0
2025-10-29T12:30:00,981.7948574458735,981.7948574458735,0
2025-10-29T12:45:00,981.7948574458735,981.7948574458735,0
2025-10-29T13:00:00,981.7948574458735,981.7948574458735,0
2025-10-29T13:15:00,981.7948574458735,981.7948574458735,0
2025-10-29T13:30:00,981.7948574458735,981.7948574458735,0
2025-10-29T13:45:00,981.7948574458735,981.7948574458735,0
2025-10-29T14:00:00,981.7948574458735,981.7948574458735,0
2025-10-29T14:15:00,981.7948574458735,981.7948574458735,0
2025-10-29T14:30:00,981.7948574458735,981.7948574458735,0
2025-10-29T14:45:00,981.7948574458735,981.7948574458735,0
2025-10-29T15:00:00,981.7948574458735,981.7948574458735,0
2025-10-29T15:15:00,981.7948574458735,981.7948574458735,0
2025-10-29T15:30:00,981.7948574458735,981.7948574458735,0
2025-10-29T15:45:00,981.7948574458735,981.7948574458735,0
2025-10-29T16:00:00,981.7948574458735,981.7948574458735,0
2025-10-29T16:15:00,981.7948574458735,981.7948574458735,0
2025-10-29T16:30:00,981.7948574458735,981.7948574458735,0
2025-10-29T16:45:00,981.7948574458735,981.7948574458735,0
2025-10-29T17:00:00,981.7948574458735,981.7948574458735,0
2025-10-29T17:15:00,981.7948574458735,981.7948574458735,0
2025-10-29T17:30:00,981.7948574458735,981.7948574458735,0
2025-10-29T17:45:00,981.7948574458735,981.7948574458735,0
2025-10-29T18:00:00,981.7948574458735,981.7948574458735,0
2025-10-29T18:15:00,981.7948574458735,981.7948574458735,0
2025-10-29T18:30:00,980.7489887976509,844.1236553553833,1
2025-10-29T18:45:00,975.481956909796,844.1236553553833,1
2025-10-29T19:00:00,973.0039379829889,844.1236553553833,1
2025-10-29T19:15:00,974.7738296645459,844.1236553553833,1
2025-10-29T19:30:00,977.5946494037366,844.1236553553833,1
2025-10-29T19:45:00,976.3166590781609,844.1236553553833,1
2025-10-29T20:00:00,976.5788894083715,844.1236553553833,1
2025-10-29T20:15:00,972.411856623482,972.411856623482,0
2025-10-29T20:30:00,972.411856623482,972.411856623482,0
2025-10-29T20:45:00,972.411856623482,972.411856623482,0
2025-10-29T21:00:00,972.411856623482,972.411856623482,0
2025-10-29T21:15:00,972.411856623482,972.411856623482,0
2025-10-29T21:30:00,972.411856623482,972.411856623482,0
2025-10-29T21:45:00,972.411856623482,972.411856623482,0
2025-10-29T22:00:00,972.411856623482,972.411856623482,0
2025-10-29T22:15:00,972.411856623482,972.411856623482,0
2025-10-29T22:30:00,972.411856623482,972.411856623482,0
2025-10-29T22:45:00,972.411856623482,972.411856623482,0
2025-10-29T23:00:00,972.411856623482,972.411856623482,0
2025-10-29T23:15:00,972.411856623482,972.411856623482,0
2025-10-29T23:30:00,972.411856623482,972.411856623482,0
2025-10-29T23:45:00,972.411856623482,972.411856623482,0
2025-10-30T00:00:00,972.411856623482,972.411856623482,0
2025-10-30T00:15:00,972.411856623482,972.411856623482,0
2025-10-30T00:30:00,972.411856623482,972.411856623482,0
2025-10-30T00:45:00,972.411856623482,972.411856623482,0
2025-10-30T01:00:00,972.411856623482,972.411856623482,0
2025-10-30T01:15:00,972.411856623482,972.411856623482,0
2025-10-30T01:30:00,972.411856623482,972.411856623482,0
2025-10-30T01:45:00,972.411856623482,972.411856623482,0
2025-10-30T02:00:00,972.411856623482,972.411856623482,0
2025-10-30T02:15:00,972.411856623482,972.411856623482,0
2025-10-30T02:30:00,972.411856623482,972.411856623482,0
2025-10-30T02:45:00,972.411856623482,972.411856623482,0
2025-10-30T03:00:00,972.411856623482,972.411856623482,0
2025-10-30T03:15:00,972.411856623482,972.411856623482,0
2025-10-30T03:30:00,972.411856623482,972.411856623482,0
2025-10-30T03:45:00,972.411856623482,972.411856623482,0
2025-10-30T04:00:00,972.411856623482,972.411856623482,0
2025-10-30T04:15:00,972.411856623482,972.411856623482,0
2025-10-30T04:30:00,972.411856623482,972.411856623482,0
2025-10-30T04:45:00,972.411856623482,972.411856623482,0
2025-10-30T05:00:00,972.411856623482,972.411856623482,0
2025-10-30T05:15:00,972.411856623482,972.411856623482,0
2025-10-30T05:30:00,972.411856623482,972.411856623482,0
2025-10-30T05:45:00,972.411856623482,972.411856623482,0
2025-10-30T06:00:00,972.411856623482,972.411856623482,0
2025-10-30T06:15:00,972.411856623482,972.411856623482,0
2025-10-30T06:30:00,972.411856623482,972.411856623482,0
2025-10-30T06:45:00,972.411856623482,972.411856623482,0
2025-10-30T07:00:00,972.411856623482,972.411856623482,0
2025-10-30T07:15:00,972.411856623482,972.411856623482,0
2025-10-30T07:30:00,972.411856623482,972.411856623482,0
2025-10-30T07:45:00,972.411856623482,972.411856623482,0
2025-10-30T08:00:00,972.411856623482,972.411856623482,0
2025-10-30T08:15:00,972.411856623482,972.411856623482,0
2025-10-30T08:30:00,972.411856623482,972.411856623482,0
2025-10-30T08:45:00,972.411856623482,972.411856623482,0
2025-10-30T09:00:00,972.411856623482,972.411856623482,0
2025-10-30T09:15:00,972.411856623482,972.411856623482,0
2025-10-30T09:30:00,972.411856623482,972.411856623482,0
2025-10-30T09:45:00,972.411856623482,972.411856623482,0
2025-10-30T10:00:00,972.411856623482,972.411856623482,0
2025-10-30T10:15:00,972.411856623482,972.411856623482,0
2025-10-30T10:30:00,972.411856623482,972.411856623482,0
2025-10-30T10:45:00,972.411856623482,972.411856623482,0
2025-10-30T11:00:00,972.411856623482,972.411856623482,0
2025-10-30T11:15:00,972.411856623482,972.411856623482,0
2025-10-30T11:30:00,972.411856623482,972.411856623482,0
2025-10-30T11:45:00,972.411856623482,972.411856623482,0
2025-10-30T12:00:00,972.411856623482,972.411856623482,0
2025-10-30T12:15:00,971.375983328476,836.0563764403108,1
2025-10-30T12:30:00,977.345861681195,836.0563764403108,1
2025-10-30T12:45:00,976.45865766907,836.0563764403108,1
2025-10-30T13:00:00,974.8809344258177,836.0563764403108,1
2025-10-30T13:15:00,976.182732976304,836.0563764403108,1
2025-10-30T13:30:00,981.534257017542,836.0563764403108,1
2025-10-30T13:45:00,983.7600495391887,836.0563764403108,1
2025-10-30T14:00:00,979.8065439412989,836.0563764403108,1
2025-10-30T14:15:00,981.8653666488614,836.0563764403108,1
2025-10-30T14:30:00,979.4202493714263,836.0563764403108,1
2025-10-30T14:45:00,978.8528350032252,836.0563764403108,1
2025-10-30T15:00:00,980.6031880542595,836.0563764403108,1
2025-10-30T15:15:00,981.3304972444224,836.0563764403108,1
2025-10-30T15:30:00,983.0935852812767,836.0563764403108,1
2025-10-30T15:45:00,982.7681356436551,836.0563764403108,1
2025-10-30T16:00:00,980.0038746011571,980.0038746011571,0
2025-10-30T16:15:00,980.0038746011571,980.0038746011571,0
2025-10-30T16:30:00,980.0038746011571,980.0038746011571,0
2025-10-30T16:45:00,980.0038746011571,980.0038746011571,0
2025-10-30T17:00:00,980.0038746011571,980.0038746011571,0
2025-10-30T17:15:00,980.0038746011571,980.0038746011571,0
2025-10-30T17:30:00,980.0038746011571,980.0038746011571,0
2025-10-30T17:45:00,980.0038746011571,980.0038746011571,0
2025-10-30T18:00:00,980.0038746011571,980.0038746011571,0
2025-10-30T18:15:00,980.0038746011571,980.0038746011571,0
2025-10-30T18:30:00,980.0038746011571,980.0038746011571,0
2025-10-30T18:45:00,980.0038746011571,980.0038746011571,0
2025-10-30T19:00:00,980.0038746011571,980.0038746011571,0
2025-10-30T19:15:00,980.0038746011571,980.0038746011571,0
2025-10-30T19:30:00,980.0038746011571,980.0038746011571,0
2025-10-30T19:45:00,980.0038746011571,980.0038746011571,0
2025-10-30T20:00:00,978.9599138187098,842.5838112890845,1
2025-10-30T20:15:00,977.8098007001299,842.5838112890845,1
2025-10-30T20:30:00,974.3793685355703,974.3793685355703,0
2025-10-30T20:45:00,974.3793685355703,974.3793685355703,0
2025-10-30T21:00:00,974.3793685355703,974.3793685355703,0
2025-10-30T21:15:00,974.3793685355703,974.3793685355703,0
2025-10-30T21:30:00,974.3793685355703,974.3793685355703,0
2025-10-30T21:45:00,974.3793685355703,974.3793685355703,0
2025-10-30T22:00:00,974.3793685355703,974.3793685355703,0
2025-10-30T22:15:00,974.3793685355703,974.3793685355703,0
2025-10-30T22:30:00,974.3793685355703,974.3793685355703,0
2025-10-30T22:45:00,974.3793685355703,974.3793685355703,0
2025-10-30T23:00:00,974.3793685355703,974.3793685355703,0
2025-10-30T23:15:00,974.3793685355703,974.3793685355703,0
2025-10-30T23:30:00,974.3793685355703,974.3793685355703,0
2025-10-30T23:45:00,974.3793685355703,974.3793685355703,0
2025-10-31T00:00:00,974.3793685355703,974.3793685355703,0
2025-10-31T00:15:00,974.3793685355703,974.3793685355703,0
2025-10-31T00:30:00,974.3793685355703,974.3793685355703,0
2025-10-31T00:45:00,974.3793685355703,974.3793685355703,0
2025-10-31T01:00:00,974.3793685355703,974.3793685355703,0
2025-10-31T01:15:00,974.3793685355703,974.3793685355703,0
2025-10-31T01:30:00,974.3793685355703,974.3793685355703,0
2025-10-31T01:45:00,974.3793685355703,974.3793685355703,0
2025-10-31T02:00:00,974.3793685355703,974.3793685355703,0
2025-10-31T02:15:00,974.3793685355703,974.3793685355703,0
2025-10-31T02:30:00,974.3793685355703,974.3793685355703,0
2025-10-31T02:45:00,974.3793685355703,974.3793685355703,0
2025-10-31T03:00:00,974.3793685355703,974.3793685355703,0
2025-10-31T03:15:00,974.3793685355703,974.3793685355703,0
2025-10-31T03:30:00,974.3793685355703,974.3793685355703,0
2025-10-31T03:45:00,974.3793685355703,974.3793685355703,0
2025-10-31T04:00:00,974.3793685355703,974.3793685355703,0
2025-10-31T04:15:00,974.3793685355703,974.3793685355703,0
2025-10-31T04:30:00,974.3793685355703,974.3793685355703,0
2025-10-31T04:45:00,974.3793685355703,974.3793685355703,0
2025-10-31T05:00:00,974.3793685355703,974.3793685355703,0
2025-10-31T05:15:00,974.3793685355703,974.3793685355703,0
2025-10-31T05:30:00,974.3793685355703,974.3793685355703,0
2025-10-31T05:45:00,974.3793685355703,974.3793685355703,0
2025-10-31T06:00:00,974.3793685355703,974.3793685355703,0
2025-10-31T06:15:00,974.3793685355703,974.3793685355703,0
2025-10-31T06:30:00,974.3793685355703,974.3793685355703,0
2025-10-31T06:45:00,974.3793685355703,974.3793685355703,0
2025-10-31T07:00:00,974.3793685355703,974.3793685355703,0
2025-10-31T07:15:00,974.3793685355703,974.3793685355703,0
2025-10-31T07:30:00,974.3793685355703,974.3793685355703,0
2025-10-31T07:45:00,974.3793685355703,974.3793685355703,0
2025-10-31T08:00:00,974.3793685355703,974.3793685355703,0
2025-10-31T08:15:00,974.3793685355703,974.3793685355703,0
2025-10-31T08:30:00,974.3793685355703,974.3793685355703,0
2025-10-31T08:45:00,974.3793685355703,974.3793685355703,0
2025-10-31T09:00:00,974.3793685355703,974.3793685355703,0
2025-10-31T09:15:00,974.3793685355703,974.3793685355703,0
2025-10-31T09:30:00,974.3793685355703,974.3793685355703,0
2025-10-31T09:45:00,974.3793685355703,974.3793685355703,0
2025-10-31T10:00:00,974.3793685355703,974.3793685355703,0
2025-10-31T10:15:00,974.3793685355703,974.3793685355703,0
2025-10-31T10:30:00,974.3793685355703,974.3793685355703,0
2025-10-31T10:45:00,974.3793685355703,974.3793685355703,0
2025-10-31T11:00:00,974.3793685355703,974.3793685355703,0
2025-10-31T11:15:00,974.3793685355703,974.3793685355703,0
2025-10-31T11:30:00,974.3793685355703,974.3793685355703,0
2025-10-31T11:45:00,973.343854766634,837.7479959620384,1
2025-10-31T12:00:00,972.1546634769686,837.7479959620384,1
2025-10-31T12:15:00,972.1323106282459,837.7479959620384,1
2025-10-31T12:30:00,969.7143552496127,969.7143552496127,0
2025-10-31T12:45:00,969.7143552496127,969.7143552496127,0
2025-10-31T13:00:00,969.7143552496127,969.7143552496127,0
2025-10-31T13:15:00,969.7143552496127,969.7143552496127,0
2025-10-31T13:30:00,969.7143552496127,969.7143552496127,0
2025-10-31T13:45:00,969.7143552496127,969.7143552496127,0
2025-10-31T14:00:00,969.7143552496127,969.7143552496127,0
2025-10-31T14:15:00,969.7143552496127,969.7143552496127,0
2025-10-31T14:30:00,969.7143552496127,969.7143552496127,0
2025-10-31T14:45:00,969.7143552496127,969.7143552496127,0
2025-10-31T15:00:00,969.7143552496127,969.7143552496127,0
2025-10-31T15:15:00,969.7143552496127,969.7143552496127,0
2025-10-31T15:30:00,969.7143552496127,969.7143552496127,0
2025-10-31T15:45:00,969.7143552496127,969.7143552496127,0
2025-10-31T16:00:00,969.7143552496127,969.7143552496127,0
2025-10-31T16:15:00,969.7143552496127,969.7143552496127,0
2025-10-31T16:30:00,969.7143552496127,969.7143552496127,0
2025-10-31T16:45:00,969.7143552496127,969.7143552496127,0
2025-10-31T17:00:00,969.7143552496127,969.7143552496127,0
2025-10-31T17:15:00,969.7143552496127,969.7143552496127,0
2025-10-31T17:30:00,969.7143552496127,969.7143552496127,0
2025-10-31T17:45:00,969.7143552496127,969.7143552496127,0
2025-10-31T18:00:00,969.7143552496127,969.7143552496127,0
2025-10-31T18:15:00,969.7143552496127,969.7143552496127,0
2025-10-31T18:30:00,969.7143552496127,969.7143552496127,0
2025-10-31T18:45:00,969.7143552496127,969.7143552496127,0
2025-10-31T19:00:00,969.7143552496127,969.7143552496127,0
2025-10-31T19:15:00,969.7143552496127,969.7143552496127,0
2025-10-31T19:30:00,969.7143552496127,969.7143552496127,0
2025-10-31T19:45:00,969.7143552496127,969.7143552496127,0
2025-10-31T20:00:00,969.7143552496127,969.7143552496127,0
2025-10-31T20:15:00,969.7143552496127,969.7143552496127,0
2025-10-31T20:30:00,969.7143552496127,969.7143552496127,0
2025-10-31T20:45:00,969.7143552496127,969.7143552496127,0
2025-10-31T21:00:00,969.7143552496127,969.7143552496127,0
2025-10-31T21:15:00,969.7143552496127,969.7143552496127,0
2025-10-31T21:30:00,969.7143552496127,969.7143552496127,0
2025-10-31T21:45:00,969.7143552496127,969.7143552496127,0
2025-10-31T22:00:00,969.7143552496127,969.7143552496127,0
2025-10-31T22:15:00,969.7143552496127,969.7143552496127,0
2025-10-31T22:30:00,969.7143552496127,969.7143552496127,0
2025-10-31T22:45:00,969.7143552496127,969.7143552496127,0
2025-10-31T23:00:00,969.7143552496127,969.7143552496127,0
2025-10-31T23:15:00,969.7143552496127,969.7143552496127,0
2025-10-31T23:30:00,969.7143552496127,969.7143552496127,0
2025-10-31T23:45:00,969.7143552496127,969.7143552496127,0
2025-11-01T00:00:00,969.7143552496127,969.7143552496127,0
2025-11-01T00:15:00,969.7143552496127,969.7143552496127,0
2025-11-01T00:30:00,969.7143552496127,969.7143552496127,0
2025-11-01T00:45:00,969.7143552496127,969.7143552496127,0
2025-11-01T01:00:00,969.7143552496127,969.7143552496127,0
2025-11-01T01:15:00,969.7143552496127,969.7143552496127,0
2025-11-01T01:30:00,969.7143552496127,969.7143552496127,0
2025-11-01T01:45:00,969.7143552496127,969.7143552496127,0
2025-11-01T02:00:00,969.7143552496127,969.7143552496127,0
2025-11-01T02:15:00,969.7143552496127,969.7143552496127,0
2025-11-01T02:30:00,969.7143552496127,969.7143552496127,0
2025-11-01T02:45:00,969.7143552496127,969.7143552496127,0
2025-11-01T03:00:00,969.7143552496127,969.7143552496127,0
2025-11-01T03:15:00,969.7143552496127,969.7143552496127,0
2025-11-01T03:30:00,969.7143552496127,969.7143552496127,0
2025-11-01T03:45:00,969.7143552496127,969.7143552496127,0
2025-11-01T04:00:00,969.7143552496127,969.7143552496127,0
2025-11-01T04:15:00,969.7143552496127,969.7143552496127,0
2025-11-01T04:30:00,969.7143552496127,969.7143552496127,0
2025-11-01T04:45:00,969.7143552496127,969.7143552496127,0
2025-11-01T05:00:00,969.7143552496127,969.7143552496127,0
2025-11-01T05:15:00,969.7143552496127,969.7143552496127,0
2025-11-01T05:30:00,969.7143552496127,969.7143552496127,0
2025-11-01T05:45:00,969.7143552496127,969.7143552496127,0
2025-11-01T06:00:00,969.7143552496127,969.7143552496127,0
2025-11-01T06:15:00,969.7143552496127,969.7143552496127,0
2025-11-01T06:30:00,969.7143552496127,969.7143552496127,0
2025-11-01T06:45:00,969.7143552496127,969.7143552496127,0
2025-11-01T07:00:00,969.7143552496127,969.7143552496127,0
2025-11-01T07:15:00,969.7143552496127,969.7143552496127,0
2025-11-01T07:30:00,969.7143552496127,969.7143552496127,0
2025-11-01T07:45:00,969.7143552496127,969.7143552496127,0
2025-11-01T08:00:00,969.7143552496127,969.7143552496127,0
2025-11-01T08:15:00,969.7143552496127,969.7143552496127,0
2025-11-01T08:30:00,969.7143552496127,969.7143552496127,0
2025-11-01T08:45:00,969.7143552496127,969.7143552496127,0
2025-11-01T09:00:00,969.7143552496127,969.7143552496127,0
2025-11-01T09:15:00,969.7143552496127,969.7143552496127,0
2025-11-01T09:30:00,969.7143552496127,969.7143552496127,0
2025-11-01T09:45:00,969.7143552496127,969.7143552496127,0
2025-11-01T10:00:00,969.7143552496127,969.7143552496127,0
2025-11-01T10:15:00,969.7143552496127,969.7143552496127,0
2025-11-01T10:30:00,969.7143552496127,969.7143552496127,0
2025-11-01T10:45:00,969.7143552496127,969.7143552496127,0
2025-11-01T11:00:00,969.7143552496127,969.7143552496127,0
2025-11-01T11:15:00,969.7143552496127,969.7143552496127,0
2025-11-01T11:30:00,969.7143552496127,969.7143552496127,0
2025-11-01T11:45:00,969.7143552496127,969.7143552496127,0
2025-11-01T12:00:00,969.7143552496127,969.7143552496127,0
2025-11-01T12:15:00,969.7143552496127,969.7143552496127,0
2025-11-01T12:30:00,969.7143552496127,969.7143552496127,0
2025-11-01T12:45:00,969.7143552496127,969.7143552496127,0
2025-11-01T13:00:00,969.7143552496127,969.7143552496127,0
2025-11-01T13:15:00,969.7143552496127,969.7143552496127,0
2025-11-01T13:30:00,969.7143552496127,969.7143552496127,0
2025-11-01T13:45:00,969.7143552496127,969.7143552496127,0
2025-11-01T14:00:00,969.7143552496127,969.7143552496127,0
2025-11-01T14:15:00,969.7143552496127,969.7143552496127,0
2025-11-01T14:30:00,969.7143552496127,969.7143552496127,0
2025-11-01T14:45:00,969.7143552496127,969.7143552496127,0
2025-11-01T15:00:00,969.7143552496127,969.7143552496127,0
2025-11-01T15:15:00,969.7143552496127,969.7143552496127,0
2025-11-01T15:30:00,969.7143552496127,969.7143552496127,0
2025-11-01T15:45:00,969.7143552496127,969.7143552496127,0
2025-11-01T16:00:00,969.7143552496127,969.7143552496127,0
2025-11-01T16:15:00,969.7143552496127,969.7143552496127,0
2025-11-01T16:30:00,969.7143552496127,969.7143552496127,0
2025-11-01T16:45:00,969.7143552496127,969.7143552496127,0
2025-11-01T17:00:00,969.7143552496127,969.7143552496127,0
2025-11-01T17:15:00,969.7143552496127,969.7143552496127,0
2025-11-01T17:30:00,969.7143552496127,969.7143552496127,0
2025-11-01T17:45:00,969.7143552496127,969.7143552496127,0
2025-11-01T18:00:00,969.7143552496127,969.7143552496127,0
2025-11-01T18:15:00,969.7143552496127,969.7143552496127,0
2025-11-01T18:30:00,969.7143552496127,969.7143552496127,0
2025-11-01T18:45:00,969.7143552496127,969.7143552496127,0
2025-11-01T19:00:00,969.7143552496127,969.7143552496127,0
2025-11-01T19:15:00,969.7143552496127,969.7143552496127,0
2025-11-01T19:30:00,969.7143552496127,969.7143552496127,0
2025-11-01T19:45:00,969.7143552496127,969.7143552496127,0
2025-11-01T20:00:00,969.7143552496127,969.7143552496127,0
2025-11-01T20:15:00,969.7143552496127,969.7143552496127,0
2025-11-01T20:30:00,969.7143552496127,969.7143552496127,0
2025-11-01T20:45:00,969.7143552496127,969.7143552496127,0
2025-11-01T21:00:00,969.7143552496127,969.7143552496127,0
2025-11-01T21:15:00,969.7143552496127,969.7143552496127,0
2025-11-01T21:30:00,969.7143552496127,969.7143552496127,0
2025-11-01T21:45:00,969.7143552496127,969.7143552496127,0
2025-11-01T22:00:00,969.7143552496127,969.7143552496127,0
2025-11-01T22:15:00,969.7143552496127,969.7143552496127,0
2025-11-01T22:30:00,969.7143552496127,969.7143552496127,0
2025-11-01T22:45:00,969.7143552496127,969.7143552496127,0
2025-11-01T23:00:00,969.7143552496127,969.7143552496127,0
2025-11-01T23:15:00,969.7143552496127,969.7143552496127,0
2025-11-01T23:30:00,969.7143552496127,969.7143552496127,0
2025-11-01T23:45:00,969.7143552496127,969.7143552496127,0
2025-11-02T00:00:00,969.7143552496127,969.7143552496127,0
2025-11-02T00:15:00,969.7143552496127,969.7143552496127,0
2025-11-02T00:30:00,969.7143552496127,969.7143552496127,0
2025-11-02T00:45:00,969.7143552496127,969.7143552496127,0
2025-11-02T01:00:00,969.7143552496127,969.7143552496127,0
2025-11-02T01:15:00,969.7143552496127,969.7143552496127,0
2025-11-02T01:30:00,969.7143552496127,969.7143552496127,0
2025-11-02T01:45:00,969.7143552496127,969.7143552496127,0
2025-11-02T02:00:00,969.7143552496127,969.7143552496127,0
2025-11-02T02:15:00,969.7143552496127,969.7143552496127,0
2025-11-02T02:30:00,969.7143552496127,969.7143552496127,0
2025-11-02T02:45:00,969.7143552496127,969.7143552496127,0
2025-11-02T03:00:00,969.7143552496127,969.7143552496127,0
2025-11-02T03:15:00,969.7143552496127,969.7143552496127,0
2025-11-02T03:30:00,969.7143552496127,969.7143552496127,0
2025-11-02T03:45:00,969.7143552496127,969.7143552496127,0
2025-11-02T04:00:00,969.7143552496127,969.7143552496127,0
2025-11-02T04:15:00,969.7143552496127,969.7143552496127,0
2025-11-02T04:30:00,969.7143552496127,969.7143552496127,0
2025-11-02T04:45:00,969.7143552496127,969.7143552496127,0
2025-11-02T05:00:00,969.7143552496127,969.7143552496127,0
2025-11-02T05:15:00,969.7143552496127,969.7143552496127,0
2025-11-02T05:30:00,969.7143552496127,969.7143552496127,0
2025-11-02T05:45:00,969.7143552496127,969.7143552496127,0
2025-11-02T06:00:00,969.7143552496127,969.7143552496127,0
2025-11-02T06:15:00,969.7143552496127,969.7143552496127,0
2025-11-02T06:30:00,969.7143552496127,969.7143552496127,0
2025-11-02T06:45:00,969.7143552496127,969.7143552496127,0
2025-11-02T07:00:00,969.7143552496127,969.7143552496127,0
2025-11-02T07:15:00,969.7143552496127,969.7143552496127,0
2025-11-02T07:30:00,969.7143552496127,969.7143552496127,0
2025-11-02T07:45:00,969.7143552496127,969.7143552496127,0
2025-11-02T08:00:00,969.7143552496127,969.7143552496127,0
2025-11-02T08:15:00,969.7143552496127,969.7143552496127,0
2025-11-02T08:30:00,969.7143552496127,969.7143552496127,0
2025-11-02T08:45:00,969.7143552496127,969.7143552496127,0
2025-11-02T09:00:00,969.7143552496127,969.7143552496127,0
2025-11-02T09:15:00,969.7143552496127,969.7143552496127,0
2025-11-02T09:30:00,969.7143552496127,969.7143552496127,0
2025-11-02T09:45:00,969.7143552496127,969.7143552496127,0
2025-11-02T10:00:00,969.7143552496127,969.7143552496127,0
2025-11-02T10:15:00,969.7143552496127,969.7143552496127,0
2025-11-02T10:30:00,969.7143552496127,969.7143552496127,0
2025-11-02T10:45:00,969.7143552496127,969.7143552496127,0
2025-11-02T11:00:00,969.7143552496127,969.7143552496127,0
2025-11-02T11:15:00,969.7143552496127,969.7143552496127,0
2025-11-02T11:30:00,969.7143552496127,969.7143552496127,0
2025-11-02T11:45:00,969.7143552496127,969.7143552496127,0
2025-11-02T12:00:00,969.7143552496127,969.7143552496127,0
2025-11-02T12:15:00,969.7143552496127,969.7143552496127,0
2025-11-02T12:30:00,969.7143552496127,969.7143552496127,0
2025-11-02T12:45:00,969.7143552496127,969.7143552496127,0
2025-11-02T13:00:00,969.7143552496127,969.7143552496127,0
2025-11-02T13:15:00,969.7143552496127,969.7143552496127,0
2025-11-02T13:30:00,969.7143552496127,969.7143552496127,0
2025-11-02T13:45:00,969.7143552496127,969.7143552496127,0
2025-11-02T14:00:00,969.7143552496127,969.7143552496127,0
2025-11-02T14:15:00,969.7143552496127,969.7143552496127,0
2025-11-02T14:30:00,969.7143552496127,969.7143552496127,0
2025-11-02T14:45:00,969.7143552496127,969.7143552496127,0
2025-11-02T15:00:00,969.7143552496127,969.7143552496127,0
2025-11-02T15:15:00,969.7143552496127,969.7143552496127,0
2025-11-02T15:30:00,969.7143552496127,969.7143552496127,0
2025-11-02T15:45:00,969.7143552496127,969.7143552496127,0
2025-11-02T16:00:00,969.7143552496127,969.7143552496127,0
2025-11-02T16:15:00,969.7143552496127,969.7143552496127,0
2025-11-02T16:30:00,969.7143552496127,969.7143552496127,0
2025-11-02T16:45:00,969.7143552496127,969.7143552496127,0
2025-11-02T17:00:00,969.7143552496127,969.7143552496127,0
2025-11-02T17:15:00,969.7143552496127,969.7143552496127,0
2025-11-02T17:30:00,969.7143552496127,969.7143552496127,0
2025-11-02T17:45:00,969.7143552496127,969.7143552496127,0
2025-11-02T18:00:00,969.7143552496127,969.7143552496127,0
2025-11-02T18:15:00,969.7143552496127,969.7143552496127,0
2025-11-02T18:30:00,969.7143552496127,969.7143552496127,0
2025-11-02T18:45:00,969.7143552496127,969.7143552496127,0
2025-11-02T19:00:00,969.7143552496127,969.7143552496127,0
2025-11-02T19:15:00,969.7143552496127,969.7143552496127,0
2025-11-02T19:30:00,969.7143552496127,969.7143552496127,0
2025-11-02T19:45:00,969.7143552496127,969.7143552496127,0
2025-11-02T20:00:00,969.7143552496127,969.7143552496127,0
2025-11-02T20:15:00,969.7143552496127,969.7143552496127,0
2025-11-02T20:30:00,969.7143552496127,969.7143552496127,0
2025-11-02T20:45:00,969.7143552496127,969.7143552496127,0
2025-11-02T21:00:00,969.7143552496127,969.7143552496127,0
2025-11-02T21:15:00,969.7143552496127,969.7143552496127,0
2025-11-02T21:30:00,969.7143552496127,969.7143552496127,0
2025-11-02T21:45:00,969.7143552496127,969.7143552496127,0
2025-11-02T22:00:00,969.7143552496127,969.7143552496127,0
2025-11-02T22:15:00,969.7143552496127,969.7143552496127,0
2025-11-02T22:30:00,969.7143552496127,969.7143552496127,0
2025-11-02T22:45:00,969.7143552496127,969.7143552496127,0
2025-11-02T23:00:00,969.7143552496127,969.7143552496127,0
2025-11-02T23:15:00,969.7143552496127,969.7143552496127,0
2025-11-02T23:30:00,969.7143552496127,969.7143552496127,0
2025-11-02T23:45:00,969.7143552496127,969.7143552496127,0
2025-11-03T00:00:00,969.7143552496127,969.7143552496127,0
2025-11-03T00:15:00,969.7143552496127,969.7143552496127,0
2025-11-03T00:30:00,969.7143552496127,969.7143552496127,0
2025-11-03T00:45:00,969.7143552496127,969.7143552496127,0
2025-11-03T01:00:00,969.7143552496127,969.7143552496127,0
2025-11-03T01:15:00,969.7143552496127,969.7143552496127,0
2025-11-03T01:30:00,969.7143552496127,969.7143552496127,0
2025-11-03T01:45:00,969.7143552496127,969.7143552496127,0
2025-11-03T02:00:00,969.7143552496127,969.7143552496127,0
2025-11-03T02:15:00,969.7143552496127,969.7143552496127,0
2025-11-03T02:30:00,969.7143552496127,969.7143552496127,0
2025-11-03T02:45:00,969.7143552496127,969.7143552496127,0
2025-11-03T03:00:00,969.7143552496127,969.7143552496127,0
2025-11-03T03:15:00,969.7143552496127,969.7143552496127,0
2025-11-03T03:30:00,969.7143552496127,969.7143552496127,0
2025-11-03T03:45:00,969.7143552496127,969.7143552496127,0
2025-11-03T04:00:00,969.7143552496127,969.7143552496127,0
2025-11-03T04:15:00,969.7143552496127,969.7143552496127,0
2025-11-03T04:30:00,969.7143552496127,969.7143552496127,0
2025-11-03T04:45:00,969.7143552496127,969.7143552496127,0
2025-11-03T05:00:00,969.7143552496127,969.7143552496127,0
2025-11-03T05:15:00,969.7143552496127,969.7143552496127,0
2025-11-03T05:30:00,969.7143552496127,969.7143552496127,0
2025-11-03T05:45:00,969.7143552496127,969.7143552496127,0
2025-11-03T06:00:00,969.7143552496127,969.7143552496127,0
2025-11-03T06:15:00,969.7143552496127,969.7143552496127,0
2025-11-03T06:30:00,969.7143552496127,969.7143552496127,0
2025-11-03T06:45:00,969.7143552496127,969.7143552496127,0
2025-11-03T07:00:00,969.7143552496127,969.7143552496127,0
2025-11-03T07:15:00,969.7143552496127,969.7143552496127,0
2025-11-03T07:30:00,969.7143552496127,969.7143552496127,0
2025-11-03T07:45:00,969.7143552496127,969.7143552496127,0
2025-11-03T08:00:00,969.7143552496127,969.7143552496127,0
2025-11-03T08:15:00,969.7143552496127,969.7143552496127,0
2025-11-03T08:30:00,969.7143552496127,969.7143552496127,0
2025-11-03T08:45:00,969.7143552496127,969.7143552496127,0
2025-11-03T09:00:00,969.7143552496127,969.7143552496127,0
2025-11-03T09:15:00,969.7143552496127,969.7143552496127,0
2025-11-03T09:30:00,969.7143552496127,969.7143552496127,0
2025-11-03T09:45:00,969.7143552496127,969.7143552496127,0
2025-11-03T10:00:00,969.7143552496127,969.7143552496127,0
2025-11-03T10:15:00,969.7143552496127,969.7143552496127,0
2025-11-03T10:30:00,969.7143552496127,969.7143552496127,0
2025-11-03T10:45:00,969.7143552496127,969.7143552496127,0
2025-11-03T11:00:00,968.6813555000261,833.737129499091,1
2025-11-03T11:15:00,967.1953302297618,833.737129499091,1
2025-11-03T11:30:00,966.5494241964489,833.737129499091,1
2025-11-03T11:45:00,966.4331905366955,833.737129499091,1
2025-11-03T12:00:00,964.8000340515533,833.737129499091,1
2025-11-03T12:15:00,963.8897711614177,963.8897711614177,0
2025-11-03T12:30:00,963.8897711614177,963.8897711614177,0
2025-11-03T12:45:00,963.8897711614177,963.8897711614177,0
2025-11-03T13:00:00,963.8897711614177,963.8897711614177,0
2025-11-03T13:15:00,963.8897711614177,963.8897711614177,0
2025-11-03T13:30:00,963.8897711614177,963.8897711614177,0
2025-11-03T13:45:00,963.8897711614177,963.8897711614177,0
2025-11-03T14:00:00,963.8897711614177,963.8897711614177,0
2025-11-03T14:15:00,963.8897711614177,963.8897711614177,0
2025-11-03T14:30:00,963.8897711614177,963.8897711614177,0
2025-11-03T14:45:00,963.8897711614177,963.8897711614177,0
2025-11-03T15:00:00,963.8897711614177,963.8897711614177,0
2025-11-03T15:15:00,963.8897711614177,963.8897711614177,0
2025-11-03T15:30:00,963.8897711614177,963.8897711614177,0
2025-11-03T15:45:00,963.8897711614177,963.8897711614177,0
2025-11-03T16:00:00,963.8897711614177,963.8897711614177,0
2025-11-03T16:15:00,963.8897711614177,963.8897711614177,0
2025-11-03T16:30:00,963.8897711614177,963.8897711614177,0
2025-11-03T16:45:00,963.8897711614177,963.8897711614177,0
2025-11-03T17:00:00,963.8897711614177,963.8897711614177,0
2025-11-03T17:15:00,963.8897711614177,963.8897711614177,0
2025-11-03T17:30:00,963.8897711614177,963.8897711614177,0
2025-11-03T17:45:00,963.8897711614177,963.8897711614177,0
2025-11-03T18:00:00,963.8897711614177,963.8897711614177,0
2025-11-03T18:15:00,963.8897711614177,963.8897711614177,0
2025-11-03T18:30:00,963.8897711614177,963.8897711614177,0
2025-11-03T18:45:00,963.8897711614177,963.8897711614177,0
2025-11-03T19:00:00,963.8897711614177,963.8897711614177,0
2025-11-03T19:15:00,963.8897711614177,963.8897711614177,0
2025-11-03T19:30:00,963.8897711614177,963.8897711614177,0
2025-11-03T19:45:00,963.8897711614177,963.8897711614177,0
2025-11-03T20:00:00,963.8897711614177,963.8897711614177,0
2025-11-03T20:15:00,963.8897711614177,963.8897711614177,0
2025-11-03T20:30:00,963.8897711614177,963.8897711614177,0
2025-11-03T20:45:00,963.8897711614177,963.8897711614177,0
2025-11-03T21:00:00,963.8897711614177,963.8897711614177,0
2025-11-03T21:15:00,963.8897711614177,963.8897711614177,0
2025-11-03T21:30:00,963.8897711614177,963.8897711614177,0
2025-11-03T21:45:00,963.8897711614177,963.8897711614177,0
2025-11-03T22:00:00,963.8897711614177,963.8897711614177,0
2025-11-03T22:15:00,963.8897711614177,963.8897711614177,0
2025-11-03T22:30:00,963.8897711614177,963.8897711614177,0
2025-11-03T22:45:00,963.8897711614177,963.8897711614177,0
2025-11-03T23:00:00,963.8897711614177,963.8897711614177,0
2025-11-03T23:15:00,963.8897711614177,963.8897711614177,0
2025-11-03T23:30:00,963.8897711614177,963.8897711614177,0
2025-11-03T23:45:00,963.8897711614177,963.8897711614177,0
2025-11-04T00:00:00,963.8897711614177,963.8897711614177,0
2025-11-04T00:15:00,963.8897711614177,963.8897711614177,0
2025-11-04T00:30:00,963.8897711614177,963.8897711614177,0
2025-11-04T00:45:00,963.8897711614177,963.8897711614177,0
2025-11-04T01:00:00,963.8897711614177,963.8897711614177,0
2025-11-04T01:15:00,963.8897711614177,963.8897711614177,0
2025-11-04T01:30:00,963.8897711614177,963.8897711614177,0
2025-11-04T01:45:00,963.8897711614177,963.8897711614177,0
2025-11-04T02:00:00,963.8897711614177,963.8897711614177,0
2025-11-04T02:15:00,963.8897711614177,963.8897711614177,0
2025-11-04T02:30:00,963.8897711614177,963.8897711614177,0
2025-11-04T02:45:00,963.8897711614177,963.8897711614177,0
2025-11-04T03:00:00,963.8897711614177,963.8897711614177,0
2025-11-04T03:15:00,963.8897711614177,963.8897711614177,0
2025-11-04T03:30:00,963.8897711614177,963.8897711614177,0
2025-11-04T03:45:00,963.8897711614177,963.8897711614177,0
2025-11-04T04:00:00,963.8897711614177,963.8897711614177,0
2025-11-04T04:15:00,963.8897711614177,963.8897711614177,0
2025-11-04T04:30:00,963.8897711614177,963.8897711614177,0
2025-11-04T04:45:00,963.8897711614177,963.8897711614177,0
2025-11-04T05:00:00,963.8897711614177,963.8897711614177,0
2025-11-04T05:15:00,963.8897711614177,963.8897711614177,0
2025-11-04T05:30:00,963.8897711614177,963.8897711614177,0
2025-11-04T05:45:00,963.8897711614177,963.8897711614177,0
2025-11-04T06:00:00,963.8897711614177,963.8897711614177,0
2025-11-04T06:15:00,963.8897711614177,963.8897711614177,0
2025-11-04T06:30:00,963.8897711614177,963.8897711614177,0
2025-11-04T06:45:00,963.8897711614177,963.8897711614177,0
2025-11-04T07:00:00,963.8897711614177,963.8897711614177,0
2025-11-04T07:15:00,963.8897711614177,963.8897711614177,0
2025-11-04T07:30:00,963.8897711614177,963.8897711614177,0
2025-11-04T07:45:00,963.8897711614177,963.8897711614177,0
2025-11-04T08:00:00,963.8897711614177,963.8897711614177,0
2025-11-04T08:15:00,963.8897711614177,963.8897711614177,0
2025-11-04T08:30:00,963.8897711614177,963.8897711614177,0
2025-11-04T08:45:00,963.8897711614177,963.8897711614177,0
2025-11-04T09:00:00,963.8897711614177,963.8897711614177,0
2025-11-04T09:15:00,963.8897711614177,963.8897711614177,0
2025-11-04T09:30:00,963.8897711614177,963.8897711614177,0
2025-11-04T09:45:00,963.8897711614177,963.8897711614177,0
2025-11-04T10:00:00,963.8897711614177,963.8897711614177,0
2025-11-04T10:15:00,963.8897711614177,963.8897711614177,0
2025-11-04T10:30:00,963.8897711614177,963.8897711614177,0
2025-11-04T10:45:00,963.8897711614177,963.8897711614177,0
2025-11-04T11:00:00,963.8897711614177,963.8897711614177,0
2025-11-04T11:15:00,963.8897711614177,963.8897711614177,0
2025-11-04T11:30:00,963.8897711614177,963.8897711614177,0
2025-11-04T11:45:00,963.8897711614177,963.8897711614177,0
2025-11-04T12:00:00,963.8897711614177,963.8897711614177,0
2025-11-04T12:15:00,963.8897711614177,963.8897711614177,0
2025-11-04T12:30:00,963.8897711614177,963.8897711614177,0
2025-11-04T12:45:00,963.8897711614177,963.8897711614177,0
2025-11-04T13:00:00,963.8897711614177,963.8897711614177,0
2025-11-04T13:15:00,963.8897711614177,963.8897711614177,0
2025-11-04T13:30:00,963.8897711614177,963.8897711614177,0
2025-11-04T13:45:00,963.8897711614177,963.8897711614177,0
2025-11-04T14:00:00,963.8897711614177,963.8897711614177,0
2025-11-04T14:15:00,963.8897711614177,963.8897711614177,0
2025-11-04T14:30:00,963.8897711614177,963.8897711614177,0
2025-11-04T14:45:00,963.8897711614177,963.8897711614177,0
2025-11-04T15:00:00,963.8897711614177,963.8897711614177,0
2025-11-04T15:15:00,963.8897711614177,963.8897711614177,0
2025-11-04T15:30:00,963.8897711614177,963.8897711614177,0
2025-11-04T15:45:00,963.8897711614177,963.8897711614177,0
2025-11-04T16:00:00,963.8897711614177,963.8897711614177,0
2025-11-04T16:15:00,963.8897711614177,963.8897711614177,0
2025-11-04T16:30:00,963.8897711614177,963.8897711614177,0
2025-11-04T16:45:00,963.8897711614177,963.8897711614177,0
2025-11-04T17:00:00,962.862976119302,828.729291890079,1
2025-11-04T17:15:00,962.8006964466442,828.729291890079,1
2025-11-04T17:30:00,962.0980539858904,828.729291890079,1
2025-11-04T17:45:00,964.7601107633374,828.729291890079,1
2025-11-04T18:00:00,968.1264069162218,828.729291890079,1
2025-11-04T18:15:00,973.2141770979532,828.729291890079,1
2025-11-04T18:30:00,973.7746941518727,828.729291890079,1
2025-11-04T18:45:00,975.9433042921085,828.729291890079,1
2025-11-04T19:00:00,975.5728200855292,828.729291890079,1
2025-11-04T19:15:00,977.6152739657659,828.729291890079,1
2025-11-04T19:30:00,980.7771650391584,828.729291890079,1
2025-11-04T19:45:00,987.4985789421424,828.729291890079,1
2025-11-04T20:00:00,987.8211557082159,828.729291890079,1
2025-11-04T20:15:00,994.8938908415769,828.729291890079,1
2025-11-04T20:30:00,989.8476404416174,828.729291890079,1
2025-11-04T20:45:00,990.2804043208544,828.729291890079,1
2025-11-04T21:00:00,994.7900913871473,828.729291890079,1
2025-11-04T21:15:00,998.0877202086399,828.729291890079,1
2025-11-04T21:30:00,1007.212490710339,828.729291890079,1
2025-11-04T21:45:00,990.0648208385776,828.729291890079,1
2025-11-04T22:00:00,981.0503146011426,981.0503146011426,0
2025-11-04T22:15:00,981.0503146011426,981.0503146011426,0
2025-11-04T22:30:00,981.0503146011426,981.0503146011426,0
2025-11-04T22:45:00,981.0503146011426,981.0503146011426,0
2025-11-04T23:00:00,981.0503146011426,981.0503146011426,0
2025-11-04T23:15:00,981.0503146011426,981.0503146011426,0
2025-11-04T23:30:00,981.0503146011426,981.0503146011426,0
2025-11-04T23:45:00,981.0503146011426,981.0503146011426,0
2025-11-05T00:00:00,981.0503146011426,981.0503146011426,0
2025-11-05T00:15:00,981.0503146011426,981.0503146011426,0
2025-11-05T00:30:00,981.0503146011426,981.0503146011426,0
2025-11-05T00:45:00,981.0503146011426,981.0503146011426,0
2025-11-05T01:00:00,981.0503146011426,981.0503146011426,0
2025-11-05T01:15:00,981.0503146011426,981.0503146011426,0
2025-11-05T01:30:00,981.0503146011426,981.0503146011426,0
2025-11-05T01:45:00,981.0503146011426,981.0503146011426,0
2025-11-05T02:00:00,981.0503146011426,981.0503146011426,0
2025-11-05T02:15:00,981.0503146011426,981.0503146011426,0
2025-11-05T02:30:00,981.0503146011426,981.0503146011426,0
2025-11-05T02:45:00,981.0503146011426,981.0503146011426,0
2025-11-05T03:00:00,981.0503146011426,981.0503146011426,0
2025-11-05T03:15:00,981.0503146011426,981.0503146011426,0
2025-11-05T03:30:00,981.0503146011426,981.0503146011426,0
2025-11-05T03:45:00,981.0503146011426,981.0503146011426,0
2025-11-05T04:00:00,981.0503146011426,981.0503146011426,0
2025-11-05T04:15:00,981.0503146011426,981.0503146011426,0
2025-11-05T04:30:00,981.0503146011426,981.0503146011426,0
2025-11-05T04:45:00,981.0503146011426,981.0503146011426,0
2025-11-05T05:00:00,981.0503146011426,981.0503146011426,0
2025-11-05T05:15:00,981.0503146011426,981.0503146011426,0
2025-11-05T05:30:00,981.0503146011426,981.0503146011426,0
2025-11-05T05:45:00,981.0503146011426,981.0503146011426,0
2025-11-05T06:00:00,981.0503146011426,981.0503146011426,0
2025-11-05T06:15:00,981.0503146011426,981.0503146011426,0
2025-11-05T06:30:00,981.0503146011426,981.0503146011426,0
2025-11-05T06:45:00,981.0503146011426,981.0503146011426,0
2025-11-05T07:00:00,981.0503146011426,981.0503146011426,0
2025-11-05T07:15:00,981.0503146011426,981.0503146011426,0
2025-11-05T07:30:00,981.0503146011426,981.0503146011426,0
2025-11-05T07:45:00,981.0503146011426,981.0503146011426,0
2025-11-05T08:00:00,981.0503146011426,981.0503146011426,0
2025-11-05T08:15:00,981.0503146011426,981.0503146011426,0
2025-11-05T08:30:00,981.0503146011426,981.0503146011426,0
2025-11-05T08:45:00,981.0503146011426,981.0503146011426,0
2025-11-05T09:00:00,981.0503146011426,981.0503146011426,0
2025-11-05T09:15:00,981.0503146011426,981.0503146011426,0
2025-11-05T09:30:00,981.0503146011426,981.0503146011426,0
2025-11-05T09:45:00,981.0503146011426,981.0503146011426,0
2025-11-05T10:00:00,981.0503146011426,981.0503146011426,0
2025-11-05T10:15:00,981.0503146011426,981.0503146011426,0
2025-11-05T10:30:00,981.0503146011426,981.0503146011426,0
2025-11-05T10:45:00,981.0503146011426,981.0503146011426,0
2025-11-05T11:00:00,980.0052390860401,843.483515286512,1
2025-11-05T11:15:00,979.10171928624,843.483515286512,1
2025-11-05T11:30:00,977.4936559076244,977.4936559076244,0
2025-11-05T11:45:00,977.4936559076244,977.4936559076244,0
2025-11-05T12:00:00,977.4936559076244,977.4936559076244,0
2025-11-05T12:15:00,977.4936559076244,977.4936559076244,0
2025-11-05T12:30:00,977.4936559076244,977.4936559076244,0
2025-11-05T12:45:00,977.4936559076244,977.4936559076244,0
2025-11-05T13:00:00,977.4936559076244,977.4936559076244,0
2025-11-05T13:15:00,977.4936559076244,977.4936559076244,0
2025-11-05T13:30:00,977.4936559076244,977.4936559076244,0
2025-11-05T13:45:00,977.4936559076244,977.4936559076244,0
2025-11-05T14:00:00,977.4936559076244,977.4936559076244,0
2025-11-05T14:15:00,977.4936559076244,977.4936559076244,0
2025-11-05T14:30:00,977.4936559076244,977.4936559076244,0
2025-11-05T14:45:00,977.4936559076244,977.4936559076244,0
2025-11-05T15:00:00,977.4936559076244,977.4936559076244,0
2025-11-05T15:15:00,977.4936559076244,977.4936559076244,0
2025-11-05T15:30:00,977.4936559076244,977.4936559076244,0
2025-11-05T15:45:00,977.4936559076244,977.4936559076244,0
2025-11-05T16:00:00,977.4936559076244,977.4936559076244,0
2025-11-05T16:15:00,977.4936559076244,977.4936559076244,0
2025-11-05T16:30:00,977.4936559076244,977.4936559076244,0
2025-11-05T16:45:00,977.4936559076244,977.4936559076244,0
2025-11-05T17:00:00,976.4548324550492,840.4255855016337,1
2025-11-05T17:15:00,979.3127074386528,840.4255855016337,1
2025-11-05T17:30:00,978.673361804737,840.4255855016337,1
2025-11-05T17:45:00,979.0793462822735,840.4255855016337,1
2025-11-05T18:00:00,978.4639761096296,840.4255855016337,1
2025-11-05T18:15:00,980.0079958155362,840.4255855016337,1
2025-11-05T18:30:00,982.9553791878881,840.4255855016337,1
2025-11-05T18:45:00,983.2382896308958,840.4255855016337,1
2025-11-05T19:00:00,981.1156621262954,840.4255855016337,1
2025-11-05T19:15:00,982.2073447962066,840.4255855016337,1
2025-11-05T19:30:00,984.1141931493605,840.4255855016337,1
2025-11-05T19:45:00,982.1322216842215,840.4255855016337,1
2025-11-05T20:00:00,985.9986644053273,840.4255855016337,1
2025-11-05T20:15:00,982.1525062415095,982.1525062415095,0
2025-11-05T20:30:00,982.1525062415095,982.1525062415095,0
2025-11-05T20:45:00,982.1525062415095,982.1525062415095,0
2025-11-05T21:00:00,982.1525062415095,982.1525062415095,0
2025-11-05T21:15:00,982.1525062415095,982.1525062415095,0
2025-11-05T21:30:00,982.1525062415095,982.1525062415095,0
2025-11-05T21:45:00,982.1525062415095,982.1525062415095,0
2025-11-05T22:00:00,982.1525062415095,982.1525062415095,0
2025-11-05T22:15:00,982.1525062415095,982.1525062415095,0
2025-11-05T22:30:00,982.1525062415095,982.1525062415095,0
2025-11-05T22:45:00,982.1525062415095,982.1525062415095,0
2025-11-05T23:00:00,982.1525062415095,982.1525062415095,0
2025-11-05T23:15:00,982.1525062415095,982.1525062415095,0
2025-11-05T23:30:00,982.1525062415095,982.1525062415095,0
2025-11-05T23:45:00,982.1525062415095,982.1525062415095,0
2025-11-06T00:00:00,982.1525062415095,982.1525062415095,0
2025-11-06T00:15:00,982.1525062415095,982.1525062415095,0
2025-11-06T00:30:00,982.1525062415095,982.1525062415095,0
2025-11-06T00:45:00,982.1525062415095,982.1525062415095,0
2025-11-06T01:00:00,982.1525062415095,982.1525062415095,0
2025-11-06T01:15:00,982.1525062415095,982.1525062415095,0
2025-11-06T01:30:00,982.1525062415095,982.1525062415095,0
2025-11-06T01:45:00,982.1525062415095,982.1525062415095,0
2025-11-06T02:00:00,982.1525062415095,982.1525062415095,0
2025-11-06T02:15:00,982.1525062415095,982.1525062415095,0
2025-11-06T02:30:00,982.1525062415095,982.1525062415095,0
2025-11-06T02:45:00,982.1525062415095,982.1525062415095,0
2025-11-06T03:00:00,982.1525062415095,982.1525062415095,0
2025-11-06T03:15:00,982.1525062415095,982.1525062415095,0
2025-11-06T03:30:00,982.1525062415095,982.1525062415095,0
2025-11-06T03:45:00,982.1525062415095,982.1525062415095,0
2025-11-06T04:00:00,982.1525062415095,982.1525062415095,0
2025-11-06T04:15:00,982.1525062415095,982.1525062415095,0
2025-11-06T04:30:00,982.1525062415095,982.1525062415095,0
2025-11-06T04:45:00,982.1525062415095,982.1525062415095,0
2025-11-06T05:00:00,982.1525062415095,982.1525062415095,0
2025-11-06T05:15:00,982.1525062415095,982.1525062415095,0
2025-11-06T05:30:00,982.1525062415095,982.1525062415095,0
2025-11-06T05:45:00,982.1525062415095,982.1525062415095,0
2025-11-06T06:00:00,982.1525062415095,982.1525062415095,0
2025-11-06T06:15:00,982.1525062415095,982.1525062415095,0
2025-11-06T06:30:00,982.1525062415095,982.1525062415095,0
2025-11-06T06:45:00,982.1525062415095,982.1525062415095,0
2025-11-06T07:00:00,982.1525062415095,982.1525062415095,0
2025-11-06T07:15:00,982.1525062415095,982.1525062415095,0
2025-11-06T07:30:00,982.1525062415095,982.1525062415095,0
2025-11-06T07:45:00,982.1525062415095,982.1525062415095,0
2025-11-06T08:00:00,982.1525062415095,982.1525062415095,0
2025-11-06T08:15:00,982.1525062415095,982.1525062415095,0
2025-11-06T08:30:00,982.1525062415095,982.1525062415095,0
2025-11-06T08:45:00,982.1525062415095,982.1525062415095,0
2025-11-06T09:00:00,982.1525062415095,982.1525062415095,0
2025-11-06T09:15:00,982.1525062415095,982.1525062415095,0
2025-11-06T09:30:00,982.1525062415095,982.1525062415095,0
2025-11-06T09:45:00,982.1525062415095,982.1525062415095,0
2025-11-06T10:00:00,982.1525062415095,982.1525062415095,0
2025-11-06T10:15:00,982.1525062415095,982.1525062415095,0
2025-11-06T10:30:00,982.1525062415095,982.1525062415095,0
2025-11-06T10:45:00,982.1525062415095,982.1525062415095,0
2025-11-06T11:00:00,982.1525062415095,982.1525062415095,0
2025-11-06T11:15:00,982.1525062415095,982.1525062415095,0
2025-11-06T11:30:00,982.1525062415095,982.1525062415095,0
2025-11-06T11:45:00,982.1525062415095,982.1525062415095,0
2025-11-06T12:00:00,982.1525062415095,982.1525062415095,0
2025-11-06T12:15:00,982.1525062415095,982.1525062415095,0
2025-11-06T12:30:00,982.1525062415095,982.1525062415095,0
2025-11-06T12:45:00,982.1525062415095,982.1525062415095,0
2025-11-06T13:00:00,982.1525062415095,982.1525062415095,0
2025-11-06T13:15:00,982.1525062415095,982.1525062415095,0
2025-11-06T13:30:00,982.1525062415095,982.1525062415095,0
2025-11-06T13:45:00,982.1525062415095,982.1525062415095,0
2025-11-06T14:00:00,982.1525062415095,982.1525062415095,0
2025-11-06T14:15:00,982.1525062415095,982.1525062415095,0
2025-11-06T14:30:00,982.1525062415095,982.1525062415095,0
2025-11-06T14:45:00,982.1525062415095,982.1525062415095,0
2025-11-06T15:00:00,982.1525062415095,982.1525062415095,0
2025-11-06T15:15:00,982.1525062415095,982.1525062415095,0
2025-11-06T15:30:00,982.1525062415095,982.1525062415095,0
2025-11-06T15:45:00,982.1525062415095,982.1525062415095,0
2025-11-06T16:00:00,982.1525062415095,982.1525062415095,0
2025-11-06T16:15:00,982.1525062415095,982.1525062415095,0
2025-11-06T16:30:00,982.1525062415095,982.1525062415095,0
2025-11-06T16:45:00,982.1525062415095,982.1525062415095,0
2025-11-06T17:00:00,982.1525062415095,982.1525062415095,0
2025-11-06T17:15:00,982.1525062415095,982.1525062415095,0
2025-11-06T17:30:00,982.1525062415095,982.1525062415095,0
2025-11-06T17:45:00,982.1525062415095,982.1525062415095,0
2025-11-06T18:00:00,982.1525062415095,982.1525062415095,0
2025-11-06T18:15:00,982.1525062415095,982.1525062415095,0
2025-11-06T18:30:00,982.1525062415095,982.1525062415095,0
2025-11-06T18:45:00,982.1525062415095,982.1525062415095,0
2025-11-06T19:00:00,982.1525062415095,982.1525062415095,0
2025-11-06T19:15:00,982.1525062415095,982.1525062415095,0
2025-11-06T19:30:00,982.1525062415095,982.1525062415095,0
2025-11-06T19:45:00,982.1525062415095,982.1525062415095,0
2025-11-06T20:00:00,982.1525062415095,982.1525062415095,0
2025-11-06T20:15:00,982.1525062415095,982.1525062415095,0
2025-11-06T20:30:00,982.1525062415095,982.1525062415095,0
2025-11-06T20:45:00,982.1525062415095,982.1525062415095,0
2025-11-06T21:00:00,982.1525062415095,982.1525062415095,0
2025-11-06T21:15:00,982.1525062415095,982.1525062415095,0
2025-11-06T21:30:00,982.1525062415095,982.1525062415095,0
2025-11-06T21:45:00,982.1525062415095,982.1525062415095,0
2025-11-06T22:00:00,982.1525062415095,982.1525062415095,0
2025-11-06T22:15:00,982.1525062415095,982.1525062415095,0
2025-11-06T22:30:00,982.1525062415095,982.1525062415095,0
2025-11-06T22:45:00,982.1525062415095,982.1525062415095,0
2025-11-06T23:00:00,982.1525062415095,982.1525062415095,0
2025-11-06T23:15:00,982.1525062415095,982.1525062415095,0
2025-11-06T23:30:00,982.1525062415095,982.1525062415095,0
2025-11-06T23:45:00,982.1525062415095,982.1525062415095,0
2025-11-07T00:00:00,982.1525062415095,982.1525062415095,0
2025-11-07T00:15:00,982.1525062415095,982.1525062415095,0
2025-11-07T00:30:00,982.1525062415095,982.1525062415095,0
2025-11-07T00:45:00,982.1525062415095,982.1525062415095,0
2025-11-07T01:00:00,982.1525062415095,982.1525062415095,0
2025-11-07T01:15:00,982.1525062415095,982.1525062415095,0
2025-11-07T01:30:00,982.1525062415095,982.1525062415095,0
2025-11-07T01:45:00,982.1525062415095,982.1525062415095,0
2025-11-07T02:00:00,982.1525062415095,982.1525062415095,0
2025-11-07T02:15:00,982.1525062415095,982.1525062415095,0
2025-11-07T02:30:00,982.1525062415095,982.1525062415095,0
2025-11-07T02:45:00,982.1525062415095,982.1525062415095,0
2025-11-07T03:00:00,982.1525062415095,982.1525062415095,0
2025-11-07T03:15:00,982.1525062415095,982.1525062415095,0
2025-11-07T03:30:00,982.1525062415095,982.1525062415095,0
2025-11-07T03:45:00,982.1525062415095,982.1525062415095,0
2025-11-07T04:00:00,982.1525062415095,982.1525062415095,0
2025-11-07T04:15:00,982.1525062415095,982.1525062415095,0
2025-11-07T04:30:00,982.1525062415095,982.1525062415095,0
2025-11-07T04:45:00,982.1525062415095,982.1525062415095,0
2025-11-07T05:00:00,982.1525062415095,982.1525062415095,0
2025-11-07T05:15:00,982.1525062415095,982.1525062415095,0
2025-11-07T05:30:00,982.1525062415095,982.1525062415095,0
2025-11-07T05:45:00,982.1525062415095,982.1525062415095,0
2025-11-07T06:00:00,982.1525062415095,982.1525062415095,0
2025-11-07T06:15:00,982.1525062415095,982.1525062415095,0
2025-11-07T06:30:00,982.1525062415095,982.1525062415095,0
2025-11-07T06:45:00,982.1525062415095,982.1525062415095,0
2025-11-07T07:00:00,982.1525062415095,982.1525062415095,0
2025-11-07T07:15:00,982.1525062415095,982.1525062415095,0
2025-11-07T07:30:00,982.1525062415095,982.1525062415095,0
2025-11-07T07:45:00,982.1525062415095,982.1525062415095,0
2025-11-07T08:00:00,982.1525062415095,982.1525062415095,0
2025-11-07T08:15:00,982.1525062415095,982.1525062415095,0
2025-11-07T08:30:00,982.1525062415095,982.1525062415095,0
2025-11-07T08:45:00,982.1525062415095,982.1525062415095,0
2025-11-07T09:00:00,982.1525062415095,982.1525062415095,0
2025-11-07T09:15:00,982.1525062415095,982.1525062415095,0
2025-11-07T09:30:00,982.1525062415095,982.1525062415095,0
2025-11-07T09:45:00,982.1525062415095,982.1525062415095,0
2025-11-07T10:00:00,982.1525062415095,982.1525062415095,0
2025-11-07T10:15:00,982.1525062415095,982.1525062415095,0
2025-11-07T10:30:00,982.1525062415095,982.1525062415095,0
2025-11-07T10:45:00,982.1525062415095,982.1525062415095,0
2025-11-07T11:00:00,981.106256603654,844.4311532063001,1
2025-11-07T11:15:00,984.8959323242957,844.4311532063001,1
2025-11-07T11:30:00,983.6908188302818,844.4311532063001,1
2025-11-07T11:45:00,980.1634922551067,844.4311532063001,1
2025-11-07T12:00:00,982.1285719834073,844.4311532063001,1
2025-11-07T12:15:00,987.7276105202017,844.4311532063001,1
2025-11-07T12:30:00,987.7750026238989,844.4311532063001,1
2025-11-07T12:45:00,986.4124796426051,844.4311532063001,1
2025-11-07T13:00:00,985.1955181226672,844.4311532063001,1
2025-11-07T13:15:00,983.9887120535212,844.4311532063001,1
2025-11-07T13:30:00,984.6437386296215,844.4311532063001,1
2025-11-07T13:45:00,982.9365729312362,982.9365729312362,0
2025-11-07T14:00:00,982.9365729312362,982.9365729312362,0
2025-11-07T14:15:00,982.9365729312362,982.9365729312362,0
2025-11-07T14:30:00,982.9365729312362,982.9365729312362,0
2025-11-07T14:45:00,982.9365729312362,982.9365729312362,0
2025-11-07T15:00:00,982.9365729312362,982.9365729312362,0
2025-11-07T15:15:00,982.9365729312362,982.9365729312362,0
2025-11-07T15:30:00,982.9365729312362,982.9365729312362,0
2025-11-07T15:45:00,982.9365729312362,982.9365729312362,0
2025-11-07T16:00:00,982.9365729312362,982.9365729312362,0
2025-11-07T16:15:00,982.9365729312362,982.9365729312362,0
2025-11-07T16:30:00,982.9365729312362,982.9365729312362,0
2025-11-07T16:45:00,982.9365729312362,982.9365729312362,0
2025-11-07T17:00:00,982.9365729312362,982.9365729312362,0
2025-11-07T17:15:00,982.9365729312362,982.9365729312362,0
2025-11-07T17:30:00,982.9365729312362,982.9365729312362,0
2025-11-07T17:45:00,982.9365729312362,982.9365729312362,0
2025-11-07T18:00:00,982.9365729312362,982.9365729312362,0
2025-11-07T18:15:00,982.9365729312362,982.9365729312362,0
2025-11-07T18:30:00,982.9365729312362,982.9365729312362,0
2025-11-07T18:45:00,982.9365729312362,982.9365729312362,0
2025-11-07T19:00:00,982.9365729312362,982.9365729312362,0
2025-11-07T19:15:00,982.9365729312362,982.9365729312362,0
2025-11-07T19:30:00,982.9365729312362,982.9365729312362,0
2025-11-07T19:45:00,982.9365729312362,982.9365729312362,0
2025-11-07T20:00:00,982.9365729312362,982.9365729312362,0
2025-11-07T20:15:00,982.9365729312362,982.9365729312362,0
2025-11-07T20:30:00,982.9365729312362,982.9365729312362,0
2025-11-07T20:45:00,982.9365729312362,982.9365729312362,0
2025-11-07T21:00:00,982.9365729312362,982.9365729312362,0
2025-11-07T21:15:00,982.9365729312362,982.9365729312362,0
2025-11-07T21:30:00,982.9365729312362,982.9365729312362,0
2025-11-07T21:45:00,982.9365729312362,982.9365729312362,0
2025-11-07T22:00:00,982.9365729312362,982.9365729312362,0
2025-11-07T22:15:00,982.9365729312362,982.9365729312362,0
2025-11-07T22:30:00,982.9365729312362,982.9365729312362,0
2025-11-07T22:45:00,982.9365729312362,982.9365729312362,0
2025-11-07T23:00:00,982.9365729312362,982.9365729312362,0
2025-11-07T23:15:00,982.9365729312362,982.9365729312362,0
2025-11-07T23:30:00,982.9365729312362,982.9365729312362,0
2025-11-07T23:45:00,982.9365729312362,982.9365729312362,0
2025-11-08T00:00:00,982.9365729312362,982.9365729312362,0
2025-11-08T00:15:00,982.9365729312362,982.9365729312362,0
2025-11-08T00:30:00,982.9365729312362,982.9365729312362,0
2025-11-08T00:45:00,982.9365729312362,982.9365729312362,0
2025-11-08T01:00:00,982.9365729312362,982.9365729312362,0
2025-11-08T01:15:00,982.9365729312362,982.9365729312362,0
2025-11-08T01:30:00,982.9365729312362,982.9365729312362,0
2025-11-08T01:45:00,982.9365729312362,982.9365729312362,0
2025-11-08T02:00:00,982.9365729312362,982.9365729312362,0
2025-11-08T02:15:00,982.9365729312362,982.9365729312362,0
2025-11-08T02:30:00,982.9365729312362,982.9365729312362,0
2025-11-08T02:45:00,982.9365729312362,982.9365729312362,0
2025-11-08T03:00:00,982.9365729312362,982.9365729312362,0
2025-11-08T03:15:00,982.9365729312362,982.9365729312362,0
2025-11-08T03:30:00,982.9365729312362,982.9365729312362,0
2025-11-08T03:45:00,982.9365729312362,982.9365729312362,0
2025-11-08T04:00:00,982.9365729312362,982.9365729312362,0
2025-11-08T04:15:00,982.9365729312362,982.9365729312362,0
2025-11-08T04:30:00,982.9365729312362,982.9365729312362,0
2025-11-08T04:45:00,982.9365729312362,982.9365729312362,0
2025-11-08T05:00:00,982.9365729312362,982.9365729312362,0
2025-11-08T05:15:00,982.9365729312362,982.9365729312362,0
2025-11-08T05:30:00,982.9365729312362,982.9365729312362,0
2025-11-08T05:45:00,982.9365729312362,982.9365729312362,0
2025-11-08T06:00:00,982.9365729312362,982.9365729312362,0
2025-11-08T06:15:00,982.9365729312362,982.9365729312362,0
2025-11-08T06:30:00,982.9365729312362,982.9365729312362,0
2025-11-08T06:45:00,982.9365729312362,982.9365729312362,0
2025-11-08T07:00:00,982.9365729312362,982.9365729312362,0
2025-11-08T07:15:00,982.9365729312362,982.9365729312362,0
2025-11-08T07:30:00,982.9365729312362,982.9365729312362,0
2025-11-08T07:45:00,982.9365729312362,982.9365729312362,0
2025-11-08T08:00:00,982.9365729312362,982.9365729312362,0
2025-11-08T08:15:00,982.9365729312362,982.9365729312362,0
2025-11-08T08:30:00,982.9365729312362,982.9365729312362,0
2025-11-08T08:45:00,982.9365729312362,982.9365729312362,0
2025-11-08T09:00:00,982.9365729312362,982.9365729312362,0
2025-11-08T09:15:00,982.9365729312362,982.9365729312362,0
2025-11-08T09:30:00,982.9365729312362,982.9365729312362,0
2025-11-08T09:45:00,982.9365729312362,982.9365729312362,0
2025-11-08T10:00:00,982.9365729312362,982.9365729312362,0
2025-11-08T10:15:00,982.9365729312362,982.9365729312362,0
2025-11-08T10:30:00,982.9365729312362,982.9365729312362,0
2025-11-08T10:45:00,982.9365729312362,982.9365729312362,0
2025-11-08T11:00:00,982.9365729312362,982.9365729312362,0
2025-11-08T11:15:00,982.9365729312362,982.9365729312362,0
2025-11-08T11:30:00,982.9365729312362,982.9365729312362,0
2025-11-08T11:45:00,982.9365729312362,982.9365729312362,0
2025-11-08T12:00:00,982.9365729312362,982.9365729312362,0
2025-11-08T12:15:00,982.9365729312362,982.9365729312362,0
2025-11-08T12:30:00,982.9365729312362,982.9365729312362,0
2025-11-08T12:45:00,982.9365729312362,982.9365729312362,0
2025-11-08T13:00:00,982.9365729312362,982.9365729312362,0
2025-11-08T13:15:00,982.9365729312362,982.9365729312362,0
2025-11-08T13:30:00,982.9365729312362,982.9365729312362,0
2025-11-08T13:45:00,982.9365729312362,982.9365729312362,0
2025-11-08T14:00:00,982.9365729312362,982.9365729312362,0
2025-11-08T14:15:00,982.9365729312362,982.9365729312362,0
2025-11-08T14:30:00,982.9365729312362,982.9365729312362,0
2025-11-08T14:45:00,982.9365729312362,982.9365729312362,0
2025-11-08T15:00:00,982.9365729312362,982.9365729312362,0
2025-11-08T15:15:00,982.9365729312362,982.9365729312362,0
2025-11-08T15:30:00,982.9365729312362,982.9365729312362,0
2025-11-08T15:45:00,982.9365729312362,982.9365729312362,0
2025-11-08T16:00:00,982.9365729312362,982.9365729312362,0
2025-11-08T16:15:00,982.9365729312362,982.9365729312362,0
2025-11-08T16:30:00,982.9365729312362,982.9365729312362,0
2025-11-08T16:45:00,982.9365729312362,982.9365729312362,0
2025-11-08T17:00:00,982.9365729312362,982.9365729312362,0
2025-11-08T17:15:00,982.9365729312362,982.9365729312362,0
2025-11-08T17:30:00,982.9365729312362,982.9365729312362,0
2025-11-08T17:45:00,982.9365729312362,982.9365729312362,0
2025-11-08T18:00:00,982.9365729312362,982.9365729312362,0
2025-11-08T18:15:00,982.9365729312362,982.9365729312362,0
2025-11-08T18:30:00,982.9365729312362,982.9365729312362,0
2025-11-08T18:45:00,982.9365729312362,982.9365729312362,0
2025-11-08T19:00:00,982.9365729312362,982.9365729312362,0
2025-11-08T19:15:00,982.9365729312362,982.9365729312362,0
2025-11-08T19:30:00,982.9365729312362,982.9365729312362,0
2025-11-08T19:45:00,982.9365729312362,982.9365729312362,0
2025-11-08T20:00:00,982.9365729312362,982.9365729312362,0
2025-11-08T20:15:00,982.9365729312362,982.9365729312362,0
2025-11-08T20:30:00,982.9365729312362,982.9365729312362,0
2025-11-08T20:45:00,982.9365729312362,982.9365729312362,0
2025-11-08T21:00:00,982.9365729312362,982.9365729312362,0
2025-11-08T21:15:00,982.9365729312362,982.9365729312362,0
2025-11-08T21:30:00,982.9365729312362,982.9365729312362,0
2025-11-08T21:45:00,982.9365729312362,982.9365729312362,0
2025-11-08T22:00:00,982.9365729312362,982.9365729312362,0
2025-11-08T22:15:00,982.9365729312362,982.9365729312362,0
2025-11-08T22:30:00,982.9365729312362,982.9365729312362,0
2025-11-08T22:45:00,982.9365729312362,982.9365729312362,0
2025-11-08T23:00:00,982.9365729312362,982.9365729312362,0
2025-11-08T23:15:00,982.9365729312362,982.9365729312362,0
2025-11-08T23:30:00,982.9365729312362,982.9365729312362,0
2025-11-08T23:45:00,982.9365729312362,982.9365729312362,0
2025-11-09T00:00:00,982.9365729312362,982.9365729312362,0
2025-11-09T00:15:00,982.9365729312362,982.9365729312362,0
2025-11-09T00:30:00,982.9365729312362,982.9365729312362,0
2025-11-09T00:45:00,982.9365729312362,982.9365729312362,0
2025-11-09T01:00:00,982.9365729312362,982.9365729312362,0
2025-11-09T01:15:00,982.9365729312362,982.9365729312362,0
2025-11-09T01:30:00,982.9365729312362,982.9365729312362,0
2025-11-09T01:45:00,982.9365729312362,982.9365729312362,0
2025-11-09T02:00:00,982.9365729312362,982.9365729312362,0
2025-11-09T02:15:00,982.9365729312362,982.9365729312362,0
2025-11-09T02:30:00,982.9365729312362,982.9365729312362,0
2025-11-09T02:45:00,982.9365729312362,982.9365729312362,0
2025-11-09T03:00:00,982.9365729312362,982.9365729312362,0
2025-11-09T03:15:00,982.9365729312362,982.9365729312362,0
2025-11-09T03:30:00,982.9365729312362,982.9365729312362,0
2025-11-09T03:45:00,982.9365729312362,982.9365729312362,0
2025-11-09T04:00:00,982.9365729312362,982.9365729312362,0
2025-11-09T04:15:00,982.9365729312362,982.9365729312362,0
2025-11-09T04:30:00,982.9365729312362,982.9365729312362,0
2025-11-09T04:45:00,982.9365729312362,982.9365729312362,0
2025-11-09T05:00:00,982.9365729312362,982.9365729312362,0
2025-11-09T05:15:00,982.9365729312362,982.9365729312362,0
2025-11-09T05:30:00,982.9365729312362,982.9365729312362,0
2025-11-09T05:45:00,982.9365729312362,982.9365729312362,0
2025-11-09T06:00:00,982.9365729312362,982.9365729312362,0
2025-11-09T06:15:00,982.9365729312362,982.9365729312362,0
2025-11-09T06:30:00,982.9365729312362,982.9365729312362,0
2025-11-09T06:45:00,982.9365729312362,982.9365729312362,0
2025-11-09T07:00:00,982.9365729312362,982.9365729312362,0
2025-11-09T07:15:00,982.9365729312362,982.9365729312362,0
2025-11-09T07:30:00,982.9365729312362,982.9365729312362,0
2025-11-09T07:45:00,982.9365729312362,982.9365729312362,0
2025-11-09T08:00:00,982.9365729312362,982.9365729312362,0
2025-11-09T08:15:00,982.9365729312362,982.9365729312362,0
2025-11-09T08:30:00,982.9365729312362,982.9365729312362,0
2025-11-09T08:45:00,982.9365729312362,982.9365729312362,0
2025-11-09T09:00:00,982.9365729312362,982.9365729312362,0
2025-11-09T09:15:00,982.9365729312362,982.9365729312362,0
2025-11-09T09:30:00,982.9365729312362,982.9365729312362,0
2025-11-09T09:45:00,982.9365729312362,982.9365729312362,0
2025-11-09T10:00:00,982.9365729312362,982.9365729312362,0
2025-11-09T10:15:00,982.9365729312362,982.9365729312362,0
2025-11-09T10:30:00,982.9365729312362,982.9365729312362,0
2025-11-09T10:45:00,982.9365729312362,982.9365729312362,0
2025-11-09T11:00:00,982.9365729312362,982.9365729312362,0
2025-11-09T11:15:00,982.9365729312362,982.9365729312362,0
2025-11-09T11:30:00,982.9365729312362,982.9365729312362,0
2025-11-09T11:45:00,982.9365729312362,982.9365729312362,0
2025-11-09T12:00:00,982.9365729312362,982.9365729312362,0
2025-11-09T12:15:00,982.9365729312362,982.9365729312362,0
2025-11-09T12:30:00,982.9365729312362,982.9365729312362,0
2025-11-09T12:45:00,982.9365729312362,982.9365729312362,0
2025-11-09T13:00:00,982.9365729312362,982.9365729312362,0
2025-11-09T13:15:00,982.9365729312362,982.9365729312362,0
2025-11-09T13:30:00,982.9365729312362,982.9365729312362,0
2025-11-09T13:45:00,982.9365729312362,982.9365729312362,0
2025-11-09T14:00:00,982.9365729312362,982.9365729312362,0
2025-11-09T14:15:00,982.9365729312362,982.9365729312362,0
2025-11-09T14:30:00,982.9365729312362,982.9365729312362,0
2025-11-09T14:45:00,982.9365729312362,982.9365729312362,0
2025-11-09T15:00:00,982.9365729312362,982.9365729312362,0
2025-11-09T15:15:00,982.9365729312362,982.9365729312362,0
2025-11-09T15:30:00,982.9365729312362,982.9365729312362,0
2025-11-09T15:45:00,982.9365729312362,982.9365729312362,0
2025-11-09T16:00:00,982.9365729312362,982.9365729312362,0
2025-11-09T16:15:00,982.9365729312362,982.9365729312362,0
2025-11-09T16:30:00,982.9365729312362,982.9365729312362,0
2025-11-09T16:45:00,982.9365729312362,982.9365729312362,0
2025-11-09T17:00:00,982.9365729312362,982.9365729312362,0
2025-11-09T17:15:00,982.9365729312362,982.9365729312362,0
2025-11-09T17:30:00,982.9365729312362,982.9365729312362,0
2025-11-09T17:45:00,982.9365729312362,982.9365729312362,0
2025-11-09T18:00:00,982.9365729312362,982.9365729312362,0
2025-11-09T18:15:00,982.9365729312362,982.9365729312362,0
2025-11-09T18:30:00,982.9365729312362,982.9365729312362,0
2025-11-09T18:45:00,981.8919650627516,845.1052749285266,1
2025-11-09T19:00:00,980.413219072915,845.1052749285266,1
2025-11-09T19:15:00,983.0692717406021,845.1052749285266,1
2025-11-09T19:30:00,982.7585242014311,845.1052749285266,1
2025-11-09T19:45:00,983.4323977785061,845.1052749285266,1
2025-11-09T20:00:00,982.0441046178069,845.1052749285266,1
2025-11-09T20:15:00,981.834485445166,845.1052749285266,1
2025-11-09T20:30:00,982.088384433001,845.1052749285266,1
2025-11-09T20:45:00,982.5255029886937,845.1052749285266,1
2025-11-09T21:00:00,980.7689255829341,980.7689255829341,0
2025-11-09T21:15:00,980.7689255829341,980.7689255829341,0
2025-11-09T21:30:00,980.7689255829341,980.7689255829341,0
2025-11-09T21:45:00,980.7689255829341,980.7689255829341,0
2025-11-09T22:00:00,980.7689255829341,980.7689255829341,0
2025-11-09T22:15:00,980.7689255829341,980.7689255829341,0
2025-11-09T22:30:00,980.7689255829341,980.7689255829341,0
2025-11-09T22:45:00,980.7689255829341,980.7689255829341,0
2025-11-09T23:00:00,980.7689255829341,980.7689255829341,0
2025-11-09T23:15:00,980.7689255829341,980.7689255829341,0
2025-11-09T23:30:00,980.7689255829341,980.7689255829341,0
2025-11-09T23:45:00,980.7689255829341,980.7689255829341,0
2025-11-10T00:00:00,980.7689255829341,980.7689255829341,0
2025-11-10T00:15:00,980.7689255829341,980.7689255829341,0
2025-11-10T00:30:00,980.7689255829341,980.7689255829341,0
2025-11-10T00:45:00,980.7689255829341,980.7689255829341,0
2025-11-10T01:00:00,980.7689255829341,980.7689255829341,0
2025-11-10T01:15:00,980.7689255829341,980.7689255829341,0
2025-11-10T01:30:00,980.7689255829341,980.7689255829341,0
2025-11-10T01:45:00,980.7689255829341,980.7689255829341,0
2025-11-10T02:00:00,980.7689255829341,980.7689255829341,0
2025-11-10T02:15:00,980.7689255829341,980.7689255829341,0
2025-11-10T02:30:00,980.7689255829341,980.7689255829341,0
2025-11-10T02:45:00,980.7689255829341,980.7689255829341,0
2025-11-10T03:00:00,980.7689255829341,980.7689255829341,0
2025-11-10T03:15:00,980.7689255829341,980.7689255829341,0
2025-11-10T03:30:00,980.7689255829341,980.7689255829341,0
2025-11-10T03:45:00,980.7689255829341,980.7689255829341,0
2025-11-10T04:00:00,980.7689255829341,980.7689255829341,0
2025-11-10T04:15:00,980.7689255829341,980.7689255829341,0
2025-11-10T04:30:00,980.7689255829341,980.7689255829341,0
2025-11-10T04:45:00,980.7689255829341,980.7689255829341,0
2025-11-10T05:00:00,980.7689255829341,980.7689255829341,0
2025-11-10T05:15:00,980.7689255829341,980.7689255829341,0
2025-11-10T05:30:00,980.7689255829341,980.7689255829341,0
2025-11-10T05:45:00,980.7689255829341,980.7689255829341,0
2025-11-10T06:00:00,980.7689255829341,980.7689255829341,0
2025-11-10T06:15:00,980.7689255829341,980.7689255829341,0
2025-11-10T06:30:00,980.7689255829341,980.7689255829341,0
2025-11-10T06:45:00,980.7689255829341,980.7689255829341,0
2025-11-10T07:00:00,980.7689255829341,980.7689255829341,0
2025-11-10T07:15:00,980.7689255829341,980.7689255829341,0
2025-11-10T07:30:00,980.7689255829341,980.7689255829341,0
2025-11-10T07:45:00,980.7689255829341,980.7689255829341,0
2025-11-10T08:00:00,980.7689255829341,980.7689255829341,0
2025-11-10T08:15:00,980.7689255829341,980.7689255829341,0
2025-11-10T08:30:00,980.7689255829341,980.7689255829341,0
2025-11-10T08:45:00,980.7689255829341,980.7689255829341,0
2025-11-10T09:00:00,980.7689255829341,980.7689255829341,0
2025-11-10T09:15:00,980.7689255829341,980.7689255829341,0
2025-11-10T09:30:00,980.7689255829341,980.7689255829341,0
2025-11-10T09:45:00,980.7689255829341,980.7689255829341,0
2025-11-10T10:00:00,980.7689255829341,980.7689255829341,0
2025-11-10T10:15:00,980.7689255829341,980.7689255829341,0
2025-11-10T10:30:00,980.7689255829341,980.7689255829341,0
2025-11-10T10:45:00,980.7689255829341,980.7689255829341,0
2025-11-10T11:00:00,980.7689255829341,980.7689255829341,0
2025-11-10T11:15:00,980.7689255829341,980.7689255829341,0
2025-11-10T11:30:00,980.7689255829341,980.7689255829341,0
2025-11-10T11:45:00,980.7689255829341,980.7689255829341,0
2025-11-10T12:00:00,980.7689255829341,980.7689255829341,0
2025-11-10T12:15:00,980.7689255829341,980.7689255829341,0
2025-11-10T12:30:00,980.7689255829341,980.7689255829341,0
2025-11-10T12:45:00,980.7689255829341,980.7689255829341,0
2025-11-10T13:00:00,980.7689255829341,980.7689255829341,0
2025-11-10T13:15:00,980.7689255829341,980.7689255829341,0
2025-11-10T13:30:00,980.7689255829341,980.7689255829341,0
2025-11-10T13:45:00,980.7689255829341,980.7689255829341,0
2025-11-10T14:00:00,980.7689255829341,980.7689255829341,0
2025-11-10T14:15:00,980.7689255829341,980.7689255829341,0
2025-11-10T14:30:00,980.7689255829341,980.7689255829341,0
2025-11-10T14:45:00,980.7689255829341,980.7689255829341,0
2025-11-10T15:00:00,980.7689255829341,980.7689255829341,0
2025-11-10T15:15:00,980.7689255829341,980.7689255829341,0
2025-11-10T15:30:00,980.7689255829341,980.7689255829341,0
2025-11-10T15:45:00,980.7689255829341,980.7689255829341,0
2025-11-10T16:00:00,980.7689255829341,980.7689255829341,0
2025-11-10T16:15:00,980.7689255829341,980.7689255829341,0
2025-11-10T16:30:00,980.7689255829341,980.7689255829341,0
2025-11-10T16:45:00,980.7689255829341,980.7689255829341,0
2025-11-10T17:00:00,980.7689255829341,980.7689255829341,0
2025-11-10T17:15:00,980.7689255829341,980.7689255829341,0
2025-11-10T17:30:00,980.7689255829341,980.7689255829341,0
2025-11-10T17:45:00,980.7689255829341,980.7689255829341,0
2025-11-10T18:00:00,980.7689255829341,980.7689255829341,0
2025-11-10T18:15:00,980.7689255829341,980.7689255829341,0
2025-11-10T18:30:00,980.7689255829341,980.7689255829341,0
2025-11-10T18:45:00,980.7689255829341,980.7689255829341,0
2025-11-10T19:00:00,980.7689255829341,980.7689255829341,0
2025-11-10T19:15:00,980.7689255829341,980.7689255829341,0
2025-11-10T19:30:00,980.7689255829341,980.7689255829341,0
2025-11-10T19:45:00,980.7689255829341,980.7689255829341,0
2025-11-10T20:00:00,979.726621364083,843.2415837619927,1
2025-11-10T20:15:00,978.6993982475924,843.2415837619927,1
2025-11-10T20:30:00,979.8297101908397,843.2415837619927,1
2025-11-10T20:45:00,978.5655944223779,843.2415837619927,1
2025-11-10T21:00:00,975.9766266996552,975.9766266996552,0
2025-11-10T21:15:00,975.9766266996552,975.9766266996552,0
2025-11-10T21:30:00,975.9766266996552,975.9766266996552,0
2025-11-10T21:45:00,975.9766266996552,975.9766266996552,0
2025-11-10T22:00:00,975.9766266996552,975.9766266996552,0
2025-11-10T22:15:00,975.9766266996552,975.9766266996552,0
2025-11-10T22:30:00,975.9766266996552,975.9766266996552,0
2025-11-10T22:45:00,975.9766266996552,975.9766266996552,0
2025-11-10T23:00:00,975.9766266996552,975.9766266996552,0
2025-11-10T23:15:00,975.9766266996552,975.9766266996552,0
2025-11-10T23:30:00,975.9766266996552,975.9766266996552,0
2025-11-10T23:45:00,975.9766266996552,975.9766266996552,0
2025-11-11T00:00:00,975.9766266996552,975.9766266996552,0
2025-11-11T00:15:00,975.9766266996552,975.9766266996552,0
2025-11-11T00:30:00,975.9766266996552,975.9766266996552,0
2025-11-11T00:45:00,975.9766266996552,975.9766266996552,0
2025-11-11T01:00:00,975.9766266996552,975.9766266996552,0
2025-11-11T01:15:00,975.9766266996552,975.9766266996552,0
2025-11-11T01:30:00,975.9766266996552,975.9766266996552,0
2025-11-11T01:45:00,975.9766266996552,975.9766266996552,0
2025-11-11T02:00:00,975.9766266996552,975.9766266996552,0
2025-11-11T02:15:00,975.9766266996552,975.9766266996552,0
2025-11-11T02:30:00,975.9766266996552,975.9766266996552,0
2025-11-11T02:45:00,975.9766266996552,975.9766266996552,0
2025-11-11T03:00:00,975.9766266996552,975.9766266996552,0
2025-11-11T03:15:00,975.9766266996552,975.9766266996552,0
2025-11-11T03:30:00,975.9766266996552,975.9766266996552,0
2025-11-11T03:45:00,975.9766266996552,975.9766266996552,0
2025-11-11T04:00:00,975.9766266996552,975.9766266996552,0
2025-11-11T04:15:00,975.9766266996552,975.9766266996552,0
2025-11-11T04:30:00,975.9766266996552,975.9766266996552,0
2025-11-11T04:45:00,975.9766266996552,975.9766266996552,0
2025-11-11T05:00:00,975.9766266996552,975.9766266996552,0
2025-11-11T05:15:00,975.9766266996552,975.9766266996552,0
2025-11-11T05:30:00,975.9766266996552,975.9766266996552,0
2025-11-11T05:45:00,975.9766266996552,975.9766266996552,0
2025-11-11T06:00:00,975.9766266996552,975.9766266996552,0
2025-11-11T06:15:00,975.9766266996552,975.9766266996552,0
2025-11-11T06:30:00,975.9766266996552,975.9766266996552,0
2025-11-11T06:45:00,975.9766266996552,975.9766266996552,0
2025-11-11T07:00:00,975.9766266996552,975.9766266996552,0
2025-11-11T07:15:00,975.9766266996552,975.9766266996552,0
2025-11-11T07:30:00,975.9766266996552,975.9766266996552,0
2025-11-11T07:45:00,975.9766266996552,975.9766266996552,0
2025-11-11T08:00:00,975.9766266996552,975.9766266996552,0
2025-11-11T08:15:00,975.9766266996552,975.9766266996552,0
2025-11-11T08:30:00,975.9766266996552,975.9766266996552,0
2025-11-11T08:45:00,975.9766266996552,975.9766266996552,0
2025-11-11T09:00:00,975.9766266996552,975.9766266996552,0
2025-11-11T09:15:00,975.9766266996552,975.9766266996552,0
2025-11-11T09:30:00,975.9766266996552,975.9766266996552,0
2025-11-11T09:45:00,975.9766266996552,975.9766266996552,0
2025-11-11T10:00:00,975.9766266996552,975.9766266996552,0
2025-11-11T10:15:00,975.9766266996552,975.9766266996552,0
2025-11-11T10:30:00,975.9766266996552,975.9766266996552,0
2025-11-11T10:45:00,975.9766266996552,975.9766266996552,0
2025-11-11T11:00:00,975.9766266996552,975.9766266996552,0
2025-11-11T11:15:00,975.9766266996552,975.9766266996552,0
2025-11-11T11:30:00,975.9766266996552,975.9766266996552,0
2025-11-11T11:45:00,975.9766266996552,975.9766266996552,0
2025-11-11T12:00:00,975.9766266996552,975.9766266996552,0
2025-11-11T12:15:00,975.9766266996552,975.9766266996552,0
2025-11-11T12:30:00,975.9766266996552,975.9766266996552,0
2025-11-11T12:45:00,975.9766266996552,975.9766266996552,0
2025-11-11T13:00:00,975.9766266996552,975.9766266996552,0
2025-11-11T13:15:00,975.9766266996552,975.9766266996552,0
2025-11-11T13:30:00,975.9766266996552,975.9766266996552,0
2025-11-11T13:45:00,975.9766266996552,975.9766266996552,0
2025-11-11T14:00:00,975.9766266996552,975.9766266996552,0
2025-11-11T14:15:00,975.9766266996552,975.9766266996552,0
2025-11-11T14:30:00,975.9766266996552,975.9766266996552,0
2025-11-11T14:45:00,975.9766266996552,975.9766266996552,0
2025-11-11T15:00:00,975.9766266996552,975.9766266996552,0
2025-11-11T15:15:00,975.9766266996552,975.9766266996552,0
2025-11-11T15:30:00,975.9766266996552,975.9766266996552,0
2025-11-11T15:45:00,975.9766266996552,975.9766266996552,0
2025-11-11T16:00:00,975.9766266996552,975.9766266996552,0
2025-11-11T16:15:00,975.9766266996552,975.9766266996552,0
2025-11-11T16:30:00,975.9766266996552,975.9766266996552,0
2025-11-11T16:45:00,975.9766266996552,975.9766266996552,0
2025-11-11T17:00:00,975.9766266996552,975.9766266996552,0
2025-11-11T17:15:00,975.9766266996552,975.9766266996552,0
2025-11-11T17:30:00,975.9766266996552,975.9766266996552,0
2025-11-11T17:45:00,975.9766266996552,975.9766266996552,0
2025-11-11T18:00:00,975.9766266996552,975.9766266996552,0
2025-11-11T18:15:00,975.9766266996552,975.9766266996552,0
2025-11-11T18:30:00,975.9766266996552,975.9766266996552,0
2025-11-11T18:45:00,975.9766266996552,975.9766266996552,0
2025-11-11T19:00:00,975.9766266996552,975.9766266996552,0
2025-11-11T19:15:00,975.9766266996552,975.9766266996552,0
2025-11-11T19:30:00,975.9766266996552,975.9766266996552,0
2025-11-11T19:45:00,975.9766266996552,975.9766266996552,0
2025-11-11T20:00:00,975.9766266996552,975.9766266996552,0
2025-11-11T20:15:00,975.9766266996552,975.9766266996552,0
2025-11-11T20:30:00,974.9369559909302,839.1212801973227,1
2025-11-11T20:45:00,974.1653460683406,839.1212801973227,1
2025-11-11T21:00:00,973.4766363853682,839.1212801973227,1
2025-11-11T21:15:00,973.6541073135479,973.6541073135479,0
2025-11-11T21:30:00,973.6541073135479,973.6541073135479,0
2025-11-11T21:45:00,973.6541073135479,973.6541073135479,0
2025-11-11T22:00:00,973.6541073135479,973.6541073135479,0
2025-11-11T22:15:00,973.6541073135479,973.6541073135479,0
2025-11-11T22:30:00,973.6541073135479,973.6541073135479,0
2025-11-11T22:45:00,973.6541073135479,973.6541073135479,0
2025-11-11T23:00:00,973.6541073135479,973.6541073135479,0
2025-11-11T23:15:00,973.6541073135479,973.6541073135479,0
2025-11-11T23:30:00,973.6541073135479,973.6541073135479,0
2025-11-11T23:45:00,973.6541073135479,973.6541073135479,0
2025-11-12T00:00:00,973.6541073135479,973.6541073135479,0
2025-11-12T00:15:00,973.6541073135479,973.6541073135479,0
2025-11-12T00:30:00,973.6541073135479,973.6541073135479,0
2025-11-12T00:45:00,973.6541073135479,973.6541073135479,0
2025-11-12T01:00:00,973.6541073135479,973.6541073135479,0
2025-11-12T01:15:00,973.6541073135479,973.6541073135479,0
2025-11-12T01:30:00,973.6541073135479,973.6541073135479,0
2025-11-12T01:45:00,973.6541073135479,973.6541073135479,0
2025-11-12T02:00:00,973.6541073135479,973.6541073135479,0
2025-11-12T02:15:00,973.6541073135479,973.6541073135479,0
2025-11-12T02:30:00,973.6541073135479,973.6541073135479,0
2025-11-12T02:45:00,973.6541073135479,973.6541073135479,0
2025-11-12T03:00:00,973.6541073135479,973.6541073135479,0
2025-11-12T03:15:00,973.6541073135479,973.6541073135479,0
2025-11-12T03:30:00,973.6541073135479,973.6541073135479,0
2025-11-12T03:45:00,973.6541073135479,973.6541073135479,0
2025-11-12T04:00:00,973.6541073135479,973.6541073135479,0
2025-11-12T04:15:00,973.6541073135479,973.6541073135479,0
2025-11-12T04:30:00,973.6541073135479,973.6541073135479,0
2025-11-12T04:45:00,973.6541073135479,973.6541073135479,0
2025-11-12T05:00:00,973.6541073135479,973.6541073135479,0
2025-11-12T05:15:00,973.6541073135479,973.6541073135479,0
2025-11-12T05:30:00,973.6541073135479,973.6541073135479,0
2025-11-12T05:45:00,973.6541073135479,973.6541073135479,0
2025-11-12T06:00:00,973.6541073135479,973.6541073135479,0
2025-11-12T06:15:00,973.6541073135479,973.6541073135479,0
2025-11-12T06:30:00,973.6541073135479,973.6541073135479,0
2025-11-12T06:45:00,973.6541073135479,973.6541073135479,0
2025-11-12T07:00:00,973.6541073135479,973.6541073135479,0
2025-11-12T07:15:00,973.6541073135479,973.6541073135479,0
2025-11-12T07:30:00,973.6541073135479,973.6541073135479,0
2025-11-12T07:45:00,973.6541073135479,973.6541073135479,0
2025-11-12T08:00:00,973.6541073135479,973.6541073135479,0
2025-11-12T08:15:00,973.6541073135479,973.6541073135479,0
2025-11-12T08:30:00,973.6541073135479,973.6541073135479,0
2025-11-12T08:45:00,973.6541073135479,973.6541073135479,0
2025-11-12T09:00:00,973.6541073135479,973.6541073135479,0
2025-11-12T09:15:00,973.6541073135479,973.6541073135479,0
2025-11-12T09:30:00,973.6541073135479,973.6541073135479,0
2025-11-12T09:45:00,973.6541073135479,973.6541073135479,0
2025-11-12T10:00:00,973.6541073135479,973.6541073135479,0
2025-11-12T10:15:00,973.6541073135479,973.6541073135479,0
2025-11-12T10:30:00,973.6541073135479,973.6541073135479,0
2025-11-12T10:45:00,973.6541073135479,973.6541073135479,0
2025-11-12T11:00:00,972.6193643100914,837.124433769613,1
2025-11-12T11:15:00,970.2042858412722,837.124433769613,1
2025-11-12T11:30:00,970.4612416251617,837.124433769613,1
2025-11-12T11:45:00,971.0669231157586,837.124433769613,1
2025-11-12T12:00:00,970.6769009437833,837.124433769613,1
2025-11-12T12:15:00,970.9629172032319,837.124433769613,1
2025-11-12T12:30:00,969.9090925895418,837.124433769613,1
2025-11-12T12:45:00,971.5227137324199,837.124433769613,1
2025-11-12T13:00:00,971.9800338477947,837.124433769613,1
2025-11-12T13:15:00,973.1470413662933,837.124433769613,1
2025-11-12T13:30:00,976.2932202202269,837.124433769613,1
2025-11-12T13:45:00,975.2776330743775,837.124433769613,1
2025-11-12T14:00:00,975.556001840258,837.124433769613,1
2025-11-12T14:15:00,973.9469691935209,837.124433769613,1
2025-11-12T14:30:00,970.2937897019276,970.2937897019276,0
2025-11-12T14:45:00,970.2937897019276,970.2937897019276,0
2025-11-12T15:00:00,970.2937897019276,970.2937897019276,0
2025-11-12T15:15:00,970.2937897019276,970.2937897019276,0
2025-11-12T15:30:00,970.2937897019276,970.2937897019276,0
2025-11-12T15:45:00,970.2937897019276,970.2937897019276,0
2025-11-12T16:00:00,970.2937897019276,970.2937897019276,0
2025-11-12T16:15:00,970.2937897019276,970.2937897019276,0
2025-11-12T16:30:00,970.2937897019276,970.2937897019276,0
2025-11-12T16:45:00,970.2937897019276,970.2937897019276,0
2025-11-12T17:00:00,970.2937897019276,970.2937897019276,0
2025-11-12T17:15:00,970.2937897019276,970.2937897019276,0
2025-11-12T17:30:00,970.2937897019276,970.2937897019276,0
2025-11-12T17:45:00,970.2937897019276,970.2937897019276,0
2025-11-12T18:00:00,970.2937897019276,970.2937897019276,0
2025-11-12T18:15:00,970.2937897019276,970.2937897019276,0
2025-11-12T18:30:00,970.2937897019276,970.2937897019276,0
2025-11-12T18:45:00,970.2937897019276,970.2937897019276,0
2025-11-12T19:00:00,970.2937897019276,970.2937897019276,0
2025-11-12T19:15:00,970.2937897019276,970.2937897019276,0
2025-11-12T19:30:00,970.2937897019276,970.2937897019276,0
2025-11-12T19:45:00,970.2937897019276,970.2937897019276,0
2025-11-12T20:00:00,970.2937897019276,970.2937897019276,0
2025-11-12T20:15:00,970.2937897019276,970.2937897019276,0
2025-11-12T20:30:00,970.2937897019276,970.2937897019276,0
2025-11-12T20:45:00,970.2937897019276,970.2937897019276,0
2025-11-12T21:00:00,970.2937897019276,970.2937897019276,0
2025-11-12T21:15:00,970.2937897019276,970.2937897019276,0
2025-11-12T21:30:00,970.2937897019276,970.2937897019276,0
2025-11-12T21:45:00,970.2937897019276,970.2937897019276,0
2025-11-12T22:00:00,970.2937897019276,970.2937897019276,0
2025-11-12T22:15:00,970.2937897019276,970.2937897019276,0
2025-11-12T22:30:00,970.2937897019276,970.2937897019276,0
2025-11-12T22:45:00,970.2937897019276,970.2937897019276,0
2025-11-12T23:00:00,970.2937897019276,970.2937897019276,0
2025-11-12T23:15:00,970.2937897019276,970.2937897019276,0
2025-11-12T23:30:00,970.2937897019276,970.2937897019276,0
2025-11-12T23:45:00,970.2937897019276,970.2937897019276,0
2025-11-13T00:00:00,970.2937897019276,970.2937897019276,0
2025-11-13T00:15:00,970.2937897019276,970.2937897019276,0
2025-11-13T00:30:00,970.2937897019276,970.2937897019276,0
2025-11-13T00:45:00,970.2937897019276,970.2937897019276,0
2025-11-13T01:00:00,970.2937897019276,970.2937897019276,0
2025-11-13T01:15:00,970.2937897019276,970.2937897019276,0
2025-11-13T01:30:00,970.2937897019276,970.2937897019276,0
2025-11-13T01:45:00,970.2937897019276,970.2937897019276,0
2025-11-13T02:00:00,970.2937897019276,970.2937897019276,0
2025-11-13T02:15:00,970.2937897019276,970.2937897019276,0
2025-11-13T02:30:00,970.2937897019276,970.2937897019276,0
2025-11-13T02:45:00,970.2937897019276,970.2937897019276,0
2025-11-13T03:00:00,970.2937897019276,970.2937897019276,0
2025-11-13T03:15:00,970.2937897019276,970.2937897019276,0
2025-11-13T03:30:00,970.2937897019276,970.2937897019276,0
2025-11-13T03:45:00,970.2937897019276,970.2937897019276,0
2025-11-13T04:00:00,970.2937897019276,970.2937897019276,0
2025-11-13T04:15:00,970.2937897019276,970.2937897019276,0
2025-11-13T04:30:00,970.2937897019276,970.2937897019276,0
2025-11-13T04:45:00,970.2937897019276,970.2937897019276,0
2025-11-13T05:00:00,970.2937897019276,970.2937897019276,0
2025-11-13T05:15:00,970.2937897019276,970.2937897019276,0
2025-11-13T05:30:00,970.2937897019276,970.2937897019276,0
2025-11-13T05:45:00,970.2937897019276,970.2937897019276,0
2025-11-13T06:00:00,970.2937897019276,970.2937897019276,0
2025-11-13T06:15:00,970.2937897019276,970.2937897019276,0
2025-11-13T06:30:00,970.2937897019276,970.2937897019276,0
2025-11-13T06:45:00,970.2937897019276,970.2937897019276,0
2025-11-13T07:00:00,970.2937897019276,970.2937897019276,0
2025-11-13T07:15:00,970.2937897019276,970.2937897019276,0
2025-11-13T07:30:00,970.2937897019276,970.2937897019276,0
2025-11-13T07:45:00,970.2937897019276,970.2937897019276,0
2025-11-13T08:00:00,970.2937897019276,970.2937897019276,0
2025-11-13T08:15:00,970.2937897019276,970.2937897019276,0
2025-11-13T08:30:00,970.2937897019276,970.2937897019276,0
2025-11-13T08:45:00,970.2937897019276,970.2937897019276,0
2025-11-13T09:00:00,970.2937897019276,970.2937897019276,0
2025-11-13T09:15:00,970.2937897019276,970.2937897019276,0
2025-11-13T09:30:00,970.2937897019276,970.2937897019276,0
2025-11-13T09:45:00,970.2937897019276,970.2937897019276,0
2025-11-13T10:00:00,970.2937897019276,970.2937897019276,0
2025-11-13T10:15:00,970.2937897019276,970.2937897019276,0
2025-11-13T10:30:00,970.2937897019276,970.2937897019276,0
2025-11-13T10:45:00,970.2937897019276,970.2937897019276,0
2025-11-13T11:00:00,970.2937897019276,970.2937897019276,0
2025-11-13T11:15:00,970.2937897019276,970.2937897019276,0
2025-11-13T11:30:00,970.2937897019276,970.2937897019276,0
2025-11-13T11:45:00,970.2937897019276,970.2937897019276,0
2025-11-13T12:00:00,970.2937897019276,970.2937897019276,0
2025-11-13T12:15:00,970.2937897019276,970.2937897019276,0
2025-11-13T12:30:00,970.2937897019276,970.2937897019276,0
2025-11-13T12:45:00,970.2937897019276,970.2937897019276,0
2025-11-13T13:00:00,970.2937897019276,970.2937897019276,0
2025-11-13T13:15:00,970.2937897019276,970.2937897019276,0
2025-11-13T13:30:00,970.2937897019276,970.2937897019276,0
2025-11-13T13:45:00,970.2937897019276,970.2937897019276,0
2025-11-13T14:00:00,970.2937897019276,970.2937897019276,0
2025-11-13T14:15:00,970.2937897019276,970.2937897019276,0
2025-11-13T14:30:00,970.2937897019276,970.2937897019276,0
2025-11-13T14:45:00,970.2937897019276,970.2937897019276,0
2025-11-13T15:00:00,970.2937897019276,970.2937897019276,0
2025-11-13T15:15:00,970.2937897019276,970.2937897019276,0
2025-11-13T15:30:00,970.2937897019276,970.2937897019276,0
2025-11-13T15:45:00,970.2937897019276,970.2937897019276,0
2025-11-13T16:00:00,970.2937897019276,970.2937897019276,0
2025-11-13T16:15:00,970.2937897019276,970.2937897019276,0
2025-11-13T16:30:00,970.2937897019276,970.2937897019276,0
2025-11-13T16:45:00,970.2937897019276,970.2937897019276,0
2025-11-13T17:00:00,969.2601727028995,834.2353133347644,1
2025-11-13T17:15:00,967.0373954337521,834.2353133347644,1
2025-11-13T17:30:00,972.0031393032368,834.2353133347644,1
2025-11-13T17:45:00,975.8294208282107,834.2353133347644,1
2025-11-13T18:00:00,979.1107421014619,834.2353133347644,1
2025-11-13T18:15:00,978.4353216682663,834.2353133347644,1
2025-11-13T18:30:00,980.7670909877584,834.2353133347644,1
2025-11-13T18:45:00,982.7289478939599,834.2353133347644,1
2025-11-13T19:00:00,983.2871193033,834.2353133347644,1
2025-11-13T19:15:00,979.6441425902692,834.2353133347644,1
2025-11-13T19:30:00,982.9799598886927,834.2353133347644,1
2025-11-13T19:45:00,985.3761336015702,834.2353133347644,1
2025-11-13T20:00:00,988.4956181940067,834.2353133347644,1
2025-11-13T20:15:00,989.0521382086448,834.2353133347644,1
2025-11-13T20:30:00,987.7095543157644,834.2353133347644,1
2025-11-13T20:45:00,989.6763654060726,834.2353133347644,1
2025-11-13T21:00:00,985.996616949812,985.996616949812,0
2025-11-13T21:15:00,985.996616949812,985.996616949812,0
2025-11-13T21:30:00,985.996616949812,985.996616949812,0
2025-11-13T21:45:00,985.996616949812,985.996616949812,0
2025-11-13T22:00:00,985.996616949812,985.996616949812,0
2025-11-13T22:15:00,985.996616949812,985.996616949812,0
2025-11-13T22:30:00,985.996616949812,985.996616949812,0
2025-11-13T22:45:00,985.996616949812,985.996616949812,0
2025-11-13T23:00:00,985.996616949812,985.996616949812,0
2025-11-13T23:15:00,985.996616949812,985.996616949812,0
2025-11-13T23:30:00,985.996616949812,985.996616949812,0
2025-11-13T23:45:00,985.996616949812,985.996616949812,0
2025-11-14T00:00:00,985.996616949812,985.996616949812,0
2025-11-14T00:15:00,985.996616949812,985.996616949812,0
2025-11-14T00:30:00,985.996616949812,985.996616949812,0
2025-11-14T00:45:00,985.996616949812,985.996616949812,0
2025-11-14T01:00:00,985.996616949812,985.996616949812,0
2025-11-14T01:15:00,985.996616949812,985.996616949812,0
2025-11-14T01:30:00,985.996616949812,985.996616949812,0
2025-11-14T01:45:00,985.996616949812,985.996616949812,0
2025-11-14T02:00:00,985.996616949812,985.996616949812,0
2025-11-14T02:15:00,985.996616949812,985.996616949812,0
2025-11-14T02:30:00,985.996616949812,985.996616949812,0
2025-11-14T02:45:00,985.996616949812,985.996616949812,0
2025-11-14T03:00:00,985.996616949812,985.996616949812,0
2025-11-14T03:15:00,985.996616949812,985.996616949812,0
2025-11-14T03:30:00,985.996616949812,985.996616949812,0
2025-11-14T03:45:00,985.996616949812,985.996616949812,0
2025-11-14T04:00:00,985.996616949812,985.996616949812,0
2025-11-14T04:15:00,985.996616949812,985.996616949812,0
2025-11-14T04:30:00,985.996616949812,985.996616949812,0
2025-11-14T04:45:00,985.996616949812,985.996616949812,0
2025-11-14T05:00:00,985.996616949812,985.996616949812,0
2025-11-14T05:15:00,985.996616949812,985.996616949812,0
2025-11-14T05:30:00,985.996616949812,985.996616949812,0
2025-11-14T05:45:00,985.996616949812,985.996616949812,0
2025-11-14T06:00:00,985.996616949812,985.996616949812,0
2025-11-14T06:15:00,985.996616949812,985.996616949812,0
2025-11-14T06:30:00,985.996616949812,985.996616949812,0
2025-11-14T06:45:00,985.996616949812,985.996616949812,0
2025-11-14T07:00:00,985.996616949812,985.996616949812,0
2025-11-14T07:15:00,985.996616949812,985.996616949812,0
2025-11-14T07:30:00,985.996616949812,985.996616949812,0
2025-11-14T07:45:00,985.996616949812,985.996616949812,0
2025-11-14T08:00:00,985.996616949812,985.996616949812,0
2025-11-14T08:15:00,985.996616949812,985.996616949812,0
2025-11-14T08:30:00,985.996616949812,985.996616949812,0
2025-11-14T08:45:00,985.996616949812,985.996616949812,0
2025-11-14T09:00:00,985.996616949812,985.996616949812,0
2025-11-14T09:15:00,985.996616949812,985.996616949812,0
2025-11-14T09:30:00,985.996616949812,985.996616949812,0
2025-11-14T09:45:00,985.996616949812,985.996616949812,0
2025-11-14T10:00:00,985.996616949812,985.996616949812,0
2025-11-14T10:15:00,985.996616949812,985.996616949812,0
2025-11-14T10:30:00,985.996616949812,985.996616949812,0
2025-11-14T10:45:00,985.996616949812,985.996616949812,0
2025-11-14T11:00:00,985.996616949812,985.996616949812,0
2025-11-14T11:15:00,985.996616949812,985.996616949812,0
2025-11-14T11:30:00,984.946272327307,847.7362273346416,1
2025-11-14T11:45:00,983.781342170817,847.7362273346416,1
2025-11-14T12:00:00,987.8118947697471,847.7362273346416,1
2025-11-14T12:15:00,987.875340285078,847.7362273346416,1
2025-11-14T12:30:00,994.5265451422545,847.7362273346416,1
2025-11-14T12:45:00,986.9412813093747,847.7362273346416,1
2025-11-14T13:00:00,988.1308847218269,847.7362273346416,1
2025-11-14T13:15:00,990.8572795056245,847.7362273346416,1
2025-11-14T13:30:00,993.7105653200836,847.7362273346416,1
2025-11-14T13:45:00,987.766073008675,847.7362273346416,1
2025-11-14T14:00:00,985.3921533100483,847.7362273346416,1
2025-11-14T14:15:00,985.0807413333217,985.0807413333217,0
2025-11-14T14:30:00,985.0807413333217,985.0807413333217,0
2025-11-14T14:45:00,985.0807413333217,985.0807413333217,0
2025-11-14T15:00:00,985.0807413333217,985.0807413333217,0
2025-11-14T15:15:00,985.0807413333217,985.0807413333217,0
2025-11-14T15:30:00,985.0807413333217,985.0807413333217,0
2025-11-14T15:45:00,985.0807413333217,985.0807413333217,0
2025-11-14T16:00:00,985.0807413333217,985.0807413333217,0
2025-11-14T16:15:00,985.0807413333217,985.0807413333217,0
2025-11-14T16:30:00,985.0807413333217,985.0807413333217,0
2025-11-14T16:45:00,985.0807413333217,985.0807413333217,0
2025-11-14T17:00:00,985.0807413333217,985.0807413333217,0
2025-11-14T17:15:00,985.0807413333217,985.0807413333217,0
2025-11-14T17:30:00,985.0807413333217,985.0807413333217,0
2025-11-14T17:45:00,985.0807413333217,985.0807413333217,0
2025-11-14T18:00:00,985.0807413333217,985.0807413333217,0
2025-11-14T18:15:00,985.0807413333217,985.0807413333217,0
2025-11-14T18:30:00,985.0807413333217,985.0807413333217,0
2025-11-14T18:45:00,985.0807413333217,985.0807413333217,0
2025-11-14T19:00:00,985.0807413333217,985.0807413333217,0
2025-11-14T19:15:00,985.0807413333217,985.0807413333217,0
2025-11-14T19:30:00,985.0807413333217,985.0807413333217,0
2025-11-14T19:45:00,985.0807413333217,985.0807413333217,0
2025-11-14T20:00:00,985.0807413333217,985.0807413333217,0
2025-11-14T20:15:00,985.0807413333217,985.0807413333217,0
2025-11-14T20:30:00,984.0313723582094,846.948779460598,1
2025-11-14T20:45:00,982.7235809387712,846.948779460598,1
2025-11-14T21:00:00,978.8955113183099,846.948779460598,1
2025-11-14T21:15:00,978.844329197981,846.948779460598,1
2025-11-14T21:30:00,977.1994417446523,846.948779460598,1
2025-11-14T21:45:00,977.4835907575127,846.948779460598,1
2025-11-14T22:00:00,981.3063656758709,846.948779460598,1
2025-11-14T22:15:00,977.1976768439513,846.948779460598,1
2025-11-14T22:30:00,976.2887529829381,846.948779460598,1
2025-11-14T22:45:00,978.9978755589676,846.948779460598,1
2025-11-14T23:00:00,985.5544816631693,846.948779460598,1
2025-11-14T23:15:00,988.1506505943352,846.948779460598,1
2025-11-14T23:30:00,985.741561137475,846.948779460598,1
2025-11-14T23:45:00,987.197604215797,846.948779460598,1
2025-11-15T00:00:00,981.6946438300902,846.948779460598,1
2025-11-15T00:15:00,981.4793259445686,846.948779460598,1
2025-11-15T00:30:00,983.1877498231332,846.948779460598,1
2025-11-15T00:45:00,982.1041007927213,846.948779460598,1
2025-11-15T01:00:00,980.6694112839846,980.6694112839846,0
2025-11-15T01:15:00,980.6694112839846,980.6694112839846,0
2025-11-15T01:30:00,980.6694112839846,980.6694112839846,0
2025-11-15T01:45:00,980.6694112839846,980.6694112839846,0
2025-11-15T02:00:00,980.6694112839846,980.6694112839846,0
2025-11-15T02:15:00,980.6694112839846,980.6694112839846,0
2025-11-15T02:30:00,980.6694112839846,980.6694112839846,0
2025-11-15T02:45:00,980.6694112839846,980.6694112839846,0
2025-11-15T03:00:00,980.6694112839846,980.6694112839846,0
2025-11-15T03:15:00,980.6694112839846,980.6694112839846,0
2025-11-15T03:30:00,980.6694112839846,980.6694112839846,0
2025-11-15T03:45:00,980.6694112839846,980.6694112839846,0
2025-11-15T04:00:00,980.6694112839846,980.6694112839846,0
2025-11-15T04:15:00,980.6694112839846,980.6694112839846,0
2025-11-15T04:30:00,980.6694112839846,980.6694112839846,0
2025-11-15T04:45:00,980.6694112839846,980.6694112839846,0
2025-11-15T05:00:00,980.6694112839846,980.6694112839846,0
2025-11-15T05:15:00,980.6694112839846,980.6694112839846,0
2025-11-15T05:30:00,980.6694112839846,980.6694112839846,0
2025-11-15T05:45:00,980.6694112839846,980.6694112839846,0
2025-11-15T06:00:00,980.6694112839846,980.6694112839846,0
2025-11-15T06:15:00,980.6694112839846,980.6694112839846,0
2025-11-15T06:30:00,980.6694112839846,980.6694112839846,0
2025-11-15T06:45:00,980.6694112839846,980.6694112839846,0
2025-11-15T07:00:00,980.6694112839846,980.6694112839846,0
2025-11-15T07:15:00,980.6694112839846,980.6694112839846,0
2025-11-15T07:30:00,980.6694112839846,980.6694112839846,0
2025-11-15T07:45:00,980.6694112839846,980.6694112839846,0
2025-11-15T08:00:00,980.6694112839846,980.6694112839846,0
2025-11-15T08:15:00,980.6694112839846,980.6694112839846,0
2025-11-15T08:30:00,980.6694112839846,980.6694112839846,0
2025-11-15T08:45:00,980.6694112839846,980.6694112839846,0
2025-11-15T09:00:00,980.6694112839846,980.6694112839846,0
2025-11-15T09:15:00,980.6694112839846,980.6694112839846,0
2025-11-15T09:30:00,980.6694112839846,980.6694112839846,0
2025-11-15T09:45:00,980.6694112839846,980.6694112839846,0
2025-11-15T10:00:00,980.6694112839846,980.6694112839846,0
2025-11-15T10:15:00,980.6694112839846,980.6694112839846,0
2025-11-15T10:30:00,980.6694112839846,980.6694112839846,0
2025-11-15T10:45:00,980.6694112839846,980.6694112839846,0
2025-11-15T11:00:00,980.6694112839846,980.6694112839846,0
2025-11-15T11:15:00,980.6694112839846,980.6694112839846,0
2025-11-15T11:30:00,980.6694112839846,980.6694112839846,0
2025-11-15T11:45:00,980.6694112839846,980.6694112839846,0
2025-11-15T12:00:00,980.6694112839846,980.6694112839846,0
2025-11-15T12:15:00,980.6694112839846,980.6694112839846,0
2025-11-15T12:30:00,980.6694112839846,980.6694112839846,0
2025-11-15T12:45:00,980.6694112839846,980.6694112839846,0
2025-11-15T13:00:00,980.6694112839846,980.6694112839846,0
2025-11-15T13:15:00,980.6694112839846,980.6694112839846,0
2025-11-15T13:30:00,980.6694112839846,980.6694112839846,0
2025-11-15T13:45:00,980.6694112839846,980.6694112839846,0
2025-11-15T14:00:00,980.6694112839846,980.6694112839846,0
2025-11-15T14:15:00,980.6694112839846,980.6694112839846,0
2025-11-15T14:30:00,980.6694112839846,980.6694112839846,0
2025-11-15T14:45:00,980.6694112839846,980.6694112839846,0
2025-11-15T15:00:00,980.6694112839846,980.6694112839846,0
2025-11-15T15:15:00,980.6694112839846,980.6694112839846,0
2025-11-15T15:30:00,980.6694112839846,980.6694112839846,0
2025-11-15T15:45:00,980.6694112839846,980.6694112839846,0
2025-11-15T16:00:00,980.6694112839846,980.6694112839846,0
2025-11-15T16:15:00,980.6694112839846,980.6694112839846,0
2025-11-15T16:30:00,980.6694112839846,980.6694112839846,0
2025-11-15T16:45:00,980.6694112839846,980.6694112839846,0
2025-11-15T17:00:00,980.6694112839846,980.6694112839846,0
2025-11-15T17:15:00,980.6694112839846,980.6694112839846,0
2025-11-15T17:30:00,980.6694112839846,980.6694112839846,0
2025-11-15T17:45:00,980.6694112839846,980.6694112839846,0
2025-11-15T18:00:00,980.6694112839846,980.6694112839846,0
2025-11-15T18:15:00,980.6694112839846,980.6694112839846,0
2025-11-15T18:30:00,980.6694112839846,980.6694112839846,0
2025-11-15T18:45:00,980.6694112839846,980.6694112839846,0
2025-11-15T19:00:00,980.6694112839846,980.6694112839846,0
2025-11-15T19:15:00,980.6694112839846,980.6694112839846,0
2025-11-15T19:30:00,980.6694112839846,980.6694112839846,0
2025-11-15T19:45:00,980.6694112839846,980.6694112839846,0
2025-11-15T20:00:00,980.6694112839846,980.6694112839846,0
2025-11-15T20:15:00,980.6694112839846,980.6694112839846,0
2025-11-15T20:30:00,980.6694112839846,980.6694112839846,0
2025-11-15T20:45:00,980.6694112839846,980.6694112839846,0
2025-11-15T21:00:00,980.6694112839846,980.6694112839846,0
2025-11-15T21:15:00,980.6694112839846,980.6694112839846,0
2025-11-15T21:30:00,980.6694112839846,980.6694112839846,0
2025-11-15T21:45:00,980.6694112839846,980.6694112839846,0
2025-11-15T22:00:00,980.6694112839846,980.6694112839846,0
2025-11-15T22:15:00,980.6694112839846,980.6694112839846,0
2025-11-15T22:30:00,980.6694112839846,980.6694112839846,0
2025-11-15T22:45:00,980.6694112839846,980.6694112839846,0
2025-11-15T23:00:00,980.6694112839846,980.6694112839846,0
2025-11-15T23:15:00,980.6694112839846,980.6694112839846,0
2025-11-15T23:30:00,980.6694112839846,980.6694112839846,0
2025-11-15T23:45:00,980.6694112839846,980.6694112839846,0
2025-11-16T00:00:00,980.6694112839846,980.6694112839846,0
2025-11-16T00:15:00,980.6694112839846,980.6694112839846,0
2025-11-16T00:30:00,980.6694112839846,980.6694112839846,0
2025-11-16T00:45:00,980.6694112839846,980.6694112839846,0
2025-11-16T01:00:00,980.6694112839846,980.6694112839846,0
2025-11-16T01:15:00,980.6694112839846,980.6694112839846,0
2025-11-16T01:30:00,980.6694112839846,980.6694112839846,0
2025-11-16T01:45:00,980.6694112839846,980.6694112839846,0
2025-11-16T02:00:00,980.6694112839846,980.6694112839846,0
2025-11-16T02:15:00,980.6694112839846,980.6694112839846,0
2025-11-16T02:30:00,980.6694112839846,980.6694112839846,0
2025-11-16T02:45:00,980.6694112839846,980.6694112839846,0
2025-11-16T03:00:00,980.6694112839846,980.6694112839846,0
2025-11-16T03:15:00,980.6694112839846,980.6694112839846,0
2025-11-16T03:30:00,980.6694112839846,980.6694112839846,0
2025-11-16T03:45:00,980.6694112839846,980.6694112839846,0
2025-11-16T04:00:00,980.6694112839846,980.6694112839846,0
2025-11-16T04:15:00,980.6694112839846,980.6694112839846,0
2025-11-16T04:30:00,980.6694112839846,980.6694112839846,0
2025-11-16T04:45:00,980.6694112839846,980.6694112839846,0
2025-11-16T05:00:00,980.6694112839846,980.6694112839846,0
2025-11-16T05:15:00,980.6694112839846,980.6694112839846,0
2025-11-16T05:30:00,980.6694112839846,980.6694112839846,0
2025-11-16T05:45:00,980.6694112839846,980.6694112839846,0
2025-11-16T06:00:00,980.6694112839846,980.6694112839846,0
2025-11-16T06:15:00,980.6694112839846,980.6694112839846,0
2025-11-16T06:30:00,980.6694112839846,980.6694112839846,0
2025-11-16T06:45:00,980.6694112839846,980.6694112839846,0
2025-11-16T07:00:00,980.6694112839846,980.6694112839846,0
2025-11-16T07:15:00,980.6694112839846,980.6694112839846,0
2025-11-16T07:30:00,980.6694112839846,980.6694112839846,0
2025-11-16T07:45:00,980.6694112839846,980.6694112839846,0
2025-11-16T08:00:00,980.6694112839846,980.6694112839846,0
2025-11-16T08:15:00,980.6694112839846,980.6694112839846,0
2025-11-16T08:30:00,980.6694112839846,980.6694112839846,0
2025-11-16T08:45:00,980.6694112839846,980.6694112839846,0
2025-11-16T09:00:00,980.6694112839846,980.6694112839846,0
2025-11-16T09:15:00,980.6694112839846,980.6694112839846,0
2025-11-16T09:30:00,980.6694112839846,980.6694112839846,0
2025-11-16T09:45:00,980.6694112839846,980.6694112839846,0
2025-11-16T10:00:00,980.6694112839846,980.6694112839846,0
2025-11-16T10:15:00,980.6694112839846,980.6694112839846,0
2025-11-16T10:30:00,980.6694112839846,980.6694112839846,0
2025-11-16T10:45:00,980.6694112839846,980.6694112839846,0
2025-11-16T11:00:00,980.6694112839846,980.6694112839846,0
2025-11-16T11:15:00,980.6694112839846,980.6694112839846,0
2025-11-16T11:30:00,980.6694112839846,980.6694112839846,0
2025-11-16T11:45:00,980.6694112839846,980.6694112839846,0
2025-11-16T12:00:00,980.6694112839846,980.6694112839846,0
2025-11-16T12:15:00,980.6694112839846,980.6694112839846,0
2025-11-16T12:30:00,980.6694112839846,980.6694112839846,0
2025-11-16T12:45:00,980.6694112839846,980.6694112839846,0
2025-11-16T13:00:00,980.6694112839846,980.6694112839846,0
2025-11-16T13:15:00,980.6694112839846,980.6694112839846,0
2025-11-16T13:30:00,980.6694112839846,980.6694112839846,0
2025-11-16T13:45:00,980.6694112839846,980.6694112839846,0
2025-11-16T14:00:00,980.6694112839846,980.6694112839846,0
2025-11-16T14:15:00,980.6694112839846,980.6694112839846,0
2025-11-16T14:30:00,980.6694112839846,980.6694112839846,0
2025-11-16T14:45:00,980.6694112839846,980.6694112839846,0
2025-11-16T15:00:00,980.6694112839846,980.6694112839846,0
2025-11-16T15:15:00,980.6694112839846,980.6694112839846,0
2025-11-16T15:30:00,980.6694112839846,980.6694112839846,0
2025-11-16T15:45:00,980.6694112839846,980.6694112839846,0
2025-11-16T16:00:00,980.6694112839846,980.6694112839846,0
2025-11-16T16:15:00,980.6694112839846,980.6694112839846,0
2025-11-16T16:30:00,980.6694112839846,980.6694112839846,0
2025-11-16T16:45:00,980.6694112839846,980.6694112839846,0
2025-11-16T17:00:00,979.6247415306707,843.1560237560991,1
2025-11-16T17:15:00,978.4119385345684,843.1560237560991,1
2025-11-16T17:30:00,981.2957145475226,843.1560237560991,1
2025-11-16T17:45:00,976.2558443192756,843.1560237560991,1
2025-11-16T18:00:00,969.5557815452534,843.1560237560991,1
2025-11-16T18:15:00,973.1869346753346,973.1869346753346,0
2025-11-16T18:30:00,973.1869346753346,973.1869346753346,0
2025-11-16T18:45:00,973.1869346753346,973.1869346753346,0
2025-11-16T19:00:00,973.1869346753346,973.1869346753346,0
2025-11-16T19:15:00,973.1869346753346,973.1869346753346,0
2025-11-16T19:30:00,973.1869346753346,973.1869346753346,0
2025-11-16T19:45:00,973.1869346753346,973.1869346753346,0
2025-11-16T20:00:00,973.1869346753346,973.1869346753346,0
2025-11-16T20:15:00,973.1869346753346,973.1869346753346,0
2025-11-16T20:30:00,973.1869346753346,973.1869346753346,0
2025-11-16T20:45:00,973.1869346753346,973.1869346753346,0
2025-11-16T21:00:00,973.1869346753346,973.1869346753346,0
2025-11-16T21:15:00,973.1869346753346,973.1869346753346,0
2025-11-16T21:30:00,973.1869346753346,973.1869346753346,0
2025-11-16T21:45:00,973.1869346753346,973.1869346753346,0
2025-11-16T22:00:00,973.1869346753346,973.1869346753346,0
2025-11-16T22:15:00,973.1869346753346,973.1869346753346,0
2025-11-16T22:30:00,973.1869346753346,973.1869346753346,0
2025-11-16T22:45:00,973.1869346753346,973.1869346753346,0
2025-11-16T23:00:00,973.1869346753346,973.1869346753346,0
2025-11-16T23:15:00,973.1869346753346,973.1869346753346,0
2025-11-16T23:30:00,973.1869346753346,973.1869346753346,0
2025-11-16T23:45:00,973.1869346753346,973.1869346753346,0
2025-11-17T00:00:00,973.1869346753346,973.1869346753346,0
2025-11-17T00:15:00,973.1869346753346,973.1869346753346,0
2025-11-17T00:30:00,973.1869346753346,973.1869346753346,0
2025-11-17T00:45:00,973.1869346753346,973.1869346753346,0
2025-11-17T01:00:00,973.1869346753346,973.1869346753346,0
2025-11-17T01:15:00,973.1869346753346,973.1869346753346,0
2025-11-17T01:30:00,973.1869346753346,973.1869346753346,0
2025-11-17T01:45:00,973.1869346753346,973.1869346753346,0
2025-11-17T02:00:00,973.1869346753346,973.1869346753346,0
2025-11-17T02:15:00,973.1869346753346,973.1869346753346,0
2025-11-17T02:30:00,973.1869346753346,973.1869346753346,0
2025-11-17T02:45:00,973.1869346753346,973.1869346753346,0
2025-11-17T03:00:00,973.1869346753346,973.1869346753346,0
2025-11-17T03:15:00,973.1869346753346,973.1869346753346,0
2025-11-17T03:30:00,973.1869346753346,973.1869346753346,0
2025-11-17T03:45:00,973.1869346753346,973.1869346753346,0
2025-11-17T04:00:00,973.1869346753346,973.1869346753346,0
2025-11-17T04:15:00,973.1869346753346,973.1869346753346,0
2025-11-17T04:30:00,973.1869346753346,973.1869346753346,0
2025-11-17T04:45:00,973.1869346753346,973.1869346753346,0
2025-11-17T05:00:00,973.1869346753346,973.1869346753346,0
2025-11-17T05:15:00,973.1869346753346,973.1869346753346,0
2025-11-17T05:30:00,973.1869346753346,973.1869346753346,0
2025-11-17T05:45:00,973.1869346753346,973.1869346753346,0
2025-11-17T06:00:00,973.1869346753346,973.1869346753346,0
