timestamp,equity,cash,open_positions
2025-09-18T06:00:00,1000.0,1000.0,0
2025-09-18T06:15:00,1000.0,1000.0,0
2025-09-18T06:30:00,1000.0,1000.0,0
2025-09-18T06:45:00,1000.0,1000.0,0
2025-09-18T07:00:00,1000.0,1000.0,0
2025-09-18T07:15:00,1000.0,1000.0,0
2025-09-18T07:30:00,1000.0,1000.0,0
2025-09-18T07:45:00,1000.0,1000.0,0
2025-09-18T08:00:00,1000.0,1000.0,0
2025-09-18T08:15:00,1000.0,1000.0,0
2025-09-18T08:30:00,1000.0,1000.0,0
2025-09-18T08:45:00,1000.0,1000.0,0
2025-09-18T09:00:00,1000.0,1000.0,0
2025-09-18T09:15:00,1000.0,1000.0,0
2025-09-18T09:30:00,1000.0,1000.0,0
2025-09-18T09:45:00,1000.0,1000.0,0
2025-09-18T10:00:00,1000.0,1000.0,0
2025-09-18T10:15:00,1000.0,1000.0,0
2025-09-18T10:30:00,1000.0,1000.0,0
2025-09-18T10:45:00,1000.0,1000.0,0
2025-09-18T11:00:00,1000.0,1000.0,0
2025-09-18T11:15:00,1000.0,1000.0,0
2025-09-18T11:30:00,1000.0,1000.0,0
2025-09-18T11:45:00,1000.0,1000.0,0
2025-09-18T12:00:00,1000.0,1000.0,0
2025-09-18T12:15:00,1000.0,1000.0,0
2025-09-18T12:30:00,1000.0,1000.0,0
2025-09-18T12:45:00,1000.0,1000.0,0
2025-09-18T13:00:00,1000.0,1000.0,0
2025-09-18T13:15:00,1000.0,1000.0,0
2025-09-18T13:30:00,1000.0,1000.0,0
2025-09-18T13:45:00,1000.0,1000.0,0
2025-09-18T14:00:00,1000.0,1000.0,0
2025-09-18T14:15:00,1000.0,1000.0,0
2025-09-18T14:30:00,1000.0,1000.0,0
2025-09-18T14:45:00,1000.0,1000.0,0
2025-09-18T15:00:00,1000.0,1000.0,0
2025-09-18T15:15:00,1000.0,1000.0,0
2025-09-18T15:30:00,1000.0,1000.0,0
2025-09-18T15:45:00,1000.0,1000.0,0
2025-09-18T16:00:00,1000.0,1000.0,0
2025-09-18T16:15:00,1000.0,1000.0,0
2025-09-18T16:30:00,1000.0,1000.0,0
2025-09-18T16:45:00,1000.0,1000.0,0
2025-09-18T17:00:00,1000.0,1000.0,0
2025-09-18T17:15:00,1000.0,1000.0,0
2025-09-18T17:30:00,1000.0,1000.0,0
2025-09-18T17:45:00,1000.0,1000.0,0
2025-09-18T18:00:00,1000.0,1000.0,0
2025-09-18T18:15:00,1000.0,1000.0,0
2025-09-18T18:30:00,1000.0,1000.0,0
2025-09-18T18:45:00,1000.0,1000.0,0
2025-09-18T19:00:00,1000.0,1000.0,0
2025-09-18T19:15:00,1000.0,1000.0,0
2025-09-18T19:30:00,1000.0,1000.0,0
2025-09-18T19:45:00,1000.0,1000.0,0
2025-09-18T20:00:00,1000.0,1000.0,0
2025-09-18T20:15:00,1000.0,1000.0,0
2025-09-18T20:30:00,1000.0,1000.0,0
2025-09-18T20:45:00,998.9372581128307,859.7760000000001,1
2025-09-18T21:00:00,997.2284533775252,997.2284533775252,0
2025-09-18T21:15:00,997.2284533775252,997.2284533775252,0
2025-09-18T21:30:00,997.2284533775252,997.2284533775252,0
2025-09-18T21:45:00,997.2284533775252,997.2284533775252,0
2025-09-18T22:00:00,997.2284533775252,997.2284533775252,0
2025-09-18T22:15:00,997.2284533775252,997.2284533775252,0
2025-09-18T22:30:00,997.2284533775252,997.2284533775252,0
2025-09-18T22:45:00,997.2284533775252,997.2284533775252,0
2025-09-18T23:00:00,997.2284533775252,997.2284533775252,0
2025-09-18T23:15:00,997.2284533775252,997.2284533775252,0
2025-09-18T23:30:00,997.2284533775252,997.2284533775252,0
2025-09-18T23:45:00,997.2284533775252,997.2284533775252,0
2025-09-19T00:00:00,997.2284533775252,997.2284533775252,0
2025-09-19T00:15:00,997.2284533775252,997.2284533775252,0
2025-09-19T00:30:00,997.2284533775252,997.2284533775252,0
2025-09-19T00:45:00,997.2284533775252,997.2284533775252,0
2025-09-19T01:00:00,997.2284533775252,997.2284533775252,0
2025-09-19T01:15:00,997.2284533775252,997.2284533775252,0
2025-09-19T01:30:00,997.2284533775252,997.2284533775252,0
2025-09-19T01:45:00,997.2284533775252,997.2284533775252,0
2025-09-19T02:00:00,997.2284533775252,997.2284533775252,0
2025-09-19T02:15:00,997.2284533775252,997.2284533775252,0
2025-09-19T02:30:00,997.2284533775252,997.2284533775252,0
2025-09-19T02:45:00,997.2284533775252,997.2284533775252,0
2025-09-19T03:00:00,997.2284533775252,997.2284533775252,0
2025-09-19T03:15:00,997.2284533775252,997.2284533775252,0
2025-09-19T03:30:00,997.2284533775252,997.2284533775252,0
2025-09-19T03:45:00,997.2284533775252,997.2284533775252,0
2025-09-19T04:00:00,997.2284533775252,997.2284533775252,0
2025-09-19T04:15:00,997.2284533775252,997.2284533775252,0
2025-09-19T04:30:00,997.2284533775252,997.2284533775252,0
2025-09-19T04:45:00,997.2284533775252,997.2284533775252,0
2025-09-19T05:00:00,997.2284533775252,997.2284533775252,0
2025-09-19T05:15:00,997.2284533775252,997.2284533775252,0
2025-09-19T05:30:00,997.2284533775252,997.2284533775252,0
2025-09-19T05:45:00,997.2284533775252,997.2284533775252,0
2025-09-19T06:00:00,997.2284533775252,997.2284533775252,0
2025-09-19T06:15:00,997.2284533775252,997.2284533775252,0
2025-09-19T06:30:00,997.2284533775252,997.2284533775252,0
2025-09-19T06:45:00,997.2284533775252,997.2284533775252,0
2025-09-19T07:00:00,997.2284533775252,997.2284533775252,0
2025-09-19T07:15:00,997.2284533775252,997.2284533775252,0
2025-09-19T07:30:00,997.2284533775252,997.2284533775252,0
2025-09-19T07:45:00,997.2284533775252,997.2284533775252,0
2025-09-19T08:00:00,997.2284533775252,997.2284533775252,0
2025-09-19T08:15:00,997.2284533775252,997.2284533775252,0
2025-09-19T08:30:00,997.2284533775252,997.2284533775252,0
2025-09-19T08:45:00,997.2284533775252,997.2284533775252,0
2025-09-19T09:00:00,997.2284533775252,997.2284533775252,0
2025-09-19T09:15:00,997.2284533775252,997.2284533775252,0
2025-09-19T09:30:00,997.2284533775252,997.2284533775252,0
2025-09-19T09:45:00,997.2284533775252,997.2284533775252,0
2025-09-19T10:00:00,997.2284533775252,997.2284533775252,0
2025-09-19T10:15:00,997.2284533775252,997.2284533775252,0
2025-09-19T10:30:00,997.2284533775252,997.2284533775252,0
2025-09-19T10:45:00,997.2284533775252,997.2284533775252,0
2025-09-19T11:00:00,997.2284533775252,997.2284533775252,0
2025-09-19T11:15:00,997.2284533775252,997.2284533775252,0
2025-09-19T11:30:00,996.1661439076871,857.3930907311151,1
2025-09-19T11:45:00,995.5968364887332,857.3930907311151,1
2025-09-19T12:00:00,995.039932281521,857.3930907311151,1
2025-09-19T12:15:00,995.5745107075977,857.3930907311151,1
2025-09-19T12:30:00,994.4931224934261,994.4931224934261,0
2025-09-19T12:45:00,994.4931224934261,994.4931224934261,0
2025-09-19T13:00:00,994.4931224934261,994.4931224934261,0
2025-09-19T13:15:00,994.4931224934261,994.4931224934261,0
2025-09-19T13:30:00,994.4931224934261,994.4931224934261,0
2025-09-19T13:45:00,994.4931224934261,994.4931224934261,0
2025-09-19T14:00:00,994.4931224934261,994.4931224934261,0
2025-09-19T14:15:00,994.4931224934261,994.4931224934261,0
2025-09-19T14:30:00,994.4931224934261,994.4931224934261,0
2025-09-19T14:45:00,994.4931224934261,994.4931224934261,0
2025-09-19T15:00:00,994.4931224934261,994.4931224934261,0
2025-09-19T15:15:00,994.4931224934261,994.4931224934261,0
2025-09-19T15:30:00,994.4931224934261,994.4931224934261,0
2025-09-19T15:45:00,994.4931224934261,994.4931224934261,0
2025-09-19T16:00:00,994.4931224934261,994.4931224934261,0
2025-09-19T16:15:00,994.4931224934261,994.4931224934261,0
2025-09-19T16:30:00,994.4931224934261,994.4931224934261,0
2025-09-19T16:45:00,994.4931224934261,994.4931224934261,0
2025-09-19T17:00:00,994.4931224934261,994.4931224934261,0
2025-09-19T17:15:00,994.4931224934261,994.4931224934261,0
2025-09-19T17:30:00,994.4931224934261,994.4931224934261,0
2025-09-19T17:45:00,994.4931224934261,994.4931224934261,0
2025-09-19T18:00:00,994.4931224934261,994.4931224934261,0
2025-09-19T18:15:00,994.4931224934261,994.4931224934261,0
2025-09-19T18:30:00,994.4931224934261,994.4931224934261,0
2025-09-19T18:45:00,994.4931224934261,994.4931224934261,0
2025-09-19T19:00:00,994.4931224934261,994.4931224934261,0
2025-09-19T19:15:00,994.4931224934261,994.4931224934261,0
2025-09-19T19:30:00,994.4931224934261,994.4931224934261,0
2025-09-19T19:45:00,994.4931224934261,994.4931224934261,0
2025-09-19T20:00:00,994.4931224934261,994.4931224934261,0
2025-09-19T20:15:00,994.4931224934261,994.4931224934261,0
2025-09-19T20:30:00,994.4931224934261,994.4931224934261,0
2025-09-19T20:45:00,994.4931224934261,994.4931224934261,0
2025-09-19T21:00:00,994.4931224934261,994.4931224934261,0
2025-09-19T21:15:00,994.4931224934261,994.4931224934261,0
2025-09-19T21:30:00,994.4931224934261,994.4931224934261,0
2025-09-19T21:45:00,994.4931224934261,994.4931224934261,0
2025-09-19T22:00:00,994.4931224934261,994.4931224934261,0
2025-09-19T22:15:00,994.4931224934261,994.4931224934261,0
2025-09-19T22:30:00,994.4931224934261,994.4931224934261,0
2025-09-19T22:45:00,994.4931224934261,994.4931224934261,0
2025-09-19T23:00:00,994.4931224934261,994.4931224934261,0
2025-09-19T23:15:00,994.4931224934261,994.4931224934261,0
2025-09-19T23:30:00,994.4931224934261,994.4931224934261,0
2025-09-19T23:45:00,994.4931224934261,994.4931224934261,0
2025-09-20T00:00:00,994.4931224934261,994.4931224934261,0
2025-09-20T00:15:00,994.4931224934261,994.4931224934261,0
2025-09-20T00:30:00,994.4931224934261,994.4931224934261,0
2025-09-20T00:45:00,994.4931224934261,994.4931224934261,0
2025-09-20T01:00:00,994.4931224934261,994.4931224934261,0
2025-09-20T01:15:00,994.4931224934261,994.4931224934261,0
2025-09-20T01:30:00,994.4931224934261,994.4931224934261,0
2025-09-20T01:45:00,994.4931224934261,994.4931224934261,0
2025-09-20T02:00:00,994.4931224934261,994.4931224934261,0
2025-09-20T02:15:00,994.4931224934261,994.4931224934261,0
2025-09-20T02:30:00,994.4931224934261,994.4931224934261,0
2025-09-20T02:45:00,994.4931224934261,994.4931224934261,0
2025-09-20T03:00:00,994.4931224934261,994.4931224934261,0
2025-09-20T03:15:00,994.4931224934261,994.4931224934261,0
2025-09-20T03:30:00,994.4931224934261,994.4931224934261,0
2025-09-20T03:45:00,994.4931224934261,994.4931224934261,0
2025-09-20T04:00:00,994.4931224934261,994.4931224934261,0
2025-09-20T04:15:00,994.4931224934261,994.4931224934261,0
2025-09-20T04:30:00,994.4931224934261,994.4931224934261,0
2025-09-20T04:45:00,994.4931224934261,994.4931224934261,0
2025-09-20T05:00:00,994.4931224934261,994.4931224934261,0
2025-09-20T05:15:00,994.4931224934261,994.4931224934261,0
2025-09-20T05:30:00,994.4931224934261,994.4931224934261,0
2025-09-20T05:45:00,994.4931224934261,994.4931224934261,0
2025-09-20T06:00:00,994.4931224934261,994.4931224934261,0
2025-09-20T06:15:00,994.4931224934261,994.4931224934261,0
2025-09-20T06:30:00,994.4931224934261,994.4931224934261,0
2025-09-20T06:45:00,994.4931224934261,994.4931224934261,0
2025-09-20T07:00:00,994.4931224934261,994.4931224934261,0
2025-09-20T07:15:00,994.4931224934261,994.4931224934261,0
2025-09-20T07:30:00,994.4931224934261,994.4931224934261,0
2025-09-20T07:45:00,994.4931224934261,994.4931224934261,0
2025-09-20T08:00:00,994.4931224934261,994.4931224934261,0
2025-09-20T08:15:00,994.4931224934261,994.4931224934261,0
2025-09-20T08:30:00,994.4931224934261,994.4931224934261,0
2025-09-20T08:45:00,994.4931224934261,994.4931224934261,0
2025-09-20T09:00:00,994.4931224934261,994.4931224934261,0
2025-09-20T09:15:00,994.4931224934261,994.4931224934261,0
2025-09-20T09:30:00,994.4931224934261,994.4931224934261,0
2025-09-20T09:45:00,994.4931224934261,994.4931224934261,0
2025-09-20T10:00:00,994.4931224934261,994.4931224934261,0
2025-09-20T10:15:00,994.4931224934261,994.4931224934261,0
2025-09-20T10:30:00,994.4931224934261,994.4931224934261,0
2025-09-20T10:45:00,994.4931224934261,994.4931224934261,0
2025-09-20T11:00:00,994.4931224934261,994.4931224934261,0
2025-09-20T11:15:00,994.4931224934261,994.4931224934261,0
2025-09-20T11:30:00,994.4931224934261,994.4931224934261,0
2025-09-20T11:45:00,994.4931224934261,994.4931224934261,0
2025-09-20T12:00:00,994.4931224934261,994.4931224934261,0
2025-09-20T12:15:00,994.4931224934261,994.4931224934261,0
2025-09-20T12:30:00,994.4931224934261,994.4931224934261,0
2025-09-20T12:45:00,994.4931224934261,994.4931224934261,0
2025-09-20T13:00:00,994.4931224934261,994.4931224934261,0
2025-09-20T13:15:00,994.4931224934261,994.4931224934261,0
2025-09-20T13:30:00,994.4931224934261,994.4931224934261,0
2025-09-20T13:45:00,994.4931224934261,994.4931224934261,0
2025-09-20T14:00:00,994.4931224934261,994.4931224934261,0
2025-09-20T14:15:00,994.4931224934261,994.4931224934261,0
2025-09-20T14:30:00,994.4931224934261,994.4931224934261,0
2025-09-20T14:45:00,994.4931224934261,994.4931224934261,0
2025-09-20T15:00:00,994.4931224934261,994.4931224934261,0
2025-09-20T15:15:00,994.4931224934261,994.4931224934261,0
2025-09-20T15:30:00,994.4931224934261,994.4931224934261,0
2025-09-20T15:45:00,994.4931224934261,994.4931224934261,0
2025-09-20T16:00:00,994.4931224934261,994.4931224934261,0
2025-09-20T16:15:00,994.4931224934261,994.4931224934261,0
2025-09-20T16:30:00,994.4931224934261,994.4931224934261,0
2025-09-20T16:45:00,994.4931224934261,994.4931224934261,0
2025-09-20T17:00:00,994.4931224934261,994.4931224934261,0
2025-09-20T17:15:00,994.4931224934261,994.4931224934261,0
2025-09-20T17:30:00,994.4931224934261,994.4931224934261,0
2025-09-20T17:45:00,994.4931224934261,994.4931224934261,0
2025-09-20T18:00:00,994.4931224934261,994.4931224934261,0
2025-09-20T18:15:00,994.4931224934261,994.4931224934261,0
2025-09-20T18:30:00,994.4931224934261,994.4931224934261,0
2025-09-20T18:45:00,994.4931224934261,994.4931224934261,0
2025-09-20T19:00:00,994.4931224934261,994.4931224934261,0
2025-09-20T19:15:00,994.4931224934261,994.4931224934261,0
2025-09-20T19:30:00,994.4931224934261,994.4931224934261,0
2025-09-20T19:45:00,994.4931224934261,994.4931224934261,0
2025-09-20T20:00:00,994.4931224934261,994.4931224934261,0
2025-09-20T20:15:00,994.4931224934261,994.4931224934261,0
2025-09-20T20:30:00,994.4931224934261,994.4931224934261,0
2025-09-20T20:45:00,994.4931224934261,994.4931224934261,0
2025-09-20T21:00:00,994.4931224934261,994.4931224934261,0
2025-09-20T21:15:00,994.4931224934261,994.4931224934261,0
2025-09-20T21:30:00,994.4931224934261,994.4931224934261,0
2025-09-20T21:45:00,994.4931224934261,994.4931224934261,0
2025-09-20T22:00:00,994.4931224934261,994.4931224934261,0
2025-09-20T22:15:00,994.4931224934261,994.4931224934261,0
2025-09-20T22:30:00,994.4931224934261,994.4931224934261,0
2025-09-20T22:45:00,994.4931224934261,994.4931224934261,0
2025-09-20T23:00:00,994.4931224934261,994.4931224934261,0
2025-09-20T23:15:00,994.4931224934261,994.4931224934261,0
2025-09-20T23:30:00,994.4931224934261,994.4931224934261,0
2025-09-20T23:45:00,994.4931224934261,994.4931224934261,0
2025-09-21T00:00:00,994.4931224934261,994.4931224934261,0
2025-09-21T00:15:00,994.4931224934261,994.4931224934261,0
2025-09-21T00:30:00,994.4931224934261,994.4931224934261,0
2025-09-21T00:45:00,994.4931224934261,994.4931224934261,0
2025-09-21T01:00:00,994.4931224934261,994.4931224934261,0
2025-09-21T01:15:00,994.4931224934261,994.4931224934261,0
2025-09-21T01:30:00,994.4931224934261,994.4931224934261,0
2025-09-21T01:45:00,994.4931224934261,994.4931224934261,0
2025-09-21T02:00:00,994.4931224934261,994.4931224934261,0
2025-09-21T02:15:00,994.4931224934261,994.4931224934261,0
2025-09-21T02:30:00,994.4931224934261,994.4931224934261,0
2025-09-21T02:45:00,994.4931224934261,994.4931224934261,0
2025-09-21T03:00:00,994.4931224934261,994.4931224934261,0
2025-09-21T03:15:00,994.4931224934261,994.4931224934261,0
2025-09-21T03:30:00,994.4931224934261,994.4931224934261,0
2025-09-21T03:45:00,994.4931224934261,994.4931224934261,0
2025-09-21T04:00:00,994.4931224934261,994.4931224934261,0
2025-09-21T04:15:00,994.4931224934261,994.4931224934261,0
2025-09-21T04:30:00,994.4931224934261,994.4931224934261,0
2025-09-21T04:45:00,994.4931224934261,994.4931224934261,0
2025-09-21T05:00:00,994.4931224934261,994.4931224934261,0
2025-09-21T05:15:00,994.4931224934261,994.4931224934261,0
2025-09-21T05:30:00,994.4931224934261,994.4931224934261,0
2025-09-21T05:45:00,994.4931224934261,994.4931224934261,0
2025-09-21T06:00:00,994.4931224934261,994.4931224934261,0
2025-09-21T06:15:00,994.4931224934261,994.4931224934261,0
2025-09-21T06:30:00,994.4931224934261,994.4931224934261,0
2025-09-21T06:45:00,994.4931224934261,994.4931224934261,0
2025-09-21T07:00:00,994.4931224934261,994.4931224934261,0
2025-09-21T07:15:00,994.4931224934261,994.4931224934261,0
2025-09-21T07:30:00,994.4931224934261,994.4931224934261,0
2025-09-21T07:45:00,994.4931224934261,994.4931224934261,0
2025-09-21T08:00:00,994.4931224934261,994.4931224934261,0
2025-09-21T08:15:00,994.4931224934261,994.4931224934261,0
2025-09-21T08:30:00,994.4931224934261,994.4931224934261,0
2025-09-21T08:45:00,994.4931224934261,994.4931224934261,0
2025-09-21T09:00:00,994.4931224934261,994.4931224934261,0
2025-09-21T09:15:00,994.4931224934261,994.4931224934261,0
2025-09-21T09:30:00,994.4931224934261,994.4931224934261,0
2025-09-21T09:45:00,994.4931224934261,994.4931224934261,0
2025-09-21T10:00:00,994.4931224934261,994.4931224934261,0
2025-09-21T10:15:00,994.4931224934261,994.4931224934261,0
2025-09-21T10:30:00,994.4931224934261,994.4931224934261,0
2025-09-21T10:45:00,994.4931224934261,994.4931224934261,0
2025-09-21T11:00:00,994.4931224934261,994.4931224934261,0
2025-09-21T11:15:00,994.4931224934261,994.4931224934261,0
2025-09-21T11:30:00,994.4931224934261,994.4931224934261,0
2025-09-21T11:45:00,994.4931224934261,994.4931224934261,0
2025-09-21T12:00:00,994.4931224934261,994.4931224934261,0
2025-09-21T12:15:00,994.4931224934261,994.4931224934261,0
2025-09-21T12:30:00,994.4931224934261,994.4931224934261,0
2025-09-21T12:45:00,994.4931224934261,994.4931224934261,0
2025-09-21T13:00:00,994.4931224934261,994.4931224934261,0
2025-09-21T13:15:00,994.4931224934261,994.4931224934261,0
2025-09-21T13:30:00,994.4931224934261,994.4931224934261,0
2025-09-21T13:45:00,994.4931224934261,994.4931224934261,0
2025-09-21T14:00:00,994.4931224934261,994.4931224934261,0
2025-09-21T14:15:00,994.4931224934261,994.4931224934261,0
2025-09-21T14:30:00,994.4931224934261,994.4931224934261,0
2025-09-21T14:45:00,994.4931224934261,994.4931224934261,0
2025-09-21T15:00:00,994.4931224934261,994.4931224934261,0
2025-09-21T15:15:00,994.4931224934261,994.4931224934261,0
2025-09-21T15:30:00,994.4931224934261,994.4931224934261,0
2025-09-21T15:45:00,994.4931224934261,994.4931224934261,0
2025-09-21T16:00:00,994.4931224934261,994.4931224934261,0
2025-09-21T16:15:00,994.4931224934261,994.4931224934261,0
2025-09-21T16:30:00,994.4931224934261,994.4931224934261,0
2025-09-21T16:45:00,994.4931224934261,994.4931224934261,0
2025-09-21T17:00:00,994.4931224934261,994.4931224934261,0
2025-09-21T17:15:00,994.4931224934261,994.4931224934261,0
2025-09-21T17:30:00,994.4931224934261,994.4931224934261,0
2025-09-21T17:45:00,994.4931224934261,994.4931224934261,0
2025-09-21T18:00:00,994.4931224934261,994.4931224934261,0
2025-09-21T18:15:00,994.4931224934261,994.4931224934261,0
2025-09-21T18:30:00,994.4931224934261,994.4931224934261,0
2025-09-21T18:45:00,994.4931224934261,994.4931224934261,0
2025-09-21T19:00:00,994.4931224934261,994.4931224934261,0
2025-09-21T19:15:00,994.4931224934261,994.4931224934261,0
2025-09-21T19:30:00,994.4931224934261,994.4931224934261,0
2025-09-21T19:45:00,994.4931224934261,994.4931224934261,0
2025-09-21T20:00:00,994.4931224934261,994.4931224934261,0
2025-09-21T20:15:00,994.4931224934261,994.4931224934261,0
2025-09-21T20:30:00,994.4931224934261,994.4931224934261,0
2025-09-21T20:45:00,994.4931224934261,994.4931224934261,0
2025-09-21T21:00:00,994.4931224934261,994.4931224934261,0
2025-09-21T21:15:00,994.4931224934261,994.4931224934261,0
2025-09-21T21:30:00,994.4931224934261,994.4931224934261,0
2025-09-21T21:45:00,994.4931224934261,994.4931224934261,0
2025-09-21T22:00:00,994.4931224934261,994.4931224934261,0
2025-09-21T22:15:00,994.4931224934261,994.4931224934261,0
2025-09-21T22:30:00,994.4931224934261,994.4931224934261,0
2025-09-21T22:45:00,994.4931224934261,994.4931224934261,0
2025-09-21T23:00:00,994.4931224934261,994.4931224934261,0
2025-09-21T23:15:00,994.4931224934261,994.4931224934261,0
2025-09-21T23:30:00,994.4931224934261,994.4931224934261,0
2025-09-21T23:45:00,994.4931224934261,994.4931224934261,0
2025-09-22T00:00:00,994.4931224934261,994.4931224934261,0
2025-09-22T00:15:00,994.4931224934261,994.4931224934261,0
2025-09-22T00:30:00,994.4931224934261,994.4931224934261,0
2025-09-22T00:45:00,994.4931224934261,994.4931224934261,0
2025-09-22T01:00:00,994.4931224934261,994.4931224934261,0
2025-09-22T01:15:00,994.4931224934261,994.4931224934261,0
2025-09-22T01:30:00,994.4931224934261,994.4931224934261,0
2025-09-22T01:45:00,994.4931224934261,994.4931224934261,0
2025-09-22T02:00:00,994.4931224934261,994.4931224934261,0
2025-09-22T02:15:00,994.4931224934261,994.4931224934261,0
2025-09-22T02:30:00,994.4931224934261,994.4931224934261,0
2025-09-22T02:45:00,994.4931224934261,994.4931224934261,0
2025-09-22T03:00:00,994.4931224934261,994.4931224934261,0
2025-09-22T03:15:00,994.4931224934261,994.4931224934261,0
2025-09-22T03:30:00,994.4931224934261,994.4931224934261,0
2025-09-22T03:45:00,994.4931224934261,994.4931224934261,0
2025-09-22T04:00:00,994.4931224934261,994.4931224934261,0
2025-09-22T04:15:00,994.4931224934261,994.4931224934261,0
2025-09-22T04:30:00,994.4931224934261,994.4931224934261,0
2025-09-22T04:45:00,994.4931224934261,994.4931224934261,0
2025-09-22T05:00:00,994.4931224934261,994.4931224934261,0
2025-09-22T05:15:00,994.4931224934261,994.4931224934261,0
2025-09-22T05:30:00,994.4931224934261,994.4931224934261,0
2025-09-22T05:45:00,994.4931224934261,994.4931224934261,0
2025-09-22T06:00:00,994.4931224934261,994.4931224934261,0
2025-09-22T06:15:00,994.4931224934261,994.4931224934261,0
2025-09-22T06:30:00,994.4931224934261,994.4931224934261,0
2025-09-22T06:45:00,994.4931224934261,994.4931224934261,0
2025-09-22T07:00:00,994.4931224934261,994.4931224934261,0
2025-09-22T07:15:00,994.4931224934261,994.4931224934261,0
2025-09-22T07:30:00,994.4931224934261,994.4931224934261,0
2025-09-22T07:45:00,994.4931224934261,994.4931224934261,0
2025-09-22T08:00:00,994.4931224934261,994.4931224934261,0
2025-09-22T08:15:00,994.4931224934261,994.4931224934261,0
2025-09-22T08:30:00,994.4931224934261,994.4931224934261,0
2025-09-22T08:45:00,994.4931224934261,994.4931224934261,0
2025-09-22T09:00:00,994.4931224934261,994.4931224934261,0
2025-09-22T09:15:00,994.4931224934261,994.4931224934261,0
2025-09-22T09:30:00,994.4931224934261,994.4931224934261,0
2025-09-22T09:45:00,994.4931224934261,994.4931224934261,0
2025-09-22T10:00:00,994.4931224934261,994.4931224934261,0
2025-09-22T10:15:00,994.4931224934261,994.4931224934261,0
2025-09-22T10:30:00,994.4931224934261,994.4931224934261,0
2025-09-22T10:45:00,994.4931224934261,994.4931224934261,0
2025-09-22T11:00:00,994.4931224934261,994.4931224934261,0
2025-09-22T11:15:00,994.4931224934261,994.4931224934261,0
2025-09-22T11:30:00,994.4931224934261,994.4931224934261,0
2025-09-22T11:45:00,994.4931224934261,994.4931224934261,0
2025-09-22T12:00:00,994.4931224934261,994.4931224934261,0
2025-09-22T12:15:00,994.4931224934261,994.4931224934261,0
2025-09-22T12:30:00,994.4931224934261,994.4931224934261,0
2025-09-22T12:45:00,994.4931224934261,994.4931224934261,0
2025-09-22T13:00:00,994.4931224934261,994.4931224934261,0
2025-09-22T13:15:00,994.4931224934261,994.4931224934261,0
2025-09-22T13:30:00,994.4931224934261,994.4931224934261,0
2025-09-22T13:45:00,994.4931224934261,994.4931224934261,0
2025-09-22T14:00:00,994.4931224934261,994.4931224934261,0
2025-09-22T14:15:00,994.4931224934261,994.4931224934261,0
2025-09-22T14:30:00,994.4931224934261,994.4931224934261,0
2025-09-22T14:45:00,994.4931224934261,994.4931224934261,0
2025-09-22T15:00:00,994.4931224934261,994.4931224934261,0
2025-09-22T15:15:00,994.4931224934261,994.4931224934261,0
2025-09-22T15:30:00,994.4931224934261,994.4931224934261,0
2025-09-22T15:45:00,994.4931224934261,994.4931224934261,0
2025-09-22T16:00:00,994.4931224934261,994.4931224934261,0
2025-09-22T16:15:00,994.4931224934261,994.4931224934261,0
2025-09-22T16:30:00,994.4931224934261,994.4931224934261,0
2025-09-22T16:45:00,994.4931224934261,994.4931224934261,0
2025-09-22T17:00:00,994.4931224934261,994.4931224934261,0
2025-09-22T17:15:00,994.4931224934261,994.4931224934261,0
2025-09-22T17:30:00,994.4931224934261,994.4931224934261,0
2025-09-22T17:45:00,994.4931224934261,994.4931224934261,0
2025-09-22T18:00:00,994.4931224934261,994.4931224934261,0
2025-09-22T18:15:00,994.4931224934261,994.4931224934261,0
2025-09-22T18:30:00,994.4931224934261,994.4931224934261,0
2025-09-22T18:45:00,994.4931224934261,994.4931224934261,0
2025-09-22T19:00:00,994.4931224934261,994.4931224934261,0
2025-09-22T19:15:00,994.4931224934261,994.4931224934261,0
2025-09-22T19:30:00,994.4931224934261,994.4931224934261,0
2025-09-22T19:45:00,994.4931224934261,994.4931224934261,0
2025-09-22T20:00:00,994.4931224934261,994.4931224934261,0
2025-09-22T20:15:00,994.4931224934261,994.4931224934261,0
2025-09-22T20:30:00,994.4931224934261,994.4931224934261,0
2025-09-22T20:45:00,994.4931224934261,994.4931224934261,0
2025-09-22T21:00:00,994.4931224934261,994.4931224934261,0
2025-09-22T21:15:00,994.4931224934261,994.4931224934261,0
2025-09-22T21:30:00,994.4931224934261,994.4931224934261,0
2025-09-22T21:45:00,994.4931224934261,994.4931224934261,0
2025-09-22T22:00:00,994.4931224934261,994.4931224934261,0
2025-09-22T22:15:00,994.4931224934261,994.4931224934261,0
2025-09-22T22:30:00,994.4931224934261,994.4931224934261,0
2025-09-22T22:45:00,994.4931224934261,994.4931224934261,0
2025-09-22T23:00:00,994.4931224934261,994.4931224934261,0
2025-09-22T23:15:00,994.4931224934261,994.4931224934261,0
2025-09-22T23:30:00,994.4931224934261,994.4931224934261,0
2025-09-22T23:45:00,994.4931224934261,994.4931224934261,0
2025-09-23T00:00:00,994.4931224934261,994.4931224934261,0
2025-09-23T00:15:00,994.4931224934261,994.4931224934261,0
2025-09-23T00:30:00,994.4931224934261,994.4931224934261,0
2025-09-23T00:45:00,994.4931224934261,994.4931224934261,0
2025-09-23T01:00:00,994.4931224934261,994.4931224934261,0
2025-09-23T01:15:00,994.4931224934261,994.4931224934261,0
2025-09-23T01:30:00,994.4931224934261,994.4931224934261,0
2025-09-23T01:45:00,994.4931224934261,994.4931224934261,0
2025-09-23T02:00:00,994.4931224934261,994.4931224934261,0
2025-09-23T02:15:00,994.4931224934261,994.4931224934261,0
2025-09-23T02:30:00,994.4931224934261,994.4931224934261,0
2025-09-23T02:45:00,994.4931224934261,994.4931224934261,0
2025-09-23T03:00:00,994.4931224934261,994.4931224934261,0
2025-09-23T03:15:00,994.4931224934261,994.4931224934261,0
2025-09-23T03:30:00,994.4931224934261,994.4931224934261,0
2025-09-23T03:45:00,994.4931224934261,994.4931224934261,0
2025-09-23T04:00:00,994.4931224934261,994.4931224934261,0
2025-09-23T04:15:00,994.4931224934261,994.4931224934261,0
2025-09-23T04:30:00,994.4931224934261,994.4931224934261,0
2025-09-23T04:45:00,994.4931224934261,994.4931224934261,0
2025-09-23T05:00:00,994.4931224934261,994.4931224934261,0
2025-09-23T05:15:00,994.4931224934261,994.4931224934261,0
2025-09-23T05:30:00,994.4931224934261,994.4931224934261,0
2025-09-23T05:45:00,994.4931224934261,994.4931224934261,0
2025-09-23T06:00:00,994.4931224934261,994.4931224934261,0
2025-09-23T06:15:00,994.4931224934261,994.4931224934261,0
2025-09-23T06:30:00,994.4931224934261,994.4931224934261,0
2025-09-23T06:45:00,994.4931224934261,994.4931224934261,0
2025-09-23T07:00:00,994.4931224934261,994.4931224934261,0
2025-09-23T07:15:00,994.4931224934261,994.4931224934261,0
2025-09-23T07:30:00,994.4931224934261,994.4931224934261,0
2025-09-23T07:45:00,994.4931224934261,994.4931224934261,0
2025-09-23T08:00:00,994.4931224934261,994.4931224934261,0
2025-09-23T08:15:00,994.4931224934261,994.4931224934261,0
2025-09-23T08:30:00,994.4931224934261,994.4931224934261,0
2025-09-23T08:45:00,994.4931224934261,994.4931224934261,0
2025-09-23T09:00:00,994.4931224934261,994.4931224934261,0
2025-09-23T09:15:00,994.4931224934261,994.4931224934261,0
2025-09-23T09:30:00,994.4931224934261,994.4931224934261,0
2025-09-23T09:45:00,994.4931224934261,994.4931224934261,0
2025-09-23T10:00:00,994.4931224934261,994.4931224934261,0
2025-09-23T10:15:00,994.4931224934261,994.4931224934261,0
2025-09-23T10:30:00,994.4931224934261,994.4931224934261,0
2025-09-23T10:45:00,994.4931224934261,994.4931224934261,0
2025-09-23T11:00:00,994.4931224934261,994.4931224934261,0
2025-09-23T11:15:00,993.4337268673432,855.0413188849079,1
2025-09-23T11:30:00,992.2872660811141,992.2872660811141,0
2025-09-23T11:45:00,992.2872660811141,992.2872660811141,0
2025-09-23T12:00:00,992.2872660811141,992.2872660811141,0
2025-09-23T12:15:00,992.2872660811141,992.2872660811141,0
2025-09-23T12:30:00,992.2872660811141,992.2872660811141,0
2025-09-23T12:45:00,992.2872660811141,992.2872660811141,0
2025-09-23T13:00:00,992.2872660811141,992.2872660811141,0
2025-09-23T13:15:00,992.2872660811141,992.2872660811141,0
2025-09-23T13:30:00,992.2872660811141,992.2872660811141,0
2025-09-23T13:45:00,992.2872660811141,992.2872660811141,0
2025-09-23T14:00:00,992.2872660811141,992.2872660811141,0
2025-09-23T14:15:00,992.2872660811141,992.2872660811141,0
2025-09-23T14:30:00,992.2872660811141,992.2872660811141,0
2025-09-23T14:45:00,992.2872660811141,992.2872660811141,0
2025-09-23T15:00:00,992.2872660811141,992.2872660811141,0
2025-09-23T15:15:00,992.2872660811141,992.2872660811141,0
2025-09-23T15:30:00,992.2872660811141,992.2872660811141,0
2025-09-23T15:45:00,992.2872660811141,992.2872660811141,0
2025-09-23T16:00:00,992.2872660811141,992.2872660811141,0
2025-09-23T16:15:00,992.2872660811141,992.2872660811141,0
2025-09-23T16:30:00,992.2872660811141,992.2872660811141,0
2025-09-23T16:45:00,992.2872660811141,992.2872660811141,0
2025-09-23T17:00:00,992.2872660811141,992.2872660811141,0
2025-09-23T17:15:00,992.2872660811141,992.2872660811141,0
2025-09-23T17:30:00,991.2302202698083,853.144776482156,1
2025-09-23T17:45:00,990.6447874695734,853.144776482156,1
2025-09-23T18:00:00,989.9277665628638,853.144776482156,1
2025-09-23T18:15:00,989.2389431075416,853.144776482156,1
2025-09-23T18:30:00,990.3319300327507,853.144776482156,1
2025-09-23T18:45:00,989.5491150728037,853.144776482156,1
2025-09-23T19:00:00,987.8424978959722,853.144776482156,1
2025-09-23T19:15:00,987.3546227433181,987.3546227433181,0
2025-09-23T19:30:00,987.3546227433181,987.3546227433181,0
2025-09-23T19:45:00,987.3546227433181,987.3546227433181,0
2025-09-23T20:00:00,987.3546227433181,987.3546227433181,0
2025-09-23T20:15:00,987.3546227433181,987.3546227433181,0
2025-09-23T20:30:00,987.3546227433181,987.3546227433181,0
2025-09-23T20:45:00,987.3546227433181,987.3546227433181,0
2025-09-23T21:00:00,987.3546227433181,987.3546227433181,0
2025-09-23T21:15:00,987.3546227433181,987.3546227433181,0
2025-09-23T21:30:00,987.3546227433181,987.3546227433181,0
2025-09-23T21:45:00,987.3546227433181,987.3546227433181,0
2025-09-23T22:00:00,987.3546227433181,987.3546227433181,0
2025-09-23T22:15:00,987.3546227433181,987.3546227433181,0
2025-09-23T22:30:00,987.3546227433181,987.3546227433181,0
2025-09-23T22:45:00,987.3546227433181,987.3546227433181,0
2025-09-23T23:00:00,987.3546227433181,987.3546227433181,0
2025-09-23T23:15:00,987.3546227433181,987.3546227433181,0
2025-09-23T23:30:00,987.3546227433181,987.3546227433181,0
2025-09-23T23:45:00,987.3546227433181,987.3546227433181,0
2025-09-24T00:00:00,987.3546227433181,987.3546227433181,0
2025-09-24T00:15:00,987.3546227433181,987.3546227433181,0
2025-09-24T00:30:00,987.3546227433181,987.3546227433181,0
2025-09-24T00:45:00,987.3546227433181,987.3546227433181,0
2025-09-24T01:00:00,987.3546227433181,987.3546227433181,0
2025-09-24T01:15:00,987.3546227433181,987.3546227433181,0
2025-09-24T01:30:00,987.3546227433181,987.3546227433181,0
2025-09-24T01:45:00,987.3546227433181,987.3546227433181,0
2025-09-24T02:00:00,987.3546227433181,987.3546227433181,0
2025-09-24T02:15:00,987.3546227433181,987.3546227433181,0
2025-09-24T02:30:00,987.3546227433181,987.3546227433181,0
2025-09-24T02:45:00,987.3546227433181,987.3546227433181,0
2025-09-24T03:00:00,987.3546227433181,987.3546227433181,0
2025-09-24T03:15:00,987.3546227433181,987.3546227433181,0
2025-09-24T03:30:00,987.3546227433181,987.3546227433181,0
2025-09-24T03:45:00,987.3546227433181,987.3546227433181,0
2025-09-24T04:00:00,987.3546227433181,987.3546227433181,0
2025-09-24T04:15:00,987.3546227433181,987.3546227433181,0
2025-09-24T04:30:00,987.3546227433181,987.3546227433181,0
2025-09-24T04:45:00,987.3546227433181,987.3546227433181,0
2025-09-24T05:00:00,987.3546227433181,987.3546227433181,0
2025-09-24T05:15:00,987.3546227433181,987.3546227433181,0
2025-09-24T05:30:00,987.3546227433181,987.3546227433181,0
2025-09-24T05:45:00,987.3546227433181,987.3546227433181,0
2025-09-24T06:00:00,987.3546227433181,987.3546227433181,0
2025-09-24T06:15:00,987.3546227433181,987.3546227433181,0
2025-09-24T06:30:00,987.3546227433181,987.3546227433181,0
2025-09-24T06:45:00,987.3546227433181,987.3546227433181,0
2025-09-24T07:00:00,987.3546227433181,987.3546227433181,0
2025-09-24T07:15:00,987.3546227433181,987.3546227433181,0
2025-09-24T07:30:00,987.3546227433181,987.3546227433181,0
2025-09-24T07:45:00,987.3546227433181,987.3546227433181,0
2025-09-24T08:00:00,987.3546227433181,987.3546227433181,0
2025-09-24T08:15:00,987.3546227433181,987.3546227433181,0
2025-09-24T08:30:00,987.3546227433181,987.3546227433181,0
2025-09-24T08:45:00,987.3546227433181,987.3546227433181,0
2025-09-24T09:00:00,987.3546227433181,987.3546227433181,0
2025-09-24T09:15:00,987.3546227433181,987.3546227433181,0
2025-09-24T09:30:00,987.3546227433181,987.3546227433181,0
2025-09-24T09:45:00,987.3546227433181,987.3546227433181,0
2025-09-24T10:00:00,987.3546227433181,987.3546227433181,0
2025-09-24T10:15:00,987.3546227433181,987.3546227433181,0
2025-09-24T10:30:00,987.3546227433181,987.3546227433181,0
2025-09-24T10:45:00,987.3546227433181,987.3546227433181,0
2025-09-24T11:00:00,987.3546227433181,987.3546227433181,0
2025-09-24T11:15:00,987.3546227433181,987.3546227433181,0
2025-09-24T11:30:00,987.3546227433181,987.3546227433181,0
2025-09-24T11:45:00,987.3546227433181,987.3546227433181,0
2025-09-24T12:00:00,987.3546227433181,987.3546227433181,0
2025-09-24T12:15:00,987.3546227433181,987.3546227433181,0
2025-09-24T12:30:00,987.3546227433181,987.3546227433181,0
2025-09-24T12:45:00,987.3546227433181,987.3546227433181,0
2025-09-24T13:00:00,987.3546227433181,987.3546227433181,0
2025-09-24T13:15:00,987.3546227433181,987.3546227433181,0
2025-09-24T13:30:00,987.3546227433181,987.3546227433181,0
2025-09-24T13:45:00,987.3546227433181,987.3546227433181,0
2025-09-24T14:00:00,987.3546227433181,987.3546227433181,0
2025-09-24T14:15:00,987.3546227433181,987.3546227433181,0
2025-09-24T14:30:00,987.3546227433181,987.3546227433181,0
2025-09-24T14:45:00,987.3546227433181,987.3546227433181,0
2025-09-24T15:00:00,987.3546227433181,987.3546227433181,0
2025-09-24T15:15:00,987.3546227433181,987.3546227433181,0
2025-09-24T15:30:00,987.3546227433181,987.3546227433181,0
2025-09-24T15:45:00,987.3546227433181,987.3546227433181,0
2025-09-24T16:00:00,987.3546227433181,987.3546227433181,0
2025-09-24T16:15:00,987.3546227433181,987.3546227433181,0
2025-09-24T16:30:00,987.3546227433181,987.3546227433181,0
2025-09-24T16:45:00,987.3546227433181,987.3546227433181,0
2025-09-24T17:00:00,987.3546227433181,987.3546227433181,0
2025-09-24T17:15:00,987.3546227433181,987.3546227433181,0
2025-09-24T17:30:00,987.3546227433181,987.3546227433181,0
2025-09-24T17:45:00,987.3546227433181,987.3546227433181,0
2025-09-24T18:00:00,987.3546227433181,987.3546227433181,0
2025-09-24T18:15:00,987.3546227433181,987.3546227433181,0
2025-09-24T18:30:00,987.3546227433181,987.3546227433181,0
2025-09-24T18:45:00,987.3546227433181,987.3546227433181,0
2025-09-24T19:00:00,987.3546227433181,987.3546227433181,0
2025-09-24T19:15:00,987.3546227433181,987.3546227433181,0
2025-09-24T19:30:00,987.3546227433181,987.3546227433181,0
2025-09-24T19:45:00,987.3546227433181,987.3546227433181,0
2025-09-24T20:00:00,987.3546227433181,987.3546227433181,0
2025-09-24T20:15:00,987.3546227433181,987.3546227433181,0
2025-09-24T20:30:00,987.3546227433181,987.3546227433181,0
2025-09-24T20:45:00,987.3546227433181,987.3546227433181,0
2025-09-24T21:00:00,987.3546227433181,987.3546227433181,0
2025-09-24T21:15:00,987.3546227433181,987.3546227433181,0
2025-09-24T21:30:00,987.3546227433181,987.3546227433181,0
2025-09-24T21:45:00,987.3546227433181,987.3546227433181,0
2025-09-24T22:00:00,987.3546227433181,987.3546227433181,0
2025-09-24T22:15:00,987.3546227433181,987.3546227433181,0
2025-09-24T22:30:00,987.3546227433181,987.3546227433181,0
2025-09-24T22:45:00,987.3546227433181,987.3546227433181,0
2025-09-24T23:00:00,987.3546227433181,987.3546227433181,0
2025-09-24T23:15:00,987.3546227433181,987.3546227433181,0
2025-09-24T23:30:00,987.3546227433181,987.3546227433181,0
2025-09-24T23:45:00,987.3546227433181,987.3546227433181,0
2025-09-25T00:00:00,987.3546227433181,987.3546227433181,0
2025-09-25T00:15:00,987.3546227433181,987.3546227433181,0
2025-09-25T00:30:00,987.3546227433181,987.3546227433181,0
2025-09-25T00:45:00,987.3546227433181,987.3546227433181,0
2025-09-25T01:00:00,987.3546227433181,987.3546227433181,0
2025-09-25T01:15:00,987.3546227433181,987.3546227433181,0
2025-09-25T01:30:00,987.3546227433181,987.3546227433181,0
2025-09-25T01:45:00,987.3546227433181,987.3546227433181,0
2025-09-25T02:00:00,987.3546227433181,987.3546227433181,0
2025-09-25T02:15:00,987.3546227433181,987.3546227433181,0
2025-09-25T02:30:00,987.3546227433181,987.3546227433181,0
2025-09-25T02:45:00,987.3546227433181,987.3546227433181,0
2025-09-25T03:00:00,987.3546227433181,987.3546227433181,0
2025-09-25T03:15:00,987.3546227433181,987.3546227433181,0
2025-09-25T03:30:00,987.3546227433181,987.3546227433181,0
2025-09-25T03:45:00,987.3546227433181,987.3546227433181,0
2025-09-25T04:00:00,987.3546227433181,987.3546227433181,0
2025-09-25T04:15:00,987.3546227433181,987.3546227433181,0
2025-09-25T04:30:00,987.3546227433181,987.3546227433181,0
2025-09-25T04:45:00,987.3546227433181,987.3546227433181,0
2025-09-25T05:00:00,987.3546227433181,987.3546227433181,0
2025-09-25T05:15:00,987.3546227433181,987.3546227433181,0
2025-09-25T05:30:00,987.3546227433181,987.3546227433181,0
2025-09-25T05:45:00,987.3546227433181,987.3546227433181,0
2025-09-25T06:00:00,987.3546227433181,987.3546227433181,0
2025-09-25T06:15:00,987.3546227433181,987.3546227433181,0
2025-09-25T06:30:00,987.3546227433181,987.3546227433181,0
2025-09-25T06:45:00,987.3546227433181,987.3546227433181,0
2025-09-25T07:00:00,987.3546227433181,987.3546227433181,0
2025-09-25T07:15:00,987.3546227433181,987.3546227433181,0
2025-09-25T07:30:00,987.3546227433181,987.3546227433181,0
2025-09-25T07:45:00,987.3546227433181,987.3546227433181,0
2025-09-25T08:00:00,987.3546227433181,987.3546227433181,0
2025-09-25T08:15:00,987.3546227433181,987.3546227433181,0
2025-09-25T08:30:00,987.3546227433181,987.3546227433181,0
2025-09-25T08:45:00,987.3546227433181,987.3546227433181,0
2025-09-25T09:00:00,987.3546227433181,987.3546227433181,0
2025-09-25T09:15:00,987.3546227433181,987.3546227433181,0
2025-09-25T09:30:00,987.3546227433181,987.3546227433181,0
2025-09-25T09:45:00,987.3546227433181,987.3546227433181,0
2025-09-25T10:00:00,987.3546227433181,987.3546227433181,0
2025-09-25T10:15:00,987.3546227433181,987.3546227433181,0
2025-09-25T10:30:00,987.3546227433181,987.3546227433181,0
2025-09-25T10:45:00,987.3546227433181,987.3546227433181,0
2025-09-25T11:00:00,987.3546227433181,987.3546227433181,0
2025-09-25T11:15:00,987.3546227433181,987.3546227433181,0
2025-09-25T11:30:00,987.3546227433181,987.3546227433181,0
2025-09-25T11:45:00,987.3546227433181,987.3546227433181,0
2025-09-25T12:00:00,987.3546227433181,987.3546227433181,0
2025-09-25T12:15:00,986.302831488991,848.9038081237591,1
2025-09-25T12:30:00,978.7826833471805,848.9038081237591,1
2025-09-25T12:45:00,981.2364933590861,848.9038081237591,1
2025-09-25T13:00:00,981.5974717065732,848.9038081237591,1
2025-09-25T13:15:00,977.7685729701938,848.9038081237591,1
2025-09-25T13:30:00,984.0091441681885,848.9038081237591,1
2025-09-25T13:45:00,982.3517338567697,848.9038081237591,1
2025-09-25T14:00:00,977.6119523960679,977.6119523960679,0
2025-09-25T14:15:00,977.6119523960679,977.6119523960679,0
2025-09-25T14:30:00,977.6119523960679,977.6119523960679,0
2025-09-25T14:45:00,977.6119523960679,977.6119523960679,0
2025-09-25T15:00:00,977.6119523960679,977.6119523960679,0
2025-09-25T15:15:00,977.6119523960679,977.6119523960679,0
2025-09-25T15:30:00,977.6119523960679,977.6119523960679,0
2025-09-25T15:45:00,977.6119523960679,977.6119523960679,0
2025-09-25T16:00:00,977.6119523960679,977.6119523960679,0
2025-09-25T16:15:00,977.6119523960679,977.6119523960679,0
2025-09-25T16:30:00,977.6119523960679,977.6119523960679,0
2025-09-25T16:45:00,977.6119523960679,977.6119523960679,0
2025-09-25T17:00:00,976.5705396371962,840.5272939832817,1
2025-09-25T17:15:00,977.6749240371951,840.5272939832817,1
2025-09-25T17:30:00,980.4822473819844,840.5272939832817,1
2025-09-25T17:45:00,983.1721094989583,840.5272939832817,1
2025-09-25T18:00:00,981.2384786936065,840.5272939832817,1
2025-09-25T18:15:00,980.1392207793979,840.5272939832817,1
2025-09-25T18:30:00,979.915148555828,840.5272939832817,1
2025-09-25T18:45:00,978.5604124711208,840.5272939832817,1
2025-09-25T19:00:00,978.9884491487534,840.5272939832817,1
2025-09-25T19:15:00,978.2660625976883,840.5272939832817,1
2025-09-25T19:30:00,979.6097493635077,840.5272939832817,1
2025-09-25T19:45:00,980.5522761733134,840.5272939832817,1
2025-09-25T20:00:00,981.1239042247797,840.5272939832817,1
2025-09-25T20:15:00,980.5626286883073,840.5272939832817,1
2025-09-25T20:30:00,981.3221449325716,840.5272939832817,1
2025-09-25T20:45:00,981.0942737341725,981.0942737341725,0
2025-09-25T21:00:00,981.0942737341725,981.0942737341725,0
2025-09-25T21:15:00,981.0942737341725,981.0942737341725,0
2025-09-25T21:30:00,981.0942737341725,981.0942737341725,0
2025-09-25T21:45:00,981.0942737341725,981.0942737341725,0
2025-09-25T22:00:00,981.0942737341725,981.0942737341725,0
2025-09-25T22:15:00,981.0942737341725,981.0942737341725,0
2025-09-25T22:30:00,981.0942737341725,981.0942737341725,0
2025-09-25T22:45:00,981.0942737341725,981.0942737341725,0
2025-09-25T23:00:00,981.0942737341725,981.0942737341725,0
2025-09-25T23:15:00,981.0942737341725,981.0942737341725,0
2025-09-25T23:30:00,981.0942737341725,981.0942737341725,0
2025-09-25T23:45:00,981.0942737341725,981.0942737341725,0
2025-09-26T00:00:00,981.0942737341725,981.0942737341725,0
2025-09-26T00:15:00,981.0942737341725,981.0942737341725,0
2025-09-26T00:30:00,981.0942737341725,981.0942737341725,0
2025-09-26T00:45:00,981.0942737341725,981.0942737341725,0
2025-09-26T01:00:00,981.0942737341725,981.0942737341725,0
2025-09-26T01:15:00,981.0942737341725,981.0942737341725,0
2025-09-26T01:30:00,981.0942737341725,981.0942737341725,0
2025-09-26T01:45:00,981.0942737341725,981.0942737341725,0
2025-09-26T02:00:00,981.0942737341725,981.0942737341725,0
2025-09-26T02:15:00,981.0942737341725,981.0942737341725,0
2025-09-26T02:30:00,981.0942737341725,981.0942737341725,0
2025-09-26T02:45:00,981.0942737341725,981.0942737341725,0
2025-09-26T03:00:00,981.0942737341725,981.0942737341725,0
2025-09-26T03:15:00,981.0942737341725,981.0942737341725,0
2025-09-26T03:30:00,981.0942737341725,981.0942737341725,0
2025-09-26T03:45:00,981.0942737341725,981.0942737341725,0
2025-09-26T04:00:00,981.0942737341725,981.0942737341725,0
2025-09-26T04:15:00,981.0942737341725,981.0942737341725,0
2025-09-26T04:30:00,981.0942737341725,981.0942737341725,0
2025-09-26T04:45:00,981.0942737341725,981.0942737341725,0
2025-09-26T05:00:00,981.0942737341725,981.0942737341725,0
2025-09-26T05:15:00,981.0942737341725,981.0942737341725,0
2025-09-26T05:30:00,981.0942737341725,981.0942737341725,0
2025-09-26T05:45:00,981.0942737341725,981.0942737341725,0
2025-09-26T06:00:00,981.0942737341725,981.0942737341725,0
2025-09-26T06:15:00,981.0942737341725,981.0942737341725,0
2025-09-26T06:30:00,981.0942737341725,981.0942737341725,0
2025-09-26T06:45:00,981.0942737341725,981.0942737341725,0
2025-09-26T07:00:00,981.0942737341725,981.0942737341725,0
2025-09-26T07:15:00,981.0942737341725,981.0942737341725,0
2025-09-26T07:30:00,981.0942737341725,981.0942737341725,0
2025-09-26T07:45:00,981.0942737341725,981.0942737341725,0
2025-09-26T08:00:00,981.0942737341725,981.0942737341725,0
2025-09-26T08:15:00,981.0942737341725,981.0942737341725,0
2025-09-26T08:30:00,981.0942737341725,981.0942737341725,0
2025-09-26T08:45:00,981.0942737341725,981.0942737341725,0
2025-09-26T09:00:00,981.0942737341725,981.0942737341725,0
2025-09-26T09:15:00,981.0942737341725,981.0942737341725,0
2025-09-26T09:30:00,981.0942737341725,981.0942737341725,0
2025-09-26T09:45:00,981.0942737341725,981.0942737341725,0
2025-09-26T10:00:00,981.0942737341725,981.0942737341725,0
2025-09-26T10:15:00,981.0942737341725,981.0942737341725,0
2025-09-26T10:30:00,981.0942737341725,981.0942737341725,0
2025-09-26T10:45:00,981.0942737341725,981.0942737341725,0
2025-09-26T11:00:00,981.0942737341725,981.0942737341725,0
2025-09-26T11:15:00,981.0942737341725,981.0942737341725,0
2025-09-26T11:30:00,981.0942737341725,981.0942737341725,0
2025-09-26T11:45:00,981.0942737341725,981.0942737341725,0
2025-09-26T12:00:00,981.0942737341725,981.0942737341725,0
2025-09-26T12:15:00,981.0942737341725,981.0942737341725,0
2025-09-26T12:30:00,981.0942737341725,981.0942737341725,0
2025-09-26T12:45:00,981.0942737341725,981.0942737341725,0
2025-09-26T13:00:00,981.0942737341725,981.0942737341725,0
2025-09-26T13:15:00,981.0942737341725,981.0942737341725,0
2025-09-26T13:30:00,981.0942737341725,981.0942737341725,0
2025-09-26T13:45:00,981.0942737341725,981.0942737341725,0
2025-09-26T14:00:00,981.0942737341725,981.0942737341725,0
2025-09-26T14:15:00,981.0942737341725,981.0942737341725,0
2025-09-26T14:30:00,981.0942737341725,981.0942737341725,0
2025-09-26T14:45:00,981.0942737341725,981.0942737341725,0
2025-09-26T15:00:00,981.0942737341725,981.0942737341725,0
2025-09-26T15:15:00,981.0942737341725,981.0942737341725,0
2025-09-26T15:30:00,981.0942737341725,981.0942737341725,0
2025-09-26T15:45:00,981.0942737341725,981.0942737341725,0
2025-09-26T16:00:00,981.0942737341725,981.0942737341725,0
2025-09-26T16:15:00,981.0942737341725,981.0942737341725,0
2025-09-26T16:30:00,981.0942737341725,981.0942737341725,0
2025-09-26T16:45:00,981.0942737341725,981.0942737341725,0
2025-09-26T17:00:00,981.0942737341725,981.0942737341725,0
2025-09-26T17:15:00,981.0942737341725,981.0942737341725,0
2025-09-26T17:30:00,981.0942737341725,981.0942737341725,0
2025-09-26T17:45:00,981.0942737341725,981.0942737341725,0
2025-09-26T18:00:00,980.0516237542133,843.5213102940719,1
2025-09-26T18:15:00,980.568985082763,843.5213102940719,1
2025-09-26T18:30:00,978.9586640889264,843.5213102940719,1
2025-09-26T18:45:00,979.1753599333451,843.5213102940719,1
2025-09-26T19:00:00,978.5076658627299,843.5213102940719,1
2025-09-26T19:15:00,976.2811160613275,843.5213102940719,1
2025-09-26T19:30:00,974.4896158957108,974.4896158957108,0
2025-09-26T19:45:00,974.4896158957108,974.4896158957108,0
2025-09-26T20:00:00,974.4896158957108,974.4896158957108,0
2025-09-26T20:15:00,974.4896158957108,974.4896158957108,0
2025-09-26T20:30:00,974.4896158957108,974.4896158957108,0
2025-09-26T20:45:00,974.4896158957108,974.4896158957108,0
2025-09-26T21:00:00,974.4896158957108,974.4896158957108,0
2025-09-26T21:15:00,974.4896158957108,974.4896158957108,0
2025-09-26T21:30:00,974.4896158957108,974.4896158957108,0
2025-09-26T21:45:00,974.4896158957108,974.4896158957108,0
2025-09-26T22:00:00,974.4896158957108,974.4896158957108,0
2025-09-26T22:15:00,974.4896158957108,974.4896158957108,0
2025-09-26T22:30:00,974.4896158957108,974.4896158957108,0
2025-09-26T22:45:00,974.4896158957108,974.4896158957108,0
2025-09-26T23:00:00,974.4896158957108,974.4896158957108,0
2025-09-26T23:15:00,974.4896158957108,974.4896158957108,0
2025-09-26T23:30:00,974.4896158957108,974.4896158957108,0
2025-09-26T23:45:00,974.4896158957108,974.4896158957108,0
2025-09-27T00:00:00,974.4896158957108,974.4896158957108,0
2025-09-27T00:15:00,974.4896158957108,974.4896158957108,0
2025-09-27T00:30:00,974.4896158957108,974.4896158957108,0
2025-09-27T00:45:00,974.4896158957108,974.4896158957108,0
2025-09-27T01:00:00,974.4896158957108,974.4896158957108,0
2025-09-27T01:15:00,974.4896158957108,974.4896158957108,0
2025-09-27T01:30:00,974.4896158957108,974.4896158957108,0
2025-09-27T01:45:00,974.4896158957108,974.4896158957108,0
2025-09-27T02:00:00,974.4896158957108,974.4896158957108,0
2025-09-27T02:15:00,974.4896158957108,974.4896158957108,0
2025-09-27T02:30:00,974.4896158957108,974.4896158957108,0
2025-09-27T02:45:00,974.4896158957108,974.4896158957108,0
2025-09-27T03:00:00,974.4896158957108,974.4896158957108,0
2025-09-27T03:15:00,974.4896158957108,974.4896158957108,0
2025-09-27T03:30:00,974.4896158957108,974.4896158957108,0
2025-09-27T03:45:00,974.4896158957108,974.4896158957108,0
2025-09-27T04:00:00,974.4896158957108,974.4896158957108,0
2025-09-27T04:15:00,974.4896158957108,974.4896158957108,0
2025-09-27T04:30:00,974.4896158957108,974.4896158957108,0
2025-09-27T04:45:00,974.4896158957108,974.4896158957108,0
2025-09-27T05:00:00,974.4896158957108,974.4896158957108,0
2025-09-27T05:15:00,974.4896158957108,974.4896158957108,0
2025-09-27T05:30:00,974.4896158957108,974.4896158957108,0
2025-09-27T05:45:00,974.4896158957108,974.4896158957108,0
2025-09-27T06:00:00,974.4896158957108,974.4896158957108,0
2025-09-27T06:15:00,974.4896158957108,974.4896158957108,0
2025-09-27T06:30:00,974.4896158957108,974.4896158957108,0
2025-09-27T06:45:00,974.4896158957108,974.4896158957108,0
2025-09-27T07:00:00,974.4896158957108,974.4896158957108,0
2025-09-27T07:15:00,974.4896158957108,974.4896158957108,0
2025-09-27T07:30:00,974.4896158957108,974.4896158957108,0
2025-09-27T07:45:00,974.4896158957108,974.4896158957108,0
2025-09-27T08:00:00,974.4896158957108,974.4896158957108,0
2025-09-27T08:15:00,974.4896158957108,974.4896158957108,0
2025-09-27T08:30:00,974.4896158957108,974.4896158957108,0
2025-09-27T08:45:00,974.4896158957108,974.4896158957108,0
2025-09-27T09:00:00,974.4896158957108,974.4896158957108,0
2025-09-27T09:15:00,974.4896158957108,974.4896158957108,0
2025-09-27T09:30:00,974.4896158957108,974.4896158957108,0
2025-09-27T09:45:00,974.4896158957108,974.4896158957108,0
2025-09-27T10:00:00,974.4896158957108,974.4896158957108,0
2025-09-27T10:15:00,974.4896158957108,974.4896158957108,0
2025-09-27T10:30:00,974.4896158957108,974.4896158957108,0
2025-09-27T10:45:00,974.4896158957108,974.4896158957108,0
2025-09-27T11:00:00,974.4896158957108,974.4896158957108,0
2025-09-27T11:15:00,974.4896158957108,974.4896158957108,0
2025-09-27T11:30:00,974.4896158957108,974.4896158957108,0
2025-09-27T11:45:00,974.4896158957108,974.4896158957108,0
2025-09-27T12:00:00,974.4896158957108,974.4896158957108,0
2025-09-27T12:15:00,974.4896158957108,974.4896158957108,0
2025-09-27T12:30:00,974.4896158957108,974.4896158957108,0
2025-09-27T12:45:00,974.4896158957108,974.4896158957108,0
2025-09-27T13:00:00,974.4896158957108,974.4896158957108,0
2025-09-27T13:15:00,974.4896158957108,974.4896158957108,0
2025-09-27T13:30:00,974.4896158957108,974.4896158957108,0
2025-09-27T13:45:00,974.4896158957108,974.4896158957108,0
2025-09-27T14:00:00,974.4896158957108,974.4896158957108,0
2025-09-27T14:15:00,974.4896158957108,974.4896158957108,0
2025-09-27T14:30:00,974.4896158957108,974.4896158957108,0
2025-09-27T14:45:00,974.4896158957108,974.4896158957108,0
2025-09-27T15:00:00,974.4896158957108,974.4896158957108,0
2025-09-27T15:15:00,974.4896158957108,974.4896158957108,0
2025-09-27T15:30:00,974.4896158957108,974.4896158957108,0
2025-09-27T15:45:00,974.4896158957108,974.4896158957108,0
2025-09-27T16:00:00,974.4896158957108,974.4896158957108,0
2025-09-27T16:15:00,974.4896158957108,974.4896158957108,0
2025-09-27T16:30:00,974.4896158957108,974.4896158957108,0
2025-09-27T16:45:00,974.4896158957108,974.4896158957108,0
2025-09-27T17:00:00,974.4896158957108,974.4896158957108,0
2025-09-27T17:15:00,974.4896158957108,974.4896158957108,0
2025-09-27T17:30:00,974.4896158957108,974.4896158957108,0
2025-09-27T17:45:00,974.4896158957108,974.4896158957108,0
2025-09-27T18:00:00,974.4896158957108,974.4896158957108,0
2025-09-27T18:15:00,974.4896158957108,974.4896158957108,0
2025-09-27T18:30:00,974.4896158957108,974.4896158957108,0
2025-09-27T18:45:00,974.4896158957108,974.4896158957108,0
2025-09-27T19:00:00,974.4896158957108,974.4896158957108,0
2025-09-27T19:15:00,974.4896158957108,974.4896158957108,0
2025-09-27T19:30:00,974.4896158957108,974.4896158957108,0
2025-09-27T19:45:00,974.4896158957108,974.4896158957108,0
2025-09-27T20:00:00,974.4896158957108,974.4896158957108,0
2025-09-27T20:15:00,974.4896158957108,974.4896158957108,0
2025-09-27T20:30:00,974.4896158957108,974.4896158957108,0
2025-09-27T20:45:00,974.4896158957108,974.4896158957108,0
2025-09-27T21:00:00,974.4896158957108,974.4896158957108,0
2025-09-27T21:15:00,974.4896158957108,974.4896158957108,0
2025-09-27T21:30:00,974.4896158957108,974.4896158957108,0
2025-09-27T21:45:00,974.4896158957108,974.4896158957108,0
2025-09-27T22:00:00,974.4896158957108,974.4896158957108,0
2025-09-27T22:15:00,974.4896158957108,974.4896158957108,0
2025-09-27T22:30:00,974.4896158957108,974.4896158957108,0
2025-09-27T22:45:00,974.4896158957108,974.4896158957108,0
2025-09-27T23:00:00,974.4896158957108,974.4896158957108,0
2025-09-27T23:15:00,974.4896158957108,974.4896158957108,0
2025-09-27T23:30:00,974.4896158957108,974.4896158957108,0
2025-09-27T23:45:00,974.4896158957108,974.4896158957108,0
2025-09-28T00:00:00,974.4896158957108,974.4896158957108,0
2025-09-28T00:15:00,974.4896158957108,974.4896158957108,0
2025-09-28T00:30:00,974.4896158957108,974.4896158957108,0
2025-09-28T00:45:00,974.4896158957108,974.4896158957108,0
2025-09-28T01:00:00,974.4896158957108,974.4896158957108,0
2025-09-28T01:15:00,974.4896158957108,974.4896158957108,0
2025-09-28T01:30:00,974.4896158957108,974.4896158957108,0
2025-09-28T01:45:00,974.4896158957108,974.4896158957108,0
2025-09-28T02:00:00,974.4896158957108,974.4896158957108,0
2025-09-28T02:15:00,974.4896158957108,974.4896158957108,0
2025-09-28T02:30:00,974.4896158957108,974.4896158957108,0
2025-09-28T02:45:00,974.4896158957108,974.4896158957108,0
2025-09-28T03:00:00,974.4896158957108,974.4896158957108,0
2025-09-28T03:15:00,974.4896158957108,974.4896158957108,0
2025-09-28T03:30:00,974.4896158957108,974.4896158957108,0
2025-09-28T03:45:00,974.4896158957108,974.4896158957108,0
2025-09-28T04:00:00,974.4896158957108,974.4896158957108,0
2025-09-28T04:15:00,974.4896158957108,974.4896158957108,0
2025-09-28T04:30:00,974.4896158957108,974.4896158957108,0
2025-09-28T04:45:00,974.4896158957108,974.4896158957108,0
2025-09-28T05:00:00,974.4896158957108,974.4896158957108,0
2025-09-28T05:15:00,974.4896158957108,974.4896158957108,0
2025-09-28T05:30:00,974.4896158957108,974.4896158957108,0
2025-09-28T05:45:00,974.4896158957108,974.4896158957108,0
2025-09-28T06:00:00,974.4896158957108,974.4896158957108,0
2025-09-28T06:15:00,974.4896158957108,974.4896158957108,0
2025-09-28T06:30:00,974.4896158957108,974.4896158957108,0
2025-09-28T06:45:00,974.4896158957108,974.4896158957108,0
2025-09-28T07:00:00,974.4896158957108,974.4896158957108,0
2025-09-28T07:15:00,974.4896158957108,974.4896158957108,0
2025-09-28T07:30:00,974.4896158957108,974.4896158957108,0
2025-09-28T07:45:00,974.4896158957108,974.4896158957108,0
2025-09-28T08:00:00,974.4896158957108,974.4896158957108,0
2025-09-28T08:15:00,974.4896158957108,974.4896158957108,0
2025-09-28T08:30:00,974.4896158957108,974.4896158957108,0
2025-09-28T08:45:00,974.4896158957108,974.4896158957108,0
2025-09-28T09:00:00,974.4896158957108,974.4896158957108,0
2025-09-28T09:15:00,974.4896158957108,974.4896158957108,0
2025-09-28T09:30:00,974.4896158957108,974.4896158957108,0
2025-09-28T09:45:00,974.4896158957108,974.4896158957108,0
2025-09-28T10:00:00,974.4896158957108,974.4896158957108,0
2025-09-28T10:15:00,974.4896158957108,974.4896158957108,0
2025-09-28T10:30:00,974.4896158957108,974.4896158957108,0
2025-09-28T10:45:00,974.4896158957108,974.4896158957108,0
2025-09-28T11:00:00,974.4896158957108,974.4896158957108,0
2025-09-28T11:15:00,974.4896158957108,974.4896158957108,0
2025-09-28T11:30:00,974.4896158957108,974.4896158957108,0
2025-09-28T11:45:00,974.4896158957108,974.4896158957108,0
2025-09-28T12:00:00,974.4896158957108,974.4896158957108,0
2025-09-28T12:15:00,974.4896158957108,974.4896158957108,0
2025-09-28T12:30:00,974.4896158957108,974.4896158957108,0
2025-09-28T12:45:00,974.4896158957108,974.4896158957108,0
2025-09-28T13:00:00,974.4896158957108,974.4896158957108,0
2025-09-28T13:15:00,974.4896158957108,974.4896158957108,0
2025-09-28T13:30:00,974.4896158957108,974.4896158957108,0
2025-09-28T13:45:00,974.4896158957108,974.4896158957108,0
2025-09-28T14:00:00,974.4896158957108,974.4896158957108,0
2025-09-28T14:15:00,974.4896158957108,974.4896158957108,0
2025-09-28T14:30:00,974.4896158957108,974.4896158957108,0
2025-09-28T14:45:00,974.4896158957108,974.4896158957108,0
2025-09-28T15:00:00,974.4896158957108,974.4896158957108,0
2025-09-28T15:15:00,974.4896158957108,974.4896158957108,0
2025-09-28T15:30:00,974.4896158957108,974.4896158957108,0
2025-09-28T15:45:00,974.4896158957108,974.4896158957108,0
2025-09-28T16:00:00,974.4896158957108,974.4896158957108,0
2025-09-28T16:15:00,974.4896158957108,974.4896158957108,0
2025-09-28T16:30:00,974.4896158957108,974.4896158957108,0
2025-09-28T16:45:00,974.4896158957108,974.4896158957108,0
2025-09-28T17:00:00,974.4896158957108,974.4896158957108,0
2025-09-28T17:15:00,974.4896158957108,974.4896158957108,0
2025-09-28T17:30:00,974.4896158957108,974.4896158957108,0
2025-09-28T17:45:00,974.4896158957108,974.4896158957108,0
2025-09-28T18:00:00,974.4896158957108,974.4896158957108,0
2025-09-28T18:15:00,974.4896158957108,974.4896158957108,0
2025-09-28T18:30:00,974.4896158957108,974.4896158957108,0
2025-09-28T18:45:00,974.4896158957108,974.4896158957108,0
2025-09-28T19:00:00,974.4896158957108,974.4896158957108,0
2025-09-28T19:15:00,974.4896158957108,974.4896158957108,0
2025-09-28T19:30:00,974.4896158957108,974.4896158957108,0
2025-09-28T19:45:00,974.4896158957108,974.4896158957108,0
2025-09-28T20:00:00,974.4896158957108,974.4896158957108,0
2025-09-28T20:15:00,974.4896158957108,974.4896158957108,0
2025-09-28T20:30:00,973.4539849622869,837.8427839963506,1
2025-09-28T20:45:00,972.7670662866965,837.8427839963506,1
2025-09-28T21:00:00,973.0509985663754,837.8427839963506,1
2025-09-28T21:15:00,972.427192324514,837.8427839963506,1
2025-09-28T21:30:00,972.1792120304301,837.8427839963506,1
2025-09-28T21:45:00,972.9153436699089,837.8427839963506,1
2025-09-28T22:00:00,975.9899260445661,837.8427839963506,1
2025-09-28T22:15:00,977.2980969958281,837.8427839963506,1
2025-09-28T22:30:00,978.1509743590218,837.8427839963506,1
2025-09-28T22:45:00,978.3401643160055,837.8427839963506,1
2025-09-28T23:00:00,979.1874917142097,837.8427839963506,1
2025-09-28T23:15:00,979.1718732286645,837.8427839963506,1
2025-09-28T23:30:00,979.854469807626,837.8427839963506,1
2025-09-28T23:45:00,979.4474068887575,837.8427839963506,1
2025-09-29T00:00:00,979.1784546030766,837.8427839963506,1
2025-09-29T00:15:00,979.6189155413501,837.8427839963506,1
2025-09-29T00:30:00,978.9195708379517,837.8427839963506,1
2025-09-29T00:45:00,979.9219534527182,837.8427839963506,1
2025-09-29T01:00:00,979.8284389983835,837.8427839963506,1
2025-09-29T01:15:00,978.4148127291858,978.4148127291858,0
2025-09-29T01:30:00,978.4148127291858,978.4148127291858,0
2025-09-29T01:45:00,978.4148127291858,978.4148127291858,0
2025-09-29T02:00:00,978.4148127291858,978.4148127291858,0
2025-09-29T02:15:00,978.4148127291858,978.4148127291858,0
2025-09-29T02:30:00,978.4148127291858,978.4148127291858,0
2025-09-29T02:45:00,978.4148127291858,978.4148127291858,0
2025-09-29T03:00:00,978.4148127291858,978.4148127291858,0
2025-09-29T03:15:00,978.4148127291858,978.4148127291858,0
2025-09-29T03:30:00,978.4148127291858,978.4148127291858,0
2025-09-29T03:45:00,978.4148127291858,978.4148127291858,0
2025-09-29T04:00:00,978.4148127291858,978.4148127291858,0
2025-09-29T04:15:00,978.4148127291858,978.4148127291858,0
2025-09-29T04:30:00,978.4148127291858,978.4148127291858,0
2025-09-29T04:45:00,978.4148127291858,978.4148127291858,0
2025-09-29T05:00:00,978.4148127291858,978.4148127291858,0
2025-09-29T05:15:00,978.4148127291858,978.4148127291858,0
2025-09-29T05:30:00,978.4148127291858,978.4148127291858,0
2025-09-29T05:45:00,978.4148127291858,978.4148127291858,0
2025-09-29T06:00:00,978.4148127291858,978.4148127291858,0
2025-09-29T06:15:00,978.4148127291858,978.4148127291858,0
2025-09-29T06:30:00,978.4148127291858,978.4148127291858,0
2025-09-29T06:45:00,978.4148127291858,978.4148127291858,0
2025-09-29T07:00:00,978.4148127291858,978.4148127291858,0
2025-09-29T07:15:00,978.4148127291858,978.4148127291858,0
2025-09-29T07:30:00,978.4148127291858,978.4148127291858,0
2025-09-29T07:45:00,978.4148127291858,978.4148127291858,0
2025-09-29T08:00:00,978.4148127291858,978.4148127291858,0
2025-09-29T08:15:00,978.4148127291858,978.4148127291858,0
2025-09-29T08:30:00,978.4148127291858,978.4148127291858,0
2025-09-29T08:45:00,978.4148127291858,978.4148127291858,0
2025-09-29T09:00:00,978.4148127291858,978.4148127291858,0
2025-09-29T09:15:00,978.4148127291858,978.4148127291858,0
2025-09-29T09:30:00,978.4148127291858,978.4148127291858,0
2025-09-29T09:45:00,978.4148127291858,978.4148127291858,0
2025-09-29T10:00:00,978.4148127291858,978.4148127291858,0
2025-09-29T10:15:00,978.4148127291858,978.4148127291858,0
2025-09-29T10:30:00,978.4148127291858,978.4148127291858,0
2025-09-29T10:45:00,978.4148127291858,978.4148127291858,0
2025-09-29T11:00:00,978.4148127291858,978.4148127291858,0
2025-09-29T11:15:00,978.4148127291858,978.4148127291858,0
2025-09-29T11:30:00,978.4148127291858,978.4148127291858,0
2025-09-29T11:45:00,978.4148127291858,978.4148127291858,0
2025-09-29T12:00:00,978.4148127291858,978.4148127291858,0
2025-09-29T12:15:00,978.4148127291858,978.4148127291858,0
2025-09-29T12:30:00,978.4148127291858,978.4148127291858,0
2025-09-29T12:45:00,978.4148127291858,978.4148127291858,0
2025-09-29T13:00:00,978.4148127291858,978.4148127291858,0
2025-09-29T13:15:00,978.4148127291858,978.4148127291858,0
2025-09-29T13:30:00,978.4148127291858,978.4148127291858,0
2025-09-29T13:45:00,978.4148127291858,978.4148127291858,0
2025-09-29T14:00:00,978.4148127291858,978.4148127291858,0
2025-09-29T14:15:00,978.4148127291858,978.4148127291858,0
2025-09-29T14:30:00,978.4148127291858,978.4148127291858,0
2025-09-29T14:45:00,978.4148127291858,978.4148127291858,0
2025-09-29T15:00:00,978.4148127291858,978.4148127291858,0
2025-09-29T15:15:00,978.4148127291858,978.4148127291858,0
2025-09-29T15:30:00,978.4148127291858,978.4148127291858,0
2025-09-29T15:45:00,978.4148127291858,978.4148127291858,0
2025-09-29T16:00:00,978.4148127291858,978.4148127291858,0
2025-09-29T16:15:00,978.4148127291858,978.4148127291858,0
2025-09-29T16:30:00,978.4148127291858,978.4148127291858,0
2025-09-29T16:45:00,978.4148127291858,978.4148127291858,0
2025-09-29T17:00:00,978.4148127291858,978.4148127291858,0
2025-09-29T17:15:00,978.4148127291858,978.4148127291858,0
2025-09-29T17:30:00,978.4148127291858,978.4148127291858,0
2025-09-29T17:45:00,978.4148127291858,978.4148127291858,0
2025-09-29T18:00:00,978.4148127291858,978.4148127291858,0
2025-09-29T18:15:00,978.4148127291858,978.4148127291858,0
2025-09-29T18:30:00,978.4148127291858,978.4148127291858,0
2025-09-29T18:45:00,978.4148127291858,978.4148127291858,0
2025-09-29T19:00:00,978.4148127291858,978.4148127291858,0
2025-09-29T19:15:00,978.4148127291858,978.4148127291858,0
2025-09-29T19:30:00,978.4148127291858,978.4148127291858,0
2025-09-29T19:45:00,978.4148127291858,978.4148127291858,0
2025-09-29T20:00:00,978.4148127291858,978.4148127291858,0
2025-09-29T20:15:00,978.4148127291858,978.4148127291858,0
2025-09-29T20:30:00,977.3750103246715,841.2175740290484,1
2025-09-29T20:45:00,976.8202083420402,841.2175740290484,1
2025-09-29T21:00:00,975.3924661769472,841.2175740290484,1
2025-09-29T21:15:00,976.5072431210688,841.2175740290484,1
2025-09-29T21:30:00,976.6779514234167,841.2175740290484,1
2025-09-29T21:45:00,976.5499201966558,841.2175740290484,1
2025-09-29T22:00:00,976.340414552865,841.2175740290484,1
2025-09-29T22:15:00,976.0015844375984,841.2175740290484,1
2025-09-29T22:30:00,975.5877461288758,841.2175740290484,1
2025-09-29T22:45:00,976.816328607896,841.2175740290484,1
2025-09-29T23:00:00,975.928681358403,975.928681358403,0
2025-09-29T23:15:00,975.928681358403,975.928681358403,0
2025-09-29T23:30:00,975.928681358403,975.928681358403,0
2025-09-29T23:45:00,975.928681358403,975.928681358403,0
2025-09-30T00:00:00,975.928681358403,975.928681358403,0
2025-09-30T00:15:00,975.928681358403,975.928681358403,0
2025-09-30T00:30:00,975.928681358403,975.928681358403,0
2025-09-30T00:45:00,975.928681358403,975.928681358403,0
2025-09-30T01:00:00,975.928681358403,975.928681358403,0
2025-09-30T01:15:00,975.928681358403,975.928681358403,0
2025-09-30T01:30:00,975.928681358403,975.928681358403,0
2025-09-30T01:45:00,975.928681358403,975.928681358403,0
2025-09-30T02:00:00,975.928681358403,975.928681358403,0
2025-09-30T02:15:00,975.928681358403,975.928681358403,0
2025-09-30T02:30:00,975.928681358403,975.928681358403,0
2025-09-30T02:45:00,975.928681358403,975.928681358403,0
2025-09-30T03:00:00,975.928681358403,975.928681358403,0
2025-09-30T03:15:00,975.928681358403,975.928681358403,0
2025-09-30T03:30:00,975.928681358403,975.928681358403,0
2025-09-30T03:45:00,975.928681358403,975.928681358403,0
2025-09-30T04:00:00,975.928681358403,975.928681358403,0
2025-09-30T04:15:00,975.928681358403,975.928681358403,0
2025-09-30T04:30:00,975.928681358403,975.928681358403,0
2025-09-30T04:45:00,975.928681358403,975.928681358403,0
2025-09-30T05:00:00,975.928681358403,975.928681358403,0
2025-09-30T05:15:00,975.928681358403,975.928681358403,0
2025-09-30T05:30:00,975.928681358403,975.928681358403,0
2025-09-30T05:45:00,975.928681358403,975.928681358403,0
2025-09-30T06:00:00,975.928681358403,975.928681358403,0
2025-09-30T06:15:00,975.928681358403,975.928681358403,0
2025-09-30T06:30:00,975.928681358403,975.928681358403,0
2025-09-30T06:45:00,975.928681358403,975.928681358403,0
2025-09-30T07:00:00,975.928681358403,975.928681358403,0
2025-09-30T07:15:00,975.928681358403,975.928681358403,0
2025-09-30T07:30:00,975.928681358403,975.928681358403,0
2025-09-30T07:45:00,975.928681358403,975.928681358403,0
2025-09-30T08:00:00,975.928681358403,975.928681358403,0
2025-09-30T08:15:00,975.928681358403,975.928681358403,0
2025-09-30T08:30:00,975.928681358403,975.928681358403,0
2025-09-30T08:45:00,975.928681358403,975.928681358403,0
2025-09-30T09:00:00,975.928681358403,975.928681358403,0
2025-09-30T09:15:00,975.928681358403,975.928681358403,0
2025-09-30T09:30:00,975.928681358403,975.928681358403,0
2025-09-30T09:45:00,975.928681358403,975.928681358403,0
2025-09-30T10:00:00,975.928681358403,975.928681358403,0
2025-09-30T10:15:00,975.928681358403,975.928681358403,0
2025-09-30T10:30:00,975.928681358403,975.928681358403,0
2025-09-30T10:45:00,975.928681358403,975.928681358403,0
2025-09-30T11:00:00,975.928681358403,975.928681358403,0
2025-09-30T11:15:00,975.928681358403,975.928681358403,0
2025-09-30T11:30:00,975.928681358403,975.928681358403,0
2025-09-30T11:45:00,975.928681358403,975.928681358403,0
2025-09-30T12:00:00,975.928681358403,975.928681358403,0
2025-09-30T12:15:00,975.928681358403,975.928681358403,0
2025-09-30T12:30:00,975.928681358403,975.928681358403,0
2025-09-30T12:45:00,975.928681358403,975.928681358403,0
2025-09-30T13:00:00,975.928681358403,975.928681358403,0
2025-09-30T13:15:00,975.928681358403,975.928681358403,0
2025-09-30T13:30:00,975.928681358403,975.928681358403,0
2025-09-30T13:45:00,975.928681358403,975.928681358403,0
2025-09-30T14:00:00,975.928681358403,975.928681358403,0
2025-09-30T14:15:00,975.928681358403,975.928681358403,0
2025-09-30T14:30:00,975.928681358403,975.928681358403,0
2025-09-30T14:45:00,975.928681358403,975.928681358403,0
2025-09-30T15:00:00,975.928681358403,975.928681358403,0
2025-09-30T15:15:00,975.928681358403,975.928681358403,0
2025-09-30T15:30:00,975.928681358403,975.928681358403,0
2025-09-30T15:45:00,975.928681358403,975.928681358403,0
2025-09-30T16:00:00,975.928681358403,975.928681358403,0
2025-09-30T16:15:00,975.928681358403,975.928681358403,0
2025-09-30T16:30:00,975.928681358403,975.928681358403,0
2025-09-30T16:45:00,975.928681358403,975.928681358403,0
2025-09-30T17:00:00,975.928681358403,975.928681358403,0
2025-09-30T17:15:00,975.928681358403,975.928681358403,0
2025-09-30T17:30:00,975.928681358403,975.928681358403,0
2025-09-30T17:45:00,975.928681358403,975.928681358403,0
2025-09-30T18:00:00,975.928681358403,975.928681358403,0
2025-09-30T18:15:00,975.928681358403,975.928681358403,0
2025-09-30T18:30:00,975.928681358403,975.928681358403,0
2025-09-30T18:45:00,975.928681358403,975.928681358403,0
2025-09-30T19:00:00,975.928681358403,975.928681358403,0
2025-09-30T19:15:00,975.928681358403,975.928681358403,0
2025-09-30T19:30:00,975.928681358403,975.928681358403,0
2025-09-30T19:45:00,975.928681358403,975.928681358403,0
2025-09-30T20:00:00,974.8915210698335,839.0800579436022,1
2025-09-30T20:15:00,975.9410747256909,839.0800579436022,1
2025-09-30T20:30:00,975.5597404026,839.0800579436022,1
2025-09-30T20:45:00,977.0837871426045,839.0800579436022,1
2025-09-30T21:00:00,975.935530130369,839.0800579436022,1
2025-09-30T21:15:00,975.4864657075262,839.0800579436022,1
2025-09-30T21:30:00,975.872436459464,839.0800579436022,1
2025-09-30T21:45:00,974.85944845379,839.0800579436022,1
2025-09-30T22:00:00,974.2759385467533,974.2759385467533,0
2025-09-30T22:15:00,974.2759385467533,974.2759385467533,0
2025-09-30T22:30:00,974.2759385467533,974.2759385467533,0
2025-09-30T22:45:00,974.2759385467533,974.2759385467533,0
2025-09-30T23:00:00,974.2759385467533,974.2759385467533,0
2025-09-30T23:15:00,974.2759385467533,974.2759385467533,0
2025-09-30T23:30:00,974.2759385467533,974.2759385467533,0
2025-09-30T23:45:00,974.2759385467533,974.2759385467533,0
2025-10-01T00:00:00,974.2759385467533,974.2759385467533,0
2025-10-01T00:15:00,974.2759385467533,974.2759385467533,0
2025-10-01T00:30:00,974.2759385467533,974.2759385467533,0
2025-10-01T00:45:00,974.2759385467533,974.2759385467533,0
2025-10-01T01:00:00,974.2759385467533,974.2759385467533,0
2025-10-01T01:15:00,974.2759385467533,974.2759385467533,0
2025-10-01T01:30:00,974.2759385467533,974.2759385467533,0
2025-10-01T01:45:00,974.2759385467533,974.2759385467533,0
2025-10-01T02:00:00,974.2759385467533,974.2759385467533,0
2025-10-01T02:15:00,974.2759385467533,974.2759385467533,0
2025-10-01T02:30:00,974.2759385467533,974.2759385467533,0
2025-10-01T02:45:00,974.2759385467533,974.2759385467533,0
2025-10-01T03:00:00,974.2759385467533,974.2759385467533,0
2025-10-01T03:15:00,974.2759385467533,974.2759385467533,0
2025-10-01T03:30:00,974.2759385467533,974.2759385467533,0
2025-10-01T03:45:00,974.2759385467533,974.2759385467533,0
2025-10-01T04:00:00,974.2759385467533,974.2759385467533,0
2025-10-01T04:15:00,974.2759385467533,974.2759385467533,0
2025-10-01T04:30:00,974.2759385467533,974.2759385467533,0
2025-10-01T04:45:00,974.2759385467533,974.2759385467533,0
2025-10-01T05:00:00,974.2759385467533,974.2759385467533,0
2025-10-01T05:15:00,974.2759385467533,974.2759385467533,0
2025-10-01T05:30:00,974.2759385467533,974.2759385467533,0
2025-10-01T05:45:00,974.2759385467533,974.2759385467533,0
2025-10-01T06:00:00,974.2759385467533,974.2759385467533,0
2025-10-01T06:15:00,974.2759385467533,974.2759385467533,0
2025-10-01T06:30:00,974.2759385467533,974.2759385467533,0
2025-10-01T06:45:00,974.2759385467533,974.2759385467533,0
2025-10-01T07:00:00,974.2759385467533,974.2759385467533,0
2025-10-01T07:15:00,974.2759385467533,974.2759385467533,0
2025-10-01T07:30:00,974.2759385467533,974.2759385467533,0
2025-10-01T07:45:00,974.2759385467533,974.2759385467533,0
2025-10-01T08:00:00,974.2759385467533,974.2759385467533,0
2025-10-01T08:15:00,974.2759385467533,974.2759385467533,0
2025-10-01T08:30:00,974.2759385467533,974.2759385467533,0
2025-10-01T08:45:00,974.2759385467533,974.2759385467533,0
2025-10-01T09:00:00,974.2759385467533,974.2759385467533,0
2025-10-01T09:15:00,974.2759385467533,974.2759385467533,0
2025-10-01T09:30:00,974.2759385467533,974.2759385467533,0
2025-10-01T09:45:00,974.2759385467533,974.2759385467533,0
2025-10-01T10:00:00,974.2759385467533,974.2759385467533,0
2025-10-01T10:15:00,974.2759385467533,974.2759385467533,0
2025-10-01T10:30:00,974.2759385467533,974.2759385467533,0
2025-10-01T10:45:00,974.2759385467533,974.2759385467533,0
2025-10-01T11:00:00,974.2759385467533,974.2759385467533,0
2025-10-01T11:15:00,974.2759385467533,974.2759385467533,0
2025-10-01T11:30:00,974.2759385467533,974.2759385467533,0
2025-10-01T11:45:00,974.2759385467533,974.2759385467533,0
2025-10-01T12:00:00,974.2759385467533,974.2759385467533,0
2025-10-01T12:15:00,974.2759385467533,974.2759385467533,0
2025-10-01T12:30:00,974.2759385467533,974.2759385467533,0
2025-10-01T12:45:00,974.2759385467533,974.2759385467533,0
2025-10-01T13:00:00,974.2759385467533,974.2759385467533,0
2025-10-01T13:15:00,974.2759385467533,974.2759385467533,0
2025-10-01T13:30:00,974.2759385467533,974.2759385467533,0
2025-10-01T13:45:00,974.2759385467533,974.2759385467533,0
2025-10-01T14:00:00,974.2759385467533,974.2759385467533,0
2025-10-01T14:15:00,974.2759385467533,974.2759385467533,0
2025-10-01T14:30:00,974.2759385467533,974.2759385467533,0
2025-10-01T14:45:00,974.2759385467533,974.2759385467533,0
2025-10-01T15:00:00,974.2759385467533,974.2759385467533,0
2025-10-01T15:15:00,974.2759385467533,974.2759385467533,0
2025-10-01T15:30:00,974.2759385467533,974.2759385467533,0
2025-10-01T15:45:00,974.2759385467533,974.2759385467533,0
2025-10-01T16:00:00,974.2759385467533,974.2759385467533,0
2025-10-01T16:15:00,974.2759385467533,974.2759385467533,0
2025-10-01T16:30:00,974.2759385467533,974.2759385467533,0
2025-10-01T16:45:00,974.2759385467533,974.2759385467533,0
2025-10-01T17:00:00,974.2759385467533,974.2759385467533,0
2025-10-01T17:15:00,974.2759385467533,974.2759385467533,0
2025-10-01T17:30:00,974.2759385467533,974.2759385467533,0
2025-10-01T17:45:00,974.2759385467533,974.2759385467533,0
2025-10-01T18:00:00,974.2759385467533,974.2759385467533,0
2025-10-01T18:15:00,974.2759385467533,974.2759385467533,0
2025-10-01T18:30:00,974.2759385467533,974.2759385467533,0
2025-10-01T18:45:00,974.2759385467533,974.2759385467533,0
2025-10-01T19:00:00,974.2759385467533,974.2759385467533,0
2025-10-01T19:15:00,974.2759385467533,974.2759385467533,0
2025-10-01T19:30:00,974.2759385467533,974.2759385467533,0
2025-10-01T19:45:00,974.2759385467533,974.2759385467533,0
2025-10-01T20:00:00,974.2759385467533,974.2759385467533,0
2025-10-01T20:15:00,974.2759385467533,974.2759385467533,0
2025-10-01T20:30:00,974.2759385467533,974.2759385467533,0
2025-10-01T20:45:00,974.2759385467533,974.2759385467533,0
2025-10-01T21:00:00,974.2759385467533,974.2759385467533,0
2025-10-01T21:15:00,974.2759385467533,974.2759385467533,0
2025-10-01T21:30:00,974.2759385467533,974.2759385467533,0
2025-10-01T21:45:00,974.2759385467533,974.2759385467533,0
2025-10-01T22:00:00,974.2759385467533,974.2759385467533,0
2025-10-01T22:15:00,974.2759385467533,974.2759385467533,0
2025-10-01T22:30:00,974.2759385467533,974.2759385467533,0
2025-10-01T22:45:00,974.2759385467533,974.2759385467533,0
2025-10-01T23:00:00,974.2759385467533,974.2759385467533,0
2025-10-01T23:15:00,973.2405346971985,837.6590693399734,1
2025-10-01T23:30:00,973.0467482592599,837.6590693399734,1
2025-10-01T23:45:00,974.3563026914111,837.6590693399734,1
2025-10-02T00:00:00,976.9285069523265,837.6590693399734,1
2025-10-02T00:15:00,975.9291028809428,837.6590693399734,1
2025-10-02T00:30:00,974.3440587026957,837.6590693399734,1
2025-10-02T00:45:00,973.5897645557832,837.6590693399734,1
2025-10-02T01:00:00,974.8166490490893,837.6590693399734,1
2025-10-02T01:15:00,973.8500183610339,837.6590693399734,1
2025-10-02T01:30:00,974.9316781009679,837.6590693399734,1
2025-10-02T01:45:00,974.4593179047381,837.6590693399734,1
2025-10-02T02:00:00,974.4097774027838,974.4097774027838,0
2025-10-02T02:15:00,974.4097774027838,974.4097774027838,0
2025-10-02T02:30:00,974.4097774027838,974.4097774027838,0
2025-10-02T02:45:00,974.4097774027838,974.4097774027838,0
2025-10-02T03:00:00,974.4097774027838,974.4097774027838,0
2025-10-02T03:15:00,974.4097774027838,974.4097774027838,0
2025-10-02T03:30:00,974.4097774027838,974.4097774027838,0
2025-10-02T03:45:00,974.4097774027838,974.4097774027838,0
2025-10-02T04:00:00,974.4097774027838,974.4097774027838,0
2025-10-02T04:15:00,974.4097774027838,974.4097774027838,0
2025-10-02T04:30:00,974.4097774027838,974.4097774027838,0
2025-10-02T04:45:00,974.4097774027838,974.4097774027838,0
2025-10-02T05:00:00,974.4097774027838,974.4097774027838,0
2025-10-02T05:15:00,974.4097774027838,974.4097774027838,0
2025-10-02T05:30:00,974.4097774027838,974.4097774027838,0
2025-10-02T05:45:00,974.4097774027838,974.4097774027838,0
2025-10-02T06:00:00,974.4097774027838,974.4097774027838,0
2025-10-02T06:15:00,974.4097774027838,974.4097774027838,0
2025-10-02T06:30:00,974.4097774027838,974.4097774027838,0
2025-10-02T06:45:00,974.4097774027838,974.4097774027838,0
2025-10-02T07:00:00,974.4097774027838,974.4097774027838,0
2025-10-02T07:15:00,974.4097774027838,974.4097774027838,0
2025-10-02T07:30:00,974.4097774027838,974.4097774027838,0
2025-10-02T07:45:00,974.4097774027838,974.4097774027838,0
2025-10-02T08:00:00,974.4097774027838,974.4097774027838,0
2025-10-02T08:15:00,974.4097774027838,974.4097774027838,0
2025-10-02T08:30:00,974.4097774027838,974.4097774027838,0
2025-10-02T08:45:00,974.4097774027838,974.4097774027838,0
2025-10-02T09:00:00,974.4097774027838,974.4097774027838,0
2025-10-02T09:15:00,974.4097774027838,974.4097774027838,0
2025-10-02T09:30:00,974.4097774027838,974.4097774027838,0
2025-10-02T09:45:00,974.4097774027838,974.4097774027838,0
2025-10-02T10:00:00,974.4097774027838,974.4097774027838,0
2025-10-02T10:15:00,974.4097774027838,974.4097774027838,0
2025-10-02T10:30:00,974.4097774027838,974.4097774027838,0
2025-10-02T10:45:00,974.4097774027838,974.4097774027838,0
2025-10-02T11:00:00,974.4097774027838,974.4097774027838,0
2025-10-02T11:15:00,974.4097774027838,974.4097774027838,0
2025-10-02T11:30:00,974.4097774027838,974.4097774027838,0
2025-10-02T11:45:00,974.4097774027838,974.4097774027838,0
2025-10-02T12:00:00,974.4097774027838,974.4097774027838,0
2025-10-02T12:15:00,974.4097774027838,974.4097774027838,0
2025-10-02T12:30:00,974.4097774027838,974.4097774027838,0
2025-10-02T12:45:00,973.3742313170706,837.7741407762558,1
2025-10-02T13:00:00,972.0535619129646,837.7741407762558,1
2025-10-02T13:15:00,972.2910743256648,837.7741407762558,1
2025-10-02T13:30:00,974.0117958569837,837.7741407762558,1
2025-10-02T13:45:00,974.3725591873983,837.7741407762558,1
2025-10-02T14:00:00,973.5776113023549,837.7741407762558,1
2025-10-02T14:15:00,974.7320904649519,837.7741407762558,1
2025-10-02T14:30:00,971.5378793431421,837.7741407762558,1
2025-10-02T14:45:00,970.25445332068,970.25445332068,0
2025-10-02T15:00:00,970.25445332068,970.25445332068,0
2025-10-02T15:15:00,970.25445332068,970.25445332068,0
2025-10-02T15:30:00,970.25445332068,970.25445332068,0
2025-10-02T15:45:00,970.25445332068,970.25445332068,0
2025-10-02T16:00:00,970.25445332068,970.25445332068,0
2025-10-02T16:15:00,970.25445332068,970.25445332068,0
2025-10-02T16:30:00,970.25445332068,970.25445332068,0
2025-10-02T16:45:00,970.25445332068,970.25445332068,0
2025-10-02T17:00:00,970.25445332068,970.25445332068,0
2025-10-02T17:15:00,970.25445332068,970.25445332068,0
2025-10-02T17:30:00,970.25445332068,970.25445332068,0
2025-10-02T17:45:00,970.25445332068,970.25445332068,0
2025-10-02T18:00:00,970.25445332068,970.25445332068,0
2025-10-02T18:15:00,970.25445332068,970.25445332068,0
2025-10-02T18:30:00,970.25445332068,970.25445332068,0
2025-10-02T18:45:00,970.25445332068,970.25445332068,0
2025-10-02T19:00:00,970.25445332068,970.25445332068,0
2025-10-02T19:15:00,970.25445332068,970.25445332068,0
2025-10-02T19:30:00,970.25445332068,970.25445332068,0
2025-10-02T19:45:00,970.25445332068,970.25445332068,0
2025-10-02T20:00:00,970.25445332068,970.25445332068,0
2025-10-02T20:15:00,970.25445332068,970.25445332068,0
2025-10-02T20:30:00,970.25445332068,970.25445332068,0
2025-10-02T20:45:00,970.25445332068,970.25445332068,0
2025-10-02T21:00:00,970.25445332068,970.25445332068,0
2025-10-02T21:15:00,970.25445332068,970.25445332068,0
2025-10-02T21:30:00,970.25445332068,970.25445332068,0
2025-10-02T21:45:00,970.25445332068,970.25445332068,0
2025-10-02T22:00:00,970.25445332068,970.25445332068,0
2025-10-02T22:15:00,970.25445332068,970.25445332068,0
2025-10-02T22:30:00,970.25445332068,970.25445332068,0
2025-10-02T22:45:00,970.25445332068,970.25445332068,0
2025-10-02T23:00:00,970.25445332068,970.25445332068,0
2025-10-02T23:15:00,970.25445332068,970.25445332068,0
2025-10-02T23:30:00,970.25445332068,970.25445332068,0
2025-10-02T23:45:00,970.25445332068,970.25445332068,0
2025-10-03T00:00:00,970.25445332068,970.25445332068,0
2025-10-03T00:15:00,970.25445332068,970.25445332068,0
2025-10-03T00:30:00,970.25445332068,970.25445332068,0
2025-10-03T00:45:00,970.25445332068,970.25445332068,0
2025-10-03T01:00:00,970.25445332068,970.25445332068,0
2025-10-03T01:15:00,970.25445332068,970.25445332068,0
2025-10-03T01:30:00,970.25445332068,970.25445332068,0
2025-10-03T01:45:00,970.25445332068,970.25445332068,0
2025-10-03T02:00:00,970.25445332068,970.25445332068,0
2025-10-03T02:15:00,970.25445332068,970.25445332068,0
2025-10-03T02:30:00,970.25445332068,970.25445332068,0
2025-10-03T02:45:00,970.25445332068,970.25445332068,0
2025-10-03T03:00:00,970.25445332068,970.25445332068,0
2025-10-03T03:15:00,970.25445332068,970.25445332068,0
2025-10-03T03:30:00,970.25445332068,970.25445332068,0
2025-10-03T03:45:00,970.25445332068,970.25445332068,0
2025-10-03T04:00:00,970.25445332068,970.25445332068,0
2025-10-03T04:15:00,970.25445332068,970.25445332068,0
2025-10-03T04:30:00,970.25445332068,970.25445332068,0
2025-10-03T04:45:00,970.25445332068,970.25445332068,0
2025-10-03T05:00:00,970.25445332068,970.25445332068,0
2025-10-03T05:15:00,970.25445332068,970.25445332068,0
2025-10-03T05:30:00,970.25445332068,970.25445332068,0
2025-10-03T05:45:00,970.25445332068,970.25445332068,0
2025-10-03T06:00:00,970.25445332068,970.25445332068,0
2025-10-03T06:15:00,970.25445332068,970.25445332068,0
2025-10-03T06:30:00,970.25445332068,970.25445332068,0
2025-10-03T06:45:00,970.25445332068,970.25445332068,0
2025-10-03T07:00:00,970.25445332068,970.25445332068,0
2025-10-03T07:15:00,970.25445332068,970.25445332068,0
2025-10-03T07:30:00,970.25445332068,970.25445332068,0
2025-10-03T07:45:00,970.25445332068,970.25445332068,0
2025-10-03T08:00:00,970.25445332068,970.25445332068,0
2025-10-03T08:15:00,970.25445332068,970.25445332068,0
2025-10-03T08:30:00,970.25445332068,970.25445332068,0
2025-10-03T08:45:00,970.25445332068,970.25445332068,0
2025-10-03T09:00:00,970.25445332068,970.25445332068,0
2025-10-03T09:15:00,970.25445332068,970.25445332068,0
2025-10-03T09:30:00,970.25445332068,970.25445332068,0
2025-10-03T09:45:00,970.25445332068,970.25445332068,0
2025-10-03T10:00:00,970.25445332068,970.25445332068,0
2025-10-03T10:15:00,970.25445332068,970.25445332068,0
2025-10-03T10:30:00,970.25445332068,970.25445332068,0
2025-10-03T10:45:00,970.25445332068,970.25445332068,0
2025-10-03T11:00:00,970.25445332068,970.25445332068,0
2025-10-03T11:15:00,970.25445332068,970.25445332068,0
2025-10-03T11:30:00,970.25445332068,970.25445332068,0
2025-10-03T11:45:00,970.25445332068,970.25445332068,0
2025-10-03T12:00:00,970.25445332068,970.25445332068,0
2025-10-03T12:15:00,970.25445332068,970.25445332068,0
2025-10-03T12:30:00,970.25445332068,970.25445332068,0
2025-10-03T12:45:00,970.25445332068,970.25445332068,0
2025-10-03T13:00:00,970.25445332068,970.25445332068,0
2025-10-03T13:15:00,970.25445332068,970.25445332068,0
2025-10-03T13:30:00,970.25445332068,970.25445332068,0
2025-10-03T13:45:00,970.25445332068,970.25445332068,0
2025-10-03T14:00:00,970.25445332068,970.25445332068,0
2025-10-03T14:15:00,970.25445332068,970.25445332068,0
2025-10-03T14:30:00,970.25445332068,970.25445332068,0
2025-10-03T14:45:00,970.25445332068,970.25445332068,0
2025-10-03T15:00:00,970.25445332068,970.25445332068,0
2025-10-03T15:15:00,970.25445332068,970.25445332068,0
2025-10-03T15:30:00,970.25445332068,970.25445332068,0
2025-10-03T15:45:00,970.25445332068,970.25445332068,0
2025-10-03T16:00:00,970.25445332068,970.25445332068,0
2025-10-03T16:15:00,970.25445332068,970.25445332068,0
2025-10-03T16:30:00,970.25445332068,970.25445332068,0
2025-10-03T16:45:00,970.25445332068,970.25445332068,0
2025-10-03T17:00:00,970.25445332068,970.25445332068,0
2025-10-03T17:15:00,970.25445332068,970.25445332068,0
2025-10-03T17:30:00,970.25445332068,970.25445332068,0
2025-10-03T17:45:00,970.25445332068,970.25445332068,0
2025-10-03T18:00:00,970.25445332068,970.25445332068,0
2025-10-03T18:15:00,970.25445332068,970.25445332068,0
2025-10-03T18:30:00,970.25445332068,970.25445332068,0
2025-10-03T18:45:00,970.25445332068,970.25445332068,0
2025-10-03T19:00:00,970.25445332068,970.25445332068,0
2025-10-03T19:15:00,970.25445332068,970.25445332068,0
2025-10-03T19:30:00,970.25445332068,970.25445332068,0
2025-10-03T19:45:00,970.25445332068,970.25445332068,0
2025-10-03T20:00:00,970.25445332068,970.25445332068,0
2025-10-03T20:15:00,970.25445332068,970.25445332068,0
2025-10-03T20:30:00,970.25445332068,970.25445332068,0
2025-10-03T20:45:00,970.25445332068,970.25445332068,0
2025-10-03T21:00:00,970.25445332068,970.25445332068,0
2025-10-03T21:15:00,970.25445332068,970.25445332068,0
2025-10-03T21:30:00,970.25445332068,970.25445332068,0
2025-10-03T21:45:00,970.25445332068,970.25445332068,0
2025-10-03T22:00:00,970.25445332068,970.25445332068,0
2025-10-03T22:15:00,970.25445332068,970.25445332068,0
2025-10-03T22:30:00,970.25445332068,970.25445332068,0
2025-10-03T22:45:00,970.25445332068,970.25445332068,0
2025-10-03T23:00:00,970.25445332068,970.25445332068,0
2025-10-03T23:15:00,970.25445332068,970.25445332068,0
2025-10-03T23:30:00,970.25445332068,970.25445332068,0
2025-10-03T23:45:00,970.25445332068,970.25445332068,0
2025-10-04T00:00:00,970.25445332068,970.25445332068,0
2025-10-04T00:15:00,970.25445332068,970.25445332068,0
2025-10-04T00:30:00,970.25445332068,970.25445332068,0
2025-10-04T00:45:00,970.25445332068,970.25445332068,0
2025-10-04T01:00:00,970.25445332068,970.25445332068,0
2025-10-04T01:15:00,970.25445332068,970.25445332068,0
2025-10-04T01:30:00,970.25445332068,970.25445332068,0
2025-10-04T01:45:00,970.25445332068,970.25445332068,0
2025-10-04T02:00:00,970.25445332068,970.25445332068,0
2025-10-04T02:15:00,970.25445332068,970.25445332068,0
2025-10-04T02:30:00,970.25445332068,970.25445332068,0
2025-10-04T02:45:00,970.25445332068,970.25445332068,0
2025-10-04T03:00:00,970.25445332068,970.25445332068,0
2025-10-04T03:15:00,970.25445332068,970.25445332068,0
2025-10-04T03:30:00,970.25445332068,970.25445332068,0
2025-10-04T03:45:00,970.25445332068,970.25445332068,0
2025-10-04T04:00:00,970.25445332068,970.25445332068,0
2025-10-04T04:15:00,970.25445332068,970.25445332068,0
2025-10-04T04:30:00,970.25445332068,970.25445332068,0
2025-10-04T04:45:00,970.25445332068,970.25445332068,0
2025-10-04T05:00:00,970.25445332068,970.25445332068,0
2025-10-04T05:15:00,970.25445332068,970.25445332068,0
2025-10-04T05:30:00,970.25445332068,970.25445332068,0
2025-10-04T05:45:00,970.25445332068,970.25445332068,0
2025-10-04T06:00:00,970.25445332068,970.25445332068,0
2025-10-04T06:15:00,970.25445332068,970.25445332068,0
2025-10-04T06:30:00,970.25445332068,970.25445332068,0
2025-10-04T06:45:00,970.25445332068,970.25445332068,0
2025-10-04T07:00:00,970.25445332068,970.25445332068,0
2025-10-04T07:15:00,970.25445332068,970.25445332068,0
2025-10-04T07:30:00,970.25445332068,970.25445332068,0
2025-10-04T07:45:00,970.25445332068,970.25445332068,0
2025-10-04T08:00:00,970.25445332068,970.25445332068,0
2025-10-04T08:15:00,970.25445332068,970.25445332068,0
2025-10-04T08:30:00,970.25445332068,970.25445332068,0
2025-10-04T08:45:00,970.25445332068,970.25445332068,0
2025-10-04T09:00:00,970.25445332068,970.25445332068,0
2025-10-04T09:15:00,970.25445332068,970.25445332068,0
2025-10-04T09:30:00,970.25445332068,970.25445332068,0
2025-10-04T09:45:00,970.25445332068,970.25445332068,0
2025-10-04T10:00:00,970.25445332068,970.25445332068,0
2025-10-04T10:15:00,970.25445332068,970.25445332068,0
2025-10-04T10:30:00,970.25445332068,970.25445332068,0
2025-10-04T10:45:00,970.25445332068,970.25445332068,0
2025-10-04T11:00:00,970.25445332068,970.25445332068,0
2025-10-04T11:15:00,970.25445332068,970.25445332068,0
2025-10-04T11:30:00,970.25445332068,970.25445332068,0
2025-10-04T11:45:00,970.25445332068,970.25445332068,0
2025-10-04T12:00:00,970.25445332068,970.25445332068,0
2025-10-04T12:15:00,970.25445332068,970.25445332068,0
2025-10-04T12:30:00,970.25445332068,970.25445332068,0
2025-10-04T12:45:00,970.25445332068,970.25445332068,0
2025-10-04T13:00:00,970.25445332068,970.25445332068,0
2025-10-04T13:15:00,970.25445332068,970.25445332068,0
2025-10-04T13:30:00,970.25445332068,970.25445332068,0
2025-10-04T13:45:00,970.25445332068,970.25445332068,0
2025-10-04T14:00:00,970.25445332068,970.25445332068,0
2025-10-04T14:15:00,970.25445332068,970.25445332068,0
2025-10-04T14:30:00,970.25445332068,970.25445332068,0
2025-10-04T14:45:00,970.25445332068,970.25445332068,0
2025-10-04T15:00:00,970.25445332068,970.25445332068,0
2025-10-04T15:15:00,970.25445332068,970.25445332068,0
2025-10-04T15:30:00,970.25445332068,970.25445332068,0
2025-10-04T15:45:00,970.25445332068,970.25445332068,0
2025-10-04T16:00:00,970.25445332068,970.25445332068,0
2025-10-04T16:15:00,970.25445332068,970.25445332068,0
2025-10-04T16:30:00,970.25445332068,970.25445332068,0
2025-10-04T16:45:00,970.25445332068,970.25445332068,0
2025-10-04T17:00:00,970.25445332068,970.25445332068,0
2025-10-04T17:15:00,970.25445332068,970.25445332068,0
2025-10-04T17:30:00,970.25445332068,970.25445332068,0
2025-10-04T17:45:00,970.25445332068,970.25445332068,0
2025-10-04T18:00:00,970.25445332068,970.25445332068,0
2025-10-04T18:15:00,970.25445332068,970.25445332068,0
2025-10-04T18:30:00,970.25445332068,970.25445332068,0
2025-10-04T18:45:00,970.25445332068,970.25445332068,0
2025-10-04T19:00:00,970.25445332068,970.25445332068,0
2025-10-04T19:15:00,970.25445332068,970.25445332068,0
2025-10-04T19:30:00,970.25445332068,970.25445332068,0
2025-10-04T19:45:00,970.25445332068,970.25445332068,0
2025-10-04T20:00:00,970.25445332068,970.25445332068,0
2025-10-04T20:15:00,970.25445332068,970.25445332068,0
2025-10-04T20:30:00,970.25445332068,970.25445332068,0
2025-10-04T20:45:00,970.25445332068,970.25445332068,0
2025-10-04T21:00:00,970.25445332068,970.25445332068,0
2025-10-04T21:15:00,970.25445332068,970.25445332068,0
2025-10-04T21:30:00,970.25445332068,970.25445332068,0
2025-10-04T21:45:00,970.25445332068,970.25445332068,0
2025-10-04T22:00:00,970.25445332068,970.25445332068,0
2025-10-04T22:15:00,970.25445332068,970.25445332068,0
2025-10-04T22:30:00,970.25445332068,970.25445332068,0
2025-10-04T22:45:00,970.25445332068,970.25445332068,0
2025-10-04T23:00:00,970.25445332068,970.25445332068,0
2025-10-04T23:15:00,970.25445332068,970.25445332068,0
2025-10-04T23:30:00,970.25445332068,970.25445332068,0
2025-10-04T23:45:00,970.25445332068,970.25445332068,0
2025-10-05T00:00:00,970.25445332068,970.25445332068,0
2025-10-05T00:15:00,970.25445332068,970.25445332068,0
2025-10-05T00:30:00,970.25445332068,970.25445332068,0
2025-10-05T00:45:00,970.25445332068,970.25445332068,0
2025-10-05T01:00:00,970.25445332068,970.25445332068,0
2025-10-05T01:15:00,970.25445332068,970.25445332068,0
2025-10-05T01:30:00,970.25445332068,970.25445332068,0
2025-10-05T01:45:00,970.25445332068,970.25445332068,0
2025-10-05T02:00:00,970.25445332068,970.25445332068,0
2025-10-05T02:15:00,970.25445332068,970.25445332068,0
2025-10-05T02:30:00,970.25445332068,970.25445332068,0
2025-10-05T02:45:00,970.25445332068,970.25445332068,0
2025-10-05T03:00:00,970.25445332068,970.25445332068,0
2025-10-05T03:15:00,970.25445332068,970.25445332068,0
2025-10-05T03:30:00,970.25445332068,970.25445332068,0
2025-10-05T03:45:00,970.25445332068,970.25445332068,0
2025-10-05T04:00:00,970.25445332068,970.25445332068,0
2025-10-05T04:15:00,970.25445332068,970.25445332068,0
2025-10-05T04:30:00,970.25445332068,970.25445332068,0
2025-10-05T04:45:00,970.25445332068,970.25445332068,0
2025-10-05T05:00:00,970.25445332068,970.25445332068,0
2025-10-05T05:15:00,970.25445332068,970.25445332068,0
2025-10-05T05:30:00,970.25445332068,970.25445332068,0
2025-10-05T05:45:00,970.25445332068,970.25445332068,0
2025-10-05T06:00:00,970.25445332068,970.25445332068,0
2025-10-05T06:15:00,970.25445332068,970.25445332068,0
2025-10-05T06:30:00,970.25445332068,970.25445332068,0
2025-10-05T06:45:00,970.25445332068,970.25445332068,0
2025-10-05T07:00:00,970.25445332068,970.25445332068,0
2025-10-05T07:15:00,970.25445332068,970.25445332068,0
2025-10-05T07:30:00,970.25445332068,970.25445332068,0
2025-10-05T07:45:00,970.25445332068,970.25445332068,0
2025-10-05T08:00:00,970.25445332068,970.25445332068,0
2025-10-05T08:15:00,970.25445332068,970.25445332068,0
2025-10-05T08:30:00,970.25445332068,970.25445332068,0
2025-10-05T08:45:00,970.25445332068,970.25445332068,0
2025-10-05T09:00:00,970.25445332068,970.25445332068,0
2025-10-05T09:15:00,970.25445332068,970.25445332068,0
2025-10-05T09:30:00,970.25445332068,970.25445332068,0
2025-10-05T09:45:00,970.25445332068,970.25445332068,0
2025-10-05T10:00:00,970.25445332068,970.25445332068,0
2025-10-05T10:15:00,970.25445332068,970.25445332068,0
2025-10-05T10:30:00,970.25445332068,970.25445332068,0
2025-10-05T10:45:00,970.25445332068,970.25445332068,0
2025-10-05T11:00:00,970.25445332068,970.25445332068,0
2025-10-05T11:15:00,970.25445332068,970.25445332068,0
2025-10-05T11:30:00,970.25445332068,970.25445332068,0
2025-10-05T11:45:00,970.25445332068,970.25445332068,0
2025-10-05T12:00:00,970.25445332068,970.25445332068,0
2025-10-05T12:15:00,970.25445332068,970.25445332068,0
2025-10-05T12:30:00,970.25445332068,970.25445332068,0
2025-10-05T12:45:00,970.25445332068,970.25445332068,0
2025-10-05T13:00:00,970.25445332068,970.25445332068,0
2025-10-05T13:15:00,970.25445332068,970.25445332068,0
2025-10-05T13:30:00,970.25445332068,970.25445332068,0
2025-10-05T13:45:00,970.25445332068,970.25445332068,0
2025-10-05T14:00:00,970.25445332068,970.25445332068,0
2025-10-05T14:15:00,970.25445332068,970.25445332068,0
2025-10-05T14:30:00,970.25445332068,970.25445332068,0
2025-10-05T14:45:00,970.25445332068,970.25445332068,0
2025-10-05T15:00:00,970.25445332068,970.25445332068,0
2025-10-05T15:15:00,970.25445332068,970.25445332068,0
2025-10-05T15:30:00,970.25445332068,970.25445332068,0
2025-10-05T15:45:00,970.25445332068,970.25445332068,0
2025-10-05T16:00:00,970.25445332068,970.25445332068,0
2025-10-05T16:15:00,970.25445332068,970.25445332068,0
2025-10-05T16:30:00,970.25445332068,970.25445332068,0
2025-10-05T16:45:00,970.25445332068,970.25445332068,0
2025-10-05T17:00:00,970.25445332068,970.25445332068,0
2025-10-05T17:15:00,970.25445332068,970.25445332068,0
2025-10-05T17:30:00,970.25445332068,970.25445332068,0
2025-10-05T17:45:00,970.25445332068,970.25445332068,0
2025-10-05T18:00:00,970.25445332068,970.25445332068,0
2025-10-05T18:15:00,970.25445332068,970.25445332068,0
2025-10-05T18:30:00,970.25445332068,970.25445332068,0
2025-10-05T18:45:00,970.25445332068,970.25445332068,0
2025-10-05T19:00:00,970.25445332068,970.25445332068,0
2025-10-05T19:15:00,970.25445332068,970.25445332068,0
2025-10-05T19:30:00,970.25445332068,970.25445332068,0
2025-10-05T19:45:00,970.25445332068,970.25445332068,0
2025-10-05T20:00:00,969.2208782251998,834.201492858241,1
2025-10-05T20:15:00,969.0018662965424,834.201492858241,1
2025-10-05T20:30:00,968.2891700204135,834.201492858241,1
2025-10-05T20:45:00,969.0478467014539,834.201492858241,1
2025-10-05T21:00:00,969.3588194399345,834.201492858241,1
2025-10-05T21:15:00,968.2871539350235,968.2871539350235,0
2025-10-05T21:30:00,968.2871539350235,968.2871539350235,0
2025-10-05T21:45:00,968.2871539350235,968.2871539350235,0
2025-10-05T22:00:00,968.2871539350235,968.2871539350235,0
2025-10-05T22:15:00,968.2871539350235,968.2871539350235,0
2025-10-05T22:30:00,968.2871539350235,968.2871539350235,0
2025-10-05T22:45:00,968.2871539350235,968.2871539350235,0
2025-10-05T23:00:00,968.2871539350235,968.2871539350235,0
2025-10-05T23:15:00,968.2871539350235,968.2871539350235,0
2025-10-05T23:30:00,968.2871539350235,968.2871539350235,0
2025-10-05T23:45:00,968.2871539350235,968.2871539350235,0
2025-10-06T00:00:00,968.2871539350235,968.2871539350235,0
2025-10-06T00:15:00,968.2871539350235,968.2871539350235,0
2025-10-06T00:30:00,968.2871539350235,968.2871539350235,0
2025-10-06T00:45:00,968.2871539350235,968.2871539350235,0
2025-10-06T01:00:00,968.2871539350235,968.2871539350235,0
2025-10-06T01:15:00,968.2871539350235,968.2871539350235,0
2025-10-06T01:30:00,968.2871539350235,968.2871539350235,0
2025-10-06T01:45:00,968.2871539350235,968.2871539350235,0
2025-10-06T02:00:00,968.2871539350235,968.2871539350235,0
2025-10-06T02:15:00,968.2871539350235,968.2871539350235,0
2025-10-06T02:30:00,968.2871539350235,968.2871539350235,0
2025-10-06T02:45:00,968.2871539350235,968.2871539350235,0
2025-10-06T03:00:00,968.2871539350235,968.2871539350235,0
2025-10-06T03:15:00,968.2871539350235,968.2871539350235,0
2025-10-06T03:30:00,968.2871539350235,968.2871539350235,0
2025-10-06T03:45:00,968.2871539350235,968.2871539350235,0
2025-10-06T04:00:00,968.2871539350235,968.2871539350235,0
2025-10-06T04:15:00,968.2871539350235,968.2871539350235,0
2025-10-06T04:30:00,968.2871539350235,968.2871539350235,0
2025-10-06T04:45:00,968.2871539350235,968.2871539350235,0
2025-10-06T05:00:00,968.2871539350235,968.2871539350235,0
2025-10-06T05:15:00,968.2871539350235,968.2871539350235,0
2025-10-06T05:30:00,968.2871539350235,968.2871539350235,0
2025-10-06T05:45:00,968.2871539350235,968.2871539350235,0
2025-10-06T06:00:00,968.2871539350235,968.2871539350235,0
2025-10-06T06:15:00,968.2871539350235,968.2871539350235,0
2025-10-06T06:30:00,968.2871539350235,968.2871539350235,0
2025-10-06T06:45:00,968.2871539350235,968.2871539350235,0
2025-10-06T07:00:00,968.2871539350235,968.2871539350235,0
2025-10-06T07:15:00,968.2871539350235,968.2871539350235,0
2025-10-06T07:30:00,968.2871539350235,968.2871539350235,0
2025-10-06T07:45:00,968.2871539350235,968.2871539350235,0
2025-10-06T08:00:00,968.2871539350235,968.2871539350235,0
2025-10-06T08:15:00,968.2871539350235,968.2871539350235,0
2025-10-06T08:30:00,968.2871539350235,968.2871539350235,0
2025-10-06T08:45:00,968.2871539350235,968.2871539350235,0
2025-10-06T09:00:00,968.2871539350235,968.2871539350235,0
2025-10-06T09:15:00,968.2871539350235,968.2871539350235,0
2025-10-06T09:30:00,968.2871539350235,968.2871539350235,0
2025-10-06T09:45:00,968.2871539350235,968.2871539350235,0
2025-10-06T10:00:00,968.2871539350235,968.2871539350235,0
2025-10-06T10:15:00,968.2871539350235,968.2871539350235,0
2025-10-06T10:30:00,968.2871539350235,968.2871539350235,0
2025-10-06T10:45:00,968.2871539350235,968.2871539350235,0
2025-10-06T11:00:00,968.2871539350235,968.2871539350235,0
2025-10-06T11:15:00,967.2581146177289,832.5100560616388,1
2025-10-06T11:30:00,965.9683581733502,832.5100560616388,1
2025-10-06T11:45:00,965.2981096276894,832.5100560616388,1
2025-10-06T12:00:00,966.9336104803051,832.5100560616388,1
2025-10-06T12:15:00,966.9005700590402,832.5100560616388,1
2025-10-06T12:30:00,965.9187975414527,832.5100560616388,1
2025-10-06T12:45:00,965.995428073435,965.995428073435,0
2025-10-06T13:00:00,965.995428073435,965.995428073435,0
2025-10-06T13:15:00,965.995428073435,965.995428073435,0
2025-10-06T13:30:00,965.995428073435,965.995428073435,0
2025-10-06T13:45:00,965.995428073435,965.995428073435,0
2025-10-06T14:00:00,965.995428073435,965.995428073435,0
2025-10-06T14:15:00,965.995428073435,965.995428073435,0
2025-10-06T14:30:00,965.995428073435,965.995428073435,0
2025-10-06T14:45:00,965.995428073435,965.995428073435,0
2025-10-06T15:00:00,965.995428073435,965.995428073435,0
2025-10-06T15:15:00,965.995428073435,965.995428073435,0
2025-10-06T15:30:00,965.995428073435,965.995428073435,0
2025-10-06T15:45:00,965.995428073435,965.995428073435,0
2025-10-06T16:00:00,965.995428073435,965.995428073435,0
2025-10-06T16:15:00,965.995428073435,965.995428073435,0
2025-10-06T16:30:00,965.995428073435,965.995428073435,0
2025-10-06T16:45:00,965.995428073435,965.995428073435,0
2025-10-06T17:00:00,965.995428073435,965.995428073435,0
2025-10-06T17:15:00,965.995428073435,965.995428073435,0
2025-10-06T17:30:00,965.995428073435,965.995428073435,0
2025-10-06T17:45:00,965.995428073435,965.995428073435,0
2025-10-06T18:00:00,965.995428073435,965.995428073435,0
2025-10-06T18:15:00,965.995428073435,965.995428073435,0
2025-10-06T18:30:00,965.995428073435,965.995428073435,0
2025-10-06T18:45:00,964.9688242692074,830.5396851672657,1
2025-10-06T19:00:00,963.4121380766561,830.5396851672657,1
2025-10-06T19:15:00,963.5033977116364,830.5396851672657,1
2025-10-06T19:30:00,961.8807566561416,961.8807566561416,0
2025-10-06T19:45:00,961.8807566561416,961.8807566561416,0
2025-10-06T20:00:00,961.8807566561416,961.8807566561416,0
2025-10-06T20:15:00,961.8807566561416,961.8807566561416,0
2025-10-06T20:30:00,961.8807566561416,961.8807566561416,0
2025-10-06T20:45:00,961.8807566561416,961.8807566561416,0
2025-10-06T21:00:00,961.8807566561416,961.8807566561416,0
2025-10-06T21:15:00,961.8807566561416,961.8807566561416,0
2025-10-06T21:30:00,961.8807566561416,961.8807566561416,0
2025-10-06T21:45:00,961.8807566561416,961.8807566561416,0
2025-10-06T22:00:00,961.8807566561416,961.8807566561416,0
2025-10-06T22:15:00,961.8807566561416,961.8807566561416,0
2025-10-06T22:30:00,961.8807566561416,961.8807566561416,0
2025-10-06T22:45:00,961.8807566561416,961.8807566561416,0
2025-10-06T23:00:00,961.8807566561416,961.8807566561416,0
2025-10-06T23:15:00,961.8807566561416,961.8807566561416,0
2025-10-06T23:30:00,961.8807566561416,961.8807566561416,0
2025-10-06T23:45:00,961.8807566561416,961.8807566561416,0
2025-10-07T00:00:00,961.8807566561416,961.8807566561416,0
2025-10-07T00:15:00,961.8807566561416,961.8807566561416,0
2025-10-07T00:30:00,961.8807566561416,961.8807566561416,0
2025-10-07T00:45:00,961.8807566561416,961.8807566561416,0
2025-10-07T01:00:00,961.8807566561416,961.8807566561416,0
2025-10-07T01:15:00,961.8807566561416,961.8807566561416,0
2025-10-07T01:30:00,961.8807566561416,961.8807566561416,0
2025-10-07T01:45:00,961.8807566561416,961.8807566561416,0
2025-10-07T02:00:00,961.8807566561416,961.8807566561416,0
2025-10-07T02:15:00,961.8807566561416,961.8807566561416,0
2025-10-07T02:30:00,961.8807566561416,961.8807566561416,0
2025-10-07T02:45:00,961.8807566561416,961.8807566561416,0
2025-10-07T03:00:00,961.8807566561416,961.8807566561416,0
2025-10-07T03:15:00,961.8807566561416,961.8807566561416,0
2025-10-07T03:30:00,961.8807566561416,961.8807566561416,0
2025-10-07T03:45:00,961.8807566561416,961.8807566561416,0
2025-10-07T04:00:00,961.8807566561416,961.8807566561416,0
2025-10-07T04:15:00,961.8807566561416,961.8807566561416,0
2025-10-07T04:30:00,961.8807566561416,961.8807566561416,0
2025-10-07T04:45:00,961.8807566561416,961.8807566561416,0
2025-10-07T05:00:00,961.8807566561416,961.8807566561416,0
2025-10-07T05:15:00,961.8807566561416,961.8807566561416,0
2025-10-07T05:30:00,961.8807566561416,961.8807566561416,0
2025-10-07T05:45:00,961.8807566561416,961.8807566561416,0
2025-10-07T06:00:00,961.8807566561416,961.8807566561416,0
2025-10-07T06:15:00,961.8807566561416,961.8807566561416,0
2025-10-07T06:30:00,961.8807566561416,961.8807566561416,0
2025-10-07T06:45:00,961.8807566561416,961.8807566561416,0
2025-10-07T07:00:00,961.8807566561416,961.8807566561416,0
2025-10-07T07:15:00,961.8807566561416,961.8807566561416,0
2025-10-07T07:30:00,961.8807566561416,961.8807566561416,0
2025-10-07T07:45:00,961.8807566561416,961.8807566561416,0
2025-10-07T08:00:00,961.8807566561416,961.8807566561416,0
2025-10-07T08:15:00,961.8807566561416,961.8807566561416,0
2025-10-07T08:30:00,961.8807566561416,961.8807566561416,0
2025-10-07T08:45:00,961.8807566561416,961.8807566561416,0
2025-10-07T09:00:00,961.8807566561416,961.8807566561416,0
2025-10-07T09:15:00,961.8807566561416,961.8807566561416,0
2025-10-07T09:30:00,961.8807566561416,961.8807566561416,0
2025-10-07T09:45:00,961.8807566561416,961.8807566561416,0
2025-10-07T10:00:00,961.8807566561416,961.8807566561416,0
2025-10-07T10:15:00,961.8807566561416,961.8807566561416,0
2025-10-07T10:30:00,961.8807566561416,961.8807566561416,0
2025-10-07T10:45:00,961.8807566561416,961.8807566561416,0
2025-10-07T11:00:00,961.8807566561416,961.8807566561416,0
2025-10-07T11:15:00,961.8807566561416,961.8807566561416,0
2025-10-07T11:30:00,961.8807566561416,961.8807566561416,0
2025-10-07T11:45:00,961.8807566561416,961.8807566561416,0
2025-10-07T12:00:00,961.8807566561416,961.8807566561416,0
2025-10-07T12:15:00,961.8807566561416,961.8807566561416,0
2025-10-07T12:30:00,961.8807566561416,961.8807566561416,0
2025-10-07T12:45:00,960.8585256855811,827.0019894347907,1
2025-10-07T13:00:00,960.2195621133084,827.0019894347907,1
2025-10-07T13:15:00,961.5496033080746,827.0019894347907,1
2025-10-07T13:30:00,953.6784584357681,953.6784584357681,0
2025-10-07T13:45:00,953.6784584357681,953.6784584357681,0
2025-10-07T14:00:00,953.6784584357681,953.6784584357681,0
2025-10-07T14:15:00,953.6784584357681,953.6784584357681,0
2025-10-07T14:30:00,953.6784584357681,953.6784584357681,0
2025-10-07T14:45:00,953.6784584357681,953.6784584357681,0
2025-10-07T15:00:00,953.6784584357681,953.6784584357681,0
2025-10-07T15:15:00,953.6784584357681,953.6784584357681,0
2025-10-07T15:30:00,953.6784584357681,953.6784584357681,0
2025-10-07T15:45:00,953.6784584357681,953.6784584357681,0
2025-10-07T16:00:00,953.6784584357681,953.6784584357681,0
2025-10-07T16:15:00,953.6784584357681,953.6784584357681,0
2025-10-07T16:30:00,953.6784584357681,953.6784584357681,0
2025-10-07T16:45:00,953.6784584357681,953.6784584357681,0
2025-10-07T17:00:00,953.6784584357681,953.6784584357681,0
2025-10-07T17:15:00,953.6784584357681,953.6784584357681,0
2025-10-07T17:30:00,953.6784584357681,953.6784584357681,0
2025-10-07T17:45:00,953.6784584357681,953.6784584357681,0
2025-10-07T18:00:00,953.6784584357681,953.6784584357681,0
2025-10-07T18:15:00,953.6784584357681,953.6784584357681,0
2025-10-07T18:30:00,953.6784584357681,953.6784584357681,0
2025-10-07T18:45:00,953.6784584357681,953.6784584357681,0
2025-10-07T19:00:00,953.6784584357681,953.6784584357681,0
2025-10-07T19:15:00,953.6784584357681,953.6784584357681,0
2025-10-07T19:30:00,953.6784584357681,953.6784584357681,0
2025-10-07T19:45:00,953.6784584357681,953.6784584357681,0
2025-10-07T20:00:00,953.6784584357681,953.6784584357681,0
2025-10-07T20:15:00,953.6784584357681,953.6784584357681,0
2025-10-07T20:30:00,953.6784584357681,953.6784584357681,0
2025-10-07T20:45:00,953.6784584357681,953.6784584357681,0
2025-10-07T21:00:00,953.6784584357681,953.6784584357681,0
2025-10-07T21:15:00,953.6784584357681,953.6784584357681,0
2025-10-07T21:30:00,953.6784584357681,953.6784584357681,0
2025-10-07T21:45:00,953.6784584357681,953.6784584357681,0
2025-10-07T22:00:00,953.6784584357681,953.6784584357681,0
2025-10-07T22:15:00,953.6784584357681,953.6784584357681,0
2025-10-07T22:30:00,953.6784584357681,953.6784584357681,0
2025-10-07T22:45:00,953.6784584357681,953.6784584357681,0
2025-10-07T23:00:00,953.6784584357681,953.6784584357681,0
2025-10-07T23:15:00,953.6784584357681,953.6784584357681,0
2025-10-07T23:30:00,953.6784584357681,953.6784584357681,0
2025-10-07T23:45:00,952.6625411159748,819.9498502800709,1
2025-10-08T00:00:00,952.2103788781754,819.9498502800709,1
2025-10-08T00:15:00,951.61150442492,819.9498502800709,1
2025-10-08T00:30:00,949.9772265494698,819.9498502800709,1
2025-10-08T00:45:00,949.3597062507476,949.3597062507476,0
2025-10-08T01:00:00,949.3597062507476,949.3597062507476,0
2025-10-08T01:15:00,949.3597062507476,949.3597062507476,0
2025-10-08T01:30:00,949.3597062507476,949.3597062507476,0
2025-10-08T01:45:00,949.3597062507476,949.3597062507476,0
2025-10-08T02:00:00,949.3597062507476,949.3597062507476,0
2025-10-08T02:15:00,949.3597062507476,949.3597062507476,0
2025-10-08T02:30:00,949.3597062507476,949.3597062507476,0
2025-10-08T02:45:00,949.3597062507476,949.3597062507476,0
2025-10-08T03:00:00,949.3597062507476,949.3597062507476,0
2025-10-08T03:15:00,949.3597062507476,949.3597062507476,0
2025-10-08T03:30:00,949.3597062507476,949.3597062507476,0
2025-10-08T03:45:00,949.3597062507476,949.3597062507476,0
2025-10-08T04:00:00,949.3597062507476,949.3597062507476,0
2025-10-08T04:15:00,949.3597062507476,949.3597062507476,0
2025-10-08T04:30:00,949.3597062507476,949.3597062507476,0
2025-10-08T04:45:00,949.3597062507476,949.3597062507476,0
2025-10-08T05:00:00,949.3597062507476,949.3597062507476,0
2025-10-08T05:15:00,949.3597062507476,949.3597062507476,0
2025-10-08T05:30:00,949.3597062507476,949.3597062507476,0
2025-10-08T05:45:00,949.3597062507476,949.3597062507476,0
2025-10-08T06:00:00,949.3597062507476,949.3597062507476,0
2025-10-08T06:15:00,949.3597062507476,949.3597062507476,0
2025-10-08T06:30:00,949.3597062507476,949.3597062507476,0
2025-10-08T06:45:00,949.3597062507476,949.3597062507476,0
2025-10-08T07:00:00,949.3597062507476,949.3597062507476,0
2025-10-08T07:15:00,949.3597062507476,949.3597062507476,0
2025-10-08T07:30:00,949.3597062507476,949.3597062507476,0
2025-10-08T07:45:00,949.3597062507476,949.3597062507476,0
2025-10-08T08:00:00,949.3597062507476,949.3597062507476,0
2025-10-08T08:15:00,949.3597062507476,949.3597062507476,0
2025-10-08T08:30:00,949.3597062507476,949.3597062507476,0
2025-10-08T08:45:00,949.3597062507476,949.3597062507476,0
2025-10-08T09:00:00,949.3597062507476,949.3597062507476,0
2025-10-08T09:15:00,949.3597062507476,949.3597062507476,0
2025-10-08T09:30:00,949.3597062507476,949.3597062507476,0
2025-10-08T09:45:00,949.3597062507476,949.3597062507476,0
2025-10-08T10:00:00,949.3597062507476,949.3597062507476,0
2025-10-08T10:15:00,949.3597062507476,949.3597062507476,0
2025-10-08T10:30:00,949.3597062507476,949.3597062507476,0
2025-10-08T10:45:00,949.3597062507476,949.3597062507476,0
2025-10-08T11:00:00,949.3597062507476,949.3597062507476,0
2025-10-08T11:15:00,949.3597062507476,949.3597062507476,0
2025-10-08T11:30:00,949.3597062507476,949.3597062507476,0
2025-10-08T11:45:00,949.3597062507476,949.3597062507476,0
2025-10-08T12:00:00,949.3597062507476,949.3597062507476,0
2025-10-08T12:15:00,949.3597062507476,949.3597062507476,0
2025-10-08T12:30:00,949.3597062507476,949.3597062507476,0
2025-10-08T12:45:00,949.3597062507476,949.3597062507476,0
2025-10-08T13:00:00,949.3597062507476,949.3597062507476,0
2025-10-08T13:15:00,949.3597062507476,949.3597062507476,0
2025-10-08T13:30:00,949.3597062507476,949.3597062507476,0
2025-10-08T13:45:00,949.3597062507476,949.3597062507476,0
2025-10-08T14:00:00,949.3597062507476,949.3597062507476,0
2025-10-08T14:15:00,949.3597062507476,949.3597062507476,0
2025-10-08T14:30:00,949.3597062507476,949.3597062507476,0
2025-10-08T14:45:00,949.3597062507476,949.3597062507476,0
2025-10-08T15:00:00,949.3597062507476,949.3597062507476,0
2025-10-08T15:15:00,949.3597062507476,949.3597062507476,0
2025-10-08T15:30:00,949.3597062507476,949.3597062507476,0
2025-10-08T15:45:00,949.3597062507476,949.3597062507476,0
2025-10-08T16:00:00,949.3597062507476,949.3597062507476,0
2025-10-08T16:15:00,949.3597062507476,949.3597062507476,0
2025-10-08T16:30:00,949.3597062507476,949.3597062507476,0
2025-10-08T16:45:00,949.3597062507476,949.3597062507476,0
2025-10-08T17:00:00,949.3597062507476,949.3597062507476,0
2025-10-08T17:15:00,949.3597062507476,949.3597062507476,0
2025-10-08T17:30:00,949.3597062507476,949.3597062507476,0
2025-10-08T17:45:00,949.3597062507476,949.3597062507476,0
2025-10-08T18:00:00,948.3507819249243,816.2366908014428,1
2025-10-08T18:15:00,947.2558857528238,816.2366908014428,1
2025-10-08T18:30:00,947.0401977636977,816.2366908014428,1
2025-10-08T18:45:00,946.5913798995774,816.2366908014428,1
2025-10-08T19:00:00,945.7333419662808,816.2366908014428,1
2025-10-08T19:15:00,947.3541945640804,816.2366908014428,1
2025-10-08T19:30:00,946.0462441084983,946.0462441084983,0
2025-10-08T19:45:00,946.0462441084983,946.0462441084983,0
2025-10-08T20:00:00,946.0462441084983,946.0462441084983,0
2025-10-08T20:15:00,946.0462441084983,946.0462441084983,0
2025-10-08T20:30:00,946.0462441084983,946.0462441084983,0
2025-10-08T20:45:00,946.0462441084983,946.0462441084983,0
2025-10-08T21:00:00,946.0462441084983,946.0462441084983,0
2025-10-08T21:15:00,946.0462441084983,946.0462441084983,0
2025-10-08T21:30:00,946.0462441084983,946.0462441084983,0
2025-10-08T21:45:00,946.0462441084983,946.0462441084983,0
2025-10-08T22:00:00,946.0462441084983,946.0462441084983,0
2025-10-08T22:15:00,946.0462441084983,946.0462441084983,0
2025-10-08T22:30:00,946.0462441084983,946.0462441084983,0
2025-10-08T22:45:00,946.0462441084983,946.0462441084983,0
2025-10-08T23:00:00,946.0462441084983,946.0462441084983,0
2025-10-08T23:15:00,946.0462441084983,946.0462441084983,0
2025-10-08T23:30:00,946.0462441084983,946.0462441084983,0
2025-10-08T23:45:00,946.0462441084983,946.0462441084983,0
2025-10-09T00:00:00,946.0462441084983,946.0462441084983,0
2025-10-09T00:15:00,946.0462441084983,946.0462441084983,0
2025-10-09T00:30:00,946.0462441084983,946.0462441084983,0
2025-10-09T00:45:00,946.0462441084983,946.0462441084983,0
2025-10-09T01:00:00,946.0462441084983,946.0462441084983,0
2025-10-09T01:15:00,946.0462441084983,946.0462441084983,0
2025-10-09T01:30:00,946.0462441084983,946.0462441084983,0
2025-10-09T01:45:00,946.0462441084983,946.0462441084983,0
2025-10-09T02:00:00,946.0462441084983,946.0462441084983,0
2025-10-09T02:15:00,946.0462441084983,946.0462441084983,0
2025-10-09T02:30:00,946.0462441084983,946.0462441084983,0
2025-10-09T02:45:00,946.0462441084983,946.0462441084983,0
2025-10-09T03:00:00,946.0462441084983,946.0462441084983,0
2025-10-09T03:15:00,946.0462441084983,946.0462441084983,0
2025-10-09T03:30:00,946.0462441084983,946.0462441084983,0
2025-10-09T03:45:00,946.0462441084983,946.0462441084983,0
2025-10-09T04:00:00,946.0462441084983,946.0462441084983,0
2025-10-09T04:15:00,946.0462441084983,946.0462441084983,0
2025-10-09T04:30:00,946.0462441084983,946.0462441084983,0
2025-10-09T04:45:00,946.0462441084983,946.0462441084983,0
2025-10-09T05:00:00,946.0462441084983,946.0462441084983,0
2025-10-09T05:15:00,946.0462441084983,946.0462441084983,0
2025-10-09T05:30:00,946.0462441084983,946.0462441084983,0
2025-10-09T05:45:00,946.0462441084983,946.0462441084983,0
2025-10-09T06:00:00,946.0462441084983,946.0462441084983,0
2025-10-09T06:15:00,946.0462441084983,946.0462441084983,0
2025-10-09T06:30:00,946.0462441084983,946.0462441084983,0
2025-10-09T06:45:00,946.0462441084983,946.0462441084983,0
2025-10-09T07:00:00,946.0462441084983,946.0462441084983,0
2025-10-09T07:15:00,946.0462441084983,946.0462441084983,0
2025-10-09T07:30:00,946.0462441084983,946.0462441084983,0
2025-10-09T07:45:00,946.0462441084983,946.0462441084983,0
2025-10-09T08:00:00,946.0462441084983,946.0462441084983,0
2025-10-09T08:15:00,946.0462441084983,946.0462441084983,0
2025-10-09T08:30:00,946.0462441084983,946.0462441084983,0
2025-10-09T08:45:00,946.0462441084983,946.0462441084983,0
2025-10-09T09:00:00,946.0462441084983,946.0462441084983,0
2025-10-09T09:15:00,946.0462441084983,946.0462441084983,0
2025-10-09T09:30:00,946.0462441084983,946.0462441084983,0
2025-10-09T09:45:00,946.0462441084983,946.0462441084983,0
2025-10-09T10:00:00,946.0462441084983,946.0462441084983,0
2025-10-09T10:15:00,946.0462441084983,946.0462441084983,0
2025-10-09T10:30:00,946.0462441084983,946.0462441084983,0
2025-10-09T10:45:00,946.0462441084983,946.0462441084983,0
2025-10-09T11:00:00,946.0462441084983,946.0462441084983,0
2025-10-09T11:15:00,946.0462441084983,946.0462441084983,0
2025-10-09T11:30:00,946.0462441084983,946.0462441084983,0
2025-10-09T11:45:00,946.0462441084983,946.0462441084983,0
2025-10-09T12:00:00,946.0462441084983,946.0462441084983,0
2025-10-09T12:15:00,946.0462441084983,946.0462441084983,0
2025-10-09T12:30:00,946.0462441084983,946.0462441084983,0
2025-10-09T12:45:00,946.0462441084983,946.0462441084983,0
2025-10-09T13:00:00,946.0462441084983,946.0462441084983,0
2025-10-09T13:15:00,946.0462441084983,946.0462441084983,0
2025-10-09T13:30:00,946.0462441084983,946.0462441084983,0
2025-10-09T13:45:00,946.0462441084983,946.0462441084983,0
2025-10-09T14:00:00,946.0462441084983,946.0462441084983,0
2025-10-09T14:15:00,946.0462441084983,946.0462441084983,0
2025-10-09T14:30:00,946.0462441084983,946.0462441084983,0
2025-10-09T14:45:00,946.0462441084983,946.0462441084983,0
2025-10-09T15:00:00,946.0462441084983,946.0462441084983,0
2025-10-09T15:15:00,946.0462441084983,946.0462441084983,0
2025-10-09T15:30:00,946.0462441084983,946.0462441084983,0
2025-10-09T15:45:00,946.0462441084983,946.0462441084983,0
2025-10-09T16:00:00,946.0462441084983,946.0462441084983,0
2025-10-09T16:15:00,946.0462441084983,946.0462441084983,0
2025-10-09T16:30:00,946.0462441084983,946.0462441084983,0
2025-10-09T16:45:00,946.0462441084983,946.0462441084983,0
2025-10-09T17:00:00,946.0462441084983,946.0462441084983,0
2025-10-09T17:15:00,946.0462441084983,946.0462441084983,0
2025-10-09T17:30:00,946.0462441084983,946.0462441084983,0
2025-10-09T17:45:00,946.0462441084983,946.0462441084983,0
2025-10-09T18:00:00,946.0462441084983,946.0462441084983,0
2025-10-09T18:15:00,946.0462441084983,946.0462441084983,0
2025-10-09T18:30:00,946.0462441084983,946.0462441084983,0
2025-10-09T18:45:00,946.0462441084983,946.0462441084983,0
2025-10-09T19:00:00,946.0462441084983,946.0462441084983,0
2025-10-09T19:15:00,946.0462441084983,946.0462441084983,0
2025-10-09T19:30:00,946.0462441084983,946.0462441084983,0
2025-10-09T19:45:00,946.0462441084983,946.0462441084983,0
2025-10-09T20:00:00,946.0462441084983,946.0462441084983,0
2025-10-09T20:15:00,946.0462441084983,946.0462441084983,0
2025-10-09T20:30:00,946.0462441084983,946.0462441084983,0
2025-10-09T20:45:00,946.0462441084983,946.0462441084983,0
2025-10-09T21:00:00,946.0462441084983,946.0462441084983,0
2025-10-09T21:15:00,946.0462441084983,946.0462441084983,0
2025-10-09T21:30:00,946.0462441084983,946.0462441084983,0
2025-10-09T21:45:00,946.0462441084983,946.0462441084983,0
2025-10-09T22:00:00,946.0462441084983,946.0462441084983,0
2025-10-09T22:15:00,946.0462441084983,946.0462441084983,0
2025-10-09T22:30:00,946.0462441084983,946.0462441084983,0
2025-10-09T22:45:00,946.0462441084983,946.0462441084983,0
2025-10-09T23:00:00,946.0462441084983,946.0462441084983,0
2025-10-09T23:15:00,946.0462441084983,946.0462441084983,0
2025-10-09T23:30:00,946.0462441084983,946.0462441084983,0
2025-10-09T23:45:00,946.0462441084983,946.0462441084983,0
2025-10-10T00:00:00,946.0462441084983,946.0462441084983,0
2025-10-10T00:15:00,946.0462441084983,946.0462441084983,0
2025-10-10T00:30:00,946.0462441084983,946.0462441084983,0
2025-10-10T00:45:00,946.0462441084983,946.0462441084983,0
2025-10-10T01:00:00,946.0462441084983,946.0462441084983,0
2025-10-10T01:15:00,946.0462441084983,946.0462441084983,0
2025-10-10T01:30:00,946.0462441084983,946.0462441084983,0
2025-10-10T01:45:00,946.0462441084983,946.0462441084983,0
2025-10-10T02:00:00,946.0462441084983,946.0462441084983,0
2025-10-10T02:15:00,946.0462441084983,946.0462441084983,0
2025-10-10T02:30:00,946.0462441084983,946.0462441084983,0
2025-10-10T02:45:00,946.0462441084983,946.0462441084983,0
2025-10-10T03:00:00,946.0462441084983,946.0462441084983,0
2025-10-10T03:15:00,946.0462441084983,946.0462441084983,0
2025-10-10T03:30:00,946.0462441084983,946.0462441084983,0
2025-10-10T03:45:00,946.0462441084983,946.0462441084983,0
2025-10-10T04:00:00,946.0462441084983,946.0462441084983,0
2025-10-10T04:15:00,946.0462441084983,946.0462441084983,0
2025-10-10T04:30:00,946.0462441084983,946.0462441084983,0
2025-10-10T04:45:00,946.0462441084983,946.0462441084983,0
2025-10-10T05:00:00,946.0462441084983,946.0462441084983,0
2025-10-10T05:15:00,946.0462441084983,946.0462441084983,0
2025-10-10T05:30:00,946.0462441084983,946.0462441084983,0
2025-10-10T05:45:00,946.0462441084983,946.0462441084983,0
2025-10-10T06:00:00,946.0462441084983,946.0462441084983,0
2025-10-10T06:15:00,946.0462441084983,946.0462441084983,0
2025-10-10T06:30:00,946.0462441084983,946.0462441084983,0
2025-10-10T06:45:00,946.0462441084983,946.0462441084983,0
2025-10-10T07:00:00,946.0462441084983,946.0462441084983,0
2025-10-10T07:15:00,946.0462441084983,946.0462441084983,0
2025-10-10T07:30:00,946.0462441084983,946.0462441084983,0
2025-10-10T07:45:00,946.0462441084983,946.0462441084983,0
2025-10-10T08:00:00,946.0462441084983,946.0462441084983,0
2025-10-10T08:15:00,946.0462441084983,946.0462441084983,0
2025-10-10T08:30:00,946.0462441084983,946.0462441084983,0
2025-10-10T08:45:00,946.0462441084983,946.0462441084983,0
2025-10-10T09:00:00,946.0462441084983,946.0462441084983,0
2025-10-10T09:15:00,946.0462441084983,946.0462441084983,0
2025-10-10T09:30:00,946.0462441084983,946.0462441084983,0
2025-10-10T09:45:00,946.0462441084983,946.0462441084983,0
2025-10-10T10:00:00,946.0462441084983,946.0462441084983,0
2025-10-10T10:15:00,946.0462441084983,946.0462441084983,0
2025-10-10T10:30:00,946.0462441084983,946.0462441084983,0
2025-10-10T10:45:00,946.0462441084983,946.0462441084983,0
2025-10-10T11:00:00,946.0462441084983,946.0462441084983,0
2025-10-10T11:15:00,946.0462441084983,946.0462441084983,0
2025-10-10T11:30:00,946.0462441084983,946.0462441084983,0
2025-10-10T11:45:00,946.0462441084983,946.0462441084983,0
2025-10-10T12:00:00,946.0462441084983,946.0462441084983,0
2025-10-10T12:15:00,946.0462441084983,946.0462441084983,0
2025-10-10T12:30:00,946.0462441084983,946.0462441084983,0
2025-10-10T12:45:00,946.0462441084983,946.0462441084983,0
2025-10-10T13:00:00,946.0462441084983,946.0462441084983,0
2025-10-10T13:15:00,946.0462441084983,946.0462441084983,0
2025-10-10T13:30:00,946.0462441084983,946.0462441084983,0
2025-10-10T13:45:00,946.0462441084983,946.0462441084983,0
2025-10-10T14:00:00,946.0462441084983,946.0462441084983,0
2025-10-10T14:15:00,946.0462441084983,946.0462441084983,0
2025-10-10T14:30:00,946.0462441084983,946.0462441084983,0
2025-10-10T14:45:00,946.0462441084983,946.0462441084983,0
2025-10-10T15:00:00,946.0462441084983,946.0462441084983,0
2025-10-10T15:15:00,946.0462441084983,946.0462441084983,0
2025-10-10T15:30:00,946.0462441084983,946.0462441084983,0
2025-10-10T15:45:00,946.0462441084983,946.0462441084983,0
2025-10-10T16:00:00,946.0462441084983,946.0462441084983,0
2025-10-10T16:15:00,946.0462441084983,946.0462441084983,0
2025-10-10T16:30:00,946.0462441084983,946.0462441084983,0
2025-10-10T16:45:00,946.0462441084983,946.0462441084983,0
2025-10-10T17:00:00,946.0462441084983,946.0462441084983,0
2025-10-10T17:15:00,946.0462441084983,946.0462441084983,0
2025-10-10T17:30:00,946.0462441084983,946.0462441084983,0
2025-10-10T17:45:00,946.0462441084983,946.0462441084983,0
2025-10-10T18:00:00,946.0462441084983,946.0462441084983,0
2025-10-10T18:15:00,946.0462441084983,946.0462441084983,0
2025-10-10T18:30:00,946.0462441084983,946.0462441084983,0
2025-10-10T18:45:00,946.0462441084983,946.0462441084983,0
2025-10-10T19:00:00,946.0462441084983,946.0462441084983,0
2025-10-10T19:15:00,946.0462441084983,946.0462441084983,0
2025-10-10T19:30:00,946.0462441084983,946.0462441084983,0
2025-10-10T19:45:00,946.0462441084983,946.0462441084983,0
2025-10-10T20:00:00,946.0462441084983,946.0462441084983,0
2025-10-10T20:15:00,946.0462441084983,946.0462441084983,0
2025-10-10T20:30:00,946.0462441084983,946.0462441084983,0
2025-10-10T20:45:00,945.0384570957858,813.3878555746282,1
2025-10-10T21:00:00,954.5919807448794,813.3878555746282,1
2025-10-10T21:15:00,985.0184113798455,813.3878555746282,1
2025-10-10T21:30:00,979.4998730916286,813.3878555746282,1
2025-10-10T21:45:00,973.3641164219823,813.3878555746282,1
2025-10-10T22:00:00,972.8153643564016,813.3878555746282,1
2025-10-10T22:15:00,975.8971379404737,813.3878555746282,1
2025-10-10T22:30:00,974.0130721563331,813.3878555746282,1
2025-10-10T22:45:00,972.4705106540288,972.4705106540288,0
2025-10-10T23:00:00,972.4705106540288,972.4705106540288,0
2025-10-10T23:15:00,972.4705106540288,972.4705106540288,0
2025-10-10T23:30:00,972.4705106540288,972.4705106540288,0
2025-10-10T23:45:00,972.4705106540288,972.4705106540288,0
2025-10-11T00:00:00,972.4705106540288,972.4705106540288,0
2025-10-11T00:15:00,972.4705106540288,972.4705106540288,0
2025-10-11T00:30:00,972.4705106540288,972.4705106540288,0
2025-10-11T00:45:00,972.4705106540288,972.4705106540288,0
2025-10-11T01:00:00,972.4705106540288,972.4705106540288,0
2025-10-11T01:15:00,972.4705106540288,972.4705106540288,0
2025-10-11T01:30:00,972.4705106540288,972.4705106540288,0
2025-10-11T01:45:00,972.4705106540288,972.4705106540288,0
2025-10-11T02:00:00,972.4705106540288,972.4705106540288,0
2025-10-11T02:15:00,972.4705106540288,972.4705106540288,0
2025-10-11T02:30:00,972.4705106540288,972.4705106540288,0
2025-10-11T02:45:00,972.4705106540288,972.4705106540288,0
2025-10-11T03:00:00,972.4705106540288,972.4705106540288,0
2025-10-11T03:15:00,972.4705106540288,972.4705106540288,0
2025-10-11T03:30:00,972.4705106540288,972.4705106540288,0
2025-10-11T03:45:00,972.4705106540288,972.4705106540288,0
2025-10-11T04:00:00,972.4705106540288,972.4705106540288,0
2025-10-11T04:15:00,972.4705106540288,972.4705106540288,0
2025-10-11T04:30:00,972.4705106540288,972.4705106540288,0
2025-10-11T04:45:00,972.4705106540288,972.4705106540288,0
2025-10-11T05:00:00,972.4705106540288,972.4705106540288,0
2025-10-11T05:15:00,972.4705106540288,972.4705106540288,0
2025-10-11T05:30:00,972.4705106540288,972.4705106540288,0
2025-10-11T05:45:00,972.4705106540288,972.4705106540288,0
2025-10-11T06:00:00,972.4705106540288,972.4705106540288,0
2025-10-11T06:15:00,972.4705106540288,972.4705106540288,0
2025-10-11T06:30:00,972.4705106540288,972.4705106540288,0
2025-10-11T06:45:00,972.4705106540288,972.4705106540288,0
2025-10-11T07:00:00,972.4705106540288,972.4705106540288,0
2025-10-11T07:15:00,972.4705106540288,972.4705106540288,0
2025-10-11T07:30:00,972.4705106540288,972.4705106540288,0
2025-10-11T07:45:00,972.4705106540288,972.4705106540288,0
2025-10-11T08:00:00,972.4705106540288,972.4705106540288,0
2025-10-11T08:15:00,972.4705106540288,972.4705106540288,0
2025-10-11T08:30:00,972.4705106540288,972.4705106540288,0
2025-10-11T08:45:00,972.4705106540288,972.4705106540288,0
2025-10-11T09:00:00,972.4705106540288,972.4705106540288,0
2025-10-11T09:15:00,972.4705106540288,972.4705106540288,0
2025-10-11T09:30:00,972.4705106540288,972.4705106540288,0
2025-10-11T09:45:00,972.4705106540288,972.4705106540288,0
2025-10-11T10:00:00,972.4705106540288,972.4705106540288,0
2025-10-11T10:15:00,972.4705106540288,972.4705106540288,0
2025-10-11T10:30:00,972.4705106540288,972.4705106540288,0
2025-10-11T10:45:00,972.4705106540288,972.4705106540288,0
2025-10-11T11:00:00,972.4705106540288,972.4705106540288,0
2025-10-11T11:15:00,972.4705106540288,972.4705106540288,0
2025-10-11T11:30:00,972.4705106540288,972.4705106540288,0
2025-10-11T11:45:00,972.4705106540288,972.4705106540288,0
2025-10-11T12:00:00,972.4705106540288,972.4705106540288,0
2025-10-11T12:15:00,972.4705106540288,972.4705106540288,0
2025-10-11T12:30:00,972.4705106540288,972.4705106540288,0
2025-10-11T12:45:00,972.4705106540288,972.4705106540288,0
2025-10-11T13:00:00,972.4705106540288,972.4705106540288,0
2025-10-11T13:15:00,972.4705106540288,972.4705106540288,0
2025-10-11T13:30:00,972.4705106540288,972.4705106540288,0
2025-10-11T13:45:00,972.4705106540288,972.4705106540288,0
2025-10-11T14:00:00,972.4705106540288,972.4705106540288,0
2025-10-11T14:15:00,972.4705106540288,972.4705106540288,0
2025-10-11T14:30:00,972.4705106540288,972.4705106540288,0
2025-10-11T14:45:00,972.4705106540288,972.4705106540288,0
2025-10-11T15:00:00,972.4705106540288,972.4705106540288,0
2025-10-11T15:15:00,972.4705106540288,972.4705106540288,0
2025-10-11T15:30:00,972.4705106540288,972.4705106540288,0
2025-10-11T15:45:00,972.4705106540288,972.4705106540288,0
2025-10-11T16:00:00,972.4705106540288,972.4705106540288,0
2025-10-11T16:15:00,972.4705106540288,972.4705106540288,0
2025-10-11T16:30:00,972.4705106540288,972.4705106540288,0
2025-10-11T16:45:00,972.4705106540288,972.4705106540288,0
2025-10-11T17:00:00,972.4705106540288,972.4705106540288,0
2025-10-11T17:15:00,972.4705106540288,972.4705106540288,0
2025-10-11T17:30:00,972.4705106540288,972.4705106540288,0
2025-10-11T17:45:00,972.4705106540288,972.4705106540288,0
2025-10-11T18:00:00,972.4705106540288,972.4705106540288,0
2025-10-11T18:15:00,971.4345748771191,836.1068057680782,1
2025-10-11T18:30:00,970.4741268005306,836.1068057680782,1
2025-10-11T18:45:00,971.5131829786255,836.1068057680782,1
2025-10-11T19:00:00,975.8695010402946,836.1068057680782,1
2025-10-11T19:15:00,978.1862961774224,836.1068057680782,1
2025-10-11T19:30:00,980.4316294040897,836.1068057680782,1
2025-10-11T19:45:00,979.3554130325554,836.1068057680782,1
2025-10-11T20:00:00,981.2162811809454,836.1068057680782,1
2025-10-11T20:15:00,985.1080968246215,836.1068057680782,1
2025-10-11T20:30:00,989.091383713687,836.1068057680782,1
2025-10-11T20:45:00,988.7112063500374,836.1068057680782,1
2025-10-11T21:00:00,992.0813500473522,836.1068057680782,1
2025-10-11T21:15:00,984.6407359302102,836.1068057680782,1
2025-10-11T21:30:00,984.8365415648718,836.1068057680782,1
2025-10-11T21:45:00,982.9084992206489,836.1068057680782,1
2025-10-11T22:00:00,982.5283218569994,836.1068057680782,1
2025-10-11T22:15:00,981.7464618994645,981.7464618994645,0
2025-10-11T22:30:00,981.7464618994645,981.7464618994645,0
2025-10-11T22:45:00,981.7464618994645,981.7464618994645,0
2025-10-11T23:00:00,981.7464618994645,981.7464618994645,0
2025-10-11T23:15:00,981.7464618994645,981.7464618994645,0
2025-10-11T23:30:00,981.7464618994645,981.7464618994645,0
2025-10-11T23:45:00,981.7464618994645,981.7464618994645,0
2025-10-12T00:00:00,981.7464618994645,981.7464618994645,0
2025-10-12T00:15:00,981.7464618994645,981.7464618994645,0
2025-10-12T00:30:00,981.7464618994645,981.7464618994645,0
2025-10-12T00:45:00,981.7464618994645,981.7464618994645,0
2025-10-12T01:00:00,981.7464618994645,981.7464618994645,0
2025-10-12T01:15:00,981.7464618994645,981.7464618994645,0
2025-10-12T01:30:00,981.7464618994645,981.7464618994645,0
2025-10-12T01:45:00,981.7464618994645,981.7464618994645,0
2025-10-12T02:00:00,981.7464618994645,981.7464618994645,0
2025-10-12T02:15:00,981.7464618994645,981.7464618994645,0
2025-10-12T02:30:00,981.7464618994645,981.7464618994645,0
2025-10-12T02:45:00,981.7464618994645,981.7464618994645,0
2025-10-12T03:00:00,981.7464618994645,981.7464618994645,0
2025-10-12T03:15:00,981.7464618994645,981.7464618994645,0
2025-10-12T03:30:00,981.7464618994645,981.7464618994645,0
2025-10-12T03:45:00,981.7464618994645,981.7464618994645,0
2025-10-12T04:00:00,981.7464618994645,981.7464618994645,0
2025-10-12T04:15:00,981.7464618994645,981.7464618994645,0
2025-10-12T04:30:00,981.7464618994645,981.7464618994645,0
2025-10-12T04:45:00,981.7464618994645,981.7464618994645,0
2025-10-12T05:00:00,981.7464618994645,981.7464618994645,0
2025-10-12T05:15:00,981.7464618994645,981.7464618994645,0
2025-10-12T05:30:00,981.7464618994645,981.7464618994645,0
2025-10-12T05:45:00,981.7464618994645,981.7464618994645,0
2025-10-12T06:00:00,981.7464618994645,981.7464618994645,0
2025-10-12T06:15:00,981.7464618994645,981.7464618994645,0
2025-10-12T06:30:00,981.7464618994645,981.7464618994645,0
2025-10-12T06:45:00,981.7464618994645,981.7464618994645,0
2025-10-12T07:00:00,981.7464618994645,981.7464618994645,0
2025-10-12T07:15:00,981.7464618994645,981.7464618994645,0
2025-10-12T07:30:00,981.7464618994645,981.7464618994645,0
2025-10-12T07:45:00,981.7464618994645,981.7464618994645,0
2025-10-12T08:00:00,981.7464618994645,981.7464618994645,0
2025-10-12T08:15:00,981.7464618994645,981.7464618994645,0
2025-10-12T08:30:00,981.7464618994645,981.7464618994645,0
2025-10-12T08:45:00,981.7464618994645,981.7464618994645,0
2025-10-12T09:00:00,981.7464618994645,981.7464618994645,0
2025-10-12T09:15:00,981.7464618994645,981.7464618994645,0
2025-10-12T09:30:00,981.7464618994645,981.7464618994645,0
2025-10-12T09:45:00,981.7464618994645,981.7464618994645,0
2025-10-12T10:00:00,981.7464618994645,981.7464618994645,0
2025-10-12T10:15:00,981.7464618994645,981.7464618994645,0
2025-10-12T10:30:00,981.7464618994645,981.7464618994645,0
2025-10-12T10:45:00,981.7464618994645,981.7464618994645,0
2025-10-12T11:00:00,981.7464618994645,981.7464618994645,0
2025-10-12T11:15:00,981.7464618994645,981.7464618994645,0
2025-10-12T11:30:00,981.7464618994645,981.7464618994645,0
2025-10-12T11:45:00,981.7464618994645,981.7464618994645,0
2025-10-12T12:00:00,981.7464618994645,981.7464618994645,0
2025-10-12T12:15:00,981.7464618994645,981.7464618994645,0
2025-10-12T12:30:00,981.7464618994645,981.7464618994645,0
2025-10-12T12:45:00,981.7464618994645,981.7464618994645,0
2025-10-12T13:00:00,981.7464618994645,981.7464618994645,0
2025-10-12T13:15:00,981.7464618994645,981.7464618994645,0
2025-10-12T13:30:00,981.7464618994645,981.7464618994645,0
2025-10-12T13:45:00,981.7464618994645,981.7464618994645,0
2025-10-12T14:00:00,981.7464618994645,981.7464618994645,0
2025-10-12T14:15:00,981.7464618994645,981.7464618994645,0
2025-10-12T14:30:00,981.7464618994645,981.7464618994645,0
2025-10-12T14:45:00,981.7464618994645,981.7464618994645,0
2025-10-12T15:00:00,981.7464618994645,981.7464618994645,0
2025-10-12T15:15:00,981.7464618994645,981.7464618994645,0
2025-10-12T15:30:00,981.7464618994645,981.7464618994645,0
2025-10-12T15:45:00,981.7464618994645,981.7464618994645,0
2025-10-12T16:00:00,981.7464618994645,981.7464618994645,0
2025-10-12T16:15:00,981.7464618994645,981.7464618994645,0
2025-10-12T16:30:00,981.7464618994645,981.7464618994645,0
2025-10-12T16:45:00,981.7464618994645,981.7464618994645,0
2025-10-12T17:00:00,981.7464618994645,981.7464618994645,0
2025-10-12T17:15:00,981.7464618994645,981.7464618994645,0
2025-10-12T17:30:00,981.7464618994645,981.7464618994645,0
2025-10-12T17:45:00,981.7464618994645,981.7464618994645,0
2025-10-12T18:00:00,981.7464618994645,981.7464618994645,0
2025-10-12T18:15:00,981.7464618994645,981.7464618994645,0
2025-10-12T18:30:00,981.7464618994645,981.7464618994645,0
2025-10-12T18:45:00,981.7464618994645,981.7464618994645,0
2025-10-12T19:00:00,981.7464618994645,981.7464618994645,0
2025-10-12T19:15:00,981.7464618994645,981.7464618994645,0
2025-10-12T19:30:00,981.7464618994645,981.7464618994645,0
2025-10-12T19:45:00,981.7464618994645,981.7464618994645,0
2025-10-12T20:00:00,981.7464618994645,981.7464618994645,0
2025-10-12T20:15:00,980.7031188118237,844.082046026074,1
2025-10-12T20:30:00,980.104956826643,844.082046026074,1
2025-10-12T20:45:00,979.2600220568784,844.082046026074,1
2025-10-12T21:00:00,981.3235760987776,844.082046026074,1
2025-10-12T21:15:00,979.3799307632099,844.082046026074,1
2025-10-12T21:30:00,977.3679197501107,977.3679197501107,0
2025-10-12T21:45:00,977.3679197501107,977.3679197501107,0
2025-10-12T22:00:00,977.3679197501107,977.3679197501107,0
2025-10-12T22:15:00,977.3679197501107,977.3679197501107,0
2025-10-12T22:30:00,977.3679197501107,977.3679197501107,0
2025-10-12T22:45:00,977.3679197501107,977.3679197501107,0
2025-10-12T23:00:00,977.3679197501107,977.3679197501107,0
2025-10-12T23:15:00,977.3679197501107,977.3679197501107,0
2025-10-12T23:30:00,977.3679197501107,977.3679197501107,0
2025-10-12T23:45:00,977.3679197501107,977.3679197501107,0
2025-10-13T00:00:00,977.3679197501107,977.3679197501107,0
2025-10-13T00:15:00,977.3679197501107,977.3679197501107,0
2025-10-13T00:30:00,977.3679197501107,977.3679197501107,0
2025-10-13T00:45:00,977.3679197501107,977.3679197501107,0
2025-10-13T01:00:00,977.3679197501107,977.3679197501107,0
2025-10-13T01:15:00,977.3679197501107,977.3679197501107,0
2025-10-13T01:30:00,977.3679197501107,977.3679197501107,0
2025-10-13T01:45:00,977.3679197501107,977.3679197501107,0
2025-10-13T02:00:00,977.3679197501107,977.3679197501107,0
2025-10-13T02:15:00,977.3679197501107,977.3679197501107,0
2025-10-13T02:30:00,977.3679197501107,977.3679197501107,0
2025-10-13T02:45:00,977.3679197501107,977.3679197501107,0
2025-10-13T03:00:00,977.3679197501107,977.3679197501107,0
2025-10-13T03:15:00,977.3679197501107,977.3679197501107,0
2025-10-13T03:30:00,977.3679197501107,977.3679197501107,0
2025-10-13T03:45:00,977.3679197501107,977.3679197501107,0
2025-10-13T04:00:00,977.3679197501107,977.3679197501107,0
2025-10-13T04:15:00,977.3679197501107,977.3679197501107,0
2025-10-13T04:30:00,977.3679197501107,977.3679197501107,0
2025-10-13T04:45:00,977.3679197501107,977.3679197501107,0
2025-10-13T05:00:00,977.3679197501107,977.3679197501107,0
2025-10-13T05:15:00,977.3679197501107,977.3679197501107,0
2025-10-13T05:30:00,977.3679197501107,977.3679197501107,0
2025-10-13T05:45:00,977.3679197501107,977.3679197501107,0
2025-10-13T06:00:00,977.3679197501107,977.3679197501107,0
2025-10-13T06:15:00,977.3679197501107,977.3679197501107,0
2025-10-13T06:30:00,977.3679197501107,977.3679197501107,0
2025-10-13T06:45:00,977.3679197501107,977.3679197501107,0
2025-10-13T07:00:00,977.3679197501107,977.3679197501107,0
2025-10-13T07:15:00,977.3679197501107,977.3679197501107,0
2025-10-13T07:30:00,977.3679197501107,977.3679197501107,0
2025-10-13T07:45:00,977.3679197501107,977.3679197501107,0
2025-10-13T08:00:00,977.3679197501107,977.3679197501107,0
2025-10-13T08:15:00,977.3679197501107,977.3679197501107,0
2025-10-13T08:30:00,977.3679197501107,977.3679197501107,0
2025-10-13T08:45:00,977.3679197501107,977.3679197501107,0
2025-10-13T09:00:00,977.3679197501107,977.3679197501107,0
2025-10-13T09:15:00,977.3679197501107,977.3679197501107,0
2025-10-13T09:30:00,977.3679197501107,977.3679197501107,0
2025-10-13T09:45:00,977.3679197501107,977.3679197501107,0
2025-10-13T10:00:00,977.3679197501107,977.3679197501107,0
2025-10-13T10:15:00,977.3679197501107,977.3679197501107,0
2025-10-13T10:30:00,977.3679197501107,977.3679197501107,0
2025-10-13T10:45:00,977.3679197501107,977.3679197501107,0
2025-10-13T11:00:00,977.3679197501107,977.3679197501107,0
2025-10-13T11:15:00,977.3679197501107,977.3679197501107,0
2025-10-13T11:30:00,977.3679197501107,977.3679197501107,0
2025-10-13T11:45:00,977.3679197501107,977.3679197501107,0
2025-10-13T12:00:00,977.3679197501107,977.3679197501107,0
2025-10-13T12:15:00,977.3679197501107,977.3679197501107,0
2025-10-13T12:30:00,977.3679197501107,977.3679197501107,0
2025-10-13T12:45:00,977.3679197501107,977.3679197501107,0
2025-10-13T13:00:00,977.3679197501107,977.3679197501107,0
2025-10-13T13:15:00,977.3679197501107,977.3679197501107,0
2025-10-13T13:30:00,977.3679197501107,977.3679197501107,0
2025-10-13T13:45:00,977.3679197501107,977.3679197501107,0
2025-10-13T14:00:00,977.3679197501107,977.3679197501107,0
2025-10-13T14:15:00,977.3679197501107,977.3679197501107,0
2025-10-13T14:30:00,977.3679197501107,977.3679197501107,0
2025-10-13T14:45:00,977.3679197501107,977.3679197501107,0
2025-10-13T15:00:00,977.3679197501107,977.3679197501107,0
2025-10-13T15:15:00,977.3679197501107,977.3679197501107,0
2025-10-13T15:30:00,977.3679197501107,977.3679197501107,0
2025-10-13T15:45:00,977.3679197501107,977.3679197501107,0
2025-10-13T16:00:00,977.3679197501107,977.3679197501107,0
2025-10-13T16:15:00,977.3679197501107,977.3679197501107,0
2025-10-13T16:30:00,977.3679197501107,977.3679197501107,0
2025-10-13T16:45:00,977.3679197501107,977.3679197501107,0
2025-10-13T17:00:00,977.3679197501107,977.3679197501107,0
2025-10-13T17:15:00,977.3679197501107,977.3679197501107,0
2025-10-13T17:30:00,977.3679197501107,977.3679197501107,0
2025-10-13T17:45:00,976.3292299226168,840.3174805710712,1
2025-10-13T18:00:00,972.6691806201204,840.3174805710712,1
2025-10-13T18:15:00,975.5368215052216,840.3174805710712,1
2025-10-13T18:30:00,976.456996100666,840.3174805710712,1
2025-10-13T18:45:00,975.5200441283062,840.3174805710712,1
2025-10-13T19:00:00,978.5786889967535,840.3174805710712,1
2025-10-13T19:15:00,978.1218281176689,840.3174805710712,1
2025-10-13T19:30:00,980.3093399539634,840.3174805710712,1
2025-10-13T19:45:00,978.5670738896581,840.3174805710712,1
2025-10-13T20:00:00,979.8047280790424,840.3174805710712,1
2025-10-13T20:15:00,978.3231566406553,840.3174805710712,1
2025-10-13T20:30:00,979.0807197367643,840.3174805710712,1
2025-10-13T20:45:00,982.9872674231736,840.3174805710712,1
2025-10-13T21:00:00,980.6126233058982,840.3174805710712,1
2025-10-13T21:15:00,980.5209930165902,840.3174805710712,1
2025-10-13T21:30:00,980.3648343545303,840.3174805710712,1
2025-10-13T21:45:00,978.9452482551499,978.9452482551499,0
2025-10-13T22:00:00,978.9452482551499,978.9452482551499,0
2025-10-13T22:15:00,978.9452482551499,978.9452482551499,0
2025-10-13T22:30:00,978.9452482551499,978.9452482551499,0
2025-10-13T22:45:00,978.9452482551499,978.9452482551499,0
2025-10-13T23:00:00,978.9452482551499,978.9452482551499,0
2025-10-13T23:15:00,978.9452482551499,978.9452482551499,0
2025-10-13T23:30:00,978.9452482551499,978.9452482551499,0
2025-10-13T23:45:00,978.9452482551499,978.9452482551499,0
2025-10-14T00:00:00,978.9452482551499,978.9452482551499,0
2025-10-14T00:15:00,978.9452482551499,978.9452482551499,0
2025-10-14T00:30:00,978.9452482551499,978.9452482551499,0
2025-10-14T00:45:00,978.9452482551499,978.9452482551499,0
2025-10-14T01:00:00,978.9452482551499,978.9452482551499,0
2025-10-14T01:15:00,978.9452482551499,978.9452482551499,0
2025-10-14T01:30:00,978.9452482551499,978.9452482551499,0
2025-10-14T01:45:00,978.9452482551499,978.9452482551499,0
2025-10-14T02:00:00,978.9452482551499,978.9452482551499,0
2025-10-14T02:15:00,978.9452482551499,978.9452482551499,0
2025-10-14T02:30:00,978.9452482551499,978.9452482551499,0
2025-10-14T02:45:00,978.9452482551499,978.9452482551499,0
2025-10-14T03:00:00,978.9452482551499,978.9452482551499,0
2025-10-14T03:15:00,978.9452482551499,978.9452482551499,0
2025-10-14T03:30:00,978.9452482551499,978.9452482551499,0
2025-10-14T03:45:00,978.9452482551499,978.9452482551499,0
2025-10-14T04:00:00,978.9452482551499,978.9452482551499,0
2025-10-14T04:15:00,978.9452482551499,978.9452482551499,0
2025-10-14T04:30:00,978.9452482551499,978.9452482551499,0
2025-10-14T04:45:00,978.9452482551499,978.9452482551499,0
2025-10-14T05:00:00,978.9452482551499,978.9452482551499,0
2025-10-14T05:15:00,978.9452482551499,978.9452482551499,0
2025-10-14T05:30:00,978.9452482551499,978.9452482551499,0
2025-10-14T05:45:00,978.9452482551499,978.9452482551499,0
2025-10-14T06:00:00,978.9452482551499,978.9452482551499,0
2025-10-14T06:15:00,978.9452482551499,978.9452482551499,0
2025-10-14T06:30:00,978.9452482551499,978.9452482551499,0
2025-10-14T06:45:00,978.9452482551499,978.9452482551499,0
2025-10-14T07:00:00,978.9452482551499,978.9452482551499,0
2025-10-14T07:15:00,978.9452482551499,978.9452482551499,0
2025-10-14T07:30:00,978.9452482551499,978.9452482551499,0
2025-10-14T07:45:00,978.9452482551499,978.9452482551499,0
2025-10-14T08:00:00,978.9452482551499,978.9452482551499,0
2025-10-14T08:15:00,978.9452482551499,978.9452482551499,0
2025-10-14T08:30:00,978.9452482551499,978.9452482551499,0
2025-10-14T08:45:00,978.9452482551499,978.9452482551499,0
2025-10-14T09:00:00,978.9452482551499,978.9452482551499,0
2025-10-14T09:15:00,978.9452482551499,978.9452482551499,0
2025-10-14T09:30:00,978.9452482551499,978.9452482551499,0
2025-10-14T09:45:00,978.9452482551499,978.9452482551499,0
2025-10-14T10:00:00,978.9452482551499,978.9452482551499,0
2025-10-14T10:15:00,978.9452482551499,978.9452482551499,0
2025-10-14T10:30:00,978.9452482551499,978.9452482551499,0
2025-10-14T10:45:00,978.9452482551499,978.9452482551499,0
2025-10-14T11:00:00,978.9452482551499,978.9452482551499,0
2025-10-14T11:15:00,978.9452482551499,978.9452482551499,0
2025-10-14T11:30:00,978.9452482551499,978.9452482551499,0
2025-10-14T11:45:00,978.9452482551499,978.9452482551499,0
2025-10-14T12:00:00,978.9452482551499,978.9452482551499,0
2025-10-14T12:15:00,978.9452482551499,978.9452482551499,0
2025-10-14T12:30:00,978.9452482551499,978.9452482551499,0
2025-10-14T12:45:00,978.9452482551499,978.9452482551499,0
2025-10-14T13:00:00,978.9452482551499,978.9452482551499,0
2025-10-14T13:15:00,978.9452482551499,978.9452482551499,0
2025-10-14T13:30:00,978.9452482551499,978.9452482551499,0
2025-10-14T13:45:00,978.9452482551499,978.9452482551499,0
2025-10-14T14:00:00,978.9452482551499,978.9452482551499,0
2025-10-14T14:15:00,978.9452482551499,978.9452482551499,0
2025-10-14T14:30:00,978.9452482551499,978.9452482551499,0
2025-10-14T14:45:00,978.9452482551499,978.9452482551499,0
2025-10-14T15:00:00,978.9452482551499,978.9452482551499,0
2025-10-14T15:15:00,978.9452482551499,978.9452482551499,0
2025-10-14T15:30:00,978.9452482551499,978.9452482551499,0
2025-10-14T15:45:00,978.9452482551499,978.9452482551499,0
2025-10-14T16:00:00,978.9452482551499,978.9452482551499,0
2025-10-14T16:15:00,978.9452482551499,978.9452482551499,0
2025-10-14T16:30:00,978.9452482551499,978.9452482551499,0
2025-10-14T16:45:00,978.9452482551499,978.9452482551499,0
2025-10-14T17:00:00,978.9452482551499,978.9452482551499,0
2025-10-14T17:15:00,978.9452482551499,978.9452482551499,0
2025-10-14T17:30:00,978.9452482551499,978.9452482551499,0
2025-10-14T17:45:00,978.9452482551499,978.9452482551499,0
2025-10-14T18:00:00,978.9452482551499,978.9452482551499,0
2025-10-14T18:15:00,978.9452482551499,978.9452482551499,0
2025-10-14T18:30:00,978.9452482551499,978.9452482551499,0
2025-10-14T18:45:00,978.9452482551499,978.9452482551499,0
2025-10-14T19:00:00,978.9452482551499,978.9452482551499,0
2025-10-14T19:15:00,978.9452482551499,978.9452482551499,0
2025-10-14T19:30:00,978.9452482551499,978.9452482551499,0
2025-10-14T19:45:00,978.9452482551499,978.9452482551499,0
2025-10-14T20:00:00,978.9452482551499,978.9452482551499,0
2025-10-14T20:15:00,978.9452482551499,978.9452482551499,0
2025-10-14T20:30:00,978.9452482551499,978.9452482551499,0
2025-10-14T20:45:00,978.9452482551499,978.9452482551499,0
2025-10-14T21:00:00,978.9452482551499,978.9452482551499,0
2025-10-14T21:15:00,978.9452482551499,978.9452482551499,0
2025-10-14T21:30:00,978.9452482551499,978.9452482551499,0
2025-10-14T21:45:00,978.9452482551499,978.9452482551499,0
2025-10-14T22:00:00,978.9452482551499,978.9452482551499,0
2025-10-14T22:15:00,978.9452482551499,978.9452482551499,0
2025-10-14T22:30:00,978.9452482551499,978.9452482551499,0
2025-10-14T22:45:00,978.9452482551499,978.9452482551499,0
2025-10-14T23:00:00,978.9452482551499,978.9452482551499,0
2025-10-14T23:15:00,978.9452482551499,978.9452482551499,0
2025-10-14T23:30:00,978.9452482551499,978.9452482551499,0
2025-10-14T23:45:00,978.9452482551499,978.9452482551499,0
2025-10-15T00:00:00,978.9452482551499,978.9452482551499,0
2025-10-15T00:15:00,978.9452482551499,978.9452482551499,0
2025-10-15T00:30:00,978.9452482551499,978.9452482551499,0
2025-10-15T00:45:00,978.9452482551499,978.9452482551499,0
2025-10-15T01:00:00,978.9452482551499,978.9452482551499,0
2025-10-15T01:15:00,978.9452482551499,978.9452482551499,0
2025-10-15T01:30:00,978.9452482551499,978.9452482551499,0
2025-10-15T01:45:00,978.9452482551499,978.9452482551499,0
2025-10-15T02:00:00,978.9452482551499,978.9452482551499,0
2025-10-15T02:15:00,978.9452482551499,978.9452482551499,0
2025-10-15T02:30:00,978.9452482551499,978.9452482551499,0
2025-10-15T02:45:00,978.9452482551499,978.9452482551499,0
2025-10-15T03:00:00,978.9452482551499,978.9452482551499,0
2025-10-15T03:15:00,978.9452482551499,978.9452482551499,0
2025-10-15T03:30:00,978.9452482551499,978.9452482551499,0
2025-10-15T03:45:00,978.9452482551499,978.9452482551499,0
2025-10-15T04:00:00,978.9452482551499,978.9452482551499,0
2025-10-15T04:15:00,978.9452482551499,978.9452482551499,0
2025-10-15T04:30:00,978.9452482551499,978.9452482551499,0
2025-10-15T04:45:00,978.9452482551499,978.9452482551499,0
2025-10-15T05:00:00,978.9452482551499,978.9452482551499,0
2025-10-15T05:15:00,978.9452482551499,978.9452482551499,0
2025-10-15T05:30:00,978.9452482551499,978.9452482551499,0
2025-10-15T05:45:00,978.9452482551499,978.9452482551499,0
2025-10-15T06:00:00,978.9452482551499,978.9452482551499,0
2025-10-15T06:15:00,978.9452482551499,978.9452482551499,0
2025-10-15T06:30:00,978.9452482551499,978.9452482551499,0
2025-10-15T06:45:00,978.9452482551499,978.9452482551499,0
2025-10-15T07:00:00,978.9452482551499,978.9452482551499,0
2025-10-15T07:15:00,978.9452482551499,978.9452482551499,0
2025-10-15T07:30:00,978.9452482551499,978.9452482551499,0
2025-10-15T07:45:00,978.9452482551499,978.9452482551499,0
2025-10-15T08:00:00,978.9452482551499,978.9452482551499,0
2025-10-15T08:15:00,978.9452482551499,978.9452482551499,0
2025-10-15T08:30:00,978.9452482551499,978.9452482551499,0
2025-10-15T08:45:00,978.9452482551499,978.9452482551499,0
2025-10-15T09:00:00,978.9452482551499,978.9452482551499,0
2025-10-15T09:15:00,978.9452482551499,978.9452482551499,0
2025-10-15T09:30:00,978.9452482551499,978.9452482551499,0
2025-10-15T09:45:00,978.9452482551499,978.9452482551499,0
2025-10-15T10:00:00,978.9452482551499,978.9452482551499,0
2025-10-15T10:15:00,978.9452482551499,978.9452482551499,0
2025-10-15T10:30:00,978.9452482551499,978.9452482551499,0
2025-10-15T10:45:00,978.9452482551499,978.9452482551499,0
2025-10-15T11:00:00,978.9452482551499,978.9452482551499,0
2025-10-15T11:15:00,978.9452482551499,978.9452482551499,0
2025-10-15T11:30:00,978.9452482551499,978.9452482551499,0
2025-10-15T11:45:00,978.9452482551499,978.9452482551499,0
2025-10-15T12:00:00,978.9452482551499,978.9452482551499,0
2025-10-15T12:15:00,977.9024151870076,841.6736297638197,1
2025-10-15T12:30:00,977.2345805264492,841.6736297638197,1
2025-10-15T12:45:00,976.7129809206294,841.6736297638197,1
2025-10-15T13:00:00,977.9043360920715,841.6736297638197,1
2025-10-15T13:15:00,978.0906146292963,841.6736297638197,1
2025-10-15T13:30:00,978.5527154321105,841.6736297638197,1
2025-10-15T13:45:00,978.3001902971682,841.6736297638197,1
2025-10-15T14:00:00,975.1315342592824,841.6736297638197,1
2025-10-15T14:15:00,975.2511301723325,975.2511301723325,0
2025-10-15T14:30:00,975.2511301723325,975.2511301723325,0
2025-10-15T14:45:00,975.2511301723325,975.2511301723325,0
2025-10-15T15:00:00,975.2511301723325,975.2511301723325,0
2025-10-15T15:15:00,975.2511301723325,975.2511301723325,0
2025-10-15T15:30:00,975.2511301723325,975.2511301723325,0
2025-10-15T15:45:00,975.2511301723325,975.2511301723325,0
2025-10-15T16:00:00,975.2511301723325,975.2511301723325,0
2025-10-15T16:15:00,975.2511301723325,975.2511301723325,0
2025-10-15T16:30:00,975.2511301723325,975.2511301723325,0
2025-10-15T16:45:00,975.2511301723325,975.2511301723325,0
2025-10-15T17:00:00,975.2511301723325,975.2511301723325,0
2025-10-15T17:15:00,975.2511301723325,975.2511301723325,0
2025-10-15T17:30:00,975.2511301723325,975.2511301723325,0
2025-10-15T17:45:00,975.2511301723325,975.2511301723325,0
2025-10-15T18:00:00,975.2511301723325,975.2511301723325,0
2025-10-15T18:15:00,975.2511301723325,975.2511301723325,0
2025-10-15T18:30:00,975.2511301723325,975.2511301723325,0
2025-10-15T18:45:00,975.2511301723325,975.2511301723325,0
2025-10-15T19:00:00,975.2511301723325,975.2511301723325,0
2025-10-15T19:15:00,975.2511301723325,975.2511301723325,0
2025-10-15T19:30:00,975.2511301723325,975.2511301723325,0
2025-10-15T19:45:00,975.2511301723325,975.2511301723325,0
2025-10-15T20:00:00,975.2511301723325,975.2511301723325,0
2025-10-15T20:15:00,975.2511301723325,975.2511301723325,0
2025-10-15T20:30:00,975.2511301723325,975.2511301723325,0
2025-10-15T20:45:00,975.2511301723325,975.2511301723325,0
2025-10-15T21:00:00,975.2511301723325,975.2511301723325,0
2025-10-15T21:15:00,975.2511301723325,975.2511301723325,0
2025-10-15T21:30:00,975.2511301723325,975.2511301723325,0
2025-10-15T21:45:00,975.2511301723325,975.2511301723325,0
2025-10-15T22:00:00,975.2511301723325,975.2511301723325,0
2025-10-15T22:15:00,975.2511301723325,975.2511301723325,0
2025-10-15T22:30:00,975.2511301723325,975.2511301723325,0
2025-10-15T22:45:00,975.2511301723325,975.2511301723325,0
2025-10-15T23:00:00,975.2511301723325,975.2511301723325,0
2025-10-15T23:15:00,975.2511301723325,975.2511301723325,0
2025-10-15T23:30:00,975.2511301723325,975.2511301723325,0
2025-10-15T23:45:00,975.2511301723325,975.2511301723325,0
2025-10-16T00:00:00,975.2511301723325,975.2511301723325,0
2025-10-16T00:15:00,975.2511301723325,975.2511301723325,0
2025-10-16T00:30:00,975.2511301723325,975.2511301723325,0
2025-10-16T00:45:00,975.2511301723325,975.2511301723325,0
2025-10-16T01:00:00,975.2511301723325,975.2511301723325,0
2025-10-16T01:15:00,975.2511301723325,975.2511301723325,0
2025-10-16T01:30:00,975.2511301723325,975.2511301723325,0
2025-10-16T01:45:00,975.2511301723325,975.2511301723325,0
2025-10-16T02:00:00,975.2511301723325,975.2511301723325,0
2025-10-16T02:15:00,975.2511301723325,975.2511301723325,0
2025-10-16T02:30:00,975.2511301723325,975.2511301723325,0
2025-10-16T02:45:00,975.2511301723325,975.2511301723325,0
2025-10-16T03:00:00,975.2511301723325,975.2511301723325,0
2025-10-16T03:15:00,975.2511301723325,975.2511301723325,0
2025-10-16T03:30:00,975.2511301723325,975.2511301723325,0
2025-10-16T03:45:00,975.2511301723325,975.2511301723325,0
2025-10-16T04:00:00,975.2511301723325,975.2511301723325,0
2025-10-16T04:15:00,975.2511301723325,975.2511301723325,0
2025-10-16T04:30:00,975.2511301723325,975.2511301723325,0
2025-10-16T04:45:00,975.2511301723325,975.2511301723325,0
2025-10-16T05:00:00,975.2511301723325,975.2511301723325,0
2025-10-16T05:15:00,975.2511301723325,975.2511301723325,0
2025-10-16T05:30:00,975.2511301723325,975.2511301723325,0
2025-10-16T05:45:00,975.2511301723325,975.2511301723325,0
2025-10-16T06:00:00,975.2511301723325,975.2511301723325,0
2025-10-16T06:15:00,975.2511301723325,975.2511301723325,0
2025-10-16T06:30:00,975.2511301723325,975.2511301723325,0
2025-10-16T06:45:00,975.2511301723325,975.2511301723325,0
2025-10-16T07:00:00,975.2511301723325,975.2511301723325,0
2025-10-16T07:15:00,975.2511301723325,975.2511301723325,0
2025-10-16T07:30:00,975.2511301723325,975.2511301723325,0
2025-10-16T07:45:00,975.2511301723325,975.2511301723325,0
2025-10-16T08:00:00,975.2511301723325,975.2511301723325,0
2025-10-16T08:15:00,975.2511301723325,975.2511301723325,0
2025-10-16T08:30:00,975.2511301723325,975.2511301723325,0
2025-10-16T08:45:00,975.2511301723325,975.2511301723325,0
2025-10-16T09:00:00,975.2511301723325,975.2511301723325,0
2025-10-16T09:15:00,975.2511301723325,975.2511301723325,0
2025-10-16T09:30:00,975.2511301723325,975.2511301723325,0
2025-10-16T09:45:00,975.2511301723325,975.2511301723325,0
2025-10-16T10:00:00,975.2511301723325,975.2511301723325,0
2025-10-16T10:15:00,975.2511301723325,975.2511301723325,0
2025-10-16T10:30:00,975.2511301723325,975.2511301723325,0
2025-10-16T10:45:00,975.2511301723325,975.2511301723325,0
2025-10-16T11:00:00,975.2511301723325,975.2511301723325,0
2025-10-16T11:15:00,975.2511301723325,975.2511301723325,0
2025-10-16T11:30:00,975.2511301723325,975.2511301723325,0
2025-10-16T11:45:00,975.2511301723325,975.2511301723325,0
2025-10-16T12:00:00,975.2511301723325,975.2511301723325,0
2025-10-16T12:15:00,975.2511301723325,975.2511301723325,0
2025-10-16T12:30:00,975.2511301723325,975.2511301723325,0
2025-10-16T12:45:00,975.2511301723325,975.2511301723325,0
2025-10-16T13:00:00,975.2511301723325,975.2511301723325,0
2025-10-16T13:15:00,975.2511301723325,975.2511301723325,0
2025-10-16T13:30:00,975.2511301723325,975.2511301723325,0
2025-10-16T13:45:00,975.2511301723325,975.2511301723325,0
2025-10-16T14:00:00,975.2511301723325,975.2511301723325,0
2025-10-16T14:15:00,975.2511301723325,975.2511301723325,0
2025-10-16T14:30:00,975.2511301723325,975.2511301723325,0
2025-10-16T14:45:00,975.2511301723325,975.2511301723325,0
2025-10-16T15:00:00,975.2511301723325,975.2511301723325,0
2025-10-16T15:15:00,975.2511301723325,975.2511301723325,0
2025-10-16T15:30:00,975.2511301723325,975.2511301723325,0
2025-10-16T15:45:00,975.2511301723325,975.2511301723325,0
2025-10-16T16:00:00,975.2511301723325,975.2511301723325,0
2025-10-16T16:15:00,975.2511301723325,975.2511301723325,0
2025-10-16T16:30:00,975.2511301723325,975.2511301723325,0
2025-10-16T16:45:00,975.2511301723325,975.2511301723325,0
2025-10-16T17:00:00,975.2511301723325,975.2511301723325,0
2025-10-16T17:15:00,975.2511301723325,975.2511301723325,0
2025-10-16T17:30:00,975.2511301723325,975.2511301723325,0
2025-10-16T17:45:00,975.2511301723325,975.2511301723325,0
2025-10-16T18:00:00,975.2511301723325,975.2511301723325,0
2025-10-16T18:15:00,975.2511301723325,975.2511301723325,0
2025-10-16T18:30:00,975.2511301723325,975.2511301723325,0
2025-10-16T18:45:00,975.2511301723325,975.2511301723325,0
2025-10-16T19:00:00,975.2511301723325,975.2511301723325,0
2025-10-16T19:15:00,975.2511301723325,975.2511301723325,0
2025-10-16T19:30:00,975.2511301723325,975.2511301723325,0
2025-10-16T19:45:00,975.2511301723325,975.2511301723325,0
2025-10-16T20:00:00,975.2511301723325,975.2511301723325,0
2025-10-16T20:15:00,975.2511301723325,975.2511301723325,0
2025-10-16T20:30:00,975.2511301723325,975.2511301723325,0
2025-10-16T20:45:00,975.2511301723325,975.2511301723325,0
2025-10-16T21:00:00,975.2511301723325,975.2511301723325,0
2025-10-16T21:15:00,975.2511301723325,975.2511301723325,0
2025-10-16T21:30:00,975.2511301723325,975.2511301723325,0
2025-10-16T21:45:00,975.2511301723325,975.2511301723325,0
2025-10-16T22:00:00,975.2511301723325,975.2511301723325,0
2025-10-16T22:15:00,975.2511301723325,975.2511301723325,0
2025-10-16T22:30:00,975.2511301723325,975.2511301723325,0
2025-10-16T22:45:00,975.2511301723325,975.2511301723325,0
2025-10-16T23:00:00,975.2511301723325,975.2511301723325,0
2025-10-16T23:15:00,975.2511301723325,975.2511301723325,0
2025-10-16T23:30:00,975.2511301723325,975.2511301723325,0
2025-10-16T23:45:00,975.2511301723325,975.2511301723325,0
2025-10-17T00:00:00,975.2511301723325,975.2511301723325,0
2025-10-17T00:15:00,975.2511301723325,975.2511301723325,0
2025-10-17T00:30:00,975.2511301723325,975.2511301723325,0
2025-10-17T00:45:00,975.2511301723325,975.2511301723325,0
2025-10-17T01:00:00,975.2511301723325,975.2511301723325,0
2025-10-17T01:15:00,975.2511301723325,975.2511301723325,0
2025-10-17T01:30:00,975.2511301723325,975.2511301723325,0
2025-10-17T01:45:00,975.2511301723325,975.2511301723325,0
2025-10-17T02:00:00,975.2511301723325,975.2511301723325,0
2025-10-17T02:15:00,975.2511301723325,975.2511301723325,0
2025-10-17T02:30:00,975.2511301723325,975.2511301723325,0
2025-10-17T02:45:00,975.2511301723325,975.2511301723325,0
2025-10-17T03:00:00,975.2511301723325,975.2511301723325,0
2025-10-17T03:15:00,975.2511301723325,975.2511301723325,0
2025-10-17T03:30:00,975.2511301723325,975.2511301723325,0
2025-10-17T03:45:00,975.2511301723325,975.2511301723325,0
2025-10-17T04:00:00,975.2511301723325,975.2511301723325,0
2025-10-17T04:15:00,975.2511301723325,975.2511301723325,0
2025-10-17T04:30:00,975.2511301723325,975.2511301723325,0
2025-10-17T04:45:00,975.2511301723325,975.2511301723325,0
2025-10-17T05:00:00,975.2511301723325,975.2511301723325,0
2025-10-17T05:15:00,975.2511301723325,975.2511301723325,0
2025-10-17T05:30:00,975.2511301723325,975.2511301723325,0
2025-10-17T05:45:00,975.2511301723325,975.2511301723325,0
2025-10-17T06:00:00,975.2511301723325,975.2511301723325,0
2025-10-17T06:15:00,975.2511301723325,975.2511301723325,0
2025-10-17T06:30:00,975.2511301723325,975.2511301723325,0
2025-10-17T06:45:00,975.2511301723325,975.2511301723325,0
2025-10-17T07:00:00,975.2511301723325,975.2511301723325,0
2025-10-17T07:15:00,975.2511301723325,975.2511301723325,0
2025-10-17T07:30:00,975.2511301723325,975.2511301723325,0
2025-10-17T07:45:00,975.2511301723325,975.2511301723325,0
2025-10-17T08:00:00,975.2511301723325,975.2511301723325,0
2025-10-17T08:15:00,975.2511301723325,975.2511301723325,0
2025-10-17T08:30:00,975.2511301723325,975.2511301723325,0
2025-10-17T08:45:00,975.2511301723325,975.2511301723325,0
2025-10-17T09:00:00,975.2511301723325,975.2511301723325,0
2025-10-17T09:15:00,975.2511301723325,975.2511301723325,0
2025-10-17T09:30:00,975.2511301723325,975.2511301723325,0
2025-10-17T09:45:00,975.2511301723325,975.2511301723325,0
2025-10-17T10:00:00,975.2511301723325,975.2511301723325,0
2025-10-17T10:15:00,975.2511301723325,975.2511301723325,0
2025-10-17T10:30:00,975.2511301723325,975.2511301723325,0
2025-10-17T10:45:00,975.2511301723325,975.2511301723325,0
2025-10-17T11:00:00,975.2511301723325,975.2511301723325,0
2025-10-17T11:15:00,975.2511301723325,975.2511301723325,0
2025-10-17T11:30:00,975.2511301723325,975.2511301723325,0
2025-10-17T11:45:00,975.2511301723325,975.2511301723325,0
2025-10-17T12:00:00,975.2511301723325,975.2511301723325,0
2025-10-17T12:15:00,975.2511301723325,975.2511301723325,0
2025-10-17T12:30:00,975.2511301723325,975.2511301723325,0
2025-10-17T12:45:00,975.2511301723325,975.2511301723325,0
2025-10-17T13:00:00,975.2511301723325,975.2511301723325,0
2025-10-17T13:15:00,975.2511301723325,975.2511301723325,0
2025-10-17T13:30:00,975.2511301723325,975.2511301723325,0
2025-10-17T13:45:00,975.2511301723325,975.2511301723325,0
2025-10-17T14:00:00,975.2511301723325,975.2511301723325,0
2025-10-17T14:15:00,975.2511301723325,975.2511301723325,0
2025-10-17T14:30:00,975.2511301723325,975.2511301723325,0
2025-10-17T14:45:00,975.2511301723325,975.2511301723325,0
2025-10-17T15:00:00,975.2511301723325,975.2511301723325,0
2025-10-17T15:15:00,975.2511301723325,975.2511301723325,0
2025-10-17T15:30:00,975.2511301723325,975.2511301723325,0
2025-10-17T15:45:00,975.2511301723325,975.2511301723325,0
2025-10-17T16:00:00,975.2511301723325,975.2511301723325,0
2025-10-17T16:15:00,975.2511301723325,975.2511301723325,0
2025-10-17T16:30:00,975.2511301723325,975.2511301723325,0
2025-10-17T16:45:00,975.2511301723325,975.2511301723325,0
2025-10-17T17:00:00,975.2511301723325,975.2511301723325,0
2025-10-17T17:15:00,975.2511301723325,975.2511301723325,0
2025-10-17T17:30:00,975.2511301723325,975.2511301723325,0
2025-10-17T17:45:00,975.2511301723325,975.2511301723325,0
2025-10-17T18:00:00,975.2511301723325,975.2511301723325,0
2025-10-17T18:15:00,975.2511301723325,975.2511301723325,0
2025-10-17T18:30:00,975.2511301723325,975.2511301723325,0
2025-10-17T18:45:00,975.2511301723325,975.2511301723325,0
2025-10-17T19:00:00,975.2511301723325,975.2511301723325,0
2025-10-17T19:15:00,975.2511301723325,975.2511301723325,0
2025-10-17T19:30:00,975.2511301723325,975.2511301723325,0
2025-10-17T19:45:00,975.2511301723325,975.2511301723325,0
2025-10-17T20:00:00,975.2511301723325,975.2511301723325,0
2025-10-17T20:15:00,975.2511301723325,975.2511301723325,0
2025-10-17T20:30:00,975.2511301723325,975.2511301723325,0
2025-10-17T20:45:00,975.2511301723325,975.2511301723325,0
2025-10-17T21:00:00,975.2511301723325,975.2511301723325,0
2025-10-17T21:15:00,975.2511301723325,975.2511301723325,0
2025-10-17T21:30:00,975.2511301723325,975.2511301723325,0
2025-10-17T21:45:00,975.2511301723325,975.2511301723325,0
2025-10-17T22:00:00,975.2511301723325,975.2511301723325,0
2025-10-17T22:15:00,975.2511301723325,975.2511301723325,0
2025-10-17T22:30:00,975.2511301723325,975.2511301723325,0
2025-10-17T22:45:00,975.2511301723325,975.2511301723325,0
2025-10-17T23:00:00,975.2511301723325,975.2511301723325,0
2025-10-17T23:15:00,975.2511301723325,975.2511301723325,0
2025-10-17T23:30:00,975.2511301723325,975.2511301723325,0
2025-10-17T23:45:00,975.2511301723325,975.2511301723325,0
2025-10-18T00:00:00,975.2511301723325,975.2511301723325,0
2025-10-18T00:15:00,975.2511301723325,975.2511301723325,0
2025-10-18T00:30:00,975.2511301723325,975.2511301723325,0
2025-10-18T00:45:00,975.2511301723325,975.2511301723325,0
2025-10-18T01:00:00,975.2511301723325,975.2511301723325,0
2025-10-18T01:15:00,975.2511301723325,975.2511301723325,0
2025-10-18T01:30:00,975.2511301723325,975.2511301723325,0
2025-10-18T01:45:00,975.2511301723325,975.2511301723325,0
2025-10-18T02:00:00,975.2511301723325,975.2511301723325,0
2025-10-18T02:15:00,975.2511301723325,975.2511301723325,0
2025-10-18T02:30:00,975.2511301723325,975.2511301723325,0
2025-10-18T02:45:00,975.2511301723325,975.2511301723325,0
2025-10-18T03:00:00,975.2511301723325,975.2511301723325,0
2025-10-18T03:15:00,975.2511301723325,975.2511301723325,0
2025-10-18T03:30:00,975.2511301723325,975.2511301723325,0
2025-10-18T03:45:00,975.2511301723325,975.2511301723325,0
2025-10-18T04:00:00,975.2511301723325,975.2511301723325,0
2025-10-18T04:15:00,975.2511301723325,975.2511301723325,0
2025-10-18T04:30:00,975.2511301723325,975.2511301723325,0
2025-10-18T04:45:00,975.2511301723325,975.2511301723325,0
2025-10-18T05:00:00,975.2511301723325,975.2511301723325,0
2025-10-18T05:15:00,975.2511301723325,975.2511301723325,0
2025-10-18T05:30:00,975.2511301723325,975.2511301723325,0
2025-10-18T05:45:00,975.2511301723325,975.2511301723325,0
2025-10-18T06:00:00,975.2511301723325,975.2511301723325,0
