timestamp,equity,cash,open_positions
2025-12-17T06:00:00,1000.0,1000.0,0
2025-12-17T06:15:00,1000.0,1000.0,0
2025-12-17T06:30:00,1000.0,1000.0,0
2025-12-17T06:45:00,1000.0,1000.0,0
2025-12-17T07:00:00,1000.0,1000.0,0
2025-12-17T07:15:00,1000.0,1000.0,0
2025-12-17T07:30:00,1000.0,1000.0,0
2025-12-17T07:45:00,1000.0,1000.0,0
2025-12-17T08:00:00,1000.0,1000.0,0
2025-12-17T08:15:00,1000.0,1000.0,0
2025-12-17T08:30:00,1000.0,1000.0,0
2025-12-17T08:45:00,1000.0,1000.0,0
2025-12-17T09:00:00,1000.0,1000.0,0
2025-12-17T09:15:00,1000.0,1000.0,0
2025-12-17T09:30:00,1000.0,1000.0,0
2025-12-17T09:45:00,1000.0,1000.0,0
2025-12-17T10:00:00,1000.0,1000.0,0
2025-12-17T10:15:00,1000.0,1000.0,0
2025-12-17T10:30:00,1000.0,1000.0,0
2025-12-17T10:45:00,1000.0,1000.0,0
2025-12-17T11:00:00,1000.0,1000.0,0
2025-12-17T11:15:00,1000.0,1000.0,0
2025-12-17T11:30:00,1000.0,1000.0,0
2025-12-17T11:45:00,1000.0,1000.0,0
2025-12-17T12:00:00,1000.0,1000.0,0
2025-12-17T12:15:00,1000.0,1000.0,0
2025-12-17T12:30:00,1000.0,1000.0,0
2025-12-17T12:45:00,1000.0,1000.0,0
2025-12-17T13:00:00,1000.0,1000.0,0
2025-12-17T13:15:00,1000.0,1000.0,0
2025-12-17T13:30:00,1000.0,1000.0,0
2025-12-17T13:45:00,1000.0,1000.0,0
2025-12-17T14:00:00,1000.0,1000.0,0
2025-12-17T14:15:00,1000.0,1000.0,0
2025-12-17T14:30:00,1000.0,1000.0,0
2025-12-17T14:45:00,1000.0,1000.0,0
2025-12-17T15:00:00,1000.0,1000.0,0
2025-12-17T15:15:00,1000.0,1000.0,0
2025-12-17T15:30:00,1000.0,1000.0,0
2025-12-17T15:45:00,1000.0,1000.0,0
2025-12-17T16:00:00,1000.0,1000.0,0
2025-12-17T16:15:00,1000.0,1000.0,0
2025-12-17T16:30:00,1000.0,1000.0,0
2025-12-17T16:45:00,1000.0,1000.0,0
2025-12-17T17:00:00,1000.0,1000.0,0
2025-12-17T17:15:00,1000.0,1000.0,0
2025-12-17T17:30:00,1000.0,1000.0,0
2025-12-17T17:45:00,1000.0,1000.0,0
2025-12-17T18:00:00,1000.0,1000.0,0
2025-12-17T18:15:00,1000.0,1000.0,0
2025-12-17T18:30:00,1000.0,1000.0,0
2025-12-17T18:45:00,1000.0,1000.0,0
2025-12-17T19:00:00,1000.0,1000.0,0
2025-12-17T19:15:00,1000.0,1000.0,0
2025-12-17T19:30:00,1000.0,1000.0,0
2025-12-17T19:45:00,1000.0,1000.0,0
2025-12-17T20:00:00,1000.0,1000.0,0
2025-12-17T20:15:00,1000.0,1000.0,0
2025-12-17T20:30:00,1000.0,1000.0,0
2025-12-17T20:45:00,1000.0,1000.0,0
2025-12-17T21:00:00,1000.0,1000.0,0
2025-12-17T21:15:00,1000.0,1000.0,0
2025-12-17T21:30:00,1000.0,1000.0,0
2025-12-17T21:45:00,1000.0,1000.0,0
2025-12-17T22:00:00,1000.0,1000.0,0
2025-12-17T22:15:00,1000.0,1000.0,0
2025-12-17T22:30:00,1000.0,1000.0,0
2025-12-17T22:45:00,1000.0,1000.0,0
2025-12-17T23:00:00,1000.0,1000.0,0
2025-12-17T23:15:00,1000.0,1000.0,0
2025-12-17T23:30:00,1000.0,1000.0,0
2025-12-17T23:45:00,1000.0,1000.0,0
2025-12-18T00:00:00,1000.0,1000.0,0
2025-12-18T00:15:00,1000.0,1000.0,0
2025-12-18T00:30:00,1000.0,1000.0,0
2025-12-18T00:45:00,1000.0,1000.0,0
2025-12-18T01:00:00,1000.0,1000.0,0
2025-12-18T01:15:00,1000.0,1000.0,0
2025-12-18T01:30:00,1000.0,1000.0,0
2025-12-18T01:45:00,1000.0,1000.0,0
2025-12-18T02:00:00,1000.0,1000.0,0
2025-12-18T02:15:00,1000.0,1000.0,0
2025-12-18T02:30:00,1000.0,1000.0,0
2025-12-18T02:45:00,1000.0,1000.0,0
2025-12-18T03:00:00,1000.0,1000.0,0
2025-12-18T03:15:00,1000.0,1000.0,0
2025-12-18T03:30:00,1000.0,1000.0,0
2025-12-18T03:45:00,1000.0,1000.0,0
2025-12-18T04:00:00,1000.0,1000.0,0
2025-12-18T04:15:00,1000.0,1000.0,0
2025-12-18T04:30:00,1000.0,1000.0,0
2025-12-18T04:45:00,1000.0,1000.0,0
2025-12-18T05:00:00,1000.0,1000.0,0
2025-12-18T05:15:00,1000.0,1000.0,0
2025-12-18T05:30:00,1000.0,1000.0,0
2025-12-18T05:45:00,1000.0,1000.0,0
2025-12-18T06:00:00,1000.0,1000.0,0
2025-12-18T06:15:00,1000.0,1000.0,0
2025-12-18T06:30:00,1000.0,1000.0,0
2025-12-18T06:45:00,1000.0,1000.0,0
2025-12-18T07:00:00,1000.0,1000.0,0
2025-12-18T07:15:00,1000.0,1000.0,0
2025-12-18T07:30:00,1000.0,1000.0,0
2025-12-18T07:45:00,1000.0,1000.0,0
2025-12-18T08:00:00,1000.0,1000.0,0
2025-12-18T08:15:00,1000.0,1000.0,0
2025-12-18T08:30:00,1000.0,1000.0,0
2025-12-18T08:45:00,1000.0,1000.0,0
2025-12-18T09:00:00,1000.0,1000.0,0
2025-12-18T09:15:00,1000.0,1000.0,0
2025-12-18T09:30:00,1000.0,1000.0,0
2025-12-18T09:45:00,1000.0,1000.0,0
2025-12-18T10:00:00,1000.0,1000.0,0
2025-12-18T10:15:00,1000.0,1000.0,0
2025-12-18T10:30:00,1000.0,1000.0,0
2025-12-18T10:45:00,1000.0,1000.0,0
2025-12-18T11:00:00,1000.0,1000.0,0
2025-12-18T11:15:00,1000.0,1000.0,0
2025-12-18T11:30:00,1000.0,1000.0,0
2025-12-18T11:45:00,1000.0,1000.0,0
2025-12-18T12:00:00,1000.0,1000.0,0
2025-12-18T12:15:00,1000.0,1000.0,0
2025-12-18T12:30:00,1000.0,1000.0,0
2025-12-18T12:45:00,1000.0,1000.0,0
2025-12-18T13:00:00,1000.0,1000.0,0
2025-12-18T13:15:00,1000.0,1000.0,0
2025-12-18T13:30:00,1000.0,1000.0,0
2025-12-18T13:45:00,1000.0,1000.0,0
2025-12-18T14:00:00,1000.0,1000.0,0
2025-12-18T14:15:00,1000.0,1000.0,0
2025-12-18T14:30:00,1000.0,1000.0,0
2025-12-18T14:45:00,1000.0,1000.0,0
2025-12-18T15:00:00,1000.0,1000.0,0
2025-12-18T15:15:00,1000.0,1000.0,0
2025-12-18T15:30:00,1000.0,1000.0,0
2025-12-18T15:45:00,1000.0,1000.0,0
2025-12-18T16:00:00,1000.0,1000.0,0
2025-12-18T16:15:00,1000.0,1000.0,0
2025-12-18T16:30:00,1000.0,1000.0,0
2025-12-18T16:45:00,1000.0,1000.0,0
2025-12-18T17:00:00,1000.0,1000.0,0
2025-12-18T17:15:00,1000.0,1000.0,0
2025-12-18T17:30:00,1000.0,1000.0,0
2025-12-18T17:45:00,1000.0,1000.0,0
2025-12-18T18:00:00,1000.0,1000.0,0
2025-12-18T18:15:00,1000.0,1000.0,0
2025-12-18T18:30:00,1000.0,1000.0,0
2025-12-18T18:45:00,1000.0,1000.0,0
2025-12-18T19:00:00,1000.0,1000.0,0
2025-12-18T19:15:00,1000.0,1000.0,0
2025-12-18T19:30:00,1000.0,1000.0,0
2025-12-18T19:45:00,1000.0,1000.0,0
2025-12-18T20:00:00,1000.0,1000.0,0
2025-12-18T20:15:00,1000.0,1000.0,0
2025-12-18T20:30:00,1000.0,1000.0,0
2025-12-18T20:45:00,1000.0,1000.0,0
2025-12-18T21:00:00,1000.0,1000.0,0
2025-12-18T21:15:00,1000.0,1000.0,0
2025-12-18T21:30:00,1000.0,1000.0,0
2025-12-18T21:45:00,1000.0,1000.0,0
2025-12-18T22:00:00,1000.0,1000.0,0
2025-12-18T22:15:00,1000.0,1000.0,0
2025-12-18T22:30:00,1000.0,1000.0,0
2025-12-18T22:45:00,1000.0,1000.0,0
2025-12-18T23:00:00,1000.0,1000.0,0
2025-12-18T23:15:00,1000.0,1000.0,0
2025-12-18T23:30:00,1000.0,1000.0,0
2025-12-18T23:45:00,1000.0,1000.0,0
2025-12-19T00:00:00,1000.0,1000.0,0
2025-12-19T00:15:00,1000.0,1000.0,0
2025-12-19T00:30:00,1000.0,1000.0,0
2025-12-19T00:45:00,1000.0,1000.0,0
2025-12-19T01:00:00,1000.0,1000.0,0
2025-12-19T01:15:00,1000.0,1000.0,0
2025-12-19T01:30:00,1000.0,1000.0,0
2025-12-19T01:45:00,1000.0,1000.0,0
2025-12-19T02:00:00,1000.0,1000.0,0
2025-12-19T02:15:00,1000.0,1000.0,0
2025-12-19T02:30:00,1000.0,1000.0,0
2025-12-19T02:45:00,1000.0,1000.0,0
2025-12-19T03:00:00,1000.0,1000.0,0
2025-12-19T03:15:00,1000.0,1000.0,0
2025-12-19T03:30:00,1000.0,1000.0,0
2025-12-19T03:45:00,1000.0,1000.0,0
2025-12-19T04:00:00,1000.0,1000.0,0
2025-12-19T04:15:00,1000.0,1000.0,0
2025-12-19T04:30:00,1000.0,1000.0,0
2025-12-19T04:45:00,1000.0,1000.0,0
2025-12-19T05:00:00,1000.0,1000.0,0
2025-12-19T05:15:00,1000.0,1000.0,0
2025-12-19T05:30:00,1000.0,1000.0,0
2025-12-19T05:45:00,1000.0,1000.0,0
2025-12-19T06:00:00,1000.0,1000.0,0
2025-12-19T06:15:00,1000.0,1000.0,0
2025-12-19T06:30:00,1000.0,1000.0,0
2025-12-19T06:45:00,1000.0,1000.0,0
2025-12-19T07:00:00,1000.0,1000.0,0
2025-12-19T07:15:00,1000.0,1000.0,0
2025-12-19T07:30:00,1000.0,1000.0,0
2025-12-19T07:45:00,1000.0,1000.0,0
2025-12-19T08:00:00,1000.0,1000.0,0
2025-12-19T08:15:00,1000.0,1000.0,0
2025-12-19T08:30:00,1000.0,1000.0,0
2025-12-19T08:45:00,1000.0,1000.0,0
2025-12-19T09:00:00,1000.0,1000.0,0
2025-12-19T09:15:00,1000.0,1000.0,0
2025-12-19T09:30:00,1000.0,1000.0,0
2025-12-19T09:45:00,1000.0,1000.0,0
2025-12-19T10:00:00,1000.0,1000.0,0
2025-12-19T10:15:00,1000.0,1000.0,0
2025-12-19T10:30:00,1000.0,1000.0,0
2025-12-19T10:45:00,1000.0,1000.0,0
2025-12-19T11:00:00,1000.0,1000.0,0
2025-12-19T11:15:00,1000.0,1000.0,0
2025-12-19T11:30:00,1000.0,1000.0,0
2025-12-19T11:45:00,1000.0,1000.0,0
2025-12-19T12:00:00,1000.0,1000.0,0
2025-12-19T12:15:00,1000.0,1000.0,0
2025-12-19T12:30:00,1000.0,1000.0,0
2025-12-19T12:45:00,1000.0,1000.0,0
2025-12-19T13:00:00,1000.0,1000.0,0
2025-12-19T13:15:00,1000.0,1000.0,0
2025-12-19T13:30:00,1000.0,1000.0,0
2025-12-19T13:45:00,1000.0,1000.0,0
2025-12-19T14:00:00,1000.0,1000.0,0
2025-12-19T14:15:00,1000.0,1000.0,0
2025-12-19T14:30:00,1000.0,1000.0,0
2025-12-19T14:45:00,1000.0,1000.0,0
2025-12-19T15:00:00,1000.0,1000.0,0
2025-12-19T15:15:00,1000.0,1000.0,0
2025-12-19T15:30:00,1000.0,1000.0,0
2025-12-19T15:45:00,1000.0,1000.0,0
2025-12-19T16:00:00,1000.0,1000.0,0
2025-12-19T16:15:00,1000.0,1000.0,0
2025-12-19T16:30:00,1000.0,1000.0,0
2025-12-19T16:45:00,1000.0,1000.0,0
2025-12-19T17:00:00,1000.0,1000.0,0
2025-12-19T17:15:00,1000.0,1000.0,0
2025-12-19T17:30:00,1000.0,1000.0,0
2025-12-19T17:45:00,1000.0,1000.0,0
2025-12-19T18:00:00,1000.0,1000.0,0
2025-12-19T18:15:00,1000.0,1000.0,0
2025-12-19T18:30:00,1000.0,1000.0,0
2025-12-19T18:45:00,1000.0,1000.0,0
2025-12-19T19:00:00,1000.0,1000.0,0
2025-12-19T19:15:00,1000.0,1000.0,0
2025-12-19T19:30:00,1000.0,1000.0,0
2025-12-19T19:45:00,1000.0,1000.0,0
2025-12-19T20:00:00,1000.0,1000.0,0
2025-12-19T20:15:00,1000.0,1000.0,0
2025-12-19T20:30:00,1000.0,1000.0,0
2025-12-19T20:45:00,1000.0,1000.0,0
2025-12-19T21:00:00,1000.0,1000.0,0
2025-12-19T21:15:00,1000.0,1000.0,0
2025-12-19T21:30:00,1000.0,1000.0,0
2025-12-19T21:45:00,1000.0,1000.0,0
2025-12-19T22:00:00,1000.0,1000.0,0
2025-12-19T22:15:00,1000.0,1000.0,0
2025-12-19T22:30:00,1000.0,1000.0,0
2025-12-19T22:45:00,1000.0,1000.0,0
2025-12-19T23:00:00,1000.0,1000.0,0
2025-12-19T23:15:00,1000.0,1000.0,0
2025-12-19T23:30:00,1000.0,1000.0,0
2025-12-19T23:45:00,1000.0,1000.0,0
2025-12-20T00:00:00,1000.0,1000.0,0
2025-12-20T00:15:00,1000.0,1000.0,0
2025-12-20T00:30:00,1000.0,1000.0,0
2025-12-20T00:45:00,1000.0,1000.0,0
2025-12-20T01:00:00,1000.0,1000.0,0
2025-12-20T01:15:00,1000.0,1000.0,0
2025-12-20T01:30:00,1000.0,1000.0,0
2025-12-20T01:45:00,1000.0,1000.0,0
2025-12-20T02:00:00,1000.0,1000.0,0
2025-12-20T02:15:00,1000.0,1000.0,0
2025-12-20T02:30:00,1000.0,1000.0,0
2025-12-20T02:45:00,1000.0,1000.0,0
2025-12-20T03:00:00,1000.0,1000.0,0
2025-12-20T03:15:00,1000.0,1000.0,0
2025-12-20T03:30:00,1000.0,1000.0,0
2025-12-20T03:45:00,1000.0,1000.0,0
2025-12-20T04:00:00,1000.0,1000.0,0
2025-12-20T04:15:00,1000.0,1000.0,0
2025-12-20T04:30:00,1000.0,1000.0,0
2025-12-20T04:45:00,1000.0,1000.0,0
2025-12-20T05:00:00,1000.0,1000.0,0
2025-12-20T05:15:00,1000.0,1000.0,0
2025-12-20T05:30:00,1000.0,1000.0,0
2025-12-20T05:45:00,1000.0,1000.0,0
2025-12-20T06:00:00,1000.0,1000.0,0
2025-12-20T06:15:00,1000.0,1000.0,0
2025-12-20T06:30:00,1000.0,1000.0,0
2025-12-20T06:45:00,1000.0,1000.0,0
2025-12-20T07:00:00,1000.0,1000.0,0
2025-12-20T07:15:00,1000.0,1000.0,0
2025-12-20T07:30:00,1000.0,1000.0,0
2025-12-20T07:45:00,1000.0,1000.0,0
2025-12-20T08:00:00,1000.0,1000.0,0
2025-12-20T08:15:00,1000.0,1000.0,0
2025-12-20T08:30:00,1000.0,1000.0,0
2025-12-20T08:45:00,1000.0,1000.0,0
2025-12-20T09:00:00,1000.0,1000.0,0
2025-12-20T09:15:00,1000.0,1000.0,0
2025-12-20T09:30:00,1000.0,1000.0,0
2025-12-20T09:45:00,1000.0,1000.0,0
2025-12-20T10:00:00,1000.0,1000.0,0
2025-12-20T10:15:00,1000.0,1000.0,0
2025-12-20T10:30:00,1000.0,1000.0,0
2025-12-20T10:45:00,1000.0,1000.0,0
2025-12-20T11:00:00,1000.0,1000.0,0
2025-12-20T11:15:00,1000.0,1000.0,0
2025-12-20T11:30:00,1000.0,1000.0,0
2025-12-20T11:45:00,1000.0,1000.0,0
2025-12-20T12:00:00,1000.0,1000.0,0
2025-12-20T12:15:00,1000.0,1000.0,0
2025-12-20T12:30:00,1000.0,1000.0,0
2025-12-20T12:45:00,1000.0,1000.0,0
2025-12-20T13:00:00,1000.0,1000.0,0
2025-12-20T13:15:00,1000.0,1000.0,0
2025-12-20T13:30:00,1000.0,1000.0,0
2025-12-20T13:45:00,1000.0,1000.0,0
2025-12-20T14:00:00,1000.0,1000.0,0
2025-12-20T14:15:00,1000.0,1000.0,0
2025-12-20T14:30:00,1000.0,1000.0,0
2025-12-20T14:45:00,1000.0,1000.0,0
2025-12-20T15:00:00,1000.0,1000.0,0
2025-12-20T15:15:00,1000.0,1000.0,0
2025-12-20T15:30:00,1000.0,1000.0,0
2025-12-20T15:45:00,1000.0,1000.0,0
2025-12-20T16:00:00,1000.0,1000.0,0
2025-12-20T16:15:00,1000.0,1000.0,0
2025-12-20T16:30:00,1000.0,1000.0,0
2025-12-20T16:45:00,1000.0,1000.0,0
2025-12-20T17:00:00,1000.0,1000.0,0
2025-12-20T17:15:00,1000.0,1000.0,0
2025-12-20T17:30:00,1000.0,1000.0,0
2025-12-20T17:45:00,1000.0,1000.0,0
2025-12-20T18:00:00,1000.0,1000.0,0
2025-12-20T18:15:00,1000.0,1000.0,0
2025-12-20T18:30:00,1000.0,1000.0,0
2025-12-20T18:45:00,1000.0,1000.0,0
2025-12-20T19:00:00,1000.0,1000.0,0
2025-12-20T19:15:00,1000.0,1000.0,0
2025-12-20T19:30:00,1000.0,1000.0,0
2025-12-20T19:45:00,1000.0,1000.0,0
2025-12-20T20:00:00,1000.0,1000.0,0
2025-12-20T20:15:00,1000.0,1000.0,0
2025-12-20T20:30:00,999.0890783824264,879.808,1
2025-12-20T20:45:00,999.4088562091484,879.808,1
2025-12-20T21:00:00,999.251377681416,879.808,1
2025-12-20T21:15:00,999.069795297398,879.808,1
2025-12-20T21:30:00,999.1003268486929,879.808,1
2025-12-20T21:45:00,998.1110419874112,998.1110419874112,0
2025-12-20T22:00:00,998.1110419874112,998.1110419874112,0
2025-12-20T22:15:00,998.1110419874112,998.1110419874112,0
2025-12-20T22:30:00,998.1110419874112,998.1110419874112,0
2025-12-20T22:45:00,998.1110419874112,998.1110419874112,0
2025-12-20T23:00:00,998.1110419874112,998.1110419874112,0
2025-12-20T23:15:00,998.1110419874112,998.1110419874112,0
2025-12-20T23:30:00,998.1110419874112,998.1110419874112,0
2025-12-20T23:45:00,998.1110419874112,998.1110419874112,0
2025-12-21T00:00:00,998.1110419874112,998.1110419874112,0
2025-12-21T00:15:00,998.1110419874112,998.1110419874112,0
2025-12-21T00:30:00,998.1110419874112,998.1110419874112,0
2025-12-21T00:45:00,998.1110419874112,998.1110419874112,0
2025-12-21T01:00:00,998.1110419874112,998.1110419874112,0
2025-12-21T01:15:00,998.1110419874112,998.1110419874112,0
2025-12-21T01:30:00,998.1110419874112,998.1110419874112,0
2025-12-21T01:45:00,998.1110419874112,998.1110419874112,0
2025-12-21T02:00:00,998.1110419874112,998.1110419874112,0
2025-12-21T02:15:00,998.1110419874112,998.1110419874112,0
2025-12-21T02:30:00,998.1110419874112,998.1110419874112,0
2025-12-21T02:45:00,998.1110419874112,998.1110419874112,0
2025-12-21T03:00:00,998.1110419874112,998.1110419874112,0
2025-12-21T03:15:00,998.1110419874112,998.1110419874112,0
2025-12-21T03:30:00,998.1110419874112,998.1110419874112,0
2025-12-21T03:45:00,998.1110419874112,998.1110419874112,0
2025-12-21T04:00:00,998.1110419874112,998.1110419874112,0
2025-12-21T04:15:00,998.1110419874112,998.1110419874112,0
2025-12-21T04:30:00,998.1110419874112,998.1110419874112,0
2025-12-21T04:45:00,998.1110419874112,998.1110419874112,0
2025-12-21T05:00:00,998.1110419874112,998.1110419874112,0
2025-12-21T05:15:00,998.1110419874112,998.1110419874112,0
2025-12-21T05:30:00,998.1110419874112,998.1110419874112,0
2025-12-21T05:45:00,998.1110419874112,998.1110419874112,0
2025-12-21T06:00:00,998.1110419874112,998.1110419874112,0
2025-12-21T06:15:00,998.1110419874112,998.1110419874112,0
2025-12-21T06:30:00,998.1110419874112,998.1110419874112,0
2025-12-21T06:45:00,998.1110419874112,998.1110419874112,0
2025-12-21T07:00:00,998.1110419874112,998.1110419874112,0
2025-12-21T07:15:00,998.1110419874112,998.1110419874112,0
2025-12-21T07:30:00,998.1110419874112,998.1110419874112,0
2025-12-21T07:45:00,998.1110419874112,998.1110419874112,0
2025-12-21T08:00:00,998.1110419874112,998.1110419874112,0
2025-12-21T08:15:00,998.1110419874112,998.1110419874112,0
2025-12-21T08:30:00,998.1110419874112,998.1110419874112,0
2025-12-21T08:45:00,998.1110419874112,998.1110419874112,0
2025-12-21T09:00:00,998.1110419874112,998.1110419874112,0
2025-12-21T09:15:00,998.1110419874112,998.1110419874112,0
2025-12-21T09:30:00,997.2018410625259,878.1460796288603,1
2025-12-21T09:45:00,998.1096717874891,878.1460796288603,1
2025-12-21T10:00:00,997.8799220082366,878.1460796288603,1
2025-12-21T10:15:00,997.7889793872824,878.1460796288603,1
2025-12-21T10:30:00,997.2848062605893,878.1460796288603,1
2025-12-21T10:45:00,996.9577319220701,878.1460796288603,1
2025-12-21T11:00:00,996.6513988830667,878.1460796288603,1
2025-12-21T11:15:00,997.2050320316822,878.1460796288603,1
2025-12-21T11:30:00,996.533375945053,996.533375945053,0
2025-12-21T11:45:00,996.533375945053,996.533375945053,0
2025-12-21T12:00:00,996.533375945053,996.533375945053,0
2025-12-21T12:15:00,996.533375945053,996.533375945053,0
2025-12-21T12:30:00,996.533375945053,996.533375945053,0
2025-12-21T12:45:00,996.533375945053,996.533375945053,0
2025-12-21T13:00:00,996.533375945053,996.533375945053,0
2025-12-21T13:15:00,996.533375945053,996.533375945053,0
2025-12-21T13:30:00,996.533375945053,996.533375945053,0
2025-12-21T13:45:00,996.533375945053,996.533375945053,0
2025-12-21T14:00:00,996.533375945053,996.533375945053,0
2025-12-21T14:15:00,996.533375945053,996.533375945053,0
2025-12-21T14:30:00,996.533375945053,996.533375945053,0
2025-12-21T14:45:00,996.533375945053,996.533375945053,0
2025-12-21T15:00:00,996.533375945053,996.533375945053,0
2025-12-21T15:15:00,996.533375945053,996.533375945053,0
2025-12-21T15:30:00,996.533375945053,996.533375945053,0
2025-12-21T15:45:00,996.533375945053,996.533375945053,0
2025-12-21T16:00:00,996.533375945053,996.533375945053,0
2025-12-21T16:15:00,996.533375945053,996.533375945053,0
2025-12-21T16:30:00,996.533375945053,996.533375945053,0
2025-12-21T16:45:00,996.533375945053,996.533375945053,0
2025-12-21T17:00:00,996.533375945053,996.533375945053,0
2025-12-21T17:15:00,996.533375945053,996.533375945053,0
2025-12-21T17:30:00,996.533375945053,996.533375945053,0
2025-12-21T17:45:00,996.533375945053,996.533375945053,0
2025-12-21T18:00:00,996.533375945053,996.533375945053,0
2025-12-21T18:15:00,996.533375945053,996.533375945053,0
2025-12-21T18:30:00,996.533375945053,996.533375945053,0
2025-12-21T18:45:00,996.533375945053,996.533375945053,0
2025-12-21T19:00:00,996.533375945053,996.533375945053,0
2025-12-21T19:15:00,996.533375945053,996.533375945053,0
2025-12-21T19:30:00,996.533375945053,996.533375945053,0
2025-12-21T19:45:00,996.533375945053,996.533375945053,0
2025-12-21T20:00:00,996.533375945053,996.533375945053,0
2025-12-21T20:15:00,996.533375945053,996.533375945053,0
2025-12-21T20:30:00,996.533375945053,996.533375945053,0
2025-12-21T20:45:00,996.533375945053,996.533375945053,0
2025-12-21T21:00:00,996.533375945053,996.533375945053,0
2025-12-21T21:15:00,996.533375945053,996.533375945053,0
2025-12-21T21:30:00,996.533375945053,996.533375945053,0
2025-12-21T21:45:00,996.533375945053,996.533375945053,0
2025-12-21T22:00:00,996.533375945053,996.533375945053,0
2025-12-21T22:15:00,996.533375945053,996.533375945053,0
2025-12-21T22:30:00,996.533375945053,996.533375945053,0
2025-12-21T22:45:00,996.533375945053,996.533375945053,0
2025-12-21T23:00:00,996.533375945053,996.533375945053,0
2025-12-21T23:15:00,996.533375945053,996.533375945053,0
2025-12-21T23:30:00,996.533375945053,996.533375945053,0
2025-12-21T23:45:00,996.533375945053,996.533375945053,0
2025-12-22T00:00:00,995.6256121502711,876.7580364234652,1
2025-12-22T00:15:00,993.1384021705222,876.7580364234652,1
2025-12-22T00:30:00,993.6590539443409,876.7580364234652,1
2025-12-22T00:45:00,991.9857544182427,876.7580364234652,1
2025-12-22T01:00:00,993.1823125610853,876.7580364234652,1
2025-12-22T01:15:00,993.9632902218134,876.7580364234652,1
2025-12-22T01:30:00,994.9591151506536,876.7580364234652,1
2025-12-22T01:45:00,991.4196240256265,876.7580364234652,1
2025-12-22T02:00:00,987.1606794430381,987.1606794430381,0
2025-12-22T02:15:00,987.1606794430381,987.1606794430381,0
2025-12-22T02:30:00,987.1606794430381,987.1606794430381,0
2025-12-22T02:45:00,987.1606794430381,987.1606794430381,0
2025-12-22T03:00:00,987.1606794430381,987.1606794430381,0
2025-12-22T03:15:00,987.1606794430381,987.1606794430381,0
2025-12-22T03:30:00,987.1606794430381,987.1606794430381,0
2025-12-22T03:45:00,987.1606794430381,987.1606794430381,0
2025-12-22T04:00:00,987.1606794430381,987.1606794430381,0
2025-12-22T04:15:00,987.1606794430381,987.1606794430381,0
2025-12-22T04:30:00,987.1606794430381,987.1606794430381,0
2025-12-22T04:45:00,987.1606794430381,987.1606794430381,0
2025-12-22T05:00:00,987.1606794430381,987.1606794430381,0
2025-12-22T05:15:00,987.1606794430381,987.1606794430381,0
2025-12-22T05:30:00,987.1606794430381,987.1606794430381,0
2025-12-22T05:45:00,987.1606794430381,987.1606794430381,0
2025-12-22T06:00:00,987.1606794430381,987.1606794430381,0
2025-12-22T06:15:00,987.1606794430381,987.1606794430381,0
2025-12-22T06:30:00,987.1606794430381,987.1606794430381,0
2025-12-22T06:45:00,987.1606794430381,987.1606794430381,0
2025-12-22T07:00:00,987.1606794430381,987.1606794430381,0
2025-12-22T07:15:00,987.1606794430381,987.1606794430381,0
2025-12-22T07:30:00,987.1606794430381,987.1606794430381,0
2025-12-22T07:45:00,987.1606794430381,987.1606794430381,0
2025-12-22T08:00:00,987.1606794430381,987.1606794430381,0
2025-12-22T08:15:00,986.2614534401148,868.5118630594205,1
2025-12-22T08:30:00,984.9216806221002,868.5118630594205,1
2025-12-22T08:45:00,982.2726181240046,982.2726181240046,0
2025-12-22T09:00:00,982.2726181240046,982.2726181240046,0
2025-12-22T09:15:00,982.2726181240046,982.2726181240046,0
2025-12-22T09:30:00,982.2726181240046,982.2726181240046,0
2025-12-22T09:45:00,982.2726181240046,982.2726181240046,0
2025-12-22T10:00:00,982.2726181240046,982.2726181240046,0
2025-12-22T10:15:00,982.2726181240046,982.2726181240046,0
2025-12-22T10:30:00,982.2726181240046,982.2726181240046,0
2025-12-22T10:45:00,982.2726181240046,982.2726181240046,0
2025-12-22T11:00:00,982.2726181240046,982.2726181240046,0
2025-12-22T11:15:00,982.2726181240046,982.2726181240046,0
2025-12-22T11:30:00,982.2726181240046,982.2726181240046,0
2025-12-22T11:45:00,982.2726181240046,982.2726181240046,0
2025-12-22T12:00:00,982.2726181240046,982.2726181240046,0
2025-12-22T12:15:00,982.2726181240046,982.2726181240046,0
2025-12-22T12:30:00,982.2726181240046,982.2726181240046,0
2025-12-22T12:45:00,982.2726181240046,982.2726181240046,0
2025-12-22T13:00:00,982.2726181240046,982.2726181240046,0
2025-12-22T13:15:00,982.2726181240046,982.2726181240046,0
2025-12-22T13:30:00,982.2726181240046,982.2726181240046,0
2025-12-22T13:45:00,982.2726181240046,982.2726181240046,0
2025-12-22T14:00:00,982.2726181240046,982.2726181240046,0
2025-12-22T14:15:00,982.2726181240046,982.2726181240046,0
2025-12-22T14:30:00,982.2726181240046,982.2726181240046,0
2025-12-22T14:45:00,982.2726181240046,982.2726181240046,0
2025-12-22T15:00:00,982.2726181240046,982.2726181240046,0
2025-12-22T15:15:00,982.2726181240046,982.2726181240046,0
2025-12-22T15:30:00,982.2726181240046,982.2726181240046,0
2025-12-22T15:45:00,982.2726181240046,982.2726181240046,0
2025-12-22T16:00:00,982.2726181240046,982.2726181240046,0
2025-12-22T16:15:00,982.2726181240046,982.2726181240046,0
2025-12-22T16:30:00,982.2726181240046,982.2726181240046,0
2025-12-22T16:45:00,982.2726181240046,982.2726181240046,0
2025-12-22T17:00:00,982.2726181240046,982.2726181240046,0
2025-12-22T17:15:00,982.2726181240046,982.2726181240046,0
2025-12-22T17:30:00,982.2726181240046,982.2726181240046,0
2025-12-22T17:45:00,982.2726181240046,982.2726181240046,0
2025-12-22T18:00:00,982.2726181240046,982.2726181240046,0
2025-12-22T18:15:00,982.2726181240046,982.2726181240046,0
2025-12-22T18:30:00,982.2726181240046,982.2726181240046,0
2025-12-22T18:45:00,982.2726181240046,982.2726181240046,0
2025-12-22T19:00:00,982.2726181240046,982.2726181240046,0
2025-12-22T19:15:00,982.2726181240046,982.2726181240046,0
2025-12-22T19:30:00,982.2726181240046,982.2726181240046,0
2025-12-22T19:45:00,982.2726181240046,982.2726181240046,0
2025-12-22T20:00:00,981.3757230481757,864.2113076064442,1
2025-12-22T20:15:00,982.2350135496329,864.2113076064442,1
2025-12-22T20:30:00,981.2219385857377,864.2113076064442,1
2025-12-22T20:45:00,981.7086584823196,864.2113076064442,1
2025-12-22T21:00:00,980.0439813116,864.2113076064442,1
2025-12-22T21:15:00,979.0039544316076,864.2113076064442,1
2025-12-22T21:30:00,978.5394302306353,864.2113076064442,1
2025-12-22T21:45:00,979.3693829445506,979.3693829445506,0
2025-12-22T22:00:00,979.3693829445506,979.3693829445506,0
2025-12-22T22:15:00,979.3693829445506,979.3693829445506,0
2025-12-22T22:30:00,979.3693829445506,979.3693829445506,0
2025-12-22T22:45:00,979.3693829445506,979.3693829445506,0
2025-12-22T23:00:00,979.3693829445506,979.3693829445506,0
2025-12-22T23:15:00,979.3693829445506,979.3693829445506,0
2025-12-22T23:30:00,979.3693829445506,979.3693829445506,0
2025-12-22T23:45:00,979.3693829445506,979.3693829445506,0
2025-12-23T00:00:00,979.3693829445506,979.3693829445506,0
2025-12-23T00:15:00,979.3693829445506,979.3693829445506,0
2025-12-23T00:30:00,979.3693829445506,979.3693829445506,0
2025-12-23T00:45:00,979.3693829445506,979.3693829445506,0
2025-12-23T01:00:00,979.3693829445506,979.3693829445506,0
2025-12-23T01:15:00,979.3693829445506,979.3693829445506,0
2025-12-23T01:30:00,979.3693829445506,979.3693829445506,0
2025-12-23T01:45:00,979.3693829445506,979.3693829445506,0
2025-12-23T02:00:00,979.3693829445506,979.3693829445506,0
2025-12-23T02:15:00,979.3693829445506,979.3693829445506,0
2025-12-23T02:30:00,979.3693829445506,979.3693829445506,0
2025-12-23T02:45:00,979.3693829445506,979.3693829445506,0
2025-12-23T03:00:00,979.3693829445506,979.3693829445506,0
2025-12-23T03:15:00,979.3693829445506,979.3693829445506,0
2025-12-23T03:30:00,979.3693829445506,979.3693829445506,0
2025-12-23T03:45:00,979.3693829445506,979.3693829445506,0
2025-12-23T04:00:00,979.3693829445506,979.3693829445506,0
2025-12-23T04:15:00,979.3693829445506,979.3693829445506,0
2025-12-23T04:30:00,979.3693829445506,979.3693829445506,0
2025-12-23T04:45:00,979.3693829445506,979.3693829445506,0
2025-12-23T05:00:00,979.3693829445506,979.3693829445506,0
2025-12-23T05:15:00,979.3693829445506,979.3693829445506,0
2025-12-23T05:30:00,979.3693829445506,979.3693829445506,0
2025-12-23T05:45:00,979.3693829445506,979.3693829445506,0
2025-12-23T06:00:00,979.3693829445506,979.3693829445506,0
2025-12-23T06:15:00,978.4751387594098,861.6570180696792,1
2025-12-23T06:30:00,977.7466393412817,861.6570180696792,1
2025-12-23T06:45:00,977.4421680308607,861.6570180696792,1
2025-12-23T07:00:00,977.7227279818246,861.6570180696792,1
2025-12-23T07:15:00,976.5717945466201,861.6570180696792,1
2025-12-23T07:30:00,976.5717945466201,861.6570180696792,1
2025-12-23T07:45:00,976.648310896883,861.6570180696792,1
2025-12-23T08:00:00,976.05274206804,976.05274206804,0
2025-12-23T08:15:00,976.05274206804,976.05274206804,0
2025-12-23T08:30:00,976.05274206804,976.05274206804,0
2025-12-23T08:45:00,976.05274206804,976.05274206804,0
2025-12-23T09:00:00,976.05274206804,976.05274206804,0
2025-12-23T09:15:00,976.05274206804,976.05274206804,0
2025-12-23T09:30:00,976.05274206804,976.05274206804,0
2025-12-23T09:45:00,976.05274206804,976.05274206804,0
2025-12-23T10:00:00,976.05274206804,976.05274206804,0
2025-12-23T10:15:00,976.05274206804,976.05274206804,0
2025-12-23T10:30:00,976.05274206804,976.05274206804,0
2025-12-23T10:45:00,976.05274206804,976.05274206804,0
2025-12-23T11:00:00,976.05274206804,976.05274206804,0
2025-12-23T11:15:00,976.05274206804,976.05274206804,0
2025-12-23T11:30:00,976.05274206804,976.05274206804,0
2025-12-23T11:45:00,976.05274206804,976.05274206804,0
2025-12-23T12:00:00,976.05274206804,976.05274206804,0
2025-12-23T12:15:00,976.05274206804,976.05274206804,0
2025-12-23T12:30:00,976.05274206804,976.05274206804,0
2025-12-23T12:45:00,976.05274206804,976.05274206804,0
2025-12-23T13:00:00,976.05274206804,976.05274206804,0
2025-12-23T13:15:00,976.05274206804,976.05274206804,0
2025-12-23T13:30:00,976.05274206804,976.05274206804,0
2025-12-23T13:45:00,976.05274206804,976.05274206804,0
2025-12-23T14:00:00,976.05274206804,976.05274206804,0
2025-12-23T14:15:00,976.05274206804,976.05274206804,0
2025-12-23T14:30:00,976.05274206804,976.05274206804,0
2025-12-23T14:45:00,976.05274206804,976.05274206804,0
2025-12-23T15:00:00,976.05274206804,976.05274206804,0
2025-12-23T15:15:00,976.05274206804,976.05274206804,0
2025-12-23T15:30:00,976.05274206804,976.05274206804,0
2025-12-23T15:45:00,976.05274206804,976.05274206804,0
2025-12-23T16:00:00,976.05274206804,976.05274206804,0
2025-12-23T16:15:00,976.05274206804,976.05274206804,0
2025-12-23T16:30:00,976.05274206804,976.05274206804,0
2025-12-23T16:45:00,976.05274206804,976.05274206804,0
2025-12-23T17:00:00,976.05274206804,976.05274206804,0
2025-12-23T17:15:00,976.05274206804,976.05274206804,0
2025-12-23T17:30:00,976.05274206804,976.05274206804,0
2025-12-23T17:45:00,976.05274206804,976.05274206804,0
2025-12-23T18:00:00,976.05274206804,976.05274206804,0
2025-12-23T18:15:00,976.05274206804,976.05274206804,0
2025-12-23T18:30:00,976.05274206804,976.05274206804,0
2025-12-23T18:45:00,976.05274206804,976.05274206804,0
2025-12-23T19:00:00,976.05274206804,976.05274206804,0
2025-12-23T19:15:00,976.05274206804,976.05274206804,0
2025-12-23T19:30:00,976.05274206804,976.05274206804,0
2025-12-23T19:45:00,976.05274206804,976.05274206804,0
2025-12-23T20:00:00,976.05274206804,976.05274206804,0
2025-12-23T20:15:00,976.05274206804,976.05274206804,0
2025-12-23T20:30:00,976.05274206804,976.05274206804,0
2025-12-23T20:45:00,976.05274206804,976.05274206804,0
2025-12-23T21:00:00,976.05274206804,976.05274206804,0
2025-12-23T21:15:00,976.05274206804,976.05274206804,0
2025-12-23T21:30:00,976.05274206804,976.05274206804,0
2025-12-23T21:45:00,976.05274206804,976.05274206804,0
2025-12-23T22:00:00,976.05274206804,976.05274206804,0
2025-12-23T22:15:00,976.05274206804,976.05274206804,0
2025-12-23T22:30:00,976.05274206804,976.05274206804,0
2025-12-23T22:45:00,976.05274206804,976.05274206804,0
2025-12-23T23:00:00,976.05274206804,976.05274206804,0
2025-12-23T23:15:00,976.05274206804,976.05274206804,0
2025-12-23T23:30:00,976.05274206804,976.05274206804,0
2025-12-23T23:45:00,976.05274206804,976.05274206804,0
2025-12-24T00:00:00,976.05274206804,976.05274206804,0
2025-12-24T00:15:00,976.05274206804,976.05274206804,0
2025-12-24T00:30:00,976.05274206804,976.05274206804,0
2025-12-24T00:45:00,976.05274206804,976.05274206804,0
2025-12-24T01:00:00,976.05274206804,976.05274206804,0
2025-12-24T01:15:00,976.05274206804,976.05274206804,0
2025-12-24T01:30:00,976.05274206804,976.05274206804,0
2025-12-24T01:45:00,976.05274206804,976.05274206804,0
2025-12-24T02:00:00,976.05274206804,976.05274206804,0
2025-12-24T02:15:00,976.05274206804,976.05274206804,0
2025-12-24T02:30:00,976.05274206804,976.05274206804,0
2025-12-24T02:45:00,976.05274206804,976.05274206804,0
2025-12-24T03:00:00,976.05274206804,976.05274206804,0
2025-12-24T03:15:00,976.05274206804,976.05274206804,0
2025-12-24T03:30:00,976.05274206804,976.05274206804,0
2025-12-24T03:45:00,976.05274206804,976.05274206804,0
2025-12-24T04:00:00,976.05274206804,976.05274206804,0
2025-12-24T04:15:00,976.05274206804,976.05274206804,0
2025-12-24T04:30:00,976.05274206804,976.05274206804,0
2025-12-24T04:45:00,976.05274206804,976.05274206804,0
2025-12-24T05:00:00,976.05274206804,976.05274206804,0
2025-12-24T05:15:00,976.05274206804,976.05274206804,0
2025-12-24T05:30:00,976.05274206804,976.05274206804,0
2025-12-24T05:45:00,976.05274206804,976.05274206804,0
2025-12-24T06:00:00,976.05274206804,976.05274206804,0
2025-12-24T06:15:00,976.05274206804,976.05274206804,0
2025-12-24T06:30:00,976.05274206804,976.05274206804,0
2025-12-24T06:45:00,976.05274206804,976.05274206804,0
2025-12-24T07:00:00,976.05274206804,976.05274206804,0
2025-12-24T07:15:00,976.05274206804,976.05274206804,0
2025-12-24T07:30:00,976.05274206804,976.05274206804,0
2025-12-24T07:45:00,976.05274206804,976.05274206804,0
2025-12-24T08:00:00,976.05274206804,976.05274206804,0
2025-12-24T08:15:00,976.05274206804,976.05274206804,0
2025-12-24T08:30:00,976.05274206804,976.05274206804,0
2025-12-24T08:45:00,976.05274206804,976.05274206804,0
2025-12-24T09:00:00,976.05274206804,976.05274206804,0
2025-12-24T09:15:00,976.05274206804,976.05274206804,0
2025-12-24T09:30:00,976.05274206804,976.05274206804,0
2025-12-24T09:45:00,976.05274206804,976.05274206804,0
2025-12-24T10:00:00,976.05274206804,976.05274206804,0
2025-12-24T10:15:00,976.05274206804,976.05274206804,0
2025-12-24T10:30:00,976.05274206804,976.05274206804,0
2025-12-24T10:45:00,976.05274206804,976.05274206804,0
2025-12-24T11:00:00,976.05274206804,976.05274206804,0
2025-12-24T11:15:00,976.05274206804,976.05274206804,0
2025-12-24T11:30:00,976.05274206804,976.05274206804,0
2025-12-24T11:45:00,976.05274206804,976.05274206804,0
2025-12-24T12:00:00,976.05274206804,976.05274206804,0
2025-12-24T12:15:00,976.05274206804,976.05274206804,0
2025-12-24T12:30:00,976.05274206804,976.05274206804,0
2025-12-24T12:45:00,976.05274206804,976.05274206804,0
2025-12-24T13:00:00,976.05274206804,976.05274206804,0
2025-12-24T13:15:00,976.05274206804,976.05274206804,0
2025-12-24T13:30:00,976.05274206804,976.05274206804,0
2025-12-24T13:45:00,976.05274206804,976.05274206804,0
2025-12-24T14:00:00,976.05274206804,976.05274206804,0
2025-12-24T14:15:00,976.05274206804,976.05274206804,0
2025-12-24T14:30:00,976.05274206804,976.05274206804,0
2025-12-24T14:45:00,976.05274206804,976.05274206804,0
2025-12-24T15:00:00,976.05274206804,976.05274206804,0
2025-12-24T15:15:00,976.05274206804,976.05274206804,0
2025-12-24T15:30:00,976.05274206804,976.05274206804,0
2025-12-24T15:45:00,976.05274206804,976.05274206804,0
2025-12-24T16:00:00,976.05274206804,976.05274206804,0
2025-12-24T16:15:00,976.05274206804,976.05274206804,0
2025-12-24T16:30:00,976.05274206804,976.05274206804,0
2025-12-24T16:45:00,976.05274206804,976.05274206804,0
2025-12-24T17:00:00,976.05274206804,976.05274206804,0
2025-12-24T17:15:00,976.05274206804,976.05274206804,0
2025-12-24T17:30:00,976.05274206804,976.05274206804,0
2025-12-24T17:45:00,976.05274206804,976.05274206804,0
2025-12-24T18:00:00,976.05274206804,976.05274206804,0
2025-12-24T18:15:00,976.05274206804,976.05274206804,0
2025-12-24T18:30:00,976.05274206804,976.05274206804,0
2025-12-24T18:45:00,976.05274206804,976.05274206804,0
2025-12-24T19:00:00,976.05274206804,976.05274206804,0
2025-12-24T19:15:00,976.05274206804,976.05274206804,0
2025-12-24T19:30:00,976.05274206804,976.05274206804,0
2025-12-24T19:45:00,976.05274206804,976.05274206804,0
2025-12-24T20:00:00,976.05274206804,976.05274206804,0
2025-12-24T20:15:00,976.05274206804,976.05274206804,0
2025-12-24T20:30:00,976.05274206804,976.05274206804,0
2025-12-24T20:45:00,976.05274206804,976.05274206804,0
2025-12-24T21:00:00,976.05274206804,976.05274206804,0
2025-12-24T21:15:00,976.05274206804,976.05274206804,0
2025-12-24T21:30:00,976.05274206804,976.05274206804,0
2025-12-24T21:45:00,976.05274206804,976.05274206804,0
2025-12-24T22:00:00,976.05274206804,976.05274206804,0
2025-12-24T22:15:00,976.05274206804,976.05274206804,0
2025-12-24T22:30:00,976.05274206804,976.05274206804,0
2025-12-24T22:45:00,976.05274206804,976.05274206804,0
2025-12-24T23:00:00,976.05274206804,976.05274206804,0
2025-12-24T23:15:00,976.05274206804,976.05274206804,0
2025-12-24T23:30:00,976.05274206804,976.05274206804,0
2025-12-24T23:45:00,976.05274206804,976.05274206804,0
2025-12-25T00:00:00,976.05274206804,976.05274206804,0
2025-12-25T00:15:00,976.05274206804,976.05274206804,0
2025-12-25T00:30:00,976.05274206804,976.05274206804,0
2025-12-25T00:45:00,976.05274206804,976.05274206804,0
2025-12-25T01:00:00,976.05274206804,976.05274206804,0
2025-12-25T01:15:00,976.05274206804,976.05274206804,0
2025-12-25T01:30:00,976.05274206804,976.05274206804,0
2025-12-25T01:45:00,976.05274206804,976.05274206804,0
2025-12-25T02:00:00,976.05274206804,976.05274206804,0
2025-12-25T02:15:00,976.05274206804,976.05274206804,0
2025-12-25T02:30:00,976.05274206804,976.05274206804,0
2025-12-25T02:45:00,976.05274206804,976.05274206804,0
2025-12-25T03:00:00,976.05274206804,976.05274206804,0
2025-12-25T03:15:00,976.05274206804,976.05274206804,0
2025-12-25T03:30:00,976.05274206804,976.05274206804,0
2025-12-25T03:45:00,976.05274206804,976.05274206804,0
2025-12-25T04:00:00,976.05274206804,976.05274206804,0
2025-12-25T04:15:00,976.05274206804,976.05274206804,0
2025-12-25T04:30:00,976.05274206804,976.05274206804,0
2025-12-25T04:45:00,976.05274206804,976.05274206804,0
2025-12-25T05:00:00,976.05274206804,976.05274206804,0
2025-12-25T05:15:00,976.05274206804,976.05274206804,0
2025-12-25T05:30:00,976.05274206804,976.05274206804,0
2025-12-25T05:45:00,976.05274206804,976.05274206804,0
2025-12-25T06:00:00,976.05274206804,976.05274206804,0
2025-12-25T06:15:00,976.05274206804,976.05274206804,0
2025-12-25T06:30:00,976.05274206804,976.05274206804,0
2025-12-25T06:45:00,976.05274206804,976.05274206804,0
2025-12-25T07:00:00,976.05274206804,976.05274206804,0
2025-12-25T07:15:00,976.05274206804,976.05274206804,0
2025-12-25T07:30:00,976.05274206804,976.05274206804,0
2025-12-25T07:45:00,976.05274206804,976.05274206804,0
2025-12-25T08:00:00,976.05274206804,976.05274206804,0
2025-12-25T08:15:00,976.05274206804,976.05274206804,0
2025-12-25T08:30:00,976.05274206804,976.05274206804,0
2025-12-25T08:45:00,976.05274206804,976.05274206804,0
2025-12-25T09:00:00,976.05274206804,976.05274206804,0
2025-12-25T09:15:00,976.05274206804,976.05274206804,0
2025-12-25T09:30:00,976.05274206804,976.05274206804,0
2025-12-25T09:45:00,976.05274206804,976.05274206804,0
2025-12-25T10:00:00,976.05274206804,976.05274206804,0
2025-12-25T10:15:00,976.05274206804,976.05274206804,0
2025-12-25T10:30:00,976.05274206804,976.05274206804,0
2025-12-25T10:45:00,976.05274206804,976.05274206804,0
2025-12-25T11:00:00,976.05274206804,976.05274206804,0
2025-12-25T11:15:00,976.05274206804,976.05274206804,0
2025-12-25T11:30:00,976.05274206804,976.05274206804,0
2025-12-25T11:45:00,976.05274206804,976.05274206804,0
2025-12-25T12:00:00,976.05274206804,976.05274206804,0
2025-12-25T12:15:00,976.05274206804,976.05274206804,0
2025-12-25T12:30:00,976.05274206804,976.05274206804,0
2025-12-25T12:45:00,976.05274206804,976.05274206804,0
2025-12-25T13:00:00,976.05274206804,976.05274206804,0
2025-12-25T13:15:00,976.05274206804,976.05274206804,0
2025-12-25T13:30:00,976.05274206804,976.05274206804,0
2025-12-25T13:45:00,976.05274206804,976.05274206804,0
2025-12-25T14:00:00,976.05274206804,976.05274206804,0
2025-12-25T14:15:00,976.05274206804,976.05274206804,0
2025-12-25T14:30:00,976.05274206804,976.05274206804,0
2025-12-25T14:45:00,976.05274206804,976.05274206804,0
2025-12-25T15:00:00,976.05274206804,976.05274206804,0
2025-12-25T15:15:00,976.05274206804,976.05274206804,0
2025-12-25T15:30:00,976.05274206804,976.05274206804,0
2025-12-25T15:45:00,976.05274206804,976.05274206804,0
2025-12-25T16:00:00,976.05274206804,976.05274206804,0
2025-12-25T16:15:00,976.05274206804,976.05274206804,0
2025-12-25T16:30:00,976.05274206804,976.05274206804,0
2025-12-25T16:45:00,976.05274206804,976.05274206804,0
2025-12-25T17:00:00,976.05274206804,976.05274206804,0
2025-12-25T17:15:00,976.05274206804,976.05274206804,0
2025-12-25T17:30:00,976.05274206804,976.05274206804,0
2025-12-25T17:45:00,976.05274206804,976.05274206804,0
2025-12-25T18:00:00,976.05274206804,976.05274206804,0
2025-12-25T18:15:00,976.05274206804,976.05274206804,0
2025-12-25T18:30:00,976.05274206804,976.05274206804,0
2025-12-25T18:45:00,976.05274206804,976.05274206804,0
2025-12-25T19:00:00,976.05274206804,976.05274206804,0
2025-12-25T19:15:00,976.05274206804,976.05274206804,0
2025-12-25T19:30:00,976.05274206804,976.05274206804,0
2025-12-25T19:45:00,976.05274206804,976.05274206804,0
2025-12-25T20:00:00,976.05274206804,976.05274206804,0
2025-12-25T20:15:00,976.05274206804,976.05274206804,0
2025-12-25T20:30:00,976.05274206804,976.05274206804,0
2025-12-25T20:45:00,976.05274206804,976.05274206804,0
2025-12-25T21:00:00,976.05274206804,976.05274206804,0
2025-12-25T21:15:00,976.05274206804,976.05274206804,0
2025-12-25T21:30:00,976.05274206804,976.05274206804,0
2025-12-25T21:45:00,976.05274206804,976.05274206804,0
2025-12-25T22:00:00,976.05274206804,976.05274206804,0
2025-12-25T22:15:00,976.05274206804,976.05274206804,0
2025-12-25T22:30:00,976.05274206804,976.05274206804,0
2025-12-25T22:45:00,976.05274206804,976.05274206804,0
2025-12-25T23:00:00,976.05274206804,976.05274206804,0
2025-12-25T23:15:00,976.05274206804,976.05274206804,0
2025-12-25T23:30:00,976.05274206804,976.05274206804,0
2025-12-25T23:45:00,976.05274206804,976.05274206804,0
2025-12-26T00:00:00,975.1615262467317,858.7390108933981,1
2025-12-26T00:15:00,975.6362822709842,858.7390108933981,1
2025-12-26T00:30:00,976.505053499038,858.7390108933981,1
2025-12-26T00:45:00,975.4279709542203,858.7390108933981,1
2025-12-26T01:00:00,974.0198510455532,858.7390108933981,1
2025-12-26T01:15:00,973.062264915003,858.7390108933981,1
2025-12-26T01:30:00,972.6281827879571,972.6281827879571,0
2025-12-26T01:45:00,972.6281827879571,972.6281827879571,0
2025-12-26T02:00:00,972.6281827879571,972.6281827879571,0
2025-12-26T02:15:00,972.6281827879571,972.6281827879571,0
2025-12-26T02:30:00,972.6281827879571,972.6281827879571,0
2025-12-26T02:45:00,972.6281827879571,972.6281827879571,0
2025-12-26T03:00:00,972.6281827879571,972.6281827879571,0
2025-12-26T03:15:00,972.6281827879571,972.6281827879571,0
2025-12-26T03:30:00,972.6281827879571,972.6281827879571,0
2025-12-26T03:45:00,972.6281827879571,972.6281827879571,0
2025-12-26T04:00:00,972.6281827879571,972.6281827879571,0
2025-12-26T04:15:00,972.6281827879571,972.6281827879571,0
2025-12-26T04:30:00,972.6281827879571,972.6281827879571,0
2025-12-26T04:45:00,972.6281827879571,972.6281827879571,0
2025-12-26T05:00:00,972.6281827879571,972.6281827879571,0
2025-12-26T05:15:00,972.6281827879571,972.6281827879571,0
2025-12-26T05:30:00,972.6281827879571,972.6281827879571,0
2025-12-26T05:45:00,972.6281827879571,972.6281827879571,0
2025-12-26T06:00:00,972.6281827879571,972.6281827879571,0
2025-12-26T06:15:00,972.6281827879571,972.6281827879571,0
2025-12-26T06:30:00,972.6281827879571,972.6281827879571,0
2025-12-26T06:45:00,972.6281827879571,972.6281827879571,0
2025-12-26T07:00:00,972.6281827879571,972.6281827879571,0
2025-12-26T07:15:00,972.6281827879571,972.6281827879571,0
2025-12-26T07:30:00,972.6281827879571,972.6281827879571,0
2025-12-26T07:45:00,972.6281827879571,972.6281827879571,0
2025-12-26T08:00:00,972.6281827879571,972.6281827879571,0
2025-12-26T08:15:00,972.6281827879571,972.6281827879571,0
2025-12-26T08:30:00,972.6281827879571,972.6281827879571,0
2025-12-26T08:45:00,972.6281827879571,972.6281827879571,0
2025-12-26T09:00:00,972.6281827879571,972.6281827879571,0
2025-12-26T09:15:00,972.6281827879571,972.6281827879571,0
2025-12-26T09:30:00,972.6281827879571,972.6281827879571,0
2025-12-26T09:45:00,972.6281827879571,972.6281827879571,0
2025-12-26T10:00:00,972.6281827879571,972.6281827879571,0
2025-12-26T10:15:00,972.6281827879571,972.6281827879571,0
2025-12-26T10:30:00,972.6281827879571,972.6281827879571,0
2025-12-26T10:45:00,972.6281827879571,972.6281827879571,0
2025-12-26T11:00:00,972.6281827879571,972.6281827879571,0
2025-12-26T11:15:00,972.6281827879571,972.6281827879571,0
2025-12-26T11:30:00,972.6281827879571,972.6281827879571,0
2025-12-26T11:45:00,972.6281827879571,972.6281827879571,0
2025-12-26T12:00:00,972.6281827879571,972.6281827879571,0
2025-12-26T12:15:00,972.6281827879571,972.6281827879571,0
2025-12-26T12:30:00,972.6281827879571,972.6281827879571,0
2025-12-26T12:45:00,972.6281827879571,972.6281827879571,0
2025-12-26T13:00:00,972.6281827879571,972.6281827879571,0
2025-12-26T13:15:00,972.6281827879571,972.6281827879571,0
2025-12-26T13:30:00,972.6281827879571,972.6281827879571,0
2025-12-26T13:45:00,972.6281827879571,972.6281827879571,0
2025-12-26T14:00:00,972.6281827879571,972.6281827879571,0
2025-12-26T14:15:00,972.6281827879571,972.6281827879571,0
2025-12-26T14:30:00,972.6281827879571,972.6281827879571,0
2025-12-26T14:45:00,972.6281827879571,972.6281827879571,0
2025-12-26T15:00:00,972.6281827879571,972.6281827879571,0
2025-12-26T15:15:00,972.6281827879571,972.6281827879571,0
2025-12-26T15:30:00,972.6281827879571,972.6281827879571,0
2025-12-26T15:45:00,972.6281827879571,972.6281827879571,0
2025-12-26T16:00:00,972.6281827879571,972.6281827879571,0
2025-12-26T16:15:00,972.6281827879571,972.6281827879571,0
2025-12-26T16:30:00,972.6281827879571,972.6281827879571,0
2025-12-26T16:45:00,972.6281827879571,972.6281827879571,0
2025-12-26T17:00:00,972.6281827879571,972.6281827879571,0
2025-12-26T17:15:00,972.6281827879571,972.6281827879571,0
2025-12-26T17:30:00,972.6281827879571,972.6281827879571,0
2025-12-26T17:45:00,972.6281827879571,972.6281827879571,0
2025-12-26T18:00:00,972.6281827879571,972.6281827879571,0
2025-12-26T18:15:00,972.6281827879571,972.6281827879571,0
2025-12-26T18:30:00,972.6281827879571,972.6281827879571,0
2025-12-26T18:45:00,972.6281827879571,972.6281827879571,0
2025-12-26T19:00:00,972.6281827879571,972.6281827879571,0
2025-12-26T19:15:00,972.6281827879571,972.6281827879571,0
2025-12-26T19:30:00,972.6281827879571,972.6281827879571,0
2025-12-26T19:45:00,972.6281827879571,972.6281827879571,0
2025-12-26T20:00:00,972.6281827879571,972.6281827879571,0
2025-12-26T20:15:00,972.6281827879571,972.6281827879571,0
2025-12-26T20:30:00,972.6281827879571,972.6281827879571,0
2025-12-26T20:45:00,972.6281827879571,972.6281827879571,0
2025-12-26T21:00:00,972.6281827879571,972.6281827879571,0
2025-12-26T21:15:00,972.6281827879571,972.6281827879571,0
2025-12-26T21:30:00,972.6281827879571,972.6281827879571,0
2025-12-26T21:45:00,972.6281827879571,972.6281827879571,0
2025-12-26T22:00:00,972.6281827879571,972.6281827879571,0
2025-12-26T22:15:00,972.6281827879571,972.6281827879571,0
2025-12-26T22:30:00,972.6281827879571,972.6281827879571,0
2025-12-26T22:45:00,972.6281827879571,972.6281827879571,0
2025-12-26T23:00:00,972.6281827879571,972.6281827879571,0
2025-12-26T23:15:00,972.6281827879571,972.6281827879571,0
2025-12-26T23:30:00,972.6281827879571,972.6281827879571,0
2025-12-26T23:45:00,972.6281827879571,972.6281827879571,0
2025-12-27T00:00:00,972.6281827879571,972.6281827879571,0
2025-12-27T00:15:00,972.6281827879571,972.6281827879571,0
2025-12-27T00:30:00,972.6281827879571,972.6281827879571,0
2025-12-27T00:45:00,972.6281827879571,972.6281827879571,0
2025-12-27T01:00:00,972.6281827879571,972.6281827879571,0
2025-12-27T01:15:00,972.6281827879571,972.6281827879571,0
2025-12-27T01:30:00,972.6281827879571,972.6281827879571,0
2025-12-27T01:45:00,972.6281827879571,972.6281827879571,0
2025-12-27T02:00:00,972.6281827879571,972.6281827879571,0
2025-12-27T02:15:00,972.6281827879571,972.6281827879571,0
2025-12-27T02:30:00,972.6281827879571,972.6281827879571,0
2025-12-27T02:45:00,972.6281827879571,972.6281827879571,0
2025-12-27T03:00:00,972.6281827879571,972.6281827879571,0
2025-12-27T03:15:00,972.6281827879571,972.6281827879571,0
2025-12-27T03:30:00,972.6281827879571,972.6281827879571,0
2025-12-27T03:45:00,972.6281827879571,972.6281827879571,0
2025-12-27T04:00:00,972.6281827879571,972.6281827879571,0
2025-12-27T04:15:00,972.6281827879571,972.6281827879571,0
2025-12-27T04:30:00,972.6281827879571,972.6281827879571,0
2025-12-27T04:45:00,972.6281827879571,972.6281827879571,0
2025-12-27T05:00:00,972.6281827879571,972.6281827879571,0
2025-12-27T05:15:00,972.6281827879571,972.6281827879571,0
2025-12-27T05:30:00,972.6281827879571,972.6281827879571,0
2025-12-27T05:45:00,972.6281827879571,972.6281827879571,0
2025-12-27T06:00:00,972.6281827879571,972.6281827879571,0
2025-12-27T06:15:00,972.6281827879571,972.6281827879571,0
2025-12-27T06:30:00,972.6281827879571,972.6281827879571,0
2025-12-27T06:45:00,972.6281827879571,972.6281827879571,0
2025-12-27T07:00:00,972.6281827879571,972.6281827879571,0
2025-12-27T07:15:00,972.6281827879571,972.6281827879571,0
2025-12-27T07:30:00,972.6281827879571,972.6281827879571,0
2025-12-27T07:45:00,972.6281827879571,972.6281827879571,0
2025-12-27T08:00:00,972.6281827879571,972.6281827879571,0
2025-12-27T08:15:00,972.6281827879571,972.6281827879571,0
2025-12-27T08:30:00,972.6281827879571,972.6281827879571,0
2025-12-27T08:45:00,972.6281827879571,972.6281827879571,0
2025-12-27T09:00:00,972.6281827879571,972.6281827879571,0
2025-12-27T09:15:00,972.6281827879571,972.6281827879571,0
2025-12-27T09:30:00,972.6281827879571,972.6281827879571,0
2025-12-27T09:45:00,972.6281827879571,972.6281827879571,0
2025-12-27T10:00:00,972.6281827879571,972.6281827879571,0
2025-12-27T10:15:00,972.6281827879571,972.6281827879571,0
2025-12-27T10:30:00,972.6281827879571,972.6281827879571,0
2025-12-27T10:45:00,972.6281827879571,972.6281827879571,0
2025-12-27T11:00:00,972.6281827879571,972.6281827879571,0
2025-12-27T11:15:00,972.6281827879571,972.6281827879571,0
2025-12-27T11:30:00,972.6281827879571,972.6281827879571,0
2025-12-27T11:45:00,972.6281827879571,972.6281827879571,0
2025-12-27T12:00:00,972.6281827879571,972.6281827879571,0
2025-12-27T12:15:00,972.6281827879571,972.6281827879571,0
2025-12-27T12:30:00,972.6281827879571,972.6281827879571,0
2025-12-27T12:45:00,972.6281827879571,972.6281827879571,0
2025-12-27T13:00:00,972.6281827879571,972.6281827879571,0
2025-12-27T13:15:00,972.6281827879571,972.6281827879571,0
2025-12-27T13:30:00,972.6281827879571,972.6281827879571,0
2025-12-27T13:45:00,972.6281827879571,972.6281827879571,0
2025-12-27T14:00:00,972.6281827879571,972.6281827879571,0
2025-12-27T14:15:00,972.6281827879571,972.6281827879571,0
2025-12-27T14:30:00,972.6281827879571,972.6281827879571,0
2025-12-27T14:45:00,972.6281827879571,972.6281827879571,0
2025-12-27T15:00:00,972.6281827879571,972.6281827879571,0
2025-12-27T15:15:00,972.6281827879571,972.6281827879571,0
2025-12-27T15:30:00,972.6281827879571,972.6281827879571,0
2025-12-27T15:45:00,972.6281827879571,972.6281827879571,0
2025-12-27T16:00:00,972.6281827879571,972.6281827879571,0
2025-12-27T16:15:00,972.6281827879571,972.6281827879571,0
2025-12-27T16:30:00,972.6281827879571,972.6281827879571,0
2025-12-27T16:45:00,972.6281827879571,972.6281827879571,0
2025-12-27T17:00:00,972.6281827879571,972.6281827879571,0
2025-12-27T17:15:00,972.6281827879571,972.6281827879571,0
2025-12-27T17:30:00,972.6281827879571,972.6281827879571,0
2025-12-27T17:45:00,972.6281827879571,972.6281827879571,0
2025-12-27T18:00:00,972.6281827879571,972.6281827879571,0
2025-12-27T18:15:00,972.6281827879571,972.6281827879571,0
2025-12-27T18:30:00,972.6281827879571,972.6281827879571,0
2025-12-27T18:45:00,972.6281827879571,972.6281827879571,0
2025-12-27T19:00:00,972.6281827879571,972.6281827879571,0
2025-12-27T19:15:00,972.6281827879571,972.6281827879571,0
2025-12-27T19:30:00,972.6281827879571,972.6281827879571,0
2025-12-27T19:45:00,972.6281827879571,972.6281827879571,0
2025-12-27T20:00:00,972.6281827879571,972.6281827879571,0
2025-12-27T20:15:00,972.6281827879571,972.6281827879571,0
2025-12-27T20:30:00,972.6281827879571,972.6281827879571,0
2025-12-27T20:45:00,972.6281827879571,972.6281827879571,0
2025-12-27T21:00:00,972.6281827879571,972.6281827879571,0
2025-12-27T21:15:00,972.6281827879571,972.6281827879571,0
2025-12-27T21:30:00,972.6281827879571,972.6281827879571,0
2025-12-27T21:45:00,972.6281827879571,972.6281827879571,0
2025-12-27T22:00:00,972.6281827879571,972.6281827879571,0
2025-12-27T22:15:00,972.6281827879571,972.6281827879571,0
2025-12-27T22:30:00,972.6281827879571,972.6281827879571,0
2025-12-27T22:45:00,972.6281827879571,972.6281827879571,0
2025-12-27T23:00:00,972.6281827879571,972.6281827879571,0
2025-12-27T23:15:00,972.6281827879571,972.6281827879571,0
2025-12-27T23:30:00,972.6281827879571,972.6281827879571,0
2025-12-27T23:45:00,972.6281827879571,972.6281827879571,0
2025-12-28T00:00:00,972.6281827879571,972.6281827879571,0
2025-12-28T00:15:00,972.6281827879571,972.6281827879571,0
2025-12-28T00:30:00,972.6281827879571,972.6281827879571,0
2025-12-28T00:45:00,972.6281827879571,972.6281827879571,0
2025-12-28T01:00:00,972.6281827879571,972.6281827879571,0
2025-12-28T01:15:00,972.6281827879571,972.6281827879571,0
2025-12-28T01:30:00,972.6281827879571,972.6281827879571,0
2025-12-28T01:45:00,972.6281827879571,972.6281827879571,0
2025-12-28T02:00:00,972.6281827879571,972.6281827879571,0
2025-12-28T02:15:00,972.6281827879571,972.6281827879571,0
2025-12-28T02:30:00,972.6281827879571,972.6281827879571,0
2025-12-28T02:45:00,972.6281827879571,972.6281827879571,0
2025-12-28T03:00:00,972.6281827879571,972.6281827879571,0
2025-12-28T03:15:00,972.6281827879571,972.6281827879571,0
2025-12-28T03:30:00,972.6281827879571,972.6281827879571,0
2025-12-28T03:45:00,972.6281827879571,972.6281827879571,0
2025-12-28T04:00:00,972.6281827879571,972.6281827879571,0
2025-12-28T04:15:00,972.6281827879571,972.6281827879571,0
2025-12-28T04:30:00,972.6281827879571,972.6281827879571,0
2025-12-28T04:45:00,972.6281827879571,972.6281827879571,0
2025-12-28T05:00:00,972.6281827879571,972.6281827879571,0
2025-12-28T05:15:00,972.6281827879571,972.6281827879571,0
2025-12-28T05:30:00,972.6281827879571,972.6281827879571,0
2025-12-28T05:45:00,972.6281827879571,972.6281827879571,0
2025-12-28T06:00:00,972.6281827879571,972.6281827879571,0
2025-12-28T06:15:00,972.6281827879571,972.6281827879571,0
2025-12-28T06:30:00,972.6281827879571,972.6281827879571,0
2025-12-28T06:45:00,972.6281827879571,972.6281827879571,0
2025-12-28T07:00:00,972.6281827879571,972.6281827879571,0
2025-12-28T07:15:00,972.6281827879571,972.6281827879571,0
2025-12-28T07:30:00,972.6281827879571,972.6281827879571,0
2025-12-28T07:45:00,972.6281827879571,972.6281827879571,0
2025-12-28T08:00:00,972.6281827879571,972.6281827879571,0
2025-12-28T08:15:00,972.6281827879571,972.6281827879571,0
2025-12-28T08:30:00,972.6281827879571,972.6281827879571,0
2025-12-28T08:45:00,972.6281827879571,972.6281827879571,0
2025-12-28T09:00:00,972.6281827879571,972.6281827879571,0
2025-12-28T09:15:00,972.6281827879571,972.6281827879571,0
2025-12-28T09:30:00,972.6281827879571,972.6281827879571,0
2025-12-28T09:45:00,972.6281827879571,972.6281827879571,0
2025-12-28T10:00:00,972.6281827879571,972.6281827879571,0
2025-12-28T10:15:00,972.6281827879571,972.6281827879571,0
2025-12-28T10:30:00,972.6281827879571,972.6281827879571,0
2025-12-28T10:45:00,972.6281827879571,972.6281827879571,0
2025-12-28T11:00:00,972.6281827879571,972.6281827879571,0
2025-12-28T11:15:00,972.6281827879571,972.6281827879571,0
2025-12-28T11:30:00,972.6281827879571,972.6281827879571,0
2025-12-28T11:45:00,972.6281827879571,972.6281827879571,0
2025-12-28T12:00:00,972.6281827879571,972.6281827879571,0
2025-12-28T12:15:00,972.6281827879571,972.6281827879571,0
2025-12-28T12:30:00,972.6281827879571,972.6281827879571,0
2025-12-28T12:45:00,972.6281827879571,972.6281827879571,0
2025-12-28T13:00:00,972.6281827879571,972.6281827879571,0
2025-12-28T13:15:00,972.6281827879571,972.6281827879571,0
2025-12-28T13:30:00,972.6281827879571,972.6281827879571,0
2025-12-28T13:45:00,972.6281827879571,972.6281827879571,0
2025-12-28T14:00:00,972.6281827879571,972.6281827879571,0
2025-12-28T14:15:00,972.6281827879571,972.6281827879571,0
2025-12-28T14:30:00,972.6281827879571,972.6281827879571,0
2025-12-28T14:45:00,972.6281827879571,972.6281827879571,0
2025-12-28T15:00:00,972.6281827879571,972.6281827879571,0
2025-12-28T15:15:00,972.6281827879571,972.6281827879571,0
2025-12-28T15:30:00,972.6281827879571,972.6281827879571,0
2025-12-28T15:45:00,972.6281827879571,972.6281827879571,0
2025-12-28T16:00:00,972.6281827879571,972.6281827879571,0
2025-12-28T16:15:00,972.6281827879571,972.6281827879571,0
2025-12-28T16:30:00,972.6281827879571,972.6281827879571,0
2025-12-28T16:45:00,972.6281827879571,972.6281827879571,0
2025-12-28T17:00:00,972.6281827879571,972.6281827879571,0
2025-12-28T17:15:00,972.6281827879571,972.6281827879571,0
2025-12-28T17:30:00,972.6281827879571,972.6281827879571,0
2025-12-28T17:45:00,972.6281827879571,972.6281827879571,0
2025-12-28T18:00:00,972.6281827879571,972.6281827879571,0
2025-12-28T18:15:00,972.6281827879571,972.6281827879571,0
2025-12-28T18:30:00,972.6281827879571,972.6281827879571,0
2025-12-28T18:45:00,972.6281827879571,972.6281827879571,0
2025-12-28T19:00:00,972.6281827879571,972.6281827879571,0
2025-12-28T19:15:00,972.6281827879571,972.6281827879571,0
2025-12-28T19:30:00,972.6281827879571,972.6281827879571,0
2025-12-28T19:45:00,972.6281827879571,972.6281827879571,0
2025-12-28T20:00:00,972.6281827879571,972.6281827879571,0
2025-12-28T20:15:00,972.6281827879571,972.6281827879571,0
2025-12-28T20:30:00,972.6281827879571,972.6281827879571,0
2025-12-28T20:45:00,972.6281827879571,972.6281827879571,0
2025-12-28T21:00:00,972.6281827879571,972.6281827879571,0
2025-12-28T21:15:00,972.6281827879571,972.6281827879571,0
2025-12-28T21:30:00,972.6281827879571,972.6281827879571,0
2025-12-28T21:45:00,972.6281827879571,972.6281827879571,0
2025-12-28T22:00:00,972.6281827879571,972.6281827879571,0
2025-12-28T22:15:00,972.6281827879571,972.6281827879571,0
2025-12-28T22:30:00,972.6281827879571,972.6281827879571,0
2025-12-28T22:45:00,972.6281827879571,972.6281827879571,0
2025-12-28T23:00:00,972.6281827879571,972.6281827879571,0
2025-12-28T23:15:00,972.6281827879571,972.6281827879571,0
2025-12-28T23:30:00,972.6281827879571,972.6281827879571,0
2025-12-28T23:45:00,972.6281827879571,972.6281827879571,0
2025-12-29T00:00:00,972.6281827879571,972.6281827879571,0
2025-12-29T00:15:00,972.6281827879571,972.6281827879571,0
2025-12-29T00:30:00,972.6281827879571,972.6281827879571,0
2025-12-29T00:45:00,972.6281827879571,972.6281827879571,0
2025-12-29T01:00:00,972.6281827879571,972.6281827879571,0
2025-12-29T01:15:00,972.6281827879571,972.6281827879571,0
2025-12-29T01:30:00,972.6281827879571,972.6281827879571,0
2025-12-29T01:45:00,972.6281827879571,972.6281827879571,0
2025-12-29T02:00:00,972.6281827879571,972.6281827879571,0
2025-12-29T02:15:00,972.6281827879571,972.6281827879571,0
2025-12-29T02:30:00,972.6281827879571,972.6281827879571,0
2025-12-29T02:45:00,972.6281827879571,972.6281827879571,0
2025-12-29T03:00:00,972.6281827879571,972.6281827879571,0
2025-12-29T03:15:00,972.6281827879571,972.6281827879571,0
2025-12-29T03:30:00,972.6281827879571,972.6281827879571,0
2025-12-29T03:45:00,972.6281827879571,972.6281827879571,0
2025-12-29T04:00:00,972.6281827879571,972.6281827879571,0
2025-12-29T04:15:00,972.6281827879571,972.6281827879571,0
2025-12-29T04:30:00,972.6281827879571,972.6281827879571,0
2025-12-29T04:45:00,972.6281827879571,972.6281827879571,0
2025-12-29T05:00:00,972.6281827879571,972.6281827879571,0
2025-12-29T05:15:00,972.6281827879571,972.6281827879571,0
2025-12-29T05:30:00,972.6281827879571,972.6281827879571,0
2025-12-29T05:45:00,972.6281827879571,972.6281827879571,0
2025-12-29T06:00:00,972.6281827879571,972.6281827879571,0
2025-12-29T06:15:00,972.6281827879571,972.6281827879571,0
2025-12-29T06:30:00,972.6281827879571,972.6281827879571,0
2025-12-29T06:45:00,972.6281827879571,972.6281827879571,0
2025-12-29T07:00:00,972.6281827879571,972.6281827879571,0
2025-12-29T07:15:00,972.6281827879571,972.6281827879571,0
2025-12-29T07:30:00,972.6281827879571,972.6281827879571,0
2025-12-29T07:45:00,972.6281827879571,972.6281827879571,0
2025-12-29T08:00:00,972.6281827879571,972.6281827879571,0
2025-12-29T08:15:00,972.6281827879571,972.6281827879571,0
2025-12-29T08:30:00,972.6281827879571,972.6281827879571,0
2025-12-29T08:45:00,972.6281827879571,972.6281827879571,0
2025-12-29T09:00:00,972.6281827879571,972.6281827879571,0
2025-12-29T09:15:00,972.6281827879571,972.6281827879571,0
2025-12-29T09:30:00,972.6281827879571,972.6281827879571,0
2025-12-29T09:45:00,972.6281827879571,972.6281827879571,0
2025-12-29T10:00:00,972.6281827879571,972.6281827879571,0
2025-12-29T10:15:00,972.6281827879571,972.6281827879571,0
2025-12-29T10:30:00,972.6281827879571,972.6281827879571,0
2025-12-29T10:45:00,972.6281827879571,972.6281827879571,0
2025-12-29T11:00:00,972.6281827879571,972.6281827879571,0
2025-12-29T11:15:00,972.6281827879571,972.6281827879571,0
2025-12-29T11:30:00,972.6281827879571,972.6281827879571,0
2025-12-29T11:45:00,972.6281827879571,972.6281827879571,0
2025-12-29T12:00:00,972.6281827879571,972.6281827879571,0
2025-12-29T12:15:00,972.6281827879571,972.6281827879571,0
2025-12-29T12:30:00,972.6281827879571,972.6281827879571,0
2025-12-29T12:45:00,972.6281827879571,972.6281827879571,0
2025-12-29T13:00:00,972.6281827879571,972.6281827879571,0
2025-12-29T13:15:00,972.6281827879571,972.6281827879571,0
2025-12-29T13:30:00,972.6281827879571,972.6281827879571,0
2025-12-29T13:45:00,972.6281827879571,972.6281827879571,0
2025-12-29T14:00:00,972.6281827879571,972.6281827879571,0
2025-12-29T14:15:00,972.6281827879571,972.6281827879571,0
2025-12-29T14:30:00,972.6281827879571,972.6281827879571,0
2025-12-29T14:45:00,972.6281827879571,972.6281827879571,0
2025-12-29T15:00:00,972.6281827879571,972.6281827879571,0
2025-12-29T15:15:00,972.6281827879571,972.6281827879571,0
2025-12-29T15:30:00,972.6281827879571,972.6281827879571,0
2025-12-29T15:45:00,972.6281827879571,972.6281827879571,0
2025-12-29T16:00:00,972.6281827879571,972.6281827879571,0
2025-12-29T16:15:00,972.6281827879571,972.6281827879571,0
2025-12-29T16:30:00,972.6281827879571,972.6281827879571,0
2025-12-29T16:45:00,972.6281827879571,972.6281827879571,0
2025-12-29T17:00:00,972.6281827879571,972.6281827879571,0
2025-12-29T17:15:00,972.6281827879571,972.6281827879571,0
2025-12-29T17:30:00,972.6281827879571,972.6281827879571,0
2025-12-29T17:45:00,972.6281827879571,972.6281827879571,0
2025-12-29T18:00:00,972.6281827879571,972.6281827879571,0
2025-12-29T18:15:00,972.6281827879571,972.6281827879571,0
2025-12-29T18:30:00,972.6281827879571,972.6281827879571,0
2025-12-29T18:45:00,972.6281827879571,972.6281827879571,0
2025-12-29T19:00:00,972.6281827879571,972.6281827879571,0
2025-12-29T19:15:00,972.6281827879571,972.6281827879571,0
2025-12-29T19:30:00,972.6281827879571,972.6281827879571,0
2025-12-29T19:45:00,972.6281827879571,972.6281827879571,0
2025-12-29T20:00:00,972.6281827879571,972.6281827879571,0
2025-12-29T20:15:00,972.6281827879571,972.6281827879571,0
2025-12-29T20:30:00,972.6281827879571,972.6281827879571,0
2025-12-29T20:45:00,972.6281827879571,972.6281827879571,0
2025-12-29T21:00:00,972.6281827879571,972.6281827879571,0
2025-12-29T21:15:00,972.6281827879571,972.6281827879571,0
2025-12-29T21:30:00,972.6281827879571,972.6281827879571,0
2025-12-29T21:45:00,972.6281827879571,972.6281827879571,0
2025-12-29T22:00:00,972.6281827879571,972.6281827879571,0
2025-12-29T22:15:00,972.6281827879571,972.6281827879571,0
2025-12-29T22:30:00,972.6281827879571,972.6281827879571,0
2025-12-29T22:45:00,972.6281827879571,972.6281827879571,0
2025-12-29T23:00:00,972.6281827879571,972.6281827879571,0
2025-12-29T23:15:00,972.6281827879571,972.6281827879571,0
2025-12-29T23:30:00,972.6281827879571,972.6281827879571,0
2025-12-29T23:45:00,972.6281827879571,972.6281827879571,0
2025-12-30T00:00:00,972.6281827879571,972.6281827879571,0
2025-12-30T00:15:00,972.6281827879571,972.6281827879571,0
2025-12-30T00:30:00,972.6281827879571,972.6281827879571,0
2025-12-30T00:45:00,972.6281827879571,972.6281827879571,0
2025-12-30T01:00:00,972.6281827879571,972.6281827879571,0
2025-12-30T01:15:00,972.6281827879571,972.6281827879571,0
2025-12-30T01:30:00,972.6281827879571,972.6281827879571,0
2025-12-30T01:45:00,972.6281827879571,972.6281827879571,0
2025-12-30T02:00:00,972.6281827879571,972.6281827879571,0
2025-12-30T02:15:00,972.6281827879571,972.6281827879571,0
2025-12-30T02:30:00,972.6281827879571,972.6281827879571,0
2025-12-30T02:45:00,972.6281827879571,972.6281827879571,0
2025-12-30T03:00:00,972.6281827879571,972.6281827879571,0
2025-12-30T03:15:00,972.6281827879571,972.6281827879571,0
2025-12-30T03:30:00,972.6281827879571,972.6281827879571,0
2025-12-30T03:45:00,972.6281827879571,972.6281827879571,0
2025-12-30T04:00:00,972.6281827879571,972.6281827879571,0
2025-12-30T04:15:00,972.6281827879571,972.6281827879571,0
2025-12-30T04:30:00,972.6281827879571,972.6281827879571,0
2025-12-30T04:45:00,972.6281827879571,972.6281827879571,0
2025-12-30T05:00:00,972.6281827879571,972.6281827879571,0
2025-12-30T05:15:00,972.6281827879571,972.6281827879571,0
2025-12-30T05:30:00,972.6281827879571,972.6281827879571,0
2025-12-30T05:45:00,972.6281827879571,972.6281827879571,0
2025-12-30T06:00:00,972.6281827879571,972.6281827879571,0
2025-12-30T06:15:00,972.6281827879571,972.6281827879571,0
2025-12-30T06:30:00,972.6281827879571,972.6281827879571,0
2025-12-30T06:45:00,972.6281827879571,972.6281827879571,0
2025-12-30T07:00:00,972.6281827879571,972.6281827879571,0
2025-12-30T07:15:00,972.6281827879571,972.6281827879571,0
2025-12-30T07:30:00,972.6281827879571,972.6281827879571,0
2025-12-30T07:45:00,972.6281827879571,972.6281827879571,0
2025-12-30T08:00:00,972.6281827879571,972.6281827879571,0
2025-12-30T08:15:00,972.6281827879571,972.6281827879571,0
2025-12-30T08:30:00,972.6281827879571,972.6281827879571,0
2025-12-30T08:45:00,972.6281827879571,972.6281827879571,0
2025-12-30T09:00:00,972.6281827879571,972.6281827879571,0
2025-12-30T09:15:00,972.6281827879571,972.6281827879571,0
2025-12-30T09:30:00,972.6281827879571,972.6281827879571,0
2025-12-30T09:45:00,972.6281827879571,972.6281827879571,0
2025-12-30T10:00:00,972.6281827879571,972.6281827879571,0
2025-12-30T10:15:00,972.6281827879571,972.6281827879571,0
2025-12-30T10:30:00,972.6281827879571,972.6281827879571,0
2025-12-30T10:45:00,972.6281827879571,972.6281827879571,0
2025-12-30T11:00:00,972.6281827879571,972.6281827879571,0
2025-12-30T11:15:00,972.6281827879571,972.6281827879571,0
2025-12-30T11:30:00,972.6281827879571,972.6281827879571,0
2025-12-30T11:45:00,972.6281827879571,972.6281827879571,0
2025-12-30T12:00:00,972.6281827879571,972.6281827879571,0
2025-12-30T12:15:00,972.6281827879571,972.6281827879571,0
2025-12-30T12:30:00,972.6281827879571,972.6281827879571,0
2025-12-30T12:45:00,972.6281827879571,972.6281827879571,0
2025-12-30T13:00:00,972.6281827879571,972.6281827879571,0
2025-12-30T13:15:00,972.6281827879571,972.6281827879571,0
2025-12-30T13:30:00,972.6281827879571,972.6281827879571,0
2025-12-30T13:45:00,972.6281827879571,972.6281827879571,0
2025-12-30T14:00:00,972.6281827879571,972.6281827879571,0
2025-12-30T14:15:00,972.6281827879571,972.6281827879571,0
2025-12-30T14:30:00,972.6281827879571,972.6281827879571,0
2025-12-30T14:45:00,972.6281827879571,972.6281827879571,0
2025-12-30T15:00:00,972.6281827879571,972.6281827879571,0
2025-12-30T15:15:00,972.6281827879571,972.6281827879571,0
2025-12-30T15:30:00,972.6281827879571,972.6281827879571,0
2025-12-30T15:45:00,972.6281827879571,972.6281827879571,0
2025-12-30T16:00:00,972.6281827879571,972.6281827879571,0
2025-12-30T16:15:00,972.6281827879571,972.6281827879571,0
2025-12-30T16:30:00,972.6281827879571,972.6281827879571,0
2025-12-30T16:45:00,972.6281827879571,972.6281827879571,0
2025-12-30T17:00:00,972.6281827879571,972.6281827879571,0
2025-12-30T17:15:00,972.6281827879571,972.6281827879571,0
2025-12-30T17:30:00,972.6281827879571,972.6281827879571,0
2025-12-30T17:45:00,972.6281827879571,972.6281827879571,0
2025-12-30T18:00:00,972.6281827879571,972.6281827879571,0
2025-12-30T18:15:00,972.6281827879571,972.6281827879571,0
2025-12-30T18:30:00,972.6281827879571,972.6281827879571,0
2025-12-30T18:45:00,972.6281827879571,972.6281827879571,0
2025-12-30T19:00:00,972.6281827879571,972.6281827879571,0
2025-12-30T19:15:00,972.6281827879571,972.6281827879571,0
2025-12-30T19:30:00,972.6281827879571,972.6281827879571,0
2025-12-30T19:45:00,972.6281827879571,972.6281827879571,0
2025-12-30T20:00:00,972.6281827879571,972.6281827879571,0
2025-12-30T20:15:00,972.6281827879571,972.6281827879571,0
2025-12-30T20:30:00,972.6281827879571,972.6281827879571,0
2025-12-30T20:45:00,972.6281827879571,972.6281827879571,0
2025-12-30T21:00:00,972.6281827879571,972.6281827879571,0
2025-12-30T21:15:00,972.6281827879571,972.6281827879571,0
2025-12-30T21:30:00,972.6281827879571,972.6281827879571,0
2025-12-30T21:45:00,972.6281827879571,972.6281827879571,0
2025-12-30T22:00:00,972.6281827879571,972.6281827879571,0
2025-12-30T22:15:00,972.6281827879571,972.6281827879571,0
2025-12-30T22:30:00,972.6281827879571,972.6281827879571,0
2025-12-30T22:45:00,972.6281827879571,972.6281827879571,0
2025-12-30T23:00:00,972.6281827879571,972.6281827879571,0
2025-12-30T23:15:00,972.6281827879571,972.6281827879571,0
2025-12-30T23:30:00,972.6281827879571,972.6281827879571,0
2025-12-30T23:45:00,972.6281827879571,972.6281827879571,0
2025-12-31T00:00:00,972.6281827879571,972.6281827879571,0
2025-12-31T00:15:00,972.6281827879571,972.6281827879571,0
2025-12-31T00:30:00,972.6281827879571,972.6281827879571,0
2025-12-31T00:45:00,972.6281827879571,972.6281827879571,0
2025-12-31T01:00:00,972.6281827879571,972.6281827879571,0
2025-12-31T01:15:00,972.6281827879571,972.6281827879571,0
2025-12-31T01:30:00,972.6281827879571,972.6281827879571,0
2025-12-31T01:45:00,972.6281827879571,972.6281827879571,0
2025-12-31T02:00:00,972.6281827879571,972.6281827879571,0
2025-12-31T02:15:00,972.6281827879571,972.6281827879571,0
2025-12-31T02:30:00,972.6281827879571,972.6281827879571,0
2025-12-31T02:45:00,972.6281827879571,972.6281827879571,0
2025-12-31T03:00:00,972.6281827879571,972.6281827879571,0
2025-12-31T03:15:00,972.6281827879571,972.6281827879571,0
2025-12-31T03:30:00,972.6281827879571,972.6281827879571,0
2025-12-31T03:45:00,972.6281827879571,972.6281827879571,0
2025-12-31T04:00:00,972.6281827879571,972.6281827879571,0
2025-12-31T04:15:00,972.6281827879571,972.6281827879571,0
2025-12-31T04:30:00,972.6281827879571,972.6281827879571,0
2025-12-31T04:45:00,972.6281827879571,972.6281827879571,0
2025-12-31T05:00:00,972.6281827879571,972.6281827879571,0
2025-12-31T05:15:00,972.6281827879571,972.6281827879571,0
2025-12-31T05:30:00,972.6281827879571,972.6281827879571,0
2025-12-31T05:45:00,972.6281827879571,972.6281827879571,0
2025-12-31T06:00:00,972.6281827879571,972.6281827879571,0
2025-12-31T06:15:00,972.6281827879571,972.6281827879571,0
2025-12-31T06:30:00,972.6281827879571,972.6281827879571,0
2025-12-31T06:45:00,972.6281827879571,972.6281827879571,0
2025-12-31T07:00:00,972.6281827879571,972.6281827879571,0
2025-12-31T07:15:00,972.6281827879571,972.6281827879571,0
2025-12-31T07:30:00,972.6281827879571,972.6281827879571,0
2025-12-31T07:45:00,972.6281827879571,972.6281827879571,0
2025-12-31T08:00:00,972.6281827879571,972.6281827879571,0
2025-12-31T08:15:00,972.6281827879571,972.6281827879571,0
2025-12-31T08:30:00,972.6281827879571,972.6281827879571,0
2025-12-31T08:45:00,972.6281827879571,972.6281827879571,0
2025-12-31T09:00:00,972.6281827879571,972.6281827879571,0
2025-12-31T09:15:00,972.6281827879571,972.6281827879571,0
2025-12-31T09:30:00,972.6281827879571,972.6281827879571,0
2025-12-31T09:45:00,972.6281827879571,972.6281827879571,0
2025-12-31T10:00:00,972.6281827879571,972.6281827879571,0
2025-12-31T10:15:00,972.6281827879571,972.6281827879571,0
2025-12-31T10:30:00,972.6281827879571,972.6281827879571,0
2025-12-31T10:45:00,972.6281827879571,972.6281827879571,0
2025-12-31T11:00:00,972.6281827879571,972.6281827879571,0
2025-12-31T11:15:00,972.6281827879571,972.6281827879571,0
2025-12-31T11:30:00,972.6281827879571,972.6281827879571,0
2025-12-31T11:45:00,972.6281827879571,972.6281827879571,0
2025-12-31T12:00:00,972.6281827879571,972.6281827879571,0
2025-12-31T12:15:00,972.6281827879571,972.6281827879571,0
2025-12-31T12:30:00,972.6281827879571,972.6281827879571,0
2025-12-31T12:45:00,972.6281827879571,972.6281827879571,0
2025-12-31T13:00:00,972.6281827879571,972.6281827879571,0
2025-12-31T13:15:00,972.6281827879571,972.6281827879571,0
2025-12-31T13:30:00,972.6281827879571,972.6281827879571,0
2025-12-31T13:45:00,972.6281827879571,972.6281827879571,0
2025-12-31T14:00:00,972.6281827879571,972.6281827879571,0
2025-12-31T14:15:00,972.6281827879571,972.6281827879571,0
2025-12-31T14:30:00,972.6281827879571,972.6281827879571,0
2025-12-31T14:45:00,972.6281827879571,972.6281827879571,0
2025-12-31T15:00:00,972.6281827879571,972.6281827879571,0
2025-12-31T15:15:00,972.6281827879571,972.6281827879571,0
2025-12-31T15:30:00,972.6281827879571,972.6281827879571,0
2025-12-31T15:45:00,972.6281827879571,972.6281827879571,0
2025-12-31T16:00:00,972.6281827879571,972.6281827879571,0
2025-12-31T16:15:00,972.6281827879571,972.6281827879571,0
2025-12-31T16:30:00,972.6281827879571,972.6281827879571,0
2025-12-31T16:45:00,972.6281827879571,972.6281827879571,0
2025-12-31T17:00:00,972.6281827879571,972.6281827879571,0
2025-12-31T17:15:00,972.6281827879571,972.6281827879571,0
2025-12-31T17:30:00,972.6281827879571,972.6281827879571,0
2025-12-31T17:45:00,972.6281827879571,972.6281827879571,0
2025-12-31T18:00:00,972.6281827879571,972.6281827879571,0
2025-12-31T18:15:00,972.6281827879571,972.6281827879571,0
2025-12-31T18:30:00,972.6281827879571,972.6281827879571,0
2025-12-31T18:45:00,972.6281827879571,972.6281827879571,0
2025-12-31T19:00:00,972.6281827879571,972.6281827879571,0
2025-12-31T19:15:00,972.6281827879571,972.6281827879571,0
2025-12-31T19:30:00,972.6281827879571,972.6281827879571,0
2025-12-31T19:45:00,972.6281827879571,972.6281827879571,0
2025-12-31T20:00:00,972.6281827879571,972.6281827879571,0
2025-12-31T20:15:00,972.6281827879571,972.6281827879571,0
2025-12-31T20:30:00,972.6281827879571,972.6281827879571,0
2025-12-31T20:45:00,972.6281827879571,972.6281827879571,0
2025-12-31T21:00:00,972.6281827879571,972.6281827879571,0
2025-12-31T21:15:00,972.6281827879571,972.6281827879571,0
2025-12-31T21:30:00,972.6281827879571,972.6281827879571,0
2025-12-31T21:45:00,972.6281827879571,972.6281827879571,0
2025-12-31T22:00:00,972.6281827879571,972.6281827879571,0
2025-12-31T22:15:00,972.6281827879571,972.6281827879571,0
2025-12-31T22:30:00,972.6281827879571,972.6281827879571,0
2025-12-31T22:45:00,972.6281827879571,972.6281827879571,0
2025-12-31T23:00:00,972.6281827879571,972.6281827879571,0
2025-12-31T23:15:00,972.6281827879571,972.6281827879571,0
2025-12-31T23:30:00,972.6281827879571,972.6281827879571,0
2025-12-31T23:45:00,972.6281827879571,972.6281827879571,0
2026-01-01T00:00:00,972.6281827879571,972.6281827879571,0
2026-01-01T00:15:00,972.6281827879571,972.6281827879571,0
2026-01-01T00:30:00,972.6281827879571,972.6281827879571,0
2026-01-01T00:45:00,972.6281827879571,972.6281827879571,0
2026-01-01T01:00:00,972.6281827879571,972.6281827879571,0
2026-01-01T01:15:00,972.6281827879571,972.6281827879571,0
2026-01-01T01:30:00,972.6281827879571,972.6281827879571,0
2026-01-01T01:45:00,972.6281827879571,972.6281827879571,0
2026-01-01T02:00:00,972.6281827879571,972.6281827879571,0
2026-01-01T02:15:00,972.6281827879571,972.6281827879571,0
2026-01-01T02:30:00,972.6281827879571,972.6281827879571,0
2026-01-01T02:45:00,972.6281827879571,972.6281827879571,0
2026-01-01T03:00:00,972.6281827879571,972.6281827879571,0
2026-01-01T03:15:00,972.6281827879571,972.6281827879571,0
2026-01-01T03:30:00,972.6281827879571,972.6281827879571,0
2026-01-01T03:45:00,972.6281827879571,972.6281827879571,0
2026-01-01T04:00:00,972.6281827879571,972.6281827879571,0
2026-01-01T04:15:00,972.6281827879571,972.6281827879571,0
2026-01-01T04:30:00,972.6281827879571,972.6281827879571,0
2026-01-01T04:45:00,972.6281827879571,972.6281827879571,0
2026-01-01T05:00:00,972.6281827879571,972.6281827879571,0
2026-01-01T05:15:00,972.6281827879571,972.6281827879571,0
2026-01-01T05:30:00,972.6281827879571,972.6281827879571,0
2026-01-01T05:45:00,972.6281827879571,972.6281827879571,0
2026-01-01T06:00:00,972.6281827879571,972.6281827879571,0
2026-01-01T06:15:00,972.6281827879571,972.6281827879571,0
2026-01-01T06:30:00,972.6281827879571,972.6281827879571,0
2026-01-01T06:45:00,972.6281827879571,972.6281827879571,0
2026-01-01T07:00:00,972.6281827879571,972.6281827879571,0
2026-01-01T07:15:00,972.6281827879571,972.6281827879571,0
2026-01-01T07:30:00,972.6281827879571,972.6281827879571,0
2026-01-01T07:45:00,972.6281827879571,972.6281827879571,0
2026-01-01T08:00:00,972.6281827879571,972.6281827879571,0
2026-01-01T08:15:00,972.6281827879571,972.6281827879571,0
2026-01-01T08:30:00,972.6281827879571,972.6281827879571,0
2026-01-01T08:45:00,972.6281827879571,972.6281827879571,0
2026-01-01T09:00:00,972.6281827879571,972.6281827879571,0
2026-01-01T09:15:00,972.6281827879571,972.6281827879571,0
2026-01-01T09:30:00,972.6281827879571,972.6281827879571,0
2026-01-01T09:45:00,972.6281827879571,972.6281827879571,0
2026-01-01T10:00:00,972.6281827879571,972.6281827879571,0
2026-01-01T10:15:00,972.6281827879571,972.6281827879571,0
2026-01-01T10:30:00,972.6281827879571,972.6281827879571,0
2026-01-01T10:45:00,972.6281827879571,972.6281827879571,0
2026-01-01T11:00:00,972.6281827879571,972.6281827879571,0
2026-01-01T11:15:00,972.6281827879571,972.6281827879571,0
2026-01-01T11:30:00,972.6281827879571,972.6281827879571,0
2026-01-01T11:45:00,972.6281827879571,972.6281827879571,0
2026-01-01T12:00:00,972.6281827879571,972.6281827879571,0
2026-01-01T12:15:00,972.6281827879571,972.6281827879571,0
2026-01-01T12:30:00,972.6281827879571,972.6281827879571,0
2026-01-01T12:45:00,972.6281827879571,972.6281827879571,0
2026-01-01T13:00:00,972.6281827879571,972.6281827879571,0
2026-01-01T13:15:00,972.6281827879571,972.6281827879571,0
2026-01-01T13:30:00,972.6281827879571,972.6281827879571,0
2026-01-01T13:45:00,972.6281827879571,972.6281827879571,0
2026-01-01T14:00:00,972.6281827879571,972.6281827879571,0
2026-01-01T14:15:00,972.6281827879571,972.6281827879571,0
2026-01-01T14:30:00,972.6281827879571,972.6281827879571,0
2026-01-01T14:45:00,972.6281827879571,972.6281827879571,0
2026-01-01T15:00:00,972.6281827879571,972.6281827879571,0
2026-01-01T15:15:00,972.6281827879571,972.6281827879571,0
2026-01-01T15:30:00,972.6281827879571,972.6281827879571,0
2026-01-01T15:45:00,972.6281827879571,972.6281827879571,0
2026-01-01T16:00:00,972.6281827879571,972.6281827879571,0
2026-01-01T16:15:00,972.6281827879571,972.6281827879571,0
2026-01-01T16:30:00,972.6281827879571,972.6281827879571,0
2026-01-01T16:45:00,972.6281827879571,972.6281827879571,0
2026-01-01T17:00:00,972.6281827879571,972.6281827879571,0
2026-01-01T17:15:00,972.6281827879571,972.6281827879571,0
2026-01-01T17:30:00,972.6281827879571,972.6281827879571,0
2026-01-01T17:45:00,972.6281827879571,972.6281827879571,0
2026-01-01T18:00:00,972.6281827879571,972.6281827879571,0
2026-01-01T18:15:00,972.6281827879571,972.6281827879571,0
2026-01-01T18:30:00,972.6281827879571,972.6281827879571,0
2026-01-01T18:45:00,972.6281827879571,972.6281827879571,0
2026-01-01T19:00:00,972.6281827879571,972.6281827879571,0
2026-01-01T19:15:00,972.6281827879571,972.6281827879571,0
2026-01-01T19:30:00,972.6281827879571,972.6281827879571,0
2026-01-01T19:45:00,972.6281827879571,972.6281827879571,0
2026-01-01T20:00:00,972.6281827879571,972.6281827879571,0
2026-01-01T20:15:00,972.6281827879571,972.6281827879571,0
2026-01-01T20:30:00,972.6281827879571,972.6281827879571,0
2026-01-01T20:45:00,972.6281827879571,972.6281827879571,0
2026-01-01T21:00:00,972.6281827879571,972.6281827879571,0
2026-01-01T21:15:00,972.6281827879571,972.6281827879571,0
2026-01-01T21:30:00,972.6281827879571,972.6281827879571,0
2026-01-01T21:45:00,972.6281827879571,972.6281827879571,0
2026-01-01T22:00:00,972.6281827879571,972.6281827879571,0
2026-01-01T22:15:00,972.6281827879571,972.6281827879571,0
2026-01-01T22:30:00,972.6281827879571,972.6281827879571,0
2026-01-01T22:45:00,972.6281827879571,972.6281827879571,0
2026-01-01T23:00:00,972.6281827879571,972.6281827879571,0
2026-01-01T23:15:00,972.6281827879571,972.6281827879571,0
2026-01-01T23:30:00,972.6281827879571,972.6281827879571,0
2026-01-01T23:45:00,972.6281827879571,972.6281827879571,0
2026-01-02T00:00:00,972.6281827879571,972.6281827879571,0
2026-01-02T00:15:00,972.6281827879571,972.6281827879571,0
2026-01-02T00:30:00,972.6281827879571,972.6281827879571,0
2026-01-02T00:45:00,972.6281827879571,972.6281827879571,0
2026-01-02T01:00:00,972.6281827879571,972.6281827879571,0
2026-01-02T01:15:00,972.6281827879571,972.6281827879571,0
2026-01-02T01:30:00,972.6281827879571,972.6281827879571,0
2026-01-02T01:45:00,972.6281827879571,972.6281827879571,0
2026-01-02T02:00:00,972.6281827879571,972.6281827879571,0
2026-01-02T02:15:00,972.6281827879571,972.6281827879571,0
2026-01-02T02:30:00,972.6281827879571,972.6281827879571,0
2026-01-02T02:45:00,972.6281827879571,972.6281827879571,0
2026-01-02T03:00:00,972.6281827879571,972.6281827879571,0
2026-01-02T03:15:00,972.6281827879571,972.6281827879571,0
2026-01-02T03:30:00,972.6281827879571,972.6281827879571,0
2026-01-02T03:45:00,972.6281827879571,972.6281827879571,0
2026-01-02T04:00:00,972.6281827879571,972.6281827879571,0
2026-01-02T04:15:00,972.6281827879571,972.6281827879571,0
2026-01-02T04:30:00,972.6281827879571,972.6281827879571,0
2026-01-02T04:45:00,972.6281827879571,972.6281827879571,0
2026-01-02T05:00:00,972.6281827879571,972.6281827879571,0
2026-01-02T05:15:00,972.6281827879571,972.6281827879571,0
2026-01-02T05:30:00,972.6281827879571,972.6281827879571,0
2026-01-02T05:45:00,972.6281827879571,972.6281827879571,0
2026-01-02T06:00:00,972.6281827879571,972.6281827879571,0
2026-01-02T06:15:00,972.6281827879571,972.6281827879571,0
2026-01-02T06:30:00,972.6281827879571,972.6281827879571,0
2026-01-02T06:45:00,972.6281827879571,972.6281827879571,0
2026-01-02T07:00:00,972.6281827879571,972.6281827879571,0
2026-01-02T07:15:00,972.6281827879571,972.6281827879571,0
2026-01-02T07:30:00,972.6281827879571,972.6281827879571,0
2026-01-02T07:45:00,972.6281827879571,972.6281827879571,0
2026-01-02T08:00:00,972.6281827879571,972.6281827879571,0
2026-01-02T08:15:00,972.6281827879571,972.6281827879571,0
2026-01-02T08:30:00,972.6281827879571,972.6281827879571,0
2026-01-02T08:45:00,972.6281827879571,972.6281827879571,0
2026-01-02T09:00:00,971.7421947503942,855.726056242307,1
2026-01-02T09:15:00,971.5643883931423,855.726056242307,1
2026-01-02T09:30:00,972.2510888073566,855.726056242307,1
2026-01-02T09:45:00,972.8044344536319,855.726056242307,1
2026-01-02T10:00:00,974.9105200990122,855.726056242307,1
2026-01-02T10:15:00,973.783902231942,855.726056242307,1
2026-01-02T10:30:00,974.5472433173854,855.726056242307,1
2026-01-02T10:45:00,974.1992946700045,855.726056242307,1
2026-01-02T11:00:00,972.8473532295202,855.726056242307,1
2026-01-02T11:15:00,972.6864078199388,855.726056242307,1
2026-01-02T11:30:00,972.5886166637498,972.5886166637498,0
2026-01-02T11:45:00,972.5886166637498,972.5886166637498,0
2026-01-02T12:00:00,972.5886166637498,972.5886166637498,0
2026-01-02T12:15:00,972.5886166637498,972.5886166637498,0
2026-01-02T12:30:00,972.5886166637498,972.5886166637498,0
2026-01-02T12:45:00,972.5886166637498,972.5886166637498,0
2026-01-02T13:00:00,972.5886166637498,972.5886166637498,0
2026-01-02T13:15:00,972.5886166637498,972.5886166637498,0
2026-01-02T13:30:00,972.5886166637498,972.5886166637498,0
2026-01-02T13:45:00,972.5886166637498,972.5886166637498,0
2026-01-02T14:00:00,972.5886166637498,972.5886166637498,0
2026-01-02T14:15:00,972.5886166637498,972.5886166637498,0
2026-01-02T14:30:00,972.5886166637498,972.5886166637498,0
2026-01-02T14:45:00,972.5886166637498,972.5886166637498,0
2026-01-02T15:00:00,972.5886166637498,972.5886166637498,0
2026-01-02T15:15:00,972.5886166637498,972.5886166637498,0
2026-01-02T15:30:00,972.5886166637498,972.5886166637498,0
2026-01-02T15:45:00,972.5886166637498,972.5886166637498,0
2026-01-02T16:00:00,972.5886166637498,972.5886166637498,0
2026-01-02T16:15:00,972.5886166637498,972.5886166637498,0
2026-01-02T16:30:00,972.5886166637498,972.5886166637498,0
2026-01-02T16:45:00,972.5886166637498,972.5886166637498,0
2026-01-02T17:00:00,971.7026646678247,855.6912456497004,1
2026-01-02T17:15:00,971.5869865223528,855.6912456497004,1
2026-01-02T17:30:00,971.1487571762347,855.6912456497004,1
2026-01-02T17:45:00,970.383450316975,855.6912456497004,1
2026-01-02T18:00:00,970.2903008632402,855.6912456497004,1
2026-01-02T18:15:00,970.0515893144919,855.6912456497004,1
2026-01-02T18:30:00,968.5452530902645,855.6912456497004,1
2026-01-02T18:45:00,966.939160970149,966.939160970149,0
2026-01-02T19:00:00,966.939160970149,966.939160970149,0
2026-01-02T19:15:00,966.939160970149,966.939160970149,0
2026-01-02T19:30:00,966.939160970149,966.939160970149,0
2026-01-02T19:45:00,966.939160970149,966.939160970149,0
2026-01-02T20:00:00,966.939160970149,966.939160970149,0
2026-01-02T20:15:00,966.939160970149,966.939160970149,0
2026-01-02T20:30:00,966.939160970149,966.939160970149,0
2026-01-02T20:45:00,966.939160970149,966.939160970149,0
2026-01-02T21:00:00,966.939160970149,966.939160970149,0
2026-01-02T21:15:00,966.939160970149,966.939160970149,0
2026-01-02T21:30:00,966.939160970149,966.939160970149,0
2026-01-02T21:45:00,966.939160970149,966.939160970149,0
2026-01-02T22:00:00,966.939160970149,966.939160970149,0
2026-01-02T22:15:00,966.939160970149,966.939160970149,0
2026-01-02T22:30:00,966.939160970149,966.939160970149,0
2026-01-02T22:45:00,966.939160970149,966.939160970149,0
2026-01-02T23:00:00,966.939160970149,966.939160970149,0
2026-01-02T23:15:00,966.939160970149,966.939160970149,0
2026-01-02T23:30:00,966.939160970149,966.939160970149,0
2026-01-02T23:45:00,966.939160970149,966.939160970149,0
2026-01-03T00:00:00,966.939160970149,966.939160970149,0
2026-01-03T00:15:00,966.939160970149,966.939160970149,0
2026-01-03T00:30:00,966.939160970149,966.939160970149,0
2026-01-03T00:45:00,966.939160970149,966.939160970149,0
2026-01-03T01:00:00,966.939160970149,966.939160970149,0
2026-01-03T01:15:00,966.939160970149,966.939160970149,0
2026-01-03T01:30:00,966.939160970149,966.939160970149,0
2026-01-03T01:45:00,966.939160970149,966.939160970149,0
2026-01-03T02:00:00,966.939160970149,966.939160970149,0
2026-01-03T02:15:00,966.939160970149,966.939160970149,0
2026-01-03T02:30:00,966.939160970149,966.939160970149,0
2026-01-03T02:45:00,966.939160970149,966.939160970149,0
2026-01-03T03:00:00,966.939160970149,966.939160970149,0
2026-01-03T03:15:00,966.939160970149,966.939160970149,0
2026-01-03T03:30:00,966.939160970149,966.939160970149,0
2026-01-03T03:45:00,966.939160970149,966.939160970149,0
2026-01-03T04:00:00,966.939160970149,966.939160970149,0
2026-01-03T04:15:00,966.939160970149,966.939160970149,0
2026-01-03T04:30:00,966.939160970149,966.939160970149,0
2026-01-03T04:45:00,966.939160970149,966.939160970149,0
2026-01-03T05:00:00,966.939160970149,966.939160970149,0
2026-01-03T05:15:00,966.939160970149,966.939160970149,0
2026-01-03T05:30:00,966.939160970149,966.939160970149,0
2026-01-03T05:45:00,966.939160970149,966.939160970149,0
2026-01-03T06:00:00,966.939160970149,966.939160970149,0
2026-01-03T06:15:00,966.939160970149,966.939160970149,0
2026-01-03T06:30:00,966.939160970149,966.939160970149,0
2026-01-03T06:45:00,966.939160970149,966.939160970149,0
2026-01-03T07:00:00,966.939160970149,966.939160970149,0
2026-01-03T07:15:00,966.939160970149,966.939160970149,0
2026-01-03T07:30:00,966.939160970149,966.939160970149,0
2026-01-03T07:45:00,966.939160970149,966.939160970149,0
2026-01-03T08:00:00,966.939160970149,966.939160970149,0
2026-01-03T08:15:00,966.939160970149,966.939160970149,0
2026-01-03T08:30:00,966.939160970149,966.939160970149,0
2026-01-03T08:45:00,966.939160970149,966.939160970149,0
2026-01-03T09:00:00,966.939160970149,966.939160970149,0
2026-01-03T09:15:00,966.939160970149,966.939160970149,0
2026-01-03T09:30:00,966.939160970149,966.939160970149,0
2026-01-03T09:45:00,966.939160970149,966.939160970149,0
2026-01-03T10:00:00,966.939160970149,966.939160970149,0
2026-01-03T10:15:00,966.939160970149,966.939160970149,0
2026-01-03T10:30:00,966.939160970149,966.939160970149,0
2026-01-03T10:45:00,966.939160970149,966.939160970149,0
2026-01-03T11:00:00,966.939160970149,966.939160970149,0
2026-01-03T11:15:00,966.939160970149,966.939160970149,0
2026-01-03T11:30:00,966.939160970149,966.939160970149,0
2026-01-03T11:45:00,966.939160970149,966.939160970149,0
2026-01-03T12:00:00,966.939160970149,966.939160970149,0
2026-01-03T12:15:00,966.939160970149,966.939160970149,0
2026-01-03T12:30:00,966.939160970149,966.939160970149,0
2026-01-03T12:45:00,966.939160970149,966.939160970149,0
2026-01-03T13:00:00,966.939160970149,966.939160970149,0
2026-01-03T13:15:00,966.939160970149,966.939160970149,0
2026-01-03T13:30:00,966.939160970149,966.939160970149,0
2026-01-03T13:45:00,966.939160970149,966.939160970149,0
2026-01-03T14:00:00,966.939160970149,966.939160970149,0
2026-01-03T14:15:00,966.939160970149,966.939160970149,0
2026-01-03T14:30:00,966.939160970149,966.939160970149,0
2026-01-03T14:45:00,966.939160970149,966.939160970149,0
2026-01-03T15:00:00,966.939160970149,966.939160970149,0
2026-01-03T15:15:00,966.939160970149,966.939160970149,0
2026-01-03T15:30:00,966.939160970149,966.939160970149,0
2026-01-03T15:45:00,966.939160970149,966.939160970149,0
2026-01-03T16:00:00,966.939160970149,966.939160970149,0
2026-01-03T16:15:00,966.939160970149,966.939160970149,0
2026-01-03T16:30:00,966.939160970149,966.939160970149,0
2026-01-03T16:45:00,966.939160970149,966.939160970149,0
2026-01-03T17:00:00,966.939160970149,966.939160970149,0
2026-01-03T17:15:00,966.939160970149,966.939160970149,0
2026-01-03T17:30:00,966.939160970149,966.939160970149,0
2026-01-03T17:45:00,966.939160970149,966.939160970149,0
2026-01-03T18:00:00,966.939160970149,966.939160970149,0
2026-01-03T18:15:00,966.939160970149,966.939160970149,0
2026-01-03T18:30:00,966.939160970149,966.939160970149,0
2026-01-03T18:45:00,966.939160970149,966.939160970149,0
2026-01-03T19:00:00,966.939160970149,966.939160970149,0
2026-01-03T19:15:00,966.939160970149,966.939160970149,0
2026-01-03T19:30:00,966.939160970149,966.939160970149,0
2026-01-03T19:45:00,966.939160970149,966.939160970149,0
2026-01-03T20:00:00,966.939160970149,966.939160970149,0
2026-01-03T20:15:00,966.939160970149,966.939160970149,0
2026-01-03T20:30:00,966.939160970149,966.939160970149,0
2026-01-03T20:45:00,966.939160970149,966.939160970149,0
2026-01-03T21:00:00,966.939160970149,966.939160970149,0
2026-01-03T21:15:00,966.939160970149,966.939160970149,0
2026-01-03T21:30:00,966.939160970149,966.939160970149,0
2026-01-03T21:45:00,966.939160970149,966.939160970149,0
2026-01-03T22:00:00,966.939160970149,966.939160970149,0
2026-01-03T22:15:00,966.939160970149,966.939160970149,0
2026-01-03T22:30:00,966.939160970149,966.939160970149,0
2026-01-03T22:45:00,966.939160970149,966.939160970149,0
2026-01-03T23:00:00,966.939160970149,966.939160970149,0
2026-01-03T23:15:00,966.0583551855428,850.7208093348249,1
2026-01-03T23:30:00,965.4587844053657,850.7208093348249,1
2026-01-03T23:45:00,965.5668551879655,850.7208093348249,1
2026-01-04T00:00:00,968.6550148112976,850.7208093348249,1
2026-01-04T00:15:00,967.4691970460584,850.7208093348249,1
2026-01-04T00:30:00,968.3707738488433,850.7208093348249,1
2026-01-04T00:45:00,970.1028672137994,850.7208093348249,1
2026-01-04T01:00:00,969.9962768528791,850.7208093348249,1
2026-01-04T01:15:00,968.7349575819879,850.7208093348249,1
2026-01-04T01:30:00,968.422588607624,850.7208093348249,1
2026-01-04T01:45:00,968.9807075807765,850.7208093348249,1
2026-01-04T02:00:00,967.8067331889729,850.7208093348249,1
2026-01-04T02:15:00,968.4507166195335,850.7208093348249,1
2026-01-04T02:30:00,967.5149180549273,967.5149180549273,0
2026-01-04T02:45:00,967.5149180549273,967.5149180549273,0
2026-01-04T03:00:00,967.5149180549273,967.5149180549273,0
2026-01-04T03:15:00,967.5149180549273,967.5149180549273,0
2026-01-04T03:30:00,967.5149180549273,967.5149180549273,0
2026-01-04T03:45:00,967.5149180549273,967.5149180549273,0
2026-01-04T04:00:00,967.5149180549273,967.5149180549273,0
2026-01-04T04:15:00,967.5149180549273,967.5149180549273,0
2026-01-04T04:30:00,967.5149180549273,967.5149180549273,0
2026-01-04T04:45:00,967.5149180549273,967.5149180549273,0
2026-01-04T05:00:00,967.5149180549273,967.5149180549273,0
2026-01-04T05:15:00,967.5149180549273,967.5149180549273,0
2026-01-04T05:30:00,967.5149180549273,967.5149180549273,0
2026-01-04T05:45:00,967.5149180549273,967.5149180549273,0
2026-01-04T06:00:00,967.5149180549273,967.5149180549273,0
2026-01-04T06:15:00,967.5149180549273,967.5149180549273,0
2026-01-04T06:30:00,967.5149180549273,967.5149180549273,0
2026-01-04T06:45:00,967.5149180549273,967.5149180549273,0
2026-01-04T07:00:00,967.5149180549273,967.5149180549273,0
2026-01-04T07:15:00,967.5149180549273,967.5149180549273,0
2026-01-04T07:30:00,967.5149180549273,967.5149180549273,0
2026-01-04T07:45:00,967.5149180549273,967.5149180549273,0
2026-01-04T08:00:00,967.5149180549273,967.5149180549273,0
2026-01-04T08:15:00,967.5149180549273,967.5149180549273,0
2026-01-04T08:30:00,967.5149180549273,967.5149180549273,0
2026-01-04T08:45:00,967.5149180549273,967.5149180549273,0
2026-01-04T09:00:00,967.5149180549273,967.5149180549273,0
2026-01-04T09:15:00,967.5149180549273,967.5149180549273,0
2026-01-04T09:30:00,967.5149180549273,967.5149180549273,0
2026-01-04T09:45:00,967.5149180549273,967.5149180549273,0
2026-01-04T10:00:00,967.5149180549273,967.5149180549273,0
2026-01-04T10:15:00,967.5149180549273,967.5149180549273,0
2026-01-04T10:30:00,967.5149180549273,967.5149180549273,0
2026-01-04T10:45:00,967.5149180549273,967.5149180549273,0
2026-01-04T11:00:00,967.5149180549273,967.5149180549273,0
2026-01-04T11:15:00,967.5149180549273,967.5149180549273,0
2026-01-04T11:30:00,967.5149180549273,967.5149180549273,0
2026-01-04T11:45:00,967.5149180549273,967.5149180549273,0
2026-01-04T12:00:00,967.5149180549273,967.5149180549273,0
2026-01-04T12:15:00,967.5149180549273,967.5149180549273,0
2026-01-04T12:30:00,967.5149180549273,967.5149180549273,0
2026-01-04T12:45:00,967.5149180549273,967.5149180549273,0
2026-01-04T13:00:00,967.5149180549273,967.5149180549273,0
2026-01-04T13:15:00,967.5149180549273,967.5149180549273,0
2026-01-04T13:30:00,967.5149180549273,967.5149180549273,0
2026-01-04T13:45:00,967.5149180549273,967.5149180549273,0
2026-01-04T14:00:00,967.5149180549273,967.5149180549273,0
2026-01-04T14:15:00,967.5149180549273,967.5149180549273,0
2026-01-04T14:30:00,967.5149180549273,967.5149180549273,0
2026-01-04T14:45:00,967.5149180549273,967.5149180549273,0
2026-01-04T15:00:00,967.5149180549273,967.5149180549273,0
2026-01-04T15:15:00,967.5149180549273,967.5149180549273,0
2026-01-04T15:30:00,967.5149180549273,967.5149180549273,0
2026-01-04T15:45:00,967.5149180549273,967.5149180549273,0
2026-01-04T16:00:00,967.5149180549273,967.5149180549273,0
2026-01-04T16:15:00,967.5149180549273,967.5149180549273,0
2026-01-04T16:30:00,967.5149180549273,967.5149180549273,0
2026-01-04T16:45:00,967.5149180549273,967.5149180549273,0
2026-01-04T17:00:00,967.5149180549273,967.5149180549273,0
2026-01-04T17:15:00,967.5149180549273,967.5149180549273,0
2026-01-04T17:30:00,967.5149180549273,967.5149180549273,0
2026-01-04T17:45:00,967.5149180549273,967.5149180549273,0
2026-01-04T18:00:00,967.5149180549273,967.5149180549273,0
2026-01-04T18:15:00,967.5149180549273,967.5149180549273,0
2026-01-04T18:30:00,967.5149180549273,967.5149180549273,0
2026-01-04T18:45:00,967.5149180549273,967.5149180549273,0
2026-01-04T19:00:00,967.5149180549273,967.5149180549273,0
2026-01-04T19:15:00,967.5149180549273,967.5149180549273,0
2026-01-04T19:30:00,967.5149180549273,967.5149180549273,0
2026-01-04T19:45:00,967.5149180549273,967.5149180549273,0
2026-01-04T20:00:00,967.5149180549273,967.5149180549273,0
2026-01-04T20:15:00,967.5149180549273,967.5149180549273,0
2026-01-04T20:30:00,967.5149180549273,967.5149180549273,0
2026-01-04T20:45:00,967.5149180549273,967.5149180549273,0
2026-01-04T21:00:00,967.5149180549273,967.5149180549273,0
2026-01-04T21:15:00,967.5149180549273,967.5149180549273,0
2026-01-04T21:30:00,967.5149180549273,967.5149180549273,0
2026-01-04T21:45:00,967.5149180549273,967.5149180549273,0
2026-01-04T22:00:00,967.5149180549273,967.5149180549273,0
2026-01-04T22:15:00,967.5149180549273,967.5149180549273,0
2026-01-04T22:30:00,967.5149180549273,967.5149180549273,0
2026-01-04T22:45:00,967.5149180549273,967.5149180549273,0
2026-01-04T23:00:00,967.5149180549273,967.5149180549273,0
2026-01-04T23:15:00,967.5149180549273,967.5149180549273,0
2026-01-04T23:30:00,967.5149180549273,967.5149180549273,0
2026-01-04T23:45:00,967.5149180549273,967.5149180549273,0
2026-01-05T00:00:00,966.633587800746,851.2273650240695,1
2026-01-05T00:15:00,966.3915271836477,851.2273650240695,1
2026-01-05T00:30:00,967.3817201145048,851.2273650240695,1
2026-01-05T00:45:00,969.2076453656418,851.2273650240695,1
2026-01-05T01:00:00,971.9775918852126,851.2273650240695,1
2026-01-05T01:15:00,972.0984960416788,851.2273650240695,1
2026-01-05T01:30:00,973.2169604106564,851.2273650240695,1
2026-01-05T01:45:00,972.0426358992714,851.2273650240695,1
2026-01-05T02:00:00,971.550289549255,851.2273650240695,1
2026-01-05T02:15:00,970.9270477977891,851.2273650240695,1
2026-01-05T02:30:00,971.8169750529792,851.2273650240695,1
2026-01-05T02:45:00,972.3748195645536,851.2273650240695,1
2026-01-05T03:00:00,972.2077437456642,851.2273650240695,1
2026-01-05T03:15:00,972.1803939740429,851.2273650240695,1
2026-01-05T03:30:00,971.8924644595206,851.2273650240695,1
2026-01-05T03:45:00,971.2200003592062,971.2200003592062,0
2026-01-05T04:00:00,971.2200003592062,971.2200003592062,0
2026-01-05T04:15:00,971.2200003592062,971.2200003592062,0
2026-01-05T04:30:00,971.2200003592062,971.2200003592062,0
2026-01-05T04:45:00,971.2200003592062,971.2200003592062,0
2026-01-05T05:00:00,971.2200003592062,971.2200003592062,0
2026-01-05T05:15:00,971.2200003592062,971.2200003592062,0
2026-01-05T05:30:00,971.2200003592062,971.2200003592062,0
2026-01-05T05:45:00,971.2200003592062,971.2200003592062,0
2026-01-05T06:00:00,971.2200003592062,971.2200003592062,0
2026-01-05T06:15:00,971.2200003592062,971.2200003592062,0
2026-01-05T06:30:00,971.2200003592062,971.2200003592062,0
2026-01-05T06:45:00,971.2200003592062,971.2200003592062,0
2026-01-05T07:00:00,971.2200003592062,971.2200003592062,0
2026-01-05T07:15:00,971.2200003592062,971.2200003592062,0
2026-01-05T07:30:00,971.2200003592062,971.2200003592062,0
2026-01-05T07:45:00,971.2200003592062,971.2200003592062,0
2026-01-05T08:00:00,971.2200003592062,971.2200003592062,0
2026-01-05T08:15:00,971.2200003592062,971.2200003592062,0
2026-01-05T08:30:00,971.2200003592062,971.2200003592062,0
2026-01-05T08:45:00,971.2200003592062,971.2200003592062,0
2026-01-05T09:00:00,971.2200003592062,971.2200003592062,0
2026-01-05T09:15:00,971.2200003592062,971.2200003592062,0
2026-01-05T09:30:00,971.2200003592062,971.2200003592062,0
2026-01-05T09:45:00,971.2200003592062,971.2200003592062,0
2026-01-05T10:00:00,971.2200003592062,971.2200003592062,0
2026-01-05T10:15:00,971.2200003592062,971.2200003592062,0
2026-01-05T10:30:00,971.2200003592062,971.2200003592062,0
2026-01-05T10:45:00,971.2200003592062,971.2200003592062,0
2026-01-05T11:00:00,971.2200003592062,971.2200003592062,0
2026-01-05T11:15:00,971.2200003592062,971.2200003592062,0
2026-01-05T11:30:00,971.2200003592062,971.2200003592062,0
2026-01-05T11:45:00,971.2200003592062,971.2200003592062,0
2026-01-05T12:00:00,971.2200003592062,971.2200003592062,0
2026-01-05T12:15:00,971.2200003592062,971.2200003592062,0
2026-01-05T12:30:00,971.2200003592062,971.2200003592062,0
2026-01-05T12:45:00,971.2200003592062,971.2200003592062,0
2026-01-05T13:00:00,971.2200003592062,971.2200003592062,0
2026-01-05T13:15:00,971.2200003592062,971.2200003592062,0
2026-01-05T13:30:00,971.2200003592062,971.2200003592062,0
2026-01-05T13:45:00,971.2200003592062,971.2200003592062,0
2026-01-05T14:00:00,971.2200003592062,971.2200003592062,0
2026-01-05T14:15:00,971.2200003592062,971.2200003592062,0
2026-01-05T14:30:00,971.2200003592062,971.2200003592062,0
2026-01-05T14:45:00,971.2200003592062,971.2200003592062,0
2026-01-05T15:00:00,971.2200003592062,971.2200003592062,0
2026-01-05T15:15:00,971.2200003592062,971.2200003592062,0
2026-01-05T15:30:00,971.2200003592062,971.2200003592062,0
2026-01-05T15:45:00,971.2200003592062,971.2200003592062,0
2026-01-05T16:00:00,971.2200003592062,971.2200003592062,0
2026-01-05T16:15:00,971.2200003592062,971.2200003592062,0
2026-01-05T16:30:00,971.2200003592062,971.2200003592062,0
2026-01-05T16:45:00,971.2200003592062,971.2200003592062,0
2026-01-05T17:00:00,971.2200003592062,971.2200003592062,0
2026-01-05T17:15:00,971.2200003592062,971.2200003592062,0
2026-01-05T17:30:00,971.2200003592062,971.2200003592062,0
2026-01-05T17:45:00,970.3352950654591,854.4871260760325,1
2026-01-05T18:00:00,969.9267923733048,854.4871260760325,1
2026-01-05T18:15:00,968.6201631948537,854.4871260760325,1
2026-01-05T18:30:00,968.6534807903131,854.4871260760325,1
2026-01-05T18:45:00,972.496592996999,854.4871260760325,1
2026-01-05T19:00:00,971.4391214889399,854.4871260760325,1
2026-01-05T19:15:00,971.809960812314,854.4871260760325,1
2026-01-05T19:30:00,971.2551504183598,854.4871260760325,1
2026-01-05T19:45:00,971.7389798480745,854.4871260760325,1
2026-01-05T20:00:00,973.82205385984,854.4871260760325,1
2026-01-05T20:15:00,977.2276915522331,854.4871260760325,1
2026-01-05T20:30:00,974.675274021822,854.4871260760325,1
2026-01-05T20:45:00,974.4710226757448,854.4871260760325,1
2026-01-05T21:00:00,973.6424285625808,854.4871260760325,1
2026-01-05T21:15:00,973.160047723973,854.4871260760325,1
2026-01-05T21:30:00,974.2609769652399,854.4871260760325,1
2026-01-05T21:45:00,973.5739669839384,973.5739669839384,0
2026-01-05T22:00:00,973.5739669839384,973.5739669839384,0
2026-01-05T22:15:00,973.5739669839384,973.5739669839384,0
2026-01-05T22:30:00,973.5739669839384,973.5739669839384,0
2026-01-05T22:45:00,973.5739669839384,973.5739669839384,0
2026-01-05T23:00:00,973.5739669839384,973.5739669839384,0
2026-01-05T23:15:00,973.5739669839384,973.5739669839384,0
2026-01-05T23:30:00,973.5739669839384,973.5739669839384,0
2026-01-05T23:45:00,973.5739669839384,973.5739669839384,0
2026-01-06T00:00:00,973.5739669839384,973.5739669839384,0
2026-01-06T00:15:00,973.5739669839384,973.5739669839384,0
2026-01-06T00:30:00,973.5739669839384,973.5739669839384,0
2026-01-06T00:45:00,973.5739669839384,973.5739669839384,0
2026-01-06T01:00:00,973.5739669839384,973.5739669839384,0
2026-01-06T01:15:00,973.5739669839384,973.5739669839384,0
2026-01-06T01:30:00,973.5739669839384,973.5739669839384,0
2026-01-06T01:45:00,973.5739669839384,973.5739669839384,0
2026-01-06T02:00:00,973.5739669839384,973.5739669839384,0
2026-01-06T02:15:00,973.5739669839384,973.5739669839384,0
2026-01-06T02:30:00,973.5739669839384,973.5739669839384,0
2026-01-06T02:45:00,973.5739669839384,973.5739669839384,0
2026-01-06T03:00:00,973.5739669839384,973.5739669839384,0
2026-01-06T03:15:00,973.5739669839384,973.5739669839384,0
2026-01-06T03:30:00,973.5739669839384,973.5739669839384,0
2026-01-06T03:45:00,973.5739669839384,973.5739669839384,0
2026-01-06T04:00:00,973.5739669839384,973.5739669839384,0
2026-01-06T04:15:00,973.5739669839384,973.5739669839384,0
2026-01-06T04:30:00,973.5739669839384,973.5739669839384,0
2026-01-06T04:45:00,973.5739669839384,973.5739669839384,0
2026-01-06T05:00:00,973.5739669839384,973.5739669839384,0
2026-01-06T05:15:00,973.5739669839384,973.5739669839384,0
2026-01-06T05:30:00,973.5739669839384,973.5739669839384,0
2026-01-06T05:45:00,973.5739669839384,973.5739669839384,0
2026-01-06T06:00:00,973.5739669839384,973.5739669839384,0
2026-01-06T06:15:00,973.5739669839384,973.5739669839384,0
2026-01-06T06:30:00,972.6871174111058,856.5581647442049,1
2026-01-06T06:45:00,971.721667222875,856.5581647442049,1
2026-01-06T07:00:00,970.6886929887412,856.5581647442049,1
2026-01-06T07:15:00,968.5121693378652,968.5121693378652,0
2026-01-06T07:30:00,968.5121693378652,968.5121693378652,0
2026-01-06T07:45:00,968.5121693378652,968.5121693378652,0
2026-01-06T08:00:00,968.5121693378652,968.5121693378652,0
2026-01-06T08:15:00,968.5121693378652,968.5121693378652,0
2026-01-06T08:30:00,968.5121693378652,968.5121693378652,0
2026-01-06T08:45:00,968.5121693378652,968.5121693378652,0
2026-01-06T09:00:00,968.5121693378652,968.5121693378652,0
2026-01-06T09:15:00,968.5121693378652,968.5121693378652,0
2026-01-06T09:30:00,968.5121693378652,968.5121693378652,0
2026-01-06T09:45:00,968.5121693378652,968.5121693378652,0
2026-01-06T10:00:00,968.5121693378652,968.5121693378652,0
2026-01-06T10:15:00,968.5121693378652,968.5121693378652,0
2026-01-06T10:30:00,968.5121693378652,968.5121693378652,0
2026-01-06T10:45:00,968.5121693378652,968.5121693378652,0
2026-01-06T11:00:00,968.5121693378652,968.5121693378652,0
2026-01-06T11:15:00,968.5121693378652,968.5121693378652,0
2026-01-06T11:30:00,968.5121693378652,968.5121693378652,0
2026-01-06T11:45:00,968.5121693378652,968.5121693378652,0
2026-01-06T12:00:00,968.5121693378652,968.5121693378652,0
2026-01-06T12:15:00,968.5121693378652,968.5121693378652,0
2026-01-06T12:30:00,968.5121693378652,968.5121693378652,0
2026-01-06T12:45:00,968.5121693378652,968.5121693378652,0
2026-01-06T13:00:00,968.5121693378652,968.5121693378652,0
2026-01-06T13:15:00,968.5121693378652,968.5121693378652,0
2026-01-06T13:30:00,968.5121693378652,968.5121693378652,0
2026-01-06T13:45:00,968.5121693378652,968.5121693378652,0
2026-01-06T14:00:00,968.5121693378652,968.5121693378652,0
2026-01-06T14:15:00,968.5121693378652,968.5121693378652,0
2026-01-06T14:30:00,968.5121693378652,968.5121693378652,0
2026-01-06T14:45:00,968.5121693378652,968.5121693378652,0
2026-01-06T15:00:00,968.5121693378652,968.5121693378652,0
2026-01-06T15:15:00,968.5121693378652,968.5121693378652,0
2026-01-06T15:30:00,968.5121693378652,968.5121693378652,0
2026-01-06T15:45:00,968.5121693378652,968.5121693378652,0
2026-01-06T16:00:00,968.5121693378652,968.5121693378652,0
2026-01-06T16:15:00,968.5121693378652,968.5121693378652,0
2026-01-06T16:30:00,968.5121693378652,968.5121693378652,0
2026-01-06T16:45:00,968.5121693378652,968.5121693378652,0
2026-01-06T17:00:00,968.5121693378652,968.5121693378652,0
2026-01-06T17:15:00,968.5121693378652,968.5121693378652,0
2026-01-06T17:30:00,968.5121693378652,968.5121693378652,0
2026-01-06T17:45:00,968.5121693378652,968.5121693378652,0
2026-01-06T18:00:00,967.6278386749394,852.1047546808085,1
2026-01-06T18:15:00,966.731625396893,852.1047546808085,1
2026-01-06T18:30:00,967.0563734194031,852.1047546808085,1
2026-01-06T18:45:00,966.5783524426312,852.1047546808085,1
2026-01-06T19:00:00,965.6514642928255,852.1047546808085,1
2026-01-06T19:15:00,965.4994081929804,852.1047546808085,1
2026-01-06T19:30:00,966.1752694170332,852.1047546808085,1
2026-01-06T19:45:00,966.2213577780733,852.1047546808085,1
2026-01-06T20:00:00,964.2231016575009,964.2231016575009,0
2026-01-06T20:15:00,964.2231016575009,964.2231016575009,0
2026-01-06T20:30:00,964.2231016575009,964.2231016575009,0
2026-01-06T20:45:00,964.2231016575009,964.2231016575009,0
2026-01-06T21:00:00,964.2231016575009,964.2231016575009,0
2026-01-06T21:15:00,964.2231016575009,964.2231016575009,0
2026-01-06T21:30:00,964.2231016575009,964.2231016575009,0
2026-01-06T21:45:00,964.2231016575009,964.2231016575009,0
2026-01-06T22:00:00,964.2231016575009,964.2231016575009,0
2026-01-06T22:15:00,964.2231016575009,964.2231016575009,0
2026-01-06T22:30:00,964.2231016575009,964.2231016575009,0
2026-01-06T22:45:00,964.2231016575009,964.2231016575009,0
2026-01-06T23:00:00,964.2231016575009,964.2231016575009,0
2026-01-06T23:15:00,964.2231016575009,964.2231016575009,0
2026-01-06T23:30:00,964.2231016575009,964.2231016575009,0
2026-01-06T23:45:00,964.2231016575009,964.2231016575009,0
2026-01-07T00:00:00,964.2231016575009,964.2231016575009,0
2026-01-07T00:15:00,964.2231016575009,964.2231016575009,0
2026-01-07T00:30:00,964.2231016575009,964.2231016575009,0
2026-01-07T00:45:00,964.2231016575009,964.2231016575009,0
2026-01-07T01:00:00,964.2231016575009,964.2231016575009,0
2026-01-07T01:15:00,964.2231016575009,964.2231016575009,0
2026-01-07T01:30:00,964.2231016575009,964.2231016575009,0
2026-01-07T01:45:00,964.2231016575009,964.2231016575009,0
2026-01-07T02:00:00,964.2231016575009,964.2231016575009,0
2026-01-07T02:15:00,964.2231016575009,964.2231016575009,0
2026-01-07T02:30:00,964.2231016575009,964.2231016575009,0
2026-01-07T02:45:00,964.2231016575009,964.2231016575009,0
2026-01-07T03:00:00,964.2231016575009,964.2231016575009,0
2026-01-07T03:15:00,964.2231016575009,964.2231016575009,0
2026-01-07T03:30:00,964.2231016575009,964.2231016575009,0
2026-01-07T03:45:00,964.2231016575009,964.2231016575009,0
2026-01-07T04:00:00,964.2231016575009,964.2231016575009,0
2026-01-07T04:15:00,964.2231016575009,964.2231016575009,0
2026-01-07T04:30:00,964.2231016575009,964.2231016575009,0
2026-01-07T04:45:00,964.2231016575009,964.2231016575009,0
2026-01-07T05:00:00,964.2231016575009,964.2231016575009,0
2026-01-07T05:15:00,964.2231016575009,964.2231016575009,0
2026-01-07T05:30:00,964.2231016575009,964.2231016575009,0
2026-01-07T05:45:00,964.2231016575009,964.2231016575009,0
2026-01-07T06:00:00,964.2231016575009,964.2231016575009,0
2026-01-07T06:15:00,964.2231016575009,964.2231016575009,0
2026-01-07T06:30:00,964.2231016575009,964.2231016575009,0
2026-01-07T06:45:00,964.2231016575009,964.2231016575009,0
2026-01-07T07:00:00,964.2231016575009,964.2231016575009,0
2026-01-07T07:15:00,964.2231016575009,964.2231016575009,0
2026-01-07T07:30:00,964.2231016575009,964.2231016575009,0
2026-01-07T07:45:00,964.2231016575009,964.2231016575009,0
2026-01-07T08:00:00,964.2231016575009,964.2231016575009,0
2026-01-07T08:15:00,964.2231016575009,964.2231016575009,0
2026-01-07T08:30:00,964.2231016575009,964.2231016575009,0
2026-01-07T08:45:00,964.2231016575009,964.2231016575009,0
2026-01-07T09:00:00,964.2231016575009,964.2231016575009,0
2026-01-07T09:15:00,964.2231016575009,964.2231016575009,0
2026-01-07T09:30:00,964.2231016575009,964.2231016575009,0
2026-01-07T09:45:00,964.2231016575009,964.2231016575009,0
2026-01-07T10:00:00,964.2231016575009,964.2231016575009,0
2026-01-07T10:15:00,964.2231016575009,964.2231016575009,0
2026-01-07T10:30:00,964.2231016575009,964.2231016575009,0
2026-01-07T10:45:00,964.2231016575009,964.2231016575009,0
2026-01-07T11:00:00,964.2231016575009,964.2231016575009,0
2026-01-07T11:15:00,964.2231016575009,964.2231016575009,0
2026-01-07T11:30:00,964.2231016575009,964.2231016575009,0
2026-01-07T11:45:00,964.2231016575009,964.2231016575009,0
2026-01-07T12:00:00,964.2231016575009,964.2231016575009,0
2026-01-07T12:15:00,964.2231016575009,964.2231016575009,0
2026-01-07T12:30:00,964.2231016575009,964.2231016575009,0
2026-01-07T12:45:00,964.2231016575009,964.2231016575009,0
2026-01-07T13:00:00,964.2231016575009,964.2231016575009,0
2026-01-07T13:15:00,964.2231016575009,964.2231016575009,0
2026-01-07T13:30:00,964.2231016575009,964.2231016575009,0
2026-01-07T13:45:00,964.2231016575009,964.2231016575009,0
2026-01-07T14:00:00,964.2231016575009,964.2231016575009,0
2026-01-07T14:15:00,964.2231016575009,964.2231016575009,0
2026-01-07T14:30:00,964.2231016575009,964.2231016575009,0
2026-01-07T14:45:00,964.2231016575009,964.2231016575009,0
2026-01-07T15:00:00,964.2231016575009,964.2231016575009,0
2026-01-07T15:15:00,964.2231016575009,964.2231016575009,0
2026-01-07T15:30:00,964.2231016575009,964.2231016575009,0
2026-01-07T15:45:00,964.2231016575009,964.2231016575009,0
2026-01-07T16:00:00,964.2231016575009,964.2231016575009,0
2026-01-07T16:15:00,964.2231016575009,964.2231016575009,0
2026-01-07T16:30:00,964.2231016575009,964.2231016575009,0
2026-01-07T16:45:00,964.2231016575009,964.2231016575009,0
2026-01-07T17:00:00,964.2231016575009,964.2231016575009,0
2026-01-07T17:15:00,964.2231016575009,964.2231016575009,0
2026-01-07T17:30:00,964.2231016575009,964.2231016575009,0
2026-01-07T17:45:00,964.2231016575009,964.2231016575009,0
2026-01-07T18:00:00,964.2231016575009,964.2231016575009,0
2026-01-07T18:15:00,964.2231016575009,964.2231016575009,0
2026-01-07T18:30:00,964.2231016575009,964.2231016575009,0
2026-01-07T18:45:00,964.2231016575009,964.2231016575009,0
2026-01-07T19:00:00,963.3426872634516,848.3311986230826,1
2026-01-07T19:15:00,962.7215419383367,848.3311986230826,1
2026-01-07T19:30:00,961.7679720520003,848.3311986230826,1
2026-01-07T19:45:00,960.935583750624,960.935583750624,0
2026-01-07T20:00:00,960.935583750624,960.935583750624,0
2026-01-07T20:15:00,960.935583750624,960.935583750624,0
2026-01-07T20:30:00,960.935583750624,960.935583750624,0
2026-01-07T20:45:00,960.935583750624,960.935583750624,0
2026-01-07T21:00:00,960.935583750624,960.935583750624,0
2026-01-07T21:15:00,960.935583750624,960.935583750624,0
2026-01-07T21:30:00,960.935583750624,960.935583750624,0
2026-01-07T21:45:00,960.935583750624,960.935583750624,0
2026-01-07T22:00:00,960.935583750624,960.935583750624,0
2026-01-07T22:15:00,960.935583750624,960.935583750624,0
2026-01-07T22:30:00,960.935583750624,960.935583750624,0
2026-01-07T22:45:00,960.935583750624,960.935583750624,0
2026-01-07T23:00:00,960.935583750624,960.935583750624,0
2026-01-07T23:15:00,960.935583750624,960.935583750624,0
2026-01-07T23:30:00,960.935583750624,960.935583750624,0
2026-01-07T23:45:00,960.935583750624,960.935583750624,0
2026-01-08T00:00:00,960.935583750624,960.935583750624,0
2026-01-08T00:15:00,960.935583750624,960.935583750624,0
2026-01-08T00:30:00,960.935583750624,960.935583750624,0
2026-01-08T00:45:00,960.935583750624,960.935583750624,0
2026-01-08T01:00:00,960.935583750624,960.935583750624,0
2026-01-08T01:15:00,960.935583750624,960.935583750624,0
2026-01-08T01:30:00,960.935583750624,960.935583750624,0
2026-01-08T01:45:00,960.935583750624,960.935583750624,0
2026-01-08T02:00:00,960.935583750624,960.935583750624,0
2026-01-08T02:15:00,960.935583750624,960.935583750624,0
2026-01-08T02:30:00,960.935583750624,960.935583750624,0
2026-01-08T02:45:00,960.935583750624,960.935583750624,0
2026-01-08T03:00:00,960.935583750624,960.935583750624,0
2026-01-08T03:15:00,960.935583750624,960.935583750624,0
2026-01-08T03:30:00,960.935583750624,960.935583750624,0
2026-01-08T03:45:00,960.935583750624,960.935583750624,0
2026-01-08T04:00:00,960.935583750624,960.935583750624,0
2026-01-08T04:15:00,960.935583750624,960.935583750624,0
2026-01-08T04:30:00,960.935583750624,960.935583750624,0
2026-01-08T04:45:00,960.935583750624,960.935583750624,0
2026-01-08T05:00:00,960.935583750624,960.935583750624,0
2026-01-08T05:15:00,960.935583750624,960.935583750624,0
2026-01-08T05:30:00,960.935583750624,960.935583750624,0
2026-01-08T05:45:00,960.935583750624,960.935583750624,0
2026-01-08T06:00:00,960.935583750624,960.935583750624,0
2026-01-08T06:15:00,960.0581711287588,845.438814068469,1
2026-01-08T06:30:00,959.4803324828501,845.438814068469,1
2026-01-08T06:45:00,961.8954016952379,845.438814068469,1
2026-01-08T07:00:00,961.1056888791626,845.438814068469,1
2026-01-08T07:15:00,959.5129285090295,845.438814068469,1
2026-01-08T07:30:00,958.1927894487611,845.438814068469,1
2026-01-08T07:45:00,958.5024516974661,845.438814068469,1
2026-01-08T08:00:00,957.8786822873953,845.438814068469,1
2026-01-08T08:15:00,957.3143619051716,957.3143619051716,0
2026-01-08T08:30:00,957.3143619051716,957.3143619051716,0
2026-01-08T08:45:00,957.3143619051716,957.3143619051716,0
2026-01-08T09:00:00,957.3143619051716,957.3143619051716,0
2026-01-08T09:15:00,957.3143619051716,957.3143619051716,0
2026-01-08T09:30:00,957.3143619051716,957.3143619051716,0
2026-01-08T09:45:00,957.3143619051716,957.3143619051716,0
2026-01-08T10:00:00,957.3143619051716,957.3143619051716,0
2026-01-08T10:15:00,957.3143619051716,957.3143619051716,0
2026-01-08T10:30:00,957.3143619051716,957.3143619051716,0
2026-01-08T10:45:00,957.3143619051716,957.3143619051716,0
2026-01-08T11:00:00,957.3143619051716,957.3143619051716,0
2026-01-08T11:15:00,957.3143619051716,957.3143619051716,0
2026-01-08T11:30:00,957.3143619051716,957.3143619051716,0
2026-01-08T11:45:00,957.3143619051716,957.3143619051716,0
2026-01-08T12:00:00,957.3143619051716,957.3143619051716,0
2026-01-08T12:15:00,957.3143619051716,957.3143619051716,0
2026-01-08T12:30:00,957.3143619051716,957.3143619051716,0
2026-01-08T12:45:00,957.3143619051716,957.3143619051716,0
2026-01-08T13:00:00,957.3143619051716,957.3143619051716,0
2026-01-08T13:15:00,957.3143619051716,957.3143619051716,0
2026-01-08T13:30:00,957.3143619051716,957.3143619051716,0
2026-01-08T13:45:00,957.3143619051716,957.3143619051716,0
2026-01-08T14:00:00,957.3143619051716,957.3143619051716,0
2026-01-08T14:15:00,957.3143619051716,957.3143619051716,0
2026-01-08T14:30:00,957.3143619051716,957.3143619051716,0
2026-01-08T14:45:00,957.3143619051716,957.3143619051716,0
2026-01-08T15:00:00,957.3143619051716,957.3143619051716,0
2026-01-08T15:15:00,957.3143619051716,957.3143619051716,0
2026-01-08T15:30:00,957.3143619051716,957.3143619051716,0
2026-01-08T15:45:00,957.3143619051716,957.3143619051716,0
2026-01-08T16:00:00,957.3143619051716,957.3143619051716,0
2026-01-08T16:15:00,957.3143619051716,957.3143619051716,0
2026-01-08T16:30:00,957.3143619051716,957.3143619051716,0
2026-01-08T16:45:00,957.3143619051716,957.3143619051716,0
2026-01-08T17:00:00,957.3143619051716,957.3143619051716,0
2026-01-08T17:15:00,957.3143619051716,957.3143619051716,0
2026-01-08T17:30:00,957.3143619051716,957.3143619051716,0
2026-01-08T17:45:00,957.3143619051716,957.3143619051716,0
2026-01-08T18:00:00,957.3143619051716,957.3143619051716,0
2026-01-08T18:15:00,957.3143619051716,957.3143619051716,0
2026-01-08T18:30:00,957.3143619051716,957.3143619051716,0
2026-01-08T18:45:00,957.3143619051716,957.3143619051716,0
2026-01-08T19:00:00,957.3143619051716,957.3143619051716,0
2026-01-08T19:15:00,957.3143619051716,957.3143619051716,0
2026-01-08T19:30:00,957.3143619051716,957.3143619051716,0
2026-01-08T19:45:00,957.3143619051716,957.3143619051716,0
2026-01-08T20:00:00,957.3143619051716,957.3143619051716,0
2026-01-08T20:15:00,956.4402557544242,842.2528341190653,1
2026-01-08T20:30:00,955.5585417260048,842.2528341190653,1
2026-01-08T20:45:00,954.6277609809955,842.2528341190653,1
2026-01-08T21:00:00,953.406833732322,953.406833732322,0
2026-01-08T21:15:00,953.406833732322,953.406833732322,0
2026-01-08T21:30:00,953.406833732322,953.406833732322,0
2026-01-08T21:45:00,953.406833732322,953.406833732322,0
2026-01-08T22:00:00,953.406833732322,953.406833732322,0
2026-01-08T22:15:00,953.406833732322,953.406833732322,0
2026-01-08T22:30:00,953.406833732322,953.406833732322,0
2026-01-08T22:45:00,953.406833732322,953.406833732322,0
2026-01-08T23:00:00,953.406833732322,953.406833732322,0
2026-01-08T23:15:00,953.406833732322,953.406833732322,0
2026-01-08T23:30:00,953.406833732322,953.406833732322,0
2026-01-08T23:45:00,953.406833732322,953.406833732322,0
2026-01-09T00:00:00,953.406833732322,953.406833732322,0
2026-01-09T00:15:00,953.406833732322,953.406833732322,0
2026-01-09T00:30:00,953.406833732322,953.406833732322,0
2026-01-09T00:45:00,953.406833732322,953.406833732322,0
2026-01-09T01:00:00,953.406833732322,953.406833732322,0
2026-01-09T01:15:00,953.406833732322,953.406833732322,0
2026-01-09T01:30:00,953.406833732322,953.406833732322,0
2026-01-09T01:45:00,953.406833732322,953.406833732322,0
2026-01-09T02:00:00,953.406833732322,953.406833732322,0
2026-01-09T02:15:00,953.406833732322,953.406833732322,0
2026-01-09T02:30:00,953.406833732322,953.406833732322,0
2026-01-09T02:45:00,953.406833732322,953.406833732322,0
2026-01-09T03:00:00,953.406833732322,953.406833732322,0
2026-01-09T03:15:00,953.406833732322,953.406833732322,0
2026-01-09T03:30:00,953.406833732322,953.406833732322,0
2026-01-09T03:45:00,953.406833732322,953.406833732322,0
2026-01-09T04:00:00,953.406833732322,953.406833732322,0
2026-01-09T04:15:00,953.406833732322,953.406833732322,0
2026-01-09T04:30:00,953.406833732322,953.406833732322,0
2026-01-09T04:45:00,953.406833732322,953.406833732322,0
2026-01-09T05:00:00,953.406833732322,953.406833732322,0
2026-01-09T05:15:00,953.406833732322,953.406833732322,0
2026-01-09T05:30:00,953.406833732322,953.406833732322,0
2026-01-09T05:45:00,953.406833732322,953.406833732322,0
2026-01-09T06:00:00,953.406833732322,953.406833732322,0
2026-01-09T06:15:00,953.406833732322,953.406833732322,0
2026-01-09T06:30:00,953.406833732322,953.406833732322,0
2026-01-09T06:45:00,953.406833732322,953.406833732322,0
2026-01-09T07:00:00,953.406833732322,953.406833732322,0
2026-01-09T07:15:00,953.406833732322,953.406833732322,0
2026-01-09T07:30:00,953.406833732322,953.406833732322,0
2026-01-09T07:45:00,953.406833732322,953.406833732322,0
2026-01-09T08:00:00,952.5362954737383,838.8149595723667,1
2026-01-09T08:15:00,952.351987323107,838.8149595723667,1
2026-01-09T08:30:00,955.657738312831,838.8149595723667,1
2026-01-09T08:45:00,956.3566348200252,838.8149595723667,1
2026-01-09T09:00:00,954.8231910067723,838.8149595723667,1
2026-01-09T09:15:00,953.8662630886943,838.8149595723667,1
2026-01-09T09:30:00,954.3380919543106,838.8149595723667,1
2026-01-09T09:45:00,954.8969142670248,838.8149595723667,1
2026-01-09T10:00:00,954.6315105301156,838.8149595723667,1
2026-01-09T10:15:00,954.6300360649107,838.8149595723667,1
2026-01-09T10:30:00,954.2157113422912,838.8149595723667,1
2026-01-09T10:45:00,954.2687920896731,838.8149595723667,1
2026-01-09T11:00:00,953.944409744562,838.8149595723667,1
2026-01-09T11:15:00,953.3765072386733,953.3765072386733,0
2026-01-09T11:30:00,953.3765072386733,953.3765072386733,0
2026-01-09T11:45:00,953.3765072386733,953.3765072386733,0
2026-01-09T12:00:00,953.3765072386733,953.3765072386733,0
2026-01-09T12:15:00,953.3765072386733,953.3765072386733,0
2026-01-09T12:30:00,953.3765072386733,953.3765072386733,0
2026-01-09T12:45:00,953.3765072386733,953.3765072386733,0
2026-01-09T13:00:00,953.3765072386733,953.3765072386733,0
2026-01-09T13:15:00,953.3765072386733,953.3765072386733,0
2026-01-09T13:30:00,953.3765072386733,953.3765072386733,0
2026-01-09T13:45:00,953.3765072386733,953.3765072386733,0
2026-01-09T14:00:00,953.3765072386733,953.3765072386733,0
2026-01-09T14:15:00,953.3765072386733,953.3765072386733,0
2026-01-09T14:30:00,953.3765072386733,953.3765072386733,0
2026-01-09T14:45:00,953.3765072386733,953.3765072386733,0
2026-01-09T15:00:00,953.3765072386733,953.3765072386733,0
2026-01-09T15:15:00,953.3765072386733,953.3765072386733,0
2026-01-09T15:30:00,953.3765072386733,953.3765072386733,0
2026-01-09T15:45:00,953.3765072386733,953.3765072386733,0
2026-01-09T16:00:00,953.3765072386733,953.3765072386733,0
2026-01-09T16:15:00,953.3765072386733,953.3765072386733,0
2026-01-09T16:30:00,953.3765072386733,953.3765072386733,0
2026-01-09T16:45:00,953.3765072386733,953.3765072386733,0
2026-01-09T17:00:00,953.3765072386733,953.3765072386733,0
2026-01-09T17:15:00,953.3765072386733,953.3765072386733,0
2026-01-09T17:30:00,953.3765072386733,953.3765072386733,0
2026-01-09T17:45:00,953.3765072386733,953.3765072386733,0
2026-01-09T18:00:00,953.3765072386733,953.3765072386733,0
2026-01-09T18:15:00,953.3765072386733,953.3765072386733,0
2026-01-09T18:30:00,953.3765072386733,953.3765072386733,0
2026-01-09T18:45:00,953.3765072386733,953.3765072386733,0
2026-01-09T19:00:00,953.3765072386733,953.3765072386733,0
2026-01-09T19:15:00,953.3765072386733,953.3765072386733,0
2026-01-09T19:30:00,953.3765072386733,953.3765072386733,0
2026-01-09T19:45:00,953.3765072386733,953.3765072386733,0
2026-01-09T20:00:00,953.3765072386733,953.3765072386733,0
2026-01-09T20:15:00,953.3765072386733,953.3765072386733,0
2026-01-09T20:30:00,953.3765072386733,953.3765072386733,0
2026-01-09T20:45:00,953.3765072386733,953.3765072386733,0
2026-01-09T21:00:00,953.3765072386733,953.3765072386733,0
2026-01-09T21:15:00,953.3765072386733,953.3765072386733,0
2026-01-09T21:30:00,953.3765072386733,953.3765072386733,0
2026-01-09T21:45:00,953.3765072386733,953.3765072386733,0
2026-01-09T22:00:00,953.3765072386733,953.3765072386733,0
2026-01-09T22:15:00,953.3765072386733,953.3765072386733,0
2026-01-09T22:30:00,953.3765072386733,953.3765072386733,0
2026-01-09T22:45:00,953.3765072386733,953.3765072386733,0
2026-01-09T23:00:00,953.3765072386733,953.3765072386733,0
2026-01-09T23:15:00,953.3765072386733,953.3765072386733,0
2026-01-09T23:30:00,953.3765072386733,953.3765072386733,0
2026-01-09T23:45:00,953.3765072386733,953.3765072386733,0
2026-01-10T00:00:00,953.3765072386733,953.3765072386733,0
2026-01-10T00:15:00,953.3765072386733,953.3765072386733,0
2026-01-10T00:30:00,953.3765072386733,953.3765072386733,0
2026-01-10T00:45:00,953.3765072386733,953.3765072386733,0
2026-01-10T01:00:00,953.3765072386733,953.3765072386733,0
2026-01-10T01:15:00,953.3765072386733,953.3765072386733,0
2026-01-10T01:30:00,953.3765072386733,953.3765072386733,0
2026-01-10T01:45:00,953.3765072386733,953.3765072386733,0
2026-01-10T02:00:00,953.3765072386733,953.3765072386733,0
2026-01-10T02:15:00,953.3765072386733,953.3765072386733,0
2026-01-10T02:30:00,953.3765072386733,953.3765072386733,0
2026-01-10T02:45:00,953.3765072386733,953.3765072386733,0
2026-01-10T03:00:00,953.3765072386733,953.3765072386733,0
2026-01-10T03:15:00,953.3765072386733,953.3765072386733,0
2026-01-10T03:30:00,953.3765072386733,953.3765072386733,0
2026-01-10T03:45:00,953.3765072386733,953.3765072386733,0
2026-01-10T04:00:00,953.3765072386733,953.3765072386733,0
2026-01-10T04:15:00,953.3765072386733,953.3765072386733,0
2026-01-10T04:30:00,953.3765072386733,953.3765072386733,0
2026-01-10T04:45:00,953.3765072386733,953.3765072386733,0
2026-01-10T05:00:00,953.3765072386733,953.3765072386733,0
2026-01-10T05:15:00,953.3765072386733,953.3765072386733,0
2026-01-10T05:30:00,953.3765072386733,953.3765072386733,0
2026-01-10T05:45:00,953.3765072386733,953.3765072386733,0
2026-01-10T06:00:00,953.3765072386733,953.3765072386733,0
2026-01-10T06:15:00,953.3765072386733,953.3765072386733,0
2026-01-10T06:30:00,953.3765072386733,953.3765072386733,0
2026-01-10T06:45:00,953.3765072386733,953.3765072386733,0
2026-01-10T07:00:00,953.3765072386733,953.3765072386733,0
2026-01-10T07:15:00,953.3765072386733,953.3765072386733,0
2026-01-10T07:30:00,953.3765072386733,953.3765072386733,0
2026-01-10T07:45:00,953.3765072386733,953.3765072386733,0
2026-01-10T08:00:00,953.3765072386733,953.3765072386733,0
2026-01-10T08:15:00,953.3765072386733,953.3765072386733,0
2026-01-10T08:30:00,953.3765072386733,953.3765072386733,0
2026-01-10T08:45:00,953.3765072386733,953.3765072386733,0
2026-01-10T09:00:00,953.3765072386733,953.3765072386733,0
2026-01-10T09:15:00,953.3765072386733,953.3765072386733,0
2026-01-10T09:30:00,953.3765072386733,953.3765072386733,0
2026-01-10T09:45:00,953.3765072386733,953.3765072386733,0
2026-01-10T10:00:00,953.3765072386733,953.3765072386733,0
2026-01-10T10:15:00,953.3765072386733,953.3765072386733,0
2026-01-10T10:30:00,953.3765072386733,953.3765072386733,0
2026-01-10T10:45:00,953.3765072386733,953.3765072386733,0
2026-01-10T11:00:00,953.3765072386733,953.3765072386733,0
2026-01-10T11:15:00,953.3765072386733,953.3765072386733,0
2026-01-10T11:30:00,953.3765072386733,953.3765072386733,0
2026-01-10T11:45:00,953.3765072386733,953.3765072386733,0
2026-01-10T12:00:00,953.3765072386733,953.3765072386733,0
2026-01-10T12:15:00,953.3765072386733,953.3765072386733,0
2026-01-10T12:30:00,953.3765072386733,953.3765072386733,0
2026-01-10T12:45:00,953.3765072386733,953.3765072386733,0
2026-01-10T13:00:00,953.3765072386733,953.3765072386733,0
2026-01-10T13:15:00,953.3765072386733,953.3765072386733,0
2026-01-10T13:30:00,953.3765072386733,953.3765072386733,0
2026-01-10T13:45:00,953.3765072386733,953.3765072386733,0
2026-01-10T14:00:00,953.3765072386733,953.3765072386733,0
2026-01-10T14:15:00,953.3765072386733,953.3765072386733,0
2026-01-10T14:30:00,953.3765072386733,953.3765072386733,0
2026-01-10T14:45:00,953.3765072386733,953.3765072386733,0
2026-01-10T15:00:00,953.3765072386733,953.3765072386733,0
2026-01-10T15:15:00,953.3765072386733,953.3765072386733,0
2026-01-10T15:30:00,953.3765072386733,953.3765072386733,0
2026-01-10T15:45:00,953.3765072386733,953.3765072386733,0
2026-01-10T16:00:00,953.3765072386733,953.3765072386733,0
2026-01-10T16:15:00,953.3765072386733,953.3765072386733,0
2026-01-10T16:30:00,953.3765072386733,953.3765072386733,0
2026-01-10T16:45:00,953.3765072386733,953.3765072386733,0
2026-01-10T17:00:00,953.3765072386733,953.3765072386733,0
2026-01-10T17:15:00,953.3765072386733,953.3765072386733,0
2026-01-10T17:30:00,953.3765072386733,953.3765072386733,0
2026-01-10T17:45:00,953.3765072386733,953.3765072386733,0
2026-01-10T18:00:00,953.3765072386733,953.3765072386733,0
2026-01-10T18:15:00,953.3765072386733,953.3765072386733,0
2026-01-10T18:30:00,953.3765072386733,953.3765072386733,0
2026-01-10T18:45:00,953.3765072386733,953.3765072386733,0
2026-01-10T19:00:00,953.3765072386733,953.3765072386733,0
2026-01-10T19:15:00,953.3765072386733,953.3765072386733,0
2026-01-10T19:30:00,953.3765072386733,953.3765072386733,0
2026-01-10T19:45:00,953.3765072386733,953.3765072386733,0
2026-01-10T20:00:00,953.3765072386733,953.3765072386733,0
2026-01-10T20:15:00,953.3765072386733,953.3765072386733,0
2026-01-10T20:30:00,953.3765072386733,953.3765072386733,0
2026-01-10T20:45:00,953.3765072386733,953.3765072386733,0
2026-01-10T21:00:00,953.3765072386733,953.3765072386733,0
2026-01-10T21:15:00,953.3765072386733,953.3765072386733,0
2026-01-10T21:30:00,953.3765072386733,953.3765072386733,0
2026-01-10T21:45:00,953.3765072386733,953.3765072386733,0
2026-01-10T22:00:00,953.3765072386733,953.3765072386733,0
2026-01-10T22:15:00,953.3765072386733,953.3765072386733,0
2026-01-10T22:30:00,953.3765072386733,953.3765072386733,0
2026-01-10T22:45:00,953.3765072386733,953.3765072386733,0
2026-01-10T23:00:00,953.3765072386733,953.3765072386733,0
2026-01-10T23:15:00,953.3765072386733,953.3765072386733,0
2026-01-10T23:30:00,953.3765072386733,953.3765072386733,0
2026-01-10T23:45:00,953.3765072386733,953.3765072386733,0
2026-01-11T00:00:00,953.3765072386733,953.3765072386733,0
2026-01-11T00:15:00,953.3765072386733,953.3765072386733,0
2026-01-11T00:30:00,953.3765072386733,953.3765072386733,0
2026-01-11T00:45:00,953.3765072386733,953.3765072386733,0
2026-01-11T01:00:00,953.3765072386733,953.3765072386733,0
2026-01-11T01:15:00,953.3765072386733,953.3765072386733,0
2026-01-11T01:30:00,953.3765072386733,953.3765072386733,0
2026-01-11T01:45:00,953.3765072386733,953.3765072386733,0
2026-01-11T02:00:00,953.3765072386733,953.3765072386733,0
2026-01-11T02:15:00,953.3765072386733,953.3765072386733,0
2026-01-11T02:30:00,953.3765072386733,953.3765072386733,0
2026-01-11T02:45:00,953.3765072386733,953.3765072386733,0
2026-01-11T03:00:00,953.3765072386733,953.3765072386733,0
2026-01-11T03:15:00,953.3765072386733,953.3765072386733,0
2026-01-11T03:30:00,953.3765072386733,953.3765072386733,0
2026-01-11T03:45:00,953.3765072386733,953.3765072386733,0
2026-01-11T04:00:00,953.3765072386733,953.3765072386733,0
2026-01-11T04:15:00,953.3765072386733,953.3765072386733,0
2026-01-11T04:30:00,953.3765072386733,953.3765072386733,0
2026-01-11T04:45:00,953.3765072386733,953.3765072386733,0
2026-01-11T05:00:00,953.3765072386733,953.3765072386733,0
2026-01-11T05:15:00,953.3765072386733,953.3765072386733,0
2026-01-11T05:30:00,953.3765072386733,953.3765072386733,0
2026-01-11T05:45:00,953.3765072386733,953.3765072386733,0
2026-01-11T06:00:00,953.3765072386733,953.3765072386733,0
2026-01-11T06:15:00,953.3765072386733,953.3765072386733,0
2026-01-11T06:30:00,953.3765072386733,953.3765072386733,0
2026-01-11T06:45:00,953.3765072386733,953.3765072386733,0
2026-01-11T07:00:00,953.3765072386733,953.3765072386733,0
2026-01-11T07:15:00,953.3765072386733,953.3765072386733,0
2026-01-11T07:30:00,953.3765072386733,953.3765072386733,0
2026-01-11T07:45:00,953.3765072386733,953.3765072386733,0
2026-01-11T08:00:00,953.3765072386733,953.3765072386733,0
2026-01-11T08:15:00,953.3765072386733,953.3765072386733,0
2026-01-11T08:30:00,953.3765072386733,953.3765072386733,0
2026-01-11T08:45:00,953.3765072386733,953.3765072386733,0
2026-01-11T09:00:00,953.3765072386733,953.3765072386733,0
2026-01-11T09:15:00,953.3765072386733,953.3765072386733,0
2026-01-11T09:30:00,953.3765072386733,953.3765072386733,0
2026-01-11T09:45:00,953.3765072386733,953.3765072386733,0
2026-01-11T10:00:00,953.3765072386733,953.3765072386733,0
2026-01-11T10:15:00,953.3765072386733,953.3765072386733,0
2026-01-11T10:30:00,953.3765072386733,953.3765072386733,0
2026-01-11T10:45:00,953.3765072386733,953.3765072386733,0
2026-01-11T11:00:00,953.3765072386733,953.3765072386733,0
2026-01-11T11:15:00,953.3765072386733,953.3765072386733,0
2026-01-11T11:30:00,953.3765072386733,953.3765072386733,0
2026-01-11T11:45:00,953.3765072386733,953.3765072386733,0
2026-01-11T12:00:00,953.3765072386733,953.3765072386733,0
2026-01-11T12:15:00,953.3765072386733,953.3765072386733,0
2026-01-11T12:30:00,953.3765072386733,953.3765072386733,0
2026-01-11T12:45:00,953.3765072386733,953.3765072386733,0
2026-01-11T13:00:00,953.3765072386733,953.3765072386733,0
2026-01-11T13:15:00,953.3765072386733,953.3765072386733,0
2026-01-11T13:30:00,953.3765072386733,953.3765072386733,0
2026-01-11T13:45:00,953.3765072386733,953.3765072386733,0
2026-01-11T14:00:00,953.3765072386733,953.3765072386733,0
2026-01-11T14:15:00,953.3765072386733,953.3765072386733,0
2026-01-11T14:30:00,953.3765072386733,953.3765072386733,0
2026-01-11T14:45:00,953.3765072386733,953.3765072386733,0
2026-01-11T15:00:00,953.3765072386733,953.3765072386733,0
2026-01-11T15:15:00,953.3765072386733,953.3765072386733,0
2026-01-11T15:30:00,953.3765072386733,953.3765072386733,0
2026-01-11T15:45:00,953.3765072386733,953.3765072386733,0
2026-01-11T16:00:00,953.3765072386733,953.3765072386733,0
2026-01-11T16:15:00,953.3765072386733,953.3765072386733,0
2026-01-11T16:30:00,953.3765072386733,953.3765072386733,0
2026-01-11T16:45:00,953.3765072386733,953.3765072386733,0
2026-01-11T17:00:00,953.3765072386733,953.3765072386733,0
2026-01-11T17:15:00,953.3765072386733,953.3765072386733,0
2026-01-11T17:30:00,953.3765072386733,953.3765072386733,0
2026-01-11T17:45:00,953.3765072386733,953.3765072386733,0
2026-01-11T18:00:00,953.3765072386733,953.3765072386733,0
2026-01-11T18:15:00,953.3765072386733,953.3765072386733,0
2026-01-11T18:30:00,953.3765072386733,953.3765072386733,0
2026-01-11T18:45:00,953.3765072386733,953.3765072386733,0
2026-01-11T19:00:00,953.3765072386733,953.3765072386733,0
2026-01-11T19:15:00,953.3765072386733,953.3765072386733,0
2026-01-11T19:30:00,953.3765072386733,953.3765072386733,0
2026-01-11T19:45:00,953.3765072386733,953.3765072386733,0
2026-01-11T20:00:00,953.3765072386733,953.3765072386733,0
2026-01-11T20:15:00,953.3765072386733,953.3765072386733,0
2026-01-11T20:30:00,953.3765072386733,953.3765072386733,0
2026-01-11T20:45:00,953.3765072386733,953.3765072386733,0
2026-01-11T21:00:00,953.3765072386733,953.3765072386733,0
2026-01-11T21:15:00,953.3765072386733,953.3765072386733,0
2026-01-11T21:30:00,953.3765072386733,953.3765072386733,0
2026-01-11T21:45:00,953.3765072386733,953.3765072386733,0
2026-01-11T22:00:00,953.3765072386733,953.3765072386733,0
2026-01-11T22:15:00,953.3765072386733,953.3765072386733,0
2026-01-11T22:30:00,953.3765072386733,953.3765072386733,0
2026-01-11T22:45:00,953.3765072386733,953.3765072386733,0
2026-01-11T23:00:00,953.3765072386733,953.3765072386733,0
2026-01-11T23:15:00,953.3765072386733,953.3765072386733,0
2026-01-11T23:30:00,953.3765072386733,953.3765072386733,0
2026-01-11T23:45:00,953.3765072386733,953.3765072386733,0
2026-01-12T00:00:00,953.3765072386733,953.3765072386733,0
2026-01-12T00:15:00,953.3765072386733,953.3765072386733,0
2026-01-12T00:30:00,953.3765072386733,953.3765072386733,0
2026-01-12T00:45:00,953.3765072386733,953.3765072386733,0
2026-01-12T01:00:00,953.3765072386733,953.3765072386733,0
2026-01-12T01:15:00,953.3765072386733,953.3765072386733,0
2026-01-12T01:30:00,953.3765072386733,953.3765072386733,0
2026-01-12T01:45:00,953.3765072386733,953.3765072386733,0
2026-01-12T02:00:00,953.3765072386733,953.3765072386733,0
2026-01-12T02:15:00,953.3765072386733,953.3765072386733,0
2026-01-12T02:30:00,953.3765072386733,953.3765072386733,0
2026-01-12T02:45:00,953.3765072386733,953.3765072386733,0
2026-01-12T03:00:00,953.3765072386733,953.3765072386733,0
2026-01-12T03:15:00,953.3765072386733,953.3765072386733,0
2026-01-12T03:30:00,953.3765072386733,953.3765072386733,0
2026-01-12T03:45:00,953.3765072386733,953.3765072386733,0
2026-01-12T04:00:00,953.3765072386733,953.3765072386733,0
2026-01-12T04:15:00,953.3765072386733,953.3765072386733,0
2026-01-12T04:30:00,953.3765072386733,953.3765072386733,0
2026-01-12T04:45:00,953.3765072386733,953.3765072386733,0
2026-01-12T05:00:00,953.3765072386733,953.3765072386733,0
2026-01-12T05:15:00,953.3765072386733,953.3765072386733,0
2026-01-12T05:30:00,953.3765072386733,953.3765072386733,0
2026-01-12T05:45:00,953.3765072386733,953.3765072386733,0
2026-01-12T06:00:00,953.3765072386733,953.3765072386733,0
2026-01-12T06:15:00,953.3765072386733,953.3765072386733,0
2026-01-12T06:30:00,953.3765072386733,953.3765072386733,0
2026-01-12T06:45:00,953.3765072386733,953.3765072386733,0
2026-01-12T07:00:00,953.3765072386733,953.3765072386733,0
2026-01-12T07:15:00,953.3765072386733,953.3765072386733,0
2026-01-12T07:30:00,953.3765072386733,953.3765072386733,0
2026-01-12T07:45:00,953.3765072386733,953.3765072386733,0
2026-01-12T08:00:00,953.3765072386733,953.3765072386733,0
2026-01-12T08:15:00,953.3765072386733,953.3765072386733,0
2026-01-12T08:30:00,953.3765072386733,953.3765072386733,0
2026-01-12T08:45:00,953.3765072386733,953.3765072386733,0
2026-01-12T09:00:00,953.3765072386733,953.3765072386733,0
2026-01-12T09:15:00,953.3765072386733,953.3765072386733,0
2026-01-12T09:30:00,953.3765072386733,953.3765072386733,0
2026-01-12T09:45:00,953.3765072386733,953.3765072386733,0
2026-01-12T10:00:00,953.3765072386733,953.3765072386733,0
2026-01-12T10:15:00,953.3765072386733,953.3765072386733,0
2026-01-12T10:30:00,953.3765072386733,953.3765072386733,0
2026-01-12T10:45:00,953.3765072386733,953.3765072386733,0
2026-01-12T11:00:00,953.3765072386733,953.3765072386733,0
2026-01-12T11:15:00,953.3765072386733,953.3765072386733,0
2026-01-12T11:30:00,953.3765072386733,953.3765072386733,0
2026-01-12T11:45:00,953.3765072386733,953.3765072386733,0
2026-01-12T12:00:00,953.3765072386733,953.3765072386733,0
2026-01-12T12:15:00,953.3765072386733,953.3765072386733,0
2026-01-12T12:30:00,953.3765072386733,953.3765072386733,0
2026-01-12T12:45:00,953.3765072386733,953.3765072386733,0
2026-01-12T13:00:00,953.3765072386733,953.3765072386733,0
2026-01-12T13:15:00,953.3765072386733,953.3765072386733,0
2026-01-12T13:30:00,953.3765072386733,953.3765072386733,0
2026-01-12T13:45:00,953.3765072386733,953.3765072386733,0
2026-01-12T14:00:00,953.3765072386733,953.3765072386733,0
2026-01-12T14:15:00,953.3765072386733,953.3765072386733,0
2026-01-12T14:30:00,953.3765072386733,953.3765072386733,0
2026-01-12T14:45:00,953.3765072386733,953.3765072386733,0
2026-01-12T15:00:00,953.3765072386733,953.3765072386733,0
2026-01-12T15:15:00,953.3765072386733,953.3765072386733,0
2026-01-12T15:30:00,953.3765072386733,953.3765072386733,0
2026-01-12T15:45:00,953.3765072386733,953.3765072386733,0
2026-01-12T16:00:00,953.3765072386733,953.3765072386733,0
2026-01-12T16:15:00,953.3765072386733,953.3765072386733,0
2026-01-12T16:30:00,953.3765072386733,953.3765072386733,0
2026-01-12T16:45:00,953.3765072386733,953.3765072386733,0
2026-01-12T17:00:00,953.3765072386733,953.3765072386733,0
2026-01-12T17:15:00,953.3765072386733,953.3765072386733,0
2026-01-12T17:30:00,953.3765072386733,953.3765072386733,0
2026-01-12T17:45:00,953.3765072386733,953.3765072386733,0
2026-01-12T18:00:00,953.3765072386733,953.3765072386733,0
2026-01-12T18:15:00,953.3765072386733,953.3765072386733,0
2026-01-12T18:30:00,953.3765072386733,953.3765072386733,0
2026-01-12T18:45:00,953.3765072386733,953.3765072386733,0
2026-01-12T19:00:00,953.3765072386733,953.3765072386733,0
2026-01-12T19:15:00,953.3765072386733,953.3765072386733,0
2026-01-12T19:30:00,953.3765072386733,953.3765072386733,0
2026-01-12T19:45:00,953.3765072386733,953.3765072386733,0
2026-01-12T20:00:00,953.3765072386733,953.3765072386733,0
2026-01-12T20:15:00,953.3765072386733,953.3765072386733,0
2026-01-12T20:30:00,953.3765072386733,953.3765072386733,0
2026-01-12T20:45:00,953.3765072386733,953.3765072386733,0
2026-01-12T21:00:00,953.3765072386733,953.3765072386733,0
2026-01-12T21:15:00,953.3765072386733,953.3765072386733,0
2026-01-12T21:30:00,953.3765072386733,953.3765072386733,0
2026-01-12T21:45:00,953.3765072386733,953.3765072386733,0
2026-01-12T22:00:00,953.3765072386733,953.3765072386733,0
2026-01-12T22:15:00,953.3765072386733,953.3765072386733,0
2026-01-12T22:30:00,953.3765072386733,953.3765072386733,0
2026-01-12T22:45:00,953.3765072386733,953.3765072386733,0
2026-01-12T23:00:00,953.3765072386733,953.3765072386733,0
2026-01-12T23:15:00,953.3765072386733,953.3765072386733,0
2026-01-12T23:30:00,953.3765072386733,953.3765072386733,0
2026-01-12T23:45:00,953.3765072386733,953.3765072386733,0
2026-01-13T00:00:00,953.3765072386733,953.3765072386733,0
2026-01-13T00:15:00,953.3765072386733,953.3765072386733,0
2026-01-13T00:30:00,953.3765072386733,953.3765072386733,0
2026-01-13T00:45:00,953.3765072386733,953.3765072386733,0
2026-01-13T01:00:00,953.3765072386733,953.3765072386733,0
2026-01-13T01:15:00,953.3765072386733,953.3765072386733,0
2026-01-13T01:30:00,953.3765072386733,953.3765072386733,0
2026-01-13T01:45:00,953.3765072386733,953.3765072386733,0
2026-01-13T02:00:00,953.3765072386733,953.3765072386733,0
2026-01-13T02:15:00,953.3765072386733,953.3765072386733,0
2026-01-13T02:30:00,953.3765072386733,953.3765072386733,0
2026-01-13T02:45:00,953.3765072386733,953.3765072386733,0
2026-01-13T03:00:00,953.3765072386733,953.3765072386733,0
2026-01-13T03:15:00,953.3765072386733,953.3765072386733,0
2026-01-13T03:30:00,953.3765072386733,953.3765072386733,0
2026-01-13T03:45:00,953.3765072386733,953.3765072386733,0
2026-01-13T04:00:00,953.3765072386733,953.3765072386733,0
2026-01-13T04:15:00,953.3765072386733,953.3765072386733,0
2026-01-13T04:30:00,953.3765072386733,953.3765072386733,0
2026-01-13T04:45:00,953.3765072386733,953.3765072386733,0
2026-01-13T05:00:00,953.3765072386733,953.3765072386733,0
2026-01-13T05:15:00,953.3765072386733,953.3765072386733,0
2026-01-13T05:30:00,953.3765072386733,953.3765072386733,0
2026-01-13T05:45:00,953.3765072386733,953.3765072386733,0
2026-01-13T06:00:00,953.3765072386733,953.3765072386733,0
2026-01-13T06:15:00,953.3765072386733,953.3765072386733,0
2026-01-13T06:30:00,953.3765072386733,953.3765072386733,0
2026-01-13T06:45:00,953.3765072386733,953.3765072386733,0
2026-01-13T07:00:00,953.3765072386733,953.3765072386733,0
2026-01-13T07:15:00,953.3765072386733,953.3765072386733,0
2026-01-13T07:30:00,953.3765072386733,953.3765072386733,0
2026-01-13T07:45:00,953.3765072386733,953.3765072386733,0
2026-01-13T08:00:00,953.3765072386733,953.3765072386733,0
2026-01-13T08:15:00,953.3765072386733,953.3765072386733,0
2026-01-13T08:30:00,953.3765072386733,953.3765072386733,0
2026-01-13T08:45:00,953.3765072386733,953.3765072386733,0
2026-01-13T09:00:00,953.3765072386733,953.3765072386733,0
2026-01-13T09:15:00,953.3765072386733,953.3765072386733,0
2026-01-13T09:30:00,953.3765072386733,953.3765072386733,0
2026-01-13T09:45:00,953.3765072386733,953.3765072386733,0
2026-01-13T10:00:00,953.3765072386733,953.3765072386733,0
2026-01-13T10:15:00,953.3765072386733,953.3765072386733,0
2026-01-13T10:30:00,953.3765072386733,953.3765072386733,0
2026-01-13T10:45:00,953.3765072386733,953.3765072386733,0
2026-01-13T11:00:00,953.3765072386733,953.3765072386733,0
2026-01-13T11:15:00,953.3765072386733,953.3765072386733,0
2026-01-13T11:30:00,953.3765072386733,953.3765072386733,0
2026-01-13T11:45:00,953.3765072386733,953.3765072386733,0
2026-01-13T12:00:00,953.3765072386733,953.3765072386733,0
2026-01-13T12:15:00,953.3765072386733,953.3765072386733,0
2026-01-13T12:30:00,953.3765072386733,953.3765072386733,0
2026-01-13T12:45:00,953.3765072386733,953.3765072386733,0
2026-01-13T13:00:00,953.3765072386733,953.3765072386733,0
2026-01-13T13:15:00,953.3765072386733,953.3765072386733,0
2026-01-13T13:30:00,953.3765072386733,953.3765072386733,0
2026-01-13T13:45:00,953.3765072386733,953.3765072386733,0
2026-01-13T14:00:00,953.3765072386733,953.3765072386733,0
2026-01-13T14:15:00,953.3765072386733,953.3765072386733,0
2026-01-13T14:30:00,953.3765072386733,953.3765072386733,0
2026-01-13T14:45:00,953.3765072386733,953.3765072386733,0
2026-01-13T15:00:00,953.3765072386733,953.3765072386733,0
2026-01-13T15:15:00,953.3765072386733,953.3765072386733,0
2026-01-13T15:30:00,953.3765072386733,953.3765072386733,0
2026-01-13T15:45:00,953.3765072386733,953.3765072386733,0
2026-01-13T16:00:00,953.3765072386733,953.3765072386733,0
2026-01-13T16:15:00,953.3765072386733,953.3765072386733,0
2026-01-13T16:30:00,953.3765072386733,953.3765072386733,0
2026-01-13T16:45:00,953.3765072386733,953.3765072386733,0
2026-01-13T17:00:00,953.3765072386733,953.3765072386733,0
2026-01-13T17:15:00,953.3765072386733,953.3765072386733,0
2026-01-13T17:30:00,953.3765072386733,953.3765072386733,0
2026-01-13T17:45:00,953.3765072386733,953.3765072386733,0
2026-01-13T18:00:00,953.3765072386733,953.3765072386733,0
2026-01-13T18:15:00,953.3765072386733,953.3765072386733,0
2026-01-13T18:30:00,953.3765072386733,953.3765072386733,0
2026-01-13T18:45:00,953.3765072386733,953.3765072386733,0
2026-01-13T19:00:00,953.3765072386733,953.3765072386733,0
2026-01-13T19:15:00,953.3765072386733,953.3765072386733,0
2026-01-13T19:30:00,953.3765072386733,953.3765072386733,0
2026-01-13T19:45:00,953.3765072386733,953.3765072386733,0
2026-01-13T20:00:00,953.3765072386733,953.3765072386733,0
2026-01-13T20:15:00,953.3765072386733,953.3765072386733,0
2026-01-13T20:30:00,953.3765072386733,953.3765072386733,0
2026-01-13T20:45:00,953.3765072386733,953.3765072386733,0
2026-01-13T21:00:00,953.3765072386733,953.3765072386733,0
2026-01-13T21:15:00,953.3765072386733,953.3765072386733,0
2026-01-13T21:30:00,953.3765072386733,953.3765072386733,0
2026-01-13T21:45:00,953.3765072386733,953.3765072386733,0
2026-01-13T22:00:00,953.3765072386733,953.3765072386733,0
2026-01-13T22:15:00,953.3765072386733,953.3765072386733,0
2026-01-13T22:30:00,953.3765072386733,953.3765072386733,0
2026-01-13T22:45:00,953.3765072386733,953.3765072386733,0
2026-01-13T23:00:00,952.5080559685426,838.7882780806426,1
2026-01-13T23:15:00,951.0632109438129,838.7882780806426,1
2026-01-13T23:30:00,950.9180416806647,838.7882780806426,1
2026-01-13T23:45:00,951.0508852516589,838.7882780806426,1
2026-01-14T00:00:00,951.9492912575571,838.7882780806426,1
2026-01-14T00:15:00,951.2617915396288,838.7882780806426,1
2026-01-14T00:30:00,950.2538238256941,838.7882780806426,1
2026-01-14T00:45:00,950.879695082852,838.7882780806426,1
2026-01-14T01:00:00,951.8287386098568,951.8287386098568,0
2026-01-14T01:15:00,951.8287386098568,951.8287386098568,0
2026-01-14T01:30:00,951.8287386098568,951.8287386098568,0
2026-01-14T01:45:00,951.8287386098568,951.8287386098568,0
2026-01-14T02:00:00,951.8287386098568,951.8287386098568,0
2026-01-14T02:15:00,951.8287386098568,951.8287386098568,0
2026-01-14T02:30:00,951.8287386098568,951.8287386098568,0
2026-01-14T02:45:00,951.8287386098568,951.8287386098568,0
2026-01-14T03:00:00,951.8287386098568,951.8287386098568,0
2026-01-14T03:15:00,951.8287386098568,951.8287386098568,0
2026-01-14T03:30:00,951.8287386098568,951.8287386098568,0
2026-01-14T03:45:00,951.8287386098568,951.8287386098568,0
2026-01-14T04:00:00,951.8287386098568,951.8287386098568,0
2026-01-14T04:15:00,951.8287386098568,951.8287386098568,0
2026-01-14T04:30:00,951.8287386098568,951.8287386098568,0
2026-01-14T04:45:00,951.8287386098568,951.8287386098568,0
2026-01-14T05:00:00,951.8287386098568,951.8287386098568,0
2026-01-14T05:15:00,951.8287386098568,951.8287386098568,0
2026-01-14T05:30:00,951.8287386098568,951.8287386098568,0
2026-01-14T05:45:00,951.8287386098568,951.8287386098568,0
2026-01-14T06:00:00,951.8287386098568,951.8287386098568,0
2026-01-14T06:15:00,951.8287386098568,951.8287386098568,0
2026-01-14T06:30:00,951.8287386098568,951.8287386098568,0
2026-01-14T06:45:00,951.8287386098568,951.8287386098568,0
2026-01-14T07:00:00,951.8287386098568,951.8287386098568,0
2026-01-14T07:15:00,951.8287386098568,951.8287386098568,0
2026-01-14T07:30:00,951.8287386098568,951.8287386098568,0
2026-01-14T07:45:00,951.8287386098568,951.8287386098568,0
2026-01-14T08:00:00,951.8287386098568,951.8287386098568,0
2026-01-14T08:15:00,951.8287386098568,951.8287386098568,0
2026-01-14T08:30:00,951.8287386098568,951.8287386098568,0
2026-01-14T08:45:00,951.8287386098568,951.8287386098568,0
2026-01-14T09:00:00,951.8287386098568,951.8287386098568,0
2026-01-14T09:15:00,951.8287386098568,951.8287386098568,0
2026-01-14T09:30:00,951.8287386098568,951.8287386098568,0
2026-01-14T09:45:00,951.8287386098568,951.8287386098568,0
2026-01-14T10:00:00,951.8287386098568,951.8287386098568,0
2026-01-14T10:15:00,951.8287386098568,951.8287386098568,0
2026-01-14T10:30:00,951.8287386098568,951.8287386098568,0
2026-01-14T10:45:00,951.8287386098568,951.8287386098568,0
2026-01-14T11:00:00,951.8287386098568,951.8287386098568,0
2026-01-14T11:15:00,951.8287386098568,951.8287386098568,0
2026-01-14T11:30:00,951.8287386098568,951.8287386098568,0
2026-01-14T11:45:00,951.8287386098568,951.8287386098568,0
2026-01-14T12:00:00,951.8287386098568,951.8287386098568,0
2026-01-14T12:15:00,951.8287386098568,951.8287386098568,0
2026-01-14T12:30:00,951.8287386098568,951.8287386098568,0
2026-01-14T12:45:00,951.8287386098568,951.8287386098568,0
2026-01-14T13:00:00,951.8287386098568,951.8287386098568,0
2026-01-14T13:15:00,951.8287386098568,951.8287386098568,0
2026-01-14T13:30:00,951.8287386098568,951.8287386098568,0
2026-01-14T13:45:00,951.8287386098568,951.8287386098568,0
2026-01-14T14:00:00,951.8287386098568,951.8287386098568,0
2026-01-14T14:15:00,951.8287386098568,951.8287386098568,0
2026-01-14T14:30:00,951.8287386098568,951.8287386098568,0
2026-01-14T14:45:00,951.8287386098568,951.8287386098568,0
2026-01-14T15:00:00,951.8287386098568,951.8287386098568,0
2026-01-14T15:15:00,951.8287386098568,951.8287386098568,0
2026-01-14T15:30:00,951.8287386098568,951.8287386098568,0
2026-01-14T15:45:00,951.8287386098568,951.8287386098568,0
2026-01-14T16:00:00,951.8287386098568,951.8287386098568,0
2026-01-14T16:15:00,951.8287386098568,951.8287386098568,0
2026-01-14T16:30:00,951.8287386098568,951.8287386098568,0
2026-01-14T16:45:00,951.8287386098568,951.8287386098568,0
2026-01-14T17:00:00,951.8287386098568,951.8287386098568,0
2026-01-14T17:15:00,951.8287386098568,951.8287386098568,0
2026-01-14T17:30:00,951.8287386098568,951.8287386098568,0
2026-01-14T17:45:00,951.8287386098568,951.8287386098568,0
2026-01-14T18:00:00,951.8287386098568,951.8287386098568,0
2026-01-14T18:15:00,951.8287386098568,951.8287386098568,0
2026-01-14T18:30:00,951.8287386098568,951.8287386098568,0
2026-01-14T18:45:00,951.8287386098568,951.8287386098568,0
2026-01-14T19:00:00,951.8287386098568,951.8287386098568,0
2026-01-14T19:15:00,951.8287386098568,951.8287386098568,0
2026-01-14T19:30:00,951.8287386098568,951.8287386098568,0
2026-01-14T19:45:00,951.8287386098568,951.8287386098568,0
2026-01-14T20:00:00,951.8287386098568,951.8287386098568,0
2026-01-14T20:15:00,951.8287386098568,951.8287386098568,0
2026-01-14T20:30:00,951.8287386098568,951.8287386098568,0
2026-01-14T20:45:00,951.8287386098568,951.8287386098568,0
2026-01-14T21:00:00,951.8287386098568,951.8287386098568,0
2026-01-14T21:15:00,951.8287386098568,951.8287386098568,0
2026-01-14T21:30:00,951.8287386098568,951.8287386098568,0
2026-01-14T21:45:00,951.8287386098568,951.8287386098568,0
2026-01-14T22:00:00,951.8287386098568,951.8287386098568,0
2026-01-14T22:15:00,951.8287386098568,951.8287386098568,0
2026-01-14T22:30:00,951.8287386098568,951.8287386098568,0
2026-01-14T22:45:00,951.8287386098568,951.8287386098568,0
2026-01-14T23:00:00,951.8287386098568,951.8287386098568,0
2026-01-14T23:15:00,951.8287386098568,951.8287386098568,0
2026-01-14T23:30:00,951.8287386098568,951.8287386098568,0
2026-01-14T23:45:00,951.8287386098568,951.8287386098568,0
2026-01-15T00:00:00,951.8287386098568,951.8287386098568,0
2026-01-15T00:15:00,951.8287386098568,951.8287386098568,0
2026-01-15T00:30:00,951.8287386098568,951.8287386098568,0
2026-01-15T00:45:00,951.8287386098568,951.8287386098568,0
2026-01-15T01:00:00,951.8287386098568,951.8287386098568,0
2026-01-15T01:15:00,951.8287386098568,951.8287386098568,0
2026-01-15T01:30:00,951.8287386098568,951.8287386098568,0
2026-01-15T01:45:00,951.8287386098568,951.8287386098568,0
2026-01-15T02:00:00,951.8287386098568,951.8287386098568,0
2026-01-15T02:15:00,951.8287386098568,951.8287386098568,0
2026-01-15T02:30:00,951.8287386098568,951.8287386098568,0
2026-01-15T02:45:00,951.8287386098568,951.8287386098568,0
2026-01-15T03:00:00,951.8287386098568,951.8287386098568,0
2026-01-15T03:15:00,951.8287386098568,951.8287386098568,0
2026-01-15T03:30:00,951.8287386098568,951.8287386098568,0
2026-01-15T03:45:00,951.8287386098568,951.8287386098568,0
2026-01-15T04:00:00,951.8287386098568,951.8287386098568,0
2026-01-15T04:15:00,951.8287386098568,951.8287386098568,0
2026-01-15T04:30:00,951.8287386098568,951.8287386098568,0
2026-01-15T04:45:00,951.8287386098568,951.8287386098568,0
2026-01-15T05:00:00,951.8287386098568,951.8287386098568,0
2026-01-15T05:15:00,951.8287386098568,951.8287386098568,0
2026-01-15T05:30:00,951.8287386098568,951.8287386098568,0
2026-01-15T05:45:00,951.8287386098568,951.8287386098568,0
2026-01-15T06:00:00,951.8287386098568,951.8287386098568,0
2026-01-15T06:15:00,951.8287386098568,951.8287386098568,0
2026-01-15T06:30:00,951.8287386098568,951.8287386098568,0
2026-01-15T06:45:00,951.8287386098568,951.8287386098568,0
2026-01-15T07:00:00,951.8287386098568,951.8287386098568,0
2026-01-15T07:15:00,951.8287386098568,951.8287386098568,0
2026-01-15T07:30:00,951.8287386098568,951.8287386098568,0
2026-01-15T07:45:00,951.8287386098568,951.8287386098568,0
2026-01-15T08:00:00,951.8287386098568,951.8287386098568,0
2026-01-15T08:15:00,951.8287386098568,951.8287386098568,0
2026-01-15T08:30:00,951.8287386098568,951.8287386098568,0
2026-01-15T08:45:00,950.9616972356292,837.4265388588609,1
2026-01-15T09:00:00,950.7015088520349,837.4265388588609,1
2026-01-15T09:15:00,951.4869360136145,837.4265388588609,1
2026-01-15T09:30:00,953.0263996845439,837.4265388588609,1
2026-01-15T09:45:00,952.8392358708734,837.4265388588609,1
2026-01-15T10:00:00,951.9910746088227,837.4265388588609,1
2026-01-15T10:15:00,951.6402073636746,837.4265388588609,1
2026-01-15T10:30:00,951.5749242478344,837.4265388588609,1
2026-01-15T10:45:00,951.7909769023538,837.4265388588609,1
2026-01-15T11:00:00,951.4996810904596,837.4265388588609,1
2026-01-15T11:15:00,952.0574906203824,837.4265388588609,1
2026-01-15T11:30:00,951.1867658519169,837.4265388588609,1
2026-01-15T11:45:00,950.3042985352951,950.3042985352951,0
2026-01-15T12:00:00,950.3042985352951,950.3042985352951,0
2026-01-15T12:15:00,950.3042985352951,950.3042985352951,0
2026-01-15T12:30:00,950.3042985352951,950.3042985352951,0
2026-01-15T12:45:00,950.3042985352951,950.3042985352951,0
2026-01-15T13:00:00,950.3042985352951,950.3042985352951,0
2026-01-15T13:15:00,950.3042985352951,950.3042985352951,0
2026-01-15T13:30:00,950.3042985352951,950.3042985352951,0
2026-01-15T13:45:00,950.3042985352951,950.3042985352951,0
2026-01-15T14:00:00,950.3042985352951,950.3042985352951,0
2026-01-15T14:15:00,950.3042985352951,950.3042985352951,0
2026-01-15T14:30:00,950.3042985352951,950.3042985352951,0
2026-01-15T14:45:00,950.3042985352951,950.3042985352951,0
2026-01-15T15:00:00,950.3042985352951,950.3042985352951,0
2026-01-15T15:15:00,950.3042985352951,950.3042985352951,0
2026-01-15T15:30:00,950.3042985352951,950.3042985352951,0
2026-01-15T15:45:00,950.3042985352951,950.3042985352951,0
2026-01-15T16:00:00,950.3042985352951,950.3042985352951,0
2026-01-15T16:15:00,950.3042985352951,950.3042985352951,0
2026-01-15T16:30:00,950.3042985352951,950.3042985352951,0
2026-01-15T16:45:00,950.3042985352951,950.3042985352951,0
2026-01-15T17:00:00,950.3042985352951,950.3042985352951,0
2026-01-15T17:15:00,950.3042985352951,950.3042985352951,0
2026-01-15T17:30:00,950.3042985352951,950.3042985352951,0
2026-01-15T17:45:00,950.3042985352951,950.3042985352951,0
2026-01-15T18:00:00,950.3042985352951,950.3042985352951,0
2026-01-15T18:15:00,950.3042985352951,950.3042985352951,0
2026-01-15T18:30:00,950.3042985352951,950.3042985352951,0
2026-01-15T18:45:00,950.3042985352951,950.3042985352951,0
2026-01-15T19:00:00,950.3042985352951,950.3042985352951,0
2026-01-15T19:15:00,950.3042985352951,950.3042985352951,0
2026-01-15T19:30:00,950.3042985352951,950.3042985352951,0
2026-01-15T19:45:00,950.3042985352951,950.3042985352951,0
2026-01-15T20:00:00,950.3042985352951,950.3042985352951,0
2026-01-15T20:15:00,950.3042985352951,950.3042985352951,0
2026-01-15T20:30:00,950.3042985352951,950.3042985352951,0
2026-01-15T20:45:00,950.3042985352951,950.3042985352951,0
2026-01-15T21:00:00,950.3042985352951,950.3042985352951,0
2026-01-15T21:15:00,950.3042985352951,950.3042985352951,0
2026-01-15T21:30:00,950.3042985352951,950.3042985352951,0
2026-01-15T21:45:00,950.3042985352951,950.3042985352951,0
2026-01-15T22:00:00,950.3042985352951,950.3042985352951,0
2026-01-15T22:15:00,950.3042985352951,950.3042985352951,0
2026-01-15T22:30:00,950.3042985352951,950.3042985352951,0
2026-01-15T22:45:00,950.3042985352951,950.3042985352951,0
2026-01-15T23:00:00,950.3042985352951,950.3042985352951,0
2026-01-15T23:15:00,950.3042985352951,950.3042985352951,0
2026-01-15T23:30:00,950.3042985352951,950.3042985352951,0
2026-01-15T23:45:00,950.3042985352951,950.3042985352951,0
2026-01-16T00:00:00,950.3042985352951,950.3042985352951,0
2026-01-16T00:15:00,950.3042985352951,950.3042985352951,0
2026-01-16T00:30:00,950.3042985352951,950.3042985352951,0
2026-01-16T00:45:00,950.3042985352951,950.3042985352951,0
2026-01-16T01:00:00,950.3042985352951,950.3042985352951,0
2026-01-16T01:15:00,950.3042985352951,950.3042985352951,0
2026-01-16T01:30:00,950.3042985352951,950.3042985352951,0
2026-01-16T01:45:00,950.3042985352951,950.3042985352951,0
2026-01-16T02:00:00,950.3042985352951,950.3042985352951,0
2026-01-16T02:15:00,950.3042985352951,950.3042985352951,0
2026-01-16T02:30:00,950.3042985352951,950.3042985352951,0
2026-01-16T02:45:00,950.3042985352951,950.3042985352951,0
2026-01-16T03:00:00,950.3042985352951,950.3042985352951,0
2026-01-16T03:15:00,950.3042985352951,950.3042985352951,0
2026-01-16T03:30:00,950.3042985352951,950.3042985352951,0
2026-01-16T03:45:00,950.3042985352951,950.3042985352951,0
2026-01-16T04:00:00,950.3042985352951,950.3042985352951,0
2026-01-16T04:15:00,950.3042985352951,950.3042985352951,0
2026-01-16T04:30:00,950.3042985352951,950.3042985352951,0
2026-01-16T04:45:00,950.3042985352951,950.3042985352951,0
2026-01-16T05:00:00,950.3042985352951,950.3042985352951,0
2026-01-16T05:15:00,950.3042985352951,950.3042985352951,0
2026-01-16T05:30:00,950.3042985352951,950.3042985352951,0
2026-01-16T05:45:00,950.3042985352951,950.3042985352951,0
2026-01-16T06:00:00,950.3042985352951,950.3042985352951,0
