timestamp,equity,cash,open_positions
2025-11-17T06:00:00,1000.0,1000.0,0
2025-11-17T06:15:00,1000.0,1000.0,0
2025-11-17T06:30:00,1000.0,1000.0,0
2025-11-17T06:45:00,1000.0,1000.0,0
2025-11-17T07:00:00,1000.0,1000.0,0
2025-11-17T07:15:00,1000.0,1000.0,0
2025-11-17T07:30:00,1000.0,1000.0,0
2025-11-17T07:45:00,1000.0,1000.0,0
2025-11-17T08:00:00,1000.0,1000.0,0
2025-11-17T08:15:00,1000.0,1000.0,0
2025-11-17T08:30:00,1000.0,1000.0,0
2025-11-17T08:45:00,1000.0,1000.0,0
2025-11-17T09:00:00,1000.0,1000.0,0
2025-11-17T09:15:00,1000.0,1000.0,0
2025-11-17T09:30:00,1000.0,1000.0,0
2025-11-17T09:45:00,1000.0,1000.0,0
2025-11-17T10:00:00,1000.0,1000.0,0
2025-11-17T10:15:00,1000.0,1000.0,0
2025-11-17T10:30:00,1000.0,1000.0,0
2025-11-17T10:45:00,1000.0,1000.0,0
2025-11-17T11:00:00,1000.0,1000.0,0
2025-11-17T11:15:00,1000.0,1000.0,0
2025-11-17T11:30:00,1000.0,1000.0,0
2025-11-17T11:45:00,1000.0,1000.0,0
2025-11-17T12:00:00,1000.0,1000.0,0
2025-11-17T12:15:00,1000.0,1000.0,0
2025-11-17T12:30:00,1000.0,1000.0,0
2025-11-17T12:45:00,1000.0,1000.0,0
2025-11-17T13:00:00,1000.0,1000.0,0
2025-11-17T13:15:00,1000.0,1000.0,0
2025-11-17T13:30:00,1000.0,1000.0,0
2025-11-17T13:45:00,1000.0,1000.0,0
2025-11-17T14:00:00,1000.0,1000.0,0
2025-11-17T14:15:00,1000.0,1000.0,0
2025-11-17T14:30:00,1000.0,1000.0,0
2025-11-17T14:45:00,1000.0,1000.0,0
2025-11-17T15:00:00,1000.0,1000.0,0
2025-11-17T15:15:00,1000.0,1000.0,0
2025-11-17T15:30:00,1000.0,1000.0,0
2025-11-17T15:45:00,1000.0,1000.0,0
2025-11-17T16:00:00,1000.0,1000.0,0
2025-11-17T16:15:00,1000.0,1000.0,0
2025-11-17T16:30:00,1000.0,1000.0,0
2025-11-17T16:45:00,1000.0,1000.0,0
2025-11-17T17:00:00,1000.0,1000.0,0
2025-11-17T17:15:00,1000.0,1000.0,0
2025-11-17T17:30:00,1000.0,1000.0,0
2025-11-17T17:45:00,1000.0,1000.0,0
2025-11-17T18:00:00,1000.0,1000.0,0
2025-11-17T18:15:00,999.239098647972,899.84,1
2025-11-17T18:30:00,998.1887152001367,899.84,1
2025-11-17T18:45:00,999.6650727918045,899.84,1
2025-11-17T19:00:00,1000.4310325100623,899.84,1
2025-11-17T19:15:00,1001.3200220276258,899.84,1
2025-11-17T19:30:00,1004.4063502188096,899.84,1
2025-11-17T19:45:00,1005.31518325239,899.84,1
2025-11-17T20:00:00,1007.5429486505699,899.84,1
2025-11-17T20:15:00,1004.4195792294876,899.84,1
2025-11-17T20:30:00,1005.1088106858128,899.84,1
2025-11-17T20:45:00,1002.3532077615797,899.84,1
2025-11-17T21:00:00,999.9590744468198,999.9590744468198,0
2025-11-17T21:15:00,999.9590744468198,999.9590744468198,0
2025-11-17T21:30:00,999.9590744468198,999.9590744468198,0
2025-11-17T21:45:00,999.9590744468198,999.9590744468198,0
2025-11-17T22:00:00,999.9590744468198,999.9590744468198,0
2025-11-17T22:15:00,999.9590744468198,999.9590744468198,0
2025-11-17T22:30:00,999.9590744468198,999.9590744468198,0
2025-11-17T22:45:00,999.9590744468198,999.9590744468198,0
2025-11-17T23:00:00,999.9590744468198,999.9590744468198,0
2025-11-17T23:15:00,999.9590744468198,999.9590744468198,0
2025-11-17T23:30:00,999.9590744468198,999.9590744468198,0
2025-11-17T23:45:00,999.9590744468198,999.9590744468198,0
2025-11-18T00:00:00,999.9590744468198,999.9590744468198,0
2025-11-18T00:15:00,999.9590744468198,999.9590744468198,0
2025-11-18T00:30:00,999.9590744468198,999.9590744468198,0
2025-11-18T00:45:00,999.9590744468198,999.9590744468198,0
2025-11-18T01:00:00,999.9590744468198,999.9590744468198,0
2025-11-18T01:15:00,999.9590744468198,999.9590744468198,0
2025-11-18T01:30:00,999.9590744468198,999.9590744468198,0
2025-11-18T01:45:00,999.9590744468198,999.9590744468198,0
2025-11-18T02:00:00,999.9590744468198,999.9590744468198,0
2025-11-18T02:15:00,999.9590744468198,999.9590744468198,0
2025-11-18T02:30:00,999.9590744468198,999.9590744468198,0
2025-11-18T02:45:00,999.9590744468198,999.9590744468198,0
2025-11-18T03:00:00,999.9590744468198,999.9590744468198,0
2025-11-18T03:15:00,999.9590744468198,999.9590744468198,0
2025-11-18T03:30:00,999.9590744468198,999.9590744468198,0
2025-11-18T03:45:00,999.9590744468198,999.9590744468198,0
2025-11-18T04:00:00,999.9590744468198,999.9590744468198,0
2025-11-18T04:15:00,999.9590744468198,999.9590744468198,0
2025-11-18T04:30:00,999.9590744468198,999.9590744468198,0
2025-11-18T04:45:00,999.9590744468198,999.9590744468198,0
2025-11-18T05:00:00,999.9590744468198,999.9590744468198,0
2025-11-18T05:15:00,999.9590744468198,999.9590744468198,0
2025-11-18T05:30:00,999.9590744468198,999.9590744468198,0
2025-11-18T05:45:00,999.9590744468198,999.9590744468198,0
2025-11-18T06:00:00,999.9590744468198,999.9590744468198,0
2025-11-18T06:15:00,999.9590744468198,999.9590744468198,0
2025-11-18T06:30:00,999.9590744468198,999.9590744468198,0
2025-11-18T06:45:00,999.9590744468198,999.9590744468198,0
2025-11-18T07:00:00,999.9590744468198,999.9590744468198,0
2025-11-18T07:15:00,999.9590744468198,999.9590744468198,0
2025-11-18T07:30:00,999.9590744468198,999.9590744468198,0
2025-11-18T07:45:00,999.9590744468198,999.9590744468198,0
2025-11-18T08:00:00,999.9590744468198,999.9590744468198,0
2025-11-18T08:15:00,999.9590744468198,999.9590744468198,0
2025-11-18T08:30:00,999.9590744468198,999.9590744468198,0
2025-11-18T08:45:00,999.9590744468198,999.9590744468198,0
2025-11-18T09:00:00,999.9590744468198,999.9590744468198,0
2025-11-18T09:15:00,999.9590744468198,999.9590744468198,0
2025-11-18T09:30:00,999.9590744468198,999.9590744468198,0
2025-11-18T09:45:00,999.9590744468198,999.9590744468198,0
2025-11-18T10:00:00,999.9590744468198,999.9590744468198,0
2025-11-18T10:15:00,999.9590744468198,999.9590744468198,0
2025-11-18T10:30:00,999.9590744468198,999.9590744468198,0
2025-11-18T10:45:00,999.9590744468198,999.9590744468198,0
2025-11-18T11:00:00,999.9590744468198,999.9590744468198,0
2025-11-18T11:15:00,999.9590744468198,999.9590744468198,0
2025-11-18T11:30:00,999.9590744468198,999.9590744468198,0
2025-11-18T11:45:00,999.9590744468198,999.9590744468198,0
2025-11-18T12:00:00,999.9590744468198,999.9590744468198,0
2025-11-18T12:15:00,999.9590744468198,999.9590744468198,0
2025-11-18T12:30:00,999.9590744468198,999.9590744468198,0
2025-11-18T12:45:00,999.9590744468198,999.9590744468198,0
2025-11-18T13:00:00,999.9590744468198,999.9590744468198,0
2025-11-18T13:15:00,999.9590744468198,999.9590744468198,0
2025-11-18T13:30:00,999.9590744468198,999.9590744468198,0
2025-11-18T13:45:00,999.9590744468198,999.9590744468198,0
2025-11-18T14:00:00,999.9590744468198,999.9590744468198,0
2025-11-18T14:15:00,999.9590744468198,999.9590744468198,0
2025-11-18T14:30:00,999.9590744468198,999.9590744468198,0
2025-11-18T14:45:00,999.9590744468198,999.9590744468198,0
2025-11-18T15:00:00,999.9590744468198,999.9590744468198,0
2025-11-18T15:15:00,999.9590744468198,999.9590744468198,0
2025-11-18T15:30:00,999.9590744468198,999.9590744468198,0
2025-11-18T15:45:00,999.9590744468198,999.9590744468198,0
2025-11-18T16:00:00,999.9590744468198,999.9590744468198,0
2025-11-18T16:15:00,999.9590744468198,999.9590744468198,0
2025-11-18T16:30:00,999.9590744468198,999.9590744468198,0
2025-11-18T16:45:00,999.9590744468198,999.9590744468198,0
2025-11-18T17:00:00,999.9590744468198,999.9590744468198,0
2025-11-18T17:15:00,999.9590744468198,999.9590744468198,0
2025-11-18T17:30:00,999.9590744468198,999.9590744468198,0
2025-11-18T17:45:00,999.9590744468198,999.9590744468198,0
2025-11-18T18:00:00,999.9590744468198,999.9590744468198,0
2025-11-18T18:15:00,999.9590744468198,999.9590744468198,0
2025-11-18T18:30:00,999.9590744468198,999.9590744468198,0
2025-11-18T18:45:00,999.9590744468198,999.9590744468198,0
2025-11-18T19:00:00,999.9590744468198,999.9590744468198,0
2025-11-18T19:15:00,999.9590744468198,999.9590744468198,0
2025-11-18T19:30:00,999.9590744468198,999.9590744468198,0
2025-11-18T19:45:00,999.9590744468198,999.9590744468198,0
2025-11-18T20:00:00,999.9590744468198,999.9590744468198,0
2025-11-18T20:15:00,999.9590744468198,999.9590744468198,0
2025-11-18T20:30:00,999.9590744468198,999.9590744468198,0
2025-11-18T20:45:00,999.9590744468198,999.9590744468198,0
2025-11-18T21:00:00,999.9590744468198,999.9590744468198,0
2025-11-18T21:15:00,999.9590744468198,999.9590744468198,0
2025-11-18T21:30:00,999.9590744468198,999.9590744468198,0
2025-11-18T21:45:00,999.9590744468198,999.9590744468198,0
2025-11-18T22:00:00,999.9590744468198,999.9590744468198,0
2025-11-18T22:15:00,999.9590744468198,999.9590744468198,0
2025-11-18T22:30:00,999.9590744468198,999.9590744468198,0
2025-11-18T22:45:00,999.9590744468198,999.9590744468198,0
2025-11-18T23:00:00,999.9590744468198,999.9590744468198,0
2025-11-18T23:15:00,999.9590744468198,999.9590744468198,0
2025-11-18T23:30:00,999.9590744468198,999.9590744468198,0
2025-11-18T23:45:00,999.9590744468198,999.9590744468198,0
2025-11-19T00:00:00,999.9590744468198,999.9590744468198,0
2025-11-19T00:15:00,999.9590744468198,999.9590744468198,0
2025-11-19T00:30:00,999.9590744468198,999.9590744468198,0
2025-11-19T00:45:00,999.9590744468198,999.9590744468198,0
2025-11-19T01:00:00,999.9590744468198,999.9590744468198,0
2025-11-19T01:15:00,999.9590744468198,999.9590744468198,0
2025-11-19T01:30:00,999.9590744468198,999.9590744468198,0
2025-11-19T01:45:00,999.9590744468198,999.9590744468198,0
2025-11-19T02:00:00,999.9590744468198,999.9590744468198,0
2025-11-19T02:15:00,999.9590744468198,999.9590744468198,0
2025-11-19T02:30:00,999.9590744468198,999.9590744468198,0
2025-11-19T02:45:00,999.9590744468198,999.9590744468198,0
2025-11-19T03:00:00,999.9590744468198,999.9590744468198,0
2025-11-19T03:15:00,999.9590744468198,999.9590744468198,0
2025-11-19T03:30:00,999.9590744468198,999.9590744468198,0
2025-11-19T03:45:00,999.9590744468198,999.9590744468198,0
2025-11-19T04:00:00,999.9590744468198,999.9590744468198,0
2025-11-19T04:15:00,999.9590744468198,999.9590744468198,0
2025-11-19T04:30:00,999.9590744468198,999.9590744468198,0
2025-11-19T04:45:00,999.9590744468198,999.9590744468198,0
2025-11-19T05:00:00,999.9590744468198,999.9590744468198,0
2025-11-19T05:15:00,999.9590744468198,999.9590744468198,0
2025-11-19T05:30:00,999.9590744468198,999.9590744468198,0
2025-11-19T05:45:00,999.9590744468198,999.9590744468198,0
2025-11-19T06:00:00,999.9590744468198,999.9590744468198,0
2025-11-19T06:15:00,999.9590744468198,999.9590744468198,0
2025-11-19T06:30:00,999.9590744468198,999.9590744468198,0
2025-11-19T06:45:00,999.9590744468198,999.9590744468198,0
2025-11-19T07:00:00,999.9590744468198,999.9590744468198,0
2025-11-19T07:15:00,999.9590744468198,999.9590744468198,0
2025-11-19T07:30:00,999.9590744468198,999.9590744468198,0
2025-11-19T07:45:00,999.9590744468198,999.9590744468198,0
2025-11-19T08:00:00,999.9590744468198,999.9590744468198,0
2025-11-19T08:15:00,999.9590744468198,999.9590744468198,0
2025-11-19T08:30:00,999.9590744468198,999.9590744468198,0
2025-11-19T08:45:00,999.9590744468198,999.9590744468198,0
2025-11-19T09:00:00,999.9590744468198,999.9590744468198,0
2025-11-19T09:15:00,999.9590744468198,999.9590744468198,0
2025-11-19T09:30:00,999.9590744468198,999.9590744468198,0
2025-11-19T09:45:00,999.9590744468198,999.9590744468198,0
2025-11-19T10:00:00,999.9590744468198,999.9590744468198,0
2025-11-19T10:15:00,999.9590744468198,999.9590744468198,0
2025-11-19T10:30:00,999.9590744468198,999.9590744468198,0
2025-11-19T10:45:00,999.9590744468198,999.9590744468198,0
2025-11-19T11:00:00,999.9590744468198,999.9590744468198,0
2025-11-19T11:15:00,999.9590744468198,999.9590744468198,0
2025-11-19T11:30:00,999.9590744468198,999.9590744468198,0
2025-11-19T11:45:00,999.9590744468198,999.9590744468198,0
2025-11-19T12:00:00,999.9590744468198,999.9590744468198,0
2025-11-19T12:15:00,999.9590744468198,999.9590744468198,0
2025-11-19T12:30:00,999.9590744468198,999.9590744468198,0
2025-11-19T12:45:00,999.9590744468198,999.9590744468198,0
2025-11-19T13:00:00,999.9590744468198,999.9590744468198,0
2025-11-19T13:15:00,999.9590744468198,999.9590744468198,0
2025-11-19T13:30:00,999.9590744468198,999.9590744468198,0
2025-11-19T13:45:00,999.9590744468198,999.9590744468198,0
2025-11-19T14:00:00,999.9590744468198,999.9590744468198,0
2025-11-19T14:15:00,999.9590744468198,999.9590744468198,0
2025-11-19T14:30:00,999.9590744468198,999.9590744468198,0
2025-11-19T14:45:00,999.9590744468198,999.9590744468198,0
2025-11-19T15:00:00,999.9590744468198,999.9590744468198,0
2025-11-19T15:15:00,999.9590744468198,999.9590744468198,0
2025-11-19T15:30:00,999.9590744468198,999.9590744468198,0
2025-11-19T15:45:00,999.9590744468198,999.9590744468198,0
2025-11-19T16:00:00,999.9590744468198,999.9590744468198,0
2025-11-19T16:15:00,999.9590744468198,999.9590744468198,0
2025-11-19T16:30:00,999.9590744468198,999.9590744468198,0
2025-11-19T16:45:00,999.9590744468198,999.9590744468198,0
2025-11-19T17:00:00,999.9590744468198,999.9590744468198,0
2025-11-19T17:15:00,999.9590744468198,999.9590744468198,0
2025-11-19T17:30:00,999.9590744468198,999.9590744468198,0
2025-11-19T17:45:00,999.9590744468198,999.9590744468198,0
2025-11-19T18:00:00,999.9590744468198,999.9590744468198,0
2025-11-19T18:15:00,999.9590744468198,999.9590744468198,0
2025-11-19T18:30:00,999.9590744468198,999.9590744468198,0
2025-11-19T18:45:00,999.9590744468198,999.9590744468198,0
2025-11-19T19:00:00,999.9590744468198,999.9590744468198,0
2025-11-19T19:15:00,999.9590744468198,999.9590744468198,0
2025-11-19T19:30:00,999.9590744468198,999.9590744468198,0
2025-11-19T19:45:00,999.9590744468198,999.9590744468198,0
2025-11-19T20:00:00,999.9590744468198,999.9590744468198,0
2025-11-19T20:15:00,999.9590744468198,999.9590744468198,0
2025-11-19T20:30:00,999.9590744468198,999.9590744468198,0
2025-11-19T20:45:00,999.9590744468198,999.9590744468198,0
2025-11-19T21:00:00,999.9590744468198,999.9590744468198,0
2025-11-19T21:15:00,999.9590744468198,999.9590744468198,0
2025-11-19T21:30:00,999.9590744468198,999.9590744468198,0
2025-11-19T21:45:00,999.9590744468198,999.9590744468198,0
2025-11-19T22:00:00,999.9590744468198,999.9590744468198,0
2025-11-19T22:15:00,999.9590744468198,999.9590744468198,0
2025-11-19T22:30:00,999.9590744468198,999.9590744468198,0
2025-11-19T22:45:00,999.9590744468198,999.9590744468198,0
2025-11-19T23:00:00,999.9590744468198,999.9590744468198,0
2025-11-19T23:15:00,999.9590744468198,999.9590744468198,0
2025-11-19T23:30:00,999.9590744468198,999.9590744468198,0
2025-11-19T23:45:00,999.9590744468198,999.9590744468198,0
2025-11-20T00:00:00,999.9590744468198,999.9590744468198,0
2025-11-20T00:15:00,999.9590744468198,999.9590744468198,0
2025-11-20T00:30:00,999.9590744468198,999.9590744468198,0
2025-11-20T00:45:00,999.9590744468198,999.9590744468198,0
2025-11-20T01:00:00,999.9590744468198,999.9590744468198,0
2025-11-20T01:15:00,999.9590744468198,999.9590744468198,0
2025-11-20T01:30:00,999.9590744468198,999.9590744468198,0
2025-11-20T01:45:00,999.9590744468198,999.9590744468198,0
2025-11-20T02:00:00,999.9590744468198,999.9590744468198,0
2025-11-20T02:15:00,999.9590744468198,999.9590744468198,0
2025-11-20T02:30:00,999.9590744468198,999.9590744468198,0
2025-11-20T02:45:00,999.9590744468198,999.9590744468198,0
2025-11-20T03:00:00,999.9590744468198,999.9590744468198,0
2025-11-20T03:15:00,999.9590744468198,999.9590744468198,0
2025-11-20T03:30:00,999.9590744468198,999.9590744468198,0
2025-11-20T03:45:00,999.9590744468198,999.9590744468198,0
2025-11-20T04:00:00,999.9590744468198,999.9590744468198,0
2025-11-20T04:15:00,999.9590744468198,999.9590744468198,0
2025-11-20T04:30:00,999.9590744468198,999.9590744468198,0
2025-11-20T04:45:00,999.9590744468198,999.9590744468198,0
2025-11-20T05:00:00,999.9590744468198,999.9590744468198,0
2025-11-20T05:15:00,999.9590744468198,999.9590744468198,0
2025-11-20T05:30:00,999.9590744468198,999.9590744468198,0
2025-11-20T05:45:00,999.9590744468198,999.9590744468198,0
2025-11-20T06:00:00,999.9590744468198,999.9590744468198,0
2025-11-20T06:15:00,999.9590744468198,999.9590744468198,0
2025-11-20T06:30:00,999.9590744468198,999.9590744468198,0
2025-11-20T06:45:00,999.9590744468198,999.9590744468198,0
2025-11-20T07:00:00,999.9590744468198,999.9590744468198,0
2025-11-20T07:15:00,999.9590744468198,999.9590744468198,0
2025-11-20T07:30:00,999.9590744468198,999.9590744468198,0
2025-11-20T07:45:00,999.9590744468198,999.9590744468198,0
2025-11-20T08:00:00,999.9590744468198,999.9590744468198,0
2025-11-20T08:15:00,999.9590744468198,999.9590744468198,0
2025-11-20T08:30:00,999.9590744468198,999.9590744468198,0
2025-11-20T08:45:00,999.9590744468198,999.9590744468198,0
2025-11-20T09:00:00,999.9590744468198,999.9590744468198,0
2025-11-20T09:15:00,999.9590744468198,999.9590744468198,0
2025-11-20T09:30:00,999.9590744468198,999.9590744468198,0
2025-11-20T09:45:00,999.9590744468198,999.9590744468198,0
2025-11-20T10:00:00,999.9590744468198,999.9590744468198,0
2025-11-20T10:15:00,999.9590744468198,999.9590744468198,0
2025-11-20T10:30:00,999.9590744468198,999.9590744468198,0
2025-11-20T10:45:00,999.9590744468198,999.9590744468198,0
2025-11-20T11:00:00,999.9590744468198,999.9590744468198,0
2025-11-20T11:15:00,999.9590744468198,999.9590744468198,0
2025-11-20T11:30:00,999.9590744468198,999.9590744468198,0
2025-11-20T11:45:00,999.9590744468198,999.9590744468198,0
2025-11-20T12:00:00,999.9590744468198,999.9590744468198,0
2025-11-20T12:15:00,999.9590744468198,999.9590744468198,0
2025-11-20T12:30:00,999.9590744468198,999.9590744468198,0
2025-11-20T12:45:00,999.9590744468198,999.9590744468198,0
2025-11-20T13:00:00,999.9590744468198,999.9590744468198,0
2025-11-20T13:15:00,999.9590744468198,999.9590744468198,0
2025-11-20T13:30:00,999.9590744468198,999.9590744468198,0
2025-11-20T13:45:00,999.9590744468198,999.9590744468198,0
2025-11-20T14:00:00,999.9590744468198,999.9590744468198,0
2025-11-20T14:15:00,999.9590744468198,999.9590744468198,0
2025-11-20T14:30:00,999.9590744468198,999.9590744468198,0
2025-11-20T14:45:00,999.9590744468198,999.9590744468198,0
2025-11-20T15:00:00,999.9590744468198,999.9590744468198,0
2025-11-20T15:15:00,999.9590744468198,999.9590744468198,0
2025-11-20T15:30:00,999.9590744468198,999.9590744468198,0
2025-11-20T15:45:00,999.9590744468198,999.9590744468198,0
2025-11-20T16:00:00,999.9590744468198,999.9590744468198,0
2025-11-20T16:15:00,999.9590744468198,999.9590744468198,0
2025-11-20T16:30:00,999.9590744468198,999.9590744468198,0
2025-11-20T16:45:00,999.9590744468198,999.9590744468198,0
2025-11-20T17:00:00,999.1982042351005,899.8031735502263,1
2025-11-20T17:15:00,998.8204902027765,899.8031735502263,1
2025-11-20T17:30:00,1000.5398989629805,899.8031735502263,1
2025-11-20T17:45:00,998.351983067897,899.8031735502263,1
2025-11-20T18:00:00,996.2130301029297,899.8031735502263,1
2025-11-20T18:15:00,999.6107077177702,899.8031735502263,1
2025-11-20T18:30:00,1000.4988050752046,899.8031735502263,1
2025-11-20T18:45:00,1001.7919970508831,899.8031735502263,1
2025-11-20T19:00:00,1002.0933675671708,899.8031735502263,1
2025-11-20T19:15:00,999.759253148611,899.8031735502263,1
2025-11-20T19:30:00,1000.9007244658378,899.8031735502263,1
2025-11-20T19:45:00,999.4701866390947,999.4701866390947,0
2025-11-20T20:00:00,999.4701866390947,999.4701866390947,0
2025-11-20T20:15:00,999.4701866390947,999.4701866390947,0
2025-11-20T20:30:00,999.4701866390947,999.4701866390947,0
2025-11-20T20:45:00,999.4701866390947,999.4701866390947,0
2025-11-20T21:00:00,999.4701866390947,999.4701866390947,0
2025-11-20T21:15:00,999.4701866390947,999.4701866390947,0
2025-11-20T21:30:00,999.4701866390947,999.4701866390947,0
2025-11-20T21:45:00,999.4701866390947,999.4701866390947,0
2025-11-20T22:00:00,999.4701866390947,999.4701866390947,0
2025-11-20T22:15:00,999.4701866390947,999.4701866390947,0
2025-11-20T22:30:00,999.4701866390947,999.4701866390947,0
2025-11-20T22:45:00,999.4701866390947,999.4701866390947,0
2025-11-20T23:00:00,999.4701866390947,999.4701866390947,0
2025-11-20T23:15:00,999.4701866390947,999.4701866390947,0
2025-11-20T23:30:00,999.4701866390947,999.4701866390947,0
2025-11-20T23:45:00,999.4701866390947,999.4701866390947,0
2025-11-21T00:00:00,999.4701866390947,999.4701866390947,0
2025-11-21T00:15:00,999.4701866390947,999.4701866390947,0
2025-11-21T00:30:00,999.4701866390947,999.4701866390947,0
2025-11-21T00:45:00,999.4701866390947,999.4701866390947,0
2025-11-21T01:00:00,999.4701866390947,999.4701866390947,0
2025-11-21T01:15:00,999.4701866390947,999.4701866390947,0
2025-11-21T01:30:00,999.4701866390947,999.4701866390947,0
2025-11-21T01:45:00,999.4701866390947,999.4701866390947,0
2025-11-21T02:00:00,999.4701866390947,999.4701866390947,0
2025-11-21T02:15:00,999.4701866390947,999.4701866390947,0
2025-11-21T02:30:00,999.4701866390947,999.4701866390947,0
2025-11-21T02:45:00,999.4701866390947,999.4701866390947,0
2025-11-21T03:00:00,999.4701866390947,999.4701866390947,0
2025-11-21T03:15:00,999.4701866390947,999.4701866390947,0
2025-11-21T03:30:00,999.4701866390947,999.4701866390947,0
2025-11-21T03:45:00,999.4701866390947,999.4701866390947,0
2025-11-21T04:00:00,999.4701866390947,999.4701866390947,0
2025-11-21T04:15:00,999.4701866390947,999.4701866390947,0
2025-11-21T04:30:00,999.4701866390947,999.4701866390947,0
2025-11-21T04:45:00,999.4701866390947,999.4701866390947,0
2025-11-21T05:00:00,999.4701866390947,999.4701866390947,0
2025-11-21T05:15:00,999.4701866390947,999.4701866390947,0
2025-11-21T05:30:00,999.4701866390947,999.4701866390947,0
2025-11-21T05:45:00,999.4701866390947,999.4701866390947,0
2025-11-21T06:00:00,999.4701866390947,999.4701866390947,0
2025-11-21T06:15:00,999.4701866390947,999.4701866390947,0
2025-11-21T06:30:00,999.4701866390947,999.4701866390947,0
2025-11-21T06:45:00,999.4701866390947,999.4701866390947,0
2025-11-21T07:00:00,999.4701866390947,999.4701866390947,0
2025-11-21T07:15:00,999.4701866390947,999.4701866390947,0
2025-11-21T07:30:00,999.4701866390947,999.4701866390947,0
2025-11-21T07:45:00,999.4701866390947,999.4701866390947,0
2025-11-21T08:00:00,999.4701866390947,999.4701866390947,0
2025-11-21T08:15:00,999.4701866390947,999.4701866390947,0
2025-11-21T08:30:00,999.4701866390947,999.4701866390947,0
2025-11-21T08:45:00,999.4701866390947,999.4701866390947,0
2025-11-21T09:00:00,999.4701866390947,999.4701866390947,0
2025-11-21T09:15:00,999.4701866390947,999.4701866390947,0
2025-11-21T09:30:00,999.4701866390947,999.4701866390947,0
2025-11-21T09:45:00,999.4701866390947,999.4701866390947,0
2025-11-21T10:00:00,999.4701866390947,999.4701866390947,0
2025-11-21T10:15:00,999.4701866390947,999.4701866390947,0
2025-11-21T10:30:00,999.4701866390947,999.4701866390947,0
2025-11-21T10:45:00,999.4701866390947,999.4701866390947,0
2025-11-21T11:00:00,999.4701866390947,999.4701866390947,0
2025-11-21T11:15:00,999.4701866390947,999.4701866390947,0
2025-11-21T11:30:00,999.4701866390947,999.4701866390947,0
2025-11-21T11:45:00,999.4701866390947,999.4701866390947,0
2025-11-21T12:00:00,999.4701866390947,999.4701866390947,0
2025-11-21T12:15:00,998.7096884227693,899.3632527453229,1
2025-11-21T12:30:00,984.7369592460273,984.7369592460273,0
2025-11-21T12:45:00,984.7369592460273,984.7369592460273,0
2025-11-21T13:00:00,984.7369592460273,984.7369592460273,0
2025-11-21T13:15:00,984.7369592460273,984.7369592460273,0
2025-11-21T13:30:00,984.7369592460273,984.7369592460273,0
2025-11-21T13:45:00,984.7369592460273,984.7369592460273,0
2025-11-21T14:00:00,984.7369592460273,984.7369592460273,0
2025-11-21T14:15:00,984.7369592460273,984.7369592460273,0
2025-11-21T14:30:00,984.7369592460273,984.7369592460273,0
2025-11-21T14:45:00,984.7369592460273,984.7369592460273,0
2025-11-21T15:00:00,984.7369592460273,984.7369592460273,0
2025-11-21T15:15:00,984.7369592460273,984.7369592460273,0
2025-11-21T15:30:00,984.7369592460273,984.7369592460273,0
2025-11-21T15:45:00,984.7369592460273,984.7369592460273,0
2025-11-21T16:00:00,984.7369592460273,984.7369592460273,0
2025-11-21T16:15:00,984.7369592460273,984.7369592460273,0
2025-11-21T16:30:00,984.7369592460273,984.7369592460273,0
2025-11-21T16:45:00,984.7369592460273,984.7369592460273,0
2025-11-21T17:00:00,984.7369592460273,984.7369592460273,0
2025-11-21T17:15:00,984.7369592460273,984.7369592460273,0
2025-11-21T17:30:00,984.7369592460273,984.7369592460273,0
2025-11-21T17:45:00,984.7369592460273,984.7369592460273,0
2025-11-21T18:00:00,984.7369592460273,984.7369592460273,0
2025-11-21T18:15:00,984.7369592460273,984.7369592460273,0
2025-11-21T18:30:00,984.7369592460273,984.7369592460273,0
2025-11-21T18:45:00,984.7369592460273,984.7369592460273,0
2025-11-21T19:00:00,984.7369592460273,984.7369592460273,0
2025-11-21T19:15:00,984.7369592460273,984.7369592460273,0
2025-11-21T19:30:00,984.7369592460273,984.7369592460273,0
2025-11-21T19:45:00,984.7369592460273,984.7369592460273,0
2025-11-21T20:00:00,984.7369592460273,984.7369592460273,0
2025-11-21T20:15:00,984.7369592460273,984.7369592460273,0
2025-11-21T20:30:00,984.7369592460273,984.7369592460273,0
2025-11-21T20:45:00,984.7369592460273,984.7369592460273,0
2025-11-21T21:00:00,984.7369592460273,984.7369592460273,0
2025-11-21T21:15:00,984.7369592460273,984.7369592460273,0
2025-11-21T21:30:00,984.7369592460273,984.7369592460273,0
2025-11-21T21:45:00,984.7369592460273,984.7369592460273,0
2025-11-21T22:00:00,984.7369592460273,984.7369592460273,0
2025-11-21T22:15:00,984.7369592460273,984.7369592460273,0
2025-11-21T22:30:00,984.7369592460273,984.7369592460273,0
2025-11-21T22:45:00,984.7369592460273,984.7369592460273,0
2025-11-21T23:00:00,983.987671562345,886.1057054079452,1
2025-11-21T23:15:00,979.2684809362189,979.2684809362189,0
2025-11-21T23:30:00,979.2684809362189,979.2684809362189,0
2025-11-21T23:45:00,979.2684809362189,979.2684809362189,0
2025-11-22T00:00:00,979.2684809362189,979.2684809362189,0
2025-11-22T00:15:00,979.2684809362189,979.2684809362189,0
2025-11-22T00:30:00,979.2684809362189,979.2684809362189,0
2025-11-22T00:45:00,979.2684809362189,979.2684809362189,0
2025-11-22T01:00:00,979.2684809362189,979.2684809362189,0
2025-11-22T01:15:00,979.2684809362189,979.2684809362189,0
2025-11-22T01:30:00,979.2684809362189,979.2684809362189,0
2025-11-22T01:45:00,979.2684809362189,979.2684809362189,0
2025-11-22T02:00:00,979.2684809362189,979.2684809362189,0
2025-11-22T02:15:00,979.2684809362189,979.2684809362189,0
2025-11-22T02:30:00,979.2684809362189,979.2684809362189,0
2025-11-22T02:45:00,979.2684809362189,979.2684809362189,0
2025-11-22T03:00:00,979.2684809362189,979.2684809362189,0
2025-11-22T03:15:00,979.2684809362189,979.2684809362189,0
2025-11-22T03:30:00,979.2684809362189,979.2684809362189,0
2025-11-22T03:45:00,979.2684809362189,979.2684809362189,0
2025-11-22T04:00:00,979.2684809362189,979.2684809362189,0
2025-11-22T04:15:00,979.2684809362189,979.2684809362189,0
2025-11-22T04:30:00,979.2684809362189,979.2684809362189,0
2025-11-22T04:45:00,979.2684809362189,979.2684809362189,0
2025-11-22T05:00:00,979.2684809362189,979.2684809362189,0
2025-11-22T05:15:00,979.2684809362189,979.2684809362189,0
2025-11-22T05:30:00,979.2684809362189,979.2684809362189,0
2025-11-22T05:45:00,979.2684809362189,979.2684809362189,0
2025-11-22T06:00:00,979.2684809362189,979.2684809362189,0
2025-11-22T06:15:00,979.2684809362189,979.2684809362189,0
2025-11-22T06:30:00,979.2684809362189,979.2684809362189,0
2025-11-22T06:45:00,979.2684809362189,979.2684809362189,0
2025-11-22T07:00:00,979.2684809362189,979.2684809362189,0
2025-11-22T07:15:00,979.2684809362189,979.2684809362189,0
2025-11-22T07:30:00,979.2684809362189,979.2684809362189,0
2025-11-22T07:45:00,979.2684809362189,979.2684809362189,0
2025-11-22T08:00:00,979.2684809362189,979.2684809362189,0
2025-11-22T08:15:00,979.2684809362189,979.2684809362189,0
2025-11-22T08:30:00,979.2684809362189,979.2684809362189,0
2025-11-22T08:45:00,979.2684809362189,979.2684809362189,0
2025-11-22T09:00:00,979.2684809362189,979.2684809362189,0
2025-11-22T09:15:00,979.2684809362189,979.2684809362189,0
2025-11-22T09:30:00,979.2684809362189,979.2684809362189,0
2025-11-22T09:45:00,979.2684809362189,979.2684809362189,0
2025-11-22T10:00:00,979.2684809362189,979.2684809362189,0
2025-11-22T10:15:00,979.2684809362189,979.2684809362189,0
2025-11-22T10:30:00,979.2684809362189,979.2684809362189,0
2025-11-22T10:45:00,979.2684809362189,979.2684809362189,0
2025-11-22T11:00:00,979.2684809362189,979.2684809362189,0
2025-11-22T11:15:00,979.2684809362189,979.2684809362189,0
2025-11-22T11:30:00,979.2684809362189,979.2684809362189,0
2025-11-22T11:45:00,979.2684809362189,979.2684809362189,0
2025-11-22T12:00:00,979.2684809362189,979.2684809362189,0
2025-11-22T12:15:00,979.2684809362189,979.2684809362189,0
2025-11-22T12:30:00,979.2684809362189,979.2684809362189,0
2025-11-22T12:45:00,979.2684809362189,979.2684809362189,0
2025-11-22T13:00:00,979.2684809362189,979.2684809362189,0
2025-11-22T13:15:00,979.2684809362189,979.2684809362189,0
2025-11-22T13:30:00,979.2684809362189,979.2684809362189,0
2025-11-22T13:45:00,979.2684809362189,979.2684809362189,0
2025-11-22T14:00:00,979.2684809362189,979.2684809362189,0
2025-11-22T14:15:00,979.2684809362189,979.2684809362189,0
2025-11-22T14:30:00,979.2684809362189,979.2684809362189,0
2025-11-22T14:45:00,979.2684809362189,979.2684809362189,0
2025-11-22T15:00:00,979.2684809362189,979.2684809362189,0
2025-11-22T15:15:00,979.2684809362189,979.2684809362189,0
2025-11-22T15:30:00,979.2684809362189,979.2684809362189,0
2025-11-22T15:45:00,979.2684809362189,979.2684809362189,0
2025-11-22T16:00:00,979.2684809362189,979.2684809362189,0
2025-11-22T16:15:00,979.2684809362189,979.2684809362189,0
2025-11-22T16:30:00,979.2684809362189,979.2684809362189,0
2025-11-22T16:45:00,979.2684809362189,979.2684809362189,0
2025-11-22T17:00:00,979.2684809362189,979.2684809362189,0
2025-11-22T17:15:00,979.2684809362189,979.2684809362189,0
2025-11-22T17:30:00,979.2684809362189,979.2684809362189,0
2025-11-22T17:45:00,979.2684809362189,979.2684809362189,0
2025-11-22T18:00:00,979.2684809362189,979.2684809362189,0
2025-11-22T18:15:00,979.2684809362189,979.2684809362189,0
2025-11-22T18:30:00,979.2684809362189,979.2684809362189,0
2025-11-22T18:45:00,979.2684809362189,979.2684809362189,0
2025-11-22T19:00:00,979.2684809362189,979.2684809362189,0
2025-11-22T19:15:00,979.2684809362189,979.2684809362189,0
2025-11-22T19:30:00,979.2684809362189,979.2684809362189,0
2025-11-22T19:45:00,979.2684809362189,979.2684809362189,0
2025-11-22T20:00:00,979.2684809362189,979.2684809362189,0
2025-11-22T20:15:00,979.2684809362189,979.2684809362189,0
2025-11-22T20:30:00,979.2684809362189,979.2684809362189,0
2025-11-22T20:45:00,979.2684809362189,979.2684809362189,0
2025-11-22T21:00:00,979.2684809362189,979.2684809362189,0
2025-11-22T21:15:00,979.2684809362189,979.2684809362189,0
2025-11-22T21:30:00,979.2684809362189,979.2684809362189,0
2025-11-22T21:45:00,979.2684809362189,979.2684809362189,0
2025-11-22T22:00:00,979.2684809362189,979.2684809362189,0
2025-11-22T22:15:00,979.2684809362189,979.2684809362189,0
2025-11-22T22:30:00,979.2684809362189,979.2684809362189,0
2025-11-22T22:45:00,979.2684809362189,979.2684809362189,0
2025-11-22T23:00:00,979.2684809362189,979.2684809362189,0
2025-11-22T23:15:00,979.2684809362189,979.2684809362189,0
2025-11-22T23:30:00,979.2684809362189,979.2684809362189,0
2025-11-22T23:45:00,979.2684809362189,979.2684809362189,0
2025-11-23T00:00:00,979.2684809362189,979.2684809362189,0
2025-11-23T00:15:00,979.2684809362189,979.2684809362189,0
2025-11-23T00:30:00,979.2684809362189,979.2684809362189,0
2025-11-23T00:45:00,979.2684809362189,979.2684809362189,0
2025-11-23T01:00:00,979.2684809362189,979.2684809362189,0
2025-11-23T01:15:00,979.2684809362189,979.2684809362189,0
2025-11-23T01:30:00,979.2684809362189,979.2684809362189,0
2025-11-23T01:45:00,979.2684809362189,979.2684809362189,0
2025-11-23T02:00:00,979.2684809362189,979.2684809362189,0
2025-11-23T02:15:00,979.2684809362189,979.2684809362189,0
2025-11-23T02:30:00,979.2684809362189,979.2684809362189,0
2025-11-23T02:45:00,979.2684809362189,979.2684809362189,0
2025-11-23T03:00:00,979.2684809362189,979.2684809362189,0
2025-11-23T03:15:00,979.2684809362189,979.2684809362189,0
2025-11-23T03:30:00,979.2684809362189,979.2684809362189,0
2025-11-23T03:45:00,979.2684809362189,979.2684809362189,0
2025-11-23T04:00:00,979.2684809362189,979.2684809362189,0
2025-11-23T04:15:00,979.2684809362189,979.2684809362189,0
2025-11-23T04:30:00,979.2684809362189,979.2684809362189,0
2025-11-23T04:45:00,979.2684809362189,979.2684809362189,0
2025-11-23T05:00:00,979.2684809362189,979.2684809362189,0
2025-11-23T05:15:00,979.2684809362189,979.2684809362189,0
2025-11-23T05:30:00,979.2684809362189,979.2684809362189,0
2025-11-23T05:45:00,979.2684809362189,979.2684809362189,0
2025-11-23T06:00:00,979.2684809362189,979.2684809362189,0
2025-11-23T06:15:00,979.2684809362189,979.2684809362189,0
2025-11-23T06:30:00,979.2684809362189,979.2684809362189,0
2025-11-23T06:45:00,979.2684809362189,979.2684809362189,0
2025-11-23T07:00:00,979.2684809362189,979.2684809362189,0
2025-11-23T07:15:00,979.2684809362189,979.2684809362189,0
2025-11-23T07:30:00,979.2684809362189,979.2684809362189,0
2025-11-23T07:45:00,979.2684809362189,979.2684809362189,0
2025-11-23T08:00:00,979.2684809362189,979.2684809362189,0
2025-11-23T08:15:00,979.2684809362189,979.2684809362189,0
2025-11-23T08:30:00,979.2684809362189,979.2684809362189,0
2025-11-23T08:45:00,979.2684809362189,979.2684809362189,0
2025-11-23T09:00:00,979.2684809362189,979.2684809362189,0
2025-11-23T09:15:00,979.2684809362189,979.2684809362189,0
2025-11-23T09:30:00,979.2684809362189,979.2684809362189,0
2025-11-23T09:45:00,979.2684809362189,979.2684809362189,0
2025-11-23T10:00:00,979.2684809362189,979.2684809362189,0
2025-11-23T10:15:00,979.2684809362189,979.2684809362189,0
2025-11-23T10:30:00,979.2684809362189,979.2684809362189,0
2025-11-23T10:45:00,979.2684809362189,979.2684809362189,0
2025-11-23T11:00:00,979.2684809362189,979.2684809362189,0
2025-11-23T11:15:00,979.2684809362189,979.2684809362189,0
2025-11-23T11:30:00,979.2684809362189,979.2684809362189,0
2025-11-23T11:45:00,979.2684809362189,979.2684809362189,0
2025-11-23T12:00:00,979.2684809362189,979.2684809362189,0
2025-11-23T12:15:00,979.2684809362189,979.2684809362189,0
2025-11-23T12:30:00,979.2684809362189,979.2684809362189,0
2025-11-23T12:45:00,979.2684809362189,979.2684809362189,0
2025-11-23T13:00:00,979.2684809362189,979.2684809362189,0
2025-11-23T13:15:00,979.2684809362189,979.2684809362189,0
2025-11-23T13:30:00,979.2684809362189,979.2684809362189,0
2025-11-23T13:45:00,979.2684809362189,979.2684809362189,0
2025-11-23T14:00:00,979.2684809362189,979.2684809362189,0
2025-11-23T14:15:00,979.2684809362189,979.2684809362189,0
2025-11-23T14:30:00,979.2684809362189,979.2684809362189,0
2025-11-23T14:45:00,979.2684809362189,979.2684809362189,0
2025-11-23T15:00:00,979.2684809362189,979.2684809362189,0
2025-11-23T15:15:00,979.2684809362189,979.2684809362189,0
2025-11-23T15:30:00,979.2684809362189,979.2684809362189,0
2025-11-23T15:45:00,979.2684809362189,979.2684809362189,0
2025-11-23T16:00:00,979.2684809362189,979.2684809362189,0
2025-11-23T16:15:00,979.2684809362189,979.2684809362189,0
2025-11-23T16:30:00,979.2684809362189,979.2684809362189,0
2025-11-23T16:45:00,979.2684809362189,979.2684809362189,0
2025-11-23T17:00:00,979.2684809362189,979.2684809362189,0
2025-11-23T17:15:00,979.2684809362189,979.2684809362189,0
2025-11-23T17:30:00,979.2684809362189,979.2684809362189,0
2025-11-23T17:45:00,979.2684809362189,979.2684809362189,0
2025-11-23T18:00:00,979.2684809362189,979.2684809362189,0
2025-11-23T18:15:00,979.2684809362189,979.2684809362189,0
2025-11-23T18:30:00,979.2684809362189,979.2684809362189,0
2025-11-23T18:45:00,979.2684809362189,979.2684809362189,0
2025-11-23T19:00:00,979.2684809362189,979.2684809362189,0
2025-11-23T19:15:00,979.2684809362189,979.2684809362189,0
2025-11-23T19:30:00,978.5251169123078,881.1849498856473,1
2025-11-23T19:45:00,977.1578890747005,881.1849498856473,1
2025-11-23T20:00:00,977.7229813494351,881.1849498856473,1
2025-11-23T20:15:00,978.4919549535267,881.1849498856473,1
2025-11-23T20:30:00,978.0722307807438,881.1849498856473,1
2025-11-23T20:45:00,977.8646449526267,881.1849498856473,1
2025-11-23T21:00:00,976.9968103274043,881.1849498856473,1
2025-11-23T21:15:00,978.370688409774,881.1849498856473,1
2025-11-23T21:30:00,978.6389298260251,881.1849498856473,1
2025-11-23T21:45:00,980.134922469936,881.1849498856473,1
2025-11-23T22:00:00,979.0472727074363,881.1849498856473,1
2025-11-23T22:15:00,979.7435845768096,881.1849498856473,1
2025-11-23T22:30:00,979.1025723937482,881.1849498856473,1
2025-11-23T22:45:00,980.1883922231254,881.1849498856473,1
2025-11-23T23:00:00,976.8764903732246,976.8764903732246,0
2025-11-23T23:15:00,976.8764903732246,976.8764903732246,0
2025-11-23T23:30:00,976.8764903732246,976.8764903732246,0
2025-11-23T23:45:00,976.8764903732246,976.8764903732246,0
2025-11-24T00:00:00,976.8764903732246,976.8764903732246,0
2025-11-24T00:15:00,976.8764903732246,976.8764903732246,0
2025-11-24T00:30:00,976.8764903732246,976.8764903732246,0
2025-11-24T00:45:00,976.8764903732246,976.8764903732246,0
2025-11-24T01:00:00,976.8764903732246,976.8764903732246,0
2025-11-24T01:15:00,976.8764903732246,976.8764903732246,0
2025-11-24T01:30:00,976.8764903732246,976.8764903732246,0
2025-11-24T01:45:00,976.8764903732246,976.8764903732246,0
2025-11-24T02:00:00,976.8764903732246,976.8764903732246,0
2025-11-24T02:15:00,976.8764903732246,976.8764903732246,0
2025-11-24T02:30:00,976.8764903732246,976.8764903732246,0
2025-11-24T02:45:00,976.8764903732246,976.8764903732246,0
2025-11-24T03:00:00,976.8764903732246,976.8764903732246,0
2025-11-24T03:15:00,976.8764903732246,976.8764903732246,0
2025-11-24T03:30:00,976.8764903732246,976.8764903732246,0
2025-11-24T03:45:00,976.8764903732246,976.8764903732246,0
2025-11-24T04:00:00,976.8764903732246,976.8764903732246,0
2025-11-24T04:15:00,976.8764903732246,976.8764903732246,0
2025-11-24T04:30:00,976.8764903732246,976.8764903732246,0
2025-11-24T04:45:00,976.8764903732246,976.8764903732246,0
2025-11-24T05:00:00,976.8764903732246,976.8764903732246,0
2025-11-24T05:15:00,976.8764903732246,976.8764903732246,0
2025-11-24T05:30:00,976.8764903732246,976.8764903732246,0
2025-11-24T05:45:00,976.8764903732246,976.8764903732246,0
2025-11-24T06:00:00,976.8764903732246,976.8764903732246,0
2025-11-24T06:15:00,976.8764903732246,976.8764903732246,0
2025-11-24T06:30:00,976.8764903732246,976.8764903732246,0
2025-11-24T06:45:00,976.8764903732246,976.8764903732246,0
2025-11-24T07:00:00,976.8764903732246,976.8764903732246,0
2025-11-24T07:15:00,976.8764903732246,976.8764903732246,0
2025-11-24T07:30:00,976.8764903732246,976.8764903732246,0
2025-11-24T07:45:00,976.8764903732246,976.8764903732246,0
2025-11-24T08:00:00,976.8764903732246,976.8764903732246,0
2025-11-24T08:15:00,976.8764903732246,976.8764903732246,0
2025-11-24T08:30:00,976.8764903732246,976.8764903732246,0
2025-11-24T08:45:00,976.8764903732246,976.8764903732246,0
2025-11-24T09:00:00,976.8764903732246,976.8764903732246,0
2025-11-24T09:15:00,976.8764903732246,976.8764903732246,0
2025-11-24T09:30:00,976.8764903732246,976.8764903732246,0
2025-11-24T09:45:00,976.8764903732246,976.8764903732246,0
2025-11-24T10:00:00,976.8764903732246,976.8764903732246,0
2025-11-24T10:15:00,976.8764903732246,976.8764903732246,0
2025-11-24T10:30:00,976.8764903732246,976.8764903732246,0
2025-11-24T10:45:00,976.8764903732246,976.8764903732246,0
2025-11-24T11:00:00,976.8764903732246,976.8764903732246,0
2025-11-24T11:15:00,976.8764903732246,976.8764903732246,0
2025-11-24T11:30:00,976.8764903732246,976.8764903732246,0
2025-11-24T11:45:00,976.8764903732246,976.8764903732246,0
2025-11-24T12:00:00,976.8764903732246,976.8764903732246,0
2025-11-24T12:15:00,976.8764903732246,976.8764903732246,0
2025-11-24T12:30:00,976.8764903732246,976.8764903732246,0
2025-11-24T12:45:00,976.8764903732246,976.8764903732246,0
2025-11-24T13:00:00,976.8764903732246,976.8764903732246,0
2025-11-24T13:15:00,976.8764903732246,976.8764903732246,0
2025-11-24T13:30:00,976.8764903732246,976.8764903732246,0
2025-11-24T13:45:00,976.8764903732246,976.8764903732246,0
2025-11-24T14:00:00,976.8764903732246,976.8764903732246,0
2025-11-24T14:15:00,976.8764903732246,976.8764903732246,0
2025-11-24T14:30:00,976.8764903732246,976.8764903732246,0
2025-11-24T14:45:00,976.8764903732246,976.8764903732246,0
2025-11-24T15:00:00,976.8764903732246,976.8764903732246,0
2025-11-24T15:15:00,976.8764903732246,976.8764903732246,0
2025-11-24T15:30:00,976.8764903732246,976.8764903732246,0
2025-11-24T15:45:00,976.8764903732246,976.8764903732246,0
2025-11-24T16:00:00,976.8764903732246,976.8764903732246,0
2025-11-24T16:15:00,976.8764903732246,976.8764903732246,0
2025-11-24T16:30:00,976.8764903732246,976.8764903732246,0
2025-11-24T16:45:00,976.8764903732246,976.8764903732246,0
2025-11-24T17:00:00,976.8764903732246,976.8764903732246,0
2025-11-24T17:15:00,976.1349421125742,879.0325410974424,1
2025-11-24T17:30:00,976.9900425795512,879.0325410974424,1
2025-11-24T17:45:00,979.4001144747399,879.0325410974424,1
2025-11-24T18:00:00,980.4077680766705,879.0325410974424,1
2025-11-24T18:15:00,979.1043755025929,879.0325410974424,1
2025-11-24T18:30:00,980.0317379808637,879.0325410974424,1
2025-11-24T18:45:00,981.7419389148178,879.0325410974424,1
2025-11-24T19:00:00,983.61539846688,879.0325410974424,1
2025-11-24T19:15:00,983.8281699445786,879.0325410974424,1
2025-11-24T19:30:00,981.8503319317585,879.0325410974424,1
2025-11-24T19:45:00,981.9386521677843,879.0325410974424,1
2025-11-24T20:00:00,984.2430074168209,879.0325410974424,1
2025-11-24T20:15:00,984.5494518721225,879.0325410974424,1
2025-11-24T20:30:00,984.4142951472952,879.0325410974424,1
2025-11-24T20:45:00,983.7719661580167,879.0325410974424,1
2025-11-24T21:00:00,982.8559400667305,982.8559400667305,0
2025-11-24T21:15:00,982.8559400667305,982.8559400667305,0
2025-11-24T21:30:00,982.8559400667305,982.8559400667305,0
2025-11-24T21:45:00,982.8559400667305,982.8559400667305,0
2025-11-24T22:00:00,982.8559400667305,982.8559400667305,0
2025-11-24T22:15:00,982.8559400667305,982.8559400667305,0
2025-11-24T22:30:00,982.8559400667305,982.8559400667305,0
2025-11-24T22:45:00,982.8559400667305,982.8559400667305,0
2025-11-24T23:00:00,982.8559400667305,982.8559400667305,0
2025-11-24T23:15:00,982.8559400667305,982.8559400667305,0
2025-11-24T23:30:00,982.8559400667305,982.8559400667305,0
2025-11-24T23:45:00,982.8559400667305,982.8559400667305,0
2025-11-25T00:00:00,982.8559400667305,982.8559400667305,0
2025-11-25T00:15:00,982.8559400667305,982.8559400667305,0
2025-11-25T00:30:00,982.8559400667305,982.8559400667305,0
2025-11-25T00:45:00,982.8559400667305,982.8559400667305,0
2025-11-25T01:00:00,982.8559400667305,982.8559400667305,0
2025-11-25T01:15:00,982.8559400667305,982.8559400667305,0
2025-11-25T01:30:00,982.8559400667305,982.8559400667305,0
2025-11-25T01:45:00,982.8559400667305,982.8559400667305,0
2025-11-25T02:00:00,982.8559400667305,982.8559400667305,0
2025-11-25T02:15:00,982.8559400667305,982.8559400667305,0
2025-11-25T02:30:00,982.8559400667305,982.8559400667305,0
2025-11-25T02:45:00,982.8559400667305,982.8559400667305,0
2025-11-25T03:00:00,982.8559400667305,982.8559400667305,0
2025-11-25T03:15:00,982.8559400667305,982.8559400667305,0
2025-11-25T03:30:00,982.8559400667305,982.8559400667305,0
2025-11-25T03:45:00,982.8559400667305,982.8559400667305,0
2025-11-25T04:00:00,982.8559400667305,982.8559400667305,0
2025-11-25T04:15:00,982.8559400667305,982.8559400667305,0
2025-11-25T04:30:00,982.8559400667305,982.8559400667305,0
2025-11-25T04:45:00,982.8559400667305,982.8559400667305,0
2025-11-25T05:00:00,982.8559400667305,982.8559400667305,0
2025-11-25T05:15:00,982.8559400667305,982.8559400667305,0
2025-11-25T05:30:00,982.8559400667305,982.8559400667305,0
2025-11-25T05:45:00,982.8559400667305,982.8559400667305,0
2025-11-25T06:00:00,982.8559400667305,982.8559400667305,0
2025-11-25T06:15:00,982.8559400667305,982.8559400667305,0
2025-11-25T06:30:00,982.8559400667305,982.8559400667305,0
2025-11-25T06:45:00,982.8559400667305,982.8559400667305,0
2025-11-25T07:00:00,982.8559400667305,982.8559400667305,0
2025-11-25T07:15:00,982.8559400667305,982.8559400667305,0
2025-11-25T07:30:00,982.8559400667305,982.8559400667305,0
2025-11-25T07:45:00,982.8559400667305,982.8559400667305,0
2025-11-25T08:00:00,982.8559400667305,982.8559400667305,0
2025-11-25T08:15:00,982.8559400667305,982.8559400667305,0
2025-11-25T08:30:00,982.8559400667305,982.8559400667305,0
2025-11-25T08:45:00,982.8559400667305,982.8559400667305,0
2025-11-25T09:00:00,982.8559400667305,982.8559400667305,0
2025-11-25T09:15:00,982.8559400667305,982.8559400667305,0
2025-11-25T09:30:00,982.8559400667305,982.8559400667305,0
2025-11-25T09:45:00,982.8559400667305,982.8559400667305,0
2025-11-25T10:00:00,982.8559400667305,982.8559400667305,0
2025-11-25T10:15:00,982.8559400667305,982.8559400667305,0
2025-11-25T10:30:00,982.8559400667305,982.8559400667305,0
2025-11-25T10:45:00,982.8559400667305,982.8559400667305,0
2025-11-25T11:00:00,982.8559400667305,982.8559400667305,0
2025-11-25T11:15:00,982.8559400667305,982.8559400667305,0
2025-11-25T11:30:00,982.8559400667305,982.8559400667305,0
2025-11-25T11:45:00,982.8559400667305,982.8559400667305,0
2025-11-25T12:00:00,982.8559400667305,982.8559400667305,0
2025-11-25T12:15:00,982.8559400667305,982.8559400667305,0
2025-11-25T12:30:00,982.8559400667305,982.8559400667305,0
2025-11-25T12:45:00,982.8559400667305,982.8559400667305,0
2025-11-25T13:00:00,982.8559400667305,982.8559400667305,0
2025-11-25T13:15:00,982.8559400667305,982.8559400667305,0
2025-11-25T13:30:00,982.8559400667305,982.8559400667305,0
2025-11-25T13:45:00,982.8559400667305,982.8559400667305,0
2025-11-25T14:00:00,982.8559400667305,982.8559400667305,0
2025-11-25T14:15:00,982.8559400667305,982.8559400667305,0
2025-11-25T14:30:00,982.8559400667305,982.8559400667305,0
2025-11-25T14:45:00,982.8559400667305,982.8559400667305,0
2025-11-25T15:00:00,982.8559400667305,982.8559400667305,0
2025-11-25T15:15:00,982.8559400667305,982.8559400667305,0
2025-11-25T15:30:00,982.8559400667305,982.8559400667305,0
2025-11-25T15:45:00,982.8559400667305,982.8559400667305,0
2025-11-25T16:00:00,982.8559400667305,982.8559400667305,0
2025-11-25T16:15:00,982.8559400667305,982.8559400667305,0
2025-11-25T16:30:00,982.8559400667305,982.8559400667305,0
2025-11-25T16:45:00,982.8559400667305,982.8559400667305,0
2025-11-25T17:00:00,982.8559400667305,982.8559400667305,0
2025-11-25T17:15:00,982.8559400667305,982.8559400667305,0
2025-11-25T17:30:00,982.8559400667305,982.8559400667305,0
2025-11-25T17:45:00,982.8559400667305,982.8559400667305,0
2025-11-25T18:00:00,982.8559400667305,982.8559400667305,0
2025-11-25T18:15:00,982.8559400667305,982.8559400667305,0
2025-11-25T18:30:00,982.8559400667305,982.8559400667305,0
2025-11-25T18:45:00,982.8559400667305,982.8559400667305,0
2025-11-25T19:00:00,982.8559400667305,982.8559400667305,0
2025-11-25T19:15:00,982.8559400667305,982.8559400667305,0
2025-11-25T19:30:00,982.8559400667305,982.8559400667305,0
2025-11-25T19:45:00,982.8559400667305,982.8559400667305,0
2025-11-25T20:00:00,982.8559400667305,982.8559400667305,0
2025-11-25T20:15:00,982.8559400667305,982.8559400667305,0
2025-11-25T20:30:00,982.8559400667305,982.8559400667305,0
2025-11-25T20:45:00,982.8559400667305,982.8559400667305,0
2025-11-25T21:00:00,982.8559400667305,982.8559400667305,0
2025-11-25T21:15:00,982.8559400667305,982.8559400667305,0
2025-11-25T21:30:00,982.8559400667305,982.8559400667305,0
2025-11-25T21:45:00,982.8559400667305,982.8559400667305,0
2025-11-25T22:00:00,982.8559400667305,982.8559400667305,0
2025-11-25T22:15:00,982.8559400667305,982.8559400667305,0
2025-11-25T22:30:00,982.8559400667305,982.8559400667305,0
2025-11-25T22:45:00,982.8559400667305,982.8559400667305,0
2025-11-25T23:00:00,982.1098527977576,884.4130891096468,1
2025-11-25T23:15:00,980.2294104653006,884.4130891096468,1
2025-11-25T23:30:00,980.9151257618488,884.4130891096468,1
2025-11-25T23:45:00,979.8021570882206,884.4130891096468,1
2025-11-26T00:00:00,979.159958339338,884.4130891096468,1
2025-11-26T00:15:00,980.1186410712428,884.4130891096468,1
2025-11-26T00:30:00,979.5318270193891,884.4130891096468,1
2025-11-26T00:45:00,979.1454528234495,884.4130891096468,1
2025-11-26T01:00:00,978.6003647958307,978.6003647958307,0
2025-11-26T01:15:00,978.6003647958307,978.6003647958307,0
2025-11-26T01:30:00,978.6003647958307,978.6003647958307,0
2025-11-26T01:45:00,978.6003647958307,978.6003647958307,0
2025-11-26T02:00:00,978.6003647958307,978.6003647958307,0
2025-11-26T02:15:00,978.6003647958307,978.6003647958307,0
2025-11-26T02:30:00,978.6003647958307,978.6003647958307,0
2025-11-26T02:45:00,978.6003647958307,978.6003647958307,0
2025-11-26T03:00:00,978.6003647958307,978.6003647958307,0
2025-11-26T03:15:00,978.6003647958307,978.6003647958307,0
2025-11-26T03:30:00,978.6003647958307,978.6003647958307,0
2025-11-26T03:45:00,978.6003647958307,978.6003647958307,0
2025-11-26T04:00:00,978.6003647958307,978.6003647958307,0
2025-11-26T04:15:00,978.6003647958307,978.6003647958307,0
2025-11-26T04:30:00,978.6003647958307,978.6003647958307,0
2025-11-26T04:45:00,978.6003647958307,978.6003647958307,0
2025-11-26T05:00:00,978.6003647958307,978.6003647958307,0
2025-11-26T05:15:00,978.6003647958307,978.6003647958307,0
2025-11-26T05:30:00,978.6003647958307,978.6003647958307,0
2025-11-26T05:45:00,978.6003647958307,978.6003647958307,0
2025-11-26T06:00:00,978.6003647958307,978.6003647958307,0
2025-11-26T06:15:00,978.6003647958307,978.6003647958307,0
2025-11-26T06:30:00,978.6003647958307,978.6003647958307,0
2025-11-26T06:45:00,978.6003647958307,978.6003647958307,0
2025-11-26T07:00:00,978.6003647958307,978.6003647958307,0
2025-11-26T07:15:00,978.6003647958307,978.6003647958307,0
2025-11-26T07:30:00,978.6003647958307,978.6003647958307,0
2025-11-26T07:45:00,978.6003647958307,978.6003647958307,0
2025-11-26T08:00:00,978.6003647958307,978.6003647958307,0
2025-11-26T08:15:00,978.6003647958307,978.6003647958307,0
2025-11-26T08:30:00,978.6003647958307,978.6003647958307,0
2025-11-26T08:45:00,978.6003647958307,978.6003647958307,0
2025-11-26T09:00:00,978.6003647958307,978.6003647958307,0
2025-11-26T09:15:00,978.6003647958307,978.6003647958307,0
2025-11-26T09:30:00,978.6003647958307,978.6003647958307,0
2025-11-26T09:45:00,978.6003647958307,978.6003647958307,0
2025-11-26T10:00:00,978.6003647958307,978.6003647958307,0
2025-11-26T10:15:00,978.6003647958307,978.6003647958307,0
2025-11-26T10:30:00,978.6003647958307,978.6003647958307,0
2025-11-26T10:45:00,978.6003647958307,978.6003647958307,0
2025-11-26T11:00:00,978.6003647958307,978.6003647958307,0
2025-11-26T11:15:00,978.6003647958307,978.6003647958307,0
2025-11-26T11:30:00,978.6003647958307,978.6003647958307,0
2025-11-26T11:45:00,978.6003647958307,978.6003647958307,0
2025-11-26T12:00:00,978.6003647958307,978.6003647958307,0
2025-11-26T12:15:00,978.6003647958307,978.6003647958307,0
2025-11-26T12:30:00,978.6003647958307,978.6003647958307,0
2025-11-26T12:45:00,978.6003647958307,978.6003647958307,0
2025-11-26T13:00:00,978.6003647958307,978.6003647958307,0
2025-11-26T13:15:00,978.6003647958307,978.6003647958307,0
2025-11-26T13:30:00,978.6003647958307,978.6003647958307,0
2025-11-26T13:45:00,978.6003647958307,978.6003647958307,0
2025-11-26T14:00:00,978.6003647958307,978.6003647958307,0
2025-11-26T14:15:00,978.6003647958307,978.6003647958307,0
2025-11-26T14:30:00,978.6003647958307,978.6003647958307,0
2025-11-26T14:45:00,978.6003647958307,978.6003647958307,0
2025-11-26T15:00:00,978.6003647958307,978.6003647958307,0
2025-11-26T15:15:00,978.6003647958307,978.6003647958307,0
2025-11-26T15:30:00,978.6003647958307,978.6003647958307,0
2025-11-26T15:45:00,978.6003647958307,978.6003647958307,0
2025-11-26T16:00:00,978.6003647958307,978.6003647958307,0
2025-11-26T16:15:00,978.6003647958307,978.6003647958307,0
2025-11-26T16:30:00,978.6003647958307,978.6003647958307,0
2025-11-26T16:45:00,978.6003647958307,978.6003647958307,0
2025-11-26T17:00:00,978.6003647958307,978.6003647958307,0
2025-11-26T17:15:00,978.6003647958307,978.6003647958307,0
2025-11-26T17:30:00,978.6003647958307,978.6003647958307,0
2025-11-26T17:45:00,978.6003647958307,978.6003647958307,0
2025-11-26T18:00:00,977.8575079397824,880.5837522578803,1
2025-11-26T18:15:00,977.8163471490237,880.5837522578803,1
2025-11-26T18:30:00,975.0688643658874,880.5837522578803,1
2025-11-26T18:45:00,977.287688242718,880.5837522578803,1
2025-11-26T19:00:00,975.4997663941415,880.5837522578803,1
2025-11-26T19:15:00,976.263813572598,880.5837522578803,1
2025-11-26T19:30:00,977.1667784198647,880.5837522578803,1
2025-11-26T19:45:00,977.038150948744,880.5837522578803,1
2025-11-26T20:00:00,975.9293821476844,880.5837522578803,1
2025-11-26T20:15:00,975.652833084775,880.5837522578803,1
2025-11-26T20:30:00,974.0396080265639,974.0396080265639,0
2025-11-26T20:45:00,974.0396080265639,974.0396080265639,0
2025-11-26T21:00:00,974.0396080265639,974.0396080265639,0
2025-11-26T21:15:00,974.0396080265639,974.0396080265639,0
2025-11-26T21:30:00,974.0396080265639,974.0396080265639,0
2025-11-26T21:45:00,974.0396080265639,974.0396080265639,0
2025-11-26T22:00:00,974.0396080265639,974.0396080265639,0
2025-11-26T22:15:00,974.0396080265639,974.0396080265639,0
2025-11-26T22:30:00,974.0396080265639,974.0396080265639,0
2025-11-26T22:45:00,974.0396080265639,974.0396080265639,0
2025-11-26T23:00:00,974.0396080265639,974.0396080265639,0
2025-11-26T23:15:00,974.0396080265639,974.0396080265639,0
2025-11-26T23:30:00,974.0396080265639,974.0396080265639,0
2025-11-26T23:45:00,974.0396080265639,974.0396080265639,0
2025-11-27T00:00:00,974.0396080265639,974.0396080265639,0
2025-11-27T00:15:00,974.0396080265639,974.0396080265639,0
2025-11-27T00:30:00,974.0396080265639,974.0396080265639,0
2025-11-27T00:45:00,974.0396080265639,974.0396080265639,0
2025-11-27T01:00:00,974.0396080265639,974.0396080265639,0
2025-11-27T01:15:00,974.0396080265639,974.0396080265639,0
2025-11-27T01:30:00,974.0396080265639,974.0396080265639,0
2025-11-27T01:45:00,974.0396080265639,974.0396080265639,0
2025-11-27T02:00:00,974.0396080265639,974.0396080265639,0
2025-11-27T02:15:00,974.0396080265639,974.0396080265639,0
2025-11-27T02:30:00,974.0396080265639,974.0396080265639,0
2025-11-27T02:45:00,974.0396080265639,974.0396080265639,0
2025-11-27T03:00:00,974.0396080265639,974.0396080265639,0
2025-11-27T03:15:00,974.0396080265639,974.0396080265639,0
2025-11-27T03:30:00,974.0396080265639,974.0396080265639,0
2025-11-27T03:45:00,974.0396080265639,974.0396080265639,0
2025-11-27T04:00:00,974.0396080265639,974.0396080265639,0
2025-11-27T04:15:00,974.0396080265639,974.0396080265639,0
2025-11-27T04:30:00,974.0396080265639,974.0396080265639,0
2025-11-27T04:45:00,974.0396080265639,974.0396080265639,0
2025-11-27T05:00:00,974.0396080265639,974.0396080265639,0
2025-11-27T05:15:00,974.0396080265639,974.0396080265639,0
2025-11-27T05:30:00,974.0396080265639,974.0396080265639,0
2025-11-27T05:45:00,974.0396080265639,974.0396080265639,0
2025-11-27T06:00:00,974.0396080265639,974.0396080265639,0
2025-11-27T06:15:00,974.0396080265639,974.0396080265639,0
2025-11-27T06:30:00,974.0396080265639,974.0396080265639,0
2025-11-27T06:45:00,974.0396080265639,974.0396080265639,0
2025-11-27T07:00:00,974.0396080265639,974.0396080265639,0
2025-11-27T07:15:00,974.0396080265639,974.0396080265639,0
2025-11-27T07:30:00,974.0396080265639,974.0396080265639,0
2025-11-27T07:45:00,974.0396080265639,974.0396080265639,0
2025-11-27T08:00:00,974.0396080265639,974.0396080265639,0
2025-11-27T08:15:00,974.0396080265639,974.0396080265639,0
2025-11-27T08:30:00,974.0396080265639,974.0396080265639,0
2025-11-27T08:45:00,974.0396080265639,974.0396080265639,0
2025-11-27T09:00:00,974.0396080265639,974.0396080265639,0
2025-11-27T09:15:00,974.0396080265639,974.0396080265639,0
2025-11-27T09:30:00,974.0396080265639,974.0396080265639,0
2025-11-27T09:45:00,974.0396080265639,974.0396080265639,0
2025-11-27T10:00:00,974.0396080265639,974.0396080265639,0
2025-11-27T10:15:00,974.0396080265639,974.0396080265639,0
2025-11-27T10:30:00,974.0396080265639,974.0396080265639,0
2025-11-27T10:45:00,974.0396080265639,974.0396080265639,0
2025-11-27T11:00:00,974.0396080265639,974.0396080265639,0
2025-11-27T11:15:00,974.0396080265639,974.0396080265639,0
2025-11-27T11:30:00,974.0396080265639,974.0396080265639,0
2025-11-27T11:45:00,974.0396080265639,974.0396080265639,0
2025-11-27T12:00:00,974.0396080265639,974.0396080265639,0
2025-11-27T12:15:00,974.0396080265639,974.0396080265639,0
2025-11-27T12:30:00,974.0396080265639,974.0396080265639,0
2025-11-27T12:45:00,974.0396080265639,974.0396080265639,0
2025-11-27T13:00:00,974.0396080265639,974.0396080265639,0
2025-11-27T13:15:00,974.0396080265639,974.0396080265639,0
2025-11-27T13:30:00,974.0396080265639,974.0396080265639,0
2025-11-27T13:45:00,974.0396080265639,974.0396080265639,0
2025-11-27T14:00:00,974.0396080265639,974.0396080265639,0
2025-11-27T14:15:00,974.0396080265639,974.0396080265639,0
2025-11-27T14:30:00,974.0396080265639,974.0396080265639,0
2025-11-27T14:45:00,974.0396080265639,974.0396080265639,0
2025-11-27T15:00:00,974.0396080265639,974.0396080265639,0
2025-11-27T15:15:00,974.0396080265639,974.0396080265639,0
2025-11-27T15:30:00,974.0396080265639,974.0396080265639,0
2025-11-27T15:45:00,974.0396080265639,974.0396080265639,0
2025-11-27T16:00:00,974.0396080265639,974.0396080265639,0
2025-11-27T16:15:00,974.0396080265639,974.0396080265639,0
2025-11-27T16:30:00,974.0396080265639,974.0396080265639,0
2025-11-27T16:45:00,974.0396080265639,974.0396080265639,0
2025-11-27T17:00:00,973.3002132471269,876.4798008866233,1
2025-11-27T17:15:00,972.8752028179258,876.4798008866233,1
2025-11-27T17:30:00,973.2000531790023,876.4798008866233,1
2025-11-27T17:45:00,973.336832278403,876.4798008866233,1
2025-11-27T18:00:00,973.1002758882082,876.4798008866233,1
2025-11-27T18:15:00,973.0875166438611,876.4798008866233,1
2025-11-27T18:30:00,974.5319906963933,876.4798008866233,1
2025-11-27T18:45:00,974.6667283166985,876.4798008866233,1
2025-11-27T19:00:00,973.9738162870234,876.4798008866233,1
2025-11-27T19:15:00,973.9357937388692,876.4798008866233,1
2025-11-27T19:30:00,974.3298842659357,876.4798008866233,1
2025-11-27T19:45:00,973.5448504920748,876.4798008866233,1
2025-11-27T20:00:00,973.3974812198661,876.4798008866233,1
2025-11-27T20:15:00,972.8138947236329,972.8138947236329,0
2025-11-27T20:30:00,972.8138947236329,972.8138947236329,0
2025-11-27T20:45:00,972.8138947236329,972.8138947236329,0
2025-11-27T21:00:00,972.8138947236329,972.8138947236329,0
2025-11-27T21:15:00,972.8138947236329,972.8138947236329,0
2025-11-27T21:30:00,972.8138947236329,972.8138947236329,0
2025-11-27T21:45:00,972.8138947236329,972.8138947236329,0
2025-11-27T22:00:00,972.8138947236329,972.8138947236329,0
2025-11-27T22:15:00,972.8138947236329,972.8138947236329,0
2025-11-27T22:30:00,972.8138947236329,972.8138947236329,0
2025-11-27T22:45:00,972.8138947236329,972.8138947236329,0
2025-11-27T23:00:00,972.8138947236329,972.8138947236329,0
2025-11-27T23:15:00,972.8138947236329,972.8138947236329,0
2025-11-27T23:30:00,972.8138947236329,972.8138947236329,0
2025-11-27T23:45:00,972.8138947236329,972.8138947236329,0
2025-11-28T00:00:00,972.8138947236329,972.8138947236329,0
2025-11-28T00:15:00,972.8138947236329,972.8138947236329,0
2025-11-28T00:30:00,972.8138947236329,972.8138947236329,0
2025-11-28T00:45:00,972.8138947236329,972.8138947236329,0
2025-11-28T01:00:00,972.8138947236329,972.8138947236329,0
2025-11-28T01:15:00,972.8138947236329,972.8138947236329,0
2025-11-28T01:30:00,972.8138947236329,972.8138947236329,0
2025-11-28T01:45:00,972.8138947236329,972.8138947236329,0
2025-11-28T02:00:00,972.8138947236329,972.8138947236329,0
2025-11-28T02:15:00,972.8138947236329,972.8138947236329,0
2025-11-28T02:30:00,972.8138947236329,972.8138947236329,0
2025-11-28T02:45:00,972.8138947236329,972.8138947236329,0
2025-11-28T03:00:00,972.8138947236329,972.8138947236329,0
2025-11-28T03:15:00,972.8138947236329,972.8138947236329,0
2025-11-28T03:30:00,972.8138947236329,972.8138947236329,0
2025-11-28T03:45:00,972.8138947236329,972.8138947236329,0
2025-11-28T04:00:00,972.8138947236329,972.8138947236329,0
2025-11-28T04:15:00,972.8138947236329,972.8138947236329,0
2025-11-28T04:30:00,972.8138947236329,972.8138947236329,0
2025-11-28T04:45:00,972.8138947236329,972.8138947236329,0
2025-11-28T05:00:00,972.8138947236329,972.8138947236329,0
2025-11-28T05:15:00,972.8138947236329,972.8138947236329,0
2025-11-28T05:30:00,972.8138947236329,972.8138947236329,0
2025-11-28T05:45:00,972.8138947236329,972.8138947236329,0
2025-11-28T06:00:00,972.8138947236329,972.8138947236329,0
2025-11-28T06:15:00,972.8138947236329,972.8138947236329,0
2025-11-28T06:30:00,972.8138947236329,972.8138947236329,0
2025-11-28T06:45:00,972.8138947236329,972.8138947236329,0
2025-11-28T07:00:00,972.8138947236329,972.8138947236329,0
2025-11-28T07:15:00,972.8138947236329,972.8138947236329,0
2025-11-28T07:30:00,972.8138947236329,972.8138947236329,0
2025-11-28T07:45:00,972.8138947236329,972.8138947236329,0
2025-11-28T08:00:00,972.8138947236329,972.8138947236329,0
2025-11-28T08:15:00,972.8138947236329,972.8138947236329,0
2025-11-28T08:30:00,972.8138947236329,972.8138947236329,0
2025-11-28T08:45:00,972.8138947236329,972.8138947236329,0
2025-11-28T09:00:00,972.8138947236329,972.8138947236329,0
2025-11-28T09:15:00,972.8138947236329,972.8138947236329,0
2025-11-28T09:30:00,972.8138947236329,972.8138947236329,0
2025-11-28T09:45:00,972.8138947236329,972.8138947236329,0
2025-11-28T10:00:00,972.8138947236329,972.8138947236329,0
2025-11-28T10:15:00,972.8138947236329,972.8138947236329,0
2025-11-28T10:30:00,972.8138947236329,972.8138947236329,0
2025-11-28T10:45:00,972.8138947236329,972.8138947236329,0
2025-11-28T11:00:00,972.8138947236329,972.8138947236329,0
2025-11-28T11:15:00,972.8138947236329,972.8138947236329,0
2025-11-28T11:30:00,972.8138947236329,972.8138947236329,0
2025-11-28T11:45:00,972.8138947236329,972.8138947236329,0
2025-11-28T12:00:00,972.8138947236329,972.8138947236329,0
2025-11-28T12:15:00,972.8138947236329,972.8138947236329,0
2025-11-28T12:30:00,972.8138947236329,972.8138947236329,0
2025-11-28T12:45:00,972.8138947236329,972.8138947236329,0
2025-11-28T13:00:00,972.8138947236329,972.8138947236329,0
2025-11-28T13:15:00,972.8138947236329,972.8138947236329,0
2025-11-28T13:30:00,972.8138947236329,972.8138947236329,0
2025-11-28T13:45:00,972.8138947236329,972.8138947236329,0
2025-11-28T14:00:00,972.8138947236329,972.8138947236329,0
2025-11-28T14:15:00,972.8138947236329,972.8138947236329,0
2025-11-28T14:30:00,972.8138947236329,972.8138947236329,0
2025-11-28T14:45:00,972.8138947236329,972.8138947236329,0
2025-11-28T15:00:00,972.8138947236329,972.8138947236329,0
2025-11-28T15:15:00,972.8138947236329,972.8138947236329,0
2025-11-28T15:30:00,972.8138947236329,972.8138947236329,0
2025-11-28T15:45:00,972.8138947236329,972.8138947236329,0
2025-11-28T16:00:00,972.8138947236329,972.8138947236329,0
2025-11-28T16:15:00,972.8138947236329,972.8138947236329,0
2025-11-28T16:30:00,972.8138947236329,972.8138947236329,0
2025-11-28T16:45:00,972.8138947236329,972.8138947236329,0
2025-11-28T17:00:00,972.8138947236329,972.8138947236329,0
2025-11-28T17:15:00,972.8138947236329,972.8138947236329,0
2025-11-28T17:30:00,972.8138947236329,972.8138947236329,0
2025-11-28T17:45:00,972.8138947236329,972.8138947236329,0
2025-11-28T18:00:00,972.8138947236329,972.8138947236329,0
2025-11-28T18:15:00,972.8138947236329,972.8138947236329,0
2025-11-28T18:30:00,972.8138947236329,972.8138947236329,0
2025-11-28T18:45:00,972.8138947236329,972.8138947236329,0
2025-11-28T19:00:00,972.8138947236329,972.8138947236329,0
2025-11-28T19:15:00,972.8138947236329,972.8138947236329,0
2025-11-28T19:30:00,972.8138947236329,972.8138947236329,0
2025-11-28T19:45:00,972.8138947236329,972.8138947236329,0
2025-11-28T20:00:00,972.8138947236329,972.8138947236329,0
2025-11-28T20:15:00,972.8138947236329,972.8138947236329,0
2025-11-28T20:30:00,972.8138947236329,972.8138947236329,0
2025-11-28T20:45:00,972.8138947236329,972.8138947236329,0
2025-11-28T21:00:00,972.8138947236329,972.8138947236329,0
2025-11-28T21:15:00,972.8138947236329,972.8138947236329,0
2025-11-28T21:30:00,972.8138947236329,972.8138947236329,0
2025-11-28T21:45:00,972.8138947236329,972.8138947236329,0
2025-11-28T22:00:00,972.8138947236329,972.8138947236329,0
2025-11-28T22:15:00,972.8138947236329,972.8138947236329,0
2025-11-28T22:30:00,972.8138947236329,972.8138947236329,0
2025-11-28T22:45:00,972.8138947236329,972.8138947236329,0
2025-11-28T23:00:00,972.8138947236329,972.8138947236329,0
2025-11-28T23:15:00,972.8138947236329,972.8138947236329,0
2025-11-28T23:30:00,972.8138947236329,972.8138947236329,0
2025-11-28T23:45:00,972.8138947236329,972.8138947236329,0
2025-11-29T00:00:00,972.8138947236329,972.8138947236329,0
2025-11-29T00:15:00,972.8138947236329,972.8138947236329,0
2025-11-29T00:30:00,972.8138947236329,972.8138947236329,0
2025-11-29T00:45:00,972.8138947236329,972.8138947236329,0
2025-11-29T01:00:00,972.8138947236329,972.8138947236329,0
2025-11-29T01:15:00,972.8138947236329,972.8138947236329,0
2025-11-29T01:30:00,972.8138947236329,972.8138947236329,0
2025-11-29T01:45:00,972.8138947236329,972.8138947236329,0
2025-11-29T02:00:00,972.8138947236329,972.8138947236329,0
2025-11-29T02:15:00,972.8138947236329,972.8138947236329,0
2025-11-29T02:30:00,972.8138947236329,972.8138947236329,0
2025-11-29T02:45:00,972.8138947236329,972.8138947236329,0
2025-11-29T03:00:00,972.8138947236329,972.8138947236329,0
2025-11-29T03:15:00,972.8138947236329,972.8138947236329,0
2025-11-29T03:30:00,972.8138947236329,972.8138947236329,0
2025-11-29T03:45:00,972.8138947236329,972.8138947236329,0
2025-11-29T04:00:00,972.8138947236329,972.8138947236329,0
2025-11-29T04:15:00,972.8138947236329,972.8138947236329,0
2025-11-29T04:30:00,972.8138947236329,972.8138947236329,0
2025-11-29T04:45:00,972.8138947236329,972.8138947236329,0
2025-11-29T05:00:00,972.8138947236329,972.8138947236329,0
2025-11-29T05:15:00,972.8138947236329,972.8138947236329,0
2025-11-29T05:30:00,972.8138947236329,972.8138947236329,0
2025-11-29T05:45:00,972.8138947236329,972.8138947236329,0
2025-11-29T06:00:00,972.8138947236329,972.8138947236329,0
2025-11-29T06:15:00,972.8138947236329,972.8138947236329,0
2025-11-29T06:30:00,972.8138947236329,972.8138947236329,0
2025-11-29T06:45:00,972.8138947236329,972.8138947236329,0
2025-11-29T07:00:00,972.8138947236329,972.8138947236329,0
2025-11-29T07:15:00,972.8138947236329,972.8138947236329,0
2025-11-29T07:30:00,972.8138947236329,972.8138947236329,0
2025-11-29T07:45:00,972.8138947236329,972.8138947236329,0
2025-11-29T08:00:00,972.8138947236329,972.8138947236329,0
2025-11-29T08:15:00,972.8138947236329,972.8138947236329,0
2025-11-29T08:30:00,972.8138947236329,972.8138947236329,0
2025-11-29T08:45:00,972.8138947236329,972.8138947236329,0
2025-11-29T09:00:00,972.8138947236329,972.8138947236329,0
2025-11-29T09:15:00,972.8138947236329,972.8138947236329,0
2025-11-29T09:30:00,972.8138947236329,972.8138947236329,0
2025-11-29T09:45:00,972.8138947236329,972.8138947236329,0
2025-11-29T10:00:00,972.8138947236329,972.8138947236329,0
2025-11-29T10:15:00,972.8138947236329,972.8138947236329,0
2025-11-29T10:30:00,972.8138947236329,972.8138947236329,0
2025-11-29T10:45:00,972.8138947236329,972.8138947236329,0
2025-11-29T11:00:00,972.8138947236329,972.8138947236329,0
2025-11-29T11:15:00,972.8138947236329,972.8138947236329,0
2025-11-29T11:30:00,972.8138947236329,972.8138947236329,0
2025-11-29T11:45:00,972.8138947236329,972.8138947236329,0
2025-11-29T12:00:00,972.8138947236329,972.8138947236329,0
2025-11-29T12:15:00,972.8138947236329,972.8138947236329,0
2025-11-29T12:30:00,972.8138947236329,972.8138947236329,0
2025-11-29T12:45:00,972.8138947236329,972.8138947236329,0
2025-11-29T13:00:00,972.8138947236329,972.8138947236329,0
2025-11-29T13:15:00,972.8138947236329,972.8138947236329,0
2025-11-29T13:30:00,972.8138947236329,972.8138947236329,0
2025-11-29T13:45:00,972.8138947236329,972.8138947236329,0
2025-11-29T14:00:00,972.8138947236329,972.8138947236329,0
2025-11-29T14:15:00,972.8138947236329,972.8138947236329,0
2025-11-29T14:30:00,972.8138947236329,972.8138947236329,0
2025-11-29T14:45:00,972.8138947236329,972.8138947236329,0
2025-11-29T15:00:00,972.8138947236329,972.8138947236329,0
2025-11-29T15:15:00,972.8138947236329,972.8138947236329,0
2025-11-29T15:30:00,972.8138947236329,972.8138947236329,0
2025-11-29T15:45:00,972.8138947236329,972.8138947236329,0
2025-11-29T16:00:00,972.8138947236329,972.8138947236329,0
2025-11-29T16:15:00,972.8138947236329,972.8138947236329,0
2025-11-29T16:30:00,972.8138947236329,972.8138947236329,0
2025-11-29T16:45:00,972.8138947236329,972.8138947236329,0
2025-11-29T17:00:00,972.8138947236329,972.8138947236329,0
2025-11-29T17:15:00,972.8138947236329,972.8138947236329,0
2025-11-29T17:30:00,972.073679315866,875.3768550281138,1
2025-11-29T17:45:00,974.0060528313332,875.3768550281138,1
2025-11-29T18:00:00,973.351918283192,875.3768550281138,1
2025-11-29T18:15:00,973.4106728833244,875.3768550281138,1
2025-11-29T18:30:00,971.0670171669302,875.3768550281138,1
2025-11-29T18:45:00,970.7758554818294,875.3768550281138,1
2025-11-29T19:00:00,970.0850098671987,970.0850098671987,0
2025-11-29T19:15:00,970.0850098671987,970.0850098671987,0
2025-11-29T19:30:00,970.0850098671987,970.0850098671987,0
2025-11-29T19:45:00,970.0850098671987,970.0850098671987,0
2025-11-29T20:00:00,970.0850098671987,970.0850098671987,0
2025-11-29T20:15:00,970.0850098671987,970.0850098671987,0
2025-11-29T20:30:00,970.0850098671987,970.0850098671987,0
2025-11-29T20:45:00,970.0850098671987,970.0850098671987,0
2025-11-29T21:00:00,970.0850098671987,970.0850098671987,0
2025-11-29T21:15:00,970.0850098671987,970.0850098671987,0
2025-11-29T21:30:00,970.0850098671987,970.0850098671987,0
2025-11-29T21:45:00,970.0850098671987,970.0850098671987,0
2025-11-29T22:00:00,970.0850098671987,970.0850098671987,0
2025-11-29T22:15:00,970.0850098671987,970.0850098671987,0
2025-11-29T22:30:00,970.0850098671987,970.0850098671987,0
2025-11-29T22:45:00,970.0850098671987,970.0850098671987,0
2025-11-29T23:00:00,970.0850098671987,970.0850098671987,0
2025-11-29T23:15:00,970.0850098671987,970.0850098671987,0
2025-11-29T23:30:00,970.0850098671987,970.0850098671987,0
2025-11-29T23:45:00,970.0850098671987,970.0850098671987,0
2025-11-30T00:00:00,970.0850098671987,970.0850098671987,0
2025-11-30T00:15:00,970.0850098671987,970.0850098671987,0
2025-11-30T00:30:00,970.0850098671987,970.0850098671987,0
2025-11-30T00:45:00,970.0850098671987,970.0850098671987,0
2025-11-30T01:00:00,970.0850098671987,970.0850098671987,0
2025-11-30T01:15:00,970.0850098671987,970.0850098671987,0
2025-11-30T01:30:00,970.0850098671987,970.0850098671987,0
2025-11-30T01:45:00,970.0850098671987,970.0850098671987,0
2025-11-30T02:00:00,970.0850098671987,970.0850098671987,0
2025-11-30T02:15:00,970.0850098671987,970.0850098671987,0
2025-11-30T02:30:00,970.0850098671987,970.0850098671987,0
2025-11-30T02:45:00,970.0850098671987,970.0850098671987,0
2025-11-30T03:00:00,970.0850098671987,970.0850098671987,0
2025-11-30T03:15:00,970.0850098671987,970.0850098671987,0
2025-11-30T03:30:00,970.0850098671987,970.0850098671987,0
2025-11-30T03:45:00,970.0850098671987,970.0850098671987,0
2025-11-30T04:00:00,970.0850098671987,970.0850098671987,0
2025-11-30T04:15:00,970.0850098671987,970.0850098671987,0
2025-11-30T04:30:00,970.0850098671987,970.0850098671987,0
2025-11-30T04:45:00,970.0850098671987,970.0850098671987,0
2025-11-30T05:00:00,970.0850098671987,970.0850098671987,0
2025-11-30T05:15:00,970.0850098671987,970.0850098671987,0
2025-11-30T05:30:00,970.0850098671987,970.0850098671987,0
2025-11-30T05:45:00,970.0850098671987,970.0850098671987,0
2025-11-30T06:00:00,970.0850098671987,970.0850098671987,0
2025-11-30T06:15:00,970.0850098671987,970.0850098671987,0
2025-11-30T06:30:00,970.0850098671987,970.0850098671987,0
2025-11-30T06:45:00,970.0850098671987,970.0850098671987,0
2025-11-30T07:00:00,970.0850098671987,970.0850098671987,0
2025-11-30T07:15:00,970.0850098671987,970.0850098671987,0
2025-11-30T07:30:00,970.0850098671987,970.0850098671987,0
2025-11-30T07:45:00,970.0850098671987,970.0850098671987,0
2025-11-30T08:00:00,970.0850098671987,970.0850098671987,0
2025-11-30T08:15:00,970.0850098671987,970.0850098671987,0
2025-11-30T08:30:00,970.0850098671987,970.0850098671987,0
2025-11-30T08:45:00,970.0850098671987,970.0850098671987,0
2025-11-30T09:00:00,970.0850098671987,970.0850098671987,0
2025-11-30T09:15:00,970.0850098671987,970.0850098671987,0
2025-11-30T09:30:00,970.0850098671987,970.0850098671987,0
2025-11-30T09:45:00,970.0850098671987,970.0850098671987,0
2025-11-30T10:00:00,970.0850098671987,970.0850098671987,0
2025-11-30T10:15:00,970.0850098671987,970.0850098671987,0
2025-11-30T10:30:00,970.0850098671987,970.0850098671987,0
2025-11-30T10:45:00,970.0850098671987,970.0850098671987,0
2025-11-30T11:00:00,970.0850098671987,970.0850098671987,0
2025-11-30T11:15:00,970.0850098671987,970.0850098671987,0
2025-11-30T11:30:00,970.0850098671987,970.0850098671987,0
2025-11-30T11:45:00,970.0850098671987,970.0850098671987,0
2025-11-30T12:00:00,970.0850098671987,970.0850098671987,0
2025-11-30T12:15:00,970.0850098671987,970.0850098671987,0
2025-11-30T12:30:00,970.0850098671987,970.0850098671987,0
2025-11-30T12:45:00,970.0850098671987,970.0850098671987,0
2025-11-30T13:00:00,970.0850098671987,970.0850098671987,0
2025-11-30T13:15:00,970.0850098671987,970.0850098671987,0
2025-11-30T13:30:00,970.0850098671987,970.0850098671987,0
2025-11-30T13:45:00,970.0850098671987,970.0850098671987,0
2025-11-30T14:00:00,970.0850098671987,970.0850098671987,0
2025-11-30T14:15:00,970.0850098671987,970.0850098671987,0
2025-11-30T14:30:00,970.0850098671987,970.0850098671987,0
2025-11-30T14:45:00,970.0850098671987,970.0850098671987,0
2025-11-30T15:00:00,970.0850098671987,970.0850098671987,0
2025-11-30T15:15:00,970.0850098671987,970.0850098671987,0
2025-11-30T15:30:00,970.0850098671987,970.0850098671987,0
2025-11-30T15:45:00,970.0850098671987,970.0850098671987,0
2025-11-30T16:00:00,970.0850098671987,970.0850098671987,0
2025-11-30T16:15:00,970.0850098671987,970.0850098671987,0
2025-11-30T16:30:00,970.0850098671987,970.0850098671987,0
2025-11-30T16:45:00,970.0850098671987,970.0850098671987,0
2025-11-30T17:00:00,970.0850098671987,970.0850098671987,0
2025-11-30T17:15:00,970.0850098671987,970.0850098671987,0
2025-11-30T17:30:00,970.0850098671987,970.0850098671987,0
2025-11-30T17:45:00,970.0850098671987,970.0850098671987,0
2025-11-30T18:00:00,970.0850098671987,970.0850098671987,0
2025-11-30T18:15:00,970.0850098671987,970.0850098671987,0
2025-11-30T18:30:00,970.0850098671987,970.0850098671987,0
2025-11-30T18:45:00,970.0850098671987,970.0850098671987,0
2025-11-30T19:00:00,970.0850098671987,970.0850098671987,0
2025-11-30T19:15:00,970.0850098671987,970.0850098671987,0
2025-11-30T19:30:00,970.0850098671987,970.0850098671987,0
2025-11-30T19:45:00,970.0850098671987,970.0850098671987,0
2025-11-30T20:00:00,970.0850098671987,970.0850098671987,0
2025-11-30T20:15:00,970.0850098671987,970.0850098671987,0
2025-11-30T20:30:00,970.0850098671987,970.0850098671987,0
2025-11-30T20:45:00,970.0850098671987,970.0850098671987,0
2025-11-30T21:00:00,970.0850098671987,970.0850098671987,0
2025-11-30T21:15:00,970.0850098671987,970.0850098671987,0
2025-11-30T21:30:00,970.0850098671987,970.0850098671987,0
2025-11-30T21:45:00,970.0850098671987,970.0850098671987,0
2025-11-30T22:00:00,970.0850098671987,970.0850098671987,0
2025-11-30T22:15:00,970.0850098671987,970.0850098671987,0
2025-11-30T22:30:00,970.0850098671987,970.0850098671987,0
2025-11-30T22:45:00,970.0850098671987,970.0850098671987,0
2025-11-30T23:00:00,970.0850098671987,970.0850098671987,0
2025-11-30T23:15:00,970.0850098671987,970.0850098671987,0
2025-11-30T23:30:00,970.0850098671987,970.0850098671987,0
2025-11-30T23:45:00,970.0850098671987,970.0850098671987,0
2025-12-01T00:00:00,970.0850098671987,970.0850098671987,0
2025-12-01T00:15:00,970.0850098671987,970.0850098671987,0
2025-12-01T00:30:00,970.0850098671987,970.0850098671987,0
2025-12-01T00:45:00,970.0850098671987,970.0850098671987,0
2025-12-01T01:00:00,970.0850098671987,970.0850098671987,0
2025-12-01T01:15:00,970.0850098671987,970.0850098671987,0
2025-12-01T01:30:00,970.0850098671987,970.0850098671987,0
2025-12-01T01:45:00,970.0850098671987,970.0850098671987,0
2025-12-01T02:00:00,970.0850098671987,970.0850098671987,0
2025-12-01T02:15:00,970.0850098671987,970.0850098671987,0
2025-12-01T02:30:00,970.0850098671987,970.0850098671987,0
2025-12-01T02:45:00,970.0850098671987,970.0850098671987,0
2025-12-01T03:00:00,970.0850098671987,970.0850098671987,0
2025-12-01T03:15:00,970.0850098671987,970.0850098671987,0
2025-12-01T03:30:00,970.0850098671987,970.0850098671987,0
2025-12-01T03:45:00,970.0850098671987,970.0850098671987,0
2025-12-01T04:00:00,970.0850098671987,970.0850098671987,0
2025-12-01T04:15:00,970.0850098671987,970.0850098671987,0
2025-12-01T04:30:00,970.0850098671987,970.0850098671987,0
2025-12-01T04:45:00,970.0850098671987,970.0850098671987,0
2025-12-01T05:00:00,970.0850098671987,970.0850098671987,0
2025-12-01T05:15:00,970.0850098671987,970.0850098671987,0
2025-12-01T05:30:00,970.0850098671987,970.0850098671987,0
2025-12-01T05:45:00,970.0850098671987,970.0850098671987,0
2025-12-01T06:00:00,970.0850098671987,970.0850098671987,0
2025-12-01T06:15:00,970.0850098671987,970.0850098671987,0
2025-12-01T06:30:00,970.0850098671987,970.0850098671987,0
2025-12-01T06:45:00,970.0850098671987,970.0850098671987,0
2025-12-01T07:00:00,970.0850098671987,970.0850098671987,0
2025-12-01T07:15:00,970.0850098671987,970.0850098671987,0
2025-12-01T07:30:00,970.0850098671987,970.0850098671987,0
2025-12-01T07:45:00,970.0850098671987,970.0850098671987,0
2025-12-01T08:00:00,970.0850098671987,970.0850098671987,0
2025-12-01T08:15:00,970.0850098671987,970.0850098671987,0
2025-12-01T08:30:00,970.0850098671987,970.0850098671987,0
2025-12-01T08:45:00,970.0850098671987,970.0850098671987,0
2025-12-01T09:00:00,970.0850098671987,970.0850098671987,0
2025-12-01T09:15:00,970.0850098671987,970.0850098671987,0
2025-12-01T09:30:00,970.0850098671987,970.0850098671987,0
2025-12-01T09:45:00,970.0850098671987,970.0850098671987,0
2025-12-01T10:00:00,970.0850098671987,970.0850098671987,0
2025-12-01T10:15:00,970.0850098671987,970.0850098671987,0
2025-12-01T10:30:00,970.0850098671987,970.0850098671987,0
2025-12-01T10:45:00,970.0850098671987,970.0850098671987,0
2025-12-01T11:00:00,970.0850098671987,970.0850098671987,0
2025-12-01T11:15:00,970.0850098671987,970.0850098671987,0
2025-12-01T11:30:00,970.0850098671987,970.0850098671987,0
2025-12-01T11:45:00,970.0850098671987,970.0850098671987,0
2025-12-01T12:00:00,969.3468708716086,872.9212952789001,1
2025-12-01T12:15:00,969.5635706093121,872.9212952789001,1
2025-12-01T12:30:00,971.1531846802084,872.9212952789001,1
2025-12-01T12:45:00,971.394635880957,872.9212952789001,1
2025-12-01T13:00:00,968.4382161560474,872.9212952789001,1
2025-12-01T13:15:00,968.8454614346715,872.9212952789001,1
2025-12-01T13:30:00,969.7665597559685,872.9212952789001,1
2025-12-01T13:45:00,968.8778148095844,872.9212952789001,1
2025-12-01T14:00:00,967.4324708443614,967.4324708443614,0
2025-12-01T14:15:00,967.4324708443614,967.4324708443614,0
2025-12-01T14:30:00,967.4324708443614,967.4324708443614,0
2025-12-01T14:45:00,967.4324708443614,967.4324708443614,0
2025-12-01T15:00:00,967.4324708443614,967.4324708443614,0
2025-12-01T15:15:00,967.4324708443614,967.4324708443614,0
2025-12-01T15:30:00,967.4324708443614,967.4324708443614,0
2025-12-01T15:45:00,967.4324708443614,967.4324708443614,0
2025-12-01T16:00:00,967.4324708443614,967.4324708443614,0
2025-12-01T16:15:00,967.4324708443614,967.4324708443614,0
2025-12-01T16:30:00,967.4324708443614,967.4324708443614,0
2025-12-01T16:45:00,967.4324708443614,967.4324708443614,0
2025-12-01T17:00:00,967.4324708443614,967.4324708443614,0
2025-12-01T17:15:00,967.4324708443614,967.4324708443614,0
2025-12-01T17:30:00,967.4324708443614,967.4324708443614,0
2025-12-01T17:45:00,967.4324708443614,967.4324708443614,0
2025-12-01T18:00:00,967.4324708443614,967.4324708443614,0
2025-12-01T18:15:00,967.4324708443614,967.4324708443614,0
2025-12-01T18:30:00,967.4324708443614,967.4324708443614,0
2025-12-01T18:45:00,967.4324708443614,967.4324708443614,0
2025-12-01T19:00:00,967.4324708443614,967.4324708443614,0
2025-12-01T19:15:00,967.4324708443614,967.4324708443614,0
2025-12-01T19:30:00,967.4324708443614,967.4324708443614,0
2025-12-01T19:45:00,967.4324708443614,967.4324708443614,0
2025-12-01T20:00:00,967.4324708443614,967.4324708443614,0
2025-12-01T20:15:00,967.4324708443614,967.4324708443614,0
2025-12-01T20:30:00,967.4324708443614,967.4324708443614,0
2025-12-01T20:45:00,967.4324708443614,967.4324708443614,0
2025-12-01T21:00:00,967.4324708443614,967.4324708443614,0
2025-12-01T21:15:00,967.4324708443614,967.4324708443614,0
2025-12-01T21:30:00,967.4324708443614,967.4324708443614,0
2025-12-01T21:45:00,967.4324708443614,967.4324708443614,0
2025-12-01T22:00:00,967.4324708443614,967.4324708443614,0
2025-12-01T22:15:00,967.4324708443614,967.4324708443614,0
2025-12-01T22:30:00,967.4324708443614,967.4324708443614,0
2025-12-01T22:45:00,967.4324708443614,967.4324708443614,0
2025-12-01T23:00:00,967.4324708443614,967.4324708443614,0
2025-12-01T23:15:00,967.4324708443614,967.4324708443614,0
2025-12-01T23:30:00,967.4324708443614,967.4324708443614,0
2025-12-01T23:45:00,967.4324708443614,967.4324708443614,0
2025-12-02T00:00:00,967.4324708443614,967.4324708443614,0
2025-12-02T00:15:00,967.4324708443614,967.4324708443614,0
2025-12-02T00:30:00,967.4324708443614,967.4324708443614,0
2025-12-02T00:45:00,967.4324708443614,967.4324708443614,0
2025-12-02T01:00:00,967.4324708443614,967.4324708443614,0
2025-12-02T01:15:00,967.4324708443614,967.4324708443614,0
2025-12-02T01:30:00,967.4324708443614,967.4324708443614,0
2025-12-02T01:45:00,967.4324708443614,967.4324708443614,0
2025-12-02T02:00:00,967.4324708443614,967.4324708443614,0
2025-12-02T02:15:00,967.4324708443614,967.4324708443614,0
2025-12-02T02:30:00,967.4324708443614,967.4324708443614,0
2025-12-02T02:45:00,967.4324708443614,967.4324708443614,0
2025-12-02T03:00:00,967.4324708443614,967.4324708443614,0
2025-12-02T03:15:00,967.4324708443614,967.4324708443614,0
2025-12-02T03:30:00,967.4324708443614,967.4324708443614,0
2025-12-02T03:45:00,967.4324708443614,967.4324708443614,0
2025-12-02T04:00:00,967.4324708443614,967.4324708443614,0
2025-12-02T04:15:00,967.4324708443614,967.4324708443614,0
2025-12-02T04:30:00,967.4324708443614,967.4324708443614,0
2025-12-02T04:45:00,967.4324708443614,967.4324708443614,0
2025-12-02T05:00:00,967.4324708443614,967.4324708443614,0
2025-12-02T05:15:00,967.4324708443614,967.4324708443614,0
2025-12-02T05:30:00,967.4324708443614,967.4324708443614,0
2025-12-02T05:45:00,967.4324708443614,967.4324708443614,0
2025-12-02T06:00:00,967.4324708443614,967.4324708443614,0
2025-12-02T06:15:00,967.4324708443614,967.4324708443614,0
2025-12-02T06:30:00,967.4324708443614,967.4324708443614,0
2025-12-02T06:45:00,967.4324708443614,967.4324708443614,0
2025-12-02T07:00:00,967.4324708443614,967.4324708443614,0
2025-12-02T07:15:00,967.4324708443614,967.4324708443614,0
2025-12-02T07:30:00,967.4324708443614,967.4324708443614,0
2025-12-02T07:45:00,967.4324708443614,967.4324708443614,0
2025-12-02T08:00:00,967.4324708443614,967.4324708443614,0
2025-12-02T08:15:00,967.4324708443614,967.4324708443614,0
2025-12-02T08:30:00,967.4324708443614,967.4324708443614,0
2025-12-02T08:45:00,967.4324708443614,967.4324708443614,0
2025-12-02T09:00:00,967.4324708443614,967.4324708443614,0
2025-12-02T09:15:00,967.4324708443614,967.4324708443614,0
2025-12-02T09:30:00,967.4324708443614,967.4324708443614,0
2025-12-02T09:45:00,967.4324708443614,967.4324708443614,0
2025-12-02T10:00:00,967.4324708443614,967.4324708443614,0
2025-12-02T10:15:00,967.4324708443614,967.4324708443614,0
2025-12-02T10:30:00,967.4324708443614,967.4324708443614,0
2025-12-02T10:45:00,967.4324708443614,967.4324708443614,0
2025-12-02T11:00:00,967.4324708443614,967.4324708443614,0
2025-12-02T11:15:00,967.4324708443614,967.4324708443614,0
2025-12-02T11:30:00,967.4324708443614,967.4324708443614,0
2025-12-02T11:45:00,967.4324708443614,967.4324708443614,0
2025-12-02T12:00:00,967.4324708443614,967.4324708443614,0
2025-12-02T12:15:00,967.4324708443614,967.4324708443614,0
2025-12-02T12:30:00,967.4324708443614,967.4324708443614,0
2025-12-02T12:45:00,967.4324708443614,967.4324708443614,0
2025-12-02T13:00:00,967.4324708443614,967.4324708443614,0
2025-12-02T13:15:00,967.4324708443614,967.4324708443614,0
2025-12-02T13:30:00,967.4324708443614,967.4324708443614,0
2025-12-02T13:45:00,967.4324708443614,967.4324708443614,0
2025-12-02T14:00:00,967.4324708443614,967.4324708443614,0
2025-12-02T14:15:00,967.4324708443614,967.4324708443614,0
2025-12-02T14:30:00,967.4324708443614,967.4324708443614,0
2025-12-02T14:45:00,967.4324708443614,967.4324708443614,0
2025-12-02T15:00:00,967.4324708443614,967.4324708443614,0
2025-12-02T15:15:00,967.4324708443614,967.4324708443614,0
2025-12-02T15:30:00,967.4324708443614,967.4324708443614,0
2025-12-02T15:45:00,967.4324708443614,967.4324708443614,0
2025-12-02T16:00:00,967.4324708443614,967.4324708443614,0
2025-12-02T16:15:00,967.4324708443614,967.4324708443614,0
2025-12-02T16:30:00,967.4324708443614,967.4324708443614,0
2025-12-02T16:45:00,967.4324708443614,967.4324708443614,0
2025-12-02T17:00:00,967.4324708443614,967.4324708443614,0
2025-12-02T17:15:00,967.4324708443614,967.4324708443614,0
2025-12-02T17:30:00,967.4324708443614,967.4324708443614,0
2025-12-02T17:45:00,967.4324708443614,967.4324708443614,0
2025-12-02T18:00:00,967.4324708443614,967.4324708443614,0
2025-12-02T18:15:00,967.4324708443614,967.4324708443614,0
2025-12-02T18:30:00,967.4324708443614,967.4324708443614,0
2025-12-02T18:45:00,967.4324708443614,967.4324708443614,0
2025-12-02T19:00:00,967.4324708443614,967.4324708443614,0
2025-12-02T19:15:00,967.4324708443614,967.4324708443614,0
2025-12-02T19:30:00,967.4324708443614,967.4324708443614,0
2025-12-02T19:45:00,967.4324708443614,967.4324708443614,0
2025-12-02T20:00:00,967.4324708443614,967.4324708443614,0
2025-12-02T20:15:00,967.4324708443614,967.4324708443614,0
2025-12-02T20:30:00,967.4324708443614,967.4324708443614,0
2025-12-02T20:45:00,967.4324708443614,967.4324708443614,0
2025-12-02T21:00:00,967.4324708443614,967.4324708443614,0
2025-12-02T21:15:00,967.4324708443614,967.4324708443614,0
2025-12-02T21:30:00,967.4324708443614,967.4324708443614,0
2025-12-02T21:45:00,967.4324708443614,967.4324708443614,0
2025-12-02T22:00:00,967.4324708443614,967.4324708443614,0
2025-12-02T22:15:00,967.4324708443614,967.4324708443614,0
2025-12-02T22:30:00,967.4324708443614,967.4324708443614,0
2025-12-02T22:45:00,967.4324708443614,967.4324708443614,0
2025-12-02T23:00:00,967.4324708443614,967.4324708443614,0
2025-12-02T23:15:00,967.4324708443614,967.4324708443614,0
2025-12-02T23:30:00,967.4324708443614,967.4324708443614,0
2025-12-02T23:45:00,967.4324708443614,967.4324708443614,0
2025-12-03T00:00:00,967.4324708443614,967.4324708443614,0
2025-12-03T00:15:00,967.4324708443614,967.4324708443614,0
2025-12-03T00:30:00,967.4324708443614,967.4324708443614,0
2025-12-03T00:45:00,967.4324708443614,967.4324708443614,0
2025-12-03T01:00:00,967.4324708443614,967.4324708443614,0
2025-12-03T01:15:00,967.4324708443614,967.4324708443614,0
2025-12-03T01:30:00,967.4324708443614,967.4324708443614,0
2025-12-03T01:45:00,967.4324708443614,967.4324708443614,0
2025-12-03T02:00:00,967.4324708443614,967.4324708443614,0
2025-12-03T02:15:00,967.4324708443614,967.4324708443614,0
2025-12-03T02:30:00,967.4324708443614,967.4324708443614,0
2025-12-03T02:45:00,967.4324708443614,967.4324708443614,0
2025-12-03T03:00:00,967.4324708443614,967.4324708443614,0
2025-12-03T03:15:00,967.4324708443614,967.4324708443614,0
2025-12-03T03:30:00,967.4324708443614,967.4324708443614,0
2025-12-03T03:45:00,967.4324708443614,967.4324708443614,0
2025-12-03T04:00:00,967.4324708443614,967.4324708443614,0
2025-12-03T04:15:00,967.4324708443614,967.4324708443614,0
2025-12-03T04:30:00,967.4324708443614,967.4324708443614,0
2025-12-03T04:45:00,967.4324708443614,967.4324708443614,0
2025-12-03T05:00:00,967.4324708443614,967.4324708443614,0
2025-12-03T05:15:00,967.4324708443614,967.4324708443614,0
2025-12-03T05:30:00,967.4324708443614,967.4324708443614,0
2025-12-03T05:45:00,967.4324708443614,967.4324708443614,0
2025-12-03T06:00:00,967.4324708443614,967.4324708443614,0
2025-12-03T06:15:00,967.4324708443614,967.4324708443614,0
2025-12-03T06:30:00,967.4324708443614,967.4324708443614,0
2025-12-03T06:45:00,967.4324708443614,967.4324708443614,0
2025-12-03T07:00:00,967.4324708443614,967.4324708443614,0
2025-12-03T07:15:00,967.4324708443614,967.4324708443614,0
2025-12-03T07:30:00,967.4324708443614,967.4324708443614,0
2025-12-03T07:45:00,967.4324708443614,967.4324708443614,0
2025-12-03T08:00:00,967.4324708443614,967.4324708443614,0
2025-12-03T08:15:00,967.4324708443614,967.4324708443614,0
2025-12-03T08:30:00,967.4324708443614,967.4324708443614,0
2025-12-03T08:45:00,967.4324708443614,967.4324708443614,0
2025-12-03T09:00:00,967.4324708443614,967.4324708443614,0
2025-12-03T09:15:00,967.4324708443614,967.4324708443614,0
2025-12-03T09:30:00,967.4324708443614,967.4324708443614,0
2025-12-03T09:45:00,967.4324708443614,967.4324708443614,0
2025-12-03T10:00:00,967.4324708443614,967.4324708443614,0
2025-12-03T10:15:00,967.4324708443614,967.4324708443614,0
2025-12-03T10:30:00,967.4324708443614,967.4324708443614,0
2025-12-03T10:45:00,967.4324708443614,967.4324708443614,0
2025-12-03T11:00:00,967.4324708443614,967.4324708443614,0
2025-12-03T11:15:00,967.4324708443614,967.4324708443614,0
2025-12-03T11:30:00,967.4324708443614,967.4324708443614,0
2025-12-03T11:45:00,967.4324708443614,967.4324708443614,0
2025-12-03T12:00:00,967.4324708443614,967.4324708443614,0
2025-12-03T12:15:00,967.4324708443614,967.4324708443614,0
2025-12-03T12:30:00,967.4324708443614,967.4324708443614,0
2025-12-03T12:45:00,967.4324708443614,967.4324708443614,0
2025-12-03T13:00:00,967.4324708443614,967.4324708443614,0
2025-12-03T13:15:00,967.4324708443614,967.4324708443614,0
2025-12-03T13:30:00,967.4324708443614,967.4324708443614,0
2025-12-03T13:45:00,967.4324708443614,967.4324708443614,0
2025-12-03T14:00:00,967.4324708443614,967.4324708443614,0
2025-12-03T14:15:00,967.4324708443614,967.4324708443614,0
2025-12-03T14:30:00,967.4324708443614,967.4324708443614,0
2025-12-03T14:45:00,967.4324708443614,967.4324708443614,0
2025-12-03T15:00:00,967.4324708443614,967.4324708443614,0
2025-12-03T15:15:00,967.4324708443614,967.4324708443614,0
2025-12-03T15:30:00,967.4324708443614,967.4324708443614,0
2025-12-03T15:45:00,967.4324708443614,967.4324708443614,0
2025-12-03T16:00:00,967.4324708443614,967.4324708443614,0
2025-12-03T16:15:00,967.4324708443614,967.4324708443614,0
2025-12-03T16:30:00,967.4324708443614,967.4324708443614,0
2025-12-03T16:45:00,967.4324708443614,967.4324708443614,0
2025-12-03T17:00:00,967.4324708443614,967.4324708443614,0
2025-12-03T17:15:00,967.4324708443614,967.4324708443614,0
2025-12-03T17:30:00,967.4324708443614,967.4324708443614,0
2025-12-03T17:45:00,967.4324708443614,967.4324708443614,0
2025-12-03T18:00:00,966.6980915516657,870.5344345645901,1
2025-12-03T18:15:00,965.3565249277276,870.5344345645901,1
2025-12-03T18:30:00,965.4581888431808,870.5344345645901,1
2025-12-03T18:45:00,963.0928524593035,963.0928524593035,0
2025-12-03T19:00:00,963.0928524593035,963.0928524593035,0
2025-12-03T19:15:00,963.0928524593035,963.0928524593035,0
2025-12-03T19:30:00,963.0928524593035,963.0928524593035,0
2025-12-03T19:45:00,963.0928524593035,963.0928524593035,0
2025-12-03T20:00:00,963.0928524593035,963.0928524593035,0
2025-12-03T20:15:00,963.0928524593035,963.0928524593035,0
2025-12-03T20:30:00,963.0928524593035,963.0928524593035,0
2025-12-03T20:45:00,963.0928524593035,963.0928524593035,0
2025-12-03T21:00:00,963.0928524593035,963.0928524593035,0
2025-12-03T21:15:00,963.0928524593035,963.0928524593035,0
2025-12-03T21:30:00,963.0928524593035,963.0928524593035,0
2025-12-03T21:45:00,963.0928524593035,963.0928524593035,0
2025-12-03T22:00:00,963.0928524593035,963.0928524593035,0
2025-12-03T22:15:00,963.0928524593035,963.0928524593035,0
2025-12-03T22:30:00,963.0928524593035,963.0928524593035,0
2025-12-03T22:45:00,963.0928524593035,963.0928524593035,0
2025-12-03T23:00:00,962.3617673767735,866.6294723569796,1
2025-12-03T23:15:00,960.9266976028666,866.6294723569796,1
2025-12-03T23:30:00,962.0075184149526,866.6294723569796,1
2025-12-03T23:45:00,961.8761812148218,866.6294723569796,1
2025-12-04T00:00:00,960.3555615215636,866.6294723569796,1
2025-12-04T00:15:00,961.335168344558,866.6294723569796,1
2025-12-04T00:30:00,963.029297733402,866.6294723569796,1
2025-12-04T00:45:00,963.0726751572984,866.6294723569796,1
2025-12-04T01:00:00,967.6947806591515,866.6294723569796,1
2025-12-04T01:15:00,964.4535231513348,866.6294723569796,1
2025-12-04T01:30:00,965.4487940440697,866.6294723569796,1
2025-12-04T01:45:00,963.6389915248351,866.6294723569796,1
2025-12-04T02:00:00,964.8222312544544,866.6294723569796,1
2025-12-04T02:15:00,964.5590571180742,964.5590571180742,0
2025-12-04T02:30:00,964.5590571180742,964.5590571180742,0
2025-12-04T02:45:00,964.5590571180742,964.5590571180742,0
2025-12-04T03:00:00,964.5590571180742,964.5590571180742,0
2025-12-04T03:15:00,964.5590571180742,964.5590571180742,0
2025-12-04T03:30:00,964.5590571180742,964.5590571180742,0
2025-12-04T03:45:00,964.5590571180742,964.5590571180742,0
2025-12-04T04:00:00,964.5590571180742,964.5590571180742,0
2025-12-04T04:15:00,964.5590571180742,964.5590571180742,0
2025-12-04T04:30:00,964.5590571180742,964.5590571180742,0
2025-12-04T04:45:00,964.5590571180742,964.5590571180742,0
2025-12-04T05:00:00,964.5590571180742,964.5590571180742,0
2025-12-04T05:15:00,964.5590571180742,964.5590571180742,0
2025-12-04T05:30:00,964.5590571180742,964.5590571180742,0
2025-12-04T05:45:00,964.5590571180742,964.5590571180742,0
2025-12-04T06:00:00,964.5590571180742,964.5590571180742,0
2025-12-04T06:15:00,964.5590571180742,964.5590571180742,0
2025-12-04T06:30:00,964.5590571180742,964.5590571180742,0
2025-12-04T06:45:00,964.5590571180742,964.5590571180742,0
2025-12-04T07:00:00,964.5590571180742,964.5590571180742,0
2025-12-04T07:15:00,964.5590571180742,964.5590571180742,0
2025-12-04T07:30:00,964.5590571180742,964.5590571180742,0
2025-12-04T07:45:00,964.5590571180742,964.5590571180742,0
2025-12-04T08:00:00,964.5590571180742,964.5590571180742,0
2025-12-04T08:15:00,964.5590571180742,964.5590571180742,0
2025-12-04T08:30:00,964.5590571180742,964.5590571180742,0
2025-12-04T08:45:00,964.5590571180742,964.5590571180742,0
2025-12-04T09:00:00,964.5590571180742,964.5590571180742,0
2025-12-04T09:15:00,964.5590571180742,964.5590571180742,0
2025-12-04T09:30:00,964.5590571180742,964.5590571180742,0
2025-12-04T09:45:00,964.5590571180742,964.5590571180742,0
2025-12-04T10:00:00,964.5590571180742,964.5590571180742,0
2025-12-04T10:15:00,964.5590571180742,964.5590571180742,0
2025-12-04T10:30:00,964.5590571180742,964.5590571180742,0
2025-12-04T10:45:00,964.5590571180742,964.5590571180742,0
2025-12-04T11:00:00,964.5590571180742,964.5590571180742,0
2025-12-04T11:15:00,964.5590571180742,964.5590571180742,0
2025-12-04T11:30:00,964.5590571180742,964.5590571180742,0
2025-12-04T11:45:00,964.5590571180742,964.5590571180742,0
2025-12-04T12:00:00,964.5590571180742,964.5590571180742,0
2025-12-04T12:15:00,964.5590571180742,964.5590571180742,0
2025-12-04T12:30:00,964.5590571180742,964.5590571180742,0
2025-12-04T12:45:00,964.5590571180742,964.5590571180742,0
2025-12-04T13:00:00,964.5590571180742,964.5590571180742,0
2025-12-04T13:15:00,964.5590571180742,964.5590571180742,0
2025-12-04T13:30:00,964.5590571180742,964.5590571180742,0
2025-12-04T13:45:00,964.5590571180742,964.5590571180742,0
2025-12-04T14:00:00,964.5590571180742,964.5590571180742,0
2025-12-04T14:15:00,964.5590571180742,964.5590571180742,0
2025-12-04T14:30:00,964.5590571180742,964.5590571180742,0
2025-12-04T14:45:00,964.5590571180742,964.5590571180742,0
2025-12-04T15:00:00,964.5590571180742,964.5590571180742,0
2025-12-04T15:15:00,964.5590571180742,964.5590571180742,0
2025-12-04T15:30:00,964.5590571180742,964.5590571180742,0
2025-12-04T15:45:00,964.5590571180742,964.5590571180742,0
2025-12-04T16:00:00,964.5590571180742,964.5590571180742,0
2025-12-04T16:15:00,964.5590571180742,964.5590571180742,0
2025-12-04T16:30:00,964.5590571180742,964.5590571180742,0
2025-12-04T16:45:00,964.5590571180742,964.5590571180742,0
2025-12-04T17:00:00,964.5590571180742,964.5590571180742,0
2025-12-04T17:15:00,964.5590571180742,964.5590571180742,0
2025-12-04T17:30:00,964.5590571180742,964.5590571180742,0
2025-12-04T17:45:00,964.5590571180742,964.5590571180742,0
2025-12-04T18:00:00,964.5590571180742,964.5590571180742,0
2025-12-04T18:15:00,964.5590571180742,964.5590571180742,0
2025-12-04T18:30:00,964.5590571180742,964.5590571180742,0
2025-12-04T18:45:00,964.5590571180742,964.5590571180742,0
2025-12-04T19:00:00,963.8251228274021,867.9488219571278,1
2025-12-04T19:15:00,963.5993912783226,867.9488219571278,1
2025-12-04T19:30:00,961.0795194779574,867.9488219571278,1
2025-12-04T19:45:00,960.9210460259129,867.9488219571278,1
2025-12-04T20:00:00,960.7971963141922,867.9488219571278,1
2025-12-04T20:15:00,960.5069538527925,960.5069538527925,0
2025-12-04T20:30:00,960.5069538527925,960.5069538527925,0
2025-12-04T20:45:00,960.5069538527925,960.5069538527925,0
2025-12-04T21:00:00,960.5069538527925,960.5069538527925,0
2025-12-04T21:15:00,960.5069538527925,960.5069538527925,0
2025-12-04T21:30:00,960.5069538527925,960.5069538527925,0
2025-12-04T21:45:00,960.5069538527925,960.5069538527925,0
2025-12-04T22:00:00,960.5069538527925,960.5069538527925,0
2025-12-04T22:15:00,960.5069538527925,960.5069538527925,0
2025-12-04T22:30:00,960.5069538527925,960.5069538527925,0
2025-12-04T22:45:00,960.5069538527925,960.5069538527925,0
2025-12-04T23:00:00,960.5069538527925,960.5069538527925,0
2025-12-04T23:15:00,960.5069538527925,960.5069538527925,0
2025-12-04T23:30:00,960.5069538527925,960.5069538527925,0
2025-12-04T23:45:00,960.5069538527925,960.5069538527925,0
2025-12-05T00:00:00,960.5069538527925,960.5069538527925,0
2025-12-05T00:15:00,960.5069538527925,960.5069538527925,0
2025-12-05T00:30:00,960.5069538527925,960.5069538527925,0
2025-12-05T00:45:00,960.5069538527925,960.5069538527925,0
2025-12-05T01:00:00,960.5069538527925,960.5069538527925,0
2025-12-05T01:15:00,960.5069538527925,960.5069538527925,0
2025-12-05T01:30:00,960.5069538527925,960.5069538527925,0
2025-12-05T01:45:00,960.5069538527925,960.5069538527925,0
2025-12-05T02:00:00,960.5069538527925,960.5069538527925,0
2025-12-05T02:15:00,960.5069538527925,960.5069538527925,0
2025-12-05T02:30:00,960.5069538527925,960.5069538527925,0
2025-12-05T02:45:00,960.5069538527925,960.5069538527925,0
2025-12-05T03:00:00,960.5069538527925,960.5069538527925,0
2025-12-05T03:15:00,960.5069538527925,960.5069538527925,0
2025-12-05T03:30:00,960.5069538527925,960.5069538527925,0
2025-12-05T03:45:00,960.5069538527925,960.5069538527925,0
2025-12-05T04:00:00,960.5069538527925,960.5069538527925,0
2025-12-05T04:15:00,960.5069538527925,960.5069538527925,0
2025-12-05T04:30:00,960.5069538527925,960.5069538527925,0
2025-12-05T04:45:00,960.5069538527925,960.5069538527925,0
2025-12-05T05:00:00,960.5069538527925,960.5069538527925,0
2025-12-05T05:15:00,960.5069538527925,960.5069538527925,0
2025-12-05T05:30:00,960.5069538527925,960.5069538527925,0
2025-12-05T05:45:00,960.5069538527925,960.5069538527925,0
2025-12-05T06:00:00,960.5069538527925,960.5069538527925,0
2025-12-05T06:15:00,960.5069538527925,960.5069538527925,0
2025-12-05T06:30:00,960.5069538527925,960.5069538527925,0
2025-12-05T06:45:00,960.5069538527925,960.5069538527925,0
2025-12-05T07:00:00,960.5069538527925,960.5069538527925,0
2025-12-05T07:15:00,960.5069538527925,960.5069538527925,0
2025-12-05T07:30:00,960.5069538527925,960.5069538527925,0
2025-12-05T07:45:00,960.5069538527925,960.5069538527925,0
2025-12-05T08:00:00,960.5069538527925,960.5069538527925,0
2025-12-05T08:15:00,960.5069538527925,960.5069538527925,0
2025-12-05T08:30:00,960.5069538527925,960.5069538527925,0
2025-12-05T08:45:00,960.5069538527925,960.5069538527925,0
2025-12-05T09:00:00,960.5069538527925,960.5069538527925,0
2025-12-05T09:15:00,960.5069538527925,960.5069538527925,0
2025-12-05T09:30:00,960.5069538527925,960.5069538527925,0
2025-12-05T09:45:00,960.5069538527925,960.5069538527925,0
2025-12-05T10:00:00,960.5069538527925,960.5069538527925,0
2025-12-05T10:15:00,960.5069538527925,960.5069538527925,0
2025-12-05T10:30:00,960.5069538527925,960.5069538527925,0
2025-12-05T10:45:00,960.5069538527925,960.5069538527925,0
2025-12-05T11:00:00,960.5069538527925,960.5069538527925,0
2025-12-05T11:15:00,960.5069538527925,960.5069538527925,0
2025-12-05T11:30:00,960.5069538527925,960.5069538527925,0
2025-12-05T11:45:00,960.5069538527925,960.5069538527925,0
2025-12-05T12:00:00,960.5069538527925,960.5069538527925,0
2025-12-05T12:15:00,960.5069538527925,960.5069538527925,0
2025-12-05T12:30:00,960.5069538527925,960.5069538527925,0
2025-12-05T12:45:00,960.5069538527925,960.5069538527925,0
2025-12-05T13:00:00,960.5069538527925,960.5069538527925,0
2025-12-05T13:15:00,960.5069538527925,960.5069538527925,0
2025-12-05T13:30:00,960.5069538527925,960.5069538527925,0
2025-12-05T13:45:00,960.5069538527925,960.5069538527925,0
2025-12-05T14:00:00,960.5069538527925,960.5069538527925,0
2025-12-05T14:15:00,960.5069538527925,960.5069538527925,0
2025-12-05T14:30:00,960.5069538527925,960.5069538527925,0
2025-12-05T14:45:00,960.5069538527925,960.5069538527925,0
2025-12-05T15:00:00,960.5069538527925,960.5069538527925,0
2025-12-05T15:15:00,960.5069538527925,960.5069538527925,0
2025-12-05T15:30:00,960.5069538527925,960.5069538527925,0
2025-12-05T15:45:00,960.5069538527925,960.5069538527925,0
2025-12-05T16:00:00,960.5069538527925,960.5069538527925,0
2025-12-05T16:15:00,960.5069538527925,960.5069538527925,0
2025-12-05T16:30:00,960.5069538527925,960.5069538527925,0
2025-12-05T16:45:00,960.5069538527925,960.5069538527925,0
2025-12-05T17:00:00,959.7761028129736,864.3025773548968,1
2025-12-05T17:15:00,959.7684450179258,864.3025773548968,1
2025-12-05T17:30:00,959.2017681843876,864.3025773548968,1
2025-12-05T17:45:00,957.3881470572303,864.3025773548968,1
2025-12-05T18:00:00,955.1252686206014,864.3025773548968,1
2025-12-05T18:15:00,958.0058758577541,864.3025773548968,1
2025-12-05T18:30:00,960.1513347703165,864.3025773548968,1
2025-12-05T18:45:00,960.7052486121083,864.3025773548968,1
2025-12-05T19:00:00,960.2432283108902,864.3025773548968,1
2025-12-05T19:15:00,958.3581344299535,864.3025773548968,1
2025-12-05T19:30:00,957.479240216042,957.479240216042,0
2025-12-05T19:45:00,957.479240216042,957.479240216042,0
2025-12-05T20:00:00,957.479240216042,957.479240216042,0
2025-12-05T20:15:00,957.479240216042,957.479240216042,0
2025-12-05T20:30:00,957.479240216042,957.479240216042,0
2025-12-05T20:45:00,957.479240216042,957.479240216042,0
2025-12-05T21:00:00,957.479240216042,957.479240216042,0
2025-12-05T21:15:00,957.479240216042,957.479240216042,0
2025-12-05T21:30:00,957.479240216042,957.479240216042,0
2025-12-05T21:45:00,957.479240216042,957.479240216042,0
2025-12-05T22:00:00,957.479240216042,957.479240216042,0
2025-12-05T22:15:00,957.479240216042,957.479240216042,0
2025-12-05T22:30:00,957.479240216042,957.479240216042,0
2025-12-05T22:45:00,957.479240216042,957.479240216042,0
2025-12-05T23:00:00,957.479240216042,957.479240216042,0
2025-12-05T23:15:00,957.479240216042,957.479240216042,0
2025-12-05T23:30:00,957.479240216042,957.479240216042,0
2025-12-05T23:45:00,957.479240216042,957.479240216042,0
2025-12-06T00:00:00,957.479240216042,957.479240216042,0
2025-12-06T00:15:00,957.479240216042,957.479240216042,0
2025-12-06T00:30:00,957.479240216042,957.479240216042,0
2025-12-06T00:45:00,957.479240216042,957.479240216042,0
2025-12-06T01:00:00,957.479240216042,957.479240216042,0
2025-12-06T01:15:00,957.479240216042,957.479240216042,0
2025-12-06T01:30:00,957.479240216042,957.479240216042,0
2025-12-06T01:45:00,957.479240216042,957.479240216042,0
2025-12-06T02:00:00,957.479240216042,957.479240216042,0
2025-12-06T02:15:00,957.479240216042,957.479240216042,0
2025-12-06T02:30:00,957.479240216042,957.479240216042,0
2025-12-06T02:45:00,957.479240216042,957.479240216042,0
2025-12-06T03:00:00,957.479240216042,957.479240216042,0
2025-12-06T03:15:00,957.479240216042,957.479240216042,0
2025-12-06T03:30:00,957.479240216042,957.479240216042,0
2025-12-06T03:45:00,957.479240216042,957.479240216042,0
2025-12-06T04:00:00,957.479240216042,957.479240216042,0
2025-12-06T04:15:00,957.479240216042,957.479240216042,0
2025-12-06T04:30:00,957.479240216042,957.479240216042,0
2025-12-06T04:45:00,957.479240216042,957.479240216042,0
2025-12-06T05:00:00,957.479240216042,957.479240216042,0
2025-12-06T05:15:00,957.479240216042,957.479240216042,0
2025-12-06T05:30:00,957.479240216042,957.479240216042,0
2025-12-06T05:45:00,957.479240216042,957.479240216042,0
2025-12-06T06:00:00,957.479240216042,957.479240216042,0
2025-12-06T06:15:00,957.479240216042,957.479240216042,0
2025-12-06T06:30:00,957.479240216042,957.479240216042,0
2025-12-06T06:45:00,957.479240216042,957.479240216042,0
2025-12-06T07:00:00,957.479240216042,957.479240216042,0
2025-12-06T07:15:00,957.479240216042,957.479240216042,0
2025-12-06T07:30:00,957.479240216042,957.479240216042,0
2025-12-06T07:45:00,957.479240216042,957.479240216042,0
2025-12-06T08:00:00,957.479240216042,957.479240216042,0
2025-12-06T08:15:00,957.479240216042,957.479240216042,0
2025-12-06T08:30:00,957.479240216042,957.479240216042,0
2025-12-06T08:45:00,957.479240216042,957.479240216042,0
2025-12-06T09:00:00,957.479240216042,957.479240216042,0
2025-12-06T09:15:00,957.479240216042,957.479240216042,0
2025-12-06T09:30:00,957.479240216042,957.479240216042,0
2025-12-06T09:45:00,957.479240216042,957.479240216042,0
2025-12-06T10:00:00,957.479240216042,957.479240216042,0
2025-12-06T10:15:00,957.479240216042,957.479240216042,0
2025-12-06T10:30:00,957.479240216042,957.479240216042,0
2025-12-06T10:45:00,957.479240216042,957.479240216042,0
2025-12-06T11:00:00,957.479240216042,957.479240216042,0
2025-12-06T11:15:00,957.479240216042,957.479240216042,0
2025-12-06T11:30:00,957.479240216042,957.479240216042,0
2025-12-06T11:45:00,957.479240216042,957.479240216042,0
2025-12-06T12:00:00,957.479240216042,957.479240216042,0
2025-12-06T12:15:00,957.479240216042,957.479240216042,0
2025-12-06T12:30:00,957.479240216042,957.479240216042,0
2025-12-06T12:45:00,957.479240216042,957.479240216042,0
2025-12-06T13:00:00,957.479240216042,957.479240216042,0
2025-12-06T13:15:00,957.479240216042,957.479240216042,0
2025-12-06T13:30:00,957.479240216042,957.479240216042,0
2025-12-06T13:45:00,957.479240216042,957.479240216042,0
2025-12-06T14:00:00,957.479240216042,957.479240216042,0
2025-12-06T14:15:00,957.479240216042,957.479240216042,0
2025-12-06T14:30:00,957.479240216042,957.479240216042,0
2025-12-06T14:45:00,957.479240216042,957.479240216042,0
2025-12-06T15:00:00,957.479240216042,957.479240216042,0
2025-12-06T15:15:00,957.479240216042,957.479240216042,0
2025-12-06T15:30:00,957.479240216042,957.479240216042,0
2025-12-06T15:45:00,957.479240216042,957.479240216042,0
2025-12-06T16:00:00,957.479240216042,957.479240216042,0
2025-12-06T16:15:00,957.479240216042,957.479240216042,0
2025-12-06T16:30:00,957.479240216042,957.479240216042,0
2025-12-06T16:45:00,957.479240216042,957.479240216042,0
2025-12-06T17:00:00,957.479240216042,957.479240216042,0
2025-12-06T17:15:00,957.479240216042,957.479240216042,0
2025-12-06T17:30:00,957.479240216042,957.479240216042,0
2025-12-06T17:45:00,957.479240216042,957.479240216042,0
2025-12-06T18:00:00,957.479240216042,957.479240216042,0
2025-12-06T18:15:00,957.479240216042,957.479240216042,0
2025-12-06T18:30:00,957.479240216042,957.479240216042,0
2025-12-06T18:45:00,957.479240216042,957.479240216042,0
2025-12-06T19:00:00,956.7506929676229,861.5781195160032,1
2025-12-06T19:15:00,956.4643695748175,861.5781195160032,1
2025-12-06T19:30:00,956.984337999686,861.5781195160032,1
2025-12-06T19:45:00,957.1002818286588,861.5781195160032,1
2025-12-06T20:00:00,957.1568607026861,861.5781195160032,1
2025-12-06T20:15:00,956.916057585803,861.5781195160032,1
2025-12-06T20:30:00,956.5282779847985,861.5781195160032,1
2025-12-06T20:45:00,956.4863153198947,861.5781195160032,1
2025-12-06T21:00:00,956.746235238154,861.5781195160032,1
2025-12-06T21:15:00,956.9872955317373,861.5781195160032,1
2025-12-06T21:30:00,956.8383473595819,861.5781195160032,1
2025-12-06T21:45:00,957.0375307138283,861.5781195160032,1
2025-12-06T22:00:00,956.6958286049296,861.5781195160032,1
2025-12-06T22:15:00,957.3387274924576,861.5781195160032,1
2025-12-06T22:30:00,957.3689028919389,861.5781195160032,1
2025-12-06T22:45:00,957.6133493454072,861.5781195160032,1
2025-12-06T23:00:00,958.1020708012105,861.5781195160032,1
2025-12-06T23:15:00,958.7790027387216,861.5781195160032,1
2025-12-06T23:30:00,958.4189553585472,861.5781195160032,1
2025-12-06T23:45:00,957.8240199255926,861.5781195160032,1
2025-12-07T00:00:00,958.0502925589188,861.5781195160032,1
2025-12-07T00:15:00,957.3316979959875,861.5781195160032,1
2025-12-07T00:30:00,956.363455205007,956.363455205007,0
2025-12-07T00:45:00,956.363455205007,956.363455205007,0
2025-12-07T01:00:00,956.363455205007,956.363455205007,0
2025-12-07T01:15:00,956.363455205007,956.363455205007,0
2025-12-07T01:30:00,956.363455205007,956.363455205007,0
2025-12-07T01:45:00,956.363455205007,956.363455205007,0
2025-12-07T02:00:00,956.363455205007,956.363455205007,0
2025-12-07T02:15:00,956.363455205007,956.363455205007,0
2025-12-07T02:30:00,956.363455205007,956.363455205007,0
2025-12-07T02:45:00,956.363455205007,956.363455205007,0
2025-12-07T03:00:00,956.363455205007,956.363455205007,0
2025-12-07T03:15:00,956.363455205007,956.363455205007,0
2025-12-07T03:30:00,956.363455205007,956.363455205007,0
2025-12-07T03:45:00,956.363455205007,956.363455205007,0
2025-12-07T04:00:00,956.363455205007,956.363455205007,0
2025-12-07T04:15:00,956.363455205007,956.363455205007,0
2025-12-07T04:30:00,956.363455205007,956.363455205007,0
2025-12-07T04:45:00,956.363455205007,956.363455205007,0
2025-12-07T05:00:00,956.363455205007,956.363455205007,0
2025-12-07T05:15:00,956.363455205007,956.363455205007,0
2025-12-07T05:30:00,956.363455205007,956.363455205007,0
2025-12-07T05:45:00,956.363455205007,956.363455205007,0
2025-12-07T06:00:00,956.363455205007,956.363455205007,0
2025-12-07T06:15:00,956.363455205007,956.363455205007,0
2025-12-07T06:30:00,956.363455205007,956.363455205007,0
2025-12-07T06:45:00,956.363455205007,956.363455205007,0
2025-12-07T07:00:00,956.363455205007,956.363455205007,0
2025-12-07T07:15:00,956.363455205007,956.363455205007,0
2025-12-07T07:30:00,956.363455205007,956.363455205007,0
2025-12-07T07:45:00,956.363455205007,956.363455205007,0
2025-12-07T08:00:00,956.363455205007,956.363455205007,0
2025-12-07T08:15:00,956.363455205007,956.363455205007,0
2025-12-07T08:30:00,956.363455205007,956.363455205007,0
2025-12-07T08:45:00,956.363455205007,956.363455205007,0
2025-12-07T09:00:00,956.363455205007,956.363455205007,0
2025-12-07T09:15:00,956.363455205007,956.363455205007,0
2025-12-07T09:30:00,956.363455205007,956.363455205007,0
2025-12-07T09:45:00,956.363455205007,956.363455205007,0
2025-12-07T10:00:00,956.363455205007,956.363455205007,0
2025-12-07T10:15:00,956.363455205007,956.363455205007,0
2025-12-07T10:30:00,956.363455205007,956.363455205007,0
2025-12-07T10:45:00,956.363455205007,956.363455205007,0
2025-12-07T11:00:00,956.363455205007,956.363455205007,0
2025-12-07T11:15:00,956.363455205007,956.363455205007,0
2025-12-07T11:30:00,956.363455205007,956.363455205007,0
2025-12-07T11:45:00,956.363455205007,956.363455205007,0
2025-12-07T12:00:00,956.363455205007,956.363455205007,0
2025-12-07T12:15:00,956.363455205007,956.363455205007,0
2025-12-07T12:30:00,956.363455205007,956.363455205007,0
2025-12-07T12:45:00,956.363455205007,956.363455205007,0
2025-12-07T13:00:00,956.363455205007,956.363455205007,0
2025-12-07T13:15:00,956.363455205007,956.363455205007,0
2025-12-07T13:30:00,956.363455205007,956.363455205007,0
2025-12-07T13:45:00,956.363455205007,956.363455205007,0
2025-12-07T14:00:00,956.363455205007,956.363455205007,0
2025-12-07T14:15:00,956.363455205007,956.363455205007,0
2025-12-07T14:30:00,956.363455205007,956.363455205007,0
2025-12-07T14:45:00,956.363455205007,956.363455205007,0
2025-12-07T15:00:00,956.363455205007,956.363455205007,0
2025-12-07T15:15:00,956.363455205007,956.363455205007,0
2025-12-07T15:30:00,956.363455205007,956.363455205007,0
2025-12-07T15:45:00,956.363455205007,956.363455205007,0
2025-12-07T16:00:00,956.363455205007,956.363455205007,0
2025-12-07T16:15:00,956.363455205007,956.363455205007,0
2025-12-07T16:30:00,956.363455205007,956.363455205007,0
2025-12-07T16:45:00,956.363455205007,956.363455205007,0
2025-12-07T17:00:00,956.363455205007,956.363455205007,0
2025-12-07T17:15:00,956.363455205007,956.363455205007,0
2025-12-07T17:30:00,956.363455205007,956.363455205007,0
2025-12-07T17:45:00,956.363455205007,956.363455205007,0
2025-12-07T18:00:00,955.637478417004,860.5740915316735,1
2025-12-07T18:15:00,956.6701190275005,860.5740915316735,1
2025-12-07T18:30:00,955.863873055506,860.5740915316735,1
2025-12-07T18:45:00,955.7871673900686,860.5740915316735,1
2025-12-07T19:00:00,956.4661840085948,860.5740915316735,1
2025-12-07T19:15:00,955.3835634252532,860.5740915316735,1
2025-12-07T19:30:00,955.8389458054512,860.5740915316735,1
2025-12-07T19:45:00,956.0453902790604,860.5740915316735,1
2025-12-07T20:00:00,955.766087970559,860.5740915316735,1
2025-12-07T20:15:00,956.0645457832973,860.5740915316735,1
2025-12-07T20:30:00,956.3189626659886,860.5740915316735,1
2025-12-07T20:45:00,955.7959437528714,955.7959437528714,0
2025-12-07T21:00:00,955.7959437528714,955.7959437528714,0
2025-12-07T21:15:00,955.7959437528714,955.7959437528714,0
2025-12-07T21:30:00,955.7959437528714,955.7959437528714,0
2025-12-07T21:45:00,955.7959437528714,955.7959437528714,0
2025-12-07T22:00:00,955.7959437528714,955.7959437528714,0
2025-12-07T22:15:00,955.7959437528714,955.7959437528714,0
2025-12-07T22:30:00,955.7959437528714,955.7959437528714,0
2025-12-07T22:45:00,955.7959437528714,955.7959437528714,0
2025-12-07T23:00:00,955.7959437528714,955.7959437528714,0
2025-12-07T23:15:00,955.7959437528714,955.7959437528714,0
2025-12-07T23:30:00,955.7959437528714,955.7959437528714,0
2025-12-07T23:45:00,955.7959437528714,955.7959437528714,0
2025-12-08T00:00:00,955.7959437528714,955.7959437528714,0
2025-12-08T00:15:00,955.7959437528714,955.7959437528714,0
2025-12-08T00:30:00,955.7959437528714,955.7959437528714,0
2025-12-08T00:45:00,955.7959437528714,955.7959437528714,0
2025-12-08T01:00:00,955.7959437528714,955.7959437528714,0
2025-12-08T01:15:00,955.7959437528714,955.7959437528714,0
2025-12-08T01:30:00,955.7959437528714,955.7959437528714,0
2025-12-08T01:45:00,955.7959437528714,955.7959437528714,0
2025-12-08T02:00:00,955.7959437528714,955.7959437528714,0
2025-12-08T02:15:00,955.7959437528714,955.7959437528714,0
2025-12-08T02:30:00,955.7959437528714,955.7959437528714,0
2025-12-08T02:45:00,955.7959437528714,955.7959437528714,0
2025-12-08T03:00:00,955.7959437528714,955.7959437528714,0
2025-12-08T03:15:00,955.7959437528714,955.7959437528714,0
2025-12-08T03:30:00,955.7959437528714,955.7959437528714,0
2025-12-08T03:45:00,955.7959437528714,955.7959437528714,0
2025-12-08T04:00:00,955.7959437528714,955.7959437528714,0
2025-12-08T04:15:00,955.7959437528714,955.7959437528714,0
2025-12-08T04:30:00,955.7959437528714,955.7959437528714,0
2025-12-08T04:45:00,955.7959437528714,955.7959437528714,0
2025-12-08T05:00:00,955.7959437528714,955.7959437528714,0
2025-12-08T05:15:00,955.7959437528714,955.7959437528714,0
2025-12-08T05:30:00,955.7959437528714,955.7959437528714,0
2025-12-08T05:45:00,955.7959437528714,955.7959437528714,0
2025-12-08T06:00:00,955.7959437528714,955.7959437528714,0
2025-12-08T06:15:00,955.7959437528714,955.7959437528714,0
2025-12-08T06:30:00,955.7959437528714,955.7959437528714,0
2025-12-08T06:45:00,955.7959437528714,955.7959437528714,0
2025-12-08T07:00:00,955.7959437528714,955.7959437528714,0
2025-12-08T07:15:00,955.7959437528714,955.7959437528714,0
2025-12-08T07:30:00,955.7959437528714,955.7959437528714,0
2025-12-08T07:45:00,955.7959437528714,955.7959437528714,0
2025-12-08T08:00:00,955.7959437528714,955.7959437528714,0
2025-12-08T08:15:00,955.7959437528714,955.7959437528714,0
2025-12-08T08:30:00,955.7959437528714,955.7959437528714,0
2025-12-08T08:45:00,955.7959437528714,955.7959437528714,0
2025-12-08T09:00:00,955.7959437528714,955.7959437528714,0
2025-12-08T09:15:00,955.7959437528714,955.7959437528714,0
2025-12-08T09:30:00,955.7959437528714,955.7959437528714,0
2025-12-08T09:45:00,955.7959437528714,955.7959437528714,0
2025-12-08T10:00:00,955.7959437528714,955.7959437528714,0
2025-12-08T10:15:00,955.7959437528714,955.7959437528714,0
2025-12-08T10:30:00,955.7959437528714,955.7959437528714,0
2025-12-08T10:45:00,955.7959437528714,955.7959437528714,0
2025-12-08T11:00:00,955.7959437528714,955.7959437528714,0
2025-12-08T11:15:00,955.7959437528714,955.7959437528714,0
2025-12-08T11:30:00,955.7959437528714,955.7959437528714,0
2025-12-08T11:45:00,955.7959437528714,955.7959437528714,0
2025-12-08T12:00:00,955.7959437528714,955.7959437528714,0
2025-12-08T12:15:00,955.7959437528714,955.7959437528714,0
2025-12-08T12:30:00,955.7959437528714,955.7959437528714,0
2025-12-08T12:45:00,955.7959437528714,955.7959437528714,0
2025-12-08T13:00:00,955.7959437528714,955.7959437528714,0
2025-12-08T13:15:00,955.7959437528714,955.7959437528714,0
2025-12-08T13:30:00,955.7959437528714,955.7959437528714,0
2025-12-08T13:45:00,955.7959437528714,955.7959437528714,0
2025-12-08T14:00:00,955.7959437528714,955.7959437528714,0
2025-12-08T14:15:00,955.7959437528714,955.7959437528714,0
2025-12-08T14:30:00,955.7959437528714,955.7959437528714,0
2025-12-08T14:45:00,955.7959437528714,955.7959437528714,0
2025-12-08T15:00:00,955.7959437528714,955.7959437528714,0
2025-12-08T15:15:00,955.7959437528714,955.7959437528714,0
2025-12-08T15:30:00,955.7959437528714,955.7959437528714,0
2025-12-08T15:45:00,955.7959437528714,955.7959437528714,0
2025-12-08T16:00:00,955.7959437528714,955.7959437528714,0
2025-12-08T16:15:00,955.7959437528714,955.7959437528714,0
2025-12-08T16:30:00,955.7959437528714,955.7959437528714,0
2025-12-08T16:45:00,955.7959437528714,955.7959437528714,0
2025-12-08T17:00:00,955.7959437528714,955.7959437528714,0
2025-12-08T17:15:00,955.7959437528714,955.7959437528714,0
2025-12-08T17:30:00,955.7959437528714,955.7959437528714,0
2025-12-08T17:45:00,955.7959437528714,955.7959437528714,0
2025-12-08T18:00:00,955.7959437528714,955.7959437528714,0
2025-12-08T18:15:00,955.7959437528714,955.7959437528714,0
2025-12-08T18:30:00,955.7959437528714,955.7959437528714,0
2025-12-08T18:45:00,955.7959437528714,955.7959437528714,0
2025-12-08T19:00:00,955.7959437528714,955.7959437528714,0
2025-12-08T19:15:00,955.7959437528714,955.7959437528714,0
2025-12-08T19:30:00,955.7959437528714,955.7959437528714,0
2025-12-08T19:45:00,955.7959437528714,955.7959437528714,0
2025-12-08T20:00:00,955.7959437528714,955.7959437528714,0
2025-12-08T20:15:00,955.7959437528714,955.7959437528714,0
2025-12-08T20:30:00,955.7959437528714,955.7959437528714,0
2025-12-08T20:45:00,955.7959437528714,955.7959437528714,0
2025-12-08T21:00:00,955.7959437528714,955.7959437528714,0
2025-12-08T21:15:00,955.7959437528714,955.7959437528714,0
2025-12-08T21:30:00,955.7959437528714,955.7959437528714,0
2025-12-08T21:45:00,955.7959437528714,955.7959437528714,0
2025-12-08T22:00:00,955.7959437528714,955.7959437528714,0
2025-12-08T22:15:00,955.7959437528714,955.7959437528714,0
2025-12-08T22:30:00,955.7959437528714,955.7959437528714,0
2025-12-08T22:45:00,955.7959437528714,955.7959437528714,0
2025-12-08T23:00:00,955.7959437528714,955.7959437528714,0
2025-12-08T23:15:00,955.7959437528714,955.7959437528714,0
2025-12-08T23:30:00,955.7959437528714,955.7959437528714,0
2025-12-08T23:45:00,955.7959437528714,955.7959437528714,0
2025-12-09T00:00:00,955.7959437528714,955.7959437528714,0
2025-12-09T00:15:00,955.7959437528714,955.7959437528714,0
2025-12-09T00:30:00,955.7959437528714,955.7959437528714,0
2025-12-09T00:45:00,955.7959437528714,955.7959437528714,0
2025-12-09T01:00:00,955.7959437528714,955.7959437528714,0
2025-12-09T01:15:00,955.7959437528714,955.7959437528714,0
2025-12-09T01:30:00,955.7959437528714,955.7959437528714,0
2025-12-09T01:45:00,955.7959437528714,955.7959437528714,0
2025-12-09T02:00:00,955.7959437528714,955.7959437528714,0
2025-12-09T02:15:00,955.7959437528714,955.7959437528714,0
2025-12-09T02:30:00,955.7959437528714,955.7959437528714,0
2025-12-09T02:45:00,955.7959437528714,955.7959437528714,0
2025-12-09T03:00:00,955.7959437528714,955.7959437528714,0
2025-12-09T03:15:00,955.7959437528714,955.7959437528714,0
2025-12-09T03:30:00,955.7959437528714,955.7959437528714,0
2025-12-09T03:45:00,955.7959437528714,955.7959437528714,0
2025-12-09T04:00:00,955.7959437528714,955.7959437528714,0
2025-12-09T04:15:00,955.7959437528714,955.7959437528714,0
2025-12-09T04:30:00,955.7959437528714,955.7959437528714,0
2025-12-09T04:45:00,955.7959437528714,955.7959437528714,0
2025-12-09T05:00:00,955.7959437528714,955.7959437528714,0
2025-12-09T05:15:00,955.7959437528714,955.7959437528714,0
2025-12-09T05:30:00,955.7959437528714,955.7959437528714,0
2025-12-09T05:45:00,955.7959437528714,955.7959437528714,0
2025-12-09T06:00:00,955.7959437528714,955.7959437528714,0
2025-12-09T06:15:00,955.7959437528714,955.7959437528714,0
2025-12-09T06:30:00,955.7959437528714,955.7959437528714,0
2025-12-09T06:45:00,955.7959437528714,955.7959437528714,0
2025-12-09T07:00:00,955.7959437528714,955.7959437528714,0
2025-12-09T07:15:00,955.7959437528714,955.7959437528714,0
2025-12-09T07:30:00,955.7959437528714,955.7959437528714,0
2025-12-09T07:45:00,955.7959437528714,955.7959437528714,0
2025-12-09T08:00:00,955.7959437528714,955.7959437528714,0
2025-12-09T08:15:00,955.7959437528714,955.7959437528714,0
2025-12-09T08:30:00,955.7959437528714,955.7959437528714,0
2025-12-09T08:45:00,955.7959437528714,955.7959437528714,0
2025-12-09T09:00:00,955.7959437528714,955.7959437528714,0
2025-12-09T09:15:00,955.7959437528714,955.7959437528714,0
2025-12-09T09:30:00,955.7959437528714,955.7959437528714,0
2025-12-09T09:45:00,955.7959437528714,955.7959437528714,0
2025-12-09T10:00:00,955.7959437528714,955.7959437528714,0
2025-12-09T10:15:00,955.7959437528714,955.7959437528714,0
2025-12-09T10:30:00,955.7959437528714,955.7959437528714,0
2025-12-09T10:45:00,955.7959437528714,955.7959437528714,0
2025-12-09T11:00:00,955.7959437528714,955.7959437528714,0
2025-12-09T11:15:00,955.7959437528714,955.7959437528714,0
2025-12-09T11:30:00,955.7959437528714,955.7959437528714,0
2025-12-09T11:45:00,955.7959437528714,955.7959437528714,0
2025-12-09T12:00:00,955.7959437528714,955.7959437528714,0
2025-12-09T12:15:00,955.7959437528714,955.7959437528714,0
2025-12-09T12:30:00,955.7959437528714,955.7959437528714,0
2025-12-09T12:45:00,955.7959437528714,955.7959437528714,0
2025-12-09T13:00:00,955.7959437528714,955.7959437528714,0
2025-12-09T13:15:00,955.7959437528714,955.7959437528714,0
2025-12-09T13:30:00,955.7959437528714,955.7959437528714,0
2025-12-09T13:45:00,955.7959437528714,955.7959437528714,0
2025-12-09T14:00:00,955.7959437528714,955.7959437528714,0
2025-12-09T14:15:00,955.7959437528714,955.7959437528714,0
2025-12-09T14:30:00,955.7959437528714,955.7959437528714,0
2025-12-09T14:45:00,955.7959437528714,955.7959437528714,0
2025-12-09T15:00:00,955.7959437528714,955.7959437528714,0
2025-12-09T15:15:00,955.7959437528714,955.7959437528714,0
2025-12-09T15:30:00,955.7959437528714,955.7959437528714,0
2025-12-09T15:45:00,955.7959437528714,955.7959437528714,0
2025-12-09T16:00:00,955.7959437528714,955.7959437528714,0
2025-12-09T16:15:00,955.7959437528714,955.7959437528714,0
2025-12-09T16:30:00,955.7959437528714,955.7959437528714,0
2025-12-09T16:45:00,955.7959437528714,955.7959437528714,0
2025-12-09T17:00:00,955.0703977635766,860.0634220265838,1
2025-12-09T17:15:00,953.183856611996,860.0634220265838,1
2025-12-09T17:30:00,953.3459571864199,860.0634220265838,1
2025-12-09T17:45:00,953.833514875152,860.0634220265838,1
2025-12-09T18:00:00,953.9976817153333,860.0634220265838,1
2025-12-09T18:15:00,954.6560912216975,860.0634220265838,1
2025-12-09T18:30:00,953.7429233019424,860.0634220265838,1
2025-12-09T18:45:00,953.8436031138502,860.0634220265838,1
2025-12-09T19:00:00,953.5827333752336,953.5827333752336,0
2025-12-09T19:15:00,953.5827333752336,953.5827333752336,0
2025-12-09T19:30:00,953.5827333752336,953.5827333752336,0
2025-12-09T19:45:00,953.5827333752336,953.5827333752336,0
2025-12-09T20:00:00,953.5827333752336,953.5827333752336,0
2025-12-09T20:15:00,953.5827333752336,953.5827333752336,0
2025-12-09T20:30:00,953.5827333752336,953.5827333752336,0
2025-12-09T20:45:00,953.5827333752336,953.5827333752336,0
2025-12-09T21:00:00,953.5827333752336,953.5827333752336,0
2025-12-09T21:15:00,953.5827333752336,953.5827333752336,0
2025-12-09T21:30:00,953.5827333752336,953.5827333752336,0
2025-12-09T21:45:00,953.5827333752336,953.5827333752336,0
2025-12-09T22:00:00,953.5827333752336,953.5827333752336,0
2025-12-09T22:15:00,953.5827333752336,953.5827333752336,0
2025-12-09T22:30:00,953.5827333752336,953.5827333752336,0
2025-12-09T22:45:00,953.5827333752336,953.5827333752336,0
2025-12-09T23:00:00,953.5827333752336,953.5827333752336,0
2025-12-09T23:15:00,953.5827333752336,953.5827333752336,0
2025-12-09T23:30:00,953.5827333752336,953.5827333752336,0
2025-12-09T23:45:00,953.5827333752336,953.5827333752336,0
2025-12-10T00:00:00,953.5827333752336,953.5827333752336,0
2025-12-10T00:15:00,953.5827333752336,953.5827333752336,0
2025-12-10T00:30:00,953.5827333752336,953.5827333752336,0
2025-12-10T00:45:00,953.5827333752336,953.5827333752336,0
2025-12-10T01:00:00,953.5827333752336,953.5827333752336,0
2025-12-10T01:15:00,953.5827333752336,953.5827333752336,0
2025-12-10T01:30:00,953.5827333752336,953.5827333752336,0
2025-12-10T01:45:00,953.5827333752336,953.5827333752336,0
2025-12-10T02:00:00,953.5827333752336,953.5827333752336,0
2025-12-10T02:15:00,953.5827333752336,953.5827333752336,0
2025-12-10T02:30:00,953.5827333752336,953.5827333752336,0
2025-12-10T02:45:00,953.5827333752336,953.5827333752336,0
2025-12-10T03:00:00,953.5827333752336,953.5827333752336,0
2025-12-10T03:15:00,953.5827333752336,953.5827333752336,0
2025-12-10T03:30:00,953.5827333752336,953.5827333752336,0
2025-12-10T03:45:00,953.5827333752336,953.5827333752336,0
2025-12-10T04:00:00,953.5827333752336,953.5827333752336,0
2025-12-10T04:15:00,953.5827333752336,953.5827333752336,0
2025-12-10T04:30:00,953.5827333752336,953.5827333752336,0
2025-12-10T04:45:00,953.5827333752336,953.5827333752336,0
2025-12-10T05:00:00,953.5827333752336,953.5827333752336,0
2025-12-10T05:15:00,953.5827333752336,953.5827333752336,0
2025-12-10T05:30:00,953.5827333752336,953.5827333752336,0
2025-12-10T05:45:00,953.5827333752336,953.5827333752336,0
2025-12-10T06:00:00,953.5827333752336,953.5827333752336,0
2025-12-10T06:15:00,953.5827333752336,953.5827333752336,0
2025-12-10T06:30:00,953.5827333752336,953.5827333752336,0
2025-12-10T06:45:00,953.5827333752336,953.5827333752336,0
2025-12-10T07:00:00,953.5827333752336,953.5827333752336,0
2025-12-10T07:15:00,953.5827333752336,953.5827333752336,0
2025-12-10T07:30:00,953.5827333752336,953.5827333752336,0
2025-12-10T07:45:00,953.5827333752336,953.5827333752336,0
2025-12-10T08:00:00,953.5827333752336,953.5827333752336,0
2025-12-10T08:15:00,953.5827333752336,953.5827333752336,0
2025-12-10T08:30:00,953.5827333752336,953.5827333752336,0
2025-12-10T08:45:00,953.5827333752336,953.5827333752336,0
2025-12-10T09:00:00,953.5827333752336,953.5827333752336,0
2025-12-10T09:15:00,953.5827333752336,953.5827333752336,0
2025-12-10T09:30:00,953.5827333752336,953.5827333752336,0
2025-12-10T09:45:00,953.5827333752336,953.5827333752336,0
2025-12-10T10:00:00,953.5827333752336,953.5827333752336,0
2025-12-10T10:15:00,953.5827333752336,953.5827333752336,0
2025-12-10T10:30:00,953.5827333752336,953.5827333752336,0
2025-12-10T10:45:00,953.5827333752336,953.5827333752336,0
2025-12-10T11:00:00,953.5827333752336,953.5827333752336,0
2025-12-10T11:15:00,953.5827333752336,953.5827333752336,0
2025-12-10T11:30:00,953.5827333752336,953.5827333752336,0
2025-12-10T11:45:00,953.5827333752336,953.5827333752336,0
2025-12-10T12:00:00,953.5827333752336,953.5827333752336,0
2025-12-10T12:15:00,953.5827333752336,953.5827333752336,0
2025-12-10T12:30:00,953.5827333752336,953.5827333752336,0
2025-12-10T12:45:00,953.5827333752336,953.5827333752336,0
2025-12-10T13:00:00,953.5827333752336,953.5827333752336,0
2025-12-10T13:15:00,953.5827333752336,953.5827333752336,0
2025-12-10T13:30:00,953.5827333752336,953.5827333752336,0
2025-12-10T13:45:00,953.5827333752336,953.5827333752336,0
2025-12-10T14:00:00,953.5827333752336,953.5827333752336,0
2025-12-10T14:15:00,953.5827333752336,953.5827333752336,0
2025-12-10T14:30:00,953.5827333752336,953.5827333752336,0
2025-12-10T14:45:00,953.5827333752336,953.5827333752336,0
2025-12-10T15:00:00,953.5827333752336,953.5827333752336,0
2025-12-10T15:15:00,953.5827333752336,953.5827333752336,0
2025-12-10T15:30:00,953.5827333752336,953.5827333752336,0
2025-12-10T15:45:00,953.5827333752336,953.5827333752336,0
2025-12-10T16:00:00,953.5827333752336,953.5827333752336,0
2025-12-10T16:15:00,953.5827333752336,953.5827333752336,0
2025-12-10T16:30:00,953.5827333752336,953.5827333752336,0
2025-12-10T16:45:00,953.5827333752336,953.5827333752336,0
2025-12-10T17:00:00,953.5827333752336,953.5827333752336,0
2025-12-10T17:15:00,952.8588674369199,858.0718868003702,1
2025-12-10T17:30:00,952.9967871153978,858.0718868003702,1
2025-12-10T17:45:00,953.025049344594,858.0718868003702,1
2025-12-10T18:00:00,952.8147783593737,858.0718868003702,1
2025-12-10T18:15:00,953.2941057665427,858.0718868003702,1
2025-12-10T18:30:00,955.6783074215411,858.0718868003702,1
2025-12-10T18:45:00,954.2787618317411,858.0718868003702,1
2025-12-10T19:00:00,956.2412910271312,858.0718868003702,1
2025-12-10T19:15:00,953.6626452352622,858.0718868003702,1
2025-12-10T19:30:00,952.5875500366355,858.0718868003702,1
2025-12-10T19:45:00,955.3131594203252,858.0718868003702,1
2025-12-10T20:00:00,961.0639578171849,858.0718868003702,1
2025-12-10T20:15:00,956.493390111562,858.0718868003702,1
2025-12-10T20:30:00,956.158765317878,858.0718868003702,1
2025-12-10T20:45:00,951.0216193450384,951.0216193450384,0
2025-12-10T21:00:00,951.0216193450384,951.0216193450384,0
2025-12-10T21:15:00,951.0216193450384,951.0216193450384,0
2025-12-10T21:30:00,951.0216193450384,951.0216193450384,0
2025-12-10T21:45:00,951.0216193450384,951.0216193450384,0
2025-12-10T22:00:00,951.0216193450384,951.0216193450384,0
2025-12-10T22:15:00,951.0216193450384,951.0216193450384,0
2025-12-10T22:30:00,951.0216193450384,951.0216193450384,0
2025-12-10T22:45:00,951.0216193450384,951.0216193450384,0
2025-12-10T23:00:00,951.0216193450384,951.0216193450384,0
2025-12-10T23:15:00,951.0216193450384,951.0216193450384,0
2025-12-10T23:30:00,951.0216193450384,951.0216193450384,0
2025-12-10T23:45:00,951.0216193450384,951.0216193450384,0
2025-12-11T00:00:00,951.0216193450384,951.0216193450384,0
2025-12-11T00:15:00,951.0216193450384,951.0216193450384,0
2025-12-11T00:30:00,951.0216193450384,951.0216193450384,0
2025-12-11T00:45:00,951.0216193450384,951.0216193450384,0
2025-12-11T01:00:00,951.0216193450384,951.0216193450384,0
2025-12-11T01:15:00,951.0216193450384,951.0216193450384,0
2025-12-11T01:30:00,951.0216193450384,951.0216193450384,0
2025-12-11T01:45:00,951.0216193450384,951.0216193450384,0
2025-12-11T02:00:00,951.0216193450384,951.0216193450384,0
2025-12-11T02:15:00,951.0216193450384,951.0216193450384,0
2025-12-11T02:30:00,951.0216193450384,951.0216193450384,0
2025-12-11T02:45:00,951.0216193450384,951.0216193450384,0
2025-12-11T03:00:00,951.0216193450384,951.0216193450384,0
2025-12-11T03:15:00,951.0216193450384,951.0216193450384,0
2025-12-11T03:30:00,951.0216193450384,951.0216193450384,0
2025-12-11T03:45:00,951.0216193450384,951.0216193450384,0
2025-12-11T04:00:00,951.0216193450384,951.0216193450384,0
2025-12-11T04:15:00,951.0216193450384,951.0216193450384,0
2025-12-11T04:30:00,951.0216193450384,951.0216193450384,0
2025-12-11T04:45:00,951.0216193450384,951.0216193450384,0
2025-12-11T05:00:00,951.0216193450384,951.0216193450384,0
2025-12-11T05:15:00,951.0216193450384,951.0216193450384,0
2025-12-11T05:30:00,951.0216193450384,951.0216193450384,0
2025-12-11T05:45:00,951.0216193450384,951.0216193450384,0
2025-12-11T06:00:00,951.0216193450384,951.0216193450384,0
2025-12-11T06:15:00,951.0216193450384,951.0216193450384,0
2025-12-11T06:30:00,951.0216193450384,951.0216193450384,0
2025-12-11T06:45:00,951.0216193450384,951.0216193450384,0
2025-12-11T07:00:00,951.0216193450384,951.0216193450384,0
2025-12-11T07:15:00,951.0216193450384,951.0216193450384,0
2025-12-11T07:30:00,951.0216193450384,951.0216193450384,0
2025-12-11T07:45:00,951.0216193450384,951.0216193450384,0
2025-12-11T08:00:00,951.0216193450384,951.0216193450384,0
2025-12-11T08:15:00,951.0216193450384,951.0216193450384,0
2025-12-11T08:30:00,951.0216193450384,951.0216193450384,0
2025-12-11T08:45:00,951.0216193450384,951.0216193450384,0
2025-12-11T09:00:00,951.0216193450384,951.0216193450384,0
2025-12-11T09:15:00,951.0216193450384,951.0216193450384,0
2025-12-11T09:30:00,951.0216193450384,951.0216193450384,0
2025-12-11T09:45:00,951.0216193450384,951.0216193450384,0
2025-12-11T10:00:00,951.0216193450384,951.0216193450384,0
2025-12-11T10:15:00,951.0216193450384,951.0216193450384,0
2025-12-11T10:30:00,951.0216193450384,951.0216193450384,0
2025-12-11T10:45:00,951.0216193450384,951.0216193450384,0
2025-12-11T11:00:00,951.0216193450384,951.0216193450384,0
2025-12-11T11:15:00,951.0216193450384,951.0216193450384,0
2025-12-11T11:30:00,951.0216193450384,951.0216193450384,0
2025-12-11T11:45:00,951.0216193450384,951.0216193450384,0
2025-12-11T12:00:00,951.0216193450384,951.0216193450384,0
2025-12-11T12:15:00,951.0216193450384,951.0216193450384,0
2025-12-11T12:30:00,951.0216193450384,951.0216193450384,0
2025-12-11T12:45:00,951.0216193450384,951.0216193450384,0
2025-12-11T13:00:00,951.0216193450384,951.0216193450384,0
2025-12-11T13:15:00,951.0216193450384,951.0216193450384,0
2025-12-11T13:30:00,951.0216193450384,951.0216193450384,0
2025-12-11T13:45:00,951.0216193450384,951.0216193450384,0
2025-12-11T14:00:00,951.0216193450384,951.0216193450384,0
2025-12-11T14:15:00,951.0216193450384,951.0216193450384,0
2025-12-11T14:30:00,951.0216193450384,951.0216193450384,0
2025-12-11T14:45:00,951.0216193450384,951.0216193450384,0
2025-12-11T15:00:00,951.0216193450384,951.0216193450384,0
2025-12-11T15:15:00,951.0216193450384,951.0216193450384,0
2025-12-11T15:30:00,951.0216193450384,951.0216193450384,0
2025-12-11T15:45:00,951.0216193450384,951.0216193450384,0
2025-12-11T16:00:00,951.0216193450384,951.0216193450384,0
2025-12-11T16:15:00,951.0216193450384,951.0216193450384,0
2025-12-11T16:30:00,951.0216193450384,951.0216193450384,0
2025-12-11T16:45:00,951.0216193450384,951.0216193450384,0
2025-12-11T17:00:00,951.0216193450384,951.0216193450384,0
2025-12-11T17:15:00,951.0216193450384,951.0216193450384,0
2025-12-11T17:30:00,951.0216193450384,951.0216193450384,0
2025-12-11T17:45:00,951.0216193450384,951.0216193450384,0
2025-12-11T18:00:00,951.0216193450384,951.0216193450384,0
2025-12-11T18:15:00,951.0216193450384,951.0216193450384,0
2025-12-11T18:30:00,951.0216193450384,951.0216193450384,0
2025-12-11T18:45:00,951.0216193450384,951.0216193450384,0
2025-12-11T19:00:00,951.0216193450384,951.0216193450384,0
2025-12-11T19:15:00,951.0216193450384,951.0216193450384,0
2025-12-11T19:30:00,951.0216193450384,951.0216193450384,0
2025-12-11T19:45:00,951.0216193450384,951.0216193450384,0
2025-12-11T20:00:00,951.0216193450384,951.0216193450384,0
2025-12-11T20:15:00,951.0216193450384,951.0216193450384,0
2025-12-11T20:30:00,951.0216193450384,951.0216193450384,0
2025-12-11T20:45:00,951.0216193450384,951.0216193450384,0
2025-12-11T21:00:00,951.0216193450384,951.0216193450384,0
2025-12-11T21:15:00,951.0216193450384,951.0216193450384,0
2025-12-11T21:30:00,951.0216193450384,951.0216193450384,0
2025-12-11T21:45:00,951.0216193450384,951.0216193450384,0
2025-12-11T22:00:00,951.0216193450384,951.0216193450384,0
2025-12-11T22:15:00,951.0216193450384,951.0216193450384,0
2025-12-11T22:30:00,951.0216193450384,951.0216193450384,0
2025-12-11T22:45:00,951.0216193450384,951.0216193450384,0
2025-12-11T23:00:00,951.0216193450384,951.0216193450384,0
2025-12-11T23:15:00,951.0216193450384,951.0216193450384,0
2025-12-11T23:30:00,951.0216193450384,951.0216193450384,0
2025-12-11T23:45:00,951.0216193450384,951.0216193450384,0
2025-12-12T00:00:00,951.0216193450384,951.0216193450384,0
2025-12-12T00:15:00,951.0216193450384,951.0216193450384,0
2025-12-12T00:30:00,951.0216193450384,951.0216193450384,0
2025-12-12T00:45:00,951.0216193450384,951.0216193450384,0
2025-12-12T01:00:00,951.0216193450384,951.0216193450384,0
2025-12-12T01:15:00,951.0216193450384,951.0216193450384,0
2025-12-12T01:30:00,951.0216193450384,951.0216193450384,0
2025-12-12T01:45:00,951.0216193450384,951.0216193450384,0
2025-12-12T02:00:00,951.0216193450384,951.0216193450384,0
2025-12-12T02:15:00,951.0216193450384,951.0216193450384,0
2025-12-12T02:30:00,951.0216193450384,951.0216193450384,0
2025-12-12T02:45:00,951.0216193450384,951.0216193450384,0
2025-12-12T03:00:00,951.0216193450384,951.0216193450384,0
2025-12-12T03:15:00,951.0216193450384,951.0216193450384,0
2025-12-12T03:30:00,951.0216193450384,951.0216193450384,0
2025-12-12T03:45:00,951.0216193450384,951.0216193450384,0
2025-12-12T04:00:00,951.0216193450384,951.0216193450384,0
2025-12-12T04:15:00,951.0216193450384,951.0216193450384,0
2025-12-12T04:30:00,951.0216193450384,951.0216193450384,0
2025-12-12T04:45:00,951.0216193450384,951.0216193450384,0
2025-12-12T05:00:00,951.0216193450384,951.0216193450384,0
2025-12-12T05:15:00,951.0216193450384,951.0216193450384,0
2025-12-12T05:30:00,951.0216193450384,951.0216193450384,0
2025-12-12T05:45:00,951.0216193450384,951.0216193450384,0
2025-12-12T06:00:00,951.0216193450384,951.0216193450384,0
2025-12-12T06:15:00,951.0216193450384,951.0216193450384,0
2025-12-12T06:30:00,951.0216193450384,951.0216193450384,0
2025-12-12T06:45:00,951.0216193450384,951.0216193450384,0
2025-12-12T07:00:00,951.0216193450384,951.0216193450384,0
2025-12-12T07:15:00,951.0216193450384,951.0216193450384,0
2025-12-12T07:30:00,951.0216193450384,951.0216193450384,0
2025-12-12T07:45:00,951.0216193450384,951.0216193450384,0
2025-12-12T08:00:00,951.0216193450384,951.0216193450384,0
2025-12-12T08:15:00,951.0216193450384,951.0216193450384,0
2025-12-12T08:30:00,951.0216193450384,951.0216193450384,0
2025-12-12T08:45:00,951.0216193450384,951.0216193450384,0
2025-12-12T09:00:00,951.0216193450384,951.0216193450384,0
2025-12-12T09:15:00,951.0216193450384,951.0216193450384,0
2025-12-12T09:30:00,951.0216193450384,951.0216193450384,0
2025-12-12T09:45:00,951.0216193450384,951.0216193450384,0
2025-12-12T10:00:00,951.0216193450384,951.0216193450384,0
2025-12-12T10:15:00,951.0216193450384,951.0216193450384,0
2025-12-12T10:30:00,951.0216193450384,951.0216193450384,0
2025-12-12T10:45:00,951.0216193450384,951.0216193450384,0
2025-12-12T11:00:00,951.0216193450384,951.0216193450384,0
2025-12-12T11:15:00,951.0216193450384,951.0216193450384,0
2025-12-12T11:30:00,951.0216193450384,951.0216193450384,0
2025-12-12T11:45:00,951.0216193450384,951.0216193450384,0
2025-12-12T12:00:00,951.0216193450384,951.0216193450384,0
2025-12-12T12:15:00,951.0216193450384,951.0216193450384,0
2025-12-12T12:30:00,951.0216193450384,951.0216193450384,0
2025-12-12T12:45:00,951.0216193450384,951.0216193450384,0
2025-12-12T13:00:00,951.0216193450384,951.0216193450384,0
2025-12-12T13:15:00,951.0216193450384,951.0216193450384,0
2025-12-12T13:30:00,951.0216193450384,951.0216193450384,0
2025-12-12T13:45:00,951.0216193450384,951.0216193450384,0
2025-12-12T14:00:00,951.0216193450384,951.0216193450384,0
2025-12-12T14:15:00,951.0216193450384,951.0216193450384,0
2025-12-12T14:30:00,951.0216193450384,951.0216193450384,0
2025-12-12T14:45:00,951.0216193450384,951.0216193450384,0
2025-12-12T15:00:00,951.0216193450384,951.0216193450384,0
2025-12-12T15:15:00,951.0216193450384,951.0216193450384,0
2025-12-12T15:30:00,951.0216193450384,951.0216193450384,0
2025-12-12T15:45:00,951.0216193450384,951.0216193450384,0
2025-12-12T16:00:00,951.0216193450384,951.0216193450384,0
2025-12-12T16:15:00,951.0216193450384,951.0216193450384,0
2025-12-12T16:30:00,951.0216193450384,951.0216193450384,0
2025-12-12T16:45:00,951.0216193450384,951.0216193450384,0
2025-12-12T17:00:00,951.0216193450384,951.0216193450384,0
2025-12-12T17:15:00,951.0216193450384,951.0216193450384,0
2025-12-12T17:30:00,951.0216193450384,951.0216193450384,0
2025-12-12T17:45:00,951.0216193450384,951.0216193450384,0
2025-12-12T18:00:00,951.0216193450384,951.0216193450384,0
2025-12-12T18:15:00,951.0216193450384,951.0216193450384,0
2025-12-12T18:30:00,951.0216193450384,951.0216193450384,0
2025-12-12T18:45:00,951.0216193450384,951.0216193450384,0
2025-12-12T19:00:00,951.0216193450384,951.0216193450384,0
2025-12-12T19:15:00,951.0216193450384,951.0216193450384,0
2025-12-12T19:30:00,951.0216193450384,951.0216193450384,0
2025-12-12T19:45:00,951.0216193450384,951.0216193450384,0
2025-12-12T20:00:00,951.0216193450384,951.0216193450384,0
2025-12-12T20:15:00,951.0216193450384,951.0216193450384,0
2025-12-12T20:30:00,951.0216193450384,951.0216193450384,0
2025-12-12T20:45:00,951.0216193450384,951.0216193450384,0
2025-12-12T21:00:00,951.0216193450384,951.0216193450384,0
2025-12-12T21:15:00,951.0216193450384,951.0216193450384,0
2025-12-12T21:30:00,951.0216193450384,951.0216193450384,0
2025-12-12T21:45:00,951.0216193450384,951.0216193450384,0
2025-12-12T22:00:00,951.0216193450384,951.0216193450384,0
2025-12-12T22:15:00,951.0216193450384,951.0216193450384,0
2025-12-12T22:30:00,951.0216193450384,951.0216193450384,0
2025-12-12T22:45:00,951.0216193450384,951.0216193450384,0
2025-12-12T23:00:00,951.0216193450384,951.0216193450384,0
2025-12-12T23:15:00,951.0216193450384,951.0216193450384,0
2025-12-12T23:30:00,951.0216193450384,951.0216193450384,0
2025-12-12T23:45:00,951.0216193450384,951.0216193450384,0
2025-12-13T00:00:00,951.0216193450384,951.0216193450384,0
2025-12-13T00:15:00,951.0216193450384,951.0216193450384,0
2025-12-13T00:30:00,951.0216193450384,951.0216193450384,0
2025-12-13T00:45:00,951.0216193450384,951.0216193450384,0
2025-12-13T01:00:00,951.0216193450384,951.0216193450384,0
2025-12-13T01:15:00,951.0216193450384,951.0216193450384,0
2025-12-13T01:30:00,951.0216193450384,951.0216193450384,0
2025-12-13T01:45:00,951.0216193450384,951.0216193450384,0
2025-12-13T02:00:00,951.0216193450384,951.0216193450384,0
2025-12-13T02:15:00,951.0216193450384,951.0216193450384,0
2025-12-13T02:30:00,951.0216193450384,951.0216193450384,0
2025-12-13T02:45:00,951.0216193450384,951.0216193450384,0
2025-12-13T03:00:00,951.0216193450384,951.0216193450384,0
2025-12-13T03:15:00,951.0216193450384,951.0216193450384,0
2025-12-13T03:30:00,951.0216193450384,951.0216193450384,0
2025-12-13T03:45:00,951.0216193450384,951.0216193450384,0
2025-12-13T04:00:00,951.0216193450384,951.0216193450384,0
2025-12-13T04:15:00,951.0216193450384,951.0216193450384,0
2025-12-13T04:30:00,951.0216193450384,951.0216193450384,0
2025-12-13T04:45:00,951.0216193450384,951.0216193450384,0
2025-12-13T05:00:00,951.0216193450384,951.0216193450384,0
2025-12-13T05:15:00,951.0216193450384,951.0216193450384,0
2025-12-13T05:30:00,951.0216193450384,951.0216193450384,0
2025-12-13T05:45:00,951.0216193450384,951.0216193450384,0
2025-12-13T06:00:00,951.0216193450384,951.0216193450384,0
2025-12-13T06:15:00,951.0216193450384,951.0216193450384,0
2025-12-13T06:30:00,951.0216193450384,951.0216193450384,0
2025-12-13T06:45:00,951.0216193450384,951.0216193450384,0
2025-12-13T07:00:00,951.0216193450384,951.0216193450384,0
2025-12-13T07:15:00,951.0216193450384,951.0216193450384,0
2025-12-13T07:30:00,951.0216193450384,951.0216193450384,0
2025-12-13T07:45:00,951.0216193450384,951.0216193450384,0
2025-12-13T08:00:00,951.0216193450384,951.0216193450384,0
2025-12-13T08:15:00,951.0216193450384,951.0216193450384,0
2025-12-13T08:30:00,951.0216193450384,951.0216193450384,0
2025-12-13T08:45:00,951.0216193450384,951.0216193450384,0
2025-12-13T09:00:00,951.0216193450384,951.0216193450384,0
2025-12-13T09:15:00,951.0216193450384,951.0216193450384,0
2025-12-13T09:30:00,951.0216193450384,951.0216193450384,0
2025-12-13T09:45:00,951.0216193450384,951.0216193450384,0
2025-12-13T10:00:00,951.0216193450384,951.0216193450384,0
2025-12-13T10:15:00,951.0216193450384,951.0216193450384,0
2025-12-13T10:30:00,951.0216193450384,951.0216193450384,0
2025-12-13T10:45:00,951.0216193450384,951.0216193450384,0
2025-12-13T11:00:00,951.0216193450384,951.0216193450384,0
2025-12-13T11:15:00,951.0216193450384,951.0216193450384,0
2025-12-13T11:30:00,951.0216193450384,951.0216193450384,0
2025-12-13T11:45:00,951.0216193450384,951.0216193450384,0
2025-12-13T12:00:00,951.0216193450384,951.0216193450384,0
2025-12-13T12:15:00,951.0216193450384,951.0216193450384,0
2025-12-13T12:30:00,950.2979857090709,855.7672939514393,1
2025-12-13T12:45:00,950.1036877476114,855.7672939514393,1
2025-12-13T13:00:00,950.1314928196205,855.7672939514393,1
2025-12-13T13:15:00,950.5722812676914,855.7672939514393,1
2025-12-13T13:30:00,950.5443918100314,855.7672939514393,1
2025-12-13T13:45:00,950.5052790607865,855.7672939514393,1
2025-12-13T14:00:00,950.3257063954289,855.7672939514393,1
2025-12-13T14:15:00,951.7067197670965,855.7672939514393,1
2025-12-13T14:30:00,950.830585745445,855.7672939514393,1
2025-12-13T14:45:00,951.2063972422352,855.7672939514393,1
2025-12-13T15:00:00,950.9442110245352,855.7672939514393,1
2025-12-13T15:15:00,950.9602442982278,855.7672939514393,1
2025-12-13T15:30:00,951.1098600574753,855.7672939514393,1
2025-12-13T15:45:00,951.1538249816535,855.7672939514393,1
2025-12-13T16:00:00,950.7507991124114,855.7672939514393,1
2025-12-13T16:15:00,951.2336960003382,855.7672939514393,1
2025-12-13T16:30:00,951.3316677411653,855.7672939514393,1
2025-12-13T16:45:00,951.174415080501,855.7672939514393,1
2025-12-13T17:00:00,951.2417126371845,855.7672939514393,1
2025-12-13T17:15:00,951.5041942046632,855.7672939514393,1
2025-12-13T17:30:00,951.1390152999006,855.7672939514393,1
2025-12-13T17:45:00,951.0165511850314,951.0165511850314,0
2025-12-13T18:00:00,951.0165511850314,951.0165511850314,0
2025-12-13T18:15:00,951.0165511850314,951.0165511850314,0
2025-12-13T18:30:00,951.0165511850314,951.0165511850314,0
2025-12-13T18:45:00,951.0165511850314,951.0165511850314,0
2025-12-13T19:00:00,951.0165511850314,951.0165511850314,0
2025-12-13T19:15:00,951.0165511850314,951.0165511850314,0
2025-12-13T19:30:00,951.0165511850314,951.0165511850314,0
2025-12-13T19:45:00,951.0165511850314,951.0165511850314,0
2025-12-13T20:00:00,951.0165511850314,951.0165511850314,0
2025-12-13T20:15:00,951.0165511850314,951.0165511850314,0
2025-12-13T20:30:00,951.0165511850314,951.0165511850314,0
2025-12-13T20:45:00,951.0165511850314,951.0165511850314,0
2025-12-13T21:00:00,951.0165511850314,951.0165511850314,0
2025-12-13T21:15:00,951.0165511850314,951.0165511850314,0
2025-12-13T21:30:00,951.0165511850314,951.0165511850314,0
2025-12-13T21:45:00,951.0165511850314,951.0165511850314,0
2025-12-13T22:00:00,951.0165511850314,951.0165511850314,0
2025-12-13T22:15:00,951.0165511850314,951.0165511850314,0
2025-12-13T22:30:00,951.0165511850314,951.0165511850314,0
2025-12-13T22:45:00,951.0165511850314,951.0165511850314,0
2025-12-13T23:00:00,951.0165511850314,951.0165511850314,0
2025-12-13T23:15:00,951.0165511850314,951.0165511850314,0
2025-12-13T23:30:00,951.0165511850314,951.0165511850314,0
2025-12-13T23:45:00,951.0165511850314,951.0165511850314,0
2025-12-14T00:00:00,951.0165511850314,951.0165511850314,0
2025-12-14T00:15:00,951.0165511850314,951.0165511850314,0
2025-12-14T00:30:00,951.0165511850314,951.0165511850314,0
2025-12-14T00:45:00,951.0165511850314,951.0165511850314,0
2025-12-14T01:00:00,951.0165511850314,951.0165511850314,0
2025-12-14T01:15:00,951.0165511850314,951.0165511850314,0
2025-12-14T01:30:00,951.0165511850314,951.0165511850314,0
2025-12-14T01:45:00,951.0165511850314,951.0165511850314,0
2025-12-14T02:00:00,951.0165511850314,951.0165511850314,0
2025-12-14T02:15:00,951.0165511850314,951.0165511850314,0
2025-12-14T02:30:00,951.0165511850314,951.0165511850314,0
2025-12-14T02:45:00,951.0165511850314,951.0165511850314,0
2025-12-14T03:00:00,951.0165511850314,951.0165511850314,0
2025-12-14T03:15:00,951.0165511850314,951.0165511850314,0
2025-12-14T03:30:00,951.0165511850314,951.0165511850314,0
2025-12-14T03:45:00,951.0165511850314,951.0165511850314,0
2025-12-14T04:00:00,951.0165511850314,951.0165511850314,0
2025-12-14T04:15:00,951.0165511850314,951.0165511850314,0
2025-12-14T04:30:00,951.0165511850314,951.0165511850314,0
2025-12-14T04:45:00,951.0165511850314,951.0165511850314,0
2025-12-14T05:00:00,951.0165511850314,951.0165511850314,0
2025-12-14T05:15:00,951.0165511850314,951.0165511850314,0
2025-12-14T05:30:00,951.0165511850314,951.0165511850314,0
2025-12-14T05:45:00,951.0165511850314,951.0165511850314,0
2025-12-14T06:00:00,951.0165511850314,951.0165511850314,0
2025-12-14T06:15:00,951.0165511850314,951.0165511850314,0
2025-12-14T06:30:00,951.0165511850314,951.0165511850314,0
2025-12-14T06:45:00,951.0165511850314,951.0165511850314,0
2025-12-14T07:00:00,951.0165511850314,951.0165511850314,0
2025-12-14T07:15:00,951.0165511850314,951.0165511850314,0
2025-12-14T07:30:00,951.0165511850314,951.0165511850314,0
2025-12-14T07:45:00,951.0165511850314,951.0165511850314,0
2025-12-14T08:00:00,951.0165511850314,951.0165511850314,0
2025-12-14T08:15:00,951.0165511850314,951.0165511850314,0
2025-12-14T08:30:00,951.0165511850314,951.0165511850314,0
2025-12-14T08:45:00,951.0165511850314,951.0165511850314,0
2025-12-14T09:00:00,951.0165511850314,951.0165511850314,0
2025-12-14T09:15:00,951.0165511850314,951.0165511850314,0
2025-12-14T09:30:00,951.0165511850314,951.0165511850314,0
2025-12-14T09:45:00,951.0165511850314,951.0165511850314,0
2025-12-14T10:00:00,951.0165511850314,951.0165511850314,0
2025-12-14T10:15:00,951.0165511850314,951.0165511850314,0
2025-12-14T10:30:00,951.0165511850314,951.0165511850314,0
2025-12-14T10:45:00,951.0165511850314,951.0165511850314,0
2025-12-14T11:00:00,951.0165511850314,951.0165511850314,0
2025-12-14T11:15:00,950.2929214054337,855.7627334183387,1
2025-12-14T11:30:00,953.0048225887715,855.7627334183387,1
2025-12-14T11:45:00,950.9519679978785,855.7627334183387,1
2025-12-14T12:00:00,951.1104626385155,855.7627334183387,1
2025-12-14T12:15:00,950.8605909856744,855.7627334183387,1
2025-12-14T12:30:00,949.9686543090285,855.7627334183387,1
2025-12-14T12:45:00,950.6470232878452,855.7627334183387,1
2025-12-14T13:00:00,951.4461784616478,855.7627334183387,1
2025-12-14T13:15:00,951.2904928022895,855.7627334183387,1
2025-12-14T13:30:00,951.3076020518964,855.7627334183387,1
2025-12-14T13:45:00,950.4008118227309,855.7627334183387,1
2025-12-14T14:00:00,950.6866360053624,950.6866360053624,0
2025-12-14T14:15:00,950.6866360053624,950.6866360053624,0
2025-12-14T14:30:00,950.6866360053624,950.6866360053624,0
2025-12-14T14:45:00,950.6866360053624,950.6866360053624,0
2025-12-14T15:00:00,950.6866360053624,950.6866360053624,0
2025-12-14T15:15:00,950.6866360053624,950.6866360053624,0
2025-12-14T15:30:00,950.6866360053624,950.6866360053624,0
2025-12-14T15:45:00,950.6866360053624,950.6866360053624,0
2025-12-14T16:00:00,950.6866360053624,950.6866360053624,0
2025-12-14T16:15:00,950.6866360053624,950.6866360053624,0
2025-12-14T16:30:00,950.6866360053624,950.6866360053624,0
2025-12-14T16:45:00,950.6866360053624,950.6866360053624,0
2025-12-14T17:00:00,950.6866360053624,950.6866360053624,0
2025-12-14T17:15:00,950.6866360053624,950.6866360053624,0
2025-12-14T17:30:00,950.6866360053624,950.6866360053624,0
2025-12-14T17:45:00,950.6866360053624,950.6866360053624,0
2025-12-14T18:00:00,950.6866360053624,950.6866360053624,0
2025-12-14T18:15:00,950.6866360053624,950.6866360053624,0
2025-12-14T18:30:00,950.6866360053624,950.6866360053624,0
2025-12-14T18:45:00,950.6866360053624,950.6866360053624,0
2025-12-14T19:00:00,950.6866360053624,950.6866360053624,0
2025-12-14T19:15:00,950.6866360053624,950.6866360053624,0
2025-12-14T19:30:00,950.6866360053624,950.6866360053624,0
2025-12-14T19:45:00,950.6866360053624,950.6866360053624,0
2025-12-14T20:00:00,950.6866360053624,950.6866360053624,0
2025-12-14T20:15:00,950.6866360053624,950.6866360053624,0
2025-12-14T20:30:00,950.6866360053624,950.6866360053624,0
2025-12-14T20:45:00,950.6866360053624,950.6866360053624,0
2025-12-14T21:00:00,950.6866360053624,950.6866360053624,0
2025-12-14T21:15:00,950.6866360053624,950.6866360053624,0
2025-12-14T21:30:00,950.6866360053624,950.6866360053624,0
2025-12-14T21:45:00,950.6866360053624,950.6866360053624,0
2025-12-14T22:00:00,950.6866360053624,950.6866360053624,0
2025-12-14T22:15:00,950.6866360053624,950.6866360053624,0
2025-12-14T22:30:00,950.6866360053624,950.6866360053624,0
2025-12-14T22:45:00,950.6866360053624,950.6866360053624,0
2025-12-14T23:00:00,949.963257258671,855.4658625430653,1
2025-12-14T23:15:00,950.1047243310958,855.4658625430653,1
2025-12-14T23:30:00,950.0528256802521,855.4658625430653,1
2025-12-14T23:45:00,949.4744584654745,855.4658625430653,1
2025-12-15T00:00:00,949.5101387879296,855.4658625430653,1
2025-12-15T00:15:00,947.5698748201867,947.5698748201867,0
2025-12-15T00:30:00,947.5698748201867,947.5698748201867,0
2025-12-15T00:45:00,947.5698748201867,947.5698748201867,0
2025-12-15T01:00:00,947.5698748201867,947.5698748201867,0
2025-12-15T01:15:00,947.5698748201867,947.5698748201867,0
2025-12-15T01:30:00,947.5698748201867,947.5698748201867,0
2025-12-15T01:45:00,947.5698748201867,947.5698748201867,0
2025-12-15T02:00:00,947.5698748201867,947.5698748201867,0
2025-12-15T02:15:00,947.5698748201867,947.5698748201867,0
2025-12-15T02:30:00,947.5698748201867,947.5698748201867,0
2025-12-15T02:45:00,947.5698748201867,947.5698748201867,0
2025-12-15T03:00:00,947.5698748201867,947.5698748201867,0
2025-12-15T03:15:00,947.5698748201867,947.5698748201867,0
2025-12-15T03:30:00,947.5698748201867,947.5698748201867,0
2025-12-15T03:45:00,947.5698748201867,947.5698748201867,0
2025-12-15T04:00:00,947.5698748201867,947.5698748201867,0
2025-12-15T04:15:00,947.5698748201867,947.5698748201867,0
2025-12-15T04:30:00,947.5698748201867,947.5698748201867,0
2025-12-15T04:45:00,947.5698748201867,947.5698748201867,0
2025-12-15T05:00:00,947.5698748201867,947.5698748201867,0
2025-12-15T05:15:00,947.5698748201867,947.5698748201867,0
2025-12-15T05:30:00,947.5698748201867,947.5698748201867,0
2025-12-15T05:45:00,947.5698748201867,947.5698748201867,0
2025-12-15T06:00:00,947.5698748201867,947.5698748201867,0
2025-12-15T06:15:00,947.5698748201867,947.5698748201867,0
2025-12-15T06:30:00,947.5698748201867,947.5698748201867,0
2025-12-15T06:45:00,947.5698748201867,947.5698748201867,0
2025-12-15T07:00:00,947.5698748201867,947.5698748201867,0
2025-12-15T07:15:00,947.5698748201867,947.5698748201867,0
2025-12-15T07:30:00,947.5698748201867,947.5698748201867,0
2025-12-15T07:45:00,947.5698748201867,947.5698748201867,0
2025-12-15T08:00:00,947.5698748201867,947.5698748201867,0
2025-12-15T08:15:00,947.5698748201867,947.5698748201867,0
2025-12-15T08:30:00,947.5698748201867,947.5698748201867,0
2025-12-15T08:45:00,947.5698748201867,947.5698748201867,0
2025-12-15T09:00:00,947.5698748201867,947.5698748201867,0
2025-12-15T09:15:00,947.5698748201867,947.5698748201867,0
2025-12-15T09:30:00,947.5698748201867,947.5698748201867,0
2025-12-15T09:45:00,947.5698748201867,947.5698748201867,0
2025-12-15T10:00:00,947.5698748201867,947.5698748201867,0
2025-12-15T10:15:00,947.5698748201867,947.5698748201867,0
2025-12-15T10:30:00,947.5698748201867,947.5698748201867,0
2025-12-15T10:45:00,947.5698748201867,947.5698748201867,0
2025-12-15T11:00:00,947.5698748201867,947.5698748201867,0
2025-12-15T11:15:00,947.5698748201867,947.5698748201867,0
2025-12-15T11:30:00,947.5698748201867,947.5698748201867,0
2025-12-15T11:45:00,947.5698748201867,947.5698748201867,0
2025-12-15T12:00:00,947.5698748201867,947.5698748201867,0
2025-12-15T12:15:00,947.5698748201867,947.5698748201867,0
2025-12-15T12:30:00,947.5698748201867,947.5698748201867,0
2025-12-15T12:45:00,947.5698748201867,947.5698748201867,0
2025-12-15T13:00:00,947.5698748201867,947.5698748201867,0
2025-12-15T13:15:00,947.5698748201867,947.5698748201867,0
2025-12-15T13:30:00,947.5698748201867,947.5698748201867,0
2025-12-15T13:45:00,947.5698748201867,947.5698748201867,0
2025-12-15T14:00:00,947.5698748201867,947.5698748201867,0
2025-12-15T14:15:00,947.5698748201867,947.5698748201867,0
2025-12-15T14:30:00,947.5698748201867,947.5698748201867,0
2025-12-15T14:45:00,947.5698748201867,947.5698748201867,0
2025-12-15T15:00:00,947.5698748201867,947.5698748201867,0
2025-12-15T15:15:00,947.5698748201867,947.5698748201867,0
2025-12-15T15:30:00,947.5698748201867,947.5698748201867,0
2025-12-15T15:45:00,947.5698748201867,947.5698748201867,0
2025-12-15T16:00:00,947.5698748201867,947.5698748201867,0
2025-12-15T16:15:00,947.5698748201867,947.5698748201867,0
2025-12-15T16:30:00,947.5698748201867,947.5698748201867,0
2025-12-15T16:45:00,947.5698748201867,947.5698748201867,0
2025-12-15T17:00:00,947.5698748201867,947.5698748201867,0
2025-12-15T17:15:00,947.5698748201867,947.5698748201867,0
2025-12-15T17:30:00,947.5698748201867,947.5698748201867,0
2025-12-15T17:45:00,947.5698748201867,947.5698748201867,0
2025-12-15T18:00:00,947.5698748201867,947.5698748201867,0
2025-12-15T18:15:00,947.5698748201867,947.5698748201867,0
2025-12-15T18:30:00,947.5698748201867,947.5698748201867,0
2025-12-15T18:45:00,947.5698748201867,947.5698748201867,0
2025-12-15T19:00:00,947.5698748201867,947.5698748201867,0
2025-12-15T19:15:00,947.5698748201867,947.5698748201867,0
2025-12-15T19:30:00,947.5698748201867,947.5698748201867,0
2025-12-15T19:45:00,947.5698748201867,947.5698748201867,0
2025-12-15T20:00:00,947.5698748201867,947.5698748201867,0
2025-12-15T20:15:00,947.5698748201867,947.5698748201867,0
2025-12-15T20:30:00,947.5698748201867,947.5698748201867,0
2025-12-15T20:45:00,947.5698748201867,947.5698748201867,0
2025-12-15T21:00:00,947.5698748201867,947.5698748201867,0
2025-12-15T21:15:00,947.5698748201867,947.5698748201867,0
2025-12-15T21:30:00,947.5698748201867,947.5698748201867,0
2025-12-15T21:45:00,947.5698748201867,947.5698748201867,0
2025-12-15T22:00:00,947.5698748201867,947.5698748201867,0
2025-12-15T22:15:00,947.5698748201867,947.5698748201867,0
2025-12-15T22:30:00,947.5698748201867,947.5698748201867,0
2025-12-15T22:45:00,947.5698748201867,947.5698748201867,0
2025-12-15T23:00:00,947.5698748201867,947.5698748201867,0
2025-12-15T23:15:00,947.5698748201867,947.5698748201867,0
2025-12-15T23:30:00,947.5698748201867,947.5698748201867,0
2025-12-15T23:45:00,947.5698748201867,947.5698748201867,0
2025-12-16T00:00:00,947.5698748201867,947.5698748201867,0
2025-12-16T00:15:00,947.5698748201867,947.5698748201867,0
2025-12-16T00:30:00,947.5698748201867,947.5698748201867,0
2025-12-16T00:45:00,947.5698748201867,947.5698748201867,0
2025-12-16T01:00:00,947.5698748201867,947.5698748201867,0
2025-12-16T01:15:00,947.5698748201867,947.5698748201867,0
2025-12-16T01:30:00,947.5698748201867,947.5698748201867,0
2025-12-16T01:45:00,947.5698748201867,947.5698748201867,0
2025-12-16T02:00:00,947.5698748201867,947.5698748201867,0
2025-12-16T02:15:00,947.5698748201867,947.5698748201867,0
2025-12-16T02:30:00,947.5698748201867,947.5698748201867,0
2025-12-16T02:45:00,947.5698748201867,947.5698748201867,0
2025-12-16T03:00:00,947.5698748201867,947.5698748201867,0
2025-12-16T03:15:00,947.5698748201867,947.5698748201867,0
2025-12-16T03:30:00,947.5698748201867,947.5698748201867,0
2025-12-16T03:45:00,947.5698748201867,947.5698748201867,0
2025-12-16T04:00:00,947.5698748201867,947.5698748201867,0
2025-12-16T04:15:00,947.5698748201867,947.5698748201867,0
2025-12-16T04:30:00,947.5698748201867,947.5698748201867,0
2025-12-16T04:45:00,947.5698748201867,947.5698748201867,0
2025-12-16T05:00:00,947.5698748201867,947.5698748201867,0
2025-12-16T05:15:00,947.5698748201867,947.5698748201867,0
2025-12-16T05:30:00,947.5698748201867,947.5698748201867,0
2025-12-16T05:45:00,947.5698748201867,947.5698748201867,0
2025-12-16T06:00:00,947.5698748201867,947.5698748201867,0
2025-12-16T06:15:00,947.5698748201867,947.5698748201867,0
2025-12-16T06:30:00,947.5698748201867,947.5698748201867,0
2025-12-16T06:45:00,947.5698748201867,947.5698748201867,0
2025-12-16T07:00:00,947.5698748201867,947.5698748201867,0
2025-12-16T07:15:00,947.5698748201867,947.5698748201867,0
2025-12-16T07:30:00,947.5698748201867,947.5698748201867,0
2025-12-16T07:45:00,947.5698748201867,947.5698748201867,0
2025-12-16T08:00:00,947.5698748201867,947.5698748201867,0
2025-12-16T08:15:00,947.5698748201867,947.5698748201867,0
2025-12-16T08:30:00,947.5698748201867,947.5698748201867,0
2025-12-16T08:45:00,947.5698748201867,947.5698748201867,0
2025-12-16T09:00:00,947.5698748201867,947.5698748201867,0
2025-12-16T09:15:00,947.5698748201867,947.5698748201867,0
2025-12-16T09:30:00,947.5698748201867,947.5698748201867,0
2025-12-16T09:45:00,947.5698748201867,947.5698748201867,0
2025-12-16T10:00:00,947.5698748201867,947.5698748201867,0
2025-12-16T10:15:00,947.5698748201867,947.5698748201867,0
2025-12-16T10:30:00,947.5698748201867,947.5698748201867,0
2025-12-16T10:45:00,947.5698748201867,947.5698748201867,0
2025-12-16T11:00:00,947.5698748201867,947.5698748201867,0
2025-12-16T11:15:00,947.5698748201867,947.5698748201867,0
2025-12-16T11:30:00,947.5698748201867,947.5698748201867,0
2025-12-16T11:45:00,947.5698748201867,947.5698748201867,0
2025-12-16T12:00:00,947.5698748201867,947.5698748201867,0
2025-12-16T12:15:00,947.5698748201867,947.5698748201867,0
2025-12-16T12:30:00,947.5698748201867,947.5698748201867,0
2025-12-16T12:45:00,947.5698748201867,947.5698748201867,0
2025-12-16T13:00:00,947.5698748201867,947.5698748201867,0
2025-12-16T13:15:00,947.5698748201867,947.5698748201867,0
2025-12-16T13:30:00,947.5698748201867,947.5698748201867,0
2025-12-16T13:45:00,947.5698748201867,947.5698748201867,0
2025-12-16T14:00:00,947.5698748201867,947.5698748201867,0
2025-12-16T14:15:00,947.5698748201867,947.5698748201867,0
2025-12-16T14:30:00,947.5698748201867,947.5698748201867,0
2025-12-16T14:45:00,947.5698748201867,947.5698748201867,0
2025-12-16T15:00:00,947.5698748201867,947.5698748201867,0
2025-12-16T15:15:00,947.5698748201867,947.5698748201867,0
2025-12-16T15:30:00,947.5698748201867,947.5698748201867,0
2025-12-16T15:45:00,947.5698748201867,947.5698748201867,0
2025-12-16T16:00:00,947.5698748201867,947.5698748201867,0
2025-12-16T16:15:00,947.5698748201867,947.5698748201867,0
2025-12-16T16:30:00,947.5698748201867,947.5698748201867,0
2025-12-16T16:45:00,947.5698748201867,947.5698748201867,0
2025-12-16T17:00:00,947.5698748201867,947.5698748201867,0
2025-12-16T17:15:00,947.5698748201867,947.5698748201867,0
2025-12-16T17:30:00,947.5698748201867,947.5698748201867,0
2025-12-16T17:45:00,947.5698748201867,947.5698748201867,0
2025-12-16T18:00:00,947.5698748201867,947.5698748201867,0
2025-12-16T18:15:00,947.5698748201867,947.5698748201867,0
2025-12-16T18:30:00,947.5698748201867,947.5698748201867,0
2025-12-16T18:45:00,947.5698748201867,947.5698748201867,0
2025-12-16T19:00:00,947.5698748201867,947.5698748201867,0
2025-12-16T19:15:00,947.5698748201867,947.5698748201867,0
2025-12-16T19:30:00,947.5698748201867,947.5698748201867,0
2025-12-16T19:45:00,947.5698748201867,947.5698748201867,0
2025-12-16T20:00:00,947.5698748201867,947.5698748201867,0
2025-12-16T20:15:00,947.5698748201867,947.5698748201867,0
2025-12-16T20:30:00,947.5698748201867,947.5698748201867,0
2025-12-16T20:45:00,947.5698748201867,947.5698748201867,0
2025-12-16T21:00:00,947.5698748201867,947.5698748201867,0
2025-12-16T21:15:00,947.5698748201867,947.5698748201867,0
2025-12-16T21:30:00,947.5698748201867,947.5698748201867,0
2025-12-16T21:45:00,947.5698748201867,947.5698748201867,0
2025-12-16T22:00:00,947.5698748201867,947.5698748201867,0
2025-12-16T22:15:00,947.5698748201867,947.5698748201867,0
2025-12-16T22:30:00,947.5698748201867,947.5698748201867,0
2025-12-16T22:45:00,947.5698748201867,947.5698748201867,0
2025-12-16T23:00:00,947.5698748201867,947.5698748201867,0
2025-12-16T23:15:00,947.5698748201867,947.5698748201867,0
2025-12-16T23:30:00,947.5698748201867,947.5698748201867,0
2025-12-16T23:45:00,947.5698748201867,947.5698748201867,0
2025-12-17T00:00:00,947.5698748201867,947.5698748201867,0
2025-12-17T00:15:00,947.5698748201867,947.5698748201867,0
2025-12-17T00:30:00,947.5698748201867,947.5698748201867,0
2025-12-17T00:45:00,947.5698748201867,947.5698748201867,0
2025-12-17T01:00:00,947.5698748201867,947.5698748201867,0
2025-12-17T01:15:00,947.5698748201867,947.5698748201867,0
2025-12-17T01:30:00,947.5698748201867,947.5698748201867,0
2025-12-17T01:45:00,947.5698748201867,947.5698748201867,0
2025-12-17T02:00:00,947.5698748201867,947.5698748201867,0
2025-12-17T02:15:00,947.5698748201867,947.5698748201867,0
2025-12-17T02:30:00,947.5698748201867,947.5698748201867,0
2025-12-17T02:45:00,947.5698748201867,947.5698748201867,0
2025-12-17T03:00:00,947.5698748201867,947.5698748201867,0
2025-12-17T03:15:00,947.5698748201867,947.5698748201867,0
2025-12-17T03:30:00,947.5698748201867,947.5698748201867,0
2025-12-17T03:45:00,947.5698748201867,947.5698748201867,0
2025-12-17T04:00:00,947.5698748201867,947.5698748201867,0
2025-12-17T04:15:00,947.5698748201867,947.5698748201867,0
2025-12-17T04:30:00,947.5698748201867,947.5698748201867,0
2025-12-17T04:45:00,947.5698748201867,947.5698748201867,0
2025-12-17T05:00:00,947.5698748201867,947.5698748201867,0
2025-12-17T05:15:00,947.5698748201867,947.5698748201867,0
2025-12-17T05:30:00,947.5698748201867,947.5698748201867,0
2025-12-17T05:45:00,947.5698748201867,947.5698748201867,0
2025-12-17T06:00:00,947.5698748201867,947.5698748201867,0
