timestamp,equity,cash,open_positions
2026-01-16T06:00:00,1000.0,1000.0,0
2026-01-16T06:15:00,1000.0,1000.0,0
2026-01-16T06:30:00,1000.0,1000.0,0
2026-01-16T06:45:00,1000.0,1000.0,0
2026-01-16T07:00:00,1000.0,1000.0,0
2026-01-16T07:15:00,1000.0,1000.0,0
2026-01-16T07:30:00,1000.0,1000.0,0
2026-01-16T07:45:00,1000.0,1000.0,0
2026-01-16T08:00:00,1000.0,1000.0,0
2026-01-16T08:15:00,1000.0,1000.0,0
2026-01-16T08:30:00,1000.0,1000.0,0
2026-01-16T08:45:00,1000.0,1000.0,0
2026-01-16T09:00:00,1000.0,1000.0,0
2026-01-16T09:15:00,1000.0,1000.0,0
2026-01-16T09:30:00,1000.0,1000.0,0
2026-01-16T09:45:00,1000.0,1000.0,0
2026-01-16T10:00:00,1000.0,1000.0,0
2026-01-16T10:15:00,1000.0,1000.0,0
2026-01-16T10:30:00,1000.0,1000.0,0
2026-01-16T10:45:00,1000.0,1000.0,0
2026-01-16T11:00:00,1000.0,1000.0,0
2026-01-16T11:15:00,1000.0,1000.0,0
2026-01-16T11:30:00,1000.0,1000.0,0
2026-01-16T11:45:00,1000.0,1000.0,0
2026-01-16T12:00:00,1000.0,1000.0,0
2026-01-16T12:15:00,1000.0,1000.0,0
2026-01-16T12:30:00,1000.0,1000.0,0
2026-01-16T12:45:00,1000.0,1000.0,0
2026-01-16T13:00:00,1000.0,1000.0,0
2026-01-16T13:15:00,1000.0,1000.0,0
2026-01-16T13:30:00,1000.0,1000.0,0
2026-01-16T13:45:00,1000.0,1000.0,0
2026-01-16T14:00:00,1000.0,1000.0,0
2026-01-16T14:15:00,1000.0,1000.0,0
2026-01-16T14:30:00,1000.0,1000.0,0
2026-01-16T14:45:00,1000.0,1000.0,0
2026-01-16T15:00:00,1000.0,1000.0,0
2026-01-16T15:15:00,1000.0,1000.0,0
2026-01-16T15:30:00,1000.0,1000.0,0
2026-01-16T15:45:00,1000.0,1000.0,0
2026-01-16T16:00:00,1000.0,1000.0,0
2026-01-16T16:15:00,1000.0,1000.0,0
2026-01-16T16:30:00,1000.0,1000.0,0
2026-01-16T16:45:00,1000.0,1000.0,0
2026-01-16T17:00:00,1000.0,1000.0,0
2026-01-16T17:15:00,1000.0,1000.0,0
2026-01-16T17:30:00,1000.0,1000.0,0
2026-01-16T17:45:00,1000.0,1000.0,0
2026-01-16T18:00:00,1000.0,1000.0,0
2026-01-16T18:15:00,1000.0,1000.0,0
2026-01-16T18:30:00,1000.0,1000.0,0
2026-01-16T18:45:00,1000.0,1000.0,0
2026-01-16T19:00:00,1000.0,1000.0,0
2026-01-16T19:15:00,1000.0,1000.0,0
2026-01-16T19:30:00,1000.0,1000.0,0
2026-01-16T19:45:00,1000.0,1000.0,0
2026-01-16T20:00:00,1000.0,1000.0,0
2026-01-16T20:15:00,1000.0,1000.0,0
2026-01-16T20:30:00,1000.0,1000.0,0
2026-01-16T20:45:00,1000.0,1000.0,0
2026-01-16T21:00:00,1000.0,1000.0,0
2026-01-16T21:15:00,1000.0,1000.0,0
2026-01-16T21:30:00,1000.0,1000.0,0
2026-01-16T21:45:00,1000.0,1000.0,0
2026-01-16T22:00:00,1000.0,1000.0,0
2026-01-16T22:15:00,1000.0,1000.0,0
2026-01-16T22:30:00,1000.0,1000.0,0
2026-01-16T22:45:00,1000.0,1000.0,0
2026-01-16T23:00:00,1000.0,1000.0,0
2026-01-16T23:15:00,1000.0,1000.0,0
2026-01-16T23:30:00,1000.0,1000.0,0
2026-01-16T23:45:00,1000.0,1000.0,0
2026-01-17T00:00:00,1000.0,1000.0,0
2026-01-17T00:15:00,1000.0,1000.0,0
2026-01-17T00:30:00,1000.0,1000.0,0
2026-01-17T00:45:00,1000.0,1000.0,0
2026-01-17T01:00:00,1000.0,1000.0,0
2026-01-17T01:15:00,1000.0,1000.0,0
2026-01-17T01:30:00,1000.0,1000.0,0
2026-01-17T01:45:00,1000.0,1000.0,0
2026-01-17T02:00:00,1000.0,1000.0,0
2026-01-17T02:15:00,1000.0,1000.0,0
2026-01-17T02:30:00,1000.0,1000.0,0
2026-01-17T02:45:00,1000.0,1000.0,0
2026-01-17T03:00:00,1000.0,1000.0,0
2026-01-17T03:15:00,1000.0,1000.0,0
2026-01-17T03:30:00,1000.0,1000.0,0
2026-01-17T03:45:00,1000.0,1000.0,0
2026-01-17T04:00:00,1000.0,1000.0,0
2026-01-17T04:15:00,1000.0,1000.0,0
2026-01-17T04:30:00,1000.0,1000.0,0
2026-01-17T04:45:00,1000.0,1000.0,0
2026-01-17T05:00:00,1000.0,1000.0,0
2026-01-17T05:15:00,1000.0,1000.0,0
2026-01-17T05:30:00,1000.0,1000.0,0
2026-01-17T05:45:00,1000.0,1000.0,0
2026-01-17T06:00:00,1000.0,1000.0,0
2026-01-17T06:15:00,1000.0,1000.0,0
2026-01-17T06:30:00,1000.0,1000.0,0
2026-01-17T06:45:00,1000.0,1000.0,0
2026-01-17T07:00:00,1000.0,1000.0,0
2026-01-17T07:15:00,1000.0,1000.0,0
2026-01-17T07:30:00,1000.0,1000.0,0
2026-01-17T07:45:00,1000.0,1000.0,0
2026-01-17T08:00:00,1000.0,1000.0,0
2026-01-17T08:15:00,1000.0,1000.0,0
2026-01-17T08:30:00,1000.0,1000.0,0
2026-01-17T08:45:00,1000.0,1000.0,0
2026-01-17T09:00:00,1000.0,1000.0,0
2026-01-17T09:15:00,1000.0,1000.0,0
2026-01-17T09:30:00,1000.0,1000.0,0
2026-01-17T09:45:00,1000.0,1000.0,0
2026-01-17T10:00:00,1000.0,1000.0,0
2026-01-17T10:15:00,1000.0,1000.0,0
2026-01-17T10:30:00,1000.0,1000.0,0
2026-01-17T10:45:00,1000.0,1000.0,0
2026-01-17T11:00:00,1000.0,1000.0,0
2026-01-17T11:15:00,1000.0,1000.0,0
2026-01-17T11:30:00,1000.0,1000.0,0
2026-01-17T11:45:00,1000.0,1000.0,0
2026-01-17T12:00:00,1000.0,1000.0,0
2026-01-17T12:15:00,1000.0,1000.0,0
2026-01-17T12:30:00,1000.0,1000.0,0
2026-01-17T12:45:00,1000.0,1000.0,0
2026-01-17T13:00:00,1000.0,1000.0,0
2026-01-17T13:15:00,1000.0,1000.0,0
2026-01-17T13:30:00,1000.0,1000.0,0
2026-01-17T13:45:00,1000.0,1000.0,0
2026-01-17T14:00:00,1000.0,1000.0,0
2026-01-17T14:15:00,1000.0,1000.0,0
2026-01-17T14:30:00,1000.0,1000.0,0
2026-01-17T14:45:00,1000.0,1000.0,0
2026-01-17T15:00:00,1000.0,1000.0,0
2026-01-17T15:15:00,1000.0,1000.0,0
2026-01-17T15:30:00,1000.0,1000.0,0
2026-01-17T15:45:00,1000.0,1000.0,0
2026-01-17T16:00:00,1000.0,1000.0,0
2026-01-17T16:15:00,1000.0,1000.0,0
2026-01-17T16:30:00,1000.0,1000.0,0
2026-01-17T16:45:00,1000.0,1000.0,0
2026-01-17T17:00:00,1000.0,1000.0,0
2026-01-17T17:15:00,1000.0,1000.0,0
2026-01-17T17:30:00,1000.0,1000.0,0
2026-01-17T17:45:00,1000.0,1000.0,0
2026-01-17T18:00:00,1000.0,1000.0,0
2026-01-17T18:15:00,1000.0,1000.0,0
2026-01-17T18:30:00,1000.0,1000.0,0
2026-01-17T18:45:00,1000.0,1000.0,0
2026-01-17T19:00:00,1000.0,1000.0,0
2026-01-17T19:15:00,1000.0,1000.0,0
2026-01-17T19:30:00,1000.0,1000.0,0
2026-01-17T19:45:00,1000.0,1000.0,0
2026-01-17T20:00:00,1000.0,1000.0,0
2026-01-17T20:15:00,1000.0,1000.0,0
2026-01-17T20:30:00,1000.0,1000.0,0
2026-01-17T20:45:00,1000.0,1000.0,0
2026-01-17T21:00:00,1000.0,1000.0,0
2026-01-17T21:15:00,1000.0,1000.0,0
2026-01-17T21:30:00,1000.0,1000.0,0
2026-01-17T21:45:00,1000.0,1000.0,0
2026-01-17T22:00:00,1000.0,1000.0,0
2026-01-17T22:15:00,1000.0,1000.0,0
2026-01-17T22:30:00,1000.0,1000.0,0
2026-01-17T22:45:00,1000.0,1000.0,0
2026-01-17T23:00:00,1000.0,1000.0,0
2026-01-17T23:15:00,1000.0,1000.0,0
2026-01-17T23:30:00,1000.0,1000.0,0
2026-01-17T23:45:00,1000.0,1000.0,0
2026-01-18T00:00:00,1000.0,1000.0,0
2026-01-18T00:15:00,1000.0,1000.0,0
2026-01-18T00:30:00,1000.0,1000.0,0
2026-01-18T00:45:00,1000.0,1000.0,0
2026-01-18T01:00:00,1000.0,1000.0,0
2026-01-18T01:15:00,1000.0,1000.0,0
2026-01-18T01:30:00,1000.0,1000.0,0
2026-01-18T01:45:00,1000.0,1000.0,0
2026-01-18T02:00:00,1000.0,1000.0,0
2026-01-18T02:15:00,1000.0,1000.0,0
2026-01-18T02:30:00,1000.0,1000.0,0
2026-01-18T02:45:00,1000.0,1000.0,0
2026-01-18T03:00:00,1000.0,1000.0,0
2026-01-18T03:15:00,1000.0,1000.0,0
2026-01-18T03:30:00,1000.0,1000.0,0
2026-01-18T03:45:00,1000.0,1000.0,0
2026-01-18T04:00:00,1000.0,1000.0,0
2026-01-18T04:15:00,1000.0,1000.0,0
2026-01-18T04:30:00,1000.0,1000.0,0
2026-01-18T04:45:00,1000.0,1000.0,0
2026-01-18T05:00:00,1000.0,1000.0,0
2026-01-18T05:15:00,1000.0,1000.0,0
2026-01-18T05:30:00,1000.0,1000.0,0
2026-01-18T05:45:00,1000.0,1000.0,0
2026-01-18T06:00:00,1000.0,1000.0,0
2026-01-18T06:15:00,1000.0,1000.0,0
2026-01-18T06:30:00,1000.0,1000.0,0
2026-01-18T06:45:00,1000.0,1000.0,0
2026-01-18T07:00:00,1000.0,1000.0,0
2026-01-18T07:15:00,1000.0,1000.0,0
2026-01-18T07:30:00,1000.0,1000.0,0
2026-01-18T07:45:00,1000.0,1000.0,0
2026-01-18T08:00:00,1000.0,1000.0,0
2026-01-18T08:15:00,1000.0,1000.0,0
2026-01-18T08:30:00,1000.0,1000.0,0
2026-01-18T08:45:00,1000.0,1000.0,0
2026-01-18T09:00:00,1000.0,1000.0,0
2026-01-18T09:15:00,1000.0,1000.0,0
2026-01-18T09:30:00,1000.0,1000.0,0
2026-01-18T09:45:00,1000.0,1000.0,0
2026-01-18T10:00:00,1000.0,1000.0,0
2026-01-18T10:15:00,1000.0,1000.0,0
2026-01-18T10:30:00,1000.0,1000.0,0
2026-01-18T10:45:00,1000.0,1000.0,0
2026-01-18T11:00:00,1000.0,1000.0,0
2026-01-18T11:15:00,1000.0,1000.0,0
2026-01-18T11:30:00,1000.0,1000.0,0
2026-01-18T11:45:00,1000.0,1000.0,0
2026-01-18T12:00:00,1000.0,1000.0,0
2026-01-18T12:15:00,1000.0,1000.0,0
2026-01-18T12:30:00,1000.0,1000.0,0
2026-01-18T12:45:00,1000.0,1000.0,0
2026-01-18T13:00:00,1000.0,1000.0,0
2026-01-18T13:15:00,1000.0,1000.0,0
2026-01-18T13:30:00,1000.0,1000.0,0
2026-01-18T13:45:00,1000.0,1000.0,0
2026-01-18T14:00:00,1000.0,1000.0,0
2026-01-18T14:15:00,1000.0,1000.0,0
2026-01-18T14:30:00,1000.0,1000.0,0
2026-01-18T14:45:00,1000.0,1000.0,0
2026-01-18T15:00:00,1000.0,1000.0,0
2026-01-18T15:15:00,1000.0,1000.0,0
2026-01-18T15:30:00,1000.0,1000.0,0
2026-01-18T15:45:00,1000.0,1000.0,0
2026-01-18T16:00:00,1000.0,1000.0,0
2026-01-18T16:15:00,1000.0,1000.0,0
2026-01-18T16:30:00,1000.0,1000.0,0
2026-01-18T16:45:00,1000.0,1000.0,0
2026-01-18T17:00:00,1000.0,1000.0,0
2026-01-18T17:15:00,1000.0,1000.0,0
2026-01-18T17:30:00,1000.0,1000.0,0
2026-01-18T17:45:00,1000.0,1000.0,0
2026-01-18T18:00:00,1000.0,1000.0,0
2026-01-18T18:15:00,999.0890783824264,879.808,1
2026-01-18T18:30:00,998.7754715285106,879.808,1
2026-01-18T18:45:00,999.0349099258409,879.808,1
2026-01-18T19:00:00,998.0527502788045,879.808,1
2026-01-18T19:15:00,997.7120591965961,879.808,1
2026-01-18T19:30:00,997.4283875423722,879.808,1
2026-01-18T19:45:00,996.855342291126,879.808,1
2026-01-18T20:00:00,996.069272266199,996.069272266199,0
2026-01-18T20:15:00,996.069272266199,996.069272266199,0
2026-01-18T20:30:00,996.069272266199,996.069272266199,0
2026-01-18T20:45:00,996.069272266199,996.069272266199,0
2026-01-18T21:00:00,996.069272266199,996.069272266199,0
2026-01-18T21:15:00,996.069272266199,996.069272266199,0
2026-01-18T21:30:00,996.069272266199,996.069272266199,0
2026-01-18T21:45:00,996.069272266199,996.069272266199,0
2026-01-18T22:00:00,996.069272266199,996.069272266199,0
2026-01-18T22:15:00,996.069272266199,996.069272266199,0
2026-01-18T22:30:00,996.069272266199,996.069272266199,0
2026-01-18T22:45:00,996.069272266199,996.069272266199,0
2026-01-18T23:00:00,996.069272266199,996.069272266199,0
2026-01-18T23:15:00,996.069272266199,996.069272266199,0
2026-01-18T23:30:00,996.069272266199,996.069272266199,0
2026-01-18T23:45:00,996.069272266199,996.069272266199,0
2026-01-19T00:00:00,995.1597797190219,876.34971429398,1
2026-01-19T00:15:00,994.1769820681637,876.34971429398,1
2026-01-19T00:30:00,992.418460548167,876.34971429398,1
2026-01-19T00:45:00,993.8006443748233,876.34971429398,1
2026-01-19T01:00:00,993.5584022344774,876.34971429398,1
2026-01-19T01:15:00,994.5599494373572,876.34971429398,1
2026-01-19T01:30:00,994.7975818812116,876.34971429398,1
2026-01-19T01:45:00,994.4448106137547,876.34971429398,1
2026-01-19T02:00:00,995.298484968508,876.34971429398,1
2026-01-19T02:15:00,994.9114776405917,876.34971429398,1
2026-01-19T02:30:00,994.5413552683634,876.34971429398,1
2026-01-19T02:45:00,994.5476223838181,876.34971429398,1
2026-01-19T03:00:00,993.671313901348,876.34971429398,1
2026-01-19T03:15:00,994.261390154147,994.261390154147,0
2026-01-19T03:30:00,994.261390154147,994.261390154147,0
2026-01-19T03:45:00,994.261390154147,994.261390154147,0
2026-01-19T04:00:00,994.261390154147,994.261390154147,0
2026-01-19T04:15:00,994.261390154147,994.261390154147,0
2026-01-19T04:30:00,994.261390154147,994.261390154147,0
2026-01-19T04:45:00,994.261390154147,994.261390154147,0
2026-01-19T05:00:00,994.261390154147,994.261390154147,0
2026-01-19T05:15:00,994.261390154147,994.261390154147,0
2026-01-19T05:30:00,994.261390154147,994.261390154147,0
2026-01-19T05:45:00,994.261390154147,994.261390154147,0
2026-01-19T06:00:00,994.261390154147,994.261390154147,0
2026-01-19T06:15:00,994.261390154147,994.261390154147,0
2026-01-19T06:30:00,994.261390154147,994.261390154147,0
2026-01-19T06:45:00,994.261390154147,994.261390154147,0
2026-01-19T07:00:00,994.261390154147,994.261390154147,0
2026-01-19T07:15:00,994.261390154147,994.261390154147,0
2026-01-19T07:30:00,994.261390154147,994.261390154147,0
2026-01-19T07:45:00,994.261390154147,994.261390154147,0
2026-01-19T08:00:00,994.261390154147,994.261390154147,0
2026-01-19T08:15:00,994.261390154147,994.261390154147,0
2026-01-19T08:30:00,994.261390154147,994.261390154147,0
2026-01-19T08:45:00,994.261390154147,994.261390154147,0
2026-01-19T09:00:00,994.261390154147,994.261390154147,0
2026-01-19T09:15:00,994.261390154147,994.261390154147,0
2026-01-19T09:30:00,994.261390154147,994.261390154147,0
2026-01-19T09:45:00,994.261390154147,994.261390154147,0
2026-01-19T10:00:00,994.261390154147,994.261390154147,0
2026-01-19T10:15:00,994.261390154147,994.261390154147,0
2026-01-19T10:30:00,994.261390154147,994.261390154147,0
2026-01-19T10:45:00,994.261390154147,994.261390154147,0
2026-01-19T11:00:00,994.261390154147,994.261390154147,0
2026-01-19T11:15:00,994.261390154147,994.261390154147,0
2026-01-19T11:30:00,994.261390154147,994.261390154147,0
2026-01-19T11:45:00,994.261390154147,994.261390154147,0
2026-01-19T12:00:00,994.261390154147,994.261390154147,0
2026-01-19T12:15:00,994.261390154147,994.261390154147,0
2026-01-19T12:30:00,994.261390154147,994.261390154147,0
2026-01-19T12:45:00,994.261390154147,994.261390154147,0
2026-01-19T13:00:00,994.261390154147,994.261390154147,0
2026-01-19T13:15:00,994.261390154147,994.261390154147,0
2026-01-19T13:30:00,994.261390154147,994.261390154147,0
2026-01-19T13:45:00,994.261390154147,994.261390154147,0
2026-01-19T14:00:00,994.261390154147,994.261390154147,0
2026-01-19T14:15:00,994.261390154147,994.261390154147,0
2026-01-19T14:30:00,994.261390154147,994.261390154147,0
2026-01-19T14:45:00,994.261390154147,994.261390154147,0
2026-01-19T15:00:00,994.261390154147,994.261390154147,0
2026-01-19T15:15:00,994.261390154147,994.261390154147,0
2026-01-19T15:30:00,994.261390154147,994.261390154147,0
2026-01-19T15:45:00,994.261390154147,994.261390154147,0
2026-01-19T16:00:00,994.261390154147,994.261390154147,0
2026-01-19T16:15:00,994.261390154147,994.261390154147,0
2026-01-19T16:30:00,994.261390154147,994.261390154147,0
2026-01-19T16:45:00,994.261390154147,994.261390154147,0
2026-01-19T17:00:00,994.261390154147,994.261390154147,0
2026-01-19T17:15:00,994.261390154147,994.261390154147,0
2026-01-19T17:30:00,994.261390154147,994.261390154147,0
2026-01-19T17:45:00,994.261390154147,994.261390154147,0
2026-01-19T18:00:00,994.261390154147,994.261390154147,0
2026-01-19T18:15:00,993.3535483509019,874.7591251487397,1
2026-01-19T18:30:00,992.442483073359,874.7591251487397,1
2026-01-19T18:45:00,992.7238414678943,874.7591251487397,1
2026-01-19T19:00:00,991.492625827531,991.492625827531,0
2026-01-19T19:15:00,991.492625827531,991.492625827531,0
2026-01-19T19:30:00,991.492625827531,991.492625827531,0
2026-01-19T19:45:00,991.492625827531,991.492625827531,0
2026-01-19T20:00:00,991.492625827531,991.492625827531,0
2026-01-19T20:15:00,991.492625827531,991.492625827531,0
2026-01-19T20:30:00,991.492625827531,991.492625827531,0
2026-01-19T20:45:00,991.492625827531,991.492625827531,0
2026-01-19T21:00:00,991.492625827531,991.492625827531,0
2026-01-19T21:15:00,991.492625827531,991.492625827531,0
2026-01-19T21:30:00,991.492625827531,991.492625827531,0
2026-01-19T21:45:00,991.492625827531,991.492625827531,0
2026-01-19T22:00:00,991.492625827531,991.492625827531,0
2026-01-19T22:15:00,991.492625827531,991.492625827531,0
2026-01-19T22:30:00,991.492625827531,991.492625827531,0
2026-01-19T22:45:00,991.492625827531,991.492625827531,0
2026-01-19T23:00:00,990.5873121321094,872.3231441440685,1
2026-01-19T23:15:00,990.0859434603874,872.3231441440685,1
2026-01-19T23:30:00,989.5000165182391,872.3231441440685,1
2026-01-19T23:45:00,989.6140155035515,872.3231441440685,1
2026-01-20T00:00:00,989.2455683081457,872.3231441440685,1
2026-01-20T00:15:00,990.4666619169892,872.3231441440685,1
2026-01-20T00:30:00,989.1373440339845,872.3231441440685,1
2026-01-20T00:45:00,989.1659597901348,872.3231441440685,1
2026-01-20T01:00:00,989.121772937845,872.3231441440685,1
2026-01-20T01:15:00,988.0659582718333,988.0659582718333,0
2026-01-20T01:30:00,988.0659582718333,988.0659582718333,0
2026-01-20T01:45:00,988.0659582718333,988.0659582718333,0
2026-01-20T02:00:00,988.0659582718333,988.0659582718333,0
2026-01-20T02:15:00,988.0659582718333,988.0659582718333,0
2026-01-20T02:30:00,988.0659582718333,988.0659582718333,0
2026-01-20T02:45:00,988.0659582718333,988.0659582718333,0
2026-01-20T03:00:00,988.0659582718333,988.0659582718333,0
2026-01-20T03:15:00,988.0659582718333,988.0659582718333,0
2026-01-20T03:30:00,988.0659582718333,988.0659582718333,0
2026-01-20T03:45:00,988.0659582718333,988.0659582718333,0
2026-01-20T04:00:00,988.0659582718333,988.0659582718333,0
2026-01-20T04:15:00,988.0659582718333,988.0659582718333,0
2026-01-20T04:30:00,988.0659582718333,988.0659582718333,0
2026-01-20T04:45:00,988.0659582718333,988.0659582718333,0
2026-01-20T05:00:00,988.0659582718333,988.0659582718333,0
2026-01-20T05:15:00,988.0659582718333,988.0659582718333,0
2026-01-20T05:30:00,988.0659582718333,988.0659582718333,0
2026-01-20T05:45:00,988.0659582718333,988.0659582718333,0
2026-01-20T06:00:00,988.0659582718333,988.0659582718333,0
2026-01-20T06:15:00,987.163773403583,869.3083346152251,1
2026-01-20T06:30:00,989.2335231646143,869.3083346152251,1
2026-01-20T06:45:00,990.9116986465317,869.3083346152251,1
2026-01-20T07:00:00,990.378008605886,869.3083346152251,1
2026-01-20T07:15:00,989.8171049087766,869.3083346152251,1
2026-01-20T07:30:00,989.3091166547908,869.3083346152251,1
2026-01-20T07:45:00,989.9350307534519,869.3083346152251,1
2026-01-20T08:00:00,992.429615929275,869.3083346152251,1
2026-01-20T08:15:00,991.7054302933846,869.3083346152251,1
2026-01-20T08:30:00,994.3799279758275,869.3083346152251,1
2026-01-20T08:45:00,992.4341515386855,869.3083346152251,1
2026-01-20T09:00:00,993.5242096670299,869.3083346152251,1
2026-01-20T09:15:00,993.887058419877,869.3083346152251,1
2026-01-20T09:30:00,994.3209650534898,869.3083346152251,1
2026-01-20T09:45:00,994.3602736683816,869.3083346152251,1
2026-01-20T10:00:00,993.1054217314525,869.3083346152251,1
2026-01-20T10:15:00,991.8085115450435,991.8085115450435,0
2026-01-20T10:30:00,991.8085115450435,991.8085115450435,0
2026-01-20T10:45:00,991.8085115450435,991.8085115450435,0
2026-01-20T11:00:00,991.8085115450435,991.8085115450435,0
2026-01-20T11:15:00,991.8085115450435,991.8085115450435,0
2026-01-20T11:30:00,991.8085115450435,991.8085115450435,0
2026-01-20T11:45:00,991.8085115450435,991.8085115450435,0
2026-01-20T12:00:00,991.8085115450435,991.8085115450435,0
2026-01-20T12:15:00,991.8085115450435,991.8085115450435,0
2026-01-20T12:30:00,991.8085115450435,991.8085115450435,0
2026-01-20T12:45:00,991.8085115450435,991.8085115450435,0
2026-01-20T13:00:00,991.8085115450435,991.8085115450435,0
2026-01-20T13:15:00,991.8085115450435,991.8085115450435,0
2026-01-20T13:30:00,991.8085115450435,991.8085115450435,0
2026-01-20T13:45:00,991.8085115450435,991.8085115450435,0
2026-01-20T14:00:00,991.8085115450435,991.8085115450435,0
2026-01-20T14:15:00,991.8085115450435,991.8085115450435,0
2026-01-20T14:30:00,991.8085115450435,991.8085115450435,0
2026-01-20T14:45:00,991.8085115450435,991.8085115450435,0
2026-01-20T15:00:00,991.8085115450435,991.8085115450435,0
2026-01-20T15:15:00,991.8085115450435,991.8085115450435,0
2026-01-20T15:30:00,991.8085115450435,991.8085115450435,0
2026-01-20T15:45:00,991.8085115450435,991.8085115450435,0
2026-01-20T16:00:00,991.8085115450435,991.8085115450435,0
2026-01-20T16:15:00,991.8085115450435,991.8085115450435,0
2026-01-20T16:30:00,991.8085115450435,991.8085115450435,0
2026-01-20T16:45:00,991.8085115450435,991.8085115450435,0
2026-01-20T17:00:00,991.8085115450435,991.8085115450435,0
2026-01-20T17:15:00,991.8085115450435,991.8085115450435,0
2026-01-20T17:30:00,990.9029094201786,872.6010629254217,1
2026-01-20T17:45:00,990.438023465804,872.6010629254217,1
2026-01-20T18:00:00,989.7332786862565,872.6010629254217,1
2026-01-20T18:15:00,990.6630505950055,872.6010629254217,1
2026-01-20T18:30:00,991.8351266981559,872.6010629254217,1
2026-01-20T18:45:00,991.8970583318719,872.6010629254217,1
2026-01-20T19:00:00,991.4994200312748,872.6010629254217,1
2026-01-20T19:15:00,991.9905671247529,872.6010629254217,1
2026-01-20T19:30:00,992.1964565817333,872.6010629254217,1
2026-01-20T19:45:00,990.7022296628586,872.6010629254217,1
2026-01-20T20:00:00,992.4339231978786,872.6010629254217,1
2026-01-20T20:15:00,990.0933390022075,990.0933390022075,0
2026-01-20T20:30:00,990.0933390022075,990.0933390022075,0
2026-01-20T20:45:00,990.0933390022075,990.0933390022075,0
2026-01-20T21:00:00,990.0933390022075,990.0933390022075,0
2026-01-20T21:15:00,990.0933390022075,990.0933390022075,0
2026-01-20T21:30:00,990.0933390022075,990.0933390022075,0
2026-01-20T21:45:00,990.0933390022075,990.0933390022075,0
2026-01-20T22:00:00,990.0933390022075,990.0933390022075,0
2026-01-20T22:15:00,990.0933390022075,990.0933390022075,0
2026-01-20T22:30:00,990.0933390022075,990.0933390022075,0
2026-01-20T22:45:00,990.0933390022075,990.0933390022075,0
2026-01-20T23:00:00,989.1893029698706,871.0920404008541,1
2026-01-20T23:15:00,989.734188982917,871.0920404008541,1
2026-01-20T23:30:00,989.050251939835,871.0920404008541,1
2026-01-20T23:45:00,989.8069482428193,871.0920404008541,1
2026-01-21T00:00:00,990.4197428984413,871.0920404008541,1
2026-01-21T00:15:00,990.0866671753328,871.0920404008541,1
2026-01-21T00:30:00,987.8440650978982,871.0920404008541,1
2026-01-21T00:45:00,986.1722652707097,986.1722652707097,0
2026-01-21T01:00:00,986.1722652707097,986.1722652707097,0
2026-01-21T01:15:00,986.1722652707097,986.1722652707097,0
2026-01-21T01:30:00,986.1722652707097,986.1722652707097,0
2026-01-21T01:45:00,986.1722652707097,986.1722652707097,0
2026-01-21T02:00:00,986.1722652707097,986.1722652707097,0
2026-01-21T02:15:00,986.1722652707097,986.1722652707097,0
2026-01-21T02:30:00,986.1722652707097,986.1722652707097,0
2026-01-21T02:45:00,986.1722652707097,986.1722652707097,0
2026-01-21T03:00:00,986.1722652707097,986.1722652707097,0
2026-01-21T03:15:00,986.1722652707097,986.1722652707097,0
2026-01-21T03:30:00,986.1722652707097,986.1722652707097,0
2026-01-21T03:45:00,986.1722652707097,986.1722652707097,0
2026-01-21T04:00:00,986.1722652707097,986.1722652707097,0
2026-01-21T04:15:00,986.1722652707097,986.1722652707097,0
2026-01-21T04:30:00,986.1722652707097,986.1722652707097,0
2026-01-21T04:45:00,986.1722652707097,986.1722652707097,0
2026-01-21T05:00:00,986.1722652707097,986.1722652707097,0
2026-01-21T05:15:00,986.1722652707097,986.1722652707097,0
2026-01-21T05:30:00,986.1722652707097,986.1722652707097,0
2026-01-21T05:45:00,986.1722652707097,986.1722652707097,0
2026-01-21T06:00:00,986.1722652707097,986.1722652707097,0
2026-01-21T06:15:00,986.1722652707097,986.1722652707097,0
2026-01-21T06:30:00,986.1722652707097,986.1722652707097,0
2026-01-21T06:45:00,986.1722652707097,986.1722652707097,0
2026-01-21T07:00:00,986.1722652707097,986.1722652707097,0
2026-01-21T07:15:00,986.1722652707097,986.1722652707097,0
2026-01-21T07:30:00,986.1722652707097,986.1722652707097,0
2026-01-21T07:45:00,986.1722652707097,986.1722652707097,0
2026-01-21T08:00:00,986.1722652707097,986.1722652707097,0
2026-01-21T08:15:00,986.1722652707097,986.1722652707097,0
2026-01-21T08:30:00,985.2718094987373,867.6422483632925,1
2026-01-21T08:45:00,984.3010525570141,867.6422483632925,1
2026-01-21T09:00:00,983.7836359032575,867.6422483632925,1
2026-01-21T09:15:00,983.463254074306,867.6422483632925,1
2026-01-21T09:30:00,983.5769896235837,867.6422483632925,1
2026-01-21T09:45:00,986.1272289820378,867.6422483632925,1
2026-01-21T10:00:00,984.7816253004414,867.6422483632925,1
2026-01-21T10:15:00,984.3491098313568,867.6422483632925,1
2026-01-21T10:30:00,983.905380998259,867.6422483632925,1
2026-01-21T10:45:00,984.5525522927411,867.6422483632925,1
2026-01-21T11:00:00,983.892565725101,867.6422483632925,1
2026-01-21T11:15:00,983.4056685895849,983.4056685895849,0
2026-01-21T11:30:00,983.4056685895849,983.4056685895849,0
2026-01-21T11:45:00,983.4056685895849,983.4056685895849,0
2026-01-21T12:00:00,982.5077389461987,865.2081744704656,1
2026-01-21T12:15:00,982.6537597458988,865.2081744704656,1
2026-01-21T12:30:00,981.2104537901826,865.2081744704656,1
2026-01-21T12:45:00,980.623482267872,865.2081744704656,1
2026-01-21T13:00:00,979.5179497004729,865.2081744704656,1
2026-01-21T13:15:00,980.0147413442875,865.2081744704656,1
2026-01-21T13:30:00,980.7350571353351,865.2081744704656,1
2026-01-21T13:45:00,980.9640370047548,865.2081744704656,1
2026-01-21T14:00:00,975.7367485720255,975.7367485720255,0
2026-01-21T14:15:00,975.7367485720255,975.7367485720255,0
2026-01-21T14:30:00,975.7367485720255,975.7367485720255,0
2026-01-21T14:45:00,975.7367485720255,975.7367485720255,0
2026-01-21T15:00:00,975.7367485720255,975.7367485720255,0
2026-01-21T15:15:00,975.7367485720255,975.7367485720255,0
2026-01-21T15:30:00,975.7367485720255,975.7367485720255,0
2026-01-21T15:45:00,975.7367485720255,975.7367485720255,0
2026-01-21T16:00:00,975.7367485720255,975.7367485720255,0
2026-01-21T16:15:00,975.7367485720255,975.7367485720255,0
2026-01-21T16:30:00,975.7367485720255,975.7367485720255,0
2026-01-21T16:45:00,975.7367485720255,975.7367485720255,0
2026-01-21T17:00:00,975.7367485720255,975.7367485720255,0
2026-01-21T17:15:00,975.7367485720255,975.7367485720255,0
2026-01-21T17:30:00,975.7367485720255,975.7367485720255,0
2026-01-21T17:45:00,975.7367485720255,975.7367485720255,0
2026-01-21T18:00:00,975.7367485720255,975.7367485720255,0
2026-01-21T18:15:00,975.7367485720255,975.7367485720255,0
2026-01-21T18:30:00,975.7367485720255,975.7367485720255,0
2026-01-21T18:45:00,975.7367485720255,975.7367485720255,0
2026-01-21T19:00:00,975.7367485720255,975.7367485720255,0
2026-01-21T19:15:00,975.7367485720255,975.7367485720255,0
2026-01-21T19:30:00,975.7367485720255,975.7367485720255,0
2026-01-21T19:45:00,975.7367485720255,975.7367485720255,0
2026-01-21T20:00:00,975.7367485720255,975.7367485720255,0
2026-01-21T20:15:00,975.7367485720255,975.7367485720255,0
2026-01-21T20:30:00,975.7367485720255,975.7367485720255,0
2026-01-21T20:45:00,975.7367485720255,975.7367485720255,0
2026-01-21T21:00:00,975.7367485720255,975.7367485720255,0
2026-01-21T21:15:00,975.7367485720255,975.7367485720255,0
2026-01-21T21:30:00,975.7367485720255,975.7367485720255,0
2026-01-21T21:45:00,975.7367485720255,975.7367485720255,0
2026-01-21T22:00:00,975.7367485720255,975.7367485720255,0
2026-01-21T22:15:00,975.7367485720255,975.7367485720255,0
2026-01-21T22:30:00,975.7367485720255,975.7367485720255,0
2026-01-21T22:45:00,975.7367485720255,975.7367485720255,0
2026-01-21T23:00:00,975.7367485720255,975.7367485720255,0
2026-01-21T23:15:00,975.7367485720255,975.7367485720255,0
2026-01-21T23:30:00,975.7367485720255,975.7367485720255,0
2026-01-21T23:45:00,975.7367485720255,975.7367485720255,0
2026-01-22T00:00:00,975.7367485720255,975.7367485720255,0
2026-01-22T00:15:00,975.7367485720255,975.7367485720255,0
2026-01-22T00:30:00,975.7367485720255,975.7367485720255,0
2026-01-22T00:45:00,975.7367485720255,975.7367485720255,0
2026-01-22T01:00:00,975.7367485720255,975.7367485720255,0
2026-01-22T01:15:00,975.7367485720255,975.7367485720255,0
2026-01-22T01:30:00,975.7367485720255,975.7367485720255,0
2026-01-22T01:45:00,975.7367485720255,975.7367485720255,0
2026-01-22T02:00:00,975.7367485720255,975.7367485720255,0
2026-01-22T02:15:00,975.7367485720255,975.7367485720255,0
2026-01-22T02:30:00,975.7367485720255,975.7367485720255,0
2026-01-22T02:45:00,975.7367485720255,975.7367485720255,0
2026-01-22T03:00:00,975.7367485720255,975.7367485720255,0
2026-01-22T03:15:00,975.7367485720255,975.7367485720255,0
2026-01-22T03:30:00,975.7367485720255,975.7367485720255,0
2026-01-22T03:45:00,975.7367485720255,975.7367485720255,0
2026-01-22T04:00:00,975.7367485720255,975.7367485720255,0
2026-01-22T04:15:00,975.7367485720255,975.7367485720255,0
2026-01-22T04:30:00,975.7367485720255,975.7367485720255,0
2026-01-22T04:45:00,975.7367485720255,975.7367485720255,0
2026-01-22T05:00:00,975.7367485720255,975.7367485720255,0
2026-01-22T05:15:00,975.7367485720255,975.7367485720255,0
2026-01-22T05:30:00,975.7367485720255,975.7367485720255,0
2026-01-22T05:45:00,975.7367485720255,975.7367485720255,0
2026-01-22T06:00:00,975.7367485720255,975.7367485720255,0
2026-01-22T06:15:00,975.7367485720255,975.7367485720255,0
2026-01-22T06:30:00,975.7367485720255,975.7367485720255,0
2026-01-22T06:45:00,975.7367485720255,975.7367485720255,0
2026-01-22T07:00:00,975.7367485720255,975.7367485720255,0
2026-01-22T07:15:00,975.7367485720255,975.7367485720255,0
2026-01-22T07:30:00,975.7367485720255,975.7367485720255,0
2026-01-22T07:45:00,975.7367485720255,975.7367485720255,0
2026-01-22T08:00:00,975.7367485720255,975.7367485720255,0
2026-01-22T08:15:00,975.7367485720255,975.7367485720255,0
2026-01-22T08:30:00,975.7367485720255,975.7367485720255,0
2026-01-22T08:45:00,975.7367485720255,975.7367485720255,0
2026-01-22T09:00:00,975.7367485720255,975.7367485720255,0
2026-01-22T09:15:00,975.7367485720255,975.7367485720255,0
2026-01-22T09:30:00,975.7367485720255,975.7367485720255,0
2026-01-22T09:45:00,975.7367485720255,975.7367485720255,0
2026-01-22T10:00:00,975.7367485720255,975.7367485720255,0
2026-01-22T10:15:00,975.7367485720255,975.7367485720255,0
2026-01-22T10:30:00,975.7367485720255,975.7367485720255,0
2026-01-22T10:45:00,975.7367485720255,975.7367485720255,0
2026-01-22T11:00:00,975.7367485720255,975.7367485720255,0
2026-01-22T11:15:00,975.7367485720255,975.7367485720255,0
2026-01-22T11:30:00,975.7367485720255,975.7367485720255,0
2026-01-22T11:45:00,975.7367485720255,975.7367485720255,0
2026-01-22T12:00:00,975.7367485720255,975.7367485720255,0
2026-01-22T12:15:00,975.7367485720255,975.7367485720255,0
2026-01-22T12:30:00,975.7367485720255,975.7367485720255,0
2026-01-22T12:45:00,975.7367485720255,975.7367485720255,0
2026-01-22T13:00:00,975.7367485720255,975.7367485720255,0
2026-01-22T13:15:00,975.7367485720255,975.7367485720255,0
2026-01-22T13:30:00,975.7367485720255,975.7367485720255,0
2026-01-22T13:45:00,975.7367485720255,975.7367485720255,0
2026-01-22T14:00:00,975.7367485720255,975.7367485720255,0
2026-01-22T14:15:00,975.7367485720255,975.7367485720255,0
2026-01-22T14:30:00,975.7367485720255,975.7367485720255,0
2026-01-22T14:45:00,975.7367485720255,975.7367485720255,0
2026-01-22T15:00:00,975.7367485720255,975.7367485720255,0
2026-01-22T15:15:00,975.7367485720255,975.7367485720255,0
2026-01-22T15:30:00,975.7367485720255,975.7367485720255,0
2026-01-22T15:45:00,975.7367485720255,975.7367485720255,0
2026-01-22T16:00:00,975.7367485720255,975.7367485720255,0
2026-01-22T16:15:00,975.7367485720255,975.7367485720255,0
2026-01-22T16:30:00,975.7367485720255,975.7367485720255,0
2026-01-22T16:45:00,975.7367485720255,975.7367485720255,0
2026-01-22T17:00:00,975.7367485720255,975.7367485720255,0
2026-01-22T17:15:00,975.7367485720255,975.7367485720255,0
2026-01-22T17:30:00,975.7367485720255,975.7367485720255,0
2026-01-22T17:45:00,975.7367485720255,975.7367485720255,0
2026-01-22T18:00:00,975.7367485720255,975.7367485720255,0
2026-01-22T18:15:00,975.7367485720255,975.7367485720255,0
2026-01-22T18:30:00,975.7367485720255,975.7367485720255,0
2026-01-22T18:45:00,975.7367485720255,975.7367485720255,0
2026-01-22T19:00:00,975.7367485720255,975.7367485720255,0
2026-01-22T19:15:00,975.7367485720255,975.7367485720255,0
2026-01-22T19:30:00,975.7367485720255,975.7367485720255,0
2026-01-22T19:45:00,975.7367485720255,975.7367485720255,0
2026-01-22T20:00:00,975.7367485720255,975.7367485720255,0
2026-01-22T20:15:00,975.7367485720255,975.7367485720255,0
2026-01-22T20:30:00,975.7367485720255,975.7367485720255,0
2026-01-22T20:45:00,975.7367485720255,975.7367485720255,0
2026-01-22T21:00:00,975.7367485720255,975.7367485720255,0
2026-01-22T21:15:00,975.7367485720255,975.7367485720255,0
2026-01-22T21:30:00,975.7367485720255,975.7367485720255,0
2026-01-22T21:45:00,975.7367485720255,975.7367485720255,0
2026-01-22T22:00:00,975.7367485720255,975.7367485720255,0
2026-01-22T22:15:00,975.7367485720255,975.7367485720255,0
2026-01-22T22:30:00,975.7367485720255,975.7367485720255,0
2026-01-22T22:45:00,975.7367485720255,975.7367485720255,0
2026-01-22T23:00:00,975.7367485720255,975.7367485720255,0
2026-01-22T23:15:00,975.7367485720255,975.7367485720255,0
2026-01-22T23:30:00,975.7367485720255,975.7367485720255,0
2026-01-22T23:45:00,975.7367485720255,975.7367485720255,0
2026-01-23T00:00:00,975.7367485720255,975.7367485720255,0
2026-01-23T00:15:00,975.7367485720255,975.7367485720255,0
2026-01-23T00:30:00,975.7367485720255,975.7367485720255,0
2026-01-23T00:45:00,975.7367485720255,975.7367485720255,0
2026-01-23T01:00:00,975.7367485720255,975.7367485720255,0
2026-01-23T01:15:00,975.7367485720255,975.7367485720255,0
2026-01-23T01:30:00,975.7367485720255,975.7367485720255,0
2026-01-23T01:45:00,975.7367485720255,975.7367485720255,0
2026-01-23T02:00:00,975.7367485720255,975.7367485720255,0
2026-01-23T02:15:00,975.7367485720255,975.7367485720255,0
2026-01-23T02:30:00,975.7367485720255,975.7367485720255,0
2026-01-23T02:45:00,975.7367485720255,975.7367485720255,0
2026-01-23T03:00:00,975.7367485720255,975.7367485720255,0
2026-01-23T03:15:00,975.7367485720255,975.7367485720255,0
2026-01-23T03:30:00,975.7367485720255,975.7367485720255,0
2026-01-23T03:45:00,975.7367485720255,975.7367485720255,0
2026-01-23T04:00:00,975.7367485720255,975.7367485720255,0
2026-01-23T04:15:00,975.7367485720255,975.7367485720255,0
2026-01-23T04:30:00,975.7367485720255,975.7367485720255,0
2026-01-23T04:45:00,975.7367485720255,975.7367485720255,0
2026-01-23T05:00:00,975.7367485720255,975.7367485720255,0
2026-01-23T05:15:00,975.7367485720255,975.7367485720255,0
2026-01-23T05:30:00,975.7367485720255,975.7367485720255,0
2026-01-23T05:45:00,975.7367485720255,975.7367485720255,0
2026-01-23T06:00:00,975.7367485720255,975.7367485720255,0
2026-01-23T06:15:00,975.7367485720255,975.7367485720255,0
2026-01-23T06:30:00,975.7367485720255,975.7367485720255,0
2026-01-23T06:45:00,975.7367485720255,975.7367485720255,0
2026-01-23T07:00:00,974.8458212785712,858.4609972876566,1
2026-01-23T07:15:00,973.9784398688852,858.4609972876566,1
2026-01-23T07:30:00,973.7966724411201,858.4609972876566,1
2026-01-23T07:45:00,973.7807279299126,858.4609972876566,1
2026-01-23T08:00:00,974.0788902894922,858.4609972876566,1
2026-01-23T08:15:00,975.56970208739,858.4609972876566,1
2026-01-23T08:30:00,976.1325433330136,858.4609972876566,1
2026-01-23T08:45:00,977.1051585166689,858.4609972876566,1
2026-01-23T09:00:00,977.047758276322,858.4609972876566,1
2026-01-23T09:15:00,976.8803409086436,858.4609972876566,1
2026-01-23T09:30:00,977.6935109802243,858.4609972876566,1
2026-01-23T09:45:00,978.1367683917917,858.4609972876566,1
2026-01-23T10:00:00,977.5037712968555,858.4609972876566,1
2026-01-23T10:15:00,977.2167700951211,858.4609972876566,1
2026-01-23T10:30:00,976.8388851795042,858.4609972876566,1
2026-01-23T10:45:00,976.5773951957018,858.4609972876566,1
2026-01-23T11:00:00,974.8935554916011,974.8935554916011,0
2026-01-23T11:15:00,974.8935554916011,974.8935554916011,0
2026-01-23T11:30:00,974.8935554916011,974.8935554916011,0
2026-01-23T11:45:00,974.8935554916011,974.8935554916011,0
2026-01-23T12:00:00,974.8935554916011,974.8935554916011,0
2026-01-23T12:15:00,974.8935554916011,974.8935554916011,0
2026-01-23T12:30:00,974.8935554916011,974.8935554916011,0
2026-01-23T12:45:00,974.8935554916011,974.8935554916011,0
2026-01-23T13:00:00,974.8935554916011,974.8935554916011,0
2026-01-23T13:15:00,974.8935554916011,974.8935554916011,0
2026-01-23T13:30:00,974.8935554916011,974.8935554916011,0
2026-01-23T13:45:00,974.8935554916011,974.8935554916011,0
2026-01-23T14:00:00,974.8935554916011,974.8935554916011,0
2026-01-23T14:15:00,974.8935554916011,974.8935554916011,0
2026-01-23T14:30:00,974.8935554916011,974.8935554916011,0
2026-01-23T14:45:00,974.8935554916011,974.8935554916011,0
2026-01-23T15:00:00,974.8935554916011,974.8935554916011,0
2026-01-23T15:15:00,974.8935554916011,974.8935554916011,0
2026-01-23T15:30:00,974.8935554916011,974.8935554916011,0
2026-01-23T15:45:00,974.8935554916011,974.8935554916011,0
2026-01-23T16:00:00,974.8935554916011,974.8935554916011,0
2026-01-23T16:15:00,974.8935554916011,974.8935554916011,0
2026-01-23T16:30:00,974.8935554916011,974.8935554916011,0
2026-01-23T16:45:00,974.8935554916011,974.8935554916011,0
2026-01-23T17:00:00,974.8935554916011,974.8935554916011,0
2026-01-23T17:15:00,974.8935554916011,974.8935554916011,0
2026-01-23T17:30:00,974.8935554916011,974.8935554916011,0
2026-01-23T17:45:00,974.8935554916011,974.8935554916011,0
2026-01-23T18:00:00,974.8935554916011,974.8935554916011,0
2026-01-23T18:15:00,974.8935554916011,974.8935554916011,0
2026-01-23T18:30:00,974.8935554916011,974.8935554916011,0
2026-01-23T18:45:00,974.8935554916011,974.8935554916011,0
2026-01-23T19:00:00,974.8935554916011,974.8935554916011,0
2026-01-23T19:15:00,974.8935554916011,974.8935554916011,0
2026-01-23T19:30:00,974.8935554916011,974.8935554916011,0
2026-01-23T19:45:00,974.8935554916011,974.8935554916011,0
2026-01-23T20:00:00,974.8935554916011,974.8935554916011,0
2026-01-23T20:15:00,974.8935554916011,974.8935554916011,0
2026-01-23T20:30:00,974.8935554916011,974.8935554916011,0
2026-01-23T20:45:00,974.8935554916011,974.8935554916011,0
2026-01-23T21:00:00,974.8935554916011,974.8935554916011,0
2026-01-23T21:15:00,974.8935554916011,974.8935554916011,0
2026-01-23T21:30:00,974.8935554916011,974.8935554916011,0
2026-01-23T21:45:00,974.8935554916011,974.8935554916011,0
2026-01-23T22:00:00,974.8935554916011,974.8935554916011,0
2026-01-23T22:15:00,974.8935554916011,974.8935554916011,0
2026-01-23T22:30:00,974.8935554916011,974.8935554916011,0
2026-01-23T22:45:00,974.8935554916011,974.8935554916011,0
2026-01-23T23:00:00,974.8935554916011,974.8935554916011,0
2026-01-23T23:15:00,974.8935554916011,974.8935554916011,0
2026-01-23T23:30:00,974.8935554916011,974.8935554916011,0
2026-01-23T23:45:00,974.8935554916011,974.8935554916011,0
2026-01-24T00:00:00,974.8935554916011,974.8935554916011,0
2026-01-24T00:15:00,974.8935554916011,974.8935554916011,0
2026-01-24T00:30:00,974.8935554916011,974.8935554916011,0
2026-01-24T00:45:00,974.8935554916011,974.8935554916011,0
2026-01-24T01:00:00,974.8935554916011,974.8935554916011,0
2026-01-24T01:15:00,974.8935554916011,974.8935554916011,0
2026-01-24T01:30:00,974.8935554916011,974.8935554916011,0
2026-01-24T01:45:00,974.8935554916011,974.8935554916011,0
2026-01-24T02:00:00,974.8935554916011,974.8935554916011,0
2026-01-24T02:15:00,974.8935554916011,974.8935554916011,0
2026-01-24T02:30:00,974.8935554916011,974.8935554916011,0
2026-01-24T02:45:00,974.8935554916011,974.8935554916011,0
2026-01-24T03:00:00,974.8935554916011,974.8935554916011,0
2026-01-24T03:15:00,974.8935554916011,974.8935554916011,0
2026-01-24T03:30:00,974.8935554916011,974.8935554916011,0
2026-01-24T03:45:00,974.8935554916011,974.8935554916011,0
2026-01-24T04:00:00,974.8935554916011,974.8935554916011,0
2026-01-24T04:15:00,974.8935554916011,974.8935554916011,0
2026-01-24T04:30:00,974.8935554916011,974.8935554916011,0
2026-01-24T04:45:00,974.8935554916011,974.8935554916011,0
2026-01-24T05:00:00,974.8935554916011,974.8935554916011,0
2026-01-24T05:15:00,974.8935554916011,974.8935554916011,0
2026-01-24T05:30:00,974.8935554916011,974.8935554916011,0
2026-01-24T05:45:00,974.8935554916011,974.8935554916011,0
2026-01-24T06:00:00,974.8935554916011,974.8935554916011,0
2026-01-24T06:15:00,974.8935554916011,974.8935554916011,0
2026-01-24T06:30:00,974.8935554916011,974.8935554916011,0
2026-01-24T06:45:00,974.8935554916011,974.8935554916011,0
2026-01-24T07:00:00,974.8935554916011,974.8935554916011,0
2026-01-24T07:15:00,974.8935554916011,974.8935554916011,0
2026-01-24T07:30:00,974.8935554916011,974.8935554916011,0
2026-01-24T07:45:00,974.8935554916011,974.8935554916011,0
2026-01-24T08:00:00,974.8935554916011,974.8935554916011,0
2026-01-24T08:15:00,974.8935554916011,974.8935554916011,0
2026-01-24T08:30:00,974.8935554916011,974.8935554916011,0
2026-01-24T08:45:00,974.8935554916011,974.8935554916011,0
2026-01-24T09:00:00,974.8935554916011,974.8935554916011,0
2026-01-24T09:15:00,974.8935554916011,974.8935554916011,0
2026-01-24T09:30:00,974.8935554916011,974.8935554916011,0
2026-01-24T09:45:00,974.8935554916011,974.8935554916011,0
2026-01-24T10:00:00,974.8935554916011,974.8935554916011,0
2026-01-24T10:15:00,974.8935554916011,974.8935554916011,0
2026-01-24T10:30:00,974.8935554916011,974.8935554916011,0
2026-01-24T10:45:00,974.8935554916011,974.8935554916011,0
2026-01-24T11:00:00,974.8935554916011,974.8935554916011,0
2026-01-24T11:15:00,974.8935554916011,974.8935554916011,0
2026-01-24T11:30:00,974.8935554916011,974.8935554916011,0
2026-01-24T11:45:00,974.8935554916011,974.8935554916011,0
2026-01-24T12:00:00,974.8935554916011,974.8935554916011,0
2026-01-24T12:15:00,974.8935554916011,974.8935554916011,0
2026-01-24T12:30:00,974.8935554916011,974.8935554916011,0
2026-01-24T12:45:00,974.8935554916011,974.8935554916011,0
2026-01-24T13:00:00,974.8935554916011,974.8935554916011,0
2026-01-24T13:15:00,974.8935554916011,974.8935554916011,0
2026-01-24T13:30:00,974.8935554916011,974.8935554916011,0
2026-01-24T13:45:00,974.8935554916011,974.8935554916011,0
2026-01-24T14:00:00,974.8935554916011,974.8935554916011,0
2026-01-24T14:15:00,974.8935554916011,974.8935554916011,0
2026-01-24T14:30:00,974.8935554916011,974.8935554916011,0
2026-01-24T14:45:00,974.8935554916011,974.8935554916011,0
2026-01-24T15:00:00,974.8935554916011,974.8935554916011,0
2026-01-24T15:15:00,974.8935554916011,974.8935554916011,0
2026-01-24T15:30:00,974.8935554916011,974.8935554916011,0
2026-01-24T15:45:00,974.8935554916011,974.8935554916011,0
2026-01-24T16:00:00,974.8935554916011,974.8935554916011,0
2026-01-24T16:15:00,974.8935554916011,974.8935554916011,0
2026-01-24T16:30:00,974.8935554916011,974.8935554916011,0
2026-01-24T16:45:00,974.8935554916011,974.8935554916011,0
2026-01-24T17:00:00,974.8935554916011,974.8935554916011,0
2026-01-24T17:15:00,974.8935554916011,974.8935554916011,0
2026-01-24T17:30:00,974.8935554916011,974.8935554916011,0
2026-01-24T17:45:00,974.8935554916011,974.8935554916011,0
2026-01-24T18:00:00,974.8935554916011,974.8935554916011,0
2026-01-24T18:15:00,974.8935554916011,974.8935554916011,0
2026-01-24T18:30:00,974.8935554916011,974.8935554916011,0
2026-01-24T18:45:00,974.8935554916011,974.8935554916011,0
2026-01-24T19:00:00,974.8935554916011,974.8935554916011,0
2026-01-24T19:15:00,974.8935554916011,974.8935554916011,0
2026-01-24T19:30:00,974.8935554916011,974.8935554916011,0
2026-01-24T19:45:00,974.8935554916011,974.8935554916011,0
2026-01-24T20:00:00,974.8935554916011,974.8935554916011,0
2026-01-24T20:15:00,974.8935554916011,974.8935554916011,0
2026-01-24T20:30:00,974.8935554916011,974.8935554916011,0
2026-01-24T20:45:00,974.8935554916011,974.8935554916011,0
2026-01-24T21:00:00,974.8935554916011,974.8935554916011,0
2026-01-24T21:15:00,974.8935554916011,974.8935554916011,0
2026-01-24T21:30:00,974.8935554916011,974.8935554916011,0
2026-01-24T21:45:00,974.8935554916011,974.8935554916011,0
2026-01-24T22:00:00,974.8935554916011,974.8935554916011,0
2026-01-24T22:15:00,974.8935554916011,974.8935554916011,0
2026-01-24T22:30:00,974.8935554916011,974.8935554916011,0
2026-01-24T22:45:00,974.8935554916011,974.8935554916011,0
2026-01-24T23:00:00,974.8935554916011,974.8935554916011,0
2026-01-24T23:15:00,974.8935554916011,974.8935554916011,0
2026-01-24T23:30:00,974.8935554916011,974.8935554916011,0
2026-01-24T23:45:00,974.8935554916011,974.8935554916011,0
2026-01-25T00:00:00,974.8935554916011,974.8935554916011,0
2026-01-25T00:15:00,974.8935554916011,974.8935554916011,0
2026-01-25T00:30:00,974.8935554916011,974.8935554916011,0
2026-01-25T00:45:00,974.8935554916011,974.8935554916011,0
2026-01-25T01:00:00,974.8935554916011,974.8935554916011,0
2026-01-25T01:15:00,974.8935554916011,974.8935554916011,0
2026-01-25T01:30:00,974.8935554916011,974.8935554916011,0
2026-01-25T01:45:00,974.8935554916011,974.8935554916011,0
2026-01-25T02:00:00,974.8935554916011,974.8935554916011,0
2026-01-25T02:15:00,974.8935554916011,974.8935554916011,0
2026-01-25T02:30:00,974.8935554916011,974.8935554916011,0
2026-01-25T02:45:00,974.8935554916011,974.8935554916011,0
2026-01-25T03:00:00,974.8935554916011,974.8935554916011,0
2026-01-25T03:15:00,974.8935554916011,974.8935554916011,0
2026-01-25T03:30:00,974.8935554916011,974.8935554916011,0
2026-01-25T03:45:00,974.8935554916011,974.8935554916011,0
2026-01-25T04:00:00,974.8935554916011,974.8935554916011,0
2026-01-25T04:15:00,974.8935554916011,974.8935554916011,0
2026-01-25T04:30:00,974.8935554916011,974.8935554916011,0
2026-01-25T04:45:00,974.8935554916011,974.8935554916011,0
2026-01-25T05:00:00,974.8935554916011,974.8935554916011,0
2026-01-25T05:15:00,974.8935554916011,974.8935554916011,0
2026-01-25T05:30:00,974.8935554916011,974.8935554916011,0
2026-01-25T05:45:00,974.8935554916011,974.8935554916011,0
2026-01-25T06:00:00,974.8935554916011,974.8935554916011,0
2026-01-25T06:15:00,974.8935554916011,974.8935554916011,0
2026-01-25T06:30:00,974.8935554916011,974.8935554916011,0
2026-01-25T06:45:00,974.8935554916011,974.8935554916011,0
2026-01-25T07:00:00,974.8935554916011,974.8935554916011,0
2026-01-25T07:15:00,974.8935554916011,974.8935554916011,0
2026-01-25T07:30:00,974.8935554916011,974.8935554916011,0
2026-01-25T07:45:00,974.8935554916011,974.8935554916011,0
2026-01-25T08:00:00,974.8935554916011,974.8935554916011,0
2026-01-25T08:15:00,974.8935554916011,974.8935554916011,0
2026-01-25T08:30:00,974.0033981022527,857.7191492699545,1
2026-01-25T08:45:00,974.0936612084435,857.7191492699545,1
2026-01-25T09:00:00,973.7753258915485,857.7191492699545,1
2026-01-25T09:15:00,973.2210647838693,857.7191492699545,1
2026-01-25T09:30:00,973.0961504088117,857.7191492699545,1
2026-01-25T09:45:00,973.5716634567689,857.7191492699545,1
2026-01-25T10:00:00,973.1391859050614,857.7191492699545,1
2026-01-25T10:15:00,971.9901004909746,971.9901004909746,0
2026-01-25T10:30:00,971.9901004909746,971.9901004909746,0
2026-01-25T10:45:00,971.9901004909746,971.9901004909746,0
2026-01-25T11:00:00,971.9901004909746,971.9901004909746,0
2026-01-25T11:15:00,971.9901004909746,971.9901004909746,0
2026-01-25T11:30:00,971.9901004909746,971.9901004909746,0
2026-01-25T11:45:00,971.9901004909746,971.9901004909746,0
2026-01-25T12:00:00,971.9901004909746,971.9901004909746,0
2026-01-25T12:15:00,971.9901004909746,971.9901004909746,0
2026-01-25T12:30:00,971.9901004909746,971.9901004909746,0
2026-01-25T12:45:00,971.9901004909746,971.9901004909746,0
2026-01-25T13:00:00,971.9901004909746,971.9901004909746,0
2026-01-25T13:15:00,971.9901004909746,971.9901004909746,0
2026-01-25T13:30:00,971.9901004909746,971.9901004909746,0
2026-01-25T13:45:00,971.9901004909746,971.9901004909746,0
2026-01-25T14:00:00,971.9901004909746,971.9901004909746,0
2026-01-25T14:15:00,971.9901004909746,971.9901004909746,0
2026-01-25T14:30:00,971.9901004909746,971.9901004909746,0
2026-01-25T14:45:00,971.9901004909746,971.9901004909746,0
2026-01-25T15:00:00,971.9901004909746,971.9901004909746,0
2026-01-25T15:15:00,971.9901004909746,971.9901004909746,0
2026-01-25T15:30:00,971.9901004909746,971.9901004909746,0
2026-01-25T15:45:00,971.9901004909746,971.9901004909746,0
2026-01-25T16:00:00,971.9901004909746,971.9901004909746,0
2026-01-25T16:15:00,971.9901004909746,971.9901004909746,0
2026-01-25T16:30:00,971.9901004909746,971.9901004909746,0
2026-01-25T16:45:00,971.9901004909746,971.9901004909746,0
2026-01-25T17:00:00,971.1025941930288,855.1646663327633,1
2026-01-25T17:15:00,971.1674040149251,855.1646663327633,1
2026-01-25T17:30:00,969.7043222856172,855.1646663327633,1
2026-01-25T17:45:00,971.0134806879215,855.1646663327633,1
2026-01-25T18:00:00,973.1781287392563,855.1646663327633,1
2026-01-25T18:15:00,975.7300154764213,855.1646663327633,1
2026-01-25T18:30:00,978.5929893586882,855.1646663327633,1
2026-01-25T18:45:00,976.8820100606272,855.1646663327633,1
2026-01-25T19:00:00,976.6762388761066,855.1646663327633,1
2026-01-25T19:15:00,981.3085208961413,855.1646663327633,1
2026-01-25T19:30:00,980.6928275881269,855.1646663327633,1
2026-01-25T19:45:00,982.5901351241396,855.1646663327633,1
2026-01-25T20:00:00,983.959242611698,855.1646663327633,1
2026-01-25T20:15:00,983.8101800213367,855.1646663327633,1
2026-01-25T20:30:00,984.9459721500684,855.1646663327633,1
2026-01-25T20:45:00,983.1150946814993,855.1646663327633,1
2026-01-25T21:00:00,981.8464424178801,855.1646663327633,1
2026-01-25T21:15:00,981.1821417434435,855.1646663327633,1
2026-01-25T21:30:00,982.9343987923193,982.9343987923193,0
2026-01-25T21:45:00,982.9343987923193,982.9343987923193,0
2026-01-25T22:00:00,982.9343987923193,982.9343987923193,0
2026-01-25T22:15:00,982.9343987923193,982.9343987923193,0
2026-01-25T22:30:00,982.9343987923193,982.9343987923193,0
2026-01-25T22:45:00,982.9343987923193,982.9343987923193,0
2026-01-25T23:00:00,982.9343987923193,982.9343987923193,0
2026-01-25T23:15:00,982.9343987923193,982.9343987923193,0
2026-01-25T23:30:00,982.9343987923193,982.9343987923193,0
2026-01-25T23:45:00,982.9343987923193,982.9343987923193,0
2026-01-26T00:00:00,982.9343987923193,982.9343987923193,0
2026-01-26T00:15:00,982.9343987923193,982.9343987923193,0
2026-01-26T00:30:00,982.9343987923193,982.9343987923193,0
2026-01-26T00:45:00,982.9343987923193,982.9343987923193,0
2026-01-26T01:00:00,982.9343987923193,982.9343987923193,0
2026-01-26T01:15:00,982.9343987923193,982.9343987923193,0
2026-01-26T01:30:00,982.9343987923193,982.9343987923193,0
2026-01-26T01:45:00,982.9343987923193,982.9343987923193,0
2026-01-26T02:00:00,982.9343987923193,982.9343987923193,0
2026-01-26T02:15:00,982.9343987923193,982.9343987923193,0
2026-01-26T02:30:00,982.9343987923193,982.9343987923193,0
2026-01-26T02:45:00,982.9343987923193,982.9343987923193,0
2026-01-26T03:00:00,982.9343987923193,982.9343987923193,0
2026-01-26T03:15:00,982.9343987923193,982.9343987923193,0
2026-01-26T03:30:00,982.9343987923193,982.9343987923193,0
2026-01-26T03:45:00,982.9343987923193,982.9343987923193,0
2026-01-26T04:00:00,982.9343987923193,982.9343987923193,0
2026-01-26T04:15:00,982.9343987923193,982.9343987923193,0
2026-01-26T04:30:00,982.9343987923193,982.9343987923193,0
2026-01-26T04:45:00,982.9343987923193,982.9343987923193,0
2026-01-26T05:00:00,982.9343987923193,982.9343987923193,0
2026-01-26T05:15:00,982.9343987923193,982.9343987923193,0
2026-01-26T05:30:00,982.9343987923193,982.9343987923193,0
2026-01-26T05:45:00,982.9343987923193,982.9343987923193,0
2026-01-26T06:00:00,982.9343987923193,982.9343987923193,0
2026-01-26T06:15:00,982.9343987923193,982.9343987923193,0
2026-01-26T06:30:00,982.9343987923193,982.9343987923193,0
2026-01-26T06:45:00,982.9343987923193,982.9343987923193,0
2026-01-26T07:00:00,982.9343987923193,982.9343987923193,0
2026-01-26T07:15:00,982.9343987923193,982.9343987923193,0
2026-01-26T07:30:00,982.9343987923193,982.9343987923193,0
2026-01-26T07:45:00,982.9343987923193,982.9343987923193,0
2026-01-26T08:00:00,982.9343987923193,982.9343987923193,0
2026-01-26T08:15:00,982.9343987923193,982.9343987923193,0
2026-01-26T08:30:00,982.9343987923193,982.9343987923193,0
2026-01-26T08:45:00,982.9343987923193,982.9343987923193,0
2026-01-26T09:00:00,982.9343987923193,982.9343987923193,0
2026-01-26T09:15:00,982.9343987923193,982.9343987923193,0
2026-01-26T09:30:00,982.9343987923193,982.9343987923193,0
2026-01-26T09:45:00,982.9343987923193,982.9343987923193,0
2026-01-26T10:00:00,982.9343987923193,982.9343987923193,0
2026-01-26T10:15:00,982.9343987923193,982.9343987923193,0
2026-01-26T10:30:00,982.9343987923193,982.9343987923193,0
2026-01-26T10:45:00,982.9343987923193,982.9343987923193,0
2026-01-26T11:00:00,982.9343987923193,982.9343987923193,0
2026-01-26T11:15:00,982.9343987923193,982.9343987923193,0
2026-01-26T11:30:00,982.9343987923193,982.9343987923193,0
2026-01-26T11:45:00,982.9343987923193,982.9343987923193,0
2026-01-26T12:00:00,982.9343987923193,982.9343987923193,0
2026-01-26T12:15:00,982.9343987923193,982.9343987923193,0
2026-01-26T12:30:00,982.9343987923193,982.9343987923193,0
2026-01-26T12:45:00,982.9343987923193,982.9343987923193,0
2026-01-26T13:00:00,982.9343987923193,982.9343987923193,0
2026-01-26T13:15:00,982.9343987923193,982.9343987923193,0
2026-01-26T13:30:00,982.9343987923193,982.9343987923193,0
2026-01-26T13:45:00,982.9343987923193,982.9343987923193,0
2026-01-26T14:00:00,982.9343987923193,982.9343987923193,0
2026-01-26T14:15:00,982.9343987923193,982.9343987923193,0
2026-01-26T14:30:00,982.9343987923193,982.9343987923193,0
2026-01-26T14:45:00,982.9343987923193,982.9343987923193,0
2026-01-26T15:00:00,982.9343987923193,982.9343987923193,0
2026-01-26T15:15:00,982.9343987923193,982.9343987923193,0
2026-01-26T15:30:00,982.9343987923193,982.9343987923193,0
2026-01-26T15:45:00,982.9343987923193,982.9343987923193,0
2026-01-26T16:00:00,982.9343987923193,982.9343987923193,0
2026-01-26T16:15:00,982.9343987923193,982.9343987923193,0
2026-01-26T16:30:00,982.9343987923193,982.9343987923193,0
2026-01-26T16:45:00,982.9343987923193,982.9343987923193,0
2026-01-26T17:00:00,982.9343987923193,982.9343987923193,0
2026-01-26T17:15:00,982.9343987923193,982.9343987923193,0
2026-01-26T17:30:00,982.9343987923193,982.9343987923193,0
2026-01-26T17:45:00,982.9343987923193,982.9343987923193,0
2026-01-26T18:00:00,982.9343987923193,982.9343987923193,0
2026-01-26T18:15:00,982.9343987923193,982.9343987923193,0
2026-01-26T18:30:00,982.9343987923193,982.9343987923193,0
2026-01-26T18:45:00,982.9343987923193,982.9343987923193,0
2026-01-26T19:00:00,982.9343987923193,982.9343987923193,0
2026-01-26T19:15:00,982.9343987923193,982.9343987923193,0
2026-01-26T19:30:00,982.9343987923193,982.9343987923193,0
2026-01-26T19:45:00,982.9343987923193,982.9343987923193,0
2026-01-26T20:00:00,982.9343987923193,982.9343987923193,0
2026-01-26T20:15:00,982.9343987923193,982.9343987923193,0
2026-01-26T20:30:00,982.9343987923193,982.9343987923193,0
2026-01-26T20:45:00,982.9343987923193,982.9343987923193,0
2026-01-26T21:00:00,982.9343987923193,982.9343987923193,0
2026-01-26T21:15:00,982.9343987923193,982.9343987923193,0
2026-01-26T21:30:00,982.9343987923193,982.9343987923193,0
2026-01-26T21:45:00,982.9343987923193,982.9343987923193,0
2026-01-26T22:00:00,982.9343987923193,982.9343987923193,0
2026-01-26T22:15:00,982.9343987923193,982.9343987923193,0
2026-01-26T22:30:00,982.9343987923193,982.9343987923193,0
2026-01-26T22:45:00,982.9343987923193,982.9343987923193,0
2026-01-26T23:00:00,982.9343987923193,982.9343987923193,0
2026-01-26T23:15:00,982.9343987923193,982.9343987923193,0
2026-01-26T23:30:00,982.9343987923193,982.9343987923193,0
2026-01-26T23:45:00,982.9343987923193,982.9343987923193,0
2026-01-27T00:00:00,982.9343987923193,982.9343987923193,0
2026-01-27T00:15:00,982.9343987923193,982.9343987923193,0
2026-01-27T00:30:00,982.9343987923193,982.9343987923193,0
2026-01-27T00:45:00,982.9343987923193,982.9343987923193,0
2026-01-27T01:00:00,982.9343987923193,982.9343987923193,0
2026-01-27T01:15:00,982.9343987923193,982.9343987923193,0
2026-01-27T01:30:00,982.9343987923193,982.9343987923193,0
2026-01-27T01:45:00,982.9343987923193,982.9343987923193,0
2026-01-27T02:00:00,982.9343987923193,982.9343987923193,0
2026-01-27T02:15:00,982.9343987923193,982.9343987923193,0
2026-01-27T02:30:00,982.9343987923193,982.9343987923193,0
2026-01-27T02:45:00,982.9343987923193,982.9343987923193,0
2026-01-27T03:00:00,982.9343987923193,982.9343987923193,0
2026-01-27T03:15:00,982.9343987923193,982.9343987923193,0
2026-01-27T03:30:00,982.9343987923193,982.9343987923193,0
2026-01-27T03:45:00,982.9343987923193,982.9343987923193,0
2026-01-27T04:00:00,982.9343987923193,982.9343987923193,0
2026-01-27T04:15:00,982.9343987923193,982.9343987923193,0
2026-01-27T04:30:00,982.9343987923193,982.9343987923193,0
2026-01-27T04:45:00,982.9343987923193,982.9343987923193,0
2026-01-27T05:00:00,982.9343987923193,982.9343987923193,0
2026-01-27T05:15:00,982.9343987923193,982.9343987923193,0
2026-01-27T05:30:00,982.9343987923193,982.9343987923193,0
2026-01-27T05:45:00,982.9343987923193,982.9343987923193,0
2026-01-27T06:00:00,982.9343987923193,982.9343987923193,0
2026-01-27T06:15:00,982.9343987923193,982.9343987923193,0
2026-01-27T06:30:00,982.9343987923193,982.9343987923193,0
2026-01-27T06:45:00,982.9343987923193,982.9343987923193,0
2026-01-27T07:00:00,982.9343987923193,982.9343987923193,0
2026-01-27T07:15:00,982.0390225998026,864.7935475326728,1
2026-01-27T07:30:00,981.2742213642206,981.2742213642206,0
2026-01-27T07:45:00,981.2742213642206,981.2742213642206,0
2026-01-27T08:00:00,981.2742213642206,981.2742213642206,0
2026-01-27T08:15:00,981.2742213642206,981.2742213642206,0
2026-01-27T08:30:00,981.2742213642206,981.2742213642206,0
2026-01-27T08:45:00,981.2742213642206,981.2742213642206,0
2026-01-27T09:00:00,981.2742213642206,981.2742213642206,0
2026-01-27T09:15:00,981.2742213642206,981.2742213642206,0
2026-01-27T09:30:00,981.2742213642206,981.2742213642206,0
2026-01-27T09:45:00,981.2742213642206,981.2742213642206,0
2026-01-27T10:00:00,981.2742213642206,981.2742213642206,0
2026-01-27T10:15:00,981.2742213642206,981.2742213642206,0
2026-01-27T10:30:00,981.2742213642206,981.2742213642206,0
2026-01-27T10:45:00,981.2742213642206,981.2742213642206,0
2026-01-27T11:00:00,981.2742213642206,981.2742213642206,0
2026-01-27T11:15:00,981.2742213642206,981.2742213642206,0
2026-01-27T11:30:00,981.2742213642206,981.2742213642206,0
2026-01-27T11:45:00,981.2742213642206,981.2742213642206,0
2026-01-27T12:00:00,981.2742213642206,981.2742213642206,0
2026-01-27T12:15:00,981.2742213642206,981.2742213642206,0
2026-01-27T12:30:00,981.2742213642206,981.2742213642206,0
2026-01-27T12:45:00,981.2742213642206,981.2742213642206,0
2026-01-27T13:00:00,981.2742213642206,981.2742213642206,0
2026-01-27T13:15:00,981.2742213642206,981.2742213642206,0
2026-01-27T13:30:00,981.2742213642206,981.2742213642206,0
2026-01-27T13:45:00,981.2742213642206,981.2742213642206,0
2026-01-27T14:00:00,981.2742213642206,981.2742213642206,0
2026-01-27T14:15:00,981.2742213642206,981.2742213642206,0
2026-01-27T14:30:00,981.2742213642206,981.2742213642206,0
2026-01-27T14:45:00,981.2742213642206,981.2742213642206,0
2026-01-27T15:00:00,981.2742213642206,981.2742213642206,0
2026-01-27T15:15:00,981.2742213642206,981.2742213642206,0
2026-01-27T15:30:00,981.2742213642206,981.2742213642206,0
2026-01-27T15:45:00,981.2742213642206,981.2742213642206,0
2026-01-27T16:00:00,981.2742213642206,981.2742213642206,0
2026-01-27T16:15:00,981.2742213642206,981.2742213642206,0
2026-01-27T16:30:00,981.2742213642206,981.2742213642206,0
2026-01-27T16:45:00,981.2742213642206,981.2742213642206,0
2026-01-27T17:00:00,980.380357463212,863.3329101500121,1
2026-01-27T17:15:00,978.4879531505737,863.3329101500121,1
2026-01-27T17:30:00,973.9762890388421,973.9762890388421,0
2026-01-27T17:45:00,973.9762890388421,973.9762890388421,0
2026-01-27T18:00:00,973.9762890388421,973.9762890388421,0
2026-01-27T18:15:00,973.9762890388421,973.9762890388421,0
2026-01-27T18:30:00,973.9762890388421,973.9762890388421,0
2026-01-27T18:45:00,973.9762890388421,973.9762890388421,0
2026-01-27T19:00:00,973.9762890388421,973.9762890388421,0
2026-01-27T19:15:00,973.9762890388421,973.9762890388421,0
2026-01-27T19:30:00,973.9762890388421,973.9762890388421,0
2026-01-27T19:45:00,973.9762890388421,973.9762890388421,0
2026-01-27T20:00:00,973.9762890388421,973.9762890388421,0
2026-01-27T20:15:00,973.9762890388421,973.9762890388421,0
2026-01-27T20:30:00,973.9762890388421,973.9762890388421,0
2026-01-27T20:45:00,973.9762890388421,973.9762890388421,0
2026-01-27T21:00:00,973.9762890388421,973.9762890388421,0
2026-01-27T21:15:00,973.9762890388421,973.9762890388421,0
2026-01-27T21:30:00,973.9762890388421,973.9762890388421,0
2026-01-27T21:45:00,973.9762890388421,973.9762890388421,0
2026-01-27T22:00:00,973.9762890388421,973.9762890388421,0
2026-01-27T22:15:00,973.9762890388421,973.9762890388421,0
2026-01-27T22:30:00,973.9762890388421,973.9762890388421,0
2026-01-27T22:45:00,973.9762890388421,973.9762890388421,0
2026-01-27T23:00:00,973.9762890388421,973.9762890388421,0
2026-01-27T23:15:00,973.9762890388421,973.9762890388421,0
2026-01-27T23:30:00,973.9762890388421,973.9762890388421,0
2026-01-27T23:45:00,973.9762890388421,973.9762890388421,0
2026-01-28T00:00:00,973.9762890388421,973.9762890388421,0
2026-01-28T00:15:00,973.9762890388421,973.9762890388421,0
2026-01-28T00:30:00,973.9762890388421,973.9762890388421,0
2026-01-28T00:45:00,973.9762890388421,973.9762890388421,0
2026-01-28T01:00:00,973.9762890388421,973.9762890388421,0
2026-01-28T01:15:00,973.9762890388421,973.9762890388421,0
2026-01-28T01:30:00,973.9762890388421,973.9762890388421,0
2026-01-28T01:45:00,973.9762890388421,973.9762890388421,0
2026-01-28T02:00:00,973.9762890388421,973.9762890388421,0
2026-01-28T02:15:00,973.9762890388421,973.9762890388421,0
2026-01-28T02:30:00,973.9762890388421,973.9762890388421,0
2026-01-28T02:45:00,973.9762890388421,973.9762890388421,0
2026-01-28T03:00:00,973.9762890388421,973.9762890388421,0
2026-01-28T03:15:00,973.9762890388421,973.9762890388421,0
2026-01-28T03:30:00,973.9762890388421,973.9762890388421,0
2026-01-28T03:45:00,973.9762890388421,973.9762890388421,0
2026-01-28T04:00:00,973.9762890388421,973.9762890388421,0
2026-01-28T04:15:00,973.9762890388421,973.9762890388421,0
2026-01-28T04:30:00,973.9762890388421,973.9762890388421,0
2026-01-28T04:45:00,973.9762890388421,973.9762890388421,0
2026-01-28T05:00:00,973.9762890388421,973.9762890388421,0
2026-01-28T05:15:00,973.9762890388421,973.9762890388421,0
2026-01-28T05:30:00,973.9762890388421,973.9762890388421,0
2026-01-28T05:45:00,973.9762890388421,973.9762890388421,0
2026-01-28T06:00:00,973.9762890388421,973.9762890388421,0
2026-01-28T06:15:00,973.9762890388421,973.9762890388421,0
2026-01-28T06:30:00,973.9762890388421,973.9762890388421,0
2026-01-28T06:45:00,973.9762890388421,973.9762890388421,0
2026-01-28T07:00:00,973.9762890388421,973.9762890388421,0
2026-01-28T07:15:00,973.9762890388421,973.9762890388421,0
2026-01-28T07:30:00,973.9762890388421,973.9762890388421,0
2026-01-28T07:45:00,973.9762890388421,973.9762890388421,0
2026-01-28T08:00:00,973.9762890388421,973.9762890388421,0
2026-01-28T08:15:00,973.9762890388421,973.9762890388421,0
2026-01-28T08:30:00,973.9762890388421,973.9762890388421,0
2026-01-28T08:45:00,973.9762890388421,973.9762890388421,0
2026-01-28T09:00:00,973.9762890388421,973.9762890388421,0
2026-01-28T09:15:00,973.9762890388421,973.9762890388421,0
2026-01-28T09:30:00,973.9762890388421,973.9762890388421,0
2026-01-28T09:45:00,973.0890729821524,856.9121309066855,1
2026-01-28T10:00:00,973.0891251003547,856.9121309066855,1
2026-01-28T10:15:00,971.9102634809301,856.9121309066855,1
2026-01-28T10:30:00,972.7067859677627,856.9121309066855,1
2026-01-28T10:45:00,972.2370446097949,856.9121309066855,1
2026-01-28T11:00:00,971.8643473446414,856.9121309066855,1
2026-01-28T11:15:00,972.5138965007884,856.9121309066855,1
2026-01-28T11:30:00,973.6116621973242,856.9121309066855,1
2026-01-28T11:45:00,975.7614338087143,856.9121309066855,1
2026-01-28T12:00:00,974.9737192980823,856.9121309066855,1
2026-01-28T12:15:00,974.6549643723826,856.9121309066855,1
2026-01-28T12:30:00,974.8686490021028,856.9121309066855,1
2026-01-28T12:45:00,975.3376607052375,856.9121309066855,1
2026-01-28T13:00:00,976.2787590854466,856.9121309066855,1
2026-01-28T13:15:00,976.0779476517121,856.9121309066855,1
2026-01-28T13:30:00,977.510416443873,856.9121309066855,1
2026-01-28T13:45:00,976.688668747093,856.9121309066855,1
2026-01-28T14:00:00,976.1248540338457,856.9121309066855,1
2026-01-28T14:15:00,975.4010885575227,856.9121309066855,1
2026-01-28T14:30:00,973.462734828324,973.462734828324,0
2026-01-28T14:45:00,973.462734828324,973.462734828324,0
2026-01-28T15:00:00,973.462734828324,973.462734828324,0
2026-01-28T15:15:00,973.462734828324,973.462734828324,0
2026-01-28T15:30:00,973.462734828324,973.462734828324,0
2026-01-28T15:45:00,973.462734828324,973.462734828324,0
2026-01-28T16:00:00,973.462734828324,973.462734828324,0
2026-01-28T16:15:00,973.462734828324,973.462734828324,0
2026-01-28T16:30:00,973.462734828324,973.462734828324,0
2026-01-28T16:45:00,973.462734828324,973.462734828324,0
2026-01-28T17:00:00,973.462734828324,973.462734828324,0
2026-01-28T17:15:00,973.462734828324,973.462734828324,0
2026-01-28T17:30:00,973.462734828324,973.462734828324,0
2026-01-28T17:45:00,973.462734828324,973.462734828324,0
2026-01-28T18:00:00,973.462734828324,973.462734828324,0
2026-01-28T18:15:00,973.462734828324,973.462734828324,0
2026-01-28T18:30:00,973.462734828324,973.462734828324,0
2026-01-28T18:45:00,973.462734828324,973.462734828324,0
2026-01-28T19:00:00,973.462734828324,973.462734828324,0
2026-01-28T19:15:00,973.462734828324,973.462734828324,0
2026-01-28T19:30:00,973.462734828324,973.462734828324,0
2026-01-28T19:45:00,973.462734828324,973.462734828324,0
2026-01-28T20:00:00,973.462734828324,973.462734828324,0
2026-01-28T20:15:00,972.5759865792664,856.4603018038381,1
2026-01-28T20:30:00,969.4383596335113,969.4383596335113,0
2026-01-28T20:45:00,969.4383596335113,969.4383596335113,0
2026-01-28T21:00:00,969.4383596335113,969.4383596335113,0
2026-01-28T21:15:00,969.4383596335113,969.4383596335113,0
2026-01-28T21:30:00,969.4383596335113,969.4383596335113,0
2026-01-28T21:45:00,969.4383596335113,969.4383596335113,0
2026-01-28T22:00:00,969.4383596335113,969.4383596335113,0
2026-01-28T22:15:00,969.4383596335113,969.4383596335113,0
2026-01-28T22:30:00,969.4383596335113,969.4383596335113,0
2026-01-28T22:45:00,969.4383596335113,969.4383596335113,0
2026-01-28T23:00:00,969.4383596335113,969.4383596335113,0
2026-01-28T23:15:00,969.4383596335113,969.4383596335113,0
2026-01-28T23:30:00,969.4383596335113,969.4383596335113,0
2026-01-28T23:45:00,969.4383596335113,969.4383596335113,0
2026-01-29T00:00:00,969.4383596335113,969.4383596335113,0
2026-01-29T00:15:00,969.4383596335113,969.4383596335113,0
2026-01-29T00:30:00,969.4383596335113,969.4383596335113,0
2026-01-29T00:45:00,969.4383596335113,969.4383596335113,0
2026-01-29T01:00:00,969.4383596335113,969.4383596335113,0
2026-01-29T01:15:00,969.4383596335113,969.4383596335113,0
2026-01-29T01:30:00,969.4383596335113,969.4383596335113,0
2026-01-29T01:45:00,969.4383596335113,969.4383596335113,0
2026-01-29T02:00:00,969.4383596335113,969.4383596335113,0
2026-01-29T02:15:00,969.4383596335113,969.4383596335113,0
2026-01-29T02:30:00,969.4383596335113,969.4383596335113,0
2026-01-29T02:45:00,969.4383596335113,969.4383596335113,0
2026-01-29T03:00:00,969.4383596335113,969.4383596335113,0
2026-01-29T03:15:00,969.4383596335113,969.4383596335113,0
2026-01-29T03:30:00,969.4383596335113,969.4383596335113,0
2026-01-29T03:45:00,969.4383596335113,969.4383596335113,0
2026-01-29T04:00:00,969.4383596335113,969.4383596335113,0
2026-01-29T04:15:00,969.4383596335113,969.4383596335113,0
2026-01-29T04:30:00,969.4383596335113,969.4383596335113,0
2026-01-29T04:45:00,969.4383596335113,969.4383596335113,0
2026-01-29T05:00:00,969.4383596335113,969.4383596335113,0
2026-01-29T05:15:00,969.4383596335113,969.4383596335113,0
2026-01-29T05:30:00,969.4383596335113,969.4383596335113,0
2026-01-29T05:45:00,969.4383596335113,969.4383596335113,0
2026-01-29T06:00:00,969.4383596335113,969.4383596335113,0
2026-01-29T06:15:00,969.4383596335113,969.4383596335113,0
2026-01-29T06:30:00,969.4383596335113,969.4383596335113,0
2026-01-29T06:45:00,969.4383596335113,969.4383596335113,0
2026-01-29T07:00:00,969.4383596335113,969.4383596335113,0
2026-01-29T07:15:00,969.4383596335113,969.4383596335113,0
2026-01-29T07:30:00,969.4383596335113,969.4383596335113,0
2026-01-29T07:45:00,969.4383596335113,969.4383596335113,0
2026-01-29T08:00:00,969.4383596335113,969.4383596335113,0
2026-01-29T08:15:00,969.4383596335113,969.4383596335113,0
2026-01-29T08:30:00,969.4383596335113,969.4383596335113,0
2026-01-29T08:45:00,969.4383596335113,969.4383596335113,0
2026-01-29T09:00:00,969.4383596335113,969.4383596335113,0
2026-01-29T09:15:00,969.4383596335113,969.4383596335113,0
2026-01-29T09:30:00,969.4383596335113,969.4383596335113,0
2026-01-29T09:45:00,969.4383596335113,969.4383596335113,0
2026-01-29T10:00:00,969.4383596335113,969.4383596335113,0
2026-01-29T10:15:00,969.4383596335113,969.4383596335113,0
2026-01-29T10:30:00,969.4383596335113,969.4383596335113,0
2026-01-29T10:45:00,969.4383596335113,969.4383596335113,0
2026-01-29T11:00:00,969.4383596335113,969.4383596335113,0
2026-01-29T11:15:00,968.5531832832477,852.9196243124403,1
2026-01-29T11:30:00,968.0145774929499,852.9196243124403,1
2026-01-29T11:45:00,967.7978603702265,852.9196243124403,1
2026-01-29T12:00:00,967.2512870386522,852.9196243124403,1
2026-01-29T12:15:00,967.4807522274181,852.9196243124403,1
2026-01-29T12:30:00,967.3373364844394,852.9196243124403,1
2026-01-29T12:45:00,966.3011416039601,966.3011416039601,0
2026-01-29T13:00:00,966.3011416039601,966.3011416039601,0
2026-01-29T13:15:00,966.3011416039601,966.3011416039601,0
2026-01-29T13:30:00,966.3011416039601,966.3011416039601,0
2026-01-29T13:45:00,966.3011416039601,966.3011416039601,0
2026-01-29T14:00:00,966.3011416039601,966.3011416039601,0
2026-01-29T14:15:00,966.3011416039601,966.3011416039601,0
2026-01-29T14:30:00,966.3011416039601,966.3011416039601,0
2026-01-29T14:45:00,966.3011416039601,966.3011416039601,0
2026-01-29T15:00:00,966.3011416039601,966.3011416039601,0
2026-01-29T15:15:00,966.3011416039601,966.3011416039601,0
2026-01-29T15:30:00,966.3011416039601,966.3011416039601,0
2026-01-29T15:45:00,966.3011416039601,966.3011416039601,0
2026-01-29T16:00:00,966.3011416039601,966.3011416039601,0
2026-01-29T16:15:00,966.3011416039601,966.3011416039601,0
2026-01-29T16:30:00,966.3011416039601,966.3011416039601,0
2026-01-29T16:45:00,966.3011416039601,966.3011416039601,0
2026-01-29T17:00:00,966.3011416039601,966.3011416039601,0
2026-01-29T17:15:00,966.3011416039601,966.3011416039601,0
2026-01-29T17:30:00,966.3011416039601,966.3011416039601,0
2026-01-29T17:45:00,966.3011416039601,966.3011416039601,0
2026-01-29T18:00:00,966.3011416039601,966.3011416039601,0
2026-01-29T18:15:00,966.3011416039601,966.3011416039601,0
2026-01-29T18:30:00,966.3011416039601,966.3011416039601,0
2026-01-29T18:45:00,966.3011416039601,966.3011416039601,0
2026-01-29T19:00:00,966.3011416039601,966.3011416039601,0
2026-01-29T19:15:00,966.3011416039601,966.3011416039601,0
2026-01-29T19:30:00,966.3011416039601,966.3011416039601,0
2026-01-29T19:45:00,966.3011416039601,966.3011416039601,0
2026-01-29T20:00:00,966.3011416039601,966.3011416039601,0
2026-01-29T20:15:00,966.3011416039601,966.3011416039601,0
2026-01-29T20:30:00,966.3011416039601,966.3011416039601,0
2026-01-29T20:45:00,966.3011416039601,966.3011416039601,0
2026-01-29T21:00:00,966.3011416039601,966.3011416039601,0
2026-01-29T21:15:00,966.3011416039601,966.3011416039601,0
2026-01-29T21:30:00,966.3011416039601,966.3011416039601,0
2026-01-29T21:45:00,966.3011416039601,966.3011416039601,0
2026-01-29T22:00:00,966.3011416039601,966.3011416039601,0
2026-01-29T22:15:00,966.3011416039601,966.3011416039601,0
2026-01-29T22:30:00,966.3011416039601,966.3011416039601,0
2026-01-29T22:45:00,966.3011416039601,966.3011416039601,0
2026-01-29T23:00:00,966.3011416039601,966.3011416039601,0
2026-01-29T23:15:00,966.3011416039601,966.3011416039601,0
2026-01-29T23:30:00,966.3011416039601,966.3011416039601,0
2026-01-29T23:45:00,966.3011416039601,966.3011416039601,0
2026-01-30T00:00:00,966.3011416039601,966.3011416039601,0
2026-01-30T00:15:00,966.3011416039601,966.3011416039601,0
2026-01-30T00:30:00,966.3011416039601,966.3011416039601,0
2026-01-30T00:45:00,966.3011416039601,966.3011416039601,0
2026-01-30T01:00:00,966.3011416039601,966.3011416039601,0
2026-01-30T01:15:00,966.3011416039601,966.3011416039601,0
2026-01-30T01:30:00,966.3011416039601,966.3011416039601,0
2026-01-30T01:45:00,966.3011416039601,966.3011416039601,0
2026-01-30T02:00:00,966.3011416039601,966.3011416039601,0
2026-01-30T02:15:00,966.3011416039601,966.3011416039601,0
2026-01-30T02:30:00,966.3011416039601,966.3011416039601,0
2026-01-30T02:45:00,966.3011416039601,966.3011416039601,0
2026-01-30T03:00:00,966.3011416039601,966.3011416039601,0
2026-01-30T03:15:00,966.3011416039601,966.3011416039601,0
2026-01-30T03:30:00,966.3011416039601,966.3011416039601,0
2026-01-30T03:45:00,966.3011416039601,966.3011416039601,0
2026-01-30T04:00:00,966.3011416039601,966.3011416039601,0
2026-01-30T04:15:00,966.3011416039601,966.3011416039601,0
2026-01-30T04:30:00,966.3011416039601,966.3011416039601,0
2026-01-30T04:45:00,966.3011416039601,966.3011416039601,0
2026-01-30T05:00:00,966.3011416039601,966.3011416039601,0
2026-01-30T05:15:00,966.3011416039601,966.3011416039601,0
2026-01-30T05:30:00,966.3011416039601,966.3011416039601,0
2026-01-30T05:45:00,966.3011416039601,966.3011416039601,0
2026-01-30T06:00:00,966.3011416039601,966.3011416039601,0
2026-01-30T06:15:00,966.3011416039601,966.3011416039601,0
2026-01-30T06:30:00,965.4188297898249,850.1594747922969,1
2026-01-30T06:45:00,963.4609817300945,850.1594747922969,1
2026-01-30T07:00:00,958.4111476918,958.4111476918,0
2026-01-30T07:15:00,958.4111476918,958.4111476918,0
2026-01-30T07:30:00,958.4111476918,958.4111476918,0
2026-01-30T07:45:00,958.4111476918,958.4111476918,0
2026-01-30T08:00:00,958.4111476918,958.4111476918,0
2026-01-30T08:15:00,958.4111476918,958.4111476918,0
2026-01-30T08:30:00,958.4111476918,958.4111476918,0
2026-01-30T08:45:00,958.4111476918,958.4111476918,0
2026-01-30T09:00:00,958.4111476918,958.4111476918,0
2026-01-30T09:15:00,958.4111476918,958.4111476918,0
2026-01-30T09:30:00,958.4111476918,958.4111476918,0
2026-01-30T09:45:00,958.4111476918,958.4111476918,0
2026-01-30T10:00:00,958.4111476918,958.4111476918,0
2026-01-30T10:15:00,958.4111476918,958.4111476918,0
2026-01-30T10:30:00,958.4111476918,958.4111476918,0
2026-01-30T10:45:00,958.4111476918,958.4111476918,0
2026-01-30T11:00:00,958.4111476918,958.4111476918,0
2026-01-30T11:15:00,958.4111476918,958.4111476918,0
2026-01-30T11:30:00,958.4111476918,958.4111476918,0
2026-01-30T11:45:00,958.4111476918,958.4111476918,0
2026-01-30T12:00:00,958.4111476918,958.4111476918,0
2026-01-30T12:15:00,958.4111476918,958.4111476918,0
2026-01-30T12:30:00,958.4111476918,958.4111476918,0
2026-01-30T12:45:00,958.4111476918,958.4111476918,0
2026-01-30T13:00:00,958.4111476918,958.4111476918,0
2026-01-30T13:15:00,958.4111476918,958.4111476918,0
2026-01-30T13:30:00,958.4111476918,958.4111476918,0
2026-01-30T13:45:00,958.4111476918,958.4111476918,0
2026-01-30T14:00:00,958.4111476918,958.4111476918,0
2026-01-30T14:15:00,958.4111476918,958.4111476918,0
2026-01-30T14:30:00,958.4111476918,958.4111476918,0
2026-01-30T14:45:00,958.4111476918,958.4111476918,0
2026-01-30T15:00:00,958.4111476918,958.4111476918,0
2026-01-30T15:15:00,958.4111476918,958.4111476918,0
2026-01-30T15:30:00,958.4111476918,958.4111476918,0
2026-01-30T15:45:00,958.4111476918,958.4111476918,0
2026-01-30T16:00:00,958.4111476918,958.4111476918,0
2026-01-30T16:15:00,958.4111476918,958.4111476918,0
2026-01-30T16:30:00,958.4111476918,958.4111476918,0
2026-01-30T16:45:00,958.4111476918,958.4111476918,0
2026-01-30T17:00:00,957.5360400861072,843.2177950284272,1
2026-01-30T17:15:00,953.9693074391732,843.2177950284272,1
2026-01-30T17:30:00,956.0532983714531,843.2177950284272,1
2026-01-30T17:45:00,957.5564214155181,843.2177950284272,1
2026-01-30T18:00:00,959.3771535095722,843.2177950284272,1
2026-01-30T18:15:00,963.7863144388295,843.2177950284272,1
2026-01-30T18:30:00,957.2150341478831,843.2177950284272,1
2026-01-30T18:45:00,952.4747546744893,952.4747546744893,0
2026-01-30T19:00:00,952.4747546744893,952.4747546744893,0
2026-01-30T19:15:00,952.4747546744893,952.4747546744893,0
2026-01-30T19:30:00,952.4747546744893,952.4747546744893,0
2026-01-30T19:45:00,952.4747546744893,952.4747546744893,0
2026-01-30T20:00:00,952.4747546744893,952.4747546744893,0
2026-01-30T20:15:00,952.4747546744893,952.4747546744893,0
2026-01-30T20:30:00,952.4747546744893,952.4747546744893,0
2026-01-30T20:45:00,952.4747546744893,952.4747546744893,0
2026-01-30T21:00:00,952.4747546744893,952.4747546744893,0
2026-01-30T21:15:00,952.4747546744893,952.4747546744893,0
2026-01-30T21:30:00,952.4747546744893,952.4747546744893,0
2026-01-30T21:45:00,952.4747546744893,952.4747546744893,0
2026-01-30T22:00:00,952.4747546744893,952.4747546744893,0
2026-01-30T22:15:00,952.4747546744893,952.4747546744893,0
2026-01-30T22:30:00,952.4747546744893,952.4747546744893,0
2026-01-30T22:45:00,952.4747546744893,952.4747546744893,0
2026-01-30T23:00:00,952.4747546744893,952.4747546744893,0
2026-01-30T23:15:00,952.4747546744893,952.4747546744893,0
2026-01-30T23:30:00,952.4747546744893,952.4747546744893,0
2026-01-30T23:45:00,952.4747546744893,952.4747546744893,0
2026-01-31T00:00:00,952.4747546744893,952.4747546744893,0
2026-01-31T00:15:00,952.4747546744893,952.4747546744893,0
2026-01-31T00:30:00,952.4747546744893,952.4747546744893,0
2026-01-31T00:45:00,952.4747546744893,952.4747546744893,0
2026-01-31T01:00:00,952.4747546744893,952.4747546744893,0
2026-01-31T01:15:00,952.4747546744893,952.4747546744893,0
2026-01-31T01:30:00,952.4747546744893,952.4747546744893,0
2026-01-31T01:45:00,952.4747546744893,952.4747546744893,0
2026-01-31T02:00:00,952.4747546744893,952.4747546744893,0
2026-01-31T02:15:00,952.4747546744893,952.4747546744893,0
2026-01-31T02:30:00,952.4747546744893,952.4747546744893,0
2026-01-31T02:45:00,952.4747546744893,952.4747546744893,0
2026-01-31T03:00:00,952.4747546744893,952.4747546744893,0
2026-01-31T03:15:00,952.4747546744893,952.4747546744893,0
2026-01-31T03:30:00,952.4747546744893,952.4747546744893,0
2026-01-31T03:45:00,952.4747546744893,952.4747546744893,0
2026-01-31T04:00:00,952.4747546744893,952.4747546744893,0
2026-01-31T04:15:00,952.4747546744893,952.4747546744893,0
2026-01-31T04:30:00,952.4747546744893,952.4747546744893,0
2026-01-31T04:45:00,952.4747546744893,952.4747546744893,0
2026-01-31T05:00:00,952.4747546744893,952.4747546744893,0
2026-01-31T05:15:00,952.4747546744893,952.4747546744893,0
2026-01-31T05:30:00,952.4747546744893,952.4747546744893,0
2026-01-31T05:45:00,952.4747546744893,952.4747546744893,0
2026-01-31T06:00:00,952.4747546744893,952.4747546744893,0
2026-01-31T06:15:00,952.4747546744893,952.4747546744893,0
2026-01-31T06:30:00,952.4747546744893,952.4747546744893,0
2026-01-31T06:45:00,952.4747546744893,952.4747546744893,0
2026-01-31T07:00:00,952.4747546744893,952.4747546744893,0
2026-01-31T07:15:00,952.4747546744893,952.4747546744893,0
2026-01-31T07:30:00,951.605067480164,837.9949089606531,1
2026-01-31T07:45:00,950.7458164165121,837.9949089606531,1
2026-01-31T08:00:00,952.0124414904215,837.9949089606531,1
2026-01-31T08:15:00,953.5495081341654,837.9949089606531,1
2026-01-31T08:30:00,958.9925726409649,837.9949089606531,1
2026-01-31T08:45:00,956.9129112020462,837.9949089606531,1
2026-01-31T09:00:00,956.6407579767063,837.9949089606531,1
2026-01-31T09:15:00,957.6745979018971,837.9949089606531,1
2026-01-31T09:30:00,955.7746602910331,837.9949089606531,1
2026-01-31T09:45:00,956.173476023764,837.9949089606531,1
2026-01-31T10:00:00,956.9813774222575,837.9949089606531,1
2026-01-31T10:15:00,956.4387826270828,837.9949089606531,1
2026-01-31T10:30:00,955.0266668352244,837.9949089606531,1
2026-01-31T10:45:00,955.2407814209648,955.2407814209648,0
2026-01-31T11:00:00,955.2407814209648,955.2407814209648,0
2026-01-31T11:15:00,955.2407814209648,955.2407814209648,0
2026-01-31T11:30:00,955.2407814209648,955.2407814209648,0
2026-01-31T11:45:00,955.2407814209648,955.2407814209648,0
2026-01-31T12:00:00,955.2407814209648,955.2407814209648,0
2026-01-31T12:15:00,955.2407814209648,955.2407814209648,0
2026-01-31T12:30:00,955.2407814209648,955.2407814209648,0
2026-01-31T12:45:00,955.2407814209648,955.2407814209648,0
2026-01-31T13:00:00,955.2407814209648,955.2407814209648,0
2026-01-31T13:15:00,955.2407814209648,955.2407814209648,0
2026-01-31T13:30:00,955.2407814209648,955.2407814209648,0
2026-01-31T13:45:00,955.2407814209648,955.2407814209648,0
2026-01-31T14:00:00,955.2407814209648,955.2407814209648,0
2026-01-31T14:15:00,955.2407814209648,955.2407814209648,0
2026-01-31T14:30:00,955.2407814209648,955.2407814209648,0
2026-01-31T14:45:00,955.2407814209648,955.2407814209648,0
2026-01-31T15:00:00,955.2407814209648,955.2407814209648,0
2026-01-31T15:15:00,955.2407814209648,955.2407814209648,0
2026-01-31T15:30:00,955.2407814209648,955.2407814209648,0
2026-01-31T15:45:00,955.2407814209648,955.2407814209648,0
2026-01-31T16:00:00,955.2407814209648,955.2407814209648,0
2026-01-31T16:15:00,955.2407814209648,955.2407814209648,0
2026-01-31T16:30:00,955.2407814209648,955.2407814209648,0
2026-01-31T16:45:00,955.2407814209648,955.2407814209648,0
2026-01-31T17:00:00,954.3685686184502,840.4284814204162,1
2026-01-31T17:15:00,952.7766919488336,840.4284814204162,1
2026-01-31T17:30:00,954.016157769738,840.4284814204162,1
2026-01-31T17:45:00,954.0939665441356,840.4284814204162,1
2026-01-31T18:00:00,955.6720403099108,840.4284814204162,1
2026-01-31T18:15:00,956.7554226612156,840.4284814204162,1
2026-01-31T18:30:00,961.9775795213426,840.4284814204162,1
2026-01-31T18:45:00,959.076640110608,840.4284814204162,1
2026-01-31T19:00:00,957.9825415807934,840.4284814204162,1
2026-01-31T19:15:00,959.4018528323414,840.4284814204162,1
2026-01-31T19:30:00,962.0956322052527,840.4284814204162,1
2026-01-31T19:45:00,960.7561098915226,840.4284814204162,1
2026-01-31T20:00:00,962.0248704830274,840.4284814204162,1
2026-01-31T20:15:00,962.893812783934,840.4284814204162,1
2026-01-31T20:30:00,962.11292951513,840.4284814204162,1
2026-01-31T20:45:00,958.9407018222776,958.9407018222776,0
2026-01-31T21:00:00,958.9407018222776,958.9407018222776,0
2026-01-31T21:15:00,958.9407018222776,958.9407018222776,0
2026-01-31T21:30:00,958.9407018222776,958.9407018222776,0
2026-01-31T21:45:00,958.9407018222776,958.9407018222776,0
2026-01-31T22:00:00,958.9407018222776,958.9407018222776,0
2026-01-31T22:15:00,958.9407018222776,958.9407018222776,0
2026-01-31T22:30:00,958.9407018222776,958.9407018222776,0
2026-01-31T22:45:00,958.9407018222776,958.9407018222776,0
2026-01-31T23:00:00,958.9407018222776,958.9407018222776,0
2026-01-31T23:15:00,958.9407018222776,958.9407018222776,0
2026-01-31T23:30:00,958.9407018222776,958.9407018222776,0
2026-01-31T23:45:00,958.9407018222776,958.9407018222776,0
2026-02-01T00:00:00,958.9407018222776,958.9407018222776,0
2026-02-01T00:15:00,958.9407018222776,958.9407018222776,0
2026-02-01T00:30:00,958.9407018222776,958.9407018222776,0
2026-02-01T00:45:00,958.9407018222776,958.9407018222776,0
2026-02-01T01:00:00,958.9407018222776,958.9407018222776,0
2026-02-01T01:15:00,958.9407018222776,958.9407018222776,0
2026-02-01T01:30:00,958.9407018222776,958.9407018222776,0
2026-02-01T01:45:00,958.9407018222776,958.9407018222776,0
2026-02-01T02:00:00,958.9407018222776,958.9407018222776,0
2026-02-01T02:15:00,958.9407018222776,958.9407018222776,0
2026-02-01T02:30:00,958.9407018222776,958.9407018222776,0
2026-02-01T02:45:00,958.9407018222776,958.9407018222776,0
2026-02-01T03:00:00,958.9407018222776,958.9407018222776,0
2026-02-01T03:15:00,958.9407018222776,958.9407018222776,0
2026-02-01T03:30:00,958.9407018222776,958.9407018222776,0
2026-02-01T03:45:00,958.9407018222776,958.9407018222776,0
2026-02-01T04:00:00,958.9407018222776,958.9407018222776,0
2026-02-01T04:15:00,958.9407018222776,958.9407018222776,0
2026-02-01T04:30:00,958.9407018222776,958.9407018222776,0
2026-02-01T04:45:00,958.9407018222776,958.9407018222776,0
2026-02-01T05:00:00,958.9407018222776,958.9407018222776,0
2026-02-01T05:15:00,958.9407018222776,958.9407018222776,0
2026-02-01T05:30:00,958.9407018222776,958.9407018222776,0
2026-02-01T05:45:00,958.9407018222776,958.9407018222776,0
2026-02-01T06:00:00,958.0651106904401,843.6837009888544,1
2026-02-01T06:15:00,958.0696788652422,843.6837009888544,1
2026-02-01T06:30:00,959.1499350732329,843.6837009888544,1
2026-02-01T06:45:00,960.4736515716339,843.6837009888544,1
2026-02-01T07:00:00,961.5108615170673,843.6837009888544,1
2026-02-01T07:15:00,960.9875712368613,843.6837009888544,1
2026-02-01T07:30:00,958.8331497206158,843.6837009888544,1
2026-02-01T07:45:00,960.2218162940867,843.6837009888544,1
2026-02-01T08:00:00,959.6182315567837,843.6837009888544,1
2026-02-01T08:15:00,959.2992206831092,843.6837009888544,1
2026-02-01T08:30:00,956.8075011090602,956.8075011090602,0
2026-02-01T08:45:00,956.8075011090602,956.8075011090602,0
2026-02-01T09:00:00,956.8075011090602,956.8075011090602,0
2026-02-01T09:15:00,956.8075011090602,956.8075011090602,0
2026-02-01T09:30:00,956.8075011090602,956.8075011090602,0
2026-02-01T09:45:00,956.8075011090602,956.8075011090602,0
2026-02-01T10:00:00,956.8075011090602,956.8075011090602,0
2026-02-01T10:15:00,956.8075011090602,956.8075011090602,0
2026-02-01T10:30:00,956.8075011090602,956.8075011090602,0
2026-02-01T10:45:00,956.8075011090602,956.8075011090602,0
2026-02-01T11:00:00,955.9338577635909,841.8068939357601,1
2026-02-01T11:15:00,957.1214400483381,841.8068939357601,1
2026-02-01T11:30:00,950.4582902118384,950.4582902118384,0
2026-02-01T11:45:00,950.4582902118384,950.4582902118384,0
2026-02-01T12:00:00,950.4582902118384,950.4582902118384,0
2026-02-01T12:15:00,950.4582902118384,950.4582902118384,0
2026-02-01T12:30:00,950.4582902118384,950.4582902118384,0
2026-02-01T12:45:00,950.4582902118384,950.4582902118384,0
2026-02-01T13:00:00,950.4582902118384,950.4582902118384,0
2026-02-01T13:15:00,950.4582902118384,950.4582902118384,0
2026-02-01T13:30:00,950.4582902118384,950.4582902118384,0
2026-02-01T13:45:00,950.4582902118384,950.4582902118384,0
2026-02-01T14:00:00,950.4582902118384,950.4582902118384,0
2026-02-01T14:15:00,950.4582902118384,950.4582902118384,0
2026-02-01T14:30:00,950.4582902118384,950.4582902118384,0
2026-02-01T14:45:00,950.4582902118384,950.4582902118384,0
2026-02-01T15:00:00,950.4582902118384,950.4582902118384,0
2026-02-01T15:15:00,950.4582902118384,950.4582902118384,0
2026-02-01T15:30:00,950.4582902118384,950.4582902118384,0
2026-02-01T15:45:00,950.4582902118384,950.4582902118384,0
2026-02-01T16:00:00,950.4582902118384,950.4582902118384,0
2026-02-01T16:15:00,950.4582902118384,950.4582902118384,0
2026-02-01T16:30:00,950.4582902118384,950.4582902118384,0
2026-02-01T16:45:00,950.4582902118384,950.4582902118384,0
2026-02-01T17:00:00,950.4582902118384,950.4582902118384,0
2026-02-01T17:15:00,950.4582902118384,950.4582902118384,0
2026-02-01T17:30:00,950.4582902118384,950.4582902118384,0
2026-02-01T17:45:00,950.4582902118384,950.4582902118384,0
2026-02-01T18:00:00,950.4582902118384,950.4582902118384,0
2026-02-01T18:15:00,950.4582902118384,950.4582902118384,0
2026-02-01T18:30:00,950.4582902118384,950.4582902118384,0
2026-02-01T18:45:00,950.4582902118384,950.4582902118384,0
2026-02-01T19:00:00,950.4582902118384,950.4582902118384,0
2026-02-01T19:15:00,950.4582902118384,950.4582902118384,0
2026-02-01T19:30:00,950.4582902118384,950.4582902118384,0
2026-02-01T19:45:00,950.4582902118384,950.4582902118384,0
2026-02-01T20:00:00,950.4582902118384,950.4582902118384,0
2026-02-01T20:15:00,949.5904442141563,836.2208073946971,1
2026-02-01T20:30:00,945.2537937890811,836.2208073946971,1
2026-02-01T20:45:00,947.1220781770229,836.2208073946971,1
2026-02-01T21:00:00,949.2702656217461,836.2208073946971,1
2026-02-01T21:15:00,947.7844200846939,836.2208073946971,1
2026-02-01T21:30:00,948.6807294900195,836.2208073946971,1
2026-02-01T21:45:00,950.5598572913998,836.2208073946971,1
2026-02-01T22:00:00,944.4408591587793,944.4408591587793,0
2026-02-01T22:15:00,944.4408591587793,944.4408591587793,0
2026-02-01T22:30:00,944.4408591587793,944.4408591587793,0
2026-02-01T22:45:00,944.4408591587793,944.4408591587793,0
2026-02-01T23:00:00,943.578507566806,830.9266234147673,1
2026-02-01T23:15:00,943.8196231634761,830.9266234147673,1
2026-02-01T23:30:00,936.1521471893672,830.9266234147673,1
2026-02-01T23:45:00,941.4506624261924,830.9266234147673,1
2026-02-02T00:00:00,937.2894090869944,830.9266234147673,1
2026-02-02T00:15:00,932.2866542251858,932.2866542251858,0
2026-02-02T00:30:00,932.2866542251858,932.2866542251858,0
2026-02-02T00:45:00,932.2866542251858,932.2866542251858,0
2026-02-02T01:00:00,932.2866542251858,932.2866542251858,0
2026-02-02T01:15:00,932.2866542251858,932.2866542251858,0
2026-02-02T01:30:00,932.2866542251858,932.2866542251858,0
2026-02-02T01:45:00,932.2866542251858,932.2866542251858,0
2026-02-02T02:00:00,932.2866542251858,932.2866542251858,0
2026-02-02T02:15:00,932.2866542251858,932.2866542251858,0
2026-02-02T02:30:00,932.2866542251858,932.2866542251858,0
2026-02-02T02:45:00,932.2866542251858,932.2866542251858,0
2026-02-02T03:00:00,932.2866542251858,932.2866542251858,0
2026-02-02T03:15:00,932.2866542251858,932.2866542251858,0
2026-02-02T03:30:00,932.2866542251858,932.2866542251858,0
2026-02-02T03:45:00,932.2866542251858,932.2866542251858,0
2026-02-02T04:00:00,932.2866542251858,932.2866542251858,0
2026-02-02T04:15:00,932.2866542251858,932.2866542251858,0
2026-02-02T04:30:00,932.2866542251858,932.2866542251858,0
2026-02-02T04:45:00,932.2866542251858,932.2866542251858,0
2026-02-02T05:00:00,932.2866542251858,932.2866542251858,0
2026-02-02T05:15:00,932.2866542251858,932.2866542251858,0
2026-02-02T05:30:00,932.2866542251858,932.2866542251858,0
2026-02-02T05:45:00,932.2866542251858,932.2866542251858,0
2026-02-02T06:00:00,932.2866542251858,932.2866542251858,0
2026-02-02T06:15:00,932.2866542251858,932.2866542251858,0
2026-02-02T06:30:00,932.2866542251858,932.2866542251858,0
2026-02-02T06:45:00,932.2866542251858,932.2866542251858,0
2026-02-02T07:00:00,932.2866542251858,932.2866542251858,0
2026-02-02T07:15:00,932.2866542251858,932.2866542251858,0
2026-02-02T07:30:00,932.2866542251858,932.2866542251858,0
2026-02-02T07:45:00,932.2866542251858,932.2866542251858,0
2026-02-02T08:00:00,932.2866542251858,932.2866542251858,0
2026-02-02T08:15:00,932.2866542251858,932.2866542251858,0
2026-02-02T08:30:00,932.2866542251858,932.2866542251858,0
2026-02-02T08:45:00,932.2866542251858,932.2866542251858,0
2026-02-02T09:00:00,932.2866542251858,932.2866542251858,0
2026-02-02T09:15:00,932.2866542251858,932.2866542251858,0
2026-02-02T09:30:00,932.2866542251858,932.2866542251858,0
2026-02-02T09:45:00,932.2866542251858,932.2866542251858,0
2026-02-02T10:00:00,932.2866542251858,932.2866542251858,0
2026-02-02T10:15:00,932.2866542251858,932.2866542251858,0
2026-02-02T10:30:00,932.2866542251858,932.2866542251858,0
2026-02-02T10:45:00,932.2866542251858,932.2866542251858,0
2026-02-02T11:00:00,932.2866542251858,932.2866542251858,0
2026-02-02T11:15:00,932.2866542251858,932.2866542251858,0
2026-02-02T11:30:00,932.2866542251858,932.2866542251858,0
2026-02-02T11:45:00,932.2866542251858,932.2866542251858,0
2026-02-02T12:00:00,932.2866542251858,932.2866542251858,0
2026-02-02T12:15:00,932.2866542251858,932.2866542251858,0
2026-02-02T12:30:00,932.2866542251858,932.2866542251858,0
2026-02-02T12:45:00,932.2866542251858,932.2866542251858,0
2026-02-02T13:00:00,932.2866542251858,932.2866542251858,0
2026-02-02T13:15:00,932.2866542251858,932.2866542251858,0
2026-02-02T13:30:00,932.2866542251858,932.2866542251858,0
2026-02-02T13:45:00,932.2866542251858,932.2866542251858,0
2026-02-02T14:00:00,932.2866542251858,932.2866542251858,0
2026-02-02T14:15:00,932.2866542251858,932.2866542251858,0
2026-02-02T14:30:00,932.2866542251858,932.2866542251858,0
2026-02-02T14:45:00,932.2866542251858,932.2866542251858,0
2026-02-02T15:00:00,932.2866542251858,932.2866542251858,0
2026-02-02T15:15:00,932.2866542251858,932.2866542251858,0
2026-02-02T15:30:00,932.2866542251858,932.2866542251858,0
2026-02-02T15:45:00,932.2866542251858,932.2866542251858,0
2026-02-02T16:00:00,932.2866542251858,932.2866542251858,0
2026-02-02T16:15:00,932.2866542251858,932.2866542251858,0
2026-02-02T16:30:00,932.2866542251858,932.2866542251858,0
2026-02-02T16:45:00,932.2866542251858,932.2866542251858,0
2026-02-02T17:00:00,932.2866542251858,932.2866542251858,0
2026-02-02T17:15:00,932.2866542251858,932.2866542251858,0
2026-02-02T17:30:00,932.2866542251858,932.2866542251858,0
2026-02-02T17:45:00,932.2866542251858,932.2866542251858,0
2026-02-02T18:00:00,932.2866542251858,932.2866542251858,0
2026-02-02T18:15:00,932.2866542251858,932.2866542251858,0
2026-02-02T18:30:00,932.2866542251858,932.2866542251858,0
2026-02-02T18:45:00,932.2866542251858,932.2866542251858,0
2026-02-02T19:00:00,932.2866542251858,932.2866542251858,0
2026-02-02T19:15:00,932.2866542251858,932.2866542251858,0
2026-02-02T19:30:00,932.2866542251858,932.2866542251858,0
2026-02-02T19:45:00,932.2866542251858,932.2866542251858,0
2026-02-02T20:00:00,932.2866542251858,932.2866542251858,0
2026-02-02T20:15:00,932.2866542251858,932.2866542251858,0
2026-02-02T20:30:00,932.2866542251858,932.2866542251858,0
2026-02-02T20:45:00,932.2866542251858,932.2866542251858,0
2026-02-02T21:00:00,932.2866542251858,932.2866542251858,0
2026-02-02T21:15:00,932.2866542251858,932.2866542251858,0
2026-02-02T21:30:00,932.2866542251858,932.2866542251858,0
2026-02-02T21:45:00,932.2866542251858,932.2866542251858,0
2026-02-02T22:00:00,932.2866542251858,932.2866542251858,0
2026-02-02T22:15:00,932.2866542251858,932.2866542251858,0
2026-02-02T22:30:00,932.2866542251858,932.2866542251858,0
2026-02-02T22:45:00,932.2866542251858,932.2866542251858,0
2026-02-02T23:00:00,932.2866542251858,932.2866542251858,0
2026-02-02T23:15:00,932.2866542251858,932.2866542251858,0
2026-02-02T23:30:00,932.2866542251858,932.2866542251858,0
2026-02-02T23:45:00,932.2866542251858,932.2866542251858,0
2026-02-03T00:00:00,932.2866542251858,932.2866542251858,0
2026-02-03T00:15:00,932.2866542251858,932.2866542251858,0
2026-02-03T00:30:00,932.2866542251858,932.2866542251858,0
2026-02-03T00:45:00,932.2866542251858,932.2866542251858,0
2026-02-03T01:00:00,932.2866542251858,932.2866542251858,0
2026-02-03T01:15:00,932.2866542251858,932.2866542251858,0
2026-02-03T01:30:00,932.2866542251858,932.2866542251858,0
2026-02-03T01:45:00,932.2866542251858,932.2866542251858,0
2026-02-03T02:00:00,932.2866542251858,932.2866542251858,0
2026-02-03T02:15:00,932.2866542251858,932.2866542251858,0
2026-02-03T02:30:00,932.2866542251858,932.2866542251858,0
2026-02-03T02:45:00,932.2866542251858,932.2866542251858,0
2026-02-03T03:00:00,932.2866542251858,932.2866542251858,0
2026-02-03T03:15:00,932.2866542251858,932.2866542251858,0
2026-02-03T03:30:00,932.2866542251858,932.2866542251858,0
2026-02-03T03:45:00,932.2866542251858,932.2866542251858,0
2026-02-03T04:00:00,932.2866542251858,932.2866542251858,0
2026-02-03T04:15:00,932.2866542251858,932.2866542251858,0
2026-02-03T04:30:00,932.2866542251858,932.2866542251858,0
2026-02-03T04:45:00,932.2866542251858,932.2866542251858,0
2026-02-03T05:00:00,932.2866542251858,932.2866542251858,0
2026-02-03T05:15:00,932.2866542251858,932.2866542251858,0
2026-02-03T05:30:00,932.2866542251858,932.2866542251858,0
2026-02-03T05:45:00,932.2866542251858,932.2866542251858,0
2026-02-03T06:00:00,932.2866542251858,932.2866542251858,0
2026-02-03T06:15:00,932.2866542251858,932.2866542251858,0
2026-02-03T06:30:00,932.2866542251858,932.2866542251858,0
2026-02-03T06:45:00,932.2866542251858,932.2866542251858,0
2026-02-03T07:00:00,932.2866542251858,932.2866542251858,0
2026-02-03T07:15:00,932.2866542251858,932.2866542251858,0
2026-02-03T07:30:00,931.4374141580765,820.2332566805522,1
2026-02-03T07:45:00,931.180562075296,820.2332566805522,1
2026-02-03T08:00:00,929.0893102537058,929.0893102537058,0
2026-02-03T08:15:00,929.0893102537058,929.0893102537058,0
2026-02-03T08:30:00,929.0893102537058,929.0893102537058,0
2026-02-03T08:45:00,929.0893102537058,929.0893102537058,0
2026-02-03T09:00:00,928.2409758789136,817.4202078756923,1
2026-02-03T09:15:00,930.0466555727919,817.4202078756923,1
2026-02-03T09:30:00,926.1066350923248,817.4202078756923,1
2026-02-03T09:45:00,926.4744225055958,817.4202078756923,1
2026-02-03T10:00:00,925.8992655933529,817.4202078756923,1
2026-02-03T10:15:00,926.3687814400819,817.4202078756923,1
2026-02-03T10:30:00,928.8122201591004,817.4202078756923,1
2026-02-03T10:45:00,928.4835590663902,817.4202078756923,1
2026-02-03T11:00:00,928.679190669194,817.4202078756923,1
2026-02-03T11:15:00,930.2403308595677,817.4202078756923,1
2026-02-03T11:30:00,929.2739107417173,817.4202078756923,1
2026-02-03T11:45:00,929.4832365567173,817.4202078756923,1
2026-02-03T12:00:00,926.4685535575118,817.4202078756923,1
2026-02-03T12:15:00,925.596089393935,925.596089393935,0
2026-02-03T12:30:00,925.596089393935,925.596089393935,0
2026-02-03T12:45:00,925.596089393935,925.596089393935,0
2026-02-03T13:00:00,925.596089393935,925.596089393935,0
2026-02-03T13:15:00,925.596089393935,925.596089393935,0
2026-02-03T13:30:00,925.596089393935,925.596089393935,0
2026-02-03T13:45:00,925.596089393935,925.596089393935,0
2026-02-03T14:00:00,925.596089393935,925.596089393935,0
2026-02-03T14:15:00,925.596089393935,925.596089393935,0
2026-02-03T14:30:00,925.596089393935,925.596089393935,0
2026-02-03T14:45:00,925.596089393935,925.596089393935,0
2026-02-03T15:00:00,925.596089393935,925.596089393935,0
2026-02-03T15:15:00,925.596089393935,925.596089393935,0
2026-02-03T15:30:00,925.596089393935,925.596089393935,0
2026-02-03T15:45:00,925.596089393935,925.596089393935,0
2026-02-03T16:00:00,925.596089393935,925.596089393935,0
2026-02-03T16:15:00,925.596089393935,925.596089393935,0
2026-02-03T16:30:00,925.596089393935,925.596089393935,0
2026-02-03T16:45:00,925.596089393935,925.596089393935,0
2026-02-03T17:00:00,924.750944614913,814.3468442174992,1
2026-02-03T17:15:00,923.5681884442602,814.3468442174992,1
2026-02-03T17:30:00,927.9905044792088,814.3468442174992,1
2026-02-03T17:45:00,929.3550648858137,814.3468442174992,1
2026-02-03T18:00:00,930.7385522125534,814.3468442174992,1
2026-02-03T18:15:00,934.2199299322345,814.3468442174992,1
2026-02-03T18:30:00,936.343859535175,814.3468442174992,1
2026-02-03T18:45:00,939.7981400182658,814.3468442174992,1
2026-02-03T19:00:00,931.3152942633657,814.3468442174992,1
2026-02-03T19:15:00,929.2480866415741,814.3468442174992,1
2026-02-03T19:30:00,929.3724635453164,814.3468442174992,1
2026-02-03T19:45:00,928.888250548481,928.888250548481,0
2026-02-03T20:00:00,928.888250548481,928.888250548481,0
2026-02-03T20:15:00,928.888250548481,928.888250548481,0
2026-02-03T20:30:00,928.888250548481,928.888250548481,0
2026-02-03T20:45:00,928.888250548481,928.888250548481,0
2026-02-03T21:00:00,928.888250548481,928.888250548481,0
2026-02-03T21:15:00,928.888250548481,928.888250548481,0
2026-02-03T21:30:00,928.888250548481,928.888250548481,0
2026-02-03T21:45:00,928.888250548481,928.888250548481,0
2026-02-03T22:00:00,928.888250548481,928.888250548481,0
2026-02-03T22:15:00,928.888250548481,928.888250548481,0
2026-02-03T22:30:00,928.888250548481,928.888250548481,0
2026-02-03T22:45:00,928.888250548481,928.888250548481,0
2026-02-03T23:00:00,928.888250548481,928.888250548481,0
2026-02-03T23:15:00,928.888250548481,928.888250548481,0
2026-02-03T23:30:00,928.888250548481,928.888250548481,0
2026-02-03T23:45:00,928.888250548481,928.888250548481,0
2026-02-04T00:00:00,928.888250548481,928.888250548481,0
2026-02-04T00:15:00,928.888250548481,928.888250548481,0
2026-02-04T00:30:00,928.888250548481,928.888250548481,0
2026-02-04T00:45:00,928.888250548481,928.888250548481,0
2026-02-04T01:00:00,928.888250548481,928.888250548481,0
2026-02-04T01:15:00,928.888250548481,928.888250548481,0
2026-02-04T01:30:00,928.888250548481,928.888250548481,0
2026-02-04T01:45:00,928.888250548481,928.888250548481,0
2026-02-04T02:00:00,928.888250548481,928.888250548481,0
2026-02-04T02:15:00,928.888250548481,928.888250548481,0
2026-02-04T02:30:00,928.888250548481,928.888250548481,0
2026-02-04T02:45:00,928.888250548481,928.888250548481,0
2026-02-04T03:00:00,928.888250548481,928.888250548481,0
2026-02-04T03:15:00,928.888250548481,928.888250548481,0
2026-02-04T03:30:00,928.888250548481,928.888250548481,0
2026-02-04T03:45:00,928.888250548481,928.888250548481,0
2026-02-04T04:00:00,928.888250548481,928.888250548481,0
2026-02-04T04:15:00,928.888250548481,928.888250548481,0
2026-02-04T04:30:00,928.888250548481,928.888250548481,0
2026-02-04T04:45:00,928.888250548481,928.888250548481,0
2026-02-04T05:00:00,928.888250548481,928.888250548481,0
2026-02-04T05:15:00,928.888250548481,928.888250548481,0
2026-02-04T05:30:00,928.888250548481,928.888250548481,0
2026-02-04T05:45:00,928.888250548481,928.888250548481,0
2026-02-04T06:00:00,928.888250548481,928.888250548481,0
2026-02-04T06:15:00,928.888250548481,928.888250548481,0
2026-02-04T06:30:00,928.888250548481,928.888250548481,0
2026-02-04T06:45:00,928.888250548481,928.888250548481,0
2026-02-04T07:00:00,928.888250548481,928.888250548481,0
2026-02-04T07:15:00,928.888250548481,928.888250548481,0
2026-02-04T07:30:00,928.888250548481,928.888250548481,0
2026-02-04T07:45:00,928.888250548481,928.888250548481,0
2026-02-04T08:00:00,928.888250548481,928.888250548481,0
2026-02-04T08:15:00,928.888250548481,928.888250548481,0
2026-02-04T08:30:00,928.888250548481,928.888250548481,0
2026-02-04T08:45:00,928.888250548481,928.888250548481,0
2026-02-04T09:00:00,928.888250548481,928.888250548481,0
2026-02-04T09:15:00,928.0400997576107,817.243313938558,1
2026-02-04T09:30:00,928.3969400229763,817.243313938558,1
2026-02-04T09:45:00,928.2679474853811,817.243313938558,1
2026-02-04T10:00:00,928.0862439062868,817.243313938558,1
2026-02-04T10:15:00,928.2887035573397,817.243313938558,1
2026-02-04T10:30:00,927.4193524869196,817.243313938558,1
2026-02-04T10:45:00,927.1943777747591,817.243313938558,1
2026-02-04T11:00:00,930.0365524417548,817.243313938558,1
2026-02-04T11:15:00,929.8615916543984,817.243313938558,1
2026-02-04T11:30:00,928.7546597829165,817.243313938558,1
2026-02-04T11:45:00,928.864537971759,817.243313938558,1
2026-02-04T12:00:00,928.315557458348,817.243313938558,1
2026-02-04T12:15:00,928.5448710104093,817.243313938558,1
2026-02-04T12:30:00,927.9255309310375,817.243313938558,1
2026-02-04T12:45:00,927.5482876270337,927.5482876270337,0
2026-02-04T13:00:00,927.5482876270337,927.5482876270337,0
2026-02-04T13:15:00,927.5482876270337,927.5482876270337,0
2026-02-04T13:30:00,927.5482876270337,927.5482876270337,0
2026-02-04T13:45:00,927.5482876270337,927.5482876270337,0
2026-02-04T14:00:00,927.5482876270337,927.5482876270337,0
2026-02-04T14:15:00,927.5482876270337,927.5482876270337,0
2026-02-04T14:30:00,927.5482876270337,927.5482876270337,0
2026-02-04T14:45:00,927.5482876270337,927.5482876270337,0
2026-02-04T15:00:00,927.5482876270337,927.5482876270337,0
2026-02-04T15:15:00,927.5482876270337,927.5482876270337,0
2026-02-04T15:30:00,927.5482876270337,927.5482876270337,0
2026-02-04T15:45:00,927.5482876270337,927.5482876270337,0
2026-02-04T16:00:00,927.5482876270337,927.5482876270337,0
2026-02-04T16:15:00,927.5482876270337,927.5482876270337,0
2026-02-04T16:30:00,927.5482876270337,927.5482876270337,0
2026-02-04T16:45:00,927.5482876270337,927.5482876270337,0
2026-02-04T17:00:00,927.5482876270337,927.5482876270337,0
2026-02-04T17:15:00,927.5482876270337,927.5482876270337,0
2026-02-04T17:30:00,927.5482876270337,927.5482876270337,0
2026-02-04T17:45:00,927.5482876270337,927.5482876270337,0
2026-02-04T18:00:00,927.5482876270337,927.5482876270337,0
2026-02-04T18:15:00,927.5482876270337,927.5482876270337,0
2026-02-04T18:30:00,927.5482876270337,927.5482876270337,0
2026-02-04T18:45:00,927.5482876270337,927.5482876270337,0
2026-02-04T19:00:00,927.5482876270337,927.5482876270337,0
2026-02-04T19:15:00,927.5482876270337,927.5482876270337,0
2026-02-04T19:30:00,927.5482876270337,927.5482876270337,0
2026-02-04T19:45:00,927.5482876270337,927.5482876270337,0
2026-02-04T20:00:00,927.5482876270337,927.5482876270337,0
2026-02-04T20:15:00,927.5482876270337,927.5482876270337,0
2026-02-04T20:30:00,927.5482876270337,927.5482876270337,0
2026-02-04T20:45:00,927.5482876270337,927.5482876270337,0
2026-02-04T21:00:00,927.5482876270337,927.5482876270337,0
2026-02-04T21:15:00,927.5482876270337,927.5482876270337,0
2026-02-04T21:30:00,927.5482876270337,927.5482876270337,0
2026-02-04T21:45:00,927.5482876270337,927.5482876270337,0
2026-02-04T22:00:00,927.5482876270337,927.5482876270337,0
2026-02-04T22:15:00,927.5482876270337,927.5482876270337,0
2026-02-04T22:30:00,927.5482876270337,927.5482876270337,0
2026-02-04T22:45:00,927.5482876270337,927.5482876270337,0
2026-02-04T23:00:00,927.5482876270337,927.5482876270337,0
2026-02-04T23:15:00,927.5482876270337,927.5482876270337,0
2026-02-04T23:30:00,927.5482876270337,927.5482876270337,0
2026-02-04T23:45:00,927.5482876270337,927.5482876270337,0
2026-02-05T00:00:00,927.5482876270337,927.5482876270337,0
2026-02-05T00:15:00,927.5482876270337,927.5482876270337,0
2026-02-05T00:30:00,927.5482876270337,927.5482876270337,0
2026-02-05T00:45:00,927.5482876270337,927.5482876270337,0
2026-02-05T01:00:00,927.5482876270337,927.5482876270337,0
2026-02-05T01:15:00,927.5482876270337,927.5482876270337,0
2026-02-05T01:30:00,927.5482876270337,927.5482876270337,0
2026-02-05T01:45:00,927.5482876270337,927.5482876270337,0
2026-02-05T02:00:00,927.5482876270337,927.5482876270337,0
2026-02-05T02:15:00,927.5482876270337,927.5482876270337,0
2026-02-05T02:30:00,927.5482876270337,927.5482876270337,0
2026-02-05T02:45:00,927.5482876270337,927.5482876270337,0
2026-02-05T03:00:00,927.5482876270337,927.5482876270337,0
2026-02-05T03:15:00,927.5482876270337,927.5482876270337,0
2026-02-05T03:30:00,927.5482876270337,927.5482876270337,0
2026-02-05T03:45:00,927.5482876270337,927.5482876270337,0
2026-02-05T04:00:00,927.5482876270337,927.5482876270337,0
2026-02-05T04:15:00,927.5482876270337,927.5482876270337,0
2026-02-05T04:30:00,927.5482876270337,927.5482876270337,0
2026-02-05T04:45:00,927.5482876270337,927.5482876270337,0
2026-02-05T05:00:00,927.5482876270337,927.5482876270337,0
2026-02-05T05:15:00,927.5482876270337,927.5482876270337,0
2026-02-05T05:30:00,927.5482876270337,927.5482876270337,0
2026-02-05T05:45:00,927.5482876270337,927.5482876270337,0
2026-02-05T06:00:00,927.5482876270337,927.5482876270337,0
2026-02-05T06:15:00,927.5482876270337,927.5482876270337,0
2026-02-05T06:30:00,927.5482876270337,927.5482876270337,0
2026-02-05T06:45:00,927.5482876270337,927.5482876270337,0
2026-02-05T07:00:00,927.5482876270337,927.5482876270337,0
2026-02-05T07:15:00,927.5482876270337,927.5482876270337,0
2026-02-05T07:30:00,927.5482876270337,927.5482876270337,0
2026-02-05T07:45:00,927.5482876270337,927.5482876270337,0
2026-02-05T08:00:00,927.5482876270337,927.5482876270337,0
2026-02-05T08:15:00,927.5482876270337,927.5482876270337,0
2026-02-05T08:30:00,927.5482876270337,927.5482876270337,0
2026-02-05T08:45:00,927.5482876270337,927.5482876270337,0
2026-02-05T09:00:00,927.5482876270337,927.5482876270337,0
2026-02-05T09:15:00,927.5482876270337,927.5482876270337,0
2026-02-05T09:30:00,927.5482876270337,927.5482876270337,0
2026-02-05T09:45:00,927.5482876270337,927.5482876270337,0
2026-02-05T10:00:00,927.5482876270337,927.5482876270337,0
2026-02-05T10:15:00,927.5482876270337,927.5482876270337,0
2026-02-05T10:30:00,927.5482876270337,927.5482876270337,0
2026-02-05T10:45:00,927.5482876270337,927.5482876270337,0
2026-02-05T11:00:00,926.7013603316816,816.0644038405652,1
2026-02-05T11:15:00,930.7016656687099,816.0644038405652,1
2026-02-05T11:30:00,926.427981216284,816.0644038405652,1
2026-02-05T11:45:00,928.3565854444403,816.0644038405652,1
2026-02-05T12:00:00,930.1399570175414,816.0644038405652,1
2026-02-05T12:15:00,930.5414825932817,816.0644038405652,1
2026-02-05T12:30:00,933.072375185048,816.0644038405652,1
2026-02-05T12:45:00,931.7716886125706,816.0644038405652,1
2026-02-05T13:00:00,932.880155494534,816.0644038405652,1
2026-02-05T13:15:00,934.0377451862956,816.0644038405652,1
2026-02-05T13:30:00,933.3350754287503,816.0644038405652,1
2026-02-05T13:45:00,932.9143278839589,816.0644038405652,1
2026-02-05T14:00:00,931.4150142979504,816.0644038405652,1
2026-02-05T14:15:00,929.0186754895437,816.0644038405652,1
2026-02-05T14:30:00,926.6397690075547,926.6397690075547,0
2026-02-05T14:45:00,926.6397690075547,926.6397690075547,0
2026-02-05T15:00:00,926.6397690075547,926.6397690075547,0
2026-02-05T15:15:00,926.6397690075547,926.6397690075547,0
2026-02-05T15:30:00,926.6397690075547,926.6397690075547,0
2026-02-05T15:45:00,926.6397690075547,926.6397690075547,0
2026-02-05T16:00:00,926.6397690075547,926.6397690075547,0
2026-02-05T16:15:00,926.6397690075547,926.6397690075547,0
2026-02-05T16:30:00,926.6397690075547,926.6397690075547,0
2026-02-05T16:45:00,926.6397690075547,926.6397690075547,0
2026-02-05T17:00:00,926.6397690075547,926.6397690075547,0
2026-02-05T17:15:00,926.6397690075547,926.6397690075547,0
2026-02-05T17:30:00,926.6397690075547,926.6397690075547,0
2026-02-05T17:45:00,926.6397690075547,926.6397690075547,0
2026-02-05T18:00:00,926.6397690075547,926.6397690075547,0
2026-02-05T18:15:00,926.6397690075547,926.6397690075547,0
2026-02-05T18:30:00,926.6397690075547,926.6397690075547,0
2026-02-05T18:45:00,926.6397690075547,926.6397690075547,0
2026-02-05T19:00:00,926.6397690075547,926.6397690075547,0
2026-02-05T19:15:00,926.6397690075547,926.6397690075547,0
2026-02-05T19:30:00,926.6397690075547,926.6397690075547,0
2026-02-05T19:45:00,926.6397690075547,926.6397690075547,0
2026-02-05T20:00:00,926.6397690075547,926.6397690075547,0
2026-02-05T20:15:00,926.6397690075547,926.6397690075547,0
2026-02-05T20:30:00,926.6397690075547,926.6397690075547,0
2026-02-05T20:45:00,925.7936712638578,815.2650818909988,1
2026-02-05T21:00:00,924.2282793130835,815.2650818909988,1
2026-02-05T21:15:00,923.2633116721953,815.2650818909988,1
2026-02-05T21:30:00,928.3764488508278,815.2650818909988,1
2026-02-05T21:45:00,930.3468889471602,815.2650818909988,1
2026-02-05T22:00:00,929.4367219377298,815.2650818909988,1
2026-02-05T22:15:00,924.2044529515802,815.2650818909988,1
2026-02-05T22:30:00,924.1051479539117,924.1051479539117,0
2026-02-05T22:45:00,924.1051479539117,924.1051479539117,0
2026-02-05T23:00:00,924.1051479539117,924.1051479539117,0
2026-02-05T23:15:00,924.1051479539117,924.1051479539117,0
2026-02-05T23:30:00,924.1051479539117,924.1051479539117,0
2026-02-05T23:45:00,924.1051479539117,924.1051479539117,0
2026-02-06T00:00:00,924.1051479539117,924.1051479539117,0
2026-02-06T00:15:00,924.1051479539117,924.1051479539117,0
2026-02-06T00:30:00,924.1051479539117,924.1051479539117,0
2026-02-06T00:45:00,924.1051479539117,924.1051479539117,0
2026-02-06T01:00:00,924.1051479539117,924.1051479539117,0
2026-02-06T01:15:00,924.1051479539117,924.1051479539117,0
2026-02-06T01:30:00,924.1051479539117,924.1051479539117,0
2026-02-06T01:45:00,924.1051479539117,924.1051479539117,0
2026-02-06T02:00:00,924.1051479539117,924.1051479539117,0
2026-02-06T02:15:00,924.1051479539117,924.1051479539117,0
2026-02-06T02:30:00,924.1051479539117,924.1051479539117,0
2026-02-06T02:45:00,924.1051479539117,924.1051479539117,0
2026-02-06T03:00:00,924.1051479539117,924.1051479539117,0
2026-02-06T03:15:00,924.1051479539117,924.1051479539117,0
2026-02-06T03:30:00,924.1051479539117,924.1051479539117,0
2026-02-06T03:45:00,924.1051479539117,924.1051479539117,0
2026-02-06T04:00:00,924.1051479539117,924.1051479539117,0
2026-02-06T04:15:00,924.1051479539117,924.1051479539117,0
2026-02-06T04:30:00,924.1051479539117,924.1051479539117,0
2026-02-06T04:45:00,924.1051479539117,924.1051479539117,0
2026-02-06T05:00:00,924.1051479539117,924.1051479539117,0
2026-02-06T05:15:00,924.1051479539117,924.1051479539117,0
2026-02-06T05:30:00,924.1051479539117,924.1051479539117,0
2026-02-06T05:45:00,924.1051479539117,924.1051479539117,0
2026-02-06T06:00:00,924.1051479539117,924.1051479539117,0
2026-02-06T06:15:00,924.1051479539117,924.1051479539117,0
2026-02-06T06:30:00,924.1051479539117,924.1051479539117,0
2026-02-06T06:45:00,924.1051479539117,924.1051479539117,0
2026-02-06T07:00:00,924.1051479539117,924.1051479539117,0
2026-02-06T07:15:00,924.1051479539117,924.1051479539117,0
2026-02-06T07:30:00,924.1051479539117,924.1051479539117,0
2026-02-06T07:45:00,924.1051479539117,924.1051479539117,0
2026-02-06T08:00:00,924.1051479539117,924.1051479539117,0
2026-02-06T08:15:00,923.2613645261188,813.0351020110352,1
2026-02-06T08:30:00,924.77519444985,813.0351020110352,1
2026-02-06T08:45:00,923.4271987900643,813.0351020110352,1
2026-02-06T09:00:00,920.6151234857309,813.0351020110352,1
2026-02-06T09:15:00,916.0024067363851,916.0024067363851,0
2026-02-06T09:30:00,916.0024067363851,916.0024067363851,0
2026-02-06T09:45:00,916.0024067363851,916.0024067363851,0
2026-02-06T10:00:00,916.0024067363851,916.0024067363851,0
2026-02-06T10:15:00,916.0024067363851,916.0024067363851,0
2026-02-06T10:30:00,916.0024067363851,916.0024067363851,0
2026-02-06T10:45:00,916.0024067363851,916.0024067363851,0
2026-02-06T11:00:00,916.0024067363851,916.0024067363851,0
2026-02-06T11:15:00,916.0024067363851,916.0024067363851,0
2026-02-06T11:30:00,916.0024067363851,916.0024067363851,0
2026-02-06T11:45:00,916.0024067363851,916.0024067363851,0
2026-02-06T12:00:00,916.0024067363851,916.0024067363851,0
2026-02-06T12:15:00,916.0024067363851,916.0024067363851,0
2026-02-06T12:30:00,916.0024067363851,916.0024067363851,0
2026-02-06T12:45:00,916.0024067363851,916.0024067363851,0
2026-02-06T13:00:00,916.0024067363851,916.0024067363851,0
2026-02-06T13:15:00,916.0024067363851,916.0024067363851,0
2026-02-06T13:30:00,916.0024067363851,916.0024067363851,0
2026-02-06T13:45:00,916.0024067363851,916.0024067363851,0
2026-02-06T14:00:00,916.0024067363851,916.0024067363851,0
2026-02-06T14:15:00,916.0024067363851,916.0024067363851,0
2026-02-06T14:30:00,916.0024067363851,916.0024067363851,0
2026-02-06T14:45:00,916.0024067363851,916.0024067363851,0
2026-02-06T15:00:00,916.0024067363851,916.0024067363851,0
2026-02-06T15:15:00,916.0024067363851,916.0024067363851,0
2026-02-06T15:30:00,916.0024067363851,916.0024067363851,0
2026-02-06T15:45:00,916.0024067363851,916.0024067363851,0
2026-02-06T16:00:00,916.0024067363851,916.0024067363851,0
2026-02-06T16:15:00,916.0024067363851,916.0024067363851,0
2026-02-06T16:30:00,916.0024067363851,916.0024067363851,0
2026-02-06T16:45:00,916.0024067363851,916.0024067363851,0
2026-02-06T17:00:00,916.0024067363851,916.0024067363851,0
2026-02-06T17:15:00,915.1680003423395,805.9062454659255,1
2026-02-06T17:30:00,917.1128587413341,805.9062454659255,1
2026-02-06T17:45:00,914.5359743849782,805.9062454659255,1
2026-02-06T18:00:00,910.756543995656,805.9062454659255,1
2026-02-06T18:15:00,908.4702219082883,805.9062454659255,1
2026-02-06T18:30:00,911.9421228888273,805.9062454659255,1
2026-02-06T18:45:00,909.4358468618218,909.4358468618218,0
2026-02-06T19:00:00,909.4358468618218,909.4358468618218,0
2026-02-06T19:15:00,909.4358468618218,909.4358468618218,0
2026-02-06T19:30:00,909.4358468618218,909.4358468618218,0
2026-02-06T19:45:00,909.4358468618218,909.4358468618218,0
2026-02-06T20:00:00,909.4358468618218,909.4358468618218,0
2026-02-06T20:15:00,909.4358468618218,909.4358468618218,0
2026-02-06T20:30:00,909.4358468618218,909.4358468618218,0
2026-02-06T20:45:00,909.4358468618218,909.4358468618218,0
2026-02-06T21:00:00,909.4358468618218,909.4358468618218,0
2026-02-06T21:15:00,909.4358468618218,909.4358468618218,0
2026-02-06T21:30:00,909.4358468618218,909.4358468618218,0
2026-02-06T21:45:00,909.4358468618218,909.4358468618218,0
2026-02-06T22:00:00,909.4358468618218,909.4358468618218,0
2026-02-06T22:15:00,909.4358468618218,909.4358468618218,0
2026-02-06T22:30:00,909.4358468618218,909.4358468618218,0
2026-02-06T22:45:00,909.4358468618218,909.4358468618218,0
2026-02-06T23:00:00,908.6074220891189,800.1289335558057,1
2026-02-06T23:15:00,905.2659298572853,800.1289335558057,1
2026-02-06T23:30:00,905.687760846624,800.1289335558057,1
2026-02-06T23:45:00,905.2896475084365,800.1289335558057,1
2026-02-07T00:00:00,903.3983640083652,800.1289335558057,1
2026-02-07T00:15:00,902.4142347003891,800.1289335558057,1
2026-02-07T00:30:00,899.7636473973528,899.7636473973528,0
2026-02-07T00:45:00,899.7636473973528,899.7636473973528,0
2026-02-07T01:00:00,899.7636473973528,899.7636473973528,0
2026-02-07T01:15:00,899.7636473973528,899.7636473973528,0
2026-02-07T01:30:00,899.7636473973528,899.7636473973528,0
2026-02-07T01:45:00,899.7636473973528,899.7636473973528,0
2026-02-07T02:00:00,899.7636473973528,899.7636473973528,0
2026-02-07T02:15:00,899.7636473973528,899.7636473973528,0
2026-02-07T02:30:00,899.7636473973528,899.7636473973528,0
2026-02-07T02:45:00,899.7636473973528,899.7636473973528,0
2026-02-07T03:00:00,899.7636473973528,899.7636473973528,0
2026-02-07T03:15:00,899.7636473973528,899.7636473973528,0
2026-02-07T03:30:00,899.7636473973528,899.7636473973528,0
2026-02-07T03:45:00,899.7636473973528,899.7636473973528,0
2026-02-07T04:00:00,899.7636473973528,899.7636473973528,0
2026-02-07T04:15:00,899.7636473973528,899.7636473973528,0
2026-02-07T04:30:00,899.7636473973528,899.7636473973528,0
2026-02-07T04:45:00,899.7636473973528,899.7636473973528,0
2026-02-07T05:00:00,899.7636473973528,899.7636473973528,0
2026-02-07T05:15:00,899.7636473973528,899.7636473973528,0
2026-02-07T05:30:00,899.7636473973528,899.7636473973528,0
2026-02-07T05:45:00,899.7636473973528,899.7636473973528,0
2026-02-07T06:00:00,899.7636473973528,899.7636473973528,0
2026-02-07T06:15:00,899.7636473973528,899.7636473973528,0
2026-02-07T06:30:00,899.7636473973528,899.7636473973528,0
2026-02-07T06:45:00,899.7636473973528,899.7636473973528,0
2026-02-07T07:00:00,899.7636473973528,899.7636473973528,0
2026-02-07T07:15:00,899.7636473973528,899.7636473973528,0
2026-02-07T07:30:00,899.7636473973528,899.7636473973528,0
2026-02-07T07:45:00,899.7636473973528,899.7636473973528,0
2026-02-07T08:00:00,899.7636473973528,899.7636473973528,0
2026-02-07T08:15:00,899.7636473973528,899.7636473973528,0
2026-02-07T08:30:00,899.7636473973528,899.7636473973528,0
2026-02-07T08:45:00,899.7636473973528,899.7636473973528,0
2026-02-07T09:00:00,899.7636473973528,899.7636473973528,0
2026-02-07T09:15:00,899.7636473973528,899.7636473973528,0
2026-02-07T09:30:00,899.7636473973528,899.7636473973528,0
2026-02-07T09:45:00,899.7636473973528,899.7636473973528,0
2026-02-07T10:00:00,899.7636473973528,899.7636473973528,0
2026-02-07T10:15:00,899.7636473973528,899.7636473973528,0
2026-02-07T10:30:00,899.7636473973528,899.7636473973528,0
2026-02-07T10:45:00,899.7636473973528,899.7636473973528,0
2026-02-07T11:00:00,899.7636473973528,899.7636473973528,0
2026-02-07T11:15:00,899.7636473973528,899.7636473973528,0
2026-02-07T11:30:00,899.7636473973528,899.7636473973528,0
2026-02-07T11:45:00,899.7636473973528,899.7636473973528,0
2026-02-07T12:00:00,899.7636473973528,899.7636473973528,0
2026-02-07T12:15:00,899.7636473973528,899.7636473973528,0
2026-02-07T12:30:00,899.7636473973528,899.7636473973528,0
2026-02-07T12:45:00,899.7636473973528,899.7636473973528,0
2026-02-07T13:00:00,899.7636473973528,899.7636473973528,0
2026-02-07T13:15:00,899.7636473973528,899.7636473973528,0
2026-02-07T13:30:00,899.7636473973528,899.7636473973528,0
2026-02-07T13:45:00,899.7636473973528,899.7636473973528,0
2026-02-07T14:00:00,899.7636473973528,899.7636473973528,0
2026-02-07T14:15:00,899.7636473973528,899.7636473973528,0
2026-02-07T14:30:00,899.7636473973528,899.7636473973528,0
2026-02-07T14:45:00,899.7636473973528,899.7636473973528,0
2026-02-07T15:00:00,899.7636473973528,899.7636473973528,0
2026-02-07T15:15:00,899.7636473973528,899.7636473973528,0
2026-02-07T15:30:00,899.7636473973528,899.7636473973528,0
2026-02-07T15:45:00,899.7636473973528,899.7636473973528,0
2026-02-07T16:00:00,899.7636473973528,899.7636473973528,0
2026-02-07T16:15:00,899.7636473973528,899.7636473973528,0
2026-02-07T16:30:00,899.7636473973528,899.7636473973528,0
2026-02-07T16:45:00,899.7636473973528,899.7636473973528,0
2026-02-07T17:00:00,899.7636473973528,899.7636473973528,0
2026-02-07T17:15:00,899.7636473973528,899.7636473973528,0
2026-02-07T17:30:00,898.9440332402316,791.6192550893702,1
2026-02-07T17:45:00,897.4449574649383,791.6192550893702,1
2026-02-07T18:00:00,898.5124495330192,791.6192550893702,1
2026-02-07T18:15:00,903.5455078383852,791.6192550893702,1
2026-02-07T18:30:00,905.6888317563289,791.6192550893702,1
2026-02-07T18:45:00,904.9382513959596,791.6192550893702,1
2026-02-07T19:00:00,903.1931520581007,791.6192550893702,1
2026-02-07T19:15:00,904.0396399089617,791.6192550893702,1
2026-02-07T19:30:00,904.4357795436011,791.6192550893702,1
2026-02-07T19:45:00,903.7268980921411,791.6192550893702,1
2026-02-07T20:00:00,902.8699855140527,791.6192550893702,1
2026-02-07T20:15:00,904.7172471787396,791.6192550893702,1
2026-02-07T20:30:00,904.4420343799375,791.6192550893702,1
2026-02-07T20:45:00,906.6520765521365,791.6192550893702,1
2026-02-07T21:00:00,906.7917678969828,791.6192550893702,1
2026-02-07T21:15:00,906.7584087698554,791.6192550893702,1
2026-02-07T21:30:00,906.2350874630423,791.6192550893702,1
2026-02-07T21:45:00,905.2825282190526,905.2825282190526,0
2026-02-07T22:00:00,905.2825282190526,905.2825282190526,0
2026-02-07T22:15:00,905.2825282190526,905.2825282190526,0
2026-02-07T22:30:00,905.2825282190526,905.2825282190526,0
2026-02-07T22:45:00,905.2825282190526,905.2825282190526,0
2026-02-07T23:00:00,905.2825282190526,905.2825282190526,0
2026-02-07T23:15:00,905.2825282190526,905.2825282190526,0
2026-02-07T23:30:00,905.2825282190526,905.2825282190526,0
2026-02-07T23:45:00,905.2825282190526,905.2825282190526,0
2026-02-08T00:00:00,905.2825282190526,905.2825282190526,0
2026-02-08T00:15:00,905.2825282190526,905.2825282190526,0
2026-02-08T00:30:00,905.2825282190526,905.2825282190526,0
2026-02-08T00:45:00,905.2825282190526,905.2825282190526,0
2026-02-08T01:00:00,905.2825282190526,905.2825282190526,0
2026-02-08T01:15:00,905.2825282190526,905.2825282190526,0
2026-02-08T01:30:00,905.2825282190526,905.2825282190526,0
2026-02-08T01:45:00,905.2825282190526,905.2825282190526,0
2026-02-08T02:00:00,905.2825282190526,905.2825282190526,0
2026-02-08T02:15:00,905.2825282190526,905.2825282190526,0
2026-02-08T02:30:00,905.2825282190526,905.2825282190526,0
2026-02-08T02:45:00,905.2825282190526,905.2825282190526,0
2026-02-08T03:00:00,905.2825282190526,905.2825282190526,0
2026-02-08T03:15:00,905.2825282190526,905.2825282190526,0
2026-02-08T03:30:00,905.2825282190526,905.2825282190526,0
2026-02-08T03:45:00,905.2825282190526,905.2825282190526,0
2026-02-08T04:00:00,905.2825282190526,905.2825282190526,0
2026-02-08T04:15:00,905.2825282190526,905.2825282190526,0
2026-02-08T04:30:00,905.2825282190526,905.2825282190526,0
2026-02-08T04:45:00,905.2825282190526,905.2825282190526,0
2026-02-08T05:00:00,905.2825282190526,905.2825282190526,0
2026-02-08T05:15:00,905.2825282190526,905.2825282190526,0
2026-02-08T05:30:00,905.2825282190526,905.2825282190526,0
2026-02-08T05:45:00,905.2825282190526,905.2825282190526,0
2026-02-08T06:00:00,905.2825282190526,905.2825282190526,0
2026-02-08T06:15:00,905.2825282190526,905.2825282190526,0
2026-02-08T06:30:00,905.2825282190526,905.2825282190526,0
2026-02-08T06:45:00,905.2825282190526,905.2825282190526,0
2026-02-08T07:00:00,905.2825282190526,905.2825282190526,0
2026-02-08T07:15:00,905.2825282190526,905.2825282190526,0
2026-02-08T07:30:00,905.2825282190526,905.2825282190526,0
2026-02-08T07:45:00,905.2825282190526,905.2825282190526,0
2026-02-08T08:00:00,904.4578867940861,796.4748105873482,1
2026-02-08T08:15:00,908.135269442367,796.4748105873482,1
2026-02-08T08:30:00,909.0953724297486,796.4748105873482,1
2026-02-08T08:45:00,910.961546904443,796.4748105873482,1
2026-02-08T09:00:00,909.3275146878296,796.4748105873482,1
2026-02-08T09:15:00,909.6403614356328,796.4748105873482,1
2026-02-08T09:30:00,907.631660962487,796.4748105873482,1
2026-02-08T09:45:00,907.4815942356523,796.4748105873482,1
2026-02-08T10:00:00,908.8429761491504,796.4748105873482,1
2026-02-08T10:15:00,907.1010678926073,796.4748105873482,1
2026-02-08T10:30:00,908.2760504788783,796.4748105873482,1
2026-02-08T10:45:00,908.4738543787843,796.4748105873482,1
2026-02-08T11:00:00,910.7662358073086,796.4748105873482,1
2026-02-08T11:15:00,911.200918290561,796.4748105873482,1
2026-02-08T11:30:00,912.4218930879633,796.4748105873482,1
2026-02-08T11:45:00,913.0454677012141,796.4748105873482,1
2026-02-08T12:00:00,912.2599855479648,796.4748105873482,1
2026-02-08T12:15:00,912.7955642233873,796.4748105873482,1
2026-02-08T12:30:00,911.5294696958236,796.4748105873482,1
2026-02-08T12:45:00,914.6032824730937,796.4748105873482,1
2026-02-08T13:00:00,913.7685051450412,796.4748105873482,1
2026-02-08T13:15:00,915.8790366113964,796.4748105873482,1
2026-02-08T13:30:00,914.4291601995156,796.4748105873482,1
2026-02-08T13:45:00,916.2536425478595,796.4748105873482,1
2026-02-08T14:00:00,915.4533282181208,796.4748105873482,1
2026-02-08T14:15:00,914.5590352239026,796.4748105873482,1
2026-02-08T14:30:00,913.5834915843245,913.5834915843245,0
2026-02-08T14:45:00,913.5834915843245,913.5834915843245,0
2026-02-08T15:00:00,913.5834915843245,913.5834915843245,0
2026-02-08T15:15:00,913.5834915843245,913.5834915843245,0
2026-02-08T15:30:00,913.5834915843245,913.5834915843245,0
2026-02-08T15:45:00,913.5834915843245,913.5834915843245,0
2026-02-08T16:00:00,913.5834915843245,913.5834915843245,0
2026-02-08T16:15:00,913.5834915843245,913.5834915843245,0
2026-02-08T16:30:00,913.5834915843245,913.5834915843245,0
2026-02-08T16:45:00,913.5834915843245,913.5834915843245,0
2026-02-08T17:00:00,913.5834915843245,913.5834915843245,0
2026-02-08T17:15:00,913.5834915843245,913.5834915843245,0
2026-02-08T17:30:00,913.5834915843245,913.5834915843245,0
2026-02-08T17:45:00,913.5834915843245,913.5834915843245,0
2026-02-08T18:00:00,913.5834915843245,913.5834915843245,0
2026-02-08T18:15:00,913.5834915843245,913.5834915843245,0
2026-02-08T18:30:00,913.5834915843245,913.5834915843245,0
2026-02-08T18:45:00,913.5834915843245,913.5834915843245,0
2026-02-08T19:00:00,913.5834915843245,913.5834915843245,0
2026-02-08T19:15:00,913.5834915843245,913.5834915843245,0
2026-02-08T19:30:00,912.751288632382,803.7780645638214,1
2026-02-08T19:45:00,914.2697677991522,803.7780645638214,1
2026-02-08T20:00:00,912.3546246867767,803.7780645638214,1
2026-02-08T20:15:00,911.6108797887669,803.7780645638214,1
2026-02-08T20:30:00,911.2803265007625,803.7780645638214,1
2026-02-08T20:45:00,909.3381450277068,909.3381450277068,0
2026-02-08T21:00:00,909.3381450277068,909.3381450277068,0
2026-02-08T21:15:00,909.3381450277068,909.3381450277068,0
2026-02-08T21:30:00,909.3381450277068,909.3381450277068,0
2026-02-08T21:45:00,909.3381450277068,909.3381450277068,0
2026-02-08T22:00:00,909.3381450277068,909.3381450277068,0
2026-02-08T22:15:00,909.3381450277068,909.3381450277068,0
2026-02-08T22:30:00,909.3381450277068,909.3381450277068,0
2026-02-08T22:45:00,909.3381450277068,909.3381450277068,0
2026-02-08T23:00:00,908.5098092537168,800.0429747005367,1
2026-02-08T23:15:00,902.9598450731819,902.9598450731819,0
2026-02-08T23:30:00,902.9598450731819,902.9598450731819,0
2026-02-08T23:45:00,902.9598450731819,902.9598450731819,0
2026-02-09T00:00:00,902.9598450731819,902.9598450731819,0
2026-02-09T00:15:00,902.9598450731819,902.9598450731819,0
2026-02-09T00:30:00,902.9598450731819,902.9598450731819,0
2026-02-09T00:45:00,902.9598450731819,902.9598450731819,0
2026-02-09T01:00:00,902.9598450731819,902.9598450731819,0
2026-02-09T01:15:00,902.9598450731819,902.9598450731819,0
2026-02-09T01:30:00,902.9598450731819,902.9598450731819,0
2026-02-09T01:45:00,902.9598450731819,902.9598450731819,0
2026-02-09T02:00:00,902.9598450731819,902.9598450731819,0
2026-02-09T02:15:00,902.9598450731819,902.9598450731819,0
2026-02-09T02:30:00,902.9598450731819,902.9598450731819,0
2026-02-09T02:45:00,902.9598450731819,902.9598450731819,0
2026-02-09T03:00:00,902.9598450731819,902.9598450731819,0
2026-02-09T03:15:00,902.9598450731819,902.9598450731819,0
2026-02-09T03:30:00,902.9598450731819,902.9598450731819,0
2026-02-09T03:45:00,902.9598450731819,902.9598450731819,0
2026-02-09T04:00:00,902.9598450731819,902.9598450731819,0
2026-02-09T04:15:00,902.9598450731819,902.9598450731819,0
2026-02-09T04:30:00,902.9598450731819,902.9598450731819,0
2026-02-09T04:45:00,902.9598450731819,902.9598450731819,0
2026-02-09T05:00:00,902.9598450731819,902.9598450731819,0
2026-02-09T05:15:00,902.9598450731819,902.9598450731819,0
2026-02-09T05:30:00,902.9598450731819,902.9598450731819,0
2026-02-09T05:45:00,902.9598450731819,902.9598450731819,0
2026-02-09T06:00:00,902.9598450731819,902.9598450731819,0
2026-02-09T06:15:00,902.9598450731819,902.9598450731819,0
2026-02-09T06:30:00,902.9598450731819,902.9598450731819,0
2026-02-09T06:45:00,902.9598450731819,902.9598450731819,0
2026-02-09T07:00:00,902.9598450731819,902.9598450731819,0
2026-02-09T07:15:00,902.9598450731819,902.9598450731819,0
2026-02-09T07:30:00,902.9598450731819,902.9598450731819,0
2026-02-09T07:45:00,902.9598450731819,902.9598450731819,0
2026-02-09T08:00:00,902.13536903285,794.431295374146,1
2026-02-09T08:15:00,905.0649239251434,794.431295374146,1
2026-02-09T08:30:00,905.6634351396979,794.431295374146,1
2026-02-09T08:45:00,905.684435533191,794.431295374146,1
2026-02-09T09:00:00,905.865038917232,794.431295374146,1
2026-02-09T09:15:00,906.2241456459648,794.431295374146,1
2026-02-09T09:30:00,907.6311720100053,794.431295374146,1
2026-02-09T09:45:00,907.3224662256562,794.431295374146,1
2026-02-09T10:00:00,907.8453760236354,794.431295374146,1
2026-02-09T10:15:00,910.3402227706207,794.431295374146,1
2026-02-09T10:30:00,911.8669513775721,794.431295374146,1
2026-02-09T10:45:00,911.4322432322641,794.431295374146,1
2026-02-09T11:00:00,911.3419415402436,794.431295374146,1
2026-02-09T11:15:00,910.3738234002097,794.431295374146,1
2026-02-09T11:30:00,910.4368245806892,794.431295374146,1
2026-02-09T11:45:00,910.2709214720934,794.431295374146,1
2026-02-09T12:00:00,908.0931109837688,908.0931109837688,0
2026-02-09T12:15:00,908.0931109837688,908.0931109837688,0
2026-02-09T12:30:00,908.0931109837688,908.0931109837688,0
2026-02-09T12:45:00,908.0931109837688,908.0931109837688,0
2026-02-09T13:00:00,908.0931109837688,908.0931109837688,0
2026-02-09T13:15:00,908.0931109837688,908.0931109837688,0
2026-02-09T13:30:00,908.0931109837688,908.0931109837688,0
2026-02-09T13:45:00,908.0931109837688,908.0931109837688,0
2026-02-09T14:00:00,908.0931109837688,908.0931109837688,0
2026-02-09T14:15:00,908.0931109837688,908.0931109837688,0
2026-02-09T14:30:00,908.0931109837688,908.0931109837688,0
2026-02-09T14:45:00,908.0931109837688,908.0931109837688,0
2026-02-09T15:00:00,908.0931109837688,908.0931109837688,0
2026-02-09T15:15:00,908.0931109837688,908.0931109837688,0
2026-02-09T15:30:00,908.0931109837688,908.0931109837688,0
2026-02-09T15:45:00,908.0931109837688,908.0931109837688,0
2026-02-09T16:00:00,908.0931109837688,908.0931109837688,0
2026-02-09T16:15:00,908.0931109837688,908.0931109837688,0
2026-02-09T16:30:00,908.0931109837688,908.0931109837688,0
2026-02-09T16:45:00,908.0931109837688,908.0931109837688,0
2026-02-09T17:00:00,908.0931109837688,908.0931109837688,0
2026-02-09T17:15:00,908.0931109837688,908.0931109837688,0
2026-02-09T17:30:00,908.0931109837688,908.0931109837688,0
2026-02-09T17:45:00,908.0931109837688,908.0931109837688,0
2026-02-09T18:00:00,907.265909338204,798.9475837884077,1
2026-02-09T18:15:00,905.2495918855948,798.9475837884077,1
2026-02-09T18:30:00,907.9127685412744,798.9475837884077,1
2026-02-09T18:45:00,908.1870695957411,798.9475837884077,1
2026-02-09T19:00:00,907.2004046087791,798.9475837884077,1
2026-02-09T19:15:00,907.5013169595745,798.9475837884077,1
2026-02-09T19:30:00,908.1706934133849,798.9475837884077,1
2026-02-09T19:45:00,908.3242201229745,798.9475837884077,1
2026-02-09T20:00:00,910.2361394130626,798.9475837884077,1
2026-02-09T20:15:00,905.9640028408847,798.9475837884077,1
2026-02-09T20:30:00,907.5722479980244,907.5722479980244,0
2026-02-09T20:45:00,907.5722479980244,907.5722479980244,0
2026-02-09T21:00:00,907.5722479980244,907.5722479980244,0
2026-02-09T21:15:00,907.5722479980244,907.5722479980244,0
2026-02-09T21:30:00,907.5722479980244,907.5722479980244,0
2026-02-09T21:45:00,907.5722479980244,907.5722479980244,0
2026-02-09T22:00:00,907.5722479980244,907.5722479980244,0
2026-02-09T22:15:00,907.5722479980244,907.5722479980244,0
2026-02-09T22:30:00,907.5722479980244,907.5722479980244,0
2026-02-09T22:45:00,907.5722479980244,907.5722479980244,0
2026-02-09T23:00:00,907.5722479980244,907.5722479980244,0
2026-02-09T23:15:00,907.5722479980244,907.5722479980244,0
2026-02-09T23:30:00,907.5722479980244,907.5722479980244,0
2026-02-09T23:45:00,907.5722479980244,907.5722479980244,0
2026-02-10T00:00:00,907.5722479980244,907.5722479980244,0
2026-02-10T00:15:00,907.5722479980244,907.5722479980244,0
2026-02-10T00:30:00,907.5722479980244,907.5722479980244,0
2026-02-10T00:45:00,907.5722479980244,907.5722479980244,0
2026-02-10T01:00:00,907.5722479980244,907.5722479980244,0
2026-02-10T01:15:00,907.5722479980244,907.5722479980244,0
2026-02-10T01:30:00,907.5722479980244,907.5722479980244,0
2026-02-10T01:45:00,907.5722479980244,907.5722479980244,0
2026-02-10T02:00:00,907.5722479980244,907.5722479980244,0
2026-02-10T02:15:00,907.5722479980244,907.5722479980244,0
2026-02-10T02:30:00,907.5722479980244,907.5722479980244,0
2026-02-10T02:45:00,907.5722479980244,907.5722479980244,0
2026-02-10T03:00:00,907.5722479980244,907.5722479980244,0
2026-02-10T03:15:00,907.5722479980244,907.5722479980244,0
2026-02-10T03:30:00,907.5722479980244,907.5722479980244,0
2026-02-10T03:45:00,907.5722479980244,907.5722479980244,0
2026-02-10T04:00:00,907.5722479980244,907.5722479980244,0
2026-02-10T04:15:00,907.5722479980244,907.5722479980244,0
2026-02-10T04:30:00,907.5722479980244,907.5722479980244,0
2026-02-10T04:45:00,907.5722479980244,907.5722479980244,0
2026-02-10T05:00:00,907.5722479980244,907.5722479980244,0
2026-02-10T05:15:00,907.5722479980244,907.5722479980244,0
2026-02-10T05:30:00,907.5722479980244,907.5722479980244,0
2026-02-10T05:45:00,907.5722479980244,907.5722479980244,0
2026-02-10T06:00:00,907.5722479980244,907.5722479980244,0
2026-02-10T06:15:00,907.5722479980244,907.5722479980244,0
2026-02-10T06:30:00,907.5722479980244,907.5722479980244,0
2026-02-10T06:45:00,906.7435604573467,798.4893243666459,1
2026-02-10T07:00:00,906.1441160400236,798.4893243666459,1
2026-02-10T07:15:00,905.7379707282865,798.4893243666459,1
2026-02-10T07:30:00,906.2179606421575,798.4893243666459,1
2026-02-10T07:45:00,907.0302512656316,798.4893243666459,1
2026-02-10T08:00:00,907.6492427835195,798.4893243666459,1
2026-02-10T08:15:00,906.1745226409023,798.4893243666459,1
2026-02-10T08:30:00,906.7413885572839,798.4893243666459,1
2026-02-10T08:45:00,905.420873319123,798.4893243666459,1
2026-02-10T09:00:00,903.6049557721856,903.6049557721856,0
2026-02-10T09:15:00,903.6049557721856,903.6049557721856,0
2026-02-10T09:30:00,903.6049557721856,903.6049557721856,0
2026-02-10T09:45:00,903.6049557721856,903.6049557721856,0
2026-02-10T10:00:00,903.6049557721856,903.6049557721856,0
2026-02-10T10:15:00,903.6049557721856,903.6049557721856,0
2026-02-10T10:30:00,903.6049557721856,903.6049557721856,0
2026-02-10T10:45:00,903.6049557721856,903.6049557721856,0
2026-02-10T11:00:00,903.6049557721856,903.6049557721856,0
2026-02-10T11:15:00,903.6049557721856,903.6049557721856,0
2026-02-10T11:30:00,902.7798906931301,794.9988689280151,1
2026-02-10T11:45:00,903.6111237290955,794.9988689280151,1
2026-02-10T12:00:00,902.9692271068778,794.9988689280151,1
2026-02-10T12:15:00,902.1793659434787,794.9988689280151,1
2026-02-10T12:30:00,903.3910430797711,794.9988689280151,1
2026-02-10T12:45:00,903.1359797920228,794.9988689280151,1
2026-02-10T13:00:00,903.2761633846939,794.9988689280151,1
2026-02-10T13:15:00,901.9994596081849,901.9994596081849,0
2026-02-10T13:30:00,901.9994596081849,901.9994596081849,0
2026-02-10T13:45:00,901.9994596081849,901.9994596081849,0
2026-02-10T14:00:00,901.9994596081849,901.9994596081849,0
2026-02-10T14:15:00,901.9994596081849,901.9994596081849,0
2026-02-10T14:30:00,901.9994596081849,901.9994596081849,0
2026-02-10T14:45:00,901.9994596081849,901.9994596081849,0
2026-02-10T15:00:00,901.9994596081849,901.9994596081849,0
2026-02-10T15:15:00,901.9994596081849,901.9994596081849,0
2026-02-10T15:30:00,901.9994596081849,901.9994596081849,0
2026-02-10T15:45:00,901.9994596081849,901.9994596081849,0
2026-02-10T16:00:00,901.9994596081849,901.9994596081849,0
2026-02-10T16:15:00,901.9994596081849,901.9994596081849,0
2026-02-10T16:30:00,901.9994596081849,901.9994596081849,0
2026-02-10T16:45:00,901.9994596081849,901.9994596081849,0
2026-02-10T17:00:00,901.9994596081849,901.9994596081849,0
2026-02-10T17:15:00,901.9994596081849,901.9994596081849,0
2026-02-10T17:30:00,901.9994596081849,901.9994596081849,0
2026-02-10T17:45:00,901.9994596081849,901.9994596081849,0
2026-02-10T18:00:00,901.9994596081849,901.9994596081849,0
2026-02-10T18:15:00,901.9994596081849,901.9994596081849,0
2026-02-10T18:30:00,901.9994596081849,901.9994596081849,0
2026-02-10T18:45:00,901.9994596081849,901.9994596081849,0
2026-02-10T19:00:00,901.9994596081849,901.9994596081849,0
2026-02-10T19:15:00,901.9994596081849,901.9994596081849,0
2026-02-10T19:30:00,901.9994596081849,901.9994596081849,0
2026-02-10T19:45:00,901.9994596081849,901.9994596081849,0
2026-02-10T20:00:00,901.9994596081849,901.9994596081849,0
2026-02-10T20:15:00,901.9994596081849,901.9994596081849,0
2026-02-10T20:30:00,901.9994596081849,901.9994596081849,0
2026-02-10T20:45:00,901.9994596081849,901.9994596081849,0
2026-02-10T21:00:00,901.9994596081849,901.9994596081849,0
2026-02-10T21:15:00,901.9994596081849,901.9994596081849,0
2026-02-10T21:30:00,901.9994596081849,901.9994596081849,0
2026-02-10T21:45:00,901.9994596081849,901.9994596081849,0
2026-02-10T22:00:00,901.9994596081849,901.9994596081849,0
2026-02-10T22:15:00,901.9994596081849,901.9994596081849,0
2026-02-10T22:30:00,901.9994596081849,901.9994596081849,0
2026-02-10T22:45:00,901.9994596081849,901.9994596081849,0
2026-02-10T23:00:00,901.9994596081849,901.9994596081849,0
2026-02-10T23:15:00,901.9994596081849,901.9994596081849,0
2026-02-10T23:30:00,901.9994596081849,901.9994596081849,0
2026-02-10T23:45:00,901.9994596081849,901.9994596081849,0
2026-02-11T00:00:00,901.9994596081849,901.9994596081849,0
2026-02-11T00:15:00,901.9994596081849,901.9994596081849,0
2026-02-11T00:30:00,901.9994596081849,901.9994596081849,0
2026-02-11T00:45:00,901.9994596081849,901.9994596081849,0
2026-02-11T01:00:00,901.9994596081849,901.9994596081849,0
2026-02-11T01:15:00,901.9994596081849,901.9994596081849,0
2026-02-11T01:30:00,901.9994596081849,901.9994596081849,0
2026-02-11T01:45:00,901.9994596081849,901.9994596081849,0
2026-02-11T02:00:00,901.9994596081849,901.9994596081849,0
2026-02-11T02:15:00,901.9994596081849,901.9994596081849,0
2026-02-11T02:30:00,901.9994596081849,901.9994596081849,0
2026-02-11T02:45:00,901.9994596081849,901.9994596081849,0
2026-02-11T03:00:00,901.9994596081849,901.9994596081849,0
2026-02-11T03:15:00,901.9994596081849,901.9994596081849,0
2026-02-11T03:30:00,901.9994596081849,901.9994596081849,0
2026-02-11T03:45:00,901.9994596081849,901.9994596081849,0
2026-02-11T04:00:00,901.9994596081849,901.9994596081849,0
2026-02-11T04:15:00,901.9994596081849,901.9994596081849,0
2026-02-11T04:30:00,901.9994596081849,901.9994596081849,0
2026-02-11T04:45:00,901.9994596081849,901.9994596081849,0
2026-02-11T05:00:00,901.9994596081849,901.9994596081849,0
2026-02-11T05:15:00,901.9994596081849,901.9994596081849,0
2026-02-11T05:30:00,901.9994596081849,901.9994596081849,0
2026-02-11T05:45:00,901.9994596081849,901.9994596081849,0
2026-02-11T06:00:00,901.9994596081849,901.9994596081849,0
2026-02-11T06:15:00,901.9994596081849,901.9994596081849,0
2026-02-11T06:30:00,901.9994596081849,901.9994596081849,0
2026-02-11T06:45:00,901.9994596081849,901.9994596081849,0
2026-02-11T07:00:00,901.9994596081849,901.9994596081849,0
2026-02-11T07:15:00,901.9994596081849,901.9994596081849,0
2026-02-11T07:30:00,901.9994596081849,901.9994596081849,0
2026-02-11T07:45:00,901.9994596081849,901.9994596081849,0
2026-02-11T08:00:00,901.9994596081849,901.9994596081849,0
2026-02-11T08:15:00,901.9994596081849,901.9994596081849,0
2026-02-11T08:30:00,901.9994596081849,901.9994596081849,0
2026-02-11T08:45:00,901.9994596081849,901.9994596081849,0
2026-02-11T09:00:00,901.9994596081849,901.9994596081849,0
2026-02-11T09:15:00,901.9994596081849,901.9994596081849,0
2026-02-11T09:30:00,901.9994596081849,901.9994596081849,0
2026-02-11T09:45:00,901.9994596081849,901.9994596081849,0
2026-02-11T10:00:00,901.9994596081849,901.9994596081849,0
2026-02-11T10:15:00,901.9994596081849,901.9994596081849,0
2026-02-11T10:30:00,901.9994596081849,901.9994596081849,0
2026-02-11T10:45:00,901.9994596081849,901.9994596081849,0
2026-02-11T11:00:00,901.9994596081849,901.9994596081849,0
2026-02-11T11:15:00,901.9994596081849,901.9994596081849,0
2026-02-11T11:30:00,901.9994596081849,901.9994596081849,0
2026-02-11T11:45:00,901.9994596081849,901.9994596081849,0
2026-02-11T12:00:00,901.9994596081849,901.9994596081849,0
2026-02-11T12:15:00,901.9994596081849,901.9994596081849,0
2026-02-11T12:30:00,901.9994596081849,901.9994596081849,0
2026-02-11T12:45:00,901.9994596081849,901.9994596081849,0
2026-02-11T13:00:00,901.9994596081849,901.9994596081849,0
2026-02-11T13:15:00,901.9994596081849,901.9994596081849,0
2026-02-11T13:30:00,901.9994596081849,901.9994596081849,0
2026-02-11T13:45:00,901.9994596081849,901.9994596081849,0
2026-02-11T14:00:00,901.9994596081849,901.9994596081849,0
2026-02-11T14:15:00,901.9994596081849,901.9994596081849,0
2026-02-11T14:30:00,901.9994596081849,901.9994596081849,0
2026-02-11T14:45:00,901.9994596081849,901.9994596081849,0
2026-02-11T15:00:00,901.9994596081849,901.9994596081849,0
2026-02-11T15:15:00,901.9994596081849,901.9994596081849,0
2026-02-11T15:30:00,901.9994596081849,901.9994596081849,0
2026-02-11T15:45:00,901.9994596081849,901.9994596081849,0
2026-02-11T16:00:00,901.9994596081849,901.9994596081849,0
2026-02-11T16:15:00,901.9994596081849,901.9994596081849,0
2026-02-11T16:30:00,901.9994596081849,901.9994596081849,0
2026-02-11T16:45:00,901.9994596081849,901.9994596081849,0
2026-02-11T17:00:00,901.9994596081849,901.9994596081849,0
2026-02-11T17:15:00,901.9994596081849,901.9994596081849,0
2026-02-11T17:30:00,901.9994596081849,901.9994596081849,0
2026-02-11T17:45:00,901.9994596081849,901.9994596081849,0
2026-02-11T18:00:00,901.9994596081849,901.9994596081849,0
2026-02-11T18:15:00,901.9994596081849,901.9994596081849,0
2026-02-11T18:30:00,901.9994596081849,901.9994596081849,0
2026-02-11T18:45:00,901.9994596081849,901.9994596081849,0
2026-02-11T19:00:00,901.9994596081849,901.9994596081849,0
2026-02-11T19:15:00,901.9994596081849,901.9994596081849,0
2026-02-11T19:30:00,901.9994596081849,901.9994596081849,0
2026-02-11T19:45:00,901.9994596081849,901.9994596081849,0
2026-02-11T20:00:00,901.9994596081849,901.9994596081849,0
2026-02-11T20:15:00,901.9994596081849,901.9994596081849,0
2026-02-11T20:30:00,901.9994596081849,901.9994596081849,0
2026-02-11T20:45:00,901.9994596081849,901.9994596081849,0
2026-02-11T21:00:00,901.9994596081849,901.9994596081849,0
2026-02-11T21:15:00,901.9994596081849,901.9994596081849,0
2026-02-11T21:30:00,901.9994596081849,901.9994596081849,0
2026-02-11T21:45:00,901.9994596081849,901.9994596081849,0
2026-02-11T22:00:00,901.9994596081849,901.9994596081849,0
2026-02-11T22:15:00,901.9994596081849,901.9994596081849,0
2026-02-11T22:30:00,901.9994596081849,901.9994596081849,0
2026-02-11T22:45:00,901.9994596081849,901.9994596081849,0
2026-02-11T23:00:00,901.9994596081849,901.9994596081849,0
2026-02-11T23:15:00,901.9994596081849,901.9994596081849,0
2026-02-11T23:30:00,901.9994596081849,901.9994596081849,0
2026-02-11T23:45:00,901.1758604781717,793.586340558958,1
2026-02-12T00:00:00,898.1387274953803,898.1387274953803,0
2026-02-12T00:15:00,898.1387274953803,898.1387274953803,0
2026-02-12T00:30:00,898.1387274953803,898.1387274953803,0
2026-02-12T00:45:00,898.1387274953803,898.1387274953803,0
2026-02-12T01:00:00,898.1387274953803,898.1387274953803,0
2026-02-12T01:15:00,898.1387274953803,898.1387274953803,0
2026-02-12T01:30:00,898.1387274953803,898.1387274953803,0
2026-02-12T01:45:00,898.1387274953803,898.1387274953803,0
2026-02-12T02:00:00,898.1387274953803,898.1387274953803,0
2026-02-12T02:15:00,898.1387274953803,898.1387274953803,0
2026-02-12T02:30:00,898.1387274953803,898.1387274953803,0
2026-02-12T02:45:00,898.1387274953803,898.1387274953803,0
2026-02-12T03:00:00,898.1387274953803,898.1387274953803,0
2026-02-12T03:15:00,898.1387274953803,898.1387274953803,0
2026-02-12T03:30:00,898.1387274953803,898.1387274953803,0
2026-02-12T03:45:00,898.1387274953803,898.1387274953803,0
2026-02-12T04:00:00,898.1387274953803,898.1387274953803,0
2026-02-12T04:15:00,898.1387274953803,898.1387274953803,0
2026-02-12T04:30:00,898.1387274953803,898.1387274953803,0
2026-02-12T04:45:00,898.1387274953803,898.1387274953803,0
2026-02-12T05:00:00,898.1387274953803,898.1387274953803,0
2026-02-12T05:15:00,898.1387274953803,898.1387274953803,0
2026-02-12T05:30:00,898.1387274953803,898.1387274953803,0
2026-02-12T05:45:00,898.1387274953803,898.1387274953803,0
2026-02-12T06:00:00,898.1387274953803,898.1387274953803,0
2026-02-12T06:15:00,898.1387274953803,898.1387274953803,0
2026-02-12T06:30:00,898.1387274953803,898.1387274953803,0
2026-02-12T06:45:00,898.1387274953803,898.1387274953803,0
2026-02-12T07:00:00,898.1387274953803,898.1387274953803,0
2026-02-12T07:15:00,898.1387274953803,898.1387274953803,0
2026-02-12T07:30:00,898.1387274953803,898.1387274953803,0
2026-02-12T07:45:00,898.1387274953803,898.1387274953803,0
2026-02-12T08:00:00,898.1387274953803,898.1387274953803,0
2026-02-12T08:15:00,898.1387274953803,898.1387274953803,0
2026-02-12T08:30:00,898.1387274953803,898.1387274953803,0
2026-02-12T08:45:00,898.1387274953803,898.1387274953803,0
2026-02-12T09:00:00,898.1387274953803,898.1387274953803,0
2026-02-12T09:15:00,898.1387274953803,898.1387274953803,0
2026-02-12T09:30:00,898.1387274953803,898.1387274953803,0
2026-02-12T09:45:00,898.1387274953803,898.1387274953803,0
2026-02-12T10:00:00,898.1387274953803,898.1387274953803,0
2026-02-12T10:15:00,898.1387274953803,898.1387274953803,0
2026-02-12T10:30:00,898.1387274953803,898.1387274953803,0
2026-02-12T10:45:00,898.1387274953803,898.1387274953803,0
2026-02-12T11:00:00,897.3205935129246,790.1896375602555,1
2026-02-12T11:15:00,899.4115755175109,790.1896375602555,1
2026-02-12T11:30:00,898.4050469128188,790.1896375602555,1
2026-02-12T11:45:00,897.3985183081265,790.1896375602555,1
2026-02-12T12:00:00,896.8833488287357,790.1896375602555,1
2026-02-12T12:15:00,896.4937248527258,790.1896375602555,1
2026-02-12T12:30:00,895.7037039718014,895.7037039718014,0
2026-02-12T12:45:00,895.7037039718014,895.7037039718014,0
2026-02-12T13:00:00,895.7037039718014,895.7037039718014,0
2026-02-12T13:15:00,895.7037039718014,895.7037039718014,0
2026-02-12T13:30:00,895.7037039718014,895.7037039718014,0
2026-02-12T13:45:00,895.7037039718014,895.7037039718014,0
2026-02-12T14:00:00,895.7037039718014,895.7037039718014,0
2026-02-12T14:15:00,895.7037039718014,895.7037039718014,0
2026-02-12T14:30:00,895.7037039718014,895.7037039718014,0
2026-02-12T14:45:00,895.7037039718014,895.7037039718014,0
2026-02-12T15:00:00,895.7037039718014,895.7037039718014,0
2026-02-12T15:15:00,895.7037039718014,895.7037039718014,0
2026-02-12T15:30:00,895.7037039718014,895.7037039718014,0
2026-02-12T15:45:00,895.7037039718014,895.7037039718014,0
2026-02-12T16:00:00,895.7037039718014,895.7037039718014,0
2026-02-12T16:15:00,895.7037039718014,895.7037039718014,0
2026-02-12T16:30:00,895.7037039718014,895.7037039718014,0
2026-02-12T16:45:00,895.7037039718014,895.7037039718014,0
2026-02-12T17:00:00,894.885853380559,788.0472843840226,1
2026-02-12T17:15:00,892.3386508968176,788.0472843840226,1
2026-02-12T17:30:00,893.3293024156294,788.0472843840226,1
2026-02-12T17:45:00,897.0234337420758,788.0472843840226,1
2026-02-12T18:00:00,895.188910873289,788.0472843840226,1
2026-02-12T18:15:00,897.7437765786966,788.0472843840226,1
2026-02-12T18:30:00,896.9002327168271,788.0472843840226,1
2026-02-12T18:45:00,895.8643878394713,788.0472843840226,1
2026-02-12T19:00:00,896.7969429683864,788.0472843840226,1
2026-02-12T19:15:00,894.626155312983,788.0472843840226,1
2026-02-12T19:30:00,892.976608364311,892.976608364311,0
2026-02-12T19:45:00,892.976608364311,892.976608364311,0
2026-02-12T20:00:00,892.976608364311,892.976608364311,0
2026-02-12T20:15:00,892.976608364311,892.976608364311,0
2026-02-12T20:30:00,892.976608364311,892.976608364311,0
2026-02-12T20:45:00,892.976608364311,892.976608364311,0
2026-02-12T21:00:00,892.976608364311,892.976608364311,0
2026-02-12T21:15:00,892.976608364311,892.976608364311,0
2026-02-12T21:30:00,892.976608364311,892.976608364311,0
2026-02-12T21:45:00,892.976608364311,892.976608364311,0
2026-02-12T22:00:00,892.976608364311,892.976608364311,0
2026-02-12T22:15:00,892.976608364311,892.976608364311,0
2026-02-12T22:30:00,892.976608364311,892.976608364311,0
2026-02-12T22:45:00,892.976608364311,892.976608364311,0
2026-02-12T23:00:00,892.976608364311,892.976608364311,0
2026-02-12T23:15:00,892.976608364311,892.976608364311,0
2026-02-12T23:30:00,892.976608364311,892.976608364311,0
2026-02-12T23:45:00,892.976608364311,892.976608364311,0
2026-02-13T00:00:00,892.976608364311,892.976608364311,0
2026-02-13T00:15:00,892.976608364311,892.976608364311,0
2026-02-13T00:30:00,892.976608364311,892.976608364311,0
2026-02-13T00:45:00,892.976608364311,892.976608364311,0
2026-02-13T01:00:00,892.976608364311,892.976608364311,0
2026-02-13T01:15:00,892.976608364311,892.976608364311,0
2026-02-13T01:30:00,892.976608364311,892.976608364311,0
2026-02-13T01:45:00,892.976608364311,892.976608364311,0
2026-02-13T02:00:00,892.976608364311,892.976608364311,0
2026-02-13T02:15:00,892.976608364311,892.976608364311,0
2026-02-13T02:30:00,892.976608364311,892.976608364311,0
2026-02-13T02:45:00,892.976608364311,892.976608364311,0
2026-02-13T03:00:00,892.976608364311,892.976608364311,0
2026-02-13T03:15:00,892.976608364311,892.976608364311,0
2026-02-13T03:30:00,892.976608364311,892.976608364311,0
2026-02-13T03:45:00,892.976608364311,892.976608364311,0
2026-02-13T04:00:00,892.976608364311,892.976608364311,0
2026-02-13T04:15:00,892.976608364311,892.976608364311,0
2026-02-13T04:30:00,892.976608364311,892.976608364311,0
2026-02-13T04:45:00,892.976608364311,892.976608364311,0
2026-02-13T05:00:00,892.976608364311,892.976608364311,0
2026-02-13T05:15:00,892.976608364311,892.976608364311,0
2026-02-13T05:30:00,892.976608364311,892.976608364311,0
2026-02-13T05:45:00,892.976608364311,892.976608364311,0
2026-02-13T06:00:00,892.1612478339504,785.6479638517877,1
2026-02-13T06:15:00,893.0685665694168,785.6479638517877,1
2026-02-13T06:30:00,893.3214622560749,785.6479638517877,1
2026-02-13T06:45:00,891.8284903515055,785.6479638517877,1
2026-02-13T07:00:00,889.2193214157448,889.2193214157448,0
2026-02-13T07:15:00,889.2193214157448,889.2193214157448,0
2026-02-13T07:30:00,888.4073915950472,782.3422727361436,1
2026-02-13T07:45:00,887.8808763171162,782.3422727361436,1
2026-02-13T08:00:00,887.5491296742259,782.3422727361436,1
2026-02-13T08:15:00,886.2127250178437,886.2127250178437,0
2026-02-13T08:30:00,886.2127250178437,886.2127250178437,0
2026-02-13T08:45:00,886.2127250178437,886.2127250178437,0
2026-02-13T09:00:00,886.2127250178437,886.2127250178437,0
2026-02-13T09:15:00,886.2127250178437,886.2127250178437,0
2026-02-13T09:30:00,886.2127250178437,886.2127250178437,0
2026-02-13T09:45:00,886.2127250178437,886.2127250178437,0
2026-02-13T10:00:00,886.2127250178437,886.2127250178437,0
2026-02-13T10:15:00,886.2127250178437,886.2127250178437,0
2026-02-13T10:30:00,886.2127250178437,886.2127250178437,0
2026-02-13T10:45:00,886.2127250178437,886.2127250178437,0
2026-02-13T11:00:00,886.2127250178437,886.2127250178437,0
2026-02-13T11:15:00,886.2127250178437,886.2127250178437,0
2026-02-13T11:30:00,886.2127250178437,886.2127250178437,0
2026-02-13T11:45:00,886.2127250178437,886.2127250178437,0
2026-02-13T12:00:00,886.2127250178437,886.2127250178437,0
2026-02-13T12:15:00,886.2127250178437,886.2127250178437,0
2026-02-13T12:30:00,886.2127250178437,886.2127250178437,0
2026-02-13T12:45:00,886.2127250178437,886.2127250178437,0
2026-02-13T13:00:00,886.2127250178437,886.2127250178437,0
2026-02-13T13:15:00,886.2127250178437,886.2127250178437,0
2026-02-13T13:30:00,886.2127250178437,886.2127250178437,0
2026-02-13T13:45:00,886.2127250178437,886.2127250178437,0
2026-02-13T14:00:00,886.2127250178437,886.2127250178437,0
2026-02-13T14:15:00,886.2127250178437,886.2127250178437,0
2026-02-13T14:30:00,886.2127250178437,886.2127250178437,0
2026-02-13T14:45:00,886.2127250178437,886.2127250178437,0
2026-02-13T15:00:00,886.2127250178437,886.2127250178437,0
2026-02-13T15:15:00,886.2127250178437,886.2127250178437,0
2026-02-13T15:30:00,886.2127250178437,886.2127250178437,0
2026-02-13T15:45:00,886.2127250178437,886.2127250178437,0
2026-02-13T16:00:00,886.2127250178437,886.2127250178437,0
2026-02-13T16:15:00,886.2127250178437,886.2127250178437,0
2026-02-13T16:30:00,886.2127250178437,886.2127250178437,0
2026-02-13T16:45:00,886.2127250178437,886.2127250178437,0
2026-02-13T17:00:00,886.2127250178437,886.2127250178437,0
2026-02-13T17:15:00,886.2127250178437,886.2127250178437,0
2026-02-13T17:30:00,886.2127250178437,886.2127250178437,0
2026-02-13T17:45:00,886.2127250178437,886.2127250178437,0
2026-02-13T18:00:00,886.2127250178437,886.2127250178437,0
2026-02-13T18:15:00,886.2127250178437,886.2127250178437,0
2026-02-13T18:30:00,886.2127250178437,886.2127250178437,0
2026-02-13T18:45:00,886.2127250178437,886.2127250178437,0
2026-02-13T19:00:00,886.2127250178437,886.2127250178437,0
2026-02-13T19:15:00,886.2127250178437,886.2127250178437,0
2026-02-13T19:30:00,886.2127250178437,886.2127250178437,0
2026-02-13T19:45:00,886.2127250178437,886.2127250178437,0
2026-02-13T20:00:00,886.2127250178437,886.2127250178437,0
2026-02-13T20:15:00,886.2127250178437,886.2127250178437,0
2026-02-13T20:30:00,886.2127250178437,886.2127250178437,0
2026-02-13T20:45:00,886.2127250178437,886.2127250178437,0
2026-02-13T21:00:00,886.2127250178437,886.2127250178437,0
2026-02-13T21:15:00,886.2127250178437,886.2127250178437,0
2026-02-13T21:30:00,886.2127250178437,886.2127250178437,0
2026-02-13T21:45:00,886.2127250178437,886.2127250178437,0
2026-02-13T22:00:00,886.2127250178437,886.2127250178437,0
2026-02-13T22:15:00,886.2127250178437,886.2127250178437,0
2026-02-13T22:30:00,886.2127250178437,886.2127250178437,0
2026-02-13T22:45:00,886.2127250178437,886.2127250178437,0
2026-02-13T23:00:00,886.2127250178437,886.2127250178437,0
2026-02-13T23:15:00,886.2127250178437,886.2127250178437,0
2026-02-13T23:30:00,886.2127250178437,886.2127250178437,0
2026-02-13T23:45:00,886.2127250178437,886.2127250178437,0
2026-02-14T00:00:00,886.2127250178437,886.2127250178437,0
2026-02-14T00:15:00,886.2127250178437,886.2127250178437,0
2026-02-14T00:30:00,886.2127250178437,886.2127250178437,0
2026-02-14T00:45:00,886.2127250178437,886.2127250178437,0
2026-02-14T01:00:00,886.2127250178437,886.2127250178437,0
2026-02-14T01:15:00,886.2127250178437,886.2127250178437,0
2026-02-14T01:30:00,886.2127250178437,886.2127250178437,0
2026-02-14T01:45:00,886.2127250178437,886.2127250178437,0
2026-02-14T02:00:00,886.2127250178437,886.2127250178437,0
2026-02-14T02:15:00,886.2127250178437,886.2127250178437,0
2026-02-14T02:30:00,886.2127250178437,886.2127250178437,0
2026-02-14T02:45:00,886.2127250178437,886.2127250178437,0
2026-02-14T03:00:00,886.2127250178437,886.2127250178437,0
2026-02-14T03:15:00,886.2127250178437,886.2127250178437,0
2026-02-14T03:30:00,886.2127250178437,886.2127250178437,0
2026-02-14T03:45:00,886.2127250178437,886.2127250178437,0
2026-02-14T04:00:00,886.2127250178437,886.2127250178437,0
2026-02-14T04:15:00,886.2127250178437,886.2127250178437,0
2026-02-14T04:30:00,886.2127250178437,886.2127250178437,0
2026-02-14T04:45:00,886.2127250178437,886.2127250178437,0
2026-02-14T05:00:00,886.2127250178437,886.2127250178437,0
2026-02-14T05:15:00,886.2127250178437,886.2127250178437,0
2026-02-14T05:30:00,886.2127250178437,886.2127250178437,0
2026-02-14T05:45:00,886.2127250178437,886.2127250178437,0
2026-02-14T06:00:00,886.2127250178437,886.2127250178437,0
2026-02-14T06:15:00,886.2127250178437,886.2127250178437,0
2026-02-14T06:30:00,886.2127250178437,886.2127250178437,0
2026-02-14T06:45:00,886.2127250178437,886.2127250178437,0
2026-02-14T07:00:00,886.2127250178437,886.2127250178437,0
2026-02-14T07:15:00,886.2127250178437,886.2127250178437,0
2026-02-14T07:30:00,885.405454688856,779.697045172499,1
2026-02-14T07:45:00,885.6366707397002,779.697045172499,1
2026-02-14T08:00:00,887.7720117509492,779.697045172499,1
2026-02-14T08:15:00,887.3326644169499,779.697045172499,1
2026-02-14T08:30:00,888.3617784488807,779.697045172499,1
2026-02-14T08:45:00,888.8718535817576,779.697045172499,1
2026-02-14T09:00:00,888.6884647490779,779.697045172499,1
2026-02-14T09:15:00,887.9442265737368,779.697045172499,1
2026-02-14T09:30:00,888.7537897299856,779.697045172499,1
2026-02-14T09:45:00,888.6798693568531,779.697045172499,1
2026-02-14T10:00:00,888.2880422627246,779.697045172499,1
2026-02-14T10:15:00,888.0969175770426,779.697045172499,1
2026-02-14T10:30:00,888.0221990603466,779.697045172499,1
2026-02-14T10:45:00,888.4154382546263,779.697045172499,1
2026-02-14T11:00:00,891.0310775042594,779.697045172499,1
2026-02-14T11:15:00,891.6211511804847,779.697045172499,1
2026-02-14T11:30:00,892.3369631658255,779.697045172499,1
2026-02-14T11:45:00,893.5350994462891,779.697045172499,1
2026-02-14T12:00:00,893.4290691436316,779.697045172499,1
2026-02-14T12:15:00,892.6180938872318,779.697045172499,1
2026-02-14T12:30:00,890.9674102061381,779.697045172499,1
2026-02-14T12:45:00,887.8798825176541,887.8798825176541,0
2026-02-14T13:00:00,887.8798825176541,887.8798825176541,0
2026-02-14T13:15:00,887.8798825176541,887.8798825176541,0
2026-02-14T13:30:00,887.8798825176541,887.8798825176541,0
2026-02-14T13:45:00,887.8798825176541,887.8798825176541,0
2026-02-14T14:00:00,887.8798825176541,887.8798825176541,0
2026-02-14T14:15:00,887.8798825176541,887.8798825176541,0
2026-02-14T14:30:00,887.8798825176541,887.8798825176541,0
2026-02-14T14:45:00,887.8798825176541,887.8798825176541,0
2026-02-14T15:00:00,887.8798825176541,887.8798825176541,0
2026-02-14T15:15:00,887.8798825176541,887.8798825176541,0
2026-02-14T15:30:00,887.8798825176541,887.8798825176541,0
2026-02-14T15:45:00,887.8798825176541,887.8798825176541,0
2026-02-14T16:00:00,887.8798825176541,887.8798825176541,0
2026-02-14T16:15:00,887.8798825176541,887.8798825176541,0
2026-02-14T16:30:00,887.8798825176541,887.8798825176541,0
2026-02-14T16:45:00,887.8798825176541,887.8798825176541,0
2026-02-14T17:00:00,887.8798825176541,887.8798825176541,0
2026-02-14T17:15:00,887.8798825176541,887.8798825176541,0
2026-02-14T17:30:00,887.8798825176541,887.8798825176541,0
2026-02-14T17:45:00,887.8798825176541,887.8798825176541,0
2026-02-14T18:00:00,887.8798825176541,887.8798825176541,0
2026-02-14T18:15:00,887.8798825176541,887.8798825176541,0
2026-02-14T18:30:00,887.8798825176541,887.8798825176541,0
2026-02-14T18:45:00,887.8798825176541,887.8798825176541,0
2026-02-14T19:00:00,887.8798825176541,887.8798825176541,0
2026-02-14T19:15:00,887.8798825176541,887.8798825176541,0
2026-02-14T19:30:00,887.8798825176541,887.8798825176541,0
2026-02-14T19:45:00,887.8798825176541,887.8798825176541,0
2026-02-14T20:00:00,887.8798825176541,887.8798825176541,0
2026-02-14T20:15:00,887.8798825176541,887.8798825176541,0
2026-02-14T20:30:00,887.8798825176541,887.8798825176541,0
2026-02-14T20:45:00,887.8798825176541,887.8798825176541,0
2026-02-14T21:00:00,887.8798825176541,887.8798825176541,0
2026-02-14T21:15:00,887.8798825176541,887.8798825176541,0
2026-02-14T21:30:00,887.8798825176541,887.8798825176541,0
2026-02-14T21:45:00,887.8798825176541,887.8798825176541,0
2026-02-14T22:00:00,887.8798825176541,887.8798825176541,0
2026-02-14T22:15:00,887.8798825176541,887.8798825176541,0
2026-02-14T22:30:00,887.8798825176541,887.8798825176541,0
2026-02-14T22:45:00,887.8798825176541,887.8798825176541,0
2026-02-14T23:00:00,887.8798825176541,887.8798825176541,0
2026-02-14T23:15:00,887.8798825176541,887.8798825176541,0
2026-02-14T23:30:00,887.8798825176541,887.8798825176541,0
2026-02-14T23:45:00,887.8798825176541,887.8798825176541,0
2026-02-15T00:00:00,887.8798825176541,887.8798825176541,0
2026-02-15T00:15:00,887.8798825176541,887.8798825176541,0
2026-02-15T00:30:00,887.8798825176541,887.8798825176541,0
2026-02-15T00:45:00,887.8798825176541,887.8798825176541,0
2026-02-15T01:00:00,887.8798825176541,887.8798825176541,0
2026-02-15T01:15:00,887.8798825176541,887.8798825176541,0
2026-02-15T01:30:00,887.8798825176541,887.8798825176541,0
2026-02-15T01:45:00,887.8798825176541,887.8798825176541,0
2026-02-15T02:00:00,887.8798825176541,887.8798825176541,0
2026-02-15T02:15:00,887.8798825176541,887.8798825176541,0
2026-02-15T02:30:00,887.8798825176541,887.8798825176541,0
2026-02-15T02:45:00,887.8798825176541,887.8798825176541,0
2026-02-15T03:00:00,887.8798825176541,887.8798825176541,0
2026-02-15T03:15:00,887.8798825176541,887.8798825176541,0
2026-02-15T03:30:00,887.8798825176541,887.8798825176541,0
2026-02-15T03:45:00,887.8798825176541,887.8798825176541,0
2026-02-15T04:00:00,887.8798825176541,887.8798825176541,0
2026-02-15T04:15:00,887.8798825176541,887.8798825176541,0
2026-02-15T04:30:00,887.8798825176541,887.8798825176541,0
2026-02-15T04:45:00,887.8798825176541,887.8798825176541,0
2026-02-15T05:00:00,887.8798825176541,887.8798825176541,0
2026-02-15T05:15:00,887.8798825176541,887.8798825176541,0
2026-02-15T05:30:00,887.8798825176541,887.8798825176541,0
2026-02-15T05:45:00,887.8798825176541,887.8798825176541,0
2026-02-15T06:00:00,887.8798825176541,887.8798825176541,0
