timestamp,equity,cash,open_positions
2025-09-18T06:00:00,1000.0,1000.0,0
2025-09-18T06:15:00,1000.0,1000.0,0
2025-09-18T06:30:00,1000.0,1000.0,0
2025-09-18T06:45:00,1000.0,1000.0,0
2025-09-18T07:00:00,1000.0,1000.0,0
2025-09-18T07:15:00,1000.0,1000.0,0
2025-09-18T07:30:00,1000.0,1000.0,0
2025-09-18T07:45:00,1000.0,1000.0,0
2025-09-18T08:00:00,1000.0,1000.0,0
2025-09-18T08:15:00,1000.0,1000.0,0
2025-09-18T08:30:00,1000.0,1000.0,0
2025-09-18T08:45:00,999.240898652022,899.84,1
2025-09-18T09:00:00,998.6620743775048,899.84,1
2025-09-18T09:15:00,999.1896983039013,899.84,1
2025-09-18T09:30:00,998.3730961415015,899.84,1
2025-09-18T09:45:00,998.7688140862989,899.84,1
2025-09-18T10:00:00,997.6026061004964,997.6026061004964,0
2025-09-18T10:15:00,997.6026061004964,997.6026061004964,0
2025-09-18T10:30:00,997.6026061004964,997.6026061004964,0
2025-09-18T10:45:00,997.6026061004964,997.6026061004964,0
2025-09-18T11:00:00,997.6026061004964,997.6026061004964,0
2025-09-18T11:15:00,997.6026061004964,997.6026061004964,0
2025-09-18T11:30:00,997.6026061004964,997.6026061004964,0
2025-09-18T11:45:00,997.6026061004964,997.6026061004964,0
2025-09-18T12:00:00,997.6026061004964,997.6026061004964,0
2025-09-18T12:15:00,997.6026061004964,997.6026061004964,0
2025-09-18T12:30:00,997.6026061004964,997.6026061004964,0
2025-09-18T12:45:00,997.6026061004964,997.6026061004964,0
2025-09-18T13:00:00,997.6026061004964,997.6026061004964,0
2025-09-18T13:15:00,997.6026061004964,997.6026061004964,0
2025-09-18T13:30:00,997.6026061004964,997.6026061004964,0
2025-09-18T13:45:00,997.6026061004964,997.6026061004964,0
2025-09-18T14:00:00,997.6026061004964,997.6026061004964,0
2025-09-18T14:15:00,997.6026061004964,997.6026061004964,0
2025-09-18T14:30:00,997.6026061004964,997.6026061004964,0
2025-09-18T14:45:00,997.6026061004964,997.6026061004964,0
2025-09-18T15:00:00,997.6026061004964,997.6026061004964,0
2025-09-18T15:15:00,997.6026061004964,997.6026061004964,0
2025-09-18T15:30:00,997.6026061004964,997.6026061004964,0
2025-09-18T15:45:00,997.6026061004964,997.6026061004964,0
2025-09-18T16:00:00,997.6026061004964,997.6026061004964,0
2025-09-18T16:15:00,997.6026061004964,997.6026061004964,0
2025-09-18T16:30:00,997.6026061004964,997.6026061004964,0
2025-09-18T16:45:00,997.6026061004964,997.6026061004964,0
2025-09-18T17:00:00,997.6026061004964,997.6026061004964,0
2025-09-18T17:15:00,997.6026061004964,997.6026061004964,0
2025-09-18T17:30:00,997.6026061004964,997.6026061004964,0
2025-09-18T17:45:00,997.6026061004964,997.6026061004964,0
2025-09-18T18:00:00,997.6026061004964,997.6026061004964,0
2025-09-18T18:15:00,997.6026061004964,997.6026061004964,0
2025-09-18T18:30:00,997.6026061004964,997.6026061004964,0
2025-09-18T18:45:00,997.6026061004964,997.6026061004964,0
2025-09-18T19:00:00,997.6026061004964,997.6026061004964,0
2025-09-18T19:15:00,997.6026061004964,997.6026061004964,0
2025-09-18T19:30:00,997.6026061004964,997.6026061004964,0
2025-09-18T19:45:00,997.6026061004964,997.6026061004964,0
2025-09-18T20:00:00,997.6026061004964,997.6026061004964,0
2025-09-18T20:15:00,997.6026061004964,997.6026061004964,0
2025-09-18T20:30:00,997.6026061004964,997.6026061004964,0
2025-09-18T20:45:00,996.845324617459,897.6827290734707,1
2025-09-18T21:00:00,995.6276760051321,995.6276760051321,0
2025-09-18T21:15:00,995.6276760051321,995.6276760051321,0
2025-09-18T21:30:00,995.6276760051321,995.6276760051321,0
2025-09-18T21:45:00,995.6276760051321,995.6276760051321,0
2025-09-18T22:00:00,995.6276760051321,995.6276760051321,0
2025-09-18T22:15:00,995.6276760051321,995.6276760051321,0
2025-09-18T22:30:00,995.6276760051321,995.6276760051321,0
2025-09-18T22:45:00,995.6276760051321,995.6276760051321,0
2025-09-18T23:00:00,995.6276760051321,995.6276760051321,0
2025-09-18T23:15:00,995.6276760051321,995.6276760051321,0
2025-09-18T23:30:00,995.6276760051321,995.6276760051321,0
2025-09-18T23:45:00,995.6276760051321,995.6276760051321,0
2025-09-19T00:00:00,995.6276760051321,995.6276760051321,0
2025-09-19T00:15:00,995.6276760051321,995.6276760051321,0
2025-09-19T00:30:00,995.6276760051321,995.6276760051321,0
2025-09-19T00:45:00,995.6276760051321,995.6276760051321,0
2025-09-19T01:00:00,995.6276760051321,995.6276760051321,0
2025-09-19T01:15:00,995.6276760051321,995.6276760051321,0
2025-09-19T01:30:00,995.6276760051321,995.6276760051321,0
2025-09-19T01:45:00,995.6276760051321,995.6276760051321,0
2025-09-19T02:00:00,995.6276760051321,995.6276760051321,0
2025-09-19T02:15:00,995.6276760051321,995.6276760051321,0
2025-09-19T02:30:00,995.6276760051321,995.6276760051321,0
2025-09-19T02:45:00,995.6276760051321,995.6276760051321,0
2025-09-19T03:00:00,995.6276760051321,995.6276760051321,0
2025-09-19T03:15:00,995.6276760051321,995.6276760051321,0
2025-09-19T03:30:00,995.6276760051321,995.6276760051321,0
2025-09-19T03:45:00,995.6276760051321,995.6276760051321,0
2025-09-19T04:00:00,995.6276760051321,995.6276760051321,0
2025-09-19T04:15:00,995.6276760051321,995.6276760051321,0
2025-09-19T04:30:00,995.6276760051321,995.6276760051321,0
2025-09-19T04:45:00,995.6276760051321,995.6276760051321,0
2025-09-19T05:00:00,995.6276760051321,995.6276760051321,0
2025-09-19T05:15:00,995.6276760051321,995.6276760051321,0
2025-09-19T05:30:00,995.6276760051321,995.6276760051321,0
2025-09-19T05:45:00,995.6276760051321,995.6276760051321,0
2025-09-19T06:00:00,995.6276760051321,995.6276760051321,0
2025-09-19T06:15:00,995.6276760051321,995.6276760051321,0
2025-09-19T06:30:00,995.6276760051321,995.6276760051321,0
2025-09-19T06:45:00,995.6276760051321,995.6276760051321,0
2025-09-19T07:00:00,995.6276760051321,995.6276760051321,0
2025-09-19T07:15:00,995.6276760051321,995.6276760051321,0
2025-09-19T07:30:00,995.6276760051321,995.6276760051321,0
2025-09-19T07:45:00,995.6276760051321,995.6276760051321,0
2025-09-19T08:00:00,995.6276760051321,995.6276760051321,0
2025-09-19T08:15:00,995.6276760051321,995.6276760051321,0
2025-09-19T08:30:00,995.6276760051321,995.6276760051321,0
2025-09-19T08:45:00,995.6276760051321,995.6276760051321,0
2025-09-19T09:00:00,995.6276760051321,995.6276760051321,0
2025-09-19T09:15:00,995.6276760051321,995.6276760051321,0
2025-09-19T09:30:00,995.6276760051321,995.6276760051321,0
2025-09-19T09:45:00,995.6276760051321,995.6276760051321,0
2025-09-19T10:00:00,995.6276760051321,995.6276760051321,0
2025-09-19T10:15:00,995.6276760051321,995.6276760051321,0
2025-09-19T10:30:00,995.6276760051321,995.6276760051321,0
2025-09-19T10:45:00,995.6276760051321,995.6276760051321,0
2025-09-19T11:00:00,995.6276760051321,995.6276760051321,0
2025-09-19T11:15:00,995.6276760051321,995.6276760051321,0
2025-09-19T11:30:00,994.8701015603433,895.9056079764581,1
2025-09-19T11:45:00,994.4641061662761,895.9056079764581,1
2025-09-19T12:00:00,994.0669559877659,895.9056079764581,1
2025-09-19T12:15:00,994.4481847782736,895.9056079764581,1
2025-09-19T12:30:00,993.6770045344626,993.6770045344626,0
2025-09-19T12:45:00,993.6770045344626,993.6770045344626,0
2025-09-19T13:00:00,993.6770045344626,993.6770045344626,0
2025-09-19T13:15:00,993.6770045344626,993.6770045344626,0
2025-09-19T13:30:00,993.6770045344626,993.6770045344626,0
2025-09-19T13:45:00,993.6770045344626,993.6770045344626,0
2025-09-19T14:00:00,993.6770045344626,993.6770045344626,0
2025-09-19T14:15:00,993.6770045344626,993.6770045344626,0
2025-09-19T14:30:00,993.6770045344626,993.6770045344626,0
2025-09-19T14:45:00,993.6770045344626,993.6770045344626,0
2025-09-19T15:00:00,993.6770045344626,993.6770045344626,0
2025-09-19T15:15:00,993.6770045344626,993.6770045344626,0
2025-09-19T15:30:00,993.6770045344626,993.6770045344626,0
2025-09-19T15:45:00,993.6770045344626,993.6770045344626,0
2025-09-19T16:00:00,993.6770045344626,993.6770045344626,0
2025-09-19T16:15:00,993.6770045344626,993.6770045344626,0
2025-09-19T16:30:00,993.6770045344626,993.6770045344626,0
2025-09-19T16:45:00,993.6770045344626,993.6770045344626,0
2025-09-19T17:00:00,993.6770045344626,993.6770045344626,0
2025-09-19T17:15:00,993.6770045344626,993.6770045344626,0
2025-09-19T17:30:00,993.6770045344626,993.6770045344626,0
2025-09-19T17:45:00,993.6770045344626,993.6770045344626,0
2025-09-19T18:00:00,993.6770045344626,993.6770045344626,0
2025-09-19T18:15:00,993.6770045344626,993.6770045344626,0
2025-09-19T18:30:00,993.6770045344626,993.6770045344626,0
2025-09-19T18:45:00,993.6770045344626,993.6770045344626,0
2025-09-19T19:00:00,993.6770045344626,993.6770045344626,0
2025-09-19T19:15:00,993.6770045344626,993.6770045344626,0
2025-09-19T19:30:00,993.6770045344626,993.6770045344626,0
2025-09-19T19:45:00,993.6770045344626,993.6770045344626,0
2025-09-19T20:00:00,993.6770045344626,993.6770045344626,0
2025-09-19T20:15:00,993.6770045344626,993.6770045344626,0
2025-09-19T20:30:00,993.6770045344626,993.6770045344626,0
2025-09-19T20:45:00,993.6770045344626,993.6770045344626,0
2025-09-19T21:00:00,993.6770045344626,993.6770045344626,0
2025-09-19T21:15:00,993.6770045344626,993.6770045344626,0
2025-09-19T21:30:00,993.6770045344626,993.6770045344626,0
2025-09-19T21:45:00,993.6770045344626,993.6770045344626,0
2025-09-19T22:00:00,993.6770045344626,993.6770045344626,0
2025-09-19T22:15:00,993.6770045344626,993.6770045344626,0
2025-09-19T22:30:00,993.6770045344626,993.6770045344626,0
2025-09-19T22:45:00,993.6770045344626,993.6770045344626,0
2025-09-19T23:00:00,993.6770045344626,993.6770045344626,0
2025-09-19T23:15:00,993.6770045344626,993.6770045344626,0
2025-09-19T23:30:00,993.6770045344626,993.6770045344626,0
2025-09-19T23:45:00,993.6770045344626,993.6770045344626,0
2025-09-20T00:00:00,993.6770045344626,993.6770045344626,0
2025-09-20T00:15:00,993.6770045344626,993.6770045344626,0
2025-09-20T00:30:00,993.6770045344626,993.6770045344626,0
2025-09-20T00:45:00,993.6770045344626,993.6770045344626,0
2025-09-20T01:00:00,993.6770045344626,993.6770045344626,0
2025-09-20T01:15:00,993.6770045344626,993.6770045344626,0
2025-09-20T01:30:00,993.6770045344626,993.6770045344626,0
2025-09-20T01:45:00,993.6770045344626,993.6770045344626,0
2025-09-20T02:00:00,993.6770045344626,993.6770045344626,0
2025-09-20T02:15:00,993.6770045344626,993.6770045344626,0
2025-09-20T02:30:00,993.6770045344626,993.6770045344626,0
2025-09-20T02:45:00,993.6770045344626,993.6770045344626,0
2025-09-20T03:00:00,993.6770045344626,993.6770045344626,0
2025-09-20T03:15:00,993.6770045344626,993.6770045344626,0
2025-09-20T03:30:00,993.6770045344626,993.6770045344626,0
2025-09-20T03:45:00,993.6770045344626,993.6770045344626,0
2025-09-20T04:00:00,993.6770045344626,993.6770045344626,0
2025-09-20T04:15:00,993.6770045344626,993.6770045344626,0
2025-09-20T04:30:00,993.6770045344626,993.6770045344626,0
2025-09-20T04:45:00,993.6770045344626,993.6770045344626,0
2025-09-20T05:00:00,993.6770045344626,993.6770045344626,0
2025-09-20T05:15:00,993.6770045344626,993.6770045344626,0
2025-09-20T05:30:00,993.6770045344626,993.6770045344626,0
2025-09-20T05:45:00,993.6770045344626,993.6770045344626,0
2025-09-20T06:00:00,993.6770045344626,993.6770045344626,0
2025-09-20T06:15:00,993.6770045344626,993.6770045344626,0
2025-09-20T06:30:00,993.6770045344626,993.6770045344626,0
2025-09-20T06:45:00,993.6770045344626,993.6770045344626,0
2025-09-20T07:00:00,993.6770045344626,993.6770045344626,0
2025-09-20T07:15:00,993.6770045344626,993.6770045344626,0
2025-09-20T07:30:00,993.6770045344626,993.6770045344626,0
2025-09-20T07:45:00,993.6770045344626,993.6770045344626,0
2025-09-20T08:00:00,993.6770045344626,993.6770045344626,0
2025-09-20T08:15:00,993.6770045344626,993.6770045344626,0
2025-09-20T08:30:00,993.6770045344626,993.6770045344626,0
2025-09-20T08:45:00,993.6770045344626,993.6770045344626,0
2025-09-20T09:00:00,993.6770045344626,993.6770045344626,0
2025-09-20T09:15:00,993.6770045344626,993.6770045344626,0
2025-09-20T09:30:00,992.9209143582332,894.1503157602908,1
2025-09-20T09:45:00,992.7523782992696,894.1503157602908,1
2025-09-20T10:00:00,991.8158826668995,991.8158826668995,0
2025-09-20T10:15:00,991.8158826668995,991.8158826668995,0
2025-09-20T10:30:00,991.8158826668995,991.8158826668995,0
2025-09-20T10:45:00,991.8158826668995,991.8158826668995,0
2025-09-20T11:00:00,991.8158826668995,991.8158826668995,0
2025-09-20T11:15:00,991.8158826668995,991.8158826668995,0
2025-09-20T11:30:00,991.8158826668995,991.8158826668995,0
2025-09-20T11:45:00,991.8158826668995,991.8158826668995,0
2025-09-20T12:00:00,991.8158826668995,991.8158826668995,0
2025-09-20T12:15:00,991.8158826668995,991.8158826668995,0
2025-09-20T12:30:00,991.8158826668995,991.8158826668995,0
2025-09-20T12:45:00,991.8158826668995,991.8158826668995,0
2025-09-20T13:00:00,991.8158826668995,991.8158826668995,0
2025-09-20T13:15:00,991.8158826668995,991.8158826668995,0
2025-09-20T13:30:00,991.8158826668995,991.8158826668995,0
2025-09-20T13:45:00,991.8158826668995,991.8158826668995,0
2025-09-20T14:00:00,991.8158826668995,991.8158826668995,0
2025-09-20T14:15:00,991.8158826668995,991.8158826668995,0
2025-09-20T14:30:00,991.8158826668995,991.8158826668995,0
2025-09-20T14:45:00,991.8158826668995,991.8158826668995,0
2025-09-20T15:00:00,991.8158826668995,991.8158826668995,0
2025-09-20T15:15:00,991.8158826668995,991.8158826668995,0
2025-09-20T15:30:00,991.8158826668995,991.8158826668995,0
2025-09-20T15:45:00,991.8158826668995,991.8158826668995,0
2025-09-20T16:00:00,991.8158826668995,991.8158826668995,0
2025-09-20T16:15:00,991.8158826668995,991.8158826668995,0
2025-09-20T16:30:00,991.8158826668995,991.8158826668995,0
2025-09-20T16:45:00,991.8158826668995,991.8158826668995,0
2025-09-20T17:00:00,991.8158826668995,991.8158826668995,0
2025-09-20T17:15:00,991.8158826668995,991.8158826668995,0
2025-09-20T17:30:00,991.8158826668995,991.8158826668995,0
2025-09-20T17:45:00,991.8158826668995,991.8158826668995,0
2025-09-20T18:00:00,991.8158826668995,991.8158826668995,0
2025-09-20T18:15:00,991.8158826668995,991.8158826668995,0
2025-09-20T18:30:00,991.8158826668995,991.8158826668995,0
2025-09-20T18:45:00,991.8158826668995,991.8158826668995,0
2025-09-20T19:00:00,991.8158826668995,991.8158826668995,0
2025-09-20T19:15:00,991.8158826668995,991.8158826668995,0
2025-09-20T19:30:00,991.8158826668995,991.8158826668995,0
2025-09-20T19:45:00,991.8158826668995,991.8158826668995,0
2025-09-20T20:00:00,991.8158826668995,991.8158826668995,0
2025-09-20T20:15:00,991.8158826668995,991.8158826668995,0
2025-09-20T20:30:00,991.8158826668995,991.8158826668995,0
2025-09-20T20:45:00,991.8158826668995,991.8158826668995,0
2025-09-20T21:00:00,991.8158826668995,991.8158826668995,0
2025-09-20T21:15:00,991.8158826668995,991.8158826668995,0
2025-09-20T21:30:00,991.8158826668995,991.8158826668995,0
2025-09-20T21:45:00,991.8158826668995,991.8158826668995,0
2025-09-20T22:00:00,991.8158826668995,991.8158826668995,0
2025-09-20T22:15:00,991.8158826668995,991.8158826668995,0
2025-09-20T22:30:00,991.8158826668995,991.8158826668995,0
2025-09-20T22:45:00,991.8158826668995,991.8158826668995,0
2025-09-20T23:00:00,991.8158826668995,991.8158826668995,0
2025-09-20T23:15:00,991.8158826668995,991.8158826668995,0
2025-09-20T23:30:00,991.8158826668995,991.8158826668995,0
2025-09-20T23:45:00,991.8158826668995,991.8158826668995,0
2025-09-21T00:00:00,991.8158826668995,991.8158826668995,0
2025-09-21T00:15:00,991.8158826668995,991.8158826668995,0
2025-09-21T00:30:00,991.8158826668995,991.8158826668995,0
2025-09-21T00:45:00,991.8158826668995,991.8158826668995,0
2025-09-21T01:00:00,991.8158826668995,991.8158826668995,0
2025-09-21T01:15:00,991.8158826668995,991.8158826668995,0
2025-09-21T01:30:00,991.8158826668995,991.8158826668995,0
2025-09-21T01:45:00,991.8158826668995,991.8158826668995,0
2025-09-21T02:00:00,991.8158826668995,991.8158826668995,0
2025-09-21T02:15:00,991.8158826668995,991.8158826668995,0
2025-09-21T02:30:00,991.8158826668995,991.8158826668995,0
2025-09-21T02:45:00,991.8158826668995,991.8158826668995,0
2025-09-21T03:00:00,991.8158826668995,991.8158826668995,0
2025-09-21T03:15:00,991.8158826668995,991.8158826668995,0
2025-09-21T03:30:00,991.8158826668995,991.8158826668995,0
2025-09-21T03:45:00,991.8158826668995,991.8158826668995,0
2025-09-21T04:00:00,991.8158826668995,991.8158826668995,0
2025-09-21T04:15:00,991.8158826668995,991.8158826668995,0
2025-09-21T04:30:00,991.8158826668995,991.8158826668995,0
2025-09-21T04:45:00,991.8158826668995,991.8158826668995,0
2025-09-21T05:00:00,991.8158826668995,991.8158826668995,0
2025-09-21T05:15:00,991.8158826668995,991.8158826668995,0
2025-09-21T05:30:00,991.8158826668995,991.8158826668995,0
2025-09-21T05:45:00,991.8158826668995,991.8158826668995,0
2025-09-21T06:00:00,991.8158826668995,991.8158826668995,0
2025-09-21T06:15:00,991.8158826668995,991.8158826668995,0
2025-09-21T06:30:00,991.8158826668995,991.8158826668995,0
2025-09-21T06:45:00,991.8158826668995,991.8158826668995,0
2025-09-21T07:00:00,991.8158826668995,991.8158826668995,0
2025-09-21T07:15:00,991.8158826668995,991.8158826668995,0
2025-09-21T07:30:00,991.8158826668995,991.8158826668995,0
2025-09-21T07:45:00,991.8158826668995,991.8158826668995,0
2025-09-21T08:00:00,991.8158826668995,991.8158826668995,0
2025-09-21T08:15:00,991.8158826668995,991.8158826668995,0
2025-09-21T08:30:00,991.8158826668995,991.8158826668995,0
2025-09-21T08:45:00,991.8158826668995,991.8158826668995,0
2025-09-21T09:00:00,991.8158826668995,991.8158826668995,0
2025-09-21T09:15:00,991.8158826668995,991.8158826668995,0
2025-09-21T09:30:00,991.8158826668995,991.8158826668995,0
2025-09-21T09:45:00,991.8158826668995,991.8158826668995,0
2025-09-21T10:00:00,991.8158826668995,991.8158826668995,0
2025-09-21T10:15:00,991.8158826668995,991.8158826668995,0
2025-09-21T10:30:00,991.8158826668995,991.8158826668995,0
2025-09-21T10:45:00,991.8158826668995,991.8158826668995,0
2025-09-21T11:00:00,991.8158826668995,991.8158826668995,0
2025-09-21T11:15:00,991.8158826668995,991.8158826668995,0
2025-09-21T11:30:00,991.8158826668995,991.8158826668995,0
2025-09-21T11:45:00,991.8158826668995,991.8158826668995,0
2025-09-21T12:00:00,991.8158826668995,991.8158826668995,0
2025-09-21T12:15:00,991.8158826668995,991.8158826668995,0
2025-09-21T12:30:00,991.8158826668995,991.8158826668995,0
2025-09-21T12:45:00,991.8158826668995,991.8158826668995,0
2025-09-21T13:00:00,991.8158826668995,991.8158826668995,0
2025-09-21T13:15:00,991.8158826668995,991.8158826668995,0
2025-09-21T13:30:00,991.8158826668995,991.8158826668995,0
2025-09-21T13:45:00,991.8158826668995,991.8158826668995,0
2025-09-21T14:00:00,991.8158826668995,991.8158826668995,0
2025-09-21T14:15:00,991.8158826668995,991.8158826668995,0
2025-09-21T14:30:00,991.8158826668995,991.8158826668995,0
2025-09-21T14:45:00,991.8158826668995,991.8158826668995,0
2025-09-21T15:00:00,991.8158826668995,991.8158826668995,0
2025-09-21T15:15:00,991.8158826668995,991.8158826668995,0
2025-09-21T15:30:00,991.8158826668995,991.8158826668995,0
2025-09-21T15:45:00,991.8158826668995,991.8158826668995,0
2025-09-21T16:00:00,991.8158826668995,991.8158826668995,0
2025-09-21T16:15:00,991.8158826668995,991.8158826668995,0
2025-09-21T16:30:00,991.8158826668995,991.8158826668995,0
2025-09-21T16:45:00,991.8158826668995,991.8158826668995,0
2025-09-21T17:00:00,991.8158826668995,991.8158826668995,0
2025-09-21T17:15:00,991.8158826668995,991.8158826668995,0
2025-09-21T17:30:00,991.8158826668995,991.8158826668995,0
2025-09-21T17:45:00,991.8158826668995,991.8158826668995,0
2025-09-21T18:00:00,991.8158826668995,991.8158826668995,0
2025-09-21T18:15:00,991.8158826668995,991.8158826668995,0
2025-09-21T18:30:00,991.8158826668995,991.8158826668995,0
2025-09-21T18:45:00,991.8158826668995,991.8158826668995,0
2025-09-21T19:00:00,991.8158826668995,991.8158826668995,0
2025-09-21T19:15:00,991.8158826668995,991.8158826668995,0
2025-09-21T19:30:00,991.8158826668995,991.8158826668995,0
2025-09-21T19:45:00,991.8158826668995,991.8158826668995,0
2025-09-21T20:00:00,991.8158826668995,991.8158826668995,0
2025-09-21T20:15:00,991.8158826668995,991.8158826668995,0
2025-09-21T20:30:00,991.8158826668995,991.8158826668995,0
2025-09-21T20:45:00,991.8158826668995,991.8158826668995,0
2025-09-21T21:00:00,991.8158826668995,991.8158826668995,0
2025-09-21T21:15:00,991.8158826668995,991.8158826668995,0
2025-09-21T21:30:00,991.8158826668995,991.8158826668995,0
2025-09-21T21:45:00,991.8158826668995,991.8158826668995,0
2025-09-21T22:00:00,991.8158826668995,991.8158826668995,0
2025-09-21T22:15:00,991.8158826668995,991.8158826668995,0
2025-09-21T22:30:00,991.8158826668995,991.8158826668995,0
2025-09-21T22:45:00,991.8158826668995,991.8158826668995,0
2025-09-21T23:00:00,991.8158826668995,991.8158826668995,0
2025-09-21T23:15:00,991.8158826668995,991.8158826668995,0
2025-09-21T23:30:00,991.8158826668995,991.8158826668995,0
2025-09-21T23:45:00,991.8158826668995,991.8158826668995,0
2025-09-22T00:00:00,991.8158826668995,991.8158826668995,0
2025-09-22T00:15:00,991.0612086208154,892.4756038589828,1
2025-09-22T00:30:00,996.9354074346201,892.4756038589828,1
2025-09-22T00:45:00,999.2587042156987,892.4756038589828,1
2025-09-22T01:00:00,998.6718227576741,892.4756038589828,1
2025-09-22T01:15:00,998.8952684504084,892.4756038589828,1
2025-09-22T01:30:00,998.3756899118821,892.4756038589828,1
2025-09-22T01:45:00,999.9810888849795,892.4756038589828,1
2025-09-22T02:00:00,999.9101964764415,892.4756038589828,1
2025-09-22T02:15:00,1001.6726355950349,892.4756038589828,1
2025-09-22T02:30:00,1003.2206027434939,892.4756038589828,1
2025-09-22T02:45:00,1003.5786542752245,892.4756038589828,1
2025-09-22T03:00:00,1002.6543608474489,892.4756038589828,1
2025-09-22T03:15:00,1002.0890163236639,892.4756038589828,1
2025-09-22T03:30:00,1003.0088228901395,892.4756038589828,1
2025-09-22T03:45:00,1001.9867158860266,892.4756038589828,1
2025-09-22T04:00:00,1002.7449954457065,892.4756038589828,1
2025-09-22T04:15:00,1002.0783433882823,1002.0783433882823,0
2025-09-22T04:30:00,1002.0783433882823,1002.0783433882823,0
2025-09-22T04:45:00,1002.0783433882823,1002.0783433882823,0
2025-09-22T05:00:00,1002.0783433882823,1002.0783433882823,0
2025-09-22T05:15:00,1002.0783433882823,1002.0783433882823,0
2025-09-22T05:30:00,1002.0783433882823,1002.0783433882823,0
2025-09-22T05:45:00,1002.0783433882823,1002.0783433882823,0
2025-09-22T06:00:00,1001.31586062196,901.7101765145119,1
2025-09-22T06:15:00,1002.094815332183,901.7101765145119,1
2025-09-22T06:30:00,1001.5401089272013,901.7101765145119,1
2025-09-22T06:45:00,1002.0621709170845,901.7101765145119,1
2025-09-22T07:00:00,1002.4141551490877,901.7101765145119,1
2025-09-22T07:15:00,1002.1602107273911,901.7101765145119,1
2025-09-22T07:30:00,1001.3834938824035,901.7101765145119,1
2025-09-22T07:45:00,1003.0595483786029,901.7101765145119,1
2025-09-22T08:00:00,1002.6510491689917,901.7101765145119,1
2025-09-22T08:15:00,1002.6688455258627,901.7101765145119,1
2025-09-22T08:30:00,1002.387336287935,901.7101765145119,1
2025-09-22T08:45:00,1002.6720779978691,901.7101765145119,1
2025-09-22T09:00:00,1003.4005208927819,901.7101765145119,1
2025-09-22T09:15:00,1003.4994487448486,901.7101765145119,1
2025-09-22T09:30:00,1003.7557375967915,901.7101765145119,1
2025-09-22T09:45:00,1003.3909613382194,1003.3909613382194,0
2025-09-22T10:00:00,1003.3909613382194,1003.3909613382194,0
2025-09-22T10:15:00,1003.3909613382194,1003.3909613382194,0
2025-09-22T10:30:00,1003.3909613382194,1003.3909613382194,0
2025-09-22T10:45:00,1003.3909613382194,1003.3909613382194,0
2025-09-22T11:00:00,1003.3909613382194,1003.3909613382194,0
2025-09-22T11:15:00,1003.3909613382194,1003.3909613382194,0
2025-09-22T11:30:00,1003.3909613382194,1003.3909613382194,0
2025-09-22T11:45:00,1003.3909613382194,1003.3909613382194,0
2025-09-22T12:00:00,1003.3909613382194,1003.3909613382194,0
2025-09-22T12:15:00,1003.3909613382194,1003.3909613382194,0
2025-09-22T12:30:00,1003.3909613382194,1003.3909613382194,0
2025-09-22T12:45:00,1003.3909613382194,1003.3909613382194,0
2025-09-22T13:00:00,1003.3909613382194,1003.3909613382194,0
2025-09-22T13:15:00,1003.3909613382194,1003.3909613382194,0
2025-09-22T13:30:00,1003.3909613382194,1003.3909613382194,0
2025-09-22T13:45:00,1003.3909613382194,1003.3909613382194,0
2025-09-22T14:00:00,1003.3909613382194,1003.3909613382194,0
2025-09-22T14:15:00,1003.3909613382194,1003.3909613382194,0
2025-09-22T14:30:00,1003.3909613382194,1003.3909613382194,0
2025-09-22T14:45:00,1003.3909613382194,1003.3909613382194,0
2025-09-22T15:00:00,1003.3909613382194,1003.3909613382194,0
2025-09-22T15:15:00,1003.3909613382194,1003.3909613382194,0
2025-09-22T15:30:00,1003.3909613382194,1003.3909613382194,0
2025-09-22T15:45:00,1003.3909613382194,1003.3909613382194,0
2025-09-22T16:00:00,1003.3909613382194,1003.3909613382194,0
2025-09-22T16:15:00,1003.3909613382194,1003.3909613382194,0
2025-09-22T16:30:00,1003.3909613382194,1003.3909613382194,0
2025-09-22T16:45:00,1003.3909613382194,1003.3909613382194,0
2025-09-22T17:00:00,1003.3909613382194,1003.3909613382194,0
2025-09-22T17:15:00,1003.3909613382194,1003.3909613382194,0
2025-09-22T17:30:00,1003.3909613382194,1003.3909613382194,0
2025-09-22T17:45:00,1003.3909613382194,1003.3909613382194,0
2025-09-22T18:00:00,1003.3909613382194,1003.3909613382194,0
2025-09-22T18:15:00,1003.3909613382194,1003.3909613382194,0
2025-09-22T18:30:00,1003.3909613382194,1003.3909613382194,0
2025-09-22T18:45:00,1003.3909613382194,1003.3909613382194,0
2025-09-22T19:00:00,1003.3909613382194,1003.3909613382194,0
2025-09-22T19:15:00,1003.3909613382194,1003.3909613382194,0
2025-09-22T19:30:00,1002.6274797991244,902.8913226505833,1
2025-09-22T19:45:00,1002.1590217584444,902.8913226505833,1
2025-09-22T20:00:00,1002.1435883415356,902.8913226505833,1
2025-09-22T20:15:00,1001.5951277746009,902.8913226505833,1
2025-09-22T20:30:00,1000.0480595790787,1000.0480595790787,0
2025-09-22T20:45:00,1000.0480595790787,1000.0480595790787,0
2025-09-22T21:00:00,1000.0480595790787,1000.0480595790787,0
2025-09-22T21:15:00,1000.0480595790787,1000.0480595790787,0
2025-09-22T21:30:00,1000.0480595790787,1000.0480595790787,0
2025-09-22T21:45:00,1000.0480595790787,1000.0480595790787,0
2025-09-22T22:00:00,1000.0480595790787,1000.0480595790787,0
2025-09-22T22:15:00,1000.0480595790787,1000.0480595790787,0
2025-09-22T22:30:00,1000.0480595790787,1000.0480595790787,0
2025-09-22T22:45:00,1000.0480595790787,1000.0480595790787,0
2025-09-22T23:00:00,1000.0480595790787,1000.0480595790787,0
2025-09-22T23:15:00,1000.0480595790787,1000.0480595790787,0
2025-09-22T23:30:00,1000.0480595790787,1000.0480595790787,0
2025-09-22T23:45:00,1000.0480595790787,1000.0480595790787,0
2025-09-23T00:00:00,1000.0480595790787,1000.0480595790787,0
2025-09-23T00:15:00,1000.0480595790787,1000.0480595790787,0
2025-09-23T00:30:00,1000.0480595790787,1000.0480595790787,0
2025-09-23T00:45:00,1000.0480595790787,1000.0480595790787,0
2025-09-23T01:00:00,1000.0480595790787,1000.0480595790787,0
2025-09-23T01:15:00,1000.0480595790787,1000.0480595790787,0
2025-09-23T01:30:00,1000.0480595790787,1000.0480595790787,0
2025-09-23T01:45:00,1000.0480595790787,1000.0480595790787,0
2025-09-23T02:00:00,1000.0480595790787,1000.0480595790787,0
2025-09-23T02:15:00,1000.0480595790787,1000.0480595790787,0
2025-09-23T02:30:00,1000.0480595790787,1000.0480595790787,0
2025-09-23T02:45:00,1000.0480595790787,1000.0480595790787,0
2025-09-23T03:00:00,1000.0480595790787,1000.0480595790787,0
2025-09-23T03:15:00,1000.0480595790787,1000.0480595790787,0
2025-09-23T03:30:00,1000.0480595790787,1000.0480595790787,0
2025-09-23T03:45:00,1000.0480595790787,1000.0480595790787,0
2025-09-23T04:00:00,1000.0480595790787,1000.0480595790787,0
2025-09-23T04:15:00,1000.0480595790787,1000.0480595790787,0
2025-09-23T04:30:00,1000.0480595790787,1000.0480595790787,0
2025-09-23T04:45:00,1000.0480595790787,1000.0480595790787,0
2025-09-23T05:00:00,1000.0480595790787,1000.0480595790787,0
2025-09-23T05:15:00,1000.0480595790787,1000.0480595790787,0
2025-09-23T05:30:00,1000.0480595790787,1000.0480595790787,0
2025-09-23T05:45:00,1000.0480595790787,1000.0480595790787,0
2025-09-23T06:00:00,1000.0480595790787,1000.0480595790787,0
2025-09-23T06:15:00,1000.0480595790787,1000.0480595790787,0
2025-09-23T06:30:00,1000.0480595790787,1000.0480595790787,0
2025-09-23T06:45:00,1000.0480595790787,1000.0480595790787,0
2025-09-23T07:00:00,1000.0480595790787,1000.0480595790787,0
2025-09-23T07:15:00,1000.0480595790787,1000.0480595790787,0
2025-09-23T07:30:00,1000.0480595790787,1000.0480595790787,0
2025-09-23T07:45:00,1000.0480595790787,1000.0480595790787,0
2025-09-23T08:00:00,1000.0480595790787,1000.0480595790787,0
2025-09-23T08:15:00,1000.0480595790787,1000.0480595790787,0
2025-09-23T08:30:00,1000.0480595790787,1000.0480595790787,0
2025-09-23T08:45:00,1000.0480595790787,1000.0480595790787,0
2025-09-23T09:00:00,1000.0480595790787,1000.0480595790787,0
2025-09-23T09:15:00,1000.0480595790787,1000.0480595790787,0
2025-09-23T09:30:00,1000.0480595790787,1000.0480595790787,0
2025-09-23T09:45:00,1000.0480595790787,1000.0480595790787,0
2025-09-23T10:00:00,1000.0480595790787,1000.0480595790787,0
2025-09-23T10:15:00,1000.0480595790787,1000.0480595790787,0
2025-09-23T10:30:00,1000.0480595790787,1000.0480595790787,0
2025-09-23T10:45:00,1000.0480595790787,1000.0480595790787,0
2025-09-23T11:00:00,1000.0480595790787,1000.0480595790787,0
2025-09-23T11:15:00,999.287121658452,899.8832459316382,1
2025-09-23T11:30:00,998.4636469665857,998.4636469665857,0
2025-09-23T11:45:00,998.4636469665857,998.4636469665857,0
2025-09-23T12:00:00,998.4636469665857,998.4636469665857,0
2025-09-23T12:15:00,998.4636469665857,998.4636469665857,0
2025-09-23T12:30:00,998.4636469665857,998.4636469665857,0
2025-09-23T12:45:00,998.4636469665857,998.4636469665857,0
2025-09-23T13:00:00,998.4636469665857,998.4636469665857,0
2025-09-23T13:15:00,998.4636469665857,998.4636469665857,0
2025-09-23T13:30:00,998.4636469665857,998.4636469665857,0
2025-09-23T13:45:00,998.4636469665857,998.4636469665857,0
2025-09-23T14:00:00,998.4636469665857,998.4636469665857,0
2025-09-23T14:15:00,998.4636469665857,998.4636469665857,0
2025-09-23T14:30:00,998.4636469665857,998.4636469665857,0
2025-09-23T14:45:00,998.4636469665857,998.4636469665857,0
2025-09-23T15:00:00,998.4636469665857,998.4636469665857,0
2025-09-23T15:15:00,998.4636469665857,998.4636469665857,0
2025-09-23T15:30:00,998.4636469665857,998.4636469665857,0
2025-09-23T15:45:00,998.4636469665857,998.4636469665857,0
2025-09-23T16:00:00,998.4636469665857,998.4636469665857,0
2025-09-23T16:15:00,998.4636469665857,998.4636469665857,0
2025-09-23T16:30:00,998.4636469665857,998.4636469665857,0
2025-09-23T16:45:00,998.4636469665857,998.4636469665857,0
2025-09-23T17:00:00,998.4636469665857,998.4636469665857,0
2025-09-23T17:15:00,998.4636469665857,998.4636469665857,0
2025-09-23T17:30:00,997.703914627658,898.4575280864125,1
2025-09-23T17:45:00,997.283145512592,898.4575280864125,1
2025-09-23T18:00:00,996.7677998533138,898.4575280864125,1
2025-09-23T18:15:00,996.2727205963669,898.4575280864125,1
2025-09-23T18:30:00,997.0582849533939,898.4575280864125,1
2025-09-23T18:45:00,996.4956510220097,898.4575280864125,1
2025-09-23T19:00:00,995.2690511475855,898.4575280864125,1
2025-09-23T19:15:00,994.918399806966,994.918399806966,0
2025-09-23T19:30:00,994.918399806966,994.918399806966,0
2025-09-23T19:45:00,994.918399806966,994.918399806966,0
2025-09-23T20:00:00,994.918399806966,994.918399806966,0
2025-09-23T20:15:00,994.918399806966,994.918399806966,0
2025-09-23T20:30:00,994.918399806966,994.918399806966,0
2025-09-23T20:45:00,994.918399806966,994.918399806966,0
2025-09-23T21:00:00,994.918399806966,994.918399806966,0
2025-09-23T21:15:00,994.918399806966,994.918399806966,0
2025-09-23T21:30:00,994.918399806966,994.918399806966,0
2025-09-23T21:45:00,994.918399806966,994.918399806966,0
2025-09-23T22:00:00,994.918399806966,994.918399806966,0
2025-09-23T22:15:00,994.918399806966,994.918399806966,0
2025-09-23T22:30:00,994.918399806966,994.918399806966,0
2025-09-23T22:45:00,994.918399806966,994.918399806966,0
2025-09-23T23:00:00,994.918399806966,994.918399806966,0
2025-09-23T23:15:00,994.918399806966,994.918399806966,0
2025-09-23T23:30:00,994.918399806966,994.918399806966,0
2025-09-23T23:45:00,994.918399806966,994.918399806966,0
2025-09-24T00:00:00,994.918399806966,994.918399806966,0
2025-09-24T00:15:00,994.918399806966,994.918399806966,0
2025-09-24T00:30:00,994.918399806966,994.918399806966,0
2025-09-24T00:45:00,994.918399806966,994.918399806966,0
2025-09-24T01:00:00,994.918399806966,994.918399806966,0
2025-09-24T01:15:00,994.918399806966,994.918399806966,0
2025-09-24T01:30:00,994.918399806966,994.918399806966,0
2025-09-24T01:45:00,994.918399806966,994.918399806966,0
2025-09-24T02:00:00,994.918399806966,994.918399806966,0
2025-09-24T02:15:00,994.918399806966,994.918399806966,0
2025-09-24T02:30:00,994.918399806966,994.918399806966,0
2025-09-24T02:45:00,994.918399806966,994.918399806966,0
2025-09-24T03:00:00,994.918399806966,994.918399806966,0
2025-09-24T03:15:00,994.918399806966,994.918399806966,0
2025-09-24T03:30:00,994.918399806966,994.918399806966,0
2025-09-24T03:45:00,994.918399806966,994.918399806966,0
2025-09-24T04:00:00,994.918399806966,994.918399806966,0
2025-09-24T04:15:00,994.918399806966,994.918399806966,0
2025-09-24T04:30:00,994.918399806966,994.918399806966,0
2025-09-24T04:45:00,994.918399806966,994.918399806966,0
2025-09-24T05:00:00,994.918399806966,994.918399806966,0
2025-09-24T05:15:00,994.918399806966,994.918399806966,0
2025-09-24T05:30:00,994.918399806966,994.918399806966,0
2025-09-24T05:45:00,994.918399806966,994.918399806966,0
2025-09-24T06:00:00,994.918399806966,994.918399806966,0
2025-09-24T06:15:00,994.918399806966,994.918399806966,0
2025-09-24T06:30:00,994.918399806966,994.918399806966,0
2025-09-24T06:45:00,994.918399806966,994.918399806966,0
2025-09-24T07:00:00,994.918399806966,994.918399806966,0
2025-09-24T07:15:00,994.918399806966,994.918399806966,0
2025-09-24T07:30:00,994.918399806966,994.918399806966,0
2025-09-24T07:45:00,994.918399806966,994.918399806966,0
2025-09-24T08:00:00,994.918399806966,994.918399806966,0
2025-09-24T08:15:00,994.918399806966,994.918399806966,0
2025-09-24T08:30:00,994.918399806966,994.918399806966,0
2025-09-24T08:45:00,994.918399806966,994.918399806966,0
2025-09-24T09:00:00,994.918399806966,994.918399806966,0
2025-09-24T09:15:00,994.918399806966,994.918399806966,0
2025-09-24T09:30:00,994.918399806966,994.918399806966,0
2025-09-24T09:45:00,994.918399806966,994.918399806966,0
2025-09-24T10:00:00,994.918399806966,994.918399806966,0
2025-09-24T10:15:00,994.918399806966,994.918399806966,0
2025-09-24T10:30:00,994.918399806966,994.918399806966,0
2025-09-24T10:45:00,994.918399806966,994.918399806966,0
2025-09-24T11:00:00,994.918399806966,994.918399806966,0
2025-09-24T11:15:00,994.918399806966,994.918399806966,0
2025-09-24T11:30:00,994.918399806966,994.918399806966,0
2025-09-24T11:45:00,994.918399806966,994.918399806966,0
2025-09-24T12:00:00,994.918399806966,994.918399806966,0
2025-09-24T12:15:00,994.918399806966,994.918399806966,0
2025-09-24T12:30:00,994.918399806966,994.918399806966,0
2025-09-24T12:45:00,994.918399806966,994.918399806966,0
2025-09-24T13:00:00,994.918399806966,994.918399806966,0
2025-09-24T13:15:00,994.918399806966,994.918399806966,0
2025-09-24T13:30:00,994.918399806966,994.918399806966,0
2025-09-24T13:45:00,994.918399806966,994.918399806966,0
2025-09-24T14:00:00,994.918399806966,994.918399806966,0
2025-09-24T14:15:00,994.918399806966,994.918399806966,0
2025-09-24T14:30:00,994.918399806966,994.918399806966,0
2025-09-24T14:45:00,994.918399806966,994.918399806966,0
2025-09-24T15:00:00,994.918399806966,994.918399806966,0
2025-09-24T15:15:00,994.918399806966,994.918399806966,0
2025-09-24T15:30:00,994.918399806966,994.918399806966,0
2025-09-24T15:45:00,994.918399806966,994.918399806966,0
2025-09-24T16:00:00,994.918399806966,994.918399806966,0
2025-09-24T16:15:00,994.918399806966,994.918399806966,0
2025-09-24T16:30:00,994.918399806966,994.918399806966,0
2025-09-24T16:45:00,994.918399806966,994.918399806966,0
2025-09-24T17:00:00,994.918399806966,994.918399806966,0
2025-09-24T17:15:00,994.918399806966,994.918399806966,0
2025-09-24T17:30:00,994.918399806966,994.918399806966,0
2025-09-24T17:45:00,994.918399806966,994.918399806966,0
2025-09-24T18:00:00,994.918399806966,994.918399806966,0
2025-09-24T18:15:00,994.918399806966,994.918399806966,0
2025-09-24T18:30:00,994.918399806966,994.918399806966,0
2025-09-24T18:45:00,994.918399806966,994.918399806966,0
2025-09-24T19:00:00,994.918399806966,994.918399806966,0
2025-09-24T19:15:00,994.918399806966,994.918399806966,0
2025-09-24T19:30:00,994.918399806966,994.918399806966,0
2025-09-24T19:45:00,994.918399806966,994.918399806966,0
2025-09-24T20:00:00,994.918399806966,994.918399806966,0
2025-09-24T20:15:00,994.918399806966,994.918399806966,0
2025-09-24T20:30:00,994.918399806966,994.918399806966,0
2025-09-24T20:45:00,994.918399806966,994.918399806966,0
2025-09-24T21:00:00,994.918399806966,994.918399806966,0
2025-09-24T21:15:00,994.918399806966,994.918399806966,0
2025-09-24T21:30:00,994.918399806966,994.918399806966,0
2025-09-24T21:45:00,994.918399806966,994.918399806966,0
2025-09-24T22:00:00,994.918399806966,994.918399806966,0
2025-09-24T22:15:00,994.918399806966,994.918399806966,0
2025-09-24T22:30:00,994.918399806966,994.918399806966,0
2025-09-24T22:45:00,994.918399806966,994.918399806966,0
2025-09-24T23:00:00,994.918399806966,994.918399806966,0
2025-09-24T23:15:00,994.918399806966,994.918399806966,0
2025-09-24T23:30:00,994.918399806966,994.918399806966,0
2025-09-24T23:45:00,994.918399806966,994.918399806966,0
2025-09-25T00:00:00,994.918399806966,994.918399806966,0
2025-09-25T00:15:00,994.1613650513954,895.2673728823003,1
2025-09-25T00:30:00,993.9158316595042,895.2673728823003,1
2025-09-25T00:45:00,995.1329069824468,895.2673728823003,1
2025-09-25T01:00:00,995.4756908550477,895.2673728823003,1
2025-09-25T01:15:00,997.0018493889592,895.2673728823003,1
2025-09-25T01:30:00,999.3387495541344,895.2673728823003,1
2025-09-25T01:45:00,997.7384495646324,895.2673728823003,1
2025-09-25T02:00:00,998.7292490166164,895.2673728823003,1
2025-09-25T02:15:00,999.5842829460255,895.2673728823003,1
2025-09-25T02:30:00,997.7894819951039,895.2673728823003,1
2025-09-25T02:45:00,997.7336351843992,895.2673728823003,1
2025-09-25T03:00:00,999.0075201940931,895.2673728823003,1
2025-09-25T03:15:00,1003.9374455528479,895.2673728823003,1
2025-09-25T03:30:00,1002.8773190255063,895.2673728823003,1
2025-09-25T03:45:00,1001.531218312315,895.2673728823003,1
2025-09-25T04:00:00,1002.9148711913249,895.2673728823003,1
2025-09-25T04:15:00,1004.1733501842726,895.2673728823003,1
2025-09-25T04:30:00,1003.7939770218997,895.2673728823003,1
2025-09-25T04:45:00,1007.2988458316394,895.2673728823003,1
2025-09-25T05:00:00,1006.1819096175466,895.2673728823003,1
2025-09-25T05:15:00,1004.3225959715005,895.2673728823003,1
2025-09-25T05:30:00,1004.7732219613242,895.2673728823003,1
2025-09-25T05:45:00,1005.1025255692723,895.2673728823003,1
2025-09-25T06:00:00,1006.988799744624,895.2673728823003,1
2025-09-25T06:15:00,1007.0523495637017,895.2673728823003,1
2025-09-25T06:30:00,1007.4220939656083,895.2673728823003,1
2025-09-25T06:45:00,1007.7928012435615,895.2673728823003,1
2025-09-25T07:00:00,1007.566525372603,895.2673728823003,1
2025-09-25T07:15:00,1006.0501611745526,1006.0501611745526,0
2025-09-25T07:30:00,1006.0501611745526,1006.0501611745526,0
2025-09-25T07:45:00,1006.0501611745526,1006.0501611745526,0
2025-09-25T08:00:00,1006.0501611745526,1006.0501611745526,0
2025-09-25T08:15:00,1006.0501611745526,1006.0501611745526,0
2025-09-25T08:30:00,1006.0501611745526,1006.0501611745526,0
2025-09-25T08:45:00,1006.0501611745526,1006.0501611745526,0
2025-09-25T09:00:00,1006.0501611745526,1006.0501611745526,0
2025-09-25T09:15:00,1006.0501611745526,1006.0501611745526,0
2025-09-25T09:30:00,1006.0501611745526,1006.0501611745526,0
2025-09-25T09:45:00,1006.0501611745526,1006.0501611745526,0
2025-09-25T10:00:00,1006.0501611745526,1006.0501611745526,0
2025-09-25T10:15:00,1006.0501611745526,1006.0501611745526,0
2025-09-25T10:30:00,1006.0501611745526,1006.0501611745526,0
2025-09-25T10:45:00,1006.0501611745526,1006.0501611745526,0
2025-09-25T11:00:00,1006.0501611745526,1006.0501611745526,0
2025-09-25T11:15:00,1006.0501611745526,1006.0501611745526,0
2025-09-25T11:30:00,1006.0501611745526,1006.0501611745526,0
2025-09-25T11:45:00,1006.0501611745526,1006.0501611745526,0
2025-09-25T12:00:00,1006.0501611745526,1006.0501611745526,0
2025-09-25T12:15:00,1005.284656246707,905.2841770313095,1
2025-09-25T12:30:00,1004.3604169936875,905.2841770313095,1
2025-09-25T12:45:00,1005.3381869772617,905.2841770313095,1
2025-09-25T13:00:00,1004.7430021404502,905.2841770313095,1
2025-09-25T13:15:00,1003.1801280976085,1003.1801280976085,0
2025-09-25T13:30:00,1003.1801280976085,1003.1801280976085,0
2025-09-25T13:45:00,1003.1801280976085,1003.1801280976085,0
2025-09-25T14:00:00,1003.1801280976085,1003.1801280976085,0
2025-09-25T14:15:00,1003.1801280976085,1003.1801280976085,0
2025-09-25T14:30:00,1003.1801280976085,1003.1801280976085,0
2025-09-25T14:45:00,1003.1801280976085,1003.1801280976085,0
2025-09-25T15:00:00,1003.1801280976085,1003.1801280976085,0
2025-09-25T15:15:00,1003.1801280976085,1003.1801280976085,0
2025-09-25T15:30:00,1003.1801280976085,1003.1801280976085,0
2025-09-25T15:45:00,1003.1801280976085,1003.1801280976085,0
2025-09-25T16:00:00,1003.1801280976085,1003.1801280976085,0
2025-09-25T16:15:00,1003.1801280976085,1003.1801280976085,0
2025-09-25T16:30:00,1003.1801280976085,1003.1801280976085,0
2025-09-25T16:45:00,1003.1801280976085,1003.1801280976085,0
2025-09-25T17:00:00,1002.4168069818114,902.701606467352,1
2025-09-25T17:15:00,1002.0858225835414,902.701606467352,1
2025-09-25T17:30:00,1005.5874519185098,902.701606467352,1
2025-09-25T17:45:00,1008.4745432429833,902.701606467352,1
2025-09-25T18:00:00,1006.2411718826942,902.701606467352,1
2025-09-25T18:15:00,1004.0170804588053,902.701606467352,1
2025-09-25T18:30:00,1003.1911661191969,902.701606467352,1
2025-09-25T18:45:00,999.5874574838274,902.701606467352,1
2025-09-25T19:00:00,999.365124077268,999.365124077268,0
2025-09-25T19:15:00,999.365124077268,999.365124077268,0
2025-09-25T19:30:00,999.365124077268,999.365124077268,0
2025-09-25T19:45:00,999.365124077268,999.365124077268,0
2025-09-25T20:00:00,999.365124077268,999.365124077268,0
2025-09-25T20:15:00,999.365124077268,999.365124077268,0
2025-09-25T20:30:00,999.365124077268,999.365124077268,0
2025-09-25T20:45:00,999.365124077268,999.365124077268,0
2025-09-25T21:00:00,999.365124077268,999.365124077268,0
2025-09-25T21:15:00,999.365124077268,999.365124077268,0
2025-09-25T21:30:00,999.365124077268,999.365124077268,0
2025-09-25T21:45:00,999.365124077268,999.365124077268,0
2025-09-25T22:00:00,999.365124077268,999.365124077268,0
2025-09-25T22:15:00,999.365124077268,999.365124077268,0
2025-09-25T22:30:00,999.365124077268,999.365124077268,0
2025-09-25T22:45:00,999.365124077268,999.365124077268,0
2025-09-25T23:00:00,999.365124077268,999.365124077268,0
2025-09-25T23:15:00,999.365124077268,999.365124077268,0
2025-09-25T23:30:00,999.365124077268,999.365124077268,0
2025-09-25T23:45:00,999.365124077268,999.365124077268,0
2025-09-26T00:00:00,999.365124077268,999.365124077268,0
2025-09-26T00:15:00,999.365124077268,999.365124077268,0
2025-09-26T00:30:00,998.6047058031878,899.2687132496887,1
2025-09-26T00:45:00,996.1657428107924,899.2687132496887,1
2025-09-26T01:00:00,995.2300340904853,995.2300340904853,0
2025-09-26T01:15:00,995.2300340904853,995.2300340904853,0
2025-09-26T01:30:00,995.2300340904853,995.2300340904853,0
2025-09-26T01:45:00,995.2300340904853,995.2300340904853,0
2025-09-26T02:00:00,995.2300340904853,995.2300340904853,0
2025-09-26T02:15:00,995.2300340904853,995.2300340904853,0
2025-09-26T02:30:00,995.2300340904853,995.2300340904853,0
2025-09-26T02:45:00,995.2300340904853,995.2300340904853,0
2025-09-26T03:00:00,995.2300340904853,995.2300340904853,0
2025-09-26T03:15:00,995.2300340904853,995.2300340904853,0
2025-09-26T03:30:00,995.2300340904853,995.2300340904853,0
2025-09-26T03:45:00,995.2300340904853,995.2300340904853,0
2025-09-26T04:00:00,995.2300340904853,995.2300340904853,0
2025-09-26T04:15:00,995.2300340904853,995.2300340904853,0
2025-09-26T04:30:00,995.2300340904853,995.2300340904853,0
2025-09-26T04:45:00,995.2300340904853,995.2300340904853,0
2025-09-26T05:00:00,995.2300340904853,995.2300340904853,0
2025-09-26T05:15:00,995.2300340904853,995.2300340904853,0
2025-09-26T05:30:00,995.2300340904853,995.2300340904853,0
2025-09-26T05:45:00,995.2300340904853,995.2300340904853,0
2025-09-26T06:00:00,995.2300340904853,995.2300340904853,0
2025-09-26T06:15:00,995.2300340904853,995.2300340904853,0
2025-09-26T06:30:00,995.2300340904853,995.2300340904853,0
2025-09-26T06:45:00,995.2300340904853,995.2300340904853,0
2025-09-26T07:00:00,995.2300340904853,995.2300340904853,0
2025-09-26T07:15:00,995.2300340904853,995.2300340904853,0
2025-09-26T07:30:00,994.4727622119669,895.5477938759823,1
2025-09-26T07:45:00,991.1745983067841,991.1745983067841,0
2025-09-26T08:00:00,991.1745983067841,991.1745983067841,0
2025-09-26T08:15:00,991.1745983067841,991.1745983067841,0
2025-09-26T08:30:00,991.1745983067841,991.1745983067841,0
2025-09-26T08:45:00,991.1745983067841,991.1745983067841,0
2025-09-26T09:00:00,991.1745983067841,991.1745983067841,0
2025-09-26T09:15:00,991.1745983067841,991.1745983067841,0
2025-09-26T09:30:00,991.1745983067841,991.1745983067841,0
2025-09-26T09:45:00,991.1745983067841,991.1745983067841,0
2025-09-26T10:00:00,991.1745983067841,991.1745983067841,0
2025-09-26T10:15:00,991.1745983067841,991.1745983067841,0
2025-09-26T10:30:00,991.1745983067841,991.1745983067841,0
2025-09-26T10:45:00,991.1745983067841,991.1745983067841,0
2025-09-26T11:00:00,991.1745983067841,991.1745983067841,0
2025-09-26T11:15:00,991.1745983067841,991.1745983067841,0
2025-09-26T11:30:00,991.1745983067841,991.1745983067841,0
2025-09-26T11:45:00,991.1745983067841,991.1745983067841,0
2025-09-26T12:00:00,991.1745983067841,991.1745983067841,0
2025-09-26T12:15:00,991.1745983067841,991.1745983067841,0
2025-09-26T12:30:00,991.1745983067841,991.1745983067841,0
2025-09-26T12:45:00,991.1745983067841,991.1745983067841,0
2025-09-26T13:00:00,991.1745983067841,991.1745983067841,0
2025-09-26T13:15:00,991.1745983067841,991.1745983067841,0
2025-09-26T13:30:00,991.1745983067841,991.1745983067841,0
2025-09-26T13:45:00,991.1745983067841,991.1745983067841,0
2025-09-26T14:00:00,991.1745983067841,991.1745983067841,0
2025-09-26T14:15:00,991.1745983067841,991.1745983067841,0
2025-09-26T14:30:00,991.1745983067841,991.1745983067841,0
2025-09-26T14:45:00,991.1745983067841,991.1745983067841,0
2025-09-26T15:00:00,991.1745983067841,991.1745983067841,0
2025-09-26T15:15:00,991.1745983067841,991.1745983067841,0
2025-09-26T15:30:00,991.1745983067841,991.1745983067841,0
2025-09-26T15:45:00,991.1745983067841,991.1745983067841,0
2025-09-26T16:00:00,991.1745983067841,991.1745983067841,0
2025-09-26T16:15:00,991.1745983067841,991.1745983067841,0
2025-09-26T16:30:00,991.1745983067841,991.1745983067841,0
2025-09-26T16:45:00,991.1745983067841,991.1745983067841,0
2025-09-26T17:00:00,991.1745983067841,991.1745983067841,0
2025-09-26T17:15:00,991.1745983067841,991.1745983067841,0
2025-09-26T17:30:00,991.1745983067841,991.1745983067841,0
2025-09-26T17:45:00,991.1745983067841,991.1745983067841,0
2025-09-26T18:00:00,990.4221963331279,891.8985505403766,1
2025-09-26T18:15:00,990.7955370439861,891.8985505403766,1
2025-09-26T18:30:00,989.6334896481474,891.8985505403766,1
2025-09-26T18:45:00,989.7898627207582,891.8985505403766,1
2025-09-26T19:00:00,989.3080381907762,891.8985505403766,1
2025-09-26T19:15:00,987.7013048697007,891.8985505403766,1
2025-09-26T19:30:00,986.4085141093075,986.4085141093075,0
2025-09-26T19:45:00,986.4085141093075,986.4085141093075,0
2025-09-26T20:00:00,986.4085141093075,986.4085141093075,0
2025-09-26T20:15:00,986.4085141093075,986.4085141093075,0
2025-09-26T20:30:00,986.4085141093075,986.4085141093075,0
2025-09-26T20:45:00,986.4085141093075,986.4085141093075,0
2025-09-26T21:00:00,986.4085141093075,986.4085141093075,0
2025-09-26T21:15:00,986.4085141093075,986.4085141093075,0
2025-09-26T21:30:00,986.4085141093075,986.4085141093075,0
2025-09-26T21:45:00,986.4085141093075,986.4085141093075,0
2025-09-26T22:00:00,986.4085141093075,986.4085141093075,0
2025-09-26T22:15:00,986.4085141093075,986.4085141093075,0
2025-09-26T22:30:00,986.4085141093075,986.4085141093075,0
2025-09-26T22:45:00,986.4085141093075,986.4085141093075,0
2025-09-26T23:00:00,986.4085141093075,986.4085141093075,0
2025-09-26T23:15:00,986.4085141093075,986.4085141093075,0
2025-09-26T23:30:00,986.4085141093075,986.4085141093075,0
2025-09-26T23:45:00,986.4085141093075,986.4085141093075,0
2025-09-27T00:00:00,986.4085141093075,986.4085141093075,0
2025-09-27T00:15:00,986.4085141093075,986.4085141093075,0
2025-09-27T00:30:00,986.4085141093075,986.4085141093075,0
2025-09-27T00:45:00,986.4085141093075,986.4085141093075,0
2025-09-27T01:00:00,986.4085141093075,986.4085141093075,0
2025-09-27T01:15:00,986.4085141093075,986.4085141093075,0
2025-09-27T01:30:00,986.4085141093075,986.4085141093075,0
2025-09-27T01:45:00,986.4085141093075,986.4085141093075,0
2025-09-27T02:00:00,986.4085141093075,986.4085141093075,0
2025-09-27T02:15:00,986.4085141093075,986.4085141093075,0
2025-09-27T02:30:00,986.4085141093075,986.4085141093075,0
2025-09-27T02:45:00,986.4085141093075,986.4085141093075,0
2025-09-27T03:00:00,986.4085141093075,986.4085141093075,0
2025-09-27T03:15:00,986.4085141093075,986.4085141093075,0
2025-09-27T03:30:00,986.4085141093075,986.4085141093075,0
2025-09-27T03:45:00,986.4085141093075,986.4085141093075,0
2025-09-27T04:00:00,986.4085141093075,986.4085141093075,0
2025-09-27T04:15:00,986.4085141093075,986.4085141093075,0
2025-09-27T04:30:00,986.4085141093075,986.4085141093075,0
2025-09-27T04:45:00,986.4085141093075,986.4085141093075,0
2025-09-27T05:00:00,986.4085141093075,986.4085141093075,0
2025-09-27T05:15:00,986.4085141093075,986.4085141093075,0
2025-09-27T05:30:00,986.4085141093075,986.4085141093075,0
2025-09-27T05:45:00,986.4085141093075,986.4085141093075,0
2025-09-27T06:00:00,986.4085141093075,986.4085141093075,0
2025-09-27T06:15:00,986.4085141093075,986.4085141093075,0
2025-09-27T06:30:00,986.4085141093075,986.4085141093075,0
2025-09-27T06:45:00,986.4085141093075,986.4085141093075,0
2025-09-27T07:00:00,986.4085141093075,986.4085141093075,0
2025-09-27T07:15:00,986.4085141093075,986.4085141093075,0
2025-09-27T07:30:00,986.4085141093075,986.4085141093075,0
2025-09-27T07:45:00,986.4085141093075,986.4085141093075,0
2025-09-27T08:00:00,986.4085141093075,986.4085141093075,0
2025-09-27T08:15:00,986.4085141093075,986.4085141093075,0
2025-09-27T08:30:00,986.4085141093075,986.4085141093075,0
2025-09-27T08:45:00,986.4085141093075,986.4085141093075,0
2025-09-27T09:00:00,986.4085141093075,986.4085141093075,0
2025-09-27T09:15:00,986.4085141093075,986.4085141093075,0
2025-09-27T09:30:00,986.4085141093075,986.4085141093075,0
2025-09-27T09:45:00,986.4085141093075,986.4085141093075,0
2025-09-27T10:00:00,986.4085141093075,986.4085141093075,0
2025-09-27T10:15:00,986.4085141093075,986.4085141093075,0
2025-09-27T10:30:00,986.4085141093075,986.4085141093075,0
2025-09-27T10:45:00,986.4085141093075,986.4085141093075,0
2025-09-27T11:00:00,986.4085141093075,986.4085141093075,0
2025-09-27T11:15:00,986.4085141093075,986.4085141093075,0
2025-09-27T11:30:00,986.4085141093075,986.4085141093075,0
2025-09-27T11:45:00,986.4085141093075,986.4085141093075,0
2025-09-27T12:00:00,986.4085141093075,986.4085141093075,0
2025-09-27T12:15:00,986.4085141093075,986.4085141093075,0
2025-09-27T12:30:00,986.4085141093075,986.4085141093075,0
2025-09-27T12:45:00,986.4085141093075,986.4085141093075,0
2025-09-27T13:00:00,986.4085141093075,986.4085141093075,0
2025-09-27T13:15:00,986.4085141093075,986.4085141093075,0
2025-09-27T13:30:00,986.4085141093075,986.4085141093075,0
2025-09-27T13:45:00,986.4085141093075,986.4085141093075,0
2025-09-27T14:00:00,986.4085141093075,986.4085141093075,0
2025-09-27T14:15:00,986.4085141093075,986.4085141093075,0
2025-09-27T14:30:00,986.4085141093075,986.4085141093075,0
2025-09-27T14:45:00,986.4085141093075,986.4085141093075,0
2025-09-27T15:00:00,986.4085141093075,986.4085141093075,0
2025-09-27T15:15:00,986.4085141093075,986.4085141093075,0
2025-09-27T15:30:00,986.4085141093075,986.4085141093075,0
2025-09-27T15:45:00,986.4085141093075,986.4085141093075,0
2025-09-27T16:00:00,986.4085141093075,986.4085141093075,0
2025-09-27T16:15:00,986.4085141093075,986.4085141093075,0
2025-09-27T16:30:00,986.4085141093075,986.4085141093075,0
2025-09-27T16:45:00,986.4085141093075,986.4085141093075,0
2025-09-27T17:00:00,986.4085141093075,986.4085141093075,0
2025-09-27T17:15:00,986.4085141093075,986.4085141093075,0
2025-09-27T17:30:00,986.4085141093075,986.4085141093075,0
2025-09-27T17:45:00,986.4085141093075,986.4085141093075,0
2025-09-27T18:00:00,986.4085141093075,986.4085141093075,0
2025-09-27T18:15:00,986.4085141093075,986.4085141093075,0
2025-09-27T18:30:00,986.4085141093075,986.4085141093075,0
2025-09-27T18:45:00,986.4085141093075,986.4085141093075,0
2025-09-27T19:00:00,986.4085141093075,986.4085141093075,0
2025-09-27T19:15:00,986.4085141093075,986.4085141093075,0
2025-09-27T19:30:00,986.4085141093075,986.4085141093075,0
2025-09-27T19:45:00,986.4085141093075,986.4085141093075,0
2025-09-27T20:00:00,986.4085141093075,986.4085141093075,0
2025-09-27T20:15:00,986.4085141093075,986.4085141093075,0
2025-09-27T20:30:00,986.4085141093075,986.4085141093075,0
2025-09-27T20:45:00,986.4085141093075,986.4085141093075,0
2025-09-27T21:00:00,986.4085141093075,986.4085141093075,0
2025-09-27T21:15:00,986.4085141093075,986.4085141093075,0
2025-09-27T21:30:00,986.4085141093075,986.4085141093075,0
2025-09-27T21:45:00,986.4085141093075,986.4085141093075,0
2025-09-27T22:00:00,986.4085141093075,986.4085141093075,0
2025-09-27T22:15:00,986.4085141093075,986.4085141093075,0
2025-09-27T22:30:00,986.4085141093075,986.4085141093075,0
2025-09-27T22:45:00,986.4085141093075,986.4085141093075,0
2025-09-27T23:00:00,986.4085141093075,986.4085141093075,0
2025-09-27T23:15:00,986.4085141093075,986.4085141093075,0
2025-09-27T23:30:00,986.4085141093075,986.4085141093075,0
2025-09-27T23:45:00,986.4085141093075,986.4085141093075,0
2025-09-28T00:00:00,986.4085141093075,986.4085141093075,0
2025-09-28T00:15:00,986.4085141093075,986.4085141093075,0
2025-09-28T00:30:00,986.4085141093075,986.4085141093075,0
2025-09-28T00:45:00,986.4085141093075,986.4085141093075,0
2025-09-28T01:00:00,986.4085141093075,986.4085141093075,0
2025-09-28T01:15:00,986.4085141093075,986.4085141093075,0
2025-09-28T01:30:00,986.4085141093075,986.4085141093075,0
2025-09-28T01:45:00,986.4085141093075,986.4085141093075,0
2025-09-28T02:00:00,986.4085141093075,986.4085141093075,0
2025-09-28T02:15:00,986.4085141093075,986.4085141093075,0
2025-09-28T02:30:00,986.4085141093075,986.4085141093075,0
2025-09-28T02:45:00,986.4085141093075,986.4085141093075,0
2025-09-28T03:00:00,986.4085141093075,986.4085141093075,0
2025-09-28T03:15:00,986.4085141093075,986.4085141093075,0
2025-09-28T03:30:00,986.4085141093075,986.4085141093075,0
2025-09-28T03:45:00,986.4085141093075,986.4085141093075,0
2025-09-28T04:00:00,986.4085141093075,986.4085141093075,0
2025-09-28T04:15:00,986.4085141093075,986.4085141093075,0
2025-09-28T04:30:00,986.4085141093075,986.4085141093075,0
2025-09-28T04:45:00,986.4085141093075,986.4085141093075,0
2025-09-28T05:00:00,986.4085141093075,986.4085141093075,0
2025-09-28T05:15:00,986.4085141093075,986.4085141093075,0
2025-09-28T05:30:00,986.4085141093075,986.4085141093075,0
2025-09-28T05:45:00,986.4085141093075,986.4085141093075,0
2025-09-28T06:00:00,986.4085141093075,986.4085141093075,0
2025-09-28T06:15:00,986.4085141093075,986.4085141093075,0
2025-09-28T06:30:00,986.4085141093075,986.4085141093075,0
2025-09-28T06:45:00,986.4085141093075,986.4085141093075,0
2025-09-28T07:00:00,986.4085141093075,986.4085141093075,0
2025-09-28T07:15:00,986.4085141093075,986.4085141093075,0
2025-09-28T07:30:00,986.4085141093075,986.4085141093075,0
2025-09-28T07:45:00,986.4085141093075,986.4085141093075,0
2025-09-28T08:00:00,986.4085141093075,986.4085141093075,0
2025-09-28T08:15:00,986.4085141093075,986.4085141093075,0
2025-09-28T08:30:00,986.4085141093075,986.4085141093075,0
2025-09-28T08:45:00,986.4085141093075,986.4085141093075,0
2025-09-28T09:00:00,986.4085141093075,986.4085141093075,0
2025-09-28T09:15:00,986.4085141093075,986.4085141093075,0
2025-09-28T09:30:00,986.4085141093075,986.4085141093075,0
2025-09-28T09:45:00,986.4085141093075,986.4085141093075,0
2025-09-28T10:00:00,986.4085141093075,986.4085141093075,0
2025-09-28T10:15:00,986.4085141093075,986.4085141093075,0
2025-09-28T10:30:00,986.4085141093075,986.4085141093075,0
2025-09-28T10:45:00,986.4085141093075,986.4085141093075,0
2025-09-28T11:00:00,986.4085141093075,986.4085141093075,0
2025-09-28T11:15:00,986.4085141093075,986.4085141093075,0
2025-09-28T11:30:00,986.4085141093075,986.4085141093075,0
2025-09-28T11:45:00,986.4085141093075,986.4085141093075,0
2025-09-28T12:00:00,986.4085141093075,986.4085141093075,0
2025-09-28T12:15:00,986.4085141093075,986.4085141093075,0
2025-09-28T12:30:00,985.6579545372697,887.6098373361192,1
2025-09-28T12:45:00,985.0152220045809,887.6098373361192,1
2025-09-28T13:00:00,984.0541080315509,887.6098373361192,1
2025-09-28T13:15:00,982.6994390778347,982.6994390778347,0
2025-09-28T13:30:00,982.6994390778347,982.6994390778347,0
2025-09-28T13:45:00,982.6994390778347,982.6994390778347,0
2025-09-28T14:00:00,982.6994390778347,982.6994390778347,0
2025-09-28T14:15:00,982.6994390778347,982.6994390778347,0
2025-09-28T14:30:00,982.6994390778347,982.6994390778347,0
2025-09-28T14:45:00,982.6994390778347,982.6994390778347,0
2025-09-28T15:00:00,982.6994390778347,982.6994390778347,0
2025-09-28T15:15:00,982.6994390778347,982.6994390778347,0
2025-09-28T15:30:00,982.6994390778347,982.6994390778347,0
2025-09-28T15:45:00,982.6994390778347,982.6994390778347,0
2025-09-28T16:00:00,982.6994390778347,982.6994390778347,0
2025-09-28T16:15:00,982.6994390778347,982.6994390778347,0
2025-09-28T16:30:00,982.6994390778347,982.6994390778347,0
2025-09-28T16:45:00,982.6994390778347,982.6994390778347,0
2025-09-28T17:00:00,982.6994390778347,982.6994390778347,0
2025-09-28T17:15:00,982.6994390778347,982.6994390778347,0
2025-09-28T17:30:00,982.6994390778347,982.6994390778347,0
2025-09-28T17:45:00,982.6994390778347,982.6994390778347,0
2025-09-28T18:00:00,982.6994390778347,982.6994390778347,0
2025-09-28T18:15:00,982.6994390778347,982.6994390778347,0
2025-09-28T18:30:00,982.6994390778347,982.6994390778347,0
2025-09-28T18:45:00,982.6994390778347,982.6994390778347,0
2025-09-28T19:00:00,982.6994390778347,982.6994390778347,0
2025-09-28T19:15:00,982.6994390778347,982.6994390778347,0
2025-09-28T19:30:00,982.6994390778347,982.6994390778347,0
2025-09-28T19:45:00,982.6994390778347,982.6994390778347,0
2025-09-28T20:00:00,982.6994390778347,982.6994390778347,0
2025-09-28T20:15:00,982.6994390778347,982.6994390778347,0
2025-09-28T20:30:00,981.9534706089734,884.2722632597987,1
2025-09-28T20:45:00,981.4586807604621,884.2722632597987,1
2025-09-28T21:00:00,981.663198143148,884.2722632597987,1
2025-09-28T21:15:00,981.2138683944033,884.2722632597987,1
2025-09-28T21:30:00,981.0352473487053,884.2722632597987,1
2025-09-28T21:45:00,981.5654854617817,884.2722632597987,1
2025-09-28T22:00:00,983.7801175593653,884.2722632597987,1
2025-09-28T22:15:00,984.7223975261247,884.2722632597987,1
2025-09-28T22:30:00,985.3367279793921,884.2722632597987,1
2025-09-28T22:45:00,985.4730021461635,884.2722632597987,1
2025-09-28T23:00:00,986.0833349408522,884.2722632597987,1
2025-09-28T23:15:00,986.0720848928166,884.2722632597987,1
2025-09-28T23:30:00,986.5637615204878,884.2722632597987,1
2025-09-28T23:45:00,986.27055272137,884.2722632597987,1
2025-09-29T00:00:00,986.0768254790958,884.2722632597987,1
2025-09-29T00:15:00,986.3940909847048,884.2722632597987,1
2025-09-29T00:30:00,985.8903506262784,884.2722632597987,1
2025-09-29T00:45:00,986.612370218604,884.2722632597987,1
2025-09-29T01:00:00,986.5450114404283,884.2722632597987,1
2025-09-29T01:15:00,985.5267716509995,985.5267716509995,0
2025-09-29T01:30:00,985.5267716509995,985.5267716509995,0
2025-09-29T01:45:00,985.5267716509995,985.5267716509995,0
2025-09-29T02:00:00,985.5267716509995,985.5267716509995,0
2025-09-29T02:15:00,985.5267716509995,985.5267716509995,0
2025-09-29T02:30:00,985.5267716509995,985.5267716509995,0
2025-09-29T02:45:00,985.5267716509995,985.5267716509995,0
2025-09-29T03:00:00,985.5267716509995,985.5267716509995,0
2025-09-29T03:15:00,985.5267716509995,985.5267716509995,0
2025-09-29T03:30:00,985.5267716509995,985.5267716509995,0
2025-09-29T03:45:00,985.5267716509995,985.5267716509995,0
2025-09-29T04:00:00,985.5267716509995,985.5267716509995,0
2025-09-29T04:15:00,985.5267716509995,985.5267716509995,0
2025-09-29T04:30:00,985.5267716509995,985.5267716509995,0
2025-09-29T04:45:00,985.5267716509995,985.5267716509995,0
2025-09-29T05:00:00,985.5267716509995,985.5267716509995,0
2025-09-29T05:15:00,985.5267716509995,985.5267716509995,0
2025-09-29T05:30:00,985.5267716509995,985.5267716509995,0
2025-09-29T05:45:00,985.5267716509995,985.5267716509995,0
2025-09-29T06:00:00,985.5267716509995,985.5267716509995,0
2025-09-29T06:15:00,985.5267716509995,985.5267716509995,0
2025-09-29T06:30:00,985.5267716509995,985.5267716509995,0
2025-09-29T06:45:00,985.5267716509995,985.5267716509995,0
2025-09-29T07:00:00,985.5267716509995,985.5267716509995,0
2025-09-29T07:15:00,985.5267716509995,985.5267716509995,0
2025-09-29T07:30:00,985.5267716509995,985.5267716509995,0
2025-09-29T07:45:00,985.5267716509995,985.5267716509995,0
2025-09-29T08:00:00,985.5267716509995,985.5267716509995,0
2025-09-29T08:15:00,984.7786569501709,886.8164102024355,1
2025-09-29T08:30:00,984.9839186915005,886.8164102024355,1
2025-09-29T08:45:00,984.420896013907,886.8164102024355,1
2025-09-29T09:00:00,984.2051098284826,886.8164102024355,1
2025-09-29T09:15:00,984.6716584352067,886.8164102024355,1
2025-09-29T09:30:00,984.2534871898384,886.8164102024355,1
2025-09-29T09:45:00,984.4600118644595,886.8164102024355,1
2025-09-29T10:00:00,984.5807623197077,886.8164102024355,1
2025-09-29T10:15:00,984.8602915548665,886.8164102024355,1
2025-09-29T10:30:00,984.2321927312867,886.8164102024355,1
2025-09-29T10:45:00,984.3873230372444,886.8164102024355,1
2025-09-29T11:00:00,983.4866155967143,983.4866155967143,0
2025-09-29T11:15:00,983.4866155967143,983.4866155967143,0
2025-09-29T11:30:00,983.4866155967143,983.4866155967143,0
2025-09-29T11:45:00,983.4866155967143,983.4866155967143,0
2025-09-29T12:00:00,983.4866155967143,983.4866155967143,0
2025-09-29T12:15:00,983.4866155967143,983.4866155967143,0
2025-09-29T12:30:00,983.4866155967143,983.4866155967143,0
2025-09-29T12:45:00,983.4866155967143,983.4866155967143,0
2025-09-29T13:00:00,983.4866155967143,983.4866155967143,0
2025-09-29T13:15:00,983.4866155967143,983.4866155967143,0
2025-09-29T13:30:00,983.4866155967143,983.4866155967143,0
2025-09-29T13:45:00,983.4866155967143,983.4866155967143,0
2025-09-29T14:00:00,983.4866155967143,983.4866155967143,0
2025-09-29T14:15:00,983.4866155967143,983.4866155967143,0
2025-09-29T14:30:00,983.4866155967143,983.4866155967143,0
2025-09-29T14:45:00,983.4866155967143,983.4866155967143,0
2025-09-29T15:00:00,983.4866155967143,983.4866155967143,0
2025-09-29T15:15:00,983.4866155967143,983.4866155967143,0
2025-09-29T15:30:00,983.4866155967143,983.4866155967143,0
2025-09-29T15:45:00,983.4866155967143,983.4866155967143,0
2025-09-29T16:00:00,983.4866155967143,983.4866155967143,0
2025-09-29T16:15:00,983.4866155967143,983.4866155967143,0
2025-09-29T16:30:00,983.4866155967143,983.4866155967143,0
2025-09-29T16:45:00,983.4866155967143,983.4866155967143,0
2025-09-29T17:00:00,983.4866155967143,983.4866155967143,0
2025-09-29T17:15:00,983.4866155967143,983.4866155967143,0
2025-09-29T17:30:00,983.4866155967143,983.4866155967143,0
2025-09-29T17:45:00,983.4866155967143,983.4866155967143,0
2025-09-29T18:00:00,983.4866155967143,983.4866155967143,0
2025-09-29T18:15:00,983.4866155967143,983.4866155967143,0
2025-09-29T18:30:00,983.4866155967143,983.4866155967143,0
2025-09-29T18:45:00,983.4866155967143,983.4866155967143,0
2025-09-29T19:00:00,983.4866155967143,983.4866155967143,0
2025-09-29T19:15:00,983.4866155967143,983.4866155967143,0
2025-09-29T19:30:00,983.4866155967143,983.4866155967143,0
2025-09-29T19:45:00,983.4866155967143,983.4866155967143,0
2025-09-29T20:00:00,982.7400495810964,884.9805961785473,1
2025-09-29T20:15:00,982.4689609711778,884.9805961785473,1
2025-09-29T20:30:00,982.8242302706834,884.9805961785473,1
2025-09-29T20:45:00,982.3598111419213,884.9805961785473,1
2025-09-29T21:00:00,982.1134855989927,884.9805961785473,1
2025-09-29T21:15:00,982.0015537885625,884.9805961785473,1
2025-09-29T21:30:00,982.0957976939999,884.9805961785473,1
2025-09-29T21:45:00,982.0796896795501,884.9805961785473,1
2025-09-29T22:00:00,981.92125413444,884.9805961785473,1
2025-09-29T22:15:00,981.7835288936224,884.9805961785473,1
2025-09-29T22:30:00,981.6459410345911,884.9805961785473,1
2025-09-29T22:45:00,982.1246135236871,884.9805961785473,1
2025-09-29T23:00:00,982.2832551414768,884.9805961785473,1
2025-09-29T23:15:00,982.5065005442984,884.9805961785473,1
2025-09-29T23:30:00,982.2556414024201,884.9805961785473,1
2025-09-29T23:45:00,982.5441431537588,884.9805961785473,1
2025-09-30T00:00:00,982.5301645569975,884.9805961785473,1
2025-09-30T00:15:00,982.0590137207042,884.9805961785473,1
2025-09-30T00:30:00,982.7984368402958,884.9805961785473,1
2025-09-30T00:45:00,983.2791700561872,884.9805961785473,1
2025-09-30T01:00:00,984.0546215492496,884.9805961785473,1
2025-09-30T01:15:00,983.640587190632,884.9805961785473,1
2025-09-30T01:30:00,983.0124433179853,884.9805961785473,1
2025-09-30T01:45:00,983.1910396402426,884.9805961785473,1
2025-09-30T02:00:00,982.5614887809606,982.5614887809606,0
2025-09-30T02:15:00,982.5614887809606,982.5614887809606,0
2025-09-30T02:30:00,982.5614887809606,982.5614887809606,0
2025-09-30T02:45:00,982.5614887809606,982.5614887809606,0
2025-09-30T03:00:00,982.5614887809606,982.5614887809606,0
2025-09-30T03:15:00,982.5614887809606,982.5614887809606,0
2025-09-30T03:30:00,982.5614887809606,982.5614887809606,0
2025-09-30T03:45:00,982.5614887809606,982.5614887809606,0
2025-09-30T04:00:00,982.5614887809606,982.5614887809606,0
2025-09-30T04:15:00,982.5614887809606,982.5614887809606,0
2025-09-30T04:30:00,982.5614887809606,982.5614887809606,0
2025-09-30T04:45:00,982.5614887809606,982.5614887809606,0
2025-09-30T05:00:00,982.5614887809606,982.5614887809606,0
2025-09-30T05:15:00,982.5614887809606,982.5614887809606,0
2025-09-30T05:30:00,982.5614887809606,982.5614887809606,0
2025-09-30T05:45:00,982.5614887809606,982.5614887809606,0
2025-09-30T06:00:00,982.5614887809606,982.5614887809606,0
2025-09-30T06:15:00,982.5614887809606,982.5614887809606,0
2025-09-30T06:30:00,982.5614887809606,982.5614887809606,0
2025-09-30T06:45:00,982.5614887809606,982.5614887809606,0
2025-09-30T07:00:00,982.5614887809606,982.5614887809606,0
2025-09-30T07:15:00,982.5614887809606,982.5614887809606,0
2025-09-30T07:30:00,982.5614887809606,982.5614887809606,0
2025-09-30T07:45:00,982.5614887809606,982.5614887809606,0
2025-09-30T08:00:00,982.5614887809606,982.5614887809606,0
2025-09-30T08:15:00,982.5614887809606,982.5614887809606,0
2025-09-30T08:30:00,982.5614887809606,982.5614887809606,0
2025-09-30T08:45:00,982.5614887809606,982.5614887809606,0
2025-09-30T09:00:00,982.5614887809606,982.5614887809606,0
2025-09-30T09:15:00,982.5614887809606,982.5614887809606,0
2025-09-30T09:30:00,982.5614887809606,982.5614887809606,0
2025-09-30T09:45:00,982.5614887809606,982.5614887809606,0
2025-09-30T10:00:00,982.5614887809606,982.5614887809606,0
2025-09-30T10:15:00,982.5614887809606,982.5614887809606,0
2025-09-30T10:30:00,982.5614887809606,982.5614887809606,0
2025-09-30T10:45:00,982.5614887809606,982.5614887809606,0
2025-09-30T11:00:00,982.5614887809606,982.5614887809606,0
2025-09-30T11:15:00,982.5614887809606,982.5614887809606,0
2025-09-30T11:30:00,982.5614887809606,982.5614887809606,0
2025-09-30T11:45:00,982.5614887809606,982.5614887809606,0
2025-09-30T12:00:00,982.5614887809606,982.5614887809606,0
2025-09-30T12:15:00,982.5614887809606,982.5614887809606,0
2025-09-30T12:30:00,982.5614887809606,982.5614887809606,0
2025-09-30T12:45:00,982.5614887809606,982.5614887809606,0
2025-09-30T13:00:00,982.5614887809606,982.5614887809606,0
2025-09-30T13:15:00,982.5614887809606,982.5614887809606,0
2025-09-30T13:30:00,982.5614887809606,982.5614887809606,0
2025-09-30T13:45:00,982.5614887809606,982.5614887809606,0
2025-09-30T14:00:00,982.5614887809606,982.5614887809606,0
2025-09-30T14:15:00,982.5614887809606,982.5614887809606,0
2025-09-30T14:30:00,982.5614887809606,982.5614887809606,0
2025-09-30T14:45:00,982.5614887809606,982.5614887809606,0
2025-09-30T15:00:00,982.5614887809606,982.5614887809606,0
2025-09-30T15:15:00,982.5614887809606,982.5614887809606,0
2025-09-30T15:30:00,982.5614887809606,982.5614887809606,0
2025-09-30T15:45:00,982.5614887809606,982.5614887809606,0
2025-09-30T16:00:00,982.5614887809606,982.5614887809606,0
2025-09-30T16:15:00,982.5614887809606,982.5614887809606,0
2025-09-30T16:30:00,982.5614887809606,982.5614887809606,0
2025-09-30T16:45:00,982.5614887809606,982.5614887809606,0
2025-09-30T17:00:00,982.5614887809606,982.5614887809606,0
2025-09-30T17:15:00,982.5614887809606,982.5614887809606,0
2025-09-30T17:30:00,982.5614887809606,982.5614887809606,0
2025-09-30T17:45:00,982.5614887809606,982.5614887809606,0
2025-09-30T18:00:00,982.5614887809606,982.5614887809606,0
2025-09-30T18:15:00,982.5614887809606,982.5614887809606,0
2025-09-30T18:30:00,982.5614887809606,982.5614887809606,0
2025-09-30T18:45:00,982.5614887809606,982.5614887809606,0
2025-09-30T19:00:00,982.5614887809606,982.5614887809606,0
2025-09-30T19:15:00,982.5614887809606,982.5614887809606,0
2025-09-30T19:30:00,982.5614887809606,982.5614887809606,0
2025-09-30T19:45:00,982.5614887809606,982.5614887809606,0
2025-09-30T20:00:00,981.8156250303557,884.1481300646597,1
2025-09-30T20:15:00,982.5704013507051,884.1481300646597,1
2025-09-30T20:30:00,982.2961684750449,884.1481300646597,1
2025-09-30T20:45:00,983.392171889488,884.1481300646597,1
2025-09-30T21:00:00,982.5664140088179,884.1481300646597,1
2025-09-30T21:15:00,982.2434736895865,884.1481300646597,1
2025-09-30T21:30:00,982.5210408080318,884.1481300646597,1
2025-09-30T21:45:00,981.7925603199561,884.1481300646597,1
2025-09-30T22:00:00,981.3729348362443,981.3729348362443,0
2025-09-30T22:15:00,981.3729348362443,981.3729348362443,0
2025-09-30T22:30:00,981.3729348362443,981.3729348362443,0
2025-09-30T22:45:00,981.3729348362443,981.3729348362443,0
2025-09-30T23:00:00,981.3729348362443,981.3729348362443,0
2025-09-30T23:15:00,981.3729348362443,981.3729348362443,0
2025-09-30T23:30:00,981.3729348362443,981.3729348362443,0
2025-09-30T23:45:00,981.3729348362443,981.3729348362443,0
2025-10-01T00:00:00,981.3729348362443,981.3729348362443,0
2025-10-01T00:15:00,981.3729348362443,981.3729348362443,0
2025-10-01T00:30:00,981.3729348362443,981.3729348362443,0
2025-10-01T00:45:00,981.3729348362443,981.3729348362443,0
2025-10-01T01:00:00,981.3729348362443,981.3729348362443,0
2025-10-01T01:15:00,981.3729348362443,981.3729348362443,0
2025-10-01T01:30:00,981.3729348362443,981.3729348362443,0
2025-10-01T01:45:00,981.3729348362443,981.3729348362443,0
2025-10-01T02:00:00,981.3729348362443,981.3729348362443,0
2025-10-01T02:15:00,981.3729348362443,981.3729348362443,0
2025-10-01T02:30:00,981.3729348362443,981.3729348362443,0
2025-10-01T02:45:00,981.3729348362443,981.3729348362443,0
2025-10-01T03:00:00,981.3729348362443,981.3729348362443,0
2025-10-01T03:15:00,981.3729348362443,981.3729348362443,0
2025-10-01T03:30:00,981.3729348362443,981.3729348362443,0
2025-10-01T03:45:00,981.3729348362443,981.3729348362443,0
2025-10-01T04:00:00,981.3729348362443,981.3729348362443,0
2025-10-01T04:15:00,981.3729348362443,981.3729348362443,0
2025-10-01T04:30:00,981.3729348362443,981.3729348362443,0
2025-10-01T04:45:00,981.3729348362443,981.3729348362443,0
2025-10-01T05:00:00,981.3729348362443,981.3729348362443,0
2025-10-01T05:15:00,981.3729348362443,981.3729348362443,0
2025-10-01T05:30:00,981.3729348362443,981.3729348362443,0
2025-10-01T05:45:00,981.3729348362443,981.3729348362443,0
2025-10-01T06:00:00,981.3729348362443,981.3729348362443,0
2025-10-01T06:15:00,981.3729348362443,981.3729348362443,0
2025-10-01T06:30:00,981.3729348362443,981.3729348362443,0
2025-10-01T06:45:00,981.3729348362443,981.3729348362443,0
2025-10-01T07:00:00,981.3729348362443,981.3729348362443,0
2025-10-01T07:15:00,981.3729348362443,981.3729348362443,0
2025-10-01T07:30:00,981.3729348362443,981.3729348362443,0
2025-10-01T07:45:00,981.3729348362443,981.3729348362443,0
2025-10-01T08:00:00,981.3729348362443,981.3729348362443,0
2025-10-01T08:15:00,980.627973318541,883.0786216830461,1
2025-10-01T08:30:00,982.4859521577182,883.0786216830461,1
2025-10-01T08:45:00,984.106758150483,883.0786216830461,1
2025-10-01T09:00:00,984.5461954332601,883.0786216830461,1
2025-10-01T09:15:00,984.5433687034708,883.0786216830461,1
2025-10-01T09:30:00,985.0424057107198,883.0786216830461,1
2025-10-01T09:45:00,985.1312603856609,883.0786216830461,1
2025-10-01T10:00:00,984.6368210714427,883.0786216830461,1
2025-10-01T10:15:00,984.5472852567933,883.0786216830461,1
2025-10-01T10:30:00,984.6654629961746,883.0786216830461,1
2025-10-01T10:45:00,984.6869529539698,883.0786216830461,1
2025-10-01T11:00:00,985.0082806113364,883.0786216830461,1
2025-10-01T11:15:00,984.831218344177,883.0786216830461,1
2025-10-01T11:30:00,985.6873769004611,883.0786216830461,1
2025-10-01T11:45:00,986.4168434710108,883.0786216830461,1
2025-10-01T12:00:00,986.0074785063529,883.0786216830461,1
2025-10-01T12:15:00,985.8836473073932,883.0786216830461,1
2025-10-01T12:30:00,984.9555050420616,984.9555050420616,0
2025-10-01T12:45:00,984.9555050420616,984.9555050420616,0
2025-10-01T13:00:00,984.9555050420616,984.9555050420616,0
2025-10-01T13:15:00,984.9555050420616,984.9555050420616,0
2025-10-01T13:30:00,984.9555050420616,984.9555050420616,0
2025-10-01T13:45:00,984.9555050420616,984.9555050420616,0
2025-10-01T14:00:00,984.9555050420616,984.9555050420616,0
2025-10-01T14:15:00,984.9555050420616,984.9555050420616,0
2025-10-01T14:30:00,984.9555050420616,984.9555050420616,0
2025-10-01T14:45:00,984.9555050420616,984.9555050420616,0
2025-10-01T15:00:00,984.9555050420616,984.9555050420616,0
2025-10-01T15:15:00,984.9555050420616,984.9555050420616,0
2025-10-01T15:30:00,984.9555050420616,984.9555050420616,0
2025-10-01T15:45:00,984.9555050420616,984.9555050420616,0
2025-10-01T16:00:00,984.9555050420616,984.9555050420616,0
2025-10-01T16:15:00,984.9555050420616,984.9555050420616,0
2025-10-01T16:30:00,984.9555050420616,984.9555050420616,0
2025-10-01T16:45:00,984.9555050420616,984.9555050420616,0
2025-10-01T17:00:00,984.9555050420616,984.9555050420616,0
2025-10-01T17:15:00,984.9555050420616,984.9555050420616,0
2025-10-01T17:30:00,984.9555050420616,984.9555050420616,0
2025-10-01T17:45:00,984.9555050420616,984.9555050420616,0
2025-10-01T18:00:00,984.9555050420616,984.9555050420616,0
2025-10-01T18:15:00,984.9555050420616,984.9555050420616,0
2025-10-01T18:30:00,984.9555050420616,984.9555050420616,0
2025-10-01T18:45:00,984.9555050420616,984.9555050420616,0
2025-10-01T19:00:00,984.9555050420616,984.9555050420616,0
2025-10-01T19:15:00,984.9555050420616,984.9555050420616,0
2025-10-01T19:30:00,984.9555050420616,984.9555050420616,0
2025-10-01T19:45:00,984.9555050420616,984.9555050420616,0
2025-10-01T20:00:00,984.9555050420616,984.9555050420616,0
2025-10-01T20:15:00,984.9555050420616,984.9555050420616,0
2025-10-01T20:30:00,984.9555050420616,984.9555050420616,0
2025-10-01T20:45:00,984.9555050420616,984.9555050420616,0
2025-10-01T21:00:00,984.9555050420616,984.9555050420616,0
2025-10-01T21:15:00,984.9555050420616,984.9555050420616,0
2025-10-01T21:30:00,984.9555050420616,984.9555050420616,0
2025-10-01T21:45:00,984.9555050420616,984.9555050420616,0
2025-10-01T22:00:00,984.9555050420616,984.9555050420616,0
2025-10-01T22:15:00,984.9555050420616,984.9555050420616,0
2025-10-01T22:30:00,984.9555050420616,984.9555050420616,0
2025-10-01T22:45:00,984.9555050420616,984.9555050420616,0
2025-10-01T23:00:00,984.9555050420616,984.9555050420616,0
2025-10-01T23:15:00,984.2078239904858,886.3023616570488,1
2025-10-01T23:30:00,984.0678878218484,886.3023616570488,1
2025-10-01T23:45:00,985.0135372274863,886.3023616570488,1
2025-10-02T00:00:00,986.8709655029327,886.3023616570488,1
2025-10-02T00:15:00,986.1492804451045,886.3023616570488,1
2025-10-02T00:30:00,985.004695654836,886.3023616570488,1
2025-10-02T00:45:00,984.4600082449876,886.3023616570488,1
2025-10-02T01:00:00,985.3459604157388,886.3023616570488,1
2025-10-02T01:15:00,984.6479415222979,886.3023616570488,1
2025-10-02T01:30:00,985.4290246640583,886.3023616570488,1
2025-10-02T01:45:00,985.0879260981301,886.3023616570488,1
2025-10-02T02:00:00,985.0521521393866,985.0521521393866,0
2025-10-02T02:15:00,985.0521521393866,985.0521521393866,0
2025-10-02T02:30:00,985.0521521393866,985.0521521393866,0
2025-10-02T02:45:00,985.0521521393866,985.0521521393866,0
2025-10-02T03:00:00,985.0521521393866,985.0521521393866,0
2025-10-02T03:15:00,985.0521521393866,985.0521521393866,0
2025-10-02T03:30:00,985.0521521393866,985.0521521393866,0
2025-10-02T03:45:00,985.0521521393866,985.0521521393866,0
2025-10-02T04:00:00,985.0521521393866,985.0521521393866,0
2025-10-02T04:15:00,985.0521521393866,985.0521521393866,0
2025-10-02T04:30:00,985.0521521393866,985.0521521393866,0
2025-10-02T04:45:00,985.0521521393866,985.0521521393866,0
2025-10-02T05:00:00,985.0521521393866,985.0521521393866,0
2025-10-02T05:15:00,985.0521521393866,985.0521521393866,0
2025-10-02T05:30:00,985.0521521393866,985.0521521393866,0
2025-10-02T05:45:00,985.0521521393866,985.0521521393866,0
2025-10-02T06:00:00,985.0521521393866,985.0521521393866,0
2025-10-02T06:15:00,985.0521521393866,985.0521521393866,0
2025-10-02T06:30:00,985.0521521393866,985.0521521393866,0
2025-10-02T06:45:00,985.0521521393866,985.0521521393866,0
2025-10-02T07:00:00,985.0521521393866,985.0521521393866,0
2025-10-02T07:15:00,985.0521521393866,985.0521521393866,0
2025-10-02T07:30:00,985.0521521393866,985.0521521393866,0
2025-10-02T07:45:00,985.0521521393866,985.0521521393866,0
2025-10-02T08:00:00,985.0521521393866,985.0521521393866,0
2025-10-02T08:15:00,985.0521521393866,985.0521521393866,0
2025-10-02T08:30:00,985.0521521393866,985.0521521393866,0
2025-10-02T08:45:00,985.0521521393866,985.0521521393866,0
2025-10-02T09:00:00,985.0521521393866,985.0521521393866,0
2025-10-02T09:15:00,985.0521521393866,985.0521521393866,0
2025-10-02T09:30:00,985.0521521393866,985.0521521393866,0
2025-10-02T09:45:00,985.0521521393866,985.0521521393866,0
2025-10-02T10:00:00,985.0521521393866,985.0521521393866,0
2025-10-02T10:15:00,985.0521521393866,985.0521521393866,0
2025-10-02T10:30:00,985.0521521393866,985.0521521393866,0
2025-10-02T10:45:00,985.0521521393866,985.0521521393866,0
2025-10-02T11:00:00,985.0521521393866,985.0521521393866,0
2025-10-02T11:15:00,985.0521521393866,985.0521521393866,0
2025-10-02T11:30:00,985.0521521393866,985.0521521393866,0
2025-10-02T11:45:00,985.0521521393866,985.0521521393866,0
2025-10-02T12:00:00,985.0521521393866,985.0521521393866,0
2025-10-02T12:15:00,985.0521521393866,985.0521521393866,0
2025-10-02T12:30:00,984.304397722869,886.3893285811057,1
2025-10-02T12:45:00,984.9357753691743,886.3893285811057,1
2025-10-02T13:00:00,983.9806066984635,886.3893285811057,1
2025-10-02T13:15:00,984.1523865661661,886.3893285811057,1
2025-10-02T13:30:00,985.3968912791727,886.3893285811057,1
2025-10-02T13:45:00,985.6578118620847,886.3893285811057,1
2025-10-02T14:00:00,985.0828691002696,886.3893285811057,1
2025-10-02T14:15:00,985.9178413678732,886.3893285811057,1
2025-10-02T14:30:00,983.6076414179818,886.3893285811057,1
2025-10-02T14:45:00,982.67966179851,982.67966179851,0
2025-10-02T15:00:00,982.67966179851,982.67966179851,0
2025-10-02T15:15:00,982.67966179851,982.67966179851,0
2025-10-02T15:30:00,982.67966179851,982.67966179851,0
2025-10-02T15:45:00,982.67966179851,982.67966179851,0
2025-10-02T16:00:00,982.67966179851,982.67966179851,0
2025-10-02T16:15:00,982.67966179851,982.67966179851,0
2025-10-02T16:30:00,982.67966179851,982.67966179851,0
2025-10-02T16:45:00,982.67966179851,982.67966179851,0
2025-10-02T17:00:00,982.67966179851,982.67966179851,0
2025-10-02T17:15:00,982.67966179851,982.67966179851,0
2025-10-02T17:30:00,982.67966179851,982.67966179851,0
2025-10-02T17:45:00,982.67966179851,982.67966179851,0
2025-10-02T18:00:00,982.67966179851,982.67966179851,0
2025-10-02T18:15:00,982.67966179851,982.67966179851,0
2025-10-02T18:30:00,982.67966179851,982.67966179851,0
2025-10-02T18:45:00,982.67966179851,982.67966179851,0
2025-10-02T19:00:00,982.67966179851,982.67966179851,0
2025-10-02T19:15:00,982.67966179851,982.67966179851,0
2025-10-02T19:30:00,982.67966179851,982.67966179851,0
2025-10-02T19:45:00,982.67966179851,982.67966179851,0
2025-10-02T20:00:00,982.67966179851,982.67966179851,0
2025-10-02T20:15:00,982.67966179851,982.67966179851,0
2025-10-02T20:30:00,982.67966179851,982.67966179851,0
2025-10-02T20:45:00,982.67966179851,982.67966179851,0
2025-10-02T21:00:00,982.67966179851,982.67966179851,0
2025-10-02T21:15:00,982.67966179851,982.67966179851,0
2025-10-02T21:30:00,982.67966179851,982.67966179851,0
2025-10-02T21:45:00,982.67966179851,982.67966179851,0
2025-10-02T22:00:00,982.67966179851,982.67966179851,0
2025-10-02T22:15:00,982.67966179851,982.67966179851,0
2025-10-02T22:30:00,982.67966179851,982.67966179851,0
2025-10-02T22:45:00,982.67966179851,982.67966179851,0
2025-10-02T23:00:00,982.67966179851,982.67966179851,0
2025-10-02T23:15:00,982.67966179851,982.67966179851,0
2025-10-02T23:30:00,982.67966179851,982.67966179851,0
2025-10-02T23:45:00,982.67966179851,982.67966179851,0
2025-10-03T00:00:00,982.67966179851,982.67966179851,0
2025-10-03T00:15:00,982.67966179851,982.67966179851,0
2025-10-03T00:30:00,982.67966179851,982.67966179851,0
2025-10-03T00:45:00,982.67966179851,982.67966179851,0
2025-10-03T01:00:00,982.67966179851,982.67966179851,0
2025-10-03T01:15:00,982.67966179851,982.67966179851,0
2025-10-03T01:30:00,982.67966179851,982.67966179851,0
2025-10-03T01:45:00,982.67966179851,982.67966179851,0
2025-10-03T02:00:00,982.67966179851,982.67966179851,0
2025-10-03T02:15:00,982.67966179851,982.67966179851,0
2025-10-03T02:30:00,982.67966179851,982.67966179851,0
2025-10-03T02:45:00,982.67966179851,982.67966179851,0
2025-10-03T03:00:00,982.67966179851,982.67966179851,0
2025-10-03T03:15:00,982.67966179851,982.67966179851,0
2025-10-03T03:30:00,982.67966179851,982.67966179851,0
2025-10-03T03:45:00,982.67966179851,982.67966179851,0
2025-10-03T04:00:00,982.67966179851,982.67966179851,0
2025-10-03T04:15:00,982.67966179851,982.67966179851,0
2025-10-03T04:30:00,982.67966179851,982.67966179851,0
2025-10-03T04:45:00,982.67966179851,982.67966179851,0
2025-10-03T05:00:00,982.67966179851,982.67966179851,0
2025-10-03T05:15:00,982.67966179851,982.67966179851,0
2025-10-03T05:30:00,982.67966179851,982.67966179851,0
2025-10-03T05:45:00,982.67966179851,982.67966179851,0
2025-10-03T06:00:00,982.67966179851,982.67966179851,0
2025-10-03T06:15:00,982.67966179851,982.67966179851,0
2025-10-03T06:30:00,982.67966179851,982.67966179851,0
2025-10-03T06:45:00,982.67966179851,982.67966179851,0
2025-10-03T07:00:00,982.67966179851,982.67966179851,0
2025-10-03T07:15:00,982.67966179851,982.67966179851,0
2025-10-03T07:30:00,982.67966179851,982.67966179851,0
2025-10-03T07:45:00,982.67966179851,982.67966179851,0
2025-10-03T08:00:00,982.67966179851,982.67966179851,0
2025-10-03T08:15:00,982.67966179851,982.67966179851,0
2025-10-03T08:30:00,982.67966179851,982.67966179851,0
2025-10-03T08:45:00,982.67966179851,982.67966179851,0
2025-10-03T09:00:00,982.67966179851,982.67966179851,0
2025-10-03T09:15:00,982.67966179851,982.67966179851,0
2025-10-03T09:30:00,982.67966179851,982.67966179851,0
2025-10-03T09:45:00,981.933708342608,884.2544668727712,1
2025-10-03T10:00:00,982.0591202453676,884.2544668727712,1
2025-10-03T10:15:00,982.4826627327825,884.2544668727712,1
2025-10-03T10:30:00,982.561355112974,884.2544668727712,1
2025-10-03T10:45:00,982.3446248137983,884.2544668727712,1
2025-10-03T11:00:00,981.8978204411941,884.2544668727712,1
2025-10-03T11:15:00,981.8358648732076,884.2544668727712,1
2025-10-03T11:30:00,982.0955301526203,884.2544668727712,1
2025-10-03T11:45:00,982.0462658515884,884.2544668727712,1
2025-10-03T12:00:00,982.1493946301061,884.2544668727712,1
2025-10-03T12:15:00,981.6565232422324,884.2544668727712,1
2025-10-03T12:30:00,981.8918826247783,884.2544668727712,1
2025-10-03T12:45:00,982.1231638367091,884.2544668727712,1
2025-10-03T13:00:00,981.518746900374,981.518746900374,0
2025-10-03T13:15:00,981.518746900374,981.518746900374,0
2025-10-03T13:30:00,981.518746900374,981.518746900374,0
2025-10-03T13:45:00,981.518746900374,981.518746900374,0
2025-10-03T14:00:00,981.518746900374,981.518746900374,0
2025-10-03T14:15:00,981.518746900374,981.518746900374,0
2025-10-03T14:30:00,981.518746900374,981.518746900374,0
2025-10-03T14:45:00,981.518746900374,981.518746900374,0
2025-10-03T15:00:00,981.518746900374,981.518746900374,0
2025-10-03T15:15:00,981.518746900374,981.518746900374,0
2025-10-03T15:30:00,981.518746900374,981.518746900374,0
2025-10-03T15:45:00,981.518746900374,981.518746900374,0
2025-10-03T16:00:00,981.518746900374,981.518746900374,0
2025-10-03T16:15:00,981.518746900374,981.518746900374,0
2025-10-03T16:30:00,981.518746900374,981.518746900374,0
2025-10-03T16:45:00,981.518746900374,981.518746900374,0
2025-10-03T17:00:00,981.518746900374,981.518746900374,0
2025-10-03T17:15:00,981.518746900374,981.518746900374,0
2025-10-03T17:30:00,981.518746900374,981.518746900374,0
2025-10-03T17:45:00,981.518746900374,981.518746900374,0
2025-10-03T18:00:00,981.518746900374,981.518746900374,0
2025-10-03T18:15:00,981.518746900374,981.518746900374,0
2025-10-03T18:30:00,981.518746900374,981.518746900374,0
2025-10-03T18:45:00,981.518746900374,981.518746900374,0
2025-10-03T19:00:00,981.518746900374,981.518746900374,0
2025-10-03T19:15:00,981.518746900374,981.518746900374,0
2025-10-03T19:30:00,981.518746900374,981.518746900374,0
2025-10-03T19:45:00,981.518746900374,981.518746900374,0
2025-10-03T20:00:00,981.518746900374,981.518746900374,0
2025-10-03T20:15:00,981.518746900374,981.518746900374,0
2025-10-03T20:30:00,981.518746900374,981.518746900374,0
2025-10-03T20:45:00,981.518746900374,981.518746900374,0
2025-10-03T21:00:00,981.518746900374,981.518746900374,0
2025-10-03T21:15:00,981.518746900374,981.518746900374,0
2025-10-03T21:30:00,981.518746900374,981.518746900374,0
2025-10-03T21:45:00,981.518746900374,981.518746900374,0
2025-10-03T22:00:00,981.518746900374,981.518746900374,0
2025-10-03T22:15:00,981.518746900374,981.518746900374,0
2025-10-03T22:30:00,981.518746900374,981.518746900374,0
2025-10-03T22:45:00,981.518746900374,981.518746900374,0
2025-10-03T23:00:00,981.518746900374,981.518746900374,0
2025-10-03T23:15:00,981.518746900374,981.518746900374,0
2025-10-03T23:30:00,981.518746900374,981.518746900374,0
2025-10-03T23:45:00,981.518746900374,981.518746900374,0
2025-10-04T00:00:00,981.518746900374,981.518746900374,0
2025-10-04T00:15:00,981.518746900374,981.518746900374,0
2025-10-04T00:30:00,981.518746900374,981.518746900374,0
2025-10-04T00:45:00,981.518746900374,981.518746900374,0
2025-10-04T01:00:00,981.518746900374,981.518746900374,0
2025-10-04T01:15:00,981.518746900374,981.518746900374,0
2025-10-04T01:30:00,981.518746900374,981.518746900374,0
2025-10-04T01:45:00,981.518746900374,981.518746900374,0
2025-10-04T02:00:00,981.518746900374,981.518746900374,0
2025-10-04T02:15:00,981.518746900374,981.518746900374,0
2025-10-04T02:30:00,981.518746900374,981.518746900374,0
2025-10-04T02:45:00,981.518746900374,981.518746900374,0
2025-10-04T03:00:00,981.518746900374,981.518746900374,0
2025-10-04T03:15:00,981.518746900374,981.518746900374,0
2025-10-04T03:30:00,981.518746900374,981.518746900374,0
2025-10-04T03:45:00,981.518746900374,981.518746900374,0
2025-10-04T04:00:00,981.518746900374,981.518746900374,0
2025-10-04T04:15:00,981.518746900374,981.518746900374,0
2025-10-04T04:30:00,981.518746900374,981.518746900374,0
2025-10-04T04:45:00,981.518746900374,981.518746900374,0
2025-10-04T05:00:00,981.518746900374,981.518746900374,0
2025-10-04T05:15:00,981.518746900374,981.518746900374,0
2025-10-04T05:30:00,981.518746900374,981.518746900374,0
2025-10-04T05:45:00,981.518746900374,981.518746900374,0
2025-10-04T06:00:00,980.7736746965363,883.2098292108326,1
2025-10-04T06:15:00,981.0136898111948,883.2098292108326,1
2025-10-04T06:30:00,980.9302062930527,883.2098292108326,1
2025-10-04T06:45:00,980.6719291588006,883.2098292108326,1
2025-10-04T07:00:00,980.6406228394973,883.2098292108326,1
2025-10-04T07:15:00,980.0840660518832,883.2098292108326,1
2025-10-04T07:30:00,980.4353925240646,883.2098292108326,1
2025-10-04T07:45:00,979.620976301198,979.620976301198,0
2025-10-04T08:00:00,979.620976301198,979.620976301198,0
2025-10-04T08:15:00,979.620976301198,979.620976301198,0
2025-10-04T08:30:00,979.620976301198,979.620976301198,0
2025-10-04T08:45:00,979.620976301198,979.620976301198,0
2025-10-04T09:00:00,979.620976301198,979.620976301198,0
2025-10-04T09:15:00,979.620976301198,979.620976301198,0
2025-10-04T09:30:00,979.620976301198,979.620976301198,0
2025-10-04T09:45:00,979.620976301198,979.620976301198,0
2025-10-04T10:00:00,979.620976301198,979.620976301198,0
2025-10-04T10:15:00,979.620976301198,979.620976301198,0
2025-10-04T10:30:00,979.620976301198,979.620976301198,0
2025-10-04T10:45:00,979.620976301198,979.620976301198,0
2025-10-04T11:00:00,979.620976301198,979.620976301198,0
2025-10-04T11:15:00,979.620976301198,979.620976301198,0
2025-10-04T11:30:00,979.620976301198,979.620976301198,0
2025-10-04T11:45:00,979.620976301198,979.620976301198,0
2025-10-04T12:00:00,979.620976301198,979.620976301198,0
2025-10-04T12:15:00,979.620976301198,979.620976301198,0
2025-10-04T12:30:00,979.620976301198,979.620976301198,0
2025-10-04T12:45:00,979.620976301198,979.620976301198,0
2025-10-04T13:00:00,979.620976301198,979.620976301198,0
2025-10-04T13:15:00,979.620976301198,979.620976301198,0
2025-10-04T13:30:00,979.620976301198,979.620976301198,0
2025-10-04T13:45:00,979.620976301198,979.620976301198,0
2025-10-04T14:00:00,979.620976301198,979.620976301198,0
2025-10-04T14:15:00,979.620976301198,979.620976301198,0
2025-10-04T14:30:00,979.620976301198,979.620976301198,0
2025-10-04T14:45:00,979.620976301198,979.620976301198,0
2025-10-04T15:00:00,979.620976301198,979.620976301198,0
2025-10-04T15:15:00,979.620976301198,979.620976301198,0
2025-10-04T15:30:00,979.620976301198,979.620976301198,0
2025-10-04T15:45:00,979.620976301198,979.620976301198,0
2025-10-04T16:00:00,979.620976301198,979.620976301198,0
2025-10-04T16:15:00,979.620976301198,979.620976301198,0
2025-10-04T16:30:00,979.620976301198,979.620976301198,0
2025-10-04T16:45:00,979.620976301198,979.620976301198,0
2025-10-04T17:00:00,979.620976301198,979.620976301198,0
2025-10-04T17:15:00,979.620976301198,979.620976301198,0
2025-10-04T17:30:00,979.620976301198,979.620976301198,0
2025-10-04T17:45:00,979.620976301198,979.620976301198,0
2025-10-04T18:00:00,979.620976301198,979.620976301198,0
2025-10-04T18:15:00,979.620976301198,979.620976301198,0
2025-10-04T18:30:00,979.620976301198,979.620976301198,0
2025-10-04T18:45:00,979.620976301198,979.620976301198,0
2025-10-04T19:00:00,979.620976301198,979.620976301198,0
2025-10-04T19:15:00,979.620976301198,979.620976301198,0
2025-10-04T19:30:00,979.620976301198,979.620976301198,0
2025-10-04T19:45:00,979.620976301198,979.620976301198,0
2025-10-04T20:00:00,979.620976301198,979.620976301198,0
2025-10-04T20:15:00,979.620976301198,979.620976301198,0
2025-10-04T20:30:00,979.620976301198,979.620976301198,0
2025-10-04T20:45:00,979.620976301198,979.620976301198,0
2025-10-04T21:00:00,979.620976301198,979.620976301198,0
2025-10-04T21:15:00,979.620976301198,979.620976301198,0
2025-10-04T21:30:00,979.620976301198,979.620976301198,0
2025-10-04T21:45:00,979.620976301198,979.620976301198,0
2025-10-04T22:00:00,979.620976301198,979.620976301198,0
2025-10-04T22:15:00,979.620976301198,979.620976301198,0
2025-10-04T22:30:00,979.620976301198,979.620976301198,0
2025-10-04T22:45:00,979.620976301198,979.620976301198,0
2025-10-04T23:00:00,979.620976301198,979.620976301198,0
2025-10-04T23:15:00,979.620976301198,979.620976301198,0
2025-10-04T23:30:00,979.620976301198,979.620976301198,0
2025-10-04T23:45:00,979.620976301198,979.620976301198,0
2025-10-05T00:00:00,979.620976301198,979.620976301198,0
2025-10-05T00:15:00,979.620976301198,979.620976301198,0
2025-10-05T00:30:00,979.620976301198,979.620976301198,0
2025-10-05T00:45:00,979.620976301198,979.620976301198,0
2025-10-05T01:00:00,979.620976301198,979.620976301198,0
2025-10-05T01:15:00,979.620976301198,979.620976301198,0
2025-10-05T01:30:00,979.620976301198,979.620976301198,0
2025-10-05T01:45:00,979.620976301198,979.620976301198,0
2025-10-05T02:00:00,979.620976301198,979.620976301198,0
2025-10-05T02:15:00,979.620976301198,979.620976301198,0
2025-10-05T02:30:00,979.620976301198,979.620976301198,0
2025-10-05T02:45:00,979.620976301198,979.620976301198,0
2025-10-05T03:00:00,979.620976301198,979.620976301198,0
2025-10-05T03:15:00,979.620976301198,979.620976301198,0
2025-10-05T03:30:00,979.620976301198,979.620976301198,0
2025-10-05T03:45:00,979.620976301198,979.620976301198,0
2025-10-05T04:00:00,979.620976301198,979.620976301198,0
2025-10-05T04:15:00,979.620976301198,979.620976301198,0
2025-10-05T04:30:00,979.620976301198,979.620976301198,0
2025-10-05T04:45:00,979.620976301198,979.620976301198,0
2025-10-05T05:00:00,979.620976301198,979.620976301198,0
2025-10-05T05:15:00,979.620976301198,979.620976301198,0
2025-10-05T05:30:00,979.620976301198,979.620976301198,0
2025-10-05T05:45:00,979.620976301198,979.620976301198,0
2025-10-05T06:00:00,979.620976301198,979.620976301198,0
2025-10-05T06:15:00,979.620976301198,979.620976301198,0
2025-10-05T06:30:00,979.620976301198,979.620976301198,0
2025-10-05T06:45:00,979.620976301198,979.620976301198,0
2025-10-05T07:00:00,979.620976301198,979.620976301198,0
2025-10-05T07:15:00,979.620976301198,979.620976301198,0
2025-10-05T07:30:00,979.620976301198,979.620976301198,0
2025-10-05T07:45:00,978.8773446975802,881.50213931487,1
2025-10-05T08:00:00,977.9361363525702,881.50213931487,1
2025-10-05T08:15:00,978.3889017387528,881.50213931487,1
2025-10-05T08:30:00,977.5411346554315,881.50213931487,1
2025-10-05T08:45:00,976.9991611021155,976.9991611021155,0
2025-10-05T09:00:00,976.9991611021155,976.9991611021155,0
2025-10-05T09:15:00,976.9991611021155,976.9991611021155,0
2025-10-05T09:30:00,976.9991611021155,976.9991611021155,0
2025-10-05T09:45:00,976.9991611021155,976.9991611021155,0
2025-10-05T10:00:00,976.9991611021155,976.9991611021155,0
2025-10-05T10:15:00,976.9991611021155,976.9991611021155,0
2025-10-05T10:30:00,976.9991611021155,976.9991611021155,0
2025-10-05T10:45:00,976.9991611021155,976.9991611021155,0
2025-10-05T11:00:00,976.9991611021155,976.9991611021155,0
2025-10-05T11:15:00,976.9991611021155,976.9991611021155,0
2025-10-05T11:30:00,976.9991611021155,976.9991611021155,0
2025-10-05T11:45:00,976.9991611021155,976.9991611021155,0
2025-10-05T12:00:00,976.9991611021155,976.9991611021155,0
2025-10-05T12:15:00,976.9991611021155,976.9991611021155,0
2025-10-05T12:30:00,976.9991611021155,976.9991611021155,0
2025-10-05T12:45:00,976.9991611021155,976.9991611021155,0
2025-10-05T13:00:00,976.9991611021155,976.9991611021155,0
2025-10-05T13:15:00,976.9991611021155,976.9991611021155,0
2025-10-05T13:30:00,976.9991611021155,976.9991611021155,0
2025-10-05T13:45:00,976.9991611021155,976.9991611021155,0
2025-10-05T14:00:00,976.9991611021155,976.9991611021155,0
2025-10-05T14:15:00,976.9991611021155,976.9991611021155,0
2025-10-05T14:30:00,976.9991611021155,976.9991611021155,0
2025-10-05T14:45:00,976.9991611021155,976.9991611021155,0
2025-10-05T15:00:00,976.9991611021155,976.9991611021155,0
2025-10-05T15:15:00,976.9991611021155,976.9991611021155,0
2025-10-05T15:30:00,976.9991611021155,976.9991611021155,0
2025-10-05T15:45:00,976.9991611021155,976.9991611021155,0
2025-10-05T16:00:00,976.9991611021155,976.9991611021155,0
2025-10-05T16:15:00,976.9991611021155,976.9991611021155,0
2025-10-05T16:30:00,976.9991611021155,976.9991611021155,0
2025-10-05T16:45:00,976.9991611021155,976.9991611021155,0
2025-10-05T17:00:00,976.9991611021155,976.9991611021155,0
2025-10-05T17:15:00,976.9991611021155,976.9991611021155,0
2025-10-05T17:30:00,976.9991611021155,976.9991611021155,0
2025-10-05T17:45:00,976.9991611021155,976.9991611021155,0
2025-10-05T18:00:00,976.9991611021155,976.9991611021155,0
2025-10-05T18:15:00,976.9991611021155,976.9991611021155,0
2025-10-05T18:30:00,976.9991611021155,976.9991611021155,0
2025-10-05T18:45:00,976.9991611021155,976.9991611021155,0
2025-10-05T19:00:00,976.9991611021155,976.9991611021155,0
2025-10-05T19:15:00,976.9991611021155,976.9991611021155,0
2025-10-05T19:30:00,976.9991611021155,976.9991611021155,0
2025-10-05T19:45:00,976.9991611021155,976.9991611021155,0
2025-10-05T20:00:00,976.2557611195026,879.1429251261276,1
2025-10-05T20:15:00,976.098236557748,879.1429251261276,1
2025-10-05T20:30:00,975.5856290059606,879.1429251261276,1
2025-10-05T20:45:00,976.131308012702,879.1429251261276,1
2025-10-05T21:00:00,976.3549754843647,879.1429251261276,1
2025-10-05T21:15:00,975.5841789344076,975.5841789344076,0
2025-10-05T21:30:00,975.5841789344076,975.5841789344076,0
2025-10-05T21:45:00,975.5841789344076,975.5841789344076,0
2025-10-05T22:00:00,975.5841789344076,975.5841789344076,0
2025-10-05T22:15:00,975.5841789344076,975.5841789344076,0
2025-10-05T22:30:00,975.5841789344076,975.5841789344076,0
2025-10-05T22:45:00,975.5841789344076,975.5841789344076,0
2025-10-05T23:00:00,975.5841789344076,975.5841789344076,0
2025-10-05T23:15:00,975.5841789344076,975.5841789344076,0
2025-10-05T23:30:00,975.5841789344076,975.5841789344076,0
2025-10-05T23:45:00,975.5841789344076,975.5841789344076,0
2025-10-06T00:00:00,975.5841789344076,975.5841789344076,0
2025-10-06T00:15:00,975.5841789344076,975.5841789344076,0
2025-10-06T00:30:00,975.5841789344076,975.5841789344076,0
2025-10-06T00:45:00,975.5841789344076,975.5841789344076,0
2025-10-06T01:00:00,975.5841789344076,975.5841789344076,0
2025-10-06T01:15:00,975.5841789344076,975.5841789344076,0
2025-10-06T01:30:00,975.5841789344076,975.5841789344076,0
2025-10-06T01:45:00,975.5841789344076,975.5841789344076,0
2025-10-06T02:00:00,975.5841789344076,975.5841789344076,0
2025-10-06T02:15:00,975.5841789344076,975.5841789344076,0
2025-10-06T02:30:00,975.5841789344076,975.5841789344076,0
2025-10-06T02:45:00,975.5841789344076,975.5841789344076,0
2025-10-06T03:00:00,975.5841789344076,975.5841789344076,0
2025-10-06T03:15:00,975.5841789344076,975.5841789344076,0
2025-10-06T03:30:00,975.5841789344076,975.5841789344076,0
2025-10-06T03:45:00,975.5841789344076,975.5841789344076,0
2025-10-06T04:00:00,975.5841789344076,975.5841789344076,0
2025-10-06T04:15:00,975.5841789344076,975.5841789344076,0
2025-10-06T04:30:00,975.5841789344076,975.5841789344076,0
2025-10-06T04:45:00,975.5841789344076,975.5841789344076,0
2025-10-06T05:00:00,975.5841789344076,975.5841789344076,0
2025-10-06T05:15:00,975.5841789344076,975.5841789344076,0
2025-10-06T05:30:00,975.5841789344076,975.5841789344076,0
2025-10-06T05:45:00,975.5841789344076,975.5841789344076,0
2025-10-06T06:00:00,975.5841789344076,975.5841789344076,0
2025-10-06T06:15:00,975.5841789344076,975.5841789344076,0
2025-10-06T06:30:00,975.5841789344076,975.5841789344076,0
2025-10-06T06:45:00,975.5841789344076,975.5841789344076,0
2025-10-06T07:00:00,974.8436116691124,877.8696675723373,1
2025-10-06T07:15:00,974.4423198979753,877.8696675723373,1
2025-10-06T07:30:00,971.8667253668763,877.8696675723373,1
2025-10-06T07:45:00,971.1113971247995,971.1113971247995,0
2025-10-06T08:00:00,971.1113971247995,971.1113971247995,0
2025-10-06T08:15:00,971.1113971247995,971.1113971247995,0
2025-10-06T08:30:00,971.1113971247995,971.1113971247995,0
2025-10-06T08:45:00,971.1113971247995,971.1113971247995,0
2025-10-06T09:00:00,971.1113971247995,971.1113971247995,0
2025-10-06T09:15:00,971.1113971247995,971.1113971247995,0
2025-10-06T09:30:00,971.1113971247995,971.1113971247995,0
2025-10-06T09:45:00,971.1113971247995,971.1113971247995,0
2025-10-06T10:00:00,971.1113971247995,971.1113971247995,0
2025-10-06T10:15:00,971.1113971247995,971.1113971247995,0
2025-10-06T10:30:00,971.1113971247995,971.1113971247995,0
2025-10-06T10:45:00,971.1113971247995,971.1113971247995,0
2025-10-06T11:00:00,971.1113971247995,971.1113971247995,0
2025-10-06T11:15:00,970.3742251542052,873.8448795887796,1
2025-10-06T11:30:00,970.1685454037644,873.8448795887796,1
2025-10-06T11:45:00,969.9035787381471,873.8448795887796,1
2025-10-06T12:00:00,970.5578867236285,873.8448795887796,1
2025-10-06T12:15:00,970.4250291441169,873.8448795887796,1
2025-10-06T12:30:00,970.2942611086964,873.8448795887796,1
2025-10-06T12:45:00,970.9690591011588,873.8448795887796,1
2025-10-06T13:00:00,971.3971037675426,873.8448795887796,1
2025-10-06T13:15:00,971.8777300956767,873.8448795887796,1
2025-10-06T13:30:00,970.9976265994763,873.8448795887796,1
2025-10-06T13:45:00,972.4494854959546,873.8448795887796,1
2025-10-06T14:00:00,972.2596800431596,873.8448795887796,1
2025-10-06T14:15:00,971.8871798249237,873.8448795887796,1
2025-10-06T14:30:00,971.5349201158668,873.8448795887796,1
2025-10-06T14:45:00,970.8859763331263,873.8448795887796,1
2025-10-06T15:00:00,971.1801012094727,971.1801012094727,0
2025-10-06T15:15:00,971.1801012094727,971.1801012094727,0
2025-10-06T15:30:00,971.1801012094727,971.1801012094727,0
2025-10-06T15:45:00,971.1801012094727,971.1801012094727,0
2025-10-06T16:00:00,971.1801012094727,971.1801012094727,0
2025-10-06T16:15:00,971.1801012094727,971.1801012094727,0
2025-10-06T16:30:00,971.1801012094727,971.1801012094727,0
2025-10-06T16:45:00,971.1801012094727,971.1801012094727,0
2025-10-06T17:00:00,971.1801012094727,971.1801012094727,0
2025-10-06T17:15:00,971.1801012094727,971.1801012094727,0
2025-10-06T17:30:00,971.1801012094727,971.1801012094727,0
2025-10-06T17:45:00,971.1801012094727,971.1801012094727,0
2025-10-06T18:00:00,971.1801012094727,971.1801012094727,0
2025-10-06T18:15:00,971.1801012094727,971.1801012094727,0
2025-10-06T18:30:00,971.1801012094727,971.1801012094727,0
2025-10-06T18:45:00,971.1801012094727,971.1801012094727,0
2025-10-06T19:00:00,971.1801012094727,971.1801012094727,0
2025-10-06T19:15:00,971.1801012094727,971.1801012094727,0
2025-10-06T19:30:00,971.1801012094727,971.1801012094727,0
2025-10-06T19:45:00,971.1801012094727,971.1801012094727,0
2025-10-06T20:00:00,971.1801012094727,971.1801012094727,0
2025-10-06T20:15:00,971.1801012094727,971.1801012094727,0
2025-10-06T20:30:00,971.1801012094727,971.1801012094727,0
2025-10-06T20:45:00,971.1801012094727,971.1801012094727,0
2025-10-06T21:00:00,971.1801012094727,971.1801012094727,0
2025-10-06T21:15:00,971.1801012094727,971.1801012094727,0
2025-10-06T21:30:00,971.1801012094727,971.1801012094727,0
2025-10-06T21:45:00,971.1801012094727,971.1801012094727,0
2025-10-06T22:00:00,971.1801012094727,971.1801012094727,0
2025-10-06T22:15:00,971.1801012094727,971.1801012094727,0
2025-10-06T22:30:00,971.1801012094727,971.1801012094727,0
2025-10-06T22:45:00,971.1801012094727,971.1801012094727,0
2025-10-06T23:00:00,971.1801012094727,971.1801012094727,0
2025-10-06T23:15:00,971.1801012094727,971.1801012094727,0
2025-10-06T23:30:00,971.1801012094727,971.1801012094727,0
2025-10-06T23:45:00,971.1801012094727,971.1801012094727,0
2025-10-07T00:00:00,971.1801012094727,971.1801012094727,0
2025-10-07T00:15:00,971.1801012094727,971.1801012094727,0
2025-10-07T00:30:00,971.1801012094727,971.1801012094727,0
2025-10-07T00:45:00,971.1801012094727,971.1801012094727,0
2025-10-07T01:00:00,971.1801012094727,971.1801012094727,0
2025-10-07T01:15:00,971.1801012094727,971.1801012094727,0
2025-10-07T01:30:00,971.1801012094727,971.1801012094727,0
2025-10-07T01:45:00,971.1801012094727,971.1801012094727,0
2025-10-07T02:00:00,971.1801012094727,971.1801012094727,0
2025-10-07T02:15:00,971.1801012094727,971.1801012094727,0
2025-10-07T02:30:00,971.1801012094727,971.1801012094727,0
2025-10-07T02:45:00,971.1801012094727,971.1801012094727,0
2025-10-07T03:00:00,971.1801012094727,971.1801012094727,0
2025-10-07T03:15:00,971.1801012094727,971.1801012094727,0
2025-10-07T03:30:00,971.1801012094727,971.1801012094727,0
2025-10-07T03:45:00,971.1801012094727,971.1801012094727,0
2025-10-07T04:00:00,971.1801012094727,971.1801012094727,0
2025-10-07T04:15:00,971.1801012094727,971.1801012094727,0
2025-10-07T04:30:00,971.1801012094727,971.1801012094727,0
2025-10-07T04:45:00,971.1801012094727,971.1801012094727,0
2025-10-07T05:00:00,971.1801012094727,971.1801012094727,0
2025-10-07T05:15:00,971.1801012094727,971.1801012094727,0
2025-10-07T05:30:00,971.1801012094727,971.1801012094727,0
2025-10-07T05:45:00,971.1801012094727,971.1801012094727,0
2025-10-07T06:00:00,971.1801012094727,971.1801012094727,0
2025-10-07T06:15:00,971.1801012094727,971.1801012094727,0
2025-10-07T06:30:00,971.1801012094727,971.1801012094727,0
2025-10-07T06:45:00,971.1801012094727,971.1801012094727,0
2025-10-07T07:00:00,971.1801012094727,971.1801012094727,0
2025-10-07T07:15:00,971.1801012094727,971.1801012094727,0
2025-10-07T07:30:00,971.1801012094727,971.1801012094727,0
2025-10-07T07:45:00,971.1801012094727,971.1801012094727,0
2025-10-07T08:00:00,971.1801012094727,971.1801012094727,0
2025-10-07T08:15:00,971.1801012094727,971.1801012094727,0
2025-10-07T08:30:00,971.1801012094727,971.1801012094727,0
2025-10-07T08:45:00,971.1801012094727,971.1801012094727,0
2025-10-07T09:00:00,971.1801012094727,971.1801012094727,0
2025-10-07T09:15:00,971.1801012094727,971.1801012094727,0
2025-10-07T09:30:00,971.1801012094727,971.1801012094727,0
2025-10-07T09:45:00,971.1801012094727,971.1801012094727,0
2025-10-07T10:00:00,971.1801012094727,971.1801012094727,0
2025-10-07T10:15:00,971.1801012094727,971.1801012094727,0
2025-10-07T10:30:00,971.1801012094727,971.1801012094727,0
2025-10-07T10:45:00,971.1801012094727,971.1801012094727,0
2025-10-07T11:00:00,971.1801012094727,971.1801012094727,0
2025-10-07T11:15:00,971.1801012094727,971.1801012094727,0
2025-10-07T11:30:00,971.1801012094727,971.1801012094727,0
2025-10-07T11:45:00,971.1801012094727,971.1801012094727,0
2025-10-07T12:00:00,971.1801012094727,971.1801012094727,0
2025-10-07T12:15:00,971.1801012094727,971.1801012094727,0
2025-10-07T12:30:00,971.1801012094727,971.1801012094727,0
2025-10-07T12:45:00,970.4428770855152,873.9067022723319,1
2025-10-07T13:00:00,969.9820620902982,873.9067022723319,1
2025-10-07T13:15:00,970.9412762824697,873.9067022723319,1
2025-10-07T13:30:00,965.2646747607538,965.2646747607538,0
2025-10-07T13:45:00,965.2646747607538,965.2646747607538,0
2025-10-07T14:00:00,965.2646747607538,965.2646747607538,0
2025-10-07T14:15:00,965.2646747607538,965.2646747607538,0
2025-10-07T14:30:00,965.2646747607538,965.2646747607538,0
2025-10-07T14:45:00,965.2646747607538,965.2646747607538,0
2025-10-07T15:00:00,965.2646747607538,965.2646747607538,0
2025-10-07T15:15:00,965.2646747607538,965.2646747607538,0
2025-10-07T15:30:00,965.2646747607538,965.2646747607538,0
2025-10-07T15:45:00,965.2646747607538,965.2646747607538,0
2025-10-07T16:00:00,965.2646747607538,965.2646747607538,0
2025-10-07T16:15:00,965.2646747607538,965.2646747607538,0
2025-10-07T16:30:00,965.2646747607538,965.2646747607538,0
2025-10-07T16:45:00,965.2646747607538,965.2646747607538,0
2025-10-07T17:00:00,965.2646747607538,965.2646747607538,0
2025-10-07T17:15:00,965.2646747607538,965.2646747607538,0
2025-10-07T17:30:00,965.2646747607538,965.2646747607538,0
2025-10-07T17:45:00,965.2646747607538,965.2646747607538,0
2025-10-07T18:00:00,965.2646747607538,965.2646747607538,0
2025-10-07T18:15:00,965.2646747607538,965.2646747607538,0
2025-10-07T18:30:00,965.2646747607538,965.2646747607538,0
2025-10-07T18:45:00,965.2646747607538,965.2646747607538,0
2025-10-07T19:00:00,965.2646747607538,965.2646747607538,0
2025-10-07T19:15:00,965.2646747607538,965.2646747607538,0
2025-10-07T19:30:00,965.2646747607538,965.2646747607538,0
2025-10-07T19:45:00,965.2646747607538,965.2646747607538,0
2025-10-07T20:00:00,965.2646747607538,965.2646747607538,0
2025-10-07T20:15:00,965.2646747607538,965.2646747607538,0
2025-10-07T20:30:00,965.2646747607538,965.2646747607538,0
2025-10-07T20:45:00,965.2646747607538,965.2646747607538,0
2025-10-07T21:00:00,965.2646747607538,965.2646747607538,0
2025-10-07T21:15:00,965.2646747607538,965.2646747607538,0
2025-10-07T21:30:00,965.2646747607538,965.2646747607538,0
2025-10-07T21:45:00,965.2646747607538,965.2646747607538,0
2025-10-07T22:00:00,965.2646747607538,965.2646747607538,0
2025-10-07T22:15:00,965.2646747607538,965.2646747607538,0
2025-10-07T22:30:00,965.2646747607538,965.2646747607538,0
2025-10-07T22:45:00,965.2646747607538,965.2646747607538,0
2025-10-07T23:00:00,965.2646747607538,965.2646747607538,0
2025-10-07T23:15:00,965.2646747607538,965.2646747607538,0
2025-10-07T23:30:00,965.2646747607538,965.2646747607538,0
2025-10-07T23:45:00,964.5302035646633,868.5837649367166,1
2025-10-08T00:00:00,964.2033067462382,868.5837649367166,1
2025-10-08T00:15:00,963.7703423431116,868.5837649367166,1
2025-10-08T00:30:00,962.5888190020486,868.5837649367166,1
2025-10-08T00:45:00,962.1423743322158,962.1423743322158,0
2025-10-08T01:00:00,962.1423743322158,962.1423743322158,0
2025-10-08T01:15:00,962.1423743322158,962.1423743322158,0
2025-10-08T01:30:00,962.1423743322158,962.1423743322158,0
2025-10-08T01:45:00,962.1423743322158,962.1423743322158,0
2025-10-08T02:00:00,962.1423743322158,962.1423743322158,0
2025-10-08T02:15:00,962.1423743322158,962.1423743322158,0
2025-10-08T02:30:00,962.1423743322158,962.1423743322158,0
2025-10-08T02:45:00,962.1423743322158,962.1423743322158,0
2025-10-08T03:00:00,962.1423743322158,962.1423743322158,0
2025-10-08T03:15:00,962.1423743322158,962.1423743322158,0
2025-10-08T03:30:00,962.1423743322158,962.1423743322158,0
2025-10-08T03:45:00,962.1423743322158,962.1423743322158,0
2025-10-08T04:00:00,962.1423743322158,962.1423743322158,0
2025-10-08T04:15:00,962.1423743322158,962.1423743322158,0
2025-10-08T04:30:00,962.1423743322158,962.1423743322158,0
2025-10-08T04:45:00,962.1423743322158,962.1423743322158,0
2025-10-08T05:00:00,962.1423743322158,962.1423743322158,0
2025-10-08T05:15:00,962.1423743322158,962.1423743322158,0
2025-10-08T05:30:00,962.1423743322158,962.1423743322158,0
2025-10-08T05:45:00,962.1423743322158,962.1423743322158,0
2025-10-08T06:00:00,962.1423743322158,962.1423743322158,0
2025-10-08T06:15:00,962.1423743322158,962.1423743322158,0
2025-10-08T06:30:00,962.1423743322158,962.1423743322158,0
2025-10-08T06:45:00,962.1423743322158,962.1423743322158,0
2025-10-08T07:00:00,962.1423743322158,962.1423743322158,0
2025-10-08T07:15:00,962.1423743322158,962.1423743322158,0
2025-10-08T07:30:00,962.1423743322158,962.1423743322158,0
2025-10-08T07:45:00,962.1423743322158,962.1423743322158,0
2025-10-08T08:00:00,962.1423743322158,962.1423743322158,0
2025-10-08T08:15:00,962.1423743322158,962.1423743322158,0
2025-10-08T08:30:00,962.1423743322158,962.1423743322158,0
2025-10-08T08:45:00,962.1423743322158,962.1423743322158,0
2025-10-08T09:00:00,962.1423743322158,962.1423743322158,0
2025-10-08T09:15:00,962.1423743322158,962.1423743322158,0
2025-10-08T09:30:00,962.1423743322158,962.1423743322158,0
2025-10-08T09:45:00,962.1423743322158,962.1423743322158,0
2025-10-08T10:00:00,962.1423743322158,962.1423743322158,0
2025-10-08T10:15:00,962.1423743322158,962.1423743322158,0
2025-10-08T10:30:00,962.1423743322158,962.1423743322158,0
2025-10-08T10:45:00,962.1423743322158,962.1423743322158,0
2025-10-08T11:00:00,962.1423743322158,962.1423743322158,0
2025-10-08T11:15:00,962.1423743322158,962.1423743322158,0
2025-10-08T11:30:00,962.1423743322158,962.1423743322158,0
2025-10-08T11:45:00,962.1423743322158,962.1423743322158,0
2025-10-08T12:00:00,962.1423743322158,962.1423743322158,0
2025-10-08T12:15:00,962.1423743322158,962.1423743322158,0
2025-10-08T12:30:00,962.1423743322158,962.1423743322158,0
2025-10-08T12:45:00,962.1423743322158,962.1423743322158,0
2025-10-08T13:00:00,962.1423743322158,962.1423743322158,0
2025-10-08T13:15:00,962.1423743322158,962.1423743322158,0
2025-10-08T13:30:00,962.1423743322158,962.1423743322158,0
2025-10-08T13:45:00,962.1423743322158,962.1423743322158,0
2025-10-08T14:00:00,962.1423743322158,962.1423743322158,0
2025-10-08T14:15:00,962.1423743322158,962.1423743322158,0
2025-10-08T14:30:00,962.1423743322158,962.1423743322158,0
2025-10-08T14:45:00,962.1423743322158,962.1423743322158,0
2025-10-08T15:00:00,962.1423743322158,962.1423743322158,0
2025-10-08T15:15:00,962.1423743322158,962.1423743322158,0
2025-10-08T15:30:00,962.1423743322158,962.1423743322158,0
2025-10-08T15:45:00,962.1423743322158,962.1423743322158,0
2025-10-08T16:00:00,962.1423743322158,962.1423743322158,0
2025-10-08T16:15:00,962.1423743322158,962.1423743322158,0
2025-10-08T16:30:00,962.1423743322158,962.1423743322158,0
2025-10-08T16:45:00,962.1423743322158,962.1423743322158,0
2025-10-08T17:00:00,962.1423743322158,962.1423743322158,0
2025-10-08T17:15:00,962.1423743322158,962.1423743322158,0
2025-10-08T17:30:00,962.1423743322158,962.1423743322158,0
2025-10-08T17:45:00,962.1423743322158,962.1423743322158,0
2025-10-08T18:00:00,961.4120107589133,865.774194119101,1
2025-10-08T18:15:00,960.6194118888268,865.774194119101,1
2025-10-08T18:30:00,960.4632746578923,865.774194119101,1
2025-10-08T18:45:00,960.1383739585923,865.774194119101,1
2025-10-08T19:00:00,959.5172375314573,865.774194119101,1
2025-10-08T19:15:00,960.6905779543472,865.774194119101,1
2025-10-08T19:30:00,959.7437484013359,959.7437484013359,0
2025-10-08T19:45:00,959.7437484013359,959.7437484013359,0
2025-10-08T20:00:00,959.7437484013359,959.7437484013359,0
2025-10-08T20:15:00,959.7437484013359,959.7437484013359,0
2025-10-08T20:30:00,959.7437484013359,959.7437484013359,0
2025-10-08T20:45:00,959.7437484013359,959.7437484013359,0
2025-10-08T21:00:00,959.7437484013359,959.7437484013359,0
2025-10-08T21:15:00,959.7437484013359,959.7437484013359,0
2025-10-08T21:30:00,959.7437484013359,959.7437484013359,0
2025-10-08T21:45:00,959.7437484013359,959.7437484013359,0
2025-10-08T22:00:00,959.7437484013359,959.7437484013359,0
2025-10-08T22:15:00,959.7437484013359,959.7437484013359,0
2025-10-08T22:30:00,959.7437484013359,959.7437484013359,0
2025-10-08T22:45:00,959.7437484013359,959.7437484013359,0
2025-10-08T23:00:00,959.7437484013359,959.7437484013359,0
2025-10-08T23:15:00,959.7437484013359,959.7437484013359,0
2025-10-08T23:30:00,959.7437484013359,959.7437484013359,0
2025-10-08T23:45:00,959.7437484013359,959.7437484013359,0
2025-10-09T00:00:00,959.7437484013359,959.7437484013359,0
2025-10-09T00:15:00,959.7437484013359,959.7437484013359,0
2025-10-09T00:30:00,959.7437484013359,959.7437484013359,0
2025-10-09T00:45:00,959.7437484013359,959.7437484013359,0
2025-10-09T01:00:00,959.7437484013359,959.7437484013359,0
2025-10-09T01:15:00,959.7437484013359,959.7437484013359,0
2025-10-09T01:30:00,959.7437484013359,959.7437484013359,0
2025-10-09T01:45:00,959.7437484013359,959.7437484013359,0
2025-10-09T02:00:00,959.7437484013359,959.7437484013359,0
2025-10-09T02:15:00,959.7437484013359,959.7437484013359,0
2025-10-09T02:30:00,959.7437484013359,959.7437484013359,0
2025-10-09T02:45:00,959.7437484013359,959.7437484013359,0
2025-10-09T03:00:00,959.7437484013359,959.7437484013359,0
2025-10-09T03:15:00,959.7437484013359,959.7437484013359,0
2025-10-09T03:30:00,959.7437484013359,959.7437484013359,0
2025-10-09T03:45:00,959.7437484013359,959.7437484013359,0
2025-10-09T04:00:00,959.7437484013359,959.7437484013359,0
2025-10-09T04:15:00,959.7437484013359,959.7437484013359,0
2025-10-09T04:30:00,959.7437484013359,959.7437484013359,0
2025-10-09T04:45:00,959.7437484013359,959.7437484013359,0
2025-10-09T05:00:00,959.7437484013359,959.7437484013359,0
2025-10-09T05:15:00,959.7437484013359,959.7437484013359,0
2025-10-09T05:30:00,959.7437484013359,959.7437484013359,0
2025-10-09T05:45:00,959.7437484013359,959.7437484013359,0
2025-10-09T06:00:00,959.7437484013359,959.7437484013359,0
2025-10-09T06:15:00,959.7437484013359,959.7437484013359,0
2025-10-09T06:30:00,959.7437484013359,959.7437484013359,0
2025-10-09T06:45:00,959.7437484013359,959.7437484013359,0
2025-10-09T07:00:00,959.7437484013359,959.7437484013359,0
2025-10-09T07:15:00,959.7437484013359,959.7437484013359,0
2025-10-09T07:30:00,959.7437484013359,959.7437484013359,0
2025-10-09T07:45:00,959.7437484013359,959.7437484013359,0
2025-10-09T08:00:00,959.0134780855769,863.6158145614581,1
2025-10-09T08:15:00,964.5503048260668,863.6158145614581,1
2025-10-09T08:30:00,964.6437202251891,863.6158145614581,1
2025-10-09T08:45:00,965.6354949298873,863.6158145614581,1
2025-10-09T09:00:00,964.0116384591665,863.6158145614581,1
2025-10-09T09:15:00,963.6257542870919,863.6158145614581,1
2025-10-09T09:30:00,964.7624538165966,863.6158145614581,1
2025-10-09T09:45:00,965.040080890623,863.6158145614581,1
2025-10-09T10:00:00,964.2159300796766,863.6158145614581,1
2025-10-09T10:15:00,965.4914431461943,863.6158145614581,1
2025-10-09T10:30:00,963.7086931928546,863.6158145614581,1
2025-10-09T10:45:00,962.9988428722149,962.9988428722149,0
2025-10-09T11:00:00,962.9988428722149,962.9988428722149,0
2025-10-09T11:15:00,962.9988428722149,962.9988428722149,0
2025-10-09T11:30:00,962.9988428722149,962.9988428722149,0
2025-10-09T11:45:00,962.9988428722149,962.9988428722149,0
2025-10-09T12:00:00,962.9988428722149,962.9988428722149,0
2025-10-09T12:15:00,962.9988428722149,962.9988428722149,0
2025-10-09T12:30:00,962.9988428722149,962.9988428722149,0
2025-10-09T12:45:00,962.9988428722149,962.9988428722149,0
2025-10-09T13:00:00,962.9988428722149,962.9988428722149,0
2025-10-09T13:15:00,962.9988428722149,962.9988428722149,0
2025-10-09T13:30:00,962.9988428722149,962.9988428722149,0
2025-10-09T13:45:00,962.9988428722149,962.9988428722149,0
2025-10-09T14:00:00,962.9988428722149,962.9988428722149,0
2025-10-09T14:15:00,962.9988428722149,962.9988428722149,0
2025-10-09T14:30:00,962.9988428722149,962.9988428722149,0
2025-10-09T14:45:00,962.9988428722149,962.9988428722149,0
2025-10-09T15:00:00,962.9988428722149,962.9988428722149,0
2025-10-09T15:15:00,962.9988428722149,962.9988428722149,0
2025-10-09T15:30:00,962.9988428722149,962.9988428722149,0
2025-10-09T15:45:00,962.9988428722149,962.9988428722149,0
2025-10-09T16:00:00,962.9988428722149,962.9988428722149,0
2025-10-09T16:15:00,962.9988428722149,962.9988428722149,0
2025-10-09T16:30:00,962.9988428722149,962.9988428722149,0
2025-10-09T16:45:00,962.9988428722149,962.9988428722149,0
2025-10-09T17:00:00,962.9988428722149,962.9988428722149,0
2025-10-09T17:15:00,962.9988428722149,962.9988428722149,0
2025-10-09T17:30:00,962.9988428722149,962.9988428722149,0
2025-10-09T17:45:00,962.9988428722149,962.9988428722149,0
2025-10-09T18:00:00,962.9988428722149,962.9988428722149,0
2025-10-09T18:15:00,962.9988428722149,962.9988428722149,0
2025-10-09T18:30:00,962.9988428722149,962.9988428722149,0
2025-10-09T18:45:00,962.9988428722149,962.9988428722149,0
2025-10-09T19:00:00,962.9988428722149,962.9988428722149,0
2025-10-09T19:15:00,962.9988428722149,962.9988428722149,0
2025-10-09T19:30:00,962.9988428722149,962.9988428722149,0
2025-10-09T19:45:00,962.9988428722149,962.9988428722149,0
2025-10-09T20:00:00,962.9988428722149,962.9988428722149,0
2025-10-09T20:15:00,962.9988428722149,962.9988428722149,0
2025-10-09T20:30:00,962.9988428722149,962.9988428722149,0
2025-10-09T20:45:00,962.9988428722149,962.9988428722149,0
2025-10-09T21:00:00,962.9988428722149,962.9988428722149,0
2025-10-09T21:15:00,962.9988428722149,962.9988428722149,0
2025-10-09T21:30:00,962.9988428722149,962.9988428722149,0
2025-10-09T21:45:00,962.9988428722149,962.9988428722149,0
2025-10-09T22:00:00,962.9988428722149,962.9988428722149,0
2025-10-09T22:15:00,962.9988428722149,962.9988428722149,0
2025-10-09T22:30:00,962.9988428722149,962.9988428722149,0
2025-10-09T22:45:00,962.9988428722149,962.9988428722149,0
2025-10-09T23:00:00,962.9988428722149,962.9988428722149,0
2025-10-09T23:15:00,962.9988428722149,962.9988428722149,0
2025-10-09T23:30:00,962.9988428722149,962.9988428722149,0
2025-10-09T23:45:00,962.9988428722149,962.9988428722149,0
2025-10-10T00:00:00,962.9988428722149,962.9988428722149,0
2025-10-10T00:15:00,962.9988428722149,962.9988428722149,0
2025-10-10T00:30:00,962.9988428722149,962.9988428722149,0
2025-10-10T00:45:00,962.9988428722149,962.9988428722149,0
2025-10-10T01:00:00,962.9988428722149,962.9988428722149,0
2025-10-10T01:15:00,962.9988428722149,962.9988428722149,0
2025-10-10T01:30:00,962.9988428722149,962.9988428722149,0
2025-10-10T01:45:00,962.9988428722149,962.9988428722149,0
2025-10-10T02:00:00,962.9988428722149,962.9988428722149,0
2025-10-10T02:15:00,962.9988428722149,962.9988428722149,0
2025-10-10T02:30:00,962.9988428722149,962.9988428722149,0
2025-10-10T02:45:00,962.9988428722149,962.9988428722149,0
2025-10-10T03:00:00,962.9988428722149,962.9988428722149,0
2025-10-10T03:15:00,962.9988428722149,962.9988428722149,0
2025-10-10T03:30:00,962.9988428722149,962.9988428722149,0
2025-10-10T03:45:00,962.9988428722149,962.9988428722149,0
2025-10-10T04:00:00,962.9988428722149,962.9988428722149,0
2025-10-10T04:15:00,962.9988428722149,962.9988428722149,0
2025-10-10T04:30:00,962.9988428722149,962.9988428722149,0
2025-10-10T04:45:00,962.9988428722149,962.9988428722149,0
2025-10-10T05:00:00,962.9988428722149,962.9988428722149,0
2025-10-10T05:15:00,962.9988428722149,962.9988428722149,0
2025-10-10T05:30:00,962.9988428722149,962.9988428722149,0
2025-10-10T05:45:00,962.9988428722149,962.9988428722149,0
2025-10-10T06:00:00,962.9988428722149,962.9988428722149,0
2025-10-10T06:15:00,962.9988428722149,962.9988428722149,0
2025-10-10T06:30:00,962.9988428722149,962.9988428722149,0
2025-10-10T06:45:00,962.9988428722149,962.9988428722149,0
2025-10-10T07:00:00,962.9988428722149,962.9988428722149,0
2025-10-10T07:15:00,962.9988428722149,962.9988428722149,0
2025-10-10T07:30:00,962.9988428722149,962.9988428722149,0
2025-10-10T07:45:00,962.9988428722149,962.9988428722149,0
2025-10-10T08:00:00,962.9988428722149,962.9988428722149,0
2025-10-10T08:15:00,962.9988428722149,962.9988428722149,0
2025-10-10T08:30:00,962.9988428722149,962.9988428722149,0
2025-10-10T08:45:00,962.9988428722149,962.9988428722149,0
2025-10-10T09:00:00,962.9988428722149,962.9988428722149,0
2025-10-10T09:15:00,962.9988428722149,962.9988428722149,0
2025-10-10T09:30:00,962.9988428722149,962.9988428722149,0
2025-10-10T09:45:00,962.9988428722149,962.9988428722149,0
2025-10-10T10:00:00,962.9988428722149,962.9988428722149,0
2025-10-10T10:15:00,962.9988428722149,962.9988428722149,0
2025-10-10T10:30:00,962.9988428722149,962.9988428722149,0
2025-10-10T10:45:00,962.9988428722149,962.9988428722149,0
2025-10-10T11:00:00,962.9988428722149,962.9988428722149,0
2025-10-10T11:15:00,962.9988428722149,962.9988428722149,0
2025-10-10T11:30:00,962.9988428722149,962.9988428722149,0
2025-10-10T11:45:00,962.9988428722149,962.9988428722149,0
2025-10-10T12:00:00,962.9988428722149,962.9988428722149,0
2025-10-10T12:15:00,962.9988428722149,962.9988428722149,0
2025-10-10T12:30:00,962.9988428722149,962.9988428722149,0
2025-10-10T12:45:00,962.9988428722149,962.9988428722149,0
2025-10-10T13:00:00,962.9988428722149,962.9988428722149,0
2025-10-10T13:15:00,962.9988428722149,962.9988428722149,0
2025-10-10T13:30:00,962.9988428722149,962.9988428722149,0
2025-10-10T13:45:00,962.9988428722149,962.9988428722149,0
2025-10-10T14:00:00,962.9988428722149,962.9988428722149,0
2025-10-10T14:15:00,962.9988428722149,962.9988428722149,0
2025-10-10T14:30:00,962.9988428722149,962.9988428722149,0
2025-10-10T14:45:00,962.9988428722149,962.9988428722149,0
2025-10-10T15:00:00,962.9988428722149,962.9988428722149,0
2025-10-10T15:15:00,962.9988428722149,962.9988428722149,0
2025-10-10T15:30:00,962.9988428722149,962.9988428722149,0
2025-10-10T15:45:00,962.9988428722149,962.9988428722149,0
2025-10-10T16:00:00,962.9988428722149,962.9988428722149,0
2025-10-10T16:15:00,962.9988428722149,962.9988428722149,0
2025-10-10T16:30:00,962.9988428722149,962.9988428722149,0
2025-10-10T16:45:00,962.9988428722149,962.9988428722149,0
2025-10-10T17:00:00,962.9988428722149,962.9988428722149,0
2025-10-10T17:15:00,962.9988428722149,962.9988428722149,0
2025-10-10T17:30:00,962.9988428722149,962.9988428722149,0
2025-10-10T17:45:00,962.9988428722149,962.9988428722149,0
2025-10-10T18:00:00,962.9988428722149,962.9988428722149,0
2025-10-10T18:15:00,962.9988428722149,962.9988428722149,0
2025-10-10T18:30:00,962.9988428722149,962.9988428722149,0
2025-10-10T18:45:00,962.9988428722149,962.9988428722149,0
2025-10-10T19:00:00,962.9988428722149,962.9988428722149,0
2025-10-10T19:15:00,962.9988428722149,962.9988428722149,0
2025-10-10T19:30:00,962.9988428722149,962.9988428722149,0
2025-10-10T19:45:00,962.9988428722149,962.9988428722149,0
2025-10-10T20:00:00,962.9988428722149,962.9988428722149,0
2025-10-10T20:15:00,962.9988428722149,962.9988428722149,0
2025-10-10T20:30:00,962.9988428722149,962.9988428722149,0
2025-10-10T20:45:00,962.2660957506721,866.5448787701339,1
2025-10-10T21:00:00,969.2123223503022,866.5448787701339,1
2025-10-10T21:15:00,991.33493276834,866.5448787701339,1
2025-10-10T21:30:00,987.3224847065898,866.5448787701339,1
2025-10-10T21:45:00,982.8612662333828,866.5448787701339,1
2025-10-10T22:00:00,982.4622766736614,866.5448787701339,1
2025-10-10T22:15:00,984.7029889417208,866.5448787701339,1
2025-10-10T22:30:00,983.3331124075803,866.5448787701339,1
2025-10-10T22:45:00,982.2115386163343,982.2115386163343,0
2025-10-10T23:00:00,982.2115386163343,982.2115386163343,0
2025-10-10T23:15:00,982.2115386163343,982.2115386163343,0
2025-10-10T23:30:00,982.2115386163343,982.2115386163343,0
2025-10-10T23:45:00,982.2115386163343,982.2115386163343,0
2025-10-11T00:00:00,982.2115386163343,982.2115386163343,0
2025-10-11T00:15:00,982.2115386163343,982.2115386163343,0
2025-10-11T00:30:00,982.2115386163343,982.2115386163343,0
2025-10-11T00:45:00,982.2115386163343,982.2115386163343,0
2025-10-11T01:00:00,982.2115386163343,982.2115386163343,0
2025-10-11T01:15:00,982.2115386163343,982.2115386163343,0
2025-10-11T01:30:00,982.2115386163343,982.2115386163343,0
2025-10-11T01:45:00,982.2115386163343,982.2115386163343,0
2025-10-11T02:00:00,982.2115386163343,982.2115386163343,0
2025-10-11T02:15:00,982.2115386163343,982.2115386163343,0
2025-10-11T02:30:00,982.2115386163343,982.2115386163343,0
2025-10-11T02:45:00,982.2115386163343,982.2115386163343,0
2025-10-11T03:00:00,982.2115386163343,982.2115386163343,0
2025-10-11T03:15:00,982.2115386163343,982.2115386163343,0
2025-10-11T03:30:00,982.2115386163343,982.2115386163343,0
2025-10-11T03:45:00,982.2115386163343,982.2115386163343,0
2025-10-11T04:00:00,982.2115386163343,982.2115386163343,0
2025-10-11T04:15:00,982.2115386163343,982.2115386163343,0
2025-10-11T04:30:00,982.2115386163343,982.2115386163343,0
2025-10-11T04:45:00,982.2115386163343,982.2115386163343,0
2025-10-11T05:00:00,982.2115386163343,982.2115386163343,0
2025-10-11T05:15:00,982.2115386163343,982.2115386163343,0
2025-10-11T05:30:00,982.2115386163343,982.2115386163343,0
2025-10-11T05:45:00,982.2115386163343,982.2115386163343,0
2025-10-11T06:00:00,982.2115386163343,982.2115386163343,0
2025-10-11T06:15:00,982.2115386163343,982.2115386163343,0
2025-10-11T06:30:00,982.2115386163343,982.2115386163343,0
2025-10-11T06:45:00,982.2115386163343,982.2115386163343,0
2025-10-11T07:00:00,981.4641725286236,883.8332309085223,1
2025-10-11T07:15:00,983.7378923750423,883.8332309085223,1
2025-10-11T07:30:00,984.1663429705972,883.8332309085223,1
2025-10-11T07:45:00,985.0432714896277,883.8332309085223,1
2025-10-11T08:00:00,985.432338539095,883.8332309085223,1
2025-10-11T08:15:00,983.0489805518187,883.8332309085223,1
2025-10-11T08:30:00,982.0139173818154,883.8332309085223,1
2025-10-11T08:45:00,981.7097280554412,883.8332309085223,1
2025-10-11T09:00:00,980.6116074650198,980.6116074650198,0
2025-10-11T09:15:00,980.6116074650198,980.6116074650198,0
2025-10-11T09:30:00,980.6116074650198,980.6116074650198,0
2025-10-11T09:45:00,980.6116074650198,980.6116074650198,0
2025-10-11T10:00:00,980.6116074650198,980.6116074650198,0
2025-10-11T10:15:00,980.6116074650198,980.6116074650198,0
2025-10-11T10:30:00,980.6116074650198,980.6116074650198,0
2025-10-11T10:45:00,980.6116074650198,980.6116074650198,0
2025-10-11T11:00:00,980.6116074650198,980.6116074650198,0
2025-10-11T11:15:00,980.6116074650198,980.6116074650198,0
2025-10-11T11:30:00,980.6116074650198,980.6116074650198,0
2025-10-11T11:45:00,980.6116074650198,980.6116074650198,0
2025-10-11T12:00:00,980.6116074650198,980.6116074650198,0
2025-10-11T12:15:00,980.6116074650198,980.6116074650198,0
2025-10-11T12:30:00,980.6116074650198,980.6116074650198,0
2025-10-11T12:45:00,980.6116074650198,980.6116074650198,0
2025-10-11T13:00:00,980.6116074650198,980.6116074650198,0
2025-10-11T13:15:00,980.6116074650198,980.6116074650198,0
2025-10-11T13:30:00,980.6116074650198,980.6116074650198,0
2025-10-11T13:45:00,980.6116074650198,980.6116074650198,0
2025-10-11T14:00:00,980.6116074650198,980.6116074650198,0
2025-10-11T14:15:00,980.6116074650198,980.6116074650198,0
2025-10-11T14:30:00,980.6116074650198,980.6116074650198,0
2025-10-11T14:45:00,980.6116074650198,980.6116074650198,0
2025-10-11T15:00:00,980.6116074650198,980.6116074650198,0
2025-10-11T15:15:00,980.6116074650198,980.6116074650198,0
2025-10-11T15:30:00,980.6116074650198,980.6116074650198,0
2025-10-11T15:45:00,980.6116074650198,980.6116074650198,0
2025-10-11T16:00:00,980.6116074650198,980.6116074650198,0
2025-10-11T16:15:00,980.6116074650198,980.6116074650198,0
2025-10-11T16:30:00,980.6116074650198,980.6116074650198,0
2025-10-11T16:45:00,980.6116074650198,980.6116074650198,0
2025-10-11T17:00:00,980.6116074650198,980.6116074650198,0
2025-10-11T17:15:00,980.6116074650198,980.6116074650198,0
2025-10-11T17:30:00,980.6116074650198,980.6116074650198,0
2025-10-11T17:45:00,980.6116074650198,980.6116074650198,0
2025-10-11T18:00:00,980.6116074650198,980.6116074650198,0
2025-10-11T18:15:00,979.8654587670853,882.3935488613234,1
2025-10-11T18:30:00,979.1736812479055,882.3935488613234,1
2025-10-11T18:45:00,979.9220774628516,882.3935488613234,1
2025-10-11T19:00:00,983.0597826391314,882.3935488613234,1
2025-10-11T19:15:00,984.7284900179862,882.3935488613234,1
2025-10-11T19:30:00,986.3457258552355,882.3935488613234,1
2025-10-11T19:45:00,985.5705644386545,882.3935488613234,1
2025-10-11T20:00:00,986.9108833820654,882.3935488613234,1
2025-10-11T20:15:00,989.7140235379086,882.3935488613234,1
2025-10-11T20:30:00,992.5830472670071,882.3935488613234,1
2025-10-11T20:45:00,992.3092186656651,882.3935488613234,1
2025-10-11T21:00:00,994.7366165677871,882.3935488613234,1
2025-10-11T21:15:00,989.3773996558077,882.3935488613234,1
2025-10-11T21:30:00,989.5184316798072,882.3935488613234,1
2025-10-11T21:45:00,988.129729487287,882.3935488613234,1
2025-10-11T22:00:00,987.8559008859451,882.3935488613234,1
2025-10-11T22:15:00,987.2927542099783,987.2927542099783,0
2025-10-11T22:30:00,987.2927542099783,987.2927542099783,0
2025-10-11T22:45:00,987.2927542099783,987.2927542099783,0
2025-10-11T23:00:00,987.2927542099783,987.2927542099783,0
2025-10-11T23:15:00,987.2927542099783,987.2927542099783,0
2025-10-11T23:30:00,987.2927542099783,987.2927542099783,0
2025-10-11T23:45:00,987.2927542099783,987.2927542099783,0
2025-10-12T00:00:00,987.2927542099783,987.2927542099783,0
2025-10-12T00:15:00,987.2927542099783,987.2927542099783,0
2025-10-12T00:30:00,986.5415218184525,888.4055119483069,1
2025-10-12T00:45:00,986.9047680691344,888.4055119483069,1
2025-10-12T01:00:00,985.5031038979347,888.4055119483069,1
2025-10-12T01:15:00,985.7439586150006,888.4055119483069,1
2025-10-12T01:30:00,985.5870048079047,888.4055119483069,1
2025-10-12T01:45:00,985.6901510296977,888.4055119483069,1
2025-10-12T02:00:00,985.1065207307054,888.4055119483069,1
2025-10-12T02:15:00,983.6831242682907,983.6831242682907,0
2025-10-12T02:30:00,983.6831242682907,983.6831242682907,0
2025-10-12T02:45:00,983.6831242682907,983.6831242682907,0
2025-10-12T03:00:00,983.6831242682907,983.6831242682907,0
2025-10-12T03:15:00,983.6831242682907,983.6831242682907,0
2025-10-12T03:30:00,983.6831242682907,983.6831242682907,0
2025-10-12T03:45:00,983.6831242682907,983.6831242682907,0
2025-10-12T04:00:00,983.6831242682907,983.6831242682907,0
2025-10-12T04:15:00,983.6831242682907,983.6831242682907,0
2025-10-12T04:30:00,983.6831242682907,983.6831242682907,0
2025-10-12T04:45:00,983.6831242682907,983.6831242682907,0
2025-10-12T05:00:00,983.6831242682907,983.6831242682907,0
2025-10-12T05:15:00,983.6831242682907,983.6831242682907,0
2025-10-12T05:30:00,983.6831242682907,983.6831242682907,0
2025-10-12T05:45:00,983.6831242682907,983.6831242682907,0
2025-10-12T06:00:00,983.6831242682907,983.6831242682907,0
2025-10-12T06:15:00,983.6831242682907,983.6831242682907,0
2025-10-12T06:30:00,983.6831242682907,983.6831242682907,0
2025-10-12T06:45:00,983.6831242682907,983.6831242682907,0
2025-10-12T07:00:00,983.6831242682907,983.6831242682907,0
2025-10-12T07:15:00,983.6831242682907,983.6831242682907,0
2025-10-12T07:30:00,983.6831242682907,983.6831242682907,0
2025-10-12T07:45:00,983.6831242682907,983.6831242682907,0
2025-10-12T08:00:00,983.6831242682907,983.6831242682907,0
2025-10-12T08:15:00,983.6831242682907,983.6831242682907,0
2025-10-12T08:30:00,983.6831242682907,983.6831242682907,0
2025-10-12T08:45:00,983.6831242682907,983.6831242682907,0
2025-10-12T09:00:00,983.6831242682907,983.6831242682907,0
2025-10-12T09:15:00,983.6831242682907,983.6831242682907,0
2025-10-12T09:30:00,983.6831242682907,983.6831242682907,0
2025-10-12T09:45:00,983.6831242682907,983.6831242682907,0
2025-10-12T10:00:00,983.6831242682907,983.6831242682907,0
2025-10-12T10:15:00,983.6831242682907,983.6831242682907,0
2025-10-12T10:30:00,983.6831242682907,983.6831242682907,0
2025-10-12T10:45:00,983.6831242682907,983.6831242682907,0
2025-10-12T11:00:00,983.6831242682907,983.6831242682907,0
2025-10-12T11:15:00,983.6831242682907,983.6831242682907,0
2025-10-12T11:30:00,983.6831242682907,983.6831242682907,0
2025-10-12T11:45:00,983.6831242682907,983.6831242682907,0
2025-10-12T12:00:00,983.6831242682907,983.6831242682907,0
2025-10-12T12:15:00,983.6831242682907,983.6831242682907,0
2025-10-12T12:30:00,983.6831242682907,983.6831242682907,0
2025-10-12T12:45:00,983.6831242682907,983.6831242682907,0
2025-10-12T13:00:00,983.6831242682907,983.6831242682907,0
2025-10-12T13:15:00,983.6831242682907,983.6831242682907,0
2025-10-12T13:30:00,983.6831242682907,983.6831242682907,0
2025-10-12T13:45:00,983.6831242682907,983.6831242682907,0
2025-10-12T14:00:00,983.6831242682907,983.6831242682907,0
2025-10-12T14:15:00,983.6831242682907,983.6831242682907,0
2025-10-12T14:30:00,983.6831242682907,983.6831242682907,0
2025-10-12T14:45:00,983.6831242682907,983.6831242682907,0
2025-10-12T15:00:00,983.6831242682907,983.6831242682907,0
2025-10-12T15:15:00,983.6831242682907,983.6831242682907,0
2025-10-12T15:30:00,983.6831242682907,983.6831242682907,0
2025-10-12T15:45:00,983.6831242682907,983.6831242682907,0
2025-10-12T16:00:00,983.6831242682907,983.6831242682907,0
2025-10-12T16:15:00,983.6831242682907,983.6831242682907,0
2025-10-12T16:30:00,983.6831242682907,983.6831242682907,0
2025-10-12T16:45:00,983.6831242682907,983.6831242682907,0
2025-10-12T17:00:00,983.6831242682907,983.6831242682907,0
2025-10-12T17:15:00,983.6831242682907,983.6831242682907,0
2025-10-12T17:30:00,983.6831242682907,983.6831242682907,0
2025-10-12T17:45:00,983.6831242682907,983.6831242682907,0
2025-10-12T18:00:00,983.6831242682907,983.6831242682907,0
2025-10-12T18:15:00,983.6831242682907,983.6831242682907,0
2025-10-12T18:30:00,983.6831242682907,983.6831242682907,0
2025-10-12T18:45:00,983.6831242682907,983.6831242682907,0
2025-10-12T19:00:00,983.6831242682907,983.6831242682907,0
2025-10-12T19:15:00,983.6831242682907,983.6831242682907,0
2025-10-12T19:30:00,983.6831242682907,983.6831242682907,0
2025-10-12T19:45:00,983.6831242682907,983.6831242682907,0
2025-10-12T20:00:00,983.6831242682907,983.6831242682907,0
2025-10-12T20:15:00,982.9364090826754,885.1574225415787,1
2025-10-12T20:30:00,982.5083076814362,885.1574225415787,1
2025-10-12T20:45:00,981.9035922901987,885.1574225415787,1
2025-10-12T21:00:00,983.3804671146712,885.1574225415787,1
2025-10-12T21:15:00,981.9894103235628,885.1574225415787,1
2025-10-12T21:30:00,980.5494245749595,980.5494245749595,0
2025-10-12T21:45:00,980.5494245749595,980.5494245749595,0
2025-10-12T22:00:00,980.5494245749595,980.5494245749595,0
2025-10-12T22:15:00,980.5494245749595,980.5494245749595,0
2025-10-12T22:30:00,980.5494245749595,980.5494245749595,0
2025-10-12T22:45:00,980.5494245749595,980.5494245749595,0
2025-10-12T23:00:00,980.5494245749595,980.5494245749595,0
2025-10-12T23:15:00,980.5494245749595,980.5494245749595,0
2025-10-12T23:30:00,980.5494245749595,980.5494245749595,0
2025-10-12T23:45:00,980.5494245749595,980.5494245749595,0
2025-10-13T00:00:00,980.5494245749595,980.5494245749595,0
2025-10-13T00:15:00,980.5494245749595,980.5494245749595,0
2025-10-13T00:30:00,980.5494245749595,980.5494245749595,0
2025-10-13T00:45:00,980.5494245749595,980.5494245749595,0
2025-10-13T01:00:00,980.5494245749595,980.5494245749595,0
2025-10-13T01:15:00,980.5494245749595,980.5494245749595,0
2025-10-13T01:30:00,980.5494245749595,980.5494245749595,0
2025-10-13T01:45:00,980.5494245749595,980.5494245749595,0
2025-10-13T02:00:00,980.5494245749595,980.5494245749595,0
2025-10-13T02:15:00,980.5494245749595,980.5494245749595,0
2025-10-13T02:30:00,980.5494245749595,980.5494245749595,0
2025-10-13T02:45:00,980.5494245749595,980.5494245749595,0
2025-10-13T03:00:00,980.5494245749595,980.5494245749595,0
2025-10-13T03:15:00,980.5494245749595,980.5494245749595,0
2025-10-13T03:30:00,980.5494245749595,980.5494245749595,0
2025-10-13T03:45:00,980.5494245749595,980.5494245749595,0
2025-10-13T04:00:00,980.5494245749595,980.5494245749595,0
2025-10-13T04:15:00,980.5494245749595,980.5494245749595,0
2025-10-13T04:30:00,980.5494245749595,980.5494245749595,0
2025-10-13T04:45:00,980.5494245749595,980.5494245749595,0
2025-10-13T05:00:00,980.5494245749595,980.5494245749595,0
2025-10-13T05:15:00,980.5494245749595,980.5494245749595,0
2025-10-13T05:30:00,980.5494245749595,980.5494245749595,0
2025-10-13T05:45:00,980.5494245749595,980.5494245749595,0
2025-10-13T06:00:00,980.5494245749595,980.5494245749595,0
2025-10-13T06:15:00,980.5494245749595,980.5494245749595,0
2025-10-13T06:30:00,980.5494245749595,980.5494245749595,0
2025-10-13T06:45:00,979.8050881850055,882.3375942095315,1
2025-10-13T07:00:00,980.4115986126969,882.3375942095315,1
2025-10-13T07:15:00,980.7315767098886,882.3375942095315,1
2025-10-13T07:30:00,980.5144851327946,882.3375942095315,1
2025-10-13T07:45:00,980.4116326022972,882.3375942095315,1
2025-10-13T08:00:00,980.143284707956,882.3375942095315,1
2025-10-13T08:15:00,980.0412479278658,882.3375942095315,1
2025-10-13T08:30:00,979.7741236591353,882.3375942095315,1
2025-10-13T08:45:00,979.9172878555844,882.3375942095315,1
2025-10-13T09:00:00,978.0649628734182,978.0649628734182,0
2025-10-13T09:15:00,978.0649628734182,978.0649628734182,0
2025-10-13T09:30:00,978.0649628734182,978.0649628734182,0
2025-10-13T09:45:00,978.0649628734182,978.0649628734182,0
2025-10-13T10:00:00,978.0649628734182,978.0649628734182,0
2025-10-13T10:15:00,978.0649628734182,978.0649628734182,0
2025-10-13T10:30:00,978.0649628734182,978.0649628734182,0
2025-10-13T10:45:00,978.0649628734182,978.0649628734182,0
2025-10-13T11:00:00,978.0649628734182,978.0649628734182,0
2025-10-13T11:15:00,978.0649628734182,978.0649628734182,0
2025-10-13T11:30:00,978.0649628734182,978.0649628734182,0
2025-10-13T11:45:00,978.0649628734182,978.0649628734182,0
2025-10-13T12:00:00,978.0649628734182,978.0649628734182,0
2025-10-13T12:15:00,978.0649628734182,978.0649628734182,0
2025-10-13T12:30:00,978.0649628734182,978.0649628734182,0
2025-10-13T12:45:00,978.0649628734182,978.0649628734182,0
2025-10-13T13:00:00,978.0649628734182,978.0649628734182,0
2025-10-13T13:15:00,978.0649628734182,978.0649628734182,0
2025-10-13T13:30:00,978.0649628734182,978.0649628734182,0
2025-10-13T13:45:00,978.0649628734182,978.0649628734182,0
2025-10-13T14:00:00,978.0649628734182,978.0649628734182,0
2025-10-13T14:15:00,978.0649628734182,978.0649628734182,0
2025-10-13T14:30:00,978.0649628734182,978.0649628734182,0
2025-10-13T14:45:00,978.0649628734182,978.0649628734182,0
2025-10-13T15:00:00,978.0649628734182,978.0649628734182,0
2025-10-13T15:15:00,978.0649628734182,978.0649628734182,0
2025-10-13T15:30:00,978.0649628734182,978.0649628734182,0
2025-10-13T15:45:00,978.0649628734182,978.0649628734182,0
2025-10-13T16:00:00,978.0649628734182,978.0649628734182,0
2025-10-13T16:15:00,978.0649628734182,978.0649628734182,0
2025-10-13T16:30:00,978.0649628734182,978.0649628734182,0
2025-10-13T16:45:00,978.0649628734182,978.0649628734182,0
2025-10-13T17:00:00,978.0649628734182,978.0649628734182,0
2025-10-13T17:15:00,978.0649628734182,978.0649628734182,0
2025-10-13T17:30:00,978.0649628734182,978.0649628734182,0
2025-10-13T17:45:00,977.3225124416908,880.1019761920165,1
2025-10-13T18:00:00,974.7063270195827,880.1019761920165,1
2025-10-13T18:15:00,976.7561027628564,880.1019761920165,1
2025-10-13T18:30:00,977.4138390837179,880.1019761920165,1
2025-10-13T18:45:00,976.7441103755195,880.1019761920165,1
2025-10-13T19:00:00,978.9304148361671,880.1019761920165,1
2025-10-13T19:15:00,978.6038529040703,880.1019761920165,1
2025-10-13T19:30:00,980.1674757145335,880.1019761920165,1
2025-10-13T19:45:00,978.9221124141646,880.1019761920165,1
2025-10-13T20:00:00,979.8067816030933,880.1019761920165,1
2025-10-13T20:15:00,978.7477615521129,880.1019761920165,1
2025-10-13T20:30:00,979.28926396494,880.1019761920165,1
2025-10-13T20:45:00,982.0816452317671,880.1019761920165,1
2025-10-13T21:00:00,980.384261177931,880.1019761920165,1
2025-10-13T21:15:00,980.318764293245,880.1019761920165,1
2025-10-13T21:30:00,980.2071428418785,880.1019761920165,1
2025-10-13T21:45:00,979.1924296094385,979.1924296094385,0
2025-10-13T22:00:00,979.1924296094385,979.1924296094385,0
2025-10-13T22:15:00,979.1924296094385,979.1924296094385,0
2025-10-13T22:30:00,979.1924296094385,979.1924296094385,0
2025-10-13T22:45:00,979.1924296094385,979.1924296094385,0
2025-10-13T23:00:00,979.1924296094385,979.1924296094385,0
2025-10-13T23:15:00,979.1924296094385,979.1924296094385,0
2025-10-13T23:30:00,979.1924296094385,979.1924296094385,0
2025-10-13T23:45:00,979.1924296094385,979.1924296094385,0
2025-10-14T00:00:00,979.1924296094385,979.1924296094385,0
2025-10-14T00:15:00,979.1924296094385,979.1924296094385,0
2025-10-14T00:30:00,979.1924296094385,979.1924296094385,0
2025-10-14T00:45:00,979.1924296094385,979.1924296094385,0
2025-10-14T01:00:00,979.1924296094385,979.1924296094385,0
2025-10-14T01:15:00,979.1924296094385,979.1924296094385,0
2025-10-14T01:30:00,979.1924296094385,979.1924296094385,0
2025-10-14T01:45:00,979.1924296094385,979.1924296094385,0
2025-10-14T02:00:00,979.1924296094385,979.1924296094385,0
2025-10-14T02:15:00,979.1924296094385,979.1924296094385,0
2025-10-14T02:30:00,979.1924296094385,979.1924296094385,0
2025-10-14T02:45:00,979.1924296094385,979.1924296094385,0
2025-10-14T03:00:00,979.1924296094385,979.1924296094385,0
2025-10-14T03:15:00,979.1924296094385,979.1924296094385,0
2025-10-14T03:30:00,979.1924296094385,979.1924296094385,0
2025-10-14T03:45:00,979.1924296094385,979.1924296094385,0
2025-10-14T04:00:00,979.1924296094385,979.1924296094385,0
2025-10-14T04:15:00,979.1924296094385,979.1924296094385,0
2025-10-14T04:30:00,979.1924296094385,979.1924296094385,0
2025-10-14T04:45:00,979.1924296094385,979.1924296094385,0
2025-10-14T05:00:00,979.1924296094385,979.1924296094385,0
2025-10-14T05:15:00,979.1924296094385,979.1924296094385,0
2025-10-14T05:30:00,979.1924296094385,979.1924296094385,0
2025-10-14T05:45:00,979.1924296094385,979.1924296094385,0
2025-10-14T06:00:00,979.1924296094385,979.1924296094385,0
2025-10-14T06:15:00,979.1924296094385,979.1924296094385,0
2025-10-14T06:30:00,978.4473607658531,881.1165158597571,1
2025-10-14T06:45:00,977.9212414532869,881.1165158597571,1
2025-10-14T07:00:00,978.0593302355252,881.1165158597571,1
2025-10-14T07:15:00,977.5993967324798,881.1165158597571,1
2025-10-14T07:30:00,979.0380524553815,881.1165158597571,1
2025-10-14T07:45:00,978.843598757457,881.1165158597571,1
2025-10-14T08:00:00,978.2811772123239,881.1165158597571,1
2025-10-14T08:15:00,977.6575606620447,977.6575606620447,0
2025-10-14T08:30:00,977.6575606620447,977.6575606620447,0
2025-10-14T08:45:00,977.6575606620447,977.6575606620447,0
2025-10-14T09:00:00,977.6575606620447,977.6575606620447,0
2025-10-14T09:15:00,977.6575606620447,977.6575606620447,0
2025-10-14T09:30:00,977.6575606620447,977.6575606620447,0
2025-10-14T09:45:00,977.6575606620447,977.6575606620447,0
2025-10-14T10:00:00,977.6575606620447,977.6575606620447,0
2025-10-14T10:15:00,977.6575606620447,977.6575606620447,0
2025-10-14T10:30:00,977.6575606620447,977.6575606620447,0
2025-10-14T10:45:00,977.6575606620447,977.6575606620447,0
2025-10-14T11:00:00,977.6575606620447,977.6575606620447,0
2025-10-14T11:15:00,977.6575606620447,977.6575606620447,0
2025-10-14T11:30:00,977.6575606620447,977.6575606620447,0
2025-10-14T11:45:00,977.6575606620447,977.6575606620447,0
2025-10-14T12:00:00,977.6575606620447,977.6575606620447,0
2025-10-14T12:15:00,977.6575606620447,977.6575606620447,0
2025-10-14T12:30:00,977.6575606620447,977.6575606620447,0
2025-10-14T12:45:00,977.6575606620447,977.6575606620447,0
2025-10-14T13:00:00,977.6575606620447,977.6575606620447,0
2025-10-14T13:15:00,977.6575606620447,977.6575606620447,0
2025-10-14T13:30:00,977.6575606620447,977.6575606620447,0
2025-10-14T13:45:00,977.6575606620447,977.6575606620447,0
2025-10-14T14:00:00,977.6575606620447,977.6575606620447,0
2025-10-14T14:15:00,977.6575606620447,977.6575606620447,0
2025-10-14T14:30:00,977.6575606620447,977.6575606620447,0
2025-10-14T14:45:00,977.6575606620447,977.6575606620447,0
2025-10-14T15:00:00,977.6575606620447,977.6575606620447,0
2025-10-14T15:15:00,977.6575606620447,977.6575606620447,0
2025-10-14T15:30:00,977.6575606620447,977.6575606620447,0
2025-10-14T15:45:00,977.6575606620447,977.6575606620447,0
2025-10-14T16:00:00,977.6575606620447,977.6575606620447,0
2025-10-14T16:15:00,977.6575606620447,977.6575606620447,0
2025-10-14T16:30:00,977.6575606620447,977.6575606620447,0
2025-10-14T16:45:00,977.6575606620447,977.6575606620447,0
2025-10-14T17:00:00,977.6575606620447,977.6575606620447,0
2025-10-14T17:15:00,977.6575606620447,977.6575606620447,0
2025-10-14T17:30:00,977.6575606620447,977.6575606620447,0
2025-10-14T17:45:00,977.6575606620447,977.6575606620447,0
2025-10-14T18:00:00,977.6575606620447,977.6575606620447,0
2025-10-14T18:15:00,977.6575606620447,977.6575606620447,0
2025-10-14T18:30:00,977.6575606620447,977.6575606620447,0
2025-10-14T18:45:00,977.6575606620447,977.6575606620447,0
2025-10-14T19:00:00,977.6575606620447,977.6575606620447,0
2025-10-14T19:15:00,977.6575606620447,977.6575606620447,0
2025-10-14T19:30:00,977.6575606620447,977.6575606620447,0
2025-10-14T19:45:00,977.6575606620447,977.6575606620447,0
2025-10-14T20:00:00,977.6575606620447,977.6575606620447,0
2025-10-14T20:15:00,977.6575606620447,977.6575606620447,0
2025-10-14T20:30:00,977.6575606620447,977.6575606620447,0
2025-10-14T20:45:00,977.6575606620447,977.6575606620447,0
2025-10-14T21:00:00,977.6575606620447,977.6575606620447,0
2025-10-14T21:15:00,977.6575606620447,977.6575606620447,0
2025-10-14T21:30:00,977.6575606620447,977.6575606620447,0
2025-10-14T21:45:00,977.6575606620447,977.6575606620447,0
2025-10-14T22:00:00,977.6575606620447,977.6575606620447,0
2025-10-14T22:15:00,977.6575606620447,977.6575606620447,0
2025-10-14T22:30:00,977.6575606620447,977.6575606620447,0
2025-10-14T22:45:00,977.6575606620447,977.6575606620447,0
2025-10-14T23:00:00,977.6575606620447,977.6575606620447,0
2025-10-14T23:15:00,977.6575606620447,977.6575606620447,0
2025-10-14T23:30:00,977.6575606620447,977.6575606620447,0
2025-10-14T23:45:00,977.6575606620447,977.6575606620447,0
2025-10-15T00:00:00,977.6575606620447,977.6575606620447,0
2025-10-15T00:15:00,977.6575606620447,977.6575606620447,0
2025-10-15T00:30:00,977.6575606620447,977.6575606620447,0
2025-10-15T00:45:00,977.6575606620447,977.6575606620447,0
2025-10-15T01:00:00,977.6575606620447,977.6575606620447,0
2025-10-15T01:15:00,977.6575606620447,977.6575606620447,0
2025-10-15T01:30:00,977.6575606620447,977.6575606620447,0
2025-10-15T01:45:00,977.6575606620447,977.6575606620447,0
2025-10-15T02:00:00,977.6575606620447,977.6575606620447,0
2025-10-15T02:15:00,977.6575606620447,977.6575606620447,0
2025-10-15T02:30:00,977.6575606620447,977.6575606620447,0
2025-10-15T02:45:00,977.6575606620447,977.6575606620447,0
2025-10-15T03:00:00,977.6575606620447,977.6575606620447,0
2025-10-15T03:15:00,977.6575606620447,977.6575606620447,0
2025-10-15T03:30:00,977.6575606620447,977.6575606620447,0
2025-10-15T03:45:00,977.6575606620447,977.6575606620447,0
2025-10-15T04:00:00,977.6575606620447,977.6575606620447,0
2025-10-15T04:15:00,977.6575606620447,977.6575606620447,0
2025-10-15T04:30:00,977.6575606620447,977.6575606620447,0
2025-10-15T04:45:00,977.6575606620447,977.6575606620447,0
2025-10-15T05:00:00,977.6575606620447,977.6575606620447,0
2025-10-15T05:15:00,977.6575606620447,977.6575606620447,0
2025-10-15T05:30:00,977.6575606620447,977.6575606620447,0
2025-10-15T05:45:00,977.6575606620447,977.6575606620447,0
2025-10-15T06:00:00,977.6575606620447,977.6575606620447,0
2025-10-15T06:15:00,977.6575606620447,977.6575606620447,0
2025-10-15T06:30:00,977.6575606620447,977.6575606620447,0
2025-10-15T06:45:00,977.6575606620447,977.6575606620447,0
2025-10-15T07:00:00,976.9154194898853,879.7353793861344,1
2025-10-15T07:15:00,976.3371620998009,879.7353793861344,1
2025-10-15T07:30:00,976.4793565399856,879.7353793861344,1
2025-10-15T07:45:00,977.1922246667782,879.7353793861344,1
2025-10-15T08:00:00,978.7061214732778,879.7353793861344,1
2025-10-15T08:15:00,982.1007767419535,879.7353793861344,1
2025-10-15T08:30:00,983.9919627964099,879.7353793861344,1
2025-10-15T08:45:00,982.8563032008014,879.7353793861344,1
2025-10-15T09:00:00,982.4752221011066,879.7353793861344,1
2025-10-15T09:15:00,980.1745160589184,879.7353793861344,1
2025-10-15T09:30:00,980.8693728899541,879.7353793861344,1
2025-10-15T09:45:00,980.3991832744101,879.7353793861344,1
2025-10-15T10:00:00,980.3157625361684,879.7353793861344,1
2025-10-15T10:15:00,977.4035116250936,977.4035116250936,0
2025-10-15T10:30:00,977.4035116250936,977.4035116250936,0
2025-10-15T10:45:00,977.4035116250936,977.4035116250936,0
2025-10-15T11:00:00,977.4035116250936,977.4035116250936,0
2025-10-15T11:15:00,977.4035116250936,977.4035116250936,0
2025-10-15T11:30:00,977.4035116250936,977.4035116250936,0
2025-10-15T11:45:00,977.4035116250936,977.4035116250936,0
2025-10-15T12:00:00,977.4035116250936,977.4035116250936,0
2025-10-15T12:15:00,976.6598039716212,879.5067759007243,1
2025-10-15T12:30:00,976.1835304783034,879.5067759007243,1
2025-10-15T12:45:00,975.8115460919744,879.5067759007243,1
2025-10-15T13:00:00,976.6611738857918,879.5067759007243,1
2025-10-15T13:15:00,976.7940204343372,879.5067759007243,1
2025-10-15T13:30:00,977.1235726073814,879.5067759007243,1
2025-10-15T13:45:00,976.9434815829519,879.5067759007243,1
2025-10-15T14:00:00,974.6837203435088,879.5067759007243,1
2025-10-15T14:15:00,974.7690114591979,974.7690114591979,0
2025-10-15T14:30:00,974.7690114591979,974.7690114591979,0
2025-10-15T14:45:00,974.7690114591979,974.7690114591979,0
2025-10-15T15:00:00,974.7690114591979,974.7690114591979,0
2025-10-15T15:15:00,974.7690114591979,974.7690114591979,0
2025-10-15T15:30:00,974.7690114591979,974.7690114591979,0
2025-10-15T15:45:00,974.7690114591979,974.7690114591979,0
2025-10-15T16:00:00,974.7690114591979,974.7690114591979,0
2025-10-15T16:15:00,974.7690114591979,974.7690114591979,0
2025-10-15T16:30:00,974.7690114591979,974.7690114591979,0
2025-10-15T16:45:00,974.7690114591979,974.7690114591979,0
2025-10-15T17:00:00,974.7690114591979,974.7690114591979,0
2025-10-15T17:15:00,974.7690114591979,974.7690114591979,0
2025-10-15T17:30:00,974.7690114591979,974.7690114591979,0
2025-10-15T17:45:00,974.7690114591979,974.7690114591979,0
2025-10-15T18:00:00,974.7690114591979,974.7690114591979,0
2025-10-15T18:15:00,974.7690114591979,974.7690114591979,0
2025-10-15T18:30:00,974.7690114591979,974.7690114591979,0
2025-10-15T18:45:00,974.7690114591979,974.7690114591979,0
2025-10-15T19:00:00,974.7690114591979,974.7690114591979,0
2025-10-15T19:15:00,974.7690114591979,974.7690114591979,0
2025-10-15T19:30:00,974.7690114591979,974.7690114591979,0
2025-10-15T19:45:00,974.7690114591979,974.7690114591979,0
2025-10-15T20:00:00,974.7690114591979,974.7690114591979,0
2025-10-15T20:15:00,974.7690114591979,974.7690114591979,0
2025-10-15T20:30:00,974.7690114591979,974.7690114591979,0
2025-10-15T20:45:00,974.7690114591979,974.7690114591979,0
2025-10-15T21:00:00,974.7690114591979,974.7690114591979,0
2025-10-15T21:15:00,974.7690114591979,974.7690114591979,0
2025-10-15T21:30:00,974.7690114591979,974.7690114591979,0
2025-10-15T21:45:00,974.7690114591979,974.7690114591979,0
2025-10-15T22:00:00,974.7690114591979,974.7690114591979,0
2025-10-15T22:15:00,974.7690114591979,974.7690114591979,0
2025-10-15T22:30:00,974.7690114591979,974.7690114591979,0
2025-10-15T22:45:00,974.7690114591979,974.7690114591979,0
2025-10-15T23:00:00,974.0273084004637,877.1361472714447,1
2025-10-15T23:15:00,973.9394558115575,877.1361472714447,1
2025-10-15T23:30:00,973.7210924600624,877.1361472714447,1
2025-10-15T23:45:00,974.3506087456841,877.1361472714447,1
2025-10-16T00:00:00,975.1018646252351,877.1361472714447,1
2025-10-16T00:15:00,974.2749794319787,877.1361472714447,1
2025-10-16T00:30:00,975.7428292233645,877.1361472714447,1
2025-10-16T00:45:00,975.5201331259049,877.1361472714447,1
2025-10-16T01:00:00,973.1866939717904,973.1866939717904,0
2025-10-16T01:15:00,973.1866939717904,973.1866939717904,0
2025-10-16T01:30:00,973.1866939717904,973.1866939717904,0
2025-10-16T01:45:00,973.1866939717904,973.1866939717904,0
2025-10-16T02:00:00,973.1866939717904,973.1866939717904,0
2025-10-16T02:15:00,973.1866939717904,973.1866939717904,0
2025-10-16T02:30:00,973.1866939717904,973.1866939717904,0
2025-10-16T02:45:00,973.1866939717904,973.1866939717904,0
2025-10-16T03:00:00,973.1866939717904,973.1866939717904,0
2025-10-16T03:15:00,973.1866939717904,973.1866939717904,0
2025-10-16T03:30:00,973.1866939717904,973.1866939717904,0
2025-10-16T03:45:00,973.1866939717904,973.1866939717904,0
2025-10-16T04:00:00,973.1866939717904,973.1866939717904,0
2025-10-16T04:15:00,973.1866939717904,973.1866939717904,0
2025-10-16T04:30:00,973.1866939717904,973.1866939717904,0
2025-10-16T04:45:00,973.1866939717904,973.1866939717904,0
2025-10-16T05:00:00,973.1866939717904,973.1866939717904,0
2025-10-16T05:15:00,973.1866939717904,973.1866939717904,0
2025-10-16T05:30:00,973.1866939717904,973.1866939717904,0
2025-10-16T05:45:00,973.1866939717904,973.1866939717904,0
2025-10-16T06:00:00,973.1866939717904,973.1866939717904,0
2025-10-16T06:15:00,973.1866939717904,973.1866939717904,0
2025-10-16T06:30:00,973.1866939717904,973.1866939717904,0
2025-10-16T06:45:00,973.1866939717904,973.1866939717904,0
2025-10-16T07:00:00,973.1866939717904,973.1866939717904,0
2025-10-16T07:15:00,973.1866939717904,973.1866939717904,0
2025-10-16T07:30:00,973.1866939717904,973.1866939717904,0
2025-10-16T07:45:00,973.1866939717904,973.1866939717904,0
2025-10-16T08:00:00,972.4461949005716,875.7123147035759,1
2025-10-16T08:15:00,972.8129917221393,875.7123147035759,1
2025-10-16T08:30:00,972.2207122708498,875.7123147035759,1
2025-10-16T08:45:00,971.8772035771332,875.7123147035759,1
2025-10-16T09:00:00,971.7932112975618,875.7123147035759,1
2025-10-16T09:15:00,972.361286597817,875.7123147035759,1
2025-10-16T09:30:00,970.1114349885695,970.1114349885695,0
2025-10-16T09:45:00,970.1114349885695,970.1114349885695,0
2025-10-16T10:00:00,970.1114349885695,970.1114349885695,0
2025-10-16T10:15:00,970.1114349885695,970.1114349885695,0
2025-10-16T10:30:00,970.1114349885695,970.1114349885695,0
2025-10-16T10:45:00,970.1114349885695,970.1114349885695,0
2025-10-16T11:00:00,970.1114349885695,970.1114349885695,0
2025-10-16T11:15:00,970.1114349885695,970.1114349885695,0
2025-10-16T11:30:00,970.1114349885695,970.1114349885695,0
2025-10-16T11:45:00,970.1114349885695,970.1114349885695,0
2025-10-16T12:00:00,970.1114349885695,970.1114349885695,0
2025-10-16T12:15:00,970.1114349885695,970.1114349885695,0
2025-10-16T12:30:00,970.1114349885695,970.1114349885695,0
2025-10-16T12:45:00,970.1114349885695,970.1114349885695,0
2025-10-16T13:00:00,970.1114349885695,970.1114349885695,0
2025-10-16T13:15:00,970.1114349885695,970.1114349885695,0
2025-10-16T13:30:00,970.1114349885695,970.1114349885695,0
2025-10-16T13:45:00,970.1114349885695,970.1114349885695,0
2025-10-16T14:00:00,970.1114349885695,970.1114349885695,0
2025-10-16T14:15:00,970.1114349885695,970.1114349885695,0
2025-10-16T14:30:00,970.1114349885695,970.1114349885695,0
2025-10-16T14:45:00,970.1114349885695,970.1114349885695,0
2025-10-16T15:00:00,970.1114349885695,970.1114349885695,0
2025-10-16T15:15:00,970.1114349885695,970.1114349885695,0
2025-10-16T15:30:00,970.1114349885695,970.1114349885695,0
2025-10-16T15:45:00,970.1114349885695,970.1114349885695,0
2025-10-16T16:00:00,970.1114349885695,970.1114349885695,0
2025-10-16T16:15:00,970.1114349885695,970.1114349885695,0
2025-10-16T16:30:00,970.1114349885695,970.1114349885695,0
2025-10-16T16:45:00,970.1114349885695,970.1114349885695,0
2025-10-16T17:00:00,970.1114349885695,970.1114349885695,0
2025-10-16T17:15:00,970.1114349885695,970.1114349885695,0
2025-10-16T17:30:00,970.1114349885695,970.1114349885695,0
2025-10-16T17:45:00,970.1114349885695,970.1114349885695,0
2025-10-16T18:00:00,970.1114349885695,970.1114349885695,0
2025-10-16T18:15:00,970.1114349885695,970.1114349885695,0
2025-10-16T18:30:00,970.1114349885695,970.1114349885695,0
2025-10-16T18:45:00,970.1114349885695,970.1114349885695,0
2025-10-16T19:00:00,970.1114349885695,970.1114349885695,0
2025-10-16T19:15:00,970.1114349885695,970.1114349885695,0
2025-10-16T19:30:00,970.1114349885695,970.1114349885695,0
2025-10-16T19:45:00,970.1114349885695,970.1114349885695,0
2025-10-16T20:00:00,970.1114349885695,970.1114349885695,0
2025-10-16T20:15:00,970.1114349885695,970.1114349885695,0
2025-10-16T20:30:00,970.1114349885695,970.1114349885695,0
2025-10-16T20:45:00,970.1114349885695,970.1114349885695,0
2025-10-16T21:00:00,970.1114349885695,970.1114349885695,0
2025-10-16T21:15:00,970.1114349885695,970.1114349885695,0
2025-10-16T21:30:00,970.1114349885695,970.1114349885695,0
2025-10-16T21:45:00,970.1114349885695,970.1114349885695,0
2025-10-16T22:00:00,970.1114349885695,970.1114349885695,0
2025-10-16T22:15:00,970.1114349885695,970.1114349885695,0
2025-10-16T22:30:00,970.1114349885695,970.1114349885695,0
2025-10-16T22:45:00,970.1114349885695,970.1114349885695,0
2025-10-16T23:00:00,970.1114349885695,970.1114349885695,0
2025-10-16T23:15:00,970.1114349885695,970.1114349885695,0
2025-10-16T23:30:00,970.1114349885695,970.1114349885695,0
2025-10-16T23:45:00,970.1114349885695,970.1114349885695,0
2025-10-17T00:00:00,970.1114349885695,970.1114349885695,0
2025-10-17T00:15:00,970.1114349885695,970.1114349885695,0
2025-10-17T00:30:00,970.1114349885695,970.1114349885695,0
2025-10-17T00:45:00,970.1114349885695,970.1114349885695,0
2025-10-17T01:00:00,970.1114349885695,970.1114349885695,0
2025-10-17T01:15:00,970.1114349885695,970.1114349885695,0
2025-10-17T01:30:00,970.1114349885695,970.1114349885695,0
2025-10-17T01:45:00,970.1114349885695,970.1114349885695,0
2025-10-17T02:00:00,970.1114349885695,970.1114349885695,0
2025-10-17T02:15:00,970.1114349885695,970.1114349885695,0
2025-10-17T02:30:00,970.1114349885695,970.1114349885695,0
2025-10-17T02:45:00,970.1114349885695,970.1114349885695,0
2025-10-17T03:00:00,970.1114349885695,970.1114349885695,0
2025-10-17T03:15:00,970.1114349885695,970.1114349885695,0
2025-10-17T03:30:00,970.1114349885695,970.1114349885695,0
2025-10-17T03:45:00,970.1114349885695,970.1114349885695,0
2025-10-17T04:00:00,970.1114349885695,970.1114349885695,0
2025-10-17T04:15:00,970.1114349885695,970.1114349885695,0
2025-10-17T04:30:00,970.1114349885695,970.1114349885695,0
2025-10-17T04:45:00,970.1114349885695,970.1114349885695,0
2025-10-17T05:00:00,970.1114349885695,970.1114349885695,0
2025-10-17T05:15:00,970.1114349885695,970.1114349885695,0
2025-10-17T05:30:00,970.1114349885695,970.1114349885695,0
2025-10-17T05:45:00,970.1114349885695,970.1114349885695,0
2025-10-17T06:00:00,969.3732758860689,872.9450736601144,1
2025-10-17T06:15:00,972.2782010721988,872.9450736601144,1
2025-10-17T06:30:00,976.074954251598,872.9450736601144,1
2025-10-17T06:45:00,976.9578041107068,872.9450736601144,1
2025-10-17T07:00:00,981.0179158921453,872.9450736601144,1
2025-10-17T07:15:00,980.436332312642,872.9450736601144,1
2025-10-17T07:30:00,981.179522307033,872.9450736601144,1
2025-10-17T07:45:00,983.2644445731771,872.9450736601144,1
2025-10-17T08:00:00,984.6301185360246,872.9450736601144,1
2025-10-17T08:15:00,985.76635129255,872.9450736601144,1
2025-10-17T08:30:00,986.7280092181782,872.9450736601144,1
2025-10-17T08:45:00,988.0218581077422,872.9450736601144,1
2025-10-17T09:00:00,985.3533571211702,872.9450736601144,1
2025-10-17T09:15:00,984.5163955033258,872.9450736601144,1
2025-10-17T09:30:00,984.3757380681458,872.9450736601144,1
2025-10-17T09:45:00,986.4696384684503,872.9450736601144,1
2025-10-17T10:00:00,987.0133143703873,872.9450736601144,1
2025-10-17T10:15:00,990.2294815407455,872.9450736601144,1
2025-10-17T10:30:00,989.1281637503995,872.9450736601144,1
2025-10-17T10:45:00,986.3698814222232,872.9450736601144,1
2025-10-17T11:00:00,980.8695840919341,980.8695840919341,0
2025-10-17T11:15:00,980.8695840919341,980.8695840919341,0
2025-10-17T11:30:00,980.8695840919341,980.8695840919341,0
2025-10-17T11:45:00,980.8695840919341,980.8695840919341,0
2025-10-17T12:00:00,980.8695840919341,980.8695840919341,0
2025-10-17T12:15:00,980.8695840919341,980.8695840919341,0
2025-10-17T12:30:00,980.8695840919341,980.8695840919341,0
2025-10-17T12:45:00,980.8695840919341,980.8695840919341,0
2025-10-17T13:00:00,980.8695840919341,980.8695840919341,0
2025-10-17T13:15:00,980.8695840919341,980.8695840919341,0
2025-10-17T13:30:00,980.8695840919341,980.8695840919341,0
2025-10-17T13:45:00,980.8695840919341,980.8695840919341,0
2025-10-17T14:00:00,980.8695840919341,980.8695840919341,0
2025-10-17T14:15:00,980.8695840919341,980.8695840919341,0
2025-10-17T14:30:00,980.8695840919341,980.8695840919341,0
2025-10-17T14:45:00,980.8695840919341,980.8695840919341,0
2025-10-17T15:00:00,980.8695840919341,980.8695840919341,0
2025-10-17T15:15:00,980.8695840919341,980.8695840919341,0
2025-10-17T15:30:00,980.8695840919341,980.8695840919341,0
2025-10-17T15:45:00,980.8695840919341,980.8695840919341,0
2025-10-17T16:00:00,980.8695840919341,980.8695840919341,0
2025-10-17T16:15:00,980.8695840919341,980.8695840919341,0
2025-10-17T16:30:00,980.8695840919341,980.8695840919341,0
2025-10-17T16:45:00,980.8695840919341,980.8695840919341,0
2025-10-17T17:00:00,980.8695840919341,980.8695840919341,0
2025-10-17T17:15:00,980.8695840919341,980.8695840919341,0
2025-10-17T17:30:00,980.8695840919341,980.8695840919341,0
2025-10-17T17:45:00,980.8695840919341,980.8695840919341,0
2025-10-17T18:00:00,980.8695840919341,980.8695840919341,0
2025-10-17T18:15:00,980.8695840919341,980.8695840919341,0
2025-10-17T18:30:00,980.8695840919341,980.8695840919341,0
2025-10-17T18:45:00,980.8695840919341,980.8695840919341,0
2025-10-17T19:00:00,980.8695840919341,980.8695840919341,0
2025-10-17T19:15:00,980.8695840919341,980.8695840919341,0
2025-10-17T19:30:00,980.8695840919341,980.8695840919341,0
2025-10-17T19:45:00,980.8695840919341,980.8695840919341,0
2025-10-17T20:00:00,980.8695840919341,980.8695840919341,0
2025-10-17T20:15:00,980.8695840919341,980.8695840919341,0
2025-10-17T20:30:00,980.8695840919341,980.8695840919341,0
2025-10-17T20:45:00,980.8695840919341,980.8695840919341,0
2025-10-17T21:00:00,980.8695840919341,980.8695840919341,0
2025-10-17T21:15:00,980.8695840919341,980.8695840919341,0
2025-10-17T21:30:00,980.8695840919341,980.8695840919341,0
2025-10-17T21:45:00,980.8695840919341,980.8695840919341,0
2025-10-17T22:00:00,980.8695840919341,980.8695840919341,0
2025-10-17T22:15:00,980.8695840919341,980.8695840919341,0
2025-10-17T22:30:00,980.8695840919341,980.8695840919341,0
2025-10-17T22:45:00,980.8695840919341,980.8695840919341,0
2025-10-17T23:00:00,980.8695840919341,980.8695840919341,0
2025-10-17T23:15:00,980.8695840919341,980.8695840919341,0
2025-10-17T23:30:00,980.8695840919341,980.8695840919341,0
2025-10-17T23:45:00,980.8695840919341,980.8695840919341,0
2025-10-18T00:00:00,980.8695840919341,980.8695840919341,0
2025-10-18T00:15:00,980.8695840919341,980.8695840919341,0
2025-10-18T00:30:00,980.8695840919341,980.8695840919341,0
2025-10-18T00:45:00,980.8695840919341,980.8695840919341,0
2025-10-18T01:00:00,980.8695840919341,980.8695840919341,0
2025-10-18T01:15:00,980.8695840919341,980.8695840919341,0
2025-10-18T01:30:00,980.8695840919341,980.8695840919341,0
2025-10-18T01:45:00,980.8695840919341,980.8695840919341,0
2025-10-18T02:00:00,980.8695840919341,980.8695840919341,0
2025-10-18T02:15:00,980.8695840919341,980.8695840919341,0
2025-10-18T02:30:00,980.8695840919341,980.8695840919341,0
2025-10-18T02:45:00,980.8695840919341,980.8695840919341,0
2025-10-18T03:00:00,980.8695840919341,980.8695840919341,0
2025-10-18T03:15:00,980.8695840919341,980.8695840919341,0
2025-10-18T03:30:00,980.8695840919341,980.8695840919341,0
2025-10-18T03:45:00,980.8695840919341,980.8695840919341,0
2025-10-18T04:00:00,980.8695840919341,980.8695840919341,0
2025-10-18T04:15:00,980.8695840919341,980.8695840919341,0
2025-10-18T04:30:00,980.8695840919341,980.8695840919341,0
2025-10-18T04:45:00,980.8695840919341,980.8695840919341,0
2025-10-18T05:00:00,980.8695840919341,980.8695840919341,0
2025-10-18T05:15:00,980.8695840919341,980.8695840919341,0
2025-10-18T05:30:00,980.8695840919341,980.8695840919341,0
2025-10-18T05:45:00,980.8695840919341,980.8695840919341,0
2025-10-18T06:00:00,980.8695840919341,980.8695840919341,0
