timestamp,equity,cash,open_positions
2025-10-18T06:00:00,1000.0,1000.0,0
2025-10-18T06:15:00,1000.0,1000.0,0
2025-10-18T06:30:00,1000.0,1000.0,0
2025-10-18T06:45:00,1000.0,1000.0,0
2025-10-18T07:00:00,1000.0,1000.0,0
2025-10-18T07:15:00,1000.0,1000.0,0
2025-10-18T07:30:00,1000.0,1000.0,0
2025-10-18T07:45:00,1000.0,1000.0,0
2025-10-18T08:00:00,1000.0,1000.0,0
2025-10-18T08:15:00,1000.0,1000.0,0
2025-10-18T08:30:00,1000.0,1000.0,0
2025-10-18T08:45:00,1000.0,1000.0,0
2025-10-18T09:00:00,998.9347381071609,859.7760000000001,1
2025-10-18T09:15:00,997.8571573645505,997.8571573645505,0
2025-10-18T09:30:00,997.8571573645505,997.8571573645505,0
2025-10-18T09:45:00,997.8571573645505,997.8571573645505,0
2025-10-18T10:00:00,997.8571573645505,997.8571573645505,0
2025-10-18T10:15:00,997.8571573645505,997.8571573645505,0
2025-10-18T10:30:00,997.8571573645505,997.8571573645505,0
2025-10-18T10:45:00,997.8571573645505,997.8571573645505,0
2025-10-18T11:00:00,997.8571573645505,997.8571573645505,0
2025-10-18T11:15:00,997.8571573645505,997.8571573645505,0
2025-10-18T11:30:00,997.8571573645505,997.8571573645505,0
2025-10-18T11:45:00,997.8571573645505,997.8571573645505,0
2025-10-18T12:00:00,997.8571573645505,997.8571573645505,0
2025-10-18T12:15:00,997.8571573645505,997.8571573645505,0
2025-10-18T12:30:00,997.8571573645505,997.8571573645505,0
2025-10-18T12:45:00,997.8571573645505,997.8571573645505,0
2025-10-18T13:00:00,997.8571573645505,997.8571573645505,0
2025-10-18T13:15:00,997.8571573645505,997.8571573645505,0
2025-10-18T13:30:00,997.8571573645505,997.8571573645505,0
2025-10-18T13:45:00,997.8571573645505,997.8571573645505,0
2025-10-18T14:00:00,997.8571573645505,997.8571573645505,0
2025-10-18T14:15:00,997.8571573645505,997.8571573645505,0
2025-10-18T14:30:00,997.8571573645505,997.8571573645505,0
2025-10-18T14:45:00,997.8571573645505,997.8571573645505,0
2025-10-18T15:00:00,997.8571573645505,997.8571573645505,0
2025-10-18T15:15:00,997.8571573645505,997.8571573645505,0
2025-10-18T15:30:00,997.8571573645505,997.8571573645505,0
2025-10-18T15:45:00,997.8571573645505,997.8571573645505,0
2025-10-18T16:00:00,997.8571573645505,997.8571573645505,0
2025-10-18T16:15:00,997.8571573645505,997.8571573645505,0
2025-10-18T16:30:00,997.8571573645505,997.8571573645505,0
2025-10-18T16:45:00,997.8571573645505,997.8571573645505,0
2025-10-18T17:00:00,997.8571573645505,997.8571573645505,0
2025-10-18T17:15:00,997.8571573645505,997.8571573645505,0
2025-10-18T17:30:00,997.8571573645505,997.8571573645505,0
2025-10-18T17:45:00,997.8571573645505,997.8571573645505,0
2025-10-18T18:00:00,997.8571573645505,997.8571573645505,0
2025-10-18T18:15:00,997.8571573645505,997.8571573645505,0
2025-10-18T18:30:00,997.8571573645505,997.8571573645505,0
2025-10-18T18:45:00,997.8571573645505,997.8571573645505,0
2025-10-18T19:00:00,997.8571573645505,997.8571573645505,0
2025-10-18T19:15:00,997.8571573645505,997.8571573645505,0
2025-10-18T19:30:00,997.8571573645505,997.8571573645505,0
2025-10-18T19:45:00,997.8571573645505,997.8571573645505,0
2025-10-18T20:00:00,997.8571573645505,997.8571573645505,0
2025-10-18T20:15:00,997.8571573645505,997.8571573645505,0
2025-10-18T20:30:00,997.8571573645505,997.8571573645505,0
2025-10-18T20:45:00,997.8571573645505,997.8571573645505,0
2025-10-18T21:00:00,997.8571573645505,997.8571573645505,0
2025-10-18T21:15:00,997.8571573645505,997.8571573645505,0
2025-10-18T21:30:00,997.8571573645505,997.8571573645505,0
2025-10-18T21:45:00,997.8571573645505,997.8571573645505,0
2025-10-18T22:00:00,997.8571573645505,997.8571573645505,0
2025-10-18T22:15:00,997.8571573645505,997.8571573645505,0
2025-10-18T22:30:00,997.8571573645505,997.8571573645505,0
2025-10-18T22:45:00,997.8571573645505,997.8571573645505,0
2025-10-18T23:00:00,997.8571573645505,997.8571573645505,0
2025-10-18T23:15:00,997.8571573645505,997.8571573645505,0
2025-10-18T23:30:00,997.8571573645505,997.8571573645505,0
2025-10-18T23:45:00,997.8571573645505,997.8571573645505,0
2025-10-19T00:00:00,997.8571573645505,997.8571573645505,0
2025-10-19T00:15:00,997.8571573645505,997.8571573645505,0
2025-10-19T00:30:00,997.8571573645505,997.8571573645505,0
2025-10-19T00:45:00,997.8571573645505,997.8571573645505,0
2025-10-19T01:00:00,997.8571573645505,997.8571573645505,0
2025-10-19T01:15:00,997.8571573645505,997.8571573645505,0
2025-10-19T01:30:00,997.8571573645505,997.8571573645505,0
2025-10-19T01:45:00,997.8571573645505,997.8571573645505,0
2025-10-19T02:00:00,997.8571573645505,997.8571573645505,0
2025-10-19T02:15:00,997.8571573645505,997.8571573645505,0
2025-10-19T02:30:00,997.8571573645505,997.8571573645505,0
2025-10-19T02:45:00,997.8571573645505,997.8571573645505,0
2025-10-19T03:00:00,997.8571573645505,997.8571573645505,0
2025-10-19T03:15:00,997.8571573645505,997.8571573645505,0
2025-10-19T03:30:00,997.8571573645505,997.8571573645505,0
2025-10-19T03:45:00,997.8571573645505,997.8571573645505,0
2025-10-19T04:00:00,997.8571573645505,997.8571573645505,0
2025-10-19T04:15:00,997.8571573645505,997.8571573645505,0
2025-10-19T04:30:00,997.8571573645505,997.8571573645505,0
2025-10-19T04:45:00,997.8571573645505,997.8571573645505,0
2025-10-19T05:00:00,997.8571573645505,997.8571573645505,0
2025-10-19T05:15:00,997.8571573645505,997.8571573645505,0
2025-10-19T05:30:00,997.8571573645505,997.8571573645505,0
2025-10-19T05:45:00,997.8571573645505,997.8571573645505,0
2025-10-19T06:00:00,997.8571573645505,997.8571573645505,0
2025-10-19T06:15:00,997.8571573645505,997.8571573645505,0
2025-10-19T06:30:00,997.8571573645505,997.8571573645505,0
2025-10-19T06:45:00,997.8571573645505,997.8571573645505,0
2025-10-19T07:00:00,997.8571573645505,997.8571573645505,0
2025-10-19T07:15:00,997.8571573645505,997.8571573645505,0
2025-10-19T07:30:00,997.8571573645505,997.8571573645505,0
2025-10-19T07:45:00,997.8571573645505,997.8571573645505,0
2025-10-19T08:00:00,997.8571573645505,997.8571573645505,0
2025-10-19T08:15:00,997.8571573645505,997.8571573645505,0
2025-10-19T08:30:00,997.8571573645505,997.8571573645505,0
2025-10-19T08:45:00,997.8571573645505,997.8571573645505,0
2025-10-19T09:00:00,997.8571573645505,997.8571573645505,0
2025-10-19T09:15:00,997.8571573645505,997.8571573645505,0
2025-10-19T09:30:00,997.8571573645505,997.8571573645505,0
2025-10-19T09:45:00,997.8571573645505,997.8571573645505,0
2025-10-19T10:00:00,997.8571573645505,997.8571573645505,0
2025-10-19T10:15:00,997.8571573645505,997.8571573645505,0
2025-10-19T10:30:00,997.8571573645505,997.8571573645505,0
2025-10-19T10:45:00,997.8571573645505,997.8571573645505,0
2025-10-19T11:00:00,996.7966927660076,857.9336353302638,1
2025-10-19T11:15:00,994.5853141451594,857.9336353302638,1
2025-10-19T11:30:00,993.5729438813951,857.9336353302638,1
2025-10-19T11:45:00,993.6323287292696,857.9336353302638,1
2025-10-19T12:00:00,992.8221497332682,857.9336353302638,1
2025-10-19T12:15:00,992.2551658285622,857.9336353302638,1
2025-10-19T12:30:00,992.4955330699588,857.9336353302638,1
2025-10-19T12:45:00,993.5347679077615,857.9336353302638,1
2025-10-19T13:00:00,992.2583121339495,992.2583121339495,0
2025-10-19T13:15:00,992.2583121339495,992.2583121339495,0
2025-10-19T13:30:00,992.2583121339495,992.2583121339495,0
2025-10-19T13:45:00,992.2583121339495,992.2583121339495,0
2025-10-19T14:00:00,992.2583121339495,992.2583121339495,0
2025-10-19T14:15:00,992.2583121339495,992.2583121339495,0
2025-10-19T14:30:00,992.2583121339495,992.2583121339495,0
2025-10-19T14:45:00,992.2583121339495,992.2583121339495,0
2025-10-19T15:00:00,992.2583121339495,992.2583121339495,0
2025-10-19T15:15:00,992.2583121339495,992.2583121339495,0
2025-10-19T15:30:00,992.2583121339495,992.2583121339495,0
2025-10-19T15:45:00,992.2583121339495,992.2583121339495,0
2025-10-19T16:00:00,992.2583121339495,992.2583121339495,0
2025-10-19T16:15:00,992.2583121339495,992.2583121339495,0
2025-10-19T16:30:00,992.2583121339495,992.2583121339495,0
2025-10-19T16:45:00,992.2583121339495,992.2583121339495,0
2025-10-19T17:00:00,992.2583121339495,992.2583121339495,0
2025-10-19T17:15:00,992.2583121339495,992.2583121339495,0
2025-10-19T17:30:00,992.2583121339495,992.2583121339495,0
2025-10-19T17:45:00,992.2583121339495,992.2583121339495,0
2025-10-19T18:00:00,992.2583121339495,992.2583121339495,0
2025-10-19T18:15:00,992.2583121339495,992.2583121339495,0
2025-10-19T18:30:00,992.2583121339495,992.2583121339495,0
2025-10-19T18:45:00,992.2583121339495,992.2583121339495,0
2025-10-19T19:00:00,992.2583121339495,992.2583121339495,0
2025-10-19T19:15:00,992.2583121339495,992.2583121339495,0
2025-10-19T19:30:00,992.2583121339495,992.2583121339495,0
2025-10-19T19:45:00,992.2583121339495,992.2583121339495,0
2025-10-19T20:00:00,992.2583121339495,992.2583121339495,0
2025-10-19T20:15:00,992.2583121339495,992.2583121339495,0
2025-10-19T20:30:00,992.2583121339495,992.2583121339495,0
2025-10-19T20:45:00,992.2583121339495,992.2583121339495,0
2025-10-19T21:00:00,992.2583121339495,992.2583121339495,0
2025-10-19T21:15:00,992.2583121339495,992.2583121339495,0
2025-10-19T21:30:00,992.2583121339495,992.2583121339495,0
2025-10-19T21:45:00,992.2583121339495,992.2583121339495,0
2025-10-19T22:00:00,992.2583121339495,992.2583121339495,0
2025-10-19T22:15:00,992.2583121339495,992.2583121339495,0
2025-10-19T22:30:00,992.2583121339495,992.2583121339495,0
2025-10-19T22:45:00,992.2583121339495,992.2583121339495,0
2025-10-19T23:00:00,992.2583121339495,992.2583121339495,0
2025-10-19T23:15:00,992.2583121339495,992.2583121339495,0
2025-10-19T23:30:00,992.2583121339495,992.2583121339495,0
2025-10-19T23:45:00,992.2583121339495,992.2583121339495,0
2025-10-20T00:00:00,992.2583121339495,992.2583121339495,0
2025-10-20T00:15:00,992.2583121339495,992.2583121339495,0
2025-10-20T00:30:00,992.2583121339495,992.2583121339495,0
2025-10-20T00:45:00,992.2583121339495,992.2583121339495,0
2025-10-20T01:00:00,992.2583121339495,992.2583121339495,0
2025-10-20T01:15:00,992.2583121339495,992.2583121339495,0
2025-10-20T01:30:00,992.2583121339495,992.2583121339495,0
2025-10-20T01:45:00,992.2583121339495,992.2583121339495,0
2025-10-20T02:00:00,992.2583121339495,992.2583121339495,0
2025-10-20T02:15:00,992.2583121339495,992.2583121339495,0
2025-10-20T02:30:00,992.2583121339495,992.2583121339495,0
2025-10-20T02:45:00,992.2583121339495,992.2583121339495,0
2025-10-20T03:00:00,992.2583121339495,992.2583121339495,0
2025-10-20T03:15:00,992.2583121339495,992.2583121339495,0
2025-10-20T03:30:00,992.2583121339495,992.2583121339495,0
2025-10-20T03:45:00,992.2583121339495,992.2583121339495,0
2025-10-20T04:00:00,992.2583121339495,992.2583121339495,0
2025-10-20T04:15:00,992.2583121339495,992.2583121339495,0
2025-10-20T04:30:00,992.2583121339495,992.2583121339495,0
2025-10-20T04:45:00,992.2583121339495,992.2583121339495,0
2025-10-20T05:00:00,992.2583121339495,992.2583121339495,0
2025-10-20T05:15:00,992.2583121339495,992.2583121339495,0
2025-10-20T05:30:00,992.2583121339495,992.2583121339495,0
2025-10-20T05:45:00,992.2583121339495,992.2583121339495,0
2025-10-20T06:00:00,992.2583121339495,992.2583121339495,0
2025-10-20T06:15:00,992.2583121339495,992.2583121339495,0
2025-10-20T06:30:00,992.2583121339495,992.2583121339495,0
2025-10-20T06:45:00,992.2583121339495,992.2583121339495,0
2025-10-20T07:00:00,992.2583121339495,992.2583121339495,0
2025-10-20T07:15:00,992.2583121339495,992.2583121339495,0
2025-10-20T07:30:00,992.2583121339495,992.2583121339495,0
2025-10-20T07:45:00,992.2583121339495,992.2583121339495,0
2025-10-20T08:00:00,992.2583121339495,992.2583121339495,0
2025-10-20T08:15:00,992.2583121339495,992.2583121339495,0
2025-10-20T08:30:00,992.2583121339495,992.2583121339495,0
2025-10-20T08:45:00,992.2583121339495,992.2583121339495,0
2025-10-20T09:00:00,992.2583121339495,992.2583121339495,0
2025-10-20T09:15:00,992.2583121339495,992.2583121339495,0
2025-10-20T09:30:00,992.2583121339495,992.2583121339495,0
2025-10-20T09:45:00,992.2583121339495,992.2583121339495,0
2025-10-20T10:00:00,992.2583121339495,992.2583121339495,0
2025-10-20T10:15:00,992.2583121339495,992.2583121339495,0
2025-10-20T10:30:00,992.2583121339495,992.2583121339495,0
2025-10-20T10:45:00,992.2583121339495,992.2583121339495,0
2025-10-20T11:00:00,992.2583121339495,992.2583121339495,0
2025-10-20T11:15:00,992.2583121339495,992.2583121339495,0
2025-10-20T11:30:00,992.2583121339495,992.2583121339495,0
2025-10-20T11:45:00,992.2583121339495,992.2583121339495,0
2025-10-20T12:00:00,992.2583121339495,992.2583121339495,0
2025-10-20T12:15:00,992.2583121339495,992.2583121339495,0
2025-10-20T12:30:00,992.2583121339495,992.2583121339495,0
2025-10-20T12:45:00,992.2583121339495,992.2583121339495,0
2025-10-20T13:00:00,992.2583121339495,992.2583121339495,0
2025-10-20T13:15:00,992.2583121339495,992.2583121339495,0
2025-10-20T13:30:00,992.2583121339495,992.2583121339495,0
2025-10-20T13:45:00,992.2583121339495,992.2583121339495,0
2025-10-20T14:00:00,992.2583121339495,992.2583121339495,0
2025-10-20T14:15:00,992.2583121339495,992.2583121339495,0
2025-10-20T14:30:00,992.2583121339495,992.2583121339495,0
2025-10-20T14:45:00,992.2583121339495,992.2583121339495,0
2025-10-20T15:00:00,992.2583121339495,992.2583121339495,0
2025-10-20T15:15:00,992.2583121339495,992.2583121339495,0
2025-10-20T15:30:00,992.2583121339495,992.2583121339495,0
2025-10-20T15:45:00,992.2583121339495,992.2583121339495,0
2025-10-20T16:00:00,992.2583121339495,992.2583121339495,0
2025-10-20T16:15:00,992.2583121339495,992.2583121339495,0
2025-10-20T16:30:00,992.2583121339495,992.2583121339495,0
2025-10-20T16:45:00,992.2583121339495,992.2583121339495,0
2025-10-20T17:00:00,992.2583121339495,992.2583121339495,0
2025-10-20T17:15:00,992.2583121339495,992.2583121339495,0
2025-10-20T17:30:00,992.2583121339495,992.2583121339495,0
2025-10-20T17:45:00,992.2583121339495,992.2583121339495,0
2025-10-20T18:00:00,992.2583121339495,992.2583121339495,0
2025-10-20T18:15:00,992.2583121339495,992.2583121339495,0
2025-10-20T18:30:00,992.2583121339495,992.2583121339495,0
2025-10-20T18:45:00,992.2583121339495,992.2583121339495,0
2025-10-20T19:00:00,992.2583121339495,992.2583121339495,0
2025-10-20T19:15:00,992.2583121339495,992.2583121339495,0
2025-10-20T19:30:00,992.2583121339495,992.2583121339495,0
2025-10-20T19:45:00,992.2583121339495,992.2583121339495,0
2025-10-20T20:00:00,992.2583121339495,992.2583121339495,0
2025-10-20T20:15:00,992.2583121339495,992.2583121339495,0
2025-10-20T20:30:00,992.2583121339495,992.2583121339495,0
2025-10-20T20:45:00,992.2583121339495,992.2583121339495,0
2025-10-20T21:00:00,992.2583121339495,992.2583121339495,0
2025-10-20T21:15:00,992.2583121339495,992.2583121339495,0
2025-10-20T21:30:00,992.2583121339495,992.2583121339495,0
2025-10-20T21:45:00,992.2583121339495,992.2583121339495,0
2025-10-20T22:00:00,992.2583121339495,992.2583121339495,0
2025-10-20T22:15:00,992.2583121339495,992.2583121339495,0
2025-10-20T22:30:00,992.2583121339495,992.2583121339495,0
2025-10-20T22:45:00,992.2583121339495,992.2583121339495,0
2025-10-20T23:00:00,992.2583121339495,992.2583121339495,0
2025-10-20T23:15:00,992.2583121339495,992.2583121339495,0
2025-10-20T23:30:00,992.2583121339495,992.2583121339495,0
2025-10-20T23:45:00,992.2583121339495,992.2583121339495,0
2025-10-21T00:00:00,992.2583121339495,992.2583121339495,0
2025-10-21T00:15:00,992.2583121339495,992.2583121339495,0
2025-10-21T00:30:00,992.2583121339495,992.2583121339495,0
2025-10-21T00:45:00,992.2583121339495,992.2583121339495,0
2025-10-21T01:00:00,992.2583121339495,992.2583121339495,0
2025-10-21T01:15:00,992.2583121339495,992.2583121339495,0
2025-10-21T01:30:00,992.2583121339495,992.2583121339495,0
2025-10-21T01:45:00,992.2583121339495,992.2583121339495,0
2025-10-21T02:00:00,992.2583121339495,992.2583121339495,0
2025-10-21T02:15:00,992.2583121339495,992.2583121339495,0
2025-10-21T02:30:00,992.2583121339495,992.2583121339495,0
2025-10-21T02:45:00,992.2583121339495,992.2583121339495,0
2025-10-21T03:00:00,992.2583121339495,992.2583121339495,0
2025-10-21T03:15:00,992.2583121339495,992.2583121339495,0
2025-10-21T03:30:00,992.2583121339495,992.2583121339495,0
2025-10-21T03:45:00,992.2583121339495,992.2583121339495,0
2025-10-21T04:00:00,992.2583121339495,992.2583121339495,0
2025-10-21T04:15:00,992.2583121339495,992.2583121339495,0
2025-10-21T04:30:00,992.2583121339495,992.2583121339495,0
2025-10-21T04:45:00,992.2583121339495,992.2583121339495,0
2025-10-21T05:00:00,992.2583121339495,992.2583121339495,0
2025-10-21T05:15:00,992.2583121339495,992.2583121339495,0
2025-10-21T05:30:00,992.2583121339495,992.2583121339495,0
2025-10-21T05:45:00,992.2583121339495,992.2583121339495,0
2025-10-21T06:00:00,992.2583121339495,992.2583121339495,0
2025-10-21T06:15:00,992.2583121339495,992.2583121339495,0
2025-10-21T06:30:00,992.2583121339495,992.2583121339495,0
2025-10-21T06:45:00,992.2583121339495,992.2583121339495,0
2025-10-21T07:00:00,992.2583121339495,992.2583121339495,0
2025-10-21T07:15:00,992.2583121339495,992.2583121339495,0
2025-10-21T07:30:00,992.2583121339495,992.2583121339495,0
2025-10-21T07:45:00,992.2583121339495,992.2583121339495,0
2025-10-21T08:00:00,992.2583121339495,992.2583121339495,0
2025-10-21T08:15:00,992.2583121339495,992.2583121339495,0
2025-10-21T08:30:00,992.2583121339495,992.2583121339495,0
2025-10-21T08:45:00,992.2583121339495,992.2583121339495,0
2025-10-21T09:00:00,992.2583121339495,992.2583121339495,0
2025-10-21T09:15:00,992.2583121339495,992.2583121339495,0
2025-10-21T09:30:00,992.2583121339495,992.2583121339495,0
2025-10-21T09:45:00,992.2583121339495,992.2583121339495,0
2025-10-21T10:00:00,992.2583121339495,992.2583121339495,0
2025-10-21T10:15:00,992.2583121339495,992.2583121339495,0
2025-10-21T10:30:00,992.2583121339495,992.2583121339495,0
2025-10-21T10:45:00,992.2583121339495,992.2583121339495,0
2025-10-21T11:00:00,992.2583121339495,992.2583121339495,0
2025-10-21T11:15:00,992.2583121339495,992.2583121339495,0
2025-10-21T11:30:00,992.2583121339495,992.2583121339495,0
2025-10-21T11:45:00,992.2583121339495,992.2583121339495,0
2025-10-21T12:00:00,992.2583121339495,992.2583121339495,0
2025-10-21T12:15:00,992.2583121339495,992.2583121339495,0
2025-10-21T12:30:00,992.2583121339495,992.2583121339495,0
2025-10-21T12:45:00,992.2583121339495,992.2583121339495,0
2025-10-21T13:00:00,992.2583121339495,992.2583121339495,0
2025-10-21T13:15:00,992.2583121339495,992.2583121339495,0
2025-10-21T13:30:00,992.2583121339495,992.2583121339495,0
2025-10-21T13:45:00,992.2583121339495,992.2583121339495,0
2025-10-21T14:00:00,992.2583121339495,992.2583121339495,0
2025-10-21T14:15:00,992.2583121339495,992.2583121339495,0
2025-10-21T14:30:00,992.2583121339495,992.2583121339495,0
2025-10-21T14:45:00,992.2583121339495,992.2583121339495,0
2025-10-21T15:00:00,992.2583121339495,992.2583121339495,0
2025-10-21T15:15:00,992.2583121339495,992.2583121339495,0
2025-10-21T15:30:00,992.2583121339495,992.2583121339495,0
2025-10-21T15:45:00,992.2583121339495,992.2583121339495,0
2025-10-21T16:00:00,992.2583121339495,992.2583121339495,0
2025-10-21T16:15:00,992.2583121339495,992.2583121339495,0
2025-10-21T16:30:00,992.2583121339495,992.2583121339495,0
2025-10-21T16:45:00,992.2583121339495,992.2583121339495,0
2025-10-21T17:00:00,992.2583121339495,992.2583121339495,0
2025-10-21T17:15:00,992.2583121339495,992.2583121339495,0
2025-10-21T17:30:00,992.2583121339495,992.2583121339495,0
2025-10-21T17:45:00,992.2583121339495,992.2583121339495,0
2025-10-21T18:00:00,992.2583121339495,992.2583121339495,0
2025-10-21T18:15:00,992.2583121339495,992.2583121339495,0
2025-10-21T18:30:00,992.2583121339495,992.2583121339495,0
2025-10-21T18:45:00,992.2583121339495,992.2583121339495,0
2025-10-21T19:00:00,992.2583121339495,992.2583121339495,0
2025-10-21T19:15:00,992.2583121339495,992.2583121339495,0
2025-10-21T19:30:00,992.2583121339495,992.2583121339495,0
2025-10-21T19:45:00,992.2583121339495,992.2583121339495,0
2025-10-21T20:00:00,992.2583121339495,992.2583121339495,0
2025-10-21T20:15:00,992.2583121339495,992.2583121339495,0
2025-10-21T20:30:00,992.2583121339495,992.2583121339495,0
2025-10-21T20:45:00,992.2583121339495,992.2583121339495,0
2025-10-21T21:00:00,992.2583121339495,992.2583121339495,0
2025-10-21T21:15:00,992.2583121339495,992.2583121339495,0
2025-10-21T21:30:00,992.2583121339495,992.2583121339495,0
2025-10-21T21:45:00,992.2583121339495,992.2583121339495,0
2025-10-21T22:00:00,992.2583121339495,992.2583121339495,0
2025-10-21T22:15:00,992.2583121339495,992.2583121339495,0
2025-10-21T22:30:00,992.2583121339495,992.2583121339495,0
2025-10-21T22:45:00,992.2583121339495,992.2583121339495,0
2025-10-21T23:00:00,992.2583121339495,992.2583121339495,0
2025-10-21T23:15:00,992.2583121339495,992.2583121339495,0
2025-10-21T23:30:00,992.2583121339495,992.2583121339495,0
2025-10-21T23:45:00,992.2583121339495,992.2583121339495,0
2025-10-22T00:00:00,992.2583121339495,992.2583121339495,0
2025-10-22T00:15:00,992.2583121339495,992.2583121339495,0
2025-10-22T00:30:00,992.2583121339495,992.2583121339495,0
2025-10-22T00:45:00,992.2583121339495,992.2583121339495,0
2025-10-22T01:00:00,992.2583121339495,992.2583121339495,0
2025-10-22T01:15:00,992.2583121339495,992.2583121339495,0
2025-10-22T01:30:00,992.2583121339495,992.2583121339495,0
2025-10-22T01:45:00,992.2583121339495,992.2583121339495,0
2025-10-22T02:00:00,992.2583121339495,992.2583121339495,0
2025-10-22T02:15:00,992.2583121339495,992.2583121339495,0
2025-10-22T02:30:00,992.2583121339495,992.2583121339495,0
2025-10-22T02:45:00,992.2583121339495,992.2583121339495,0
2025-10-22T03:00:00,992.2583121339495,992.2583121339495,0
2025-10-22T03:15:00,992.2583121339495,992.2583121339495,0
2025-10-22T03:30:00,992.2583121339495,992.2583121339495,0
2025-10-22T03:45:00,992.2583121339495,992.2583121339495,0
2025-10-22T04:00:00,992.2583121339495,992.2583121339495,0
2025-10-22T04:15:00,992.2583121339495,992.2583121339495,0
2025-10-22T04:30:00,992.2583121339495,992.2583121339495,0
2025-10-22T04:45:00,992.2583121339495,992.2583121339495,0
2025-10-22T05:00:00,992.2583121339495,992.2583121339495,0
2025-10-22T05:15:00,992.2583121339495,992.2583121339495,0
2025-10-22T05:30:00,992.2583121339495,992.2583121339495,0
2025-10-22T05:45:00,992.2583121339495,992.2583121339495,0
2025-10-22T06:00:00,992.2583121339495,992.2583121339495,0
2025-10-22T06:15:00,992.2583121339495,992.2583121339495,0
2025-10-22T06:30:00,992.2583121339495,992.2583121339495,0
2025-10-22T06:45:00,992.2583121339495,992.2583121339495,0
2025-10-22T07:00:00,992.2583121339495,992.2583121339495,0
2025-10-22T07:15:00,992.2583121339495,992.2583121339495,0
2025-10-22T07:30:00,992.2583121339495,992.2583121339495,0
2025-10-22T07:45:00,992.2583121339495,992.2583121339495,0
2025-10-22T08:00:00,992.2583121339495,992.2583121339495,0
2025-10-22T08:15:00,992.2583121339495,992.2583121339495,0
2025-10-22T08:30:00,992.2583121339495,992.2583121339495,0
2025-10-22T08:45:00,992.2583121339495,992.2583121339495,0
2025-10-22T09:00:00,992.2583121339495,992.2583121339495,0
2025-10-22T09:15:00,992.2583121339495,992.2583121339495,0
2025-10-22T09:30:00,992.2583121339495,992.2583121339495,0
2025-10-22T09:45:00,992.2583121339495,992.2583121339495,0
2025-10-22T10:00:00,992.2583121339495,992.2583121339495,0
2025-10-22T10:15:00,992.2583121339495,992.2583121339495,0
2025-10-22T10:30:00,992.2583121339495,992.2583121339495,0
2025-10-22T10:45:00,992.2583121339495,992.2583121339495,0
2025-10-22T11:00:00,991.2012971661802,853.1198825732786,1
2025-10-22T11:15:00,991.4355104134264,853.1198825732786,1
2025-10-22T11:30:00,990.9641744376019,853.1198825732786,1
2025-10-22T11:45:00,990.6805000077075,853.1198825732786,1
2025-10-22T12:00:00,990.070963668601,853.1198825732786,1
2025-10-22T12:15:00,987.8894460947904,987.8894460947904,0
2025-10-22T12:30:00,987.8894460947904,987.8894460947904,0
2025-10-22T12:45:00,987.8894460947904,987.8894460947904,0
2025-10-22T13:00:00,987.8894460947904,987.8894460947904,0
2025-10-22T13:15:00,987.8894460947904,987.8894460947904,0
2025-10-22T13:30:00,987.8894460947904,987.8894460947904,0
2025-10-22T13:45:00,987.8894460947904,987.8894460947904,0
2025-10-22T14:00:00,987.8894460947904,987.8894460947904,0
2025-10-22T14:15:00,987.8894460947904,987.8894460947904,0
2025-10-22T14:30:00,987.8894460947904,987.8894460947904,0
2025-10-22T14:45:00,987.8894460947904,987.8894460947904,0
2025-10-22T15:00:00,987.8894460947904,987.8894460947904,0
2025-10-22T15:15:00,987.8894460947904,987.8894460947904,0
2025-10-22T15:30:00,987.8894460947904,987.8894460947904,0
2025-10-22T15:45:00,987.8894460947904,987.8894460947904,0
2025-10-22T16:00:00,987.8894460947904,987.8894460947904,0
2025-10-22T16:15:00,987.8894460947904,987.8894460947904,0
2025-10-22T16:30:00,987.8894460947904,987.8894460947904,0
2025-10-22T16:45:00,987.8894460947904,987.8894460947904,0
2025-10-22T17:00:00,987.8894460947904,987.8894460947904,0
2025-10-22T17:15:00,987.8894460947904,987.8894460947904,0
2025-10-22T17:30:00,986.8370851135275,849.3636364055944,1
2025-10-22T17:45:00,987.212713162701,849.3636364055944,1
2025-10-22T18:00:00,987.4366926887398,849.3636364055944,1
2025-10-22T18:15:00,986.0024531503273,849.3636364055944,1
2025-10-22T18:30:00,986.4038182964147,849.3636364055944,1
2025-10-22T18:45:00,985.9547290724166,849.3636364055944,1
2025-10-22T19:00:00,984.8451205630474,984.8451205630474,0
2025-10-22T19:15:00,984.8451205630474,984.8451205630474,0
2025-10-22T19:30:00,984.8451205630474,984.8451205630474,0
2025-10-22T19:45:00,984.8451205630474,984.8451205630474,0
2025-10-22T20:00:00,984.8451205630474,984.8451205630474,0
2025-10-22T20:15:00,984.8451205630474,984.8451205630474,0
2025-10-22T20:30:00,984.8451205630474,984.8451205630474,0
2025-10-22T20:45:00,984.8451205630474,984.8451205630474,0
2025-10-22T21:00:00,984.8451205630474,984.8451205630474,0
2025-10-22T21:15:00,984.8451205630474,984.8451205630474,0
2025-10-22T21:30:00,984.8451205630474,984.8451205630474,0
2025-10-22T21:45:00,984.8451205630474,984.8451205630474,0
2025-10-22T22:00:00,984.8451205630474,984.8451205630474,0
2025-10-22T22:15:00,984.8451205630474,984.8451205630474,0
2025-10-22T22:30:00,984.8451205630474,984.8451205630474,0
2025-10-22T22:45:00,984.8451205630474,984.8451205630474,0
2025-10-22T23:00:00,984.8451205630474,984.8451205630474,0
2025-10-22T23:15:00,984.8451205630474,984.8451205630474,0
2025-10-22T23:30:00,984.8451205630474,984.8451205630474,0
2025-10-22T23:45:00,984.8451205630474,984.8451205630474,0
2025-10-23T00:00:00,984.8451205630474,984.8451205630474,0
2025-10-23T00:15:00,984.8451205630474,984.8451205630474,0
2025-10-23T00:30:00,984.8451205630474,984.8451205630474,0
2025-10-23T00:45:00,984.8451205630474,984.8451205630474,0
2025-10-23T01:00:00,984.8451205630474,984.8451205630474,0
2025-10-23T01:15:00,984.8451205630474,984.8451205630474,0
2025-10-23T01:30:00,984.8451205630474,984.8451205630474,0
2025-10-23T01:45:00,984.8451205630474,984.8451205630474,0
2025-10-23T02:00:00,984.8451205630474,984.8451205630474,0
2025-10-23T02:15:00,984.8451205630474,984.8451205630474,0
2025-10-23T02:30:00,984.8451205630474,984.8451205630474,0
2025-10-23T02:45:00,984.8451205630474,984.8451205630474,0
2025-10-23T03:00:00,984.8451205630474,984.8451205630474,0
2025-10-23T03:15:00,984.8451205630474,984.8451205630474,0
2025-10-23T03:30:00,984.8451205630474,984.8451205630474,0
2025-10-23T03:45:00,984.8451205630474,984.8451205630474,0
2025-10-23T04:00:00,984.8451205630474,984.8451205630474,0
2025-10-23T04:15:00,984.8451205630474,984.8451205630474,0
2025-10-23T04:30:00,984.8451205630474,984.8451205630474,0
2025-10-23T04:45:00,984.8451205630474,984.8451205630474,0
2025-10-23T05:00:00,984.8451205630474,984.8451205630474,0
2025-10-23T05:15:00,984.8451205630474,984.8451205630474,0
2025-10-23T05:30:00,984.8451205630474,984.8451205630474,0
2025-10-23T05:45:00,984.8451205630474,984.8451205630474,0
2025-10-23T06:00:00,984.8451205630474,984.8451205630474,0
2025-10-23T06:15:00,984.8451205630474,984.8451205630474,0
2025-10-23T06:30:00,984.8451205630474,984.8451205630474,0
2025-10-23T06:45:00,984.8451205630474,984.8451205630474,0
2025-10-23T07:00:00,983.7984844010508,846.7461983772147,1
2025-10-23T07:15:00,982.5511065296675,846.7461983772147,1
2025-10-23T07:30:00,981.9309285087727,846.7461983772147,1
2025-10-23T07:45:00,981.1645459645533,846.7461983772147,1
2025-10-23T08:00:00,983.4169482744882,846.7461983772147,1
2025-10-23T08:15:00,983.7363913650728,846.7461983772147,1
2025-10-23T08:30:00,982.3050017494277,982.3050017494277,0
2025-10-23T08:45:00,982.3050017494277,982.3050017494277,0
2025-10-23T09:00:00,982.3050017494277,982.3050017494277,0
2025-10-23T09:15:00,982.3050017494277,982.3050017494277,0
2025-10-23T09:30:00,982.3050017494277,982.3050017494277,0
2025-10-23T09:45:00,982.3050017494277,982.3050017494277,0
2025-10-23T10:00:00,982.3050017494277,982.3050017494277,0
2025-10-23T10:15:00,982.3050017494277,982.3050017494277,0
2025-10-23T10:30:00,982.3050017494277,982.3050017494277,0
2025-10-23T10:45:00,982.3050017494277,982.3050017494277,0
2025-10-23T11:00:00,982.3050017494277,982.3050017494277,0
2025-10-23T11:15:00,982.3050017494277,982.3050017494277,0
2025-10-23T11:30:00,982.3050017494277,982.3050017494277,0
2025-10-23T11:45:00,982.3050017494277,982.3050017494277,0
2025-10-23T12:00:00,982.3050017494277,982.3050017494277,0
2025-10-23T12:15:00,982.3050017494277,982.3050017494277,0
2025-10-23T12:30:00,982.3050017494277,982.3050017494277,0
2025-10-23T12:45:00,982.3050017494277,982.3050017494277,0
2025-10-23T13:00:00,982.3050017494277,982.3050017494277,0
2025-10-23T13:15:00,982.3050017494277,982.3050017494277,0
2025-10-23T13:30:00,982.3050017494277,982.3050017494277,0
2025-10-23T13:45:00,982.3050017494277,982.3050017494277,0
2025-10-23T14:00:00,982.3050017494277,982.3050017494277,0
2025-10-23T14:15:00,982.3050017494277,982.3050017494277,0
2025-10-23T14:30:00,982.3050017494277,982.3050017494277,0
2025-10-23T14:45:00,982.3050017494277,982.3050017494277,0
2025-10-23T15:00:00,982.3050017494277,982.3050017494277,0
2025-10-23T15:15:00,982.3050017494277,982.3050017494277,0
2025-10-23T15:30:00,982.3050017494277,982.3050017494277,0
2025-10-23T15:45:00,982.3050017494277,982.3050017494277,0
2025-10-23T16:00:00,982.3050017494277,982.3050017494277,0
2025-10-23T16:15:00,982.3050017494277,982.3050017494277,0
2025-10-23T16:30:00,982.3050017494277,982.3050017494277,0
2025-10-23T16:45:00,982.3050017494277,982.3050017494277,0
2025-10-23T17:00:00,981.2610650780925,844.5622651841159,1
2025-10-23T17:15:00,981.2554137334573,844.5622651841159,1
2025-10-23T17:30:00,984.630679316881,844.5622651841159,1
2025-10-23T17:45:00,986.091551905102,844.5622651841159,1
2025-10-23T18:00:00,982.2189679937733,844.5622651841159,1
2025-10-23T18:15:00,981.2003131232633,844.5622651841159,1
2025-10-23T18:30:00,979.1054127028547,979.1054127028547,0
2025-10-23T18:45:00,979.1054127028547,979.1054127028547,0
2025-10-23T19:00:00,979.1054127028547,979.1054127028547,0
2025-10-23T19:15:00,979.1054127028547,979.1054127028547,0
2025-10-23T19:30:00,979.1054127028547,979.1054127028547,0
2025-10-23T19:45:00,979.1054127028547,979.1054127028547,0
2025-10-23T20:00:00,979.1054127028547,979.1054127028547,0
2025-10-23T20:15:00,979.1054127028547,979.1054127028547,0
2025-10-23T20:30:00,979.1054127028547,979.1054127028547,0
2025-10-23T20:45:00,979.1054127028547,979.1054127028547,0
2025-10-23T21:00:00,979.1054127028547,979.1054127028547,0
2025-10-23T21:15:00,979.1054127028547,979.1054127028547,0
2025-10-23T21:30:00,979.1054127028547,979.1054127028547,0
2025-10-23T21:45:00,979.1054127028547,979.1054127028547,0
2025-10-23T22:00:00,979.1054127028547,979.1054127028547,0
2025-10-23T22:15:00,979.1054127028547,979.1054127028547,0
2025-10-23T22:30:00,979.1054127028547,979.1054127028547,0
2025-10-23T22:45:00,979.1054127028547,979.1054127028547,0
2025-10-23T23:00:00,979.1054127028547,979.1054127028547,0
2025-10-23T23:15:00,979.1054127028547,979.1054127028547,0
2025-10-23T23:30:00,979.1054127028547,979.1054127028547,0
2025-10-23T23:45:00,979.1054127028547,979.1054127028547,0
2025-10-24T00:00:00,979.1054127028547,979.1054127028547,0
2025-10-24T00:15:00,979.1054127028547,979.1054127028547,0
2025-10-24T00:30:00,979.1054127028547,979.1054127028547,0
2025-10-24T00:45:00,979.1054127028547,979.1054127028547,0
2025-10-24T01:00:00,979.1054127028547,979.1054127028547,0
2025-10-24T01:15:00,979.1054127028547,979.1054127028547,0
2025-10-24T01:30:00,979.1054127028547,979.1054127028547,0
2025-10-24T01:45:00,979.1054127028547,979.1054127028547,0
2025-10-24T02:00:00,979.1054127028547,979.1054127028547,0
2025-10-24T02:15:00,979.1054127028547,979.1054127028547,0
2025-10-24T02:30:00,979.1054127028547,979.1054127028547,0
2025-10-24T02:45:00,979.1054127028547,979.1054127028547,0
2025-10-24T03:00:00,979.1054127028547,979.1054127028547,0
2025-10-24T03:15:00,979.1054127028547,979.1054127028547,0
2025-10-24T03:30:00,979.1054127028547,979.1054127028547,0
2025-10-24T03:45:00,979.1054127028547,979.1054127028547,0
2025-10-24T04:00:00,979.1054127028547,979.1054127028547,0
2025-10-24T04:15:00,979.1054127028547,979.1054127028547,0
2025-10-24T04:30:00,979.1054127028547,979.1054127028547,0
2025-10-24T04:45:00,979.1054127028547,979.1054127028547,0
2025-10-24T05:00:00,979.1054127028547,979.1054127028547,0
2025-10-24T05:15:00,979.1054127028547,979.1054127028547,0
2025-10-24T05:30:00,979.1054127028547,979.1054127028547,0
2025-10-24T05:45:00,979.1054127028547,979.1054127028547,0
2025-10-24T06:00:00,979.1054127028547,979.1054127028547,0
2025-10-24T06:15:00,979.1054127028547,979.1054127028547,0
2025-10-24T06:30:00,979.1054127028547,979.1054127028547,0
2025-10-24T06:45:00,979.1054127028547,979.1054127028547,0
2025-10-24T07:00:00,979.1054127028547,979.1054127028547,0
2025-10-24T07:15:00,979.1054127028547,979.1054127028547,0
2025-10-24T07:30:00,979.1054127028547,979.1054127028547,0
2025-10-24T07:45:00,979.1054127028547,979.1054127028547,0
2025-10-24T08:00:00,979.1054127028547,979.1054127028547,0
2025-10-24T08:15:00,979.1054127028547,979.1054127028547,0
2025-10-24T08:30:00,979.1054127028547,979.1054127028547,0
2025-10-24T08:45:00,979.1054127028547,979.1054127028547,0
2025-10-24T09:00:00,979.1054127028547,979.1054127028547,0
2025-10-24T09:15:00,979.1054127028547,979.1054127028547,0
2025-10-24T09:30:00,979.1054127028547,979.1054127028547,0
2025-10-24T09:45:00,979.1054127028547,979.1054127028547,0
2025-10-24T10:00:00,979.1054127028547,979.1054127028547,0
2025-10-24T10:15:00,979.1054127028547,979.1054127028547,0
2025-10-24T10:30:00,979.1054127028547,979.1054127028547,0
2025-10-24T10:45:00,979.1054127028547,979.1054127028547,0
2025-10-24T11:00:00,979.1054127028547,979.1054127028547,0
2025-10-24T11:15:00,979.1054127028547,979.1054127028547,0
2025-10-24T11:30:00,979.1054127028547,979.1054127028547,0
2025-10-24T11:45:00,979.1054127028547,979.1054127028547,0
2025-10-24T12:00:00,979.1054127028547,979.1054127028547,0
2025-10-24T12:15:00,979.1054127028547,979.1054127028547,0
2025-10-24T12:30:00,978.0648763688212,841.8113353120095,1
2025-10-24T12:45:00,976.2354812190773,841.8113353120095,1
2025-10-24T13:00:00,976.1955621375555,841.8113353120095,1
2025-10-24T13:15:00,976.6002590329841,841.8113353120095,1
2025-10-24T13:30:00,971.9534436111211,971.9534436111211,0
2025-10-24T13:45:00,971.9534436111211,971.9534436111211,0
2025-10-24T14:00:00,971.9534436111211,971.9534436111211,0
2025-10-24T14:15:00,971.9534436111211,971.9534436111211,0
2025-10-24T14:30:00,971.9534436111211,971.9534436111211,0
2025-10-24T14:45:00,971.9534436111211,971.9534436111211,0
2025-10-24T15:00:00,971.9534436111211,971.9534436111211,0
2025-10-24T15:15:00,971.9534436111211,971.9534436111211,0
2025-10-24T15:30:00,971.9534436111211,971.9534436111211,0
2025-10-24T15:45:00,971.9534436111211,971.9534436111211,0
2025-10-24T16:00:00,971.9534436111211,971.9534436111211,0
2025-10-24T16:15:00,971.9534436111211,971.9534436111211,0
2025-10-24T16:30:00,971.9534436111211,971.9534436111211,0
2025-10-24T16:45:00,971.9534436111211,971.9534436111211,0
2025-10-24T17:00:00,971.9534436111211,971.9534436111211,0
2025-10-24T17:15:00,971.9534436111211,971.9534436111211,0
2025-10-24T17:30:00,971.9534436111211,971.9534436111211,0
2025-10-24T17:45:00,971.9534436111211,971.9534436111211,0
2025-10-24T18:00:00,971.9534436111211,971.9534436111211,0
2025-10-24T18:15:00,971.9534436111211,971.9534436111211,0
2025-10-24T18:30:00,971.9534436111211,971.9534436111211,0
2025-10-24T18:45:00,971.9534436111211,971.9534436111211,0
2025-10-24T19:00:00,971.9534436111211,971.9534436111211,0
2025-10-24T19:15:00,971.9534436111211,971.9534436111211,0
2025-10-24T19:30:00,971.9534436111211,971.9534436111211,0
2025-10-24T19:45:00,971.9534436111211,971.9534436111211,0
2025-10-24T20:00:00,971.9534436111211,971.9534436111211,0
2025-10-24T20:15:00,971.9534436111211,971.9534436111211,0
2025-10-24T20:30:00,971.9534436111211,971.9534436111211,0
2025-10-24T20:45:00,971.9534436111211,971.9534436111211,0
2025-10-24T21:00:00,971.9534436111211,971.9534436111211,0
2025-10-24T21:15:00,971.9534436111211,971.9534436111211,0
2025-10-24T21:30:00,971.9534436111211,971.9534436111211,0
2025-10-24T21:45:00,971.9534436111211,971.9534436111211,0
2025-10-24T22:00:00,971.9534436111211,971.9534436111211,0
2025-10-24T22:15:00,971.9534436111211,971.9534436111211,0
2025-10-24T22:30:00,971.9534436111211,971.9534436111211,0
2025-10-24T22:45:00,971.9534436111211,971.9534436111211,0
2025-10-24T23:00:00,971.9534436111211,971.9534436111211,0
2025-10-24T23:15:00,971.9534436111211,971.9534436111211,0
2025-10-24T23:30:00,971.9534436111211,971.9534436111211,0
2025-10-24T23:45:00,971.9534436111211,971.9534436111211,0
2025-10-25T00:00:00,971.9534436111211,971.9534436111211,0
2025-10-25T00:15:00,971.9534436111211,971.9534436111211,0
2025-10-25T00:30:00,971.9534436111211,971.9534436111211,0
2025-10-25T00:45:00,971.9534436111211,971.9534436111211,0
2025-10-25T01:00:00,971.9534436111211,971.9534436111211,0
2025-10-25T01:15:00,971.9534436111211,971.9534436111211,0
2025-10-25T01:30:00,971.9534436111211,971.9534436111211,0
2025-10-25T01:45:00,971.9534436111211,971.9534436111211,0
2025-10-25T02:00:00,971.9534436111211,971.9534436111211,0
2025-10-25T02:15:00,971.9534436111211,971.9534436111211,0
2025-10-25T02:30:00,971.9534436111211,971.9534436111211,0
2025-10-25T02:45:00,971.9534436111211,971.9534436111211,0
2025-10-25T03:00:00,971.9534436111211,971.9534436111211,0
2025-10-25T03:15:00,971.9534436111211,971.9534436111211,0
2025-10-25T03:30:00,971.9534436111211,971.9534436111211,0
2025-10-25T03:45:00,971.9534436111211,971.9534436111211,0
2025-10-25T04:00:00,971.9534436111211,971.9534436111211,0
2025-10-25T04:15:00,971.9534436111211,971.9534436111211,0
2025-10-25T04:30:00,971.9534436111211,971.9534436111211,0
2025-10-25T04:45:00,971.9534436111211,971.9534436111211,0
2025-10-25T05:00:00,971.9534436111211,971.9534436111211,0
2025-10-25T05:15:00,971.9534436111211,971.9534436111211,0
2025-10-25T05:30:00,971.9534436111211,971.9534436111211,0
2025-10-25T05:45:00,971.9534436111211,971.9534436111211,0
2025-10-25T06:00:00,971.9534436111211,971.9534436111211,0
2025-10-25T06:15:00,971.9534436111211,971.9534436111211,0
2025-10-25T06:30:00,971.9534436111211,971.9534436111211,0
2025-10-25T06:45:00,971.9534436111211,971.9534436111211,0
2025-10-25T07:00:00,971.9534436111211,971.9534436111211,0
2025-10-25T07:15:00,971.9534436111211,971.9534436111211,0
2025-10-25T07:30:00,971.9534436111211,971.9534436111211,0
2025-10-25T07:45:00,971.9534436111211,971.9534436111211,0
2025-10-25T08:00:00,971.9534436111211,971.9534436111211,0
2025-10-25T08:15:00,971.9534436111211,971.9534436111211,0
2025-10-25T08:30:00,971.9534436111211,971.9534436111211,0
2025-10-25T08:45:00,971.9534436111211,971.9534436111211,0
2025-10-25T09:00:00,970.9205079742171,835.6622439341952,1
2025-10-25T09:15:00,970.3267689834094,835.6622439341952,1
2025-10-25T09:30:00,970.5796578128275,835.6622439341952,1
2025-10-25T09:45:00,969.2959721243682,835.6622439341952,1
2025-10-25T10:00:00,967.7638098862662,967.7638098862662,0
2025-10-25T10:15:00,967.7638098862662,967.7638098862662,0
2025-10-25T10:30:00,967.7638098862662,967.7638098862662,0
2025-10-25T10:45:00,967.7638098862662,967.7638098862662,0
2025-10-25T11:00:00,967.7638098862662,967.7638098862662,0
2025-10-25T11:15:00,967.7638098862662,967.7638098862662,0
2025-10-25T11:30:00,967.7638098862662,967.7638098862662,0
2025-10-25T11:45:00,967.7638098862662,967.7638098862662,0
2025-10-25T12:00:00,967.7638098862662,967.7638098862662,0
2025-10-25T12:15:00,967.7638098862662,967.7638098862662,0
2025-10-25T12:30:00,967.7638098862662,967.7638098862662,0
2025-10-25T12:45:00,967.7638098862662,967.7638098862662,0
2025-10-25T13:00:00,967.7638098862662,967.7638098862662,0
2025-10-25T13:15:00,967.7638098862662,967.7638098862662,0
2025-10-25T13:30:00,967.7638098862662,967.7638098862662,0
2025-10-25T13:45:00,967.7638098862662,967.7638098862662,0
2025-10-25T14:00:00,967.7638098862662,967.7638098862662,0
2025-10-25T14:15:00,967.7638098862662,967.7638098862662,0
2025-10-25T14:30:00,967.7638098862662,967.7638098862662,0
2025-10-25T14:45:00,967.7638098862662,967.7638098862662,0
2025-10-25T15:00:00,967.7638098862662,967.7638098862662,0
2025-10-25T15:15:00,967.7638098862662,967.7638098862662,0
2025-10-25T15:30:00,967.7638098862662,967.7638098862662,0
2025-10-25T15:45:00,967.7638098862662,967.7638098862662,0
2025-10-25T16:00:00,967.7638098862662,967.7638098862662,0
2025-10-25T16:15:00,967.7638098862662,967.7638098862662,0
2025-10-25T16:30:00,967.7638098862662,967.7638098862662,0
2025-10-25T16:45:00,967.7638098862662,967.7638098862662,0
2025-10-25T17:00:00,967.7638098862662,967.7638098862662,0
2025-10-25T17:15:00,967.7638098862662,967.7638098862662,0
2025-10-25T17:30:00,967.7638098862662,967.7638098862662,0
2025-10-25T17:45:00,967.7638098862662,967.7638098862662,0
2025-10-25T18:00:00,967.7638098862662,967.7638098862662,0
2025-10-25T18:15:00,967.7638098862662,967.7638098862662,0
2025-10-25T18:30:00,967.7638098862662,967.7638098862662,0
2025-10-25T18:45:00,967.7638098862662,967.7638098862662,0
2025-10-25T19:00:00,966.7353267486136,832.0600974087745,1
2025-10-25T19:15:00,967.43349613069,832.0600974087745,1
2025-10-25T19:30:00,967.8975734258347,832.0600974087745,1
2025-10-25T19:45:00,967.3554654350461,832.0600974087745,1
2025-10-25T20:00:00,967.2979691329928,832.0600974087745,1
2025-10-25T20:15:00,966.7627059400676,832.0600974087745,1
2025-10-25T20:30:00,966.7503853039133,832.0600974087745,1
2025-10-25T20:45:00,965.2839947236832,965.2839947236832,0
2025-10-25T21:00:00,965.2839947236832,965.2839947236832,0
2025-10-25T21:15:00,965.2839947236832,965.2839947236832,0
2025-10-25T21:30:00,965.2839947236832,965.2839947236832,0
2025-10-25T21:45:00,965.2839947236832,965.2839947236832,0
2025-10-25T22:00:00,965.2839947236832,965.2839947236832,0
2025-10-25T22:15:00,965.2839947236832,965.2839947236832,0
2025-10-25T22:30:00,965.2839947236832,965.2839947236832,0
2025-10-25T22:45:00,965.2839947236832,965.2839947236832,0
2025-10-25T23:00:00,965.2839947236832,965.2839947236832,0
2025-10-25T23:15:00,965.2839947236832,965.2839947236832,0
2025-10-25T23:30:00,965.2839947236832,965.2839947236832,0
2025-10-25T23:45:00,965.2839947236832,965.2839947236832,0
2025-10-26T00:00:00,965.2839947236832,965.2839947236832,0
2025-10-26T00:15:00,965.2839947236832,965.2839947236832,0
2025-10-26T00:30:00,965.2839947236832,965.2839947236832,0
2025-10-26T00:45:00,965.2839947236832,965.2839947236832,0
2025-10-26T01:00:00,965.2839947236832,965.2839947236832,0
2025-10-26T01:15:00,965.2839947236832,965.2839947236832,0
2025-10-26T01:30:00,965.2839947236832,965.2839947236832,0
2025-10-26T01:45:00,965.2839947236832,965.2839947236832,0
2025-10-26T02:00:00,965.2839947236832,965.2839947236832,0
2025-10-26T02:15:00,965.2839947236832,965.2839947236832,0
2025-10-26T02:30:00,965.2839947236832,965.2839947236832,0
2025-10-26T02:45:00,965.2839947236832,965.2839947236832,0
2025-10-26T03:00:00,965.2839947236832,965.2839947236832,0
2025-10-26T03:15:00,965.2839947236832,965.2839947236832,0
2025-10-26T03:30:00,965.2839947236832,965.2839947236832,0
2025-10-26T03:45:00,965.2839947236832,965.2839947236832,0
2025-10-26T04:00:00,965.2839947236832,965.2839947236832,0
2025-10-26T04:15:00,965.2839947236832,965.2839947236832,0
2025-10-26T04:30:00,965.2839947236832,965.2839947236832,0
2025-10-26T04:45:00,965.2839947236832,965.2839947236832,0
2025-10-26T05:00:00,965.2839947236832,965.2839947236832,0
2025-10-26T05:15:00,965.2839947236832,965.2839947236832,0
2025-10-26T05:30:00,965.2839947236832,965.2839947236832,0
2025-10-26T05:45:00,965.2839947236832,965.2839947236832,0
2025-10-26T06:00:00,965.2839947236832,965.2839947236832,0
2025-10-26T06:15:00,965.2839947236832,965.2839947236832,0
2025-10-26T06:30:00,965.2839947236832,965.2839947236832,0
2025-10-26T06:45:00,965.2839947236832,965.2839947236832,0
2025-10-26T07:00:00,965.2839947236832,965.2839947236832,0
2025-10-26T07:15:00,965.2839947236832,965.2839947236832,0
2025-10-26T07:30:00,965.2839947236832,965.2839947236832,0
2025-10-26T07:45:00,965.2839947236832,965.2839947236832,0
2025-10-26T08:00:00,965.2839947236832,965.2839947236832,0
2025-10-26T08:15:00,965.2839947236832,965.2839947236832,0
2025-10-26T08:30:00,965.2839947236832,965.2839947236832,0
2025-10-26T08:45:00,965.2839947236832,965.2839947236832,0
2025-10-26T09:00:00,965.2839947236832,965.2839947236832,0
2025-10-26T09:15:00,964.2581469894762,829.9280118475494,1
2025-10-26T09:30:00,962.2747804246112,829.9280118475494,1
2025-10-26T09:45:00,962.2033199025595,829.9280118475494,1
2025-10-26T10:00:00,961.8082645636708,829.9280118475494,1
2025-10-26T10:15:00,961.3012993506258,829.9280118475494,1
2025-10-26T10:30:00,961.6114110500948,829.9280118475494,1
2025-10-26T10:45:00,961.5669167627797,829.9280118475494,1
2025-10-26T11:00:00,961.291861168468,829.9280118475494,1
2025-10-26T11:15:00,963.9682599660596,829.9280118475494,1
2025-10-26T11:30:00,969.5233043217659,829.9280118475494,1
2025-10-26T11:45:00,969.8994832963392,829.9280118475494,1
2025-10-26T12:00:00,970.2770105826494,829.9280118475494,1
2025-10-26T12:15:00,971.1170087946895,829.9280118475494,1
2025-10-26T12:30:00,970.507571889646,829.9280118475494,1
2025-10-26T12:45:00,973.6612730420725,829.9280118475494,1
2025-10-26T13:00:00,973.3902623829713,829.9280118475494,1
2025-10-26T13:15:00,974.6617203507943,829.9280118475494,1
2025-10-26T13:30:00,976.1003689739833,829.9280118475494,1
2025-10-26T13:45:00,975.0945284183142,829.9280118475494,1
2025-10-26T14:00:00,975.4801455750453,829.9280118475494,1
2025-10-26T14:15:00,974.3044177405366,829.9280118475494,1
2025-10-26T14:30:00,974.2356538419587,829.9280118475494,1
2025-10-26T14:45:00,972.4126816471503,972.4126816471503,0
2025-10-26T15:00:00,972.4126816471503,972.4126816471503,0
2025-10-26T15:15:00,972.4126816471503,972.4126816471503,0
2025-10-26T15:30:00,972.4126816471503,972.4126816471503,0
2025-10-26T15:45:00,972.4126816471503,972.4126816471503,0
2025-10-26T16:00:00,972.4126816471503,972.4126816471503,0
2025-10-26T16:15:00,972.4126816471503,972.4126816471503,0
2025-10-26T16:30:00,972.4126816471503,972.4126816471503,0
2025-10-26T16:45:00,972.4126816471503,972.4126816471503,0
2025-10-26T17:00:00,972.4126816471503,972.4126816471503,0
2025-10-26T17:15:00,972.4126816471503,972.4126816471503,0
2025-10-26T17:30:00,972.4126816471503,972.4126816471503,0
2025-10-26T17:45:00,972.4126816471503,972.4126816471503,0
2025-10-26T18:00:00,972.4126816471503,972.4126816471503,0
2025-10-26T18:15:00,972.4126816471503,972.4126816471503,0
2025-10-26T18:30:00,972.4126816471503,972.4126816471503,0
2025-10-26T18:45:00,972.4126816471503,972.4126816471503,0
2025-10-26T19:00:00,972.4126816471503,972.4126816471503,0
2025-10-26T19:15:00,972.4126816471503,972.4126816471503,0
2025-10-26T19:30:00,972.4126816471503,972.4126816471503,0
2025-10-26T19:45:00,972.4126816471503,972.4126816471503,0
2025-10-26T20:00:00,972.4126816471503,972.4126816471503,0
2025-10-26T20:15:00,972.4126816471503,972.4126816471503,0
2025-10-26T20:30:00,972.4126816471503,972.4126816471503,0
2025-10-26T20:45:00,972.4126816471503,972.4126816471503,0
2025-10-26T21:00:00,972.4126816471503,972.4126816471503,0
2025-10-26T21:15:00,972.4126816471503,972.4126816471503,0
2025-10-26T21:30:00,972.4126816471503,972.4126816471503,0
2025-10-26T21:45:00,972.4126816471503,972.4126816471503,0
2025-10-26T22:00:00,972.4126816471503,972.4126816471503,0
2025-10-26T22:15:00,972.4126816471503,972.4126816471503,0
2025-10-26T22:30:00,972.4126816471503,972.4126816471503,0
2025-10-26T22:45:00,972.4126816471503,972.4126816471503,0
2025-10-26T23:00:00,971.3792579587493,836.0570857758603,1
2025-10-26T23:15:00,971.5373745450233,836.0570857758603,1
2025-10-26T23:30:00,972.7173685731674,836.0570857758603,1
2025-10-26T23:45:00,971.0499572997325,836.0570857758603,1
2025-10-27T00:00:00,972.1580801522973,836.0570857758603,1
2025-10-27T00:15:00,972.8937796404978,836.0570857758603,1
2025-10-27T00:30:00,974.0411049524696,836.0570857758603,1
2025-10-27T00:45:00,972.6285096651786,836.0570857758603,1
2025-10-27T01:00:00,972.9852520457804,836.0570857758603,1
2025-10-27T01:15:00,974.5036939734695,836.0570857758603,1
2025-10-27T01:30:00,974.5834056409299,836.0570857758603,1
2025-10-27T01:45:00,975.4079640371192,836.0570857758603,1
2025-10-27T02:00:00,976.6232402787291,836.0570857758603,1
2025-10-27T02:15:00,975.9254365012886,836.0570857758603,1
2025-10-27T02:30:00,977.9822588714974,836.0570857758603,1
2025-10-27T02:45:00,977.1955961860681,836.0570857758603,1
2025-10-27T03:00:00,977.8163017933421,836.0570857758603,1
2025-10-27T03:15:00,977.2477897409859,977.2477897409859,0
2025-10-27T03:30:00,977.2477897409859,977.2477897409859,0
2025-10-27T03:45:00,977.2477897409859,977.2477897409859,0
2025-10-27T04:00:00,977.2477897409859,977.2477897409859,0
2025-10-27T04:15:00,977.2477897409859,977.2477897409859,0
2025-10-27T04:30:00,977.2477897409859,977.2477897409859,0
2025-10-27T04:45:00,977.2477897409859,977.2477897409859,0
2025-10-27T05:00:00,977.2477897409859,977.2477897409859,0
2025-10-27T05:15:00,977.2477897409859,977.2477897409859,0
2025-10-27T05:30:00,977.2477897409859,977.2477897409859,0
2025-10-27T05:45:00,977.2477897409859,977.2477897409859,0
2025-10-27T06:00:00,977.2477897409859,977.2477897409859,0
2025-10-27T06:15:00,977.2477897409859,977.2477897409859,0
2025-10-27T06:30:00,977.2477897409859,977.2477897409859,0
2025-10-27T06:45:00,976.2092275806847,840.2141956723459,1
2025-10-27T07:00:00,975.3319849454856,840.2141956723459,1
2025-10-27T07:15:00,975.3018033916688,840.2141956723459,1
2025-10-27T07:30:00,973.8726713723275,973.8726713723275,0
2025-10-27T07:45:00,973.8726713723275,973.8726713723275,0
2025-10-27T08:00:00,973.8726713723275,973.8726713723275,0
2025-10-27T08:15:00,973.8726713723275,973.8726713723275,0
2025-10-27T08:30:00,973.8726713723275,973.8726713723275,0
2025-10-27T08:45:00,973.8726713723275,973.8726713723275,0
2025-10-27T09:00:00,973.8726713723275,973.8726713723275,0
2025-10-27T09:15:00,973.8726713723275,973.8726713723275,0
2025-10-27T09:30:00,973.8726713723275,973.8726713723275,0
2025-10-27T09:45:00,973.8726713723275,973.8726713723275,0
2025-10-27T10:00:00,973.8726713723275,973.8726713723275,0
2025-10-27T10:15:00,973.8726713723275,973.8726713723275,0
2025-10-27T10:30:00,973.8726713723275,973.8726713723275,0
2025-10-27T10:45:00,973.8726713723275,973.8726713723275,0
2025-10-27T11:00:00,973.8726713723275,973.8726713723275,0
2025-10-27T11:15:00,973.8726713723275,973.8726713723275,0
2025-10-27T11:30:00,973.8726713723275,973.8726713723275,0
2025-10-27T11:45:00,973.8726713723275,973.8726713723275,0
2025-10-27T12:00:00,973.8726713723275,973.8726713723275,0
2025-10-27T12:15:00,973.8726713723275,973.8726713723275,0
2025-10-27T12:30:00,973.8726713723275,973.8726713723275,0
2025-10-27T12:45:00,973.8726713723275,973.8726713723275,0
2025-10-27T13:00:00,973.8726713723275,973.8726713723275,0
2025-10-27T13:15:00,973.8726713723275,973.8726713723275,0
2025-10-27T13:30:00,973.8726713723275,973.8726713723275,0
2025-10-27T13:45:00,973.8726713723275,973.8726713723275,0
2025-10-27T14:00:00,973.8726713723275,973.8726713723275,0
2025-10-27T14:15:00,973.8726713723275,973.8726713723275,0
2025-10-27T14:30:00,973.8726713723275,973.8726713723275,0
2025-10-27T14:45:00,973.8726713723275,973.8726713723275,0
2025-10-27T15:00:00,973.8726713723275,973.8726713723275,0
2025-10-27T15:15:00,973.8726713723275,973.8726713723275,0
2025-10-27T15:30:00,973.8726713723275,973.8726713723275,0
2025-10-27T15:45:00,973.8726713723275,973.8726713723275,0
2025-10-27T16:00:00,973.8726713723275,973.8726713723275,0
2025-10-27T16:15:00,973.8726713723275,973.8726713723275,0
2025-10-27T16:30:00,973.8726713723275,973.8726713723275,0
2025-10-27T16:45:00,973.8726713723275,973.8726713723275,0
2025-10-27T17:00:00,972.8376960916908,837.3123499018143,1
2025-10-27T17:15:00,970.9594458310904,837.3123499018143,1
2025-10-27T17:30:00,972.6569709807052,837.3123499018143,1
2025-10-27T17:45:00,973.2288368676095,837.3123499018143,1
2025-10-27T18:00:00,974.439695111213,837.3123499018143,1
2025-10-27T18:15:00,971.7391455956283,837.3123499018143,1
2025-10-27T18:30:00,972.8880409440368,837.3123499018143,1
2025-10-27T18:45:00,972.4129920808746,837.3123499018143,1
2025-10-27T19:00:00,972.571771999812,837.3123499018143,1
2025-10-27T19:15:00,972.2064490968911,837.3123499018143,1
2025-10-27T19:30:00,969.9642051606231,969.9642051606231,0
2025-10-27T19:45:00,969.9642051606231,969.9642051606231,0
2025-10-27T20:00:00,969.9642051606231,969.9642051606231,0
2025-10-27T20:15:00,969.9642051606231,969.9642051606231,0
2025-10-27T20:30:00,969.9642051606231,969.9642051606231,0
2025-10-27T20:45:00,969.9642051606231,969.9642051606231,0
2025-10-27T21:00:00,969.9642051606231,969.9642051606231,0
2025-10-27T21:15:00,969.9642051606231,969.9642051606231,0
2025-10-27T21:30:00,969.9642051606231,969.9642051606231,0
2025-10-27T21:45:00,969.9642051606231,969.9642051606231,0
2025-10-27T22:00:00,969.9642051606231,969.9642051606231,0
2025-10-27T22:15:00,969.9642051606231,969.9642051606231,0
2025-10-27T22:30:00,969.9642051606231,969.9642051606231,0
2025-10-27T22:45:00,969.9642051606231,969.9642051606231,0
2025-10-27T23:00:00,969.9642051606231,969.9642051606231,0
2025-10-27T23:15:00,969.9642051606231,969.9642051606231,0
2025-10-27T23:30:00,969.9642051606231,969.9642051606231,0
2025-10-27T23:45:00,969.9642051606231,969.9642051606231,0
2025-10-28T00:00:00,969.9642051606231,969.9642051606231,0
2025-10-28T00:15:00,969.9642051606231,969.9642051606231,0
2025-10-28T00:30:00,969.9642051606231,969.9642051606231,0
2025-10-28T00:45:00,969.9642051606231,969.9642051606231,0
2025-10-28T01:00:00,969.9642051606231,969.9642051606231,0
2025-10-28T01:15:00,969.9642051606231,969.9642051606231,0
2025-10-28T01:30:00,969.9642051606231,969.9642051606231,0
2025-10-28T01:45:00,969.9642051606231,969.9642051606231,0
2025-10-28T02:00:00,969.9642051606231,969.9642051606231,0
2025-10-28T02:15:00,969.9642051606231,969.9642051606231,0
2025-10-28T02:30:00,969.9642051606231,969.9642051606231,0
2025-10-28T02:45:00,969.9642051606231,969.9642051606231,0
2025-10-28T03:00:00,969.9642051606231,969.9642051606231,0
2025-10-28T03:15:00,969.9642051606231,969.9642051606231,0
2025-10-28T03:30:00,969.9642051606231,969.9642051606231,0
2025-10-28T03:45:00,969.9642051606231,969.9642051606231,0
2025-10-28T04:00:00,969.9642051606231,969.9642051606231,0
2025-10-28T04:15:00,969.9642051606231,969.9642051606231,0
2025-10-28T04:30:00,969.9642051606231,969.9642051606231,0
2025-10-28T04:45:00,969.9642051606231,969.9642051606231,0
2025-10-28T05:00:00,969.9642051606231,969.9642051606231,0
2025-10-28T05:15:00,969.9642051606231,969.9642051606231,0
2025-10-28T05:30:00,969.9642051606231,969.9642051606231,0
2025-10-28T05:45:00,969.9642051606231,969.9642051606231,0
2025-10-28T06:00:00,969.9642051606231,969.9642051606231,0
2025-10-28T06:15:00,969.9642051606231,969.9642051606231,0
2025-10-28T06:30:00,969.9642051606231,969.9642051606231,0
2025-10-28T06:45:00,969.9642051606231,969.9642051606231,0
2025-10-28T07:00:00,969.9642051606231,969.9642051606231,0
2025-10-28T07:15:00,969.9642051606231,969.9642051606231,0
2025-10-28T07:30:00,969.9642051606231,969.9642051606231,0
2025-10-28T07:45:00,969.9642051606231,969.9642051606231,0
2025-10-28T08:00:00,969.9642051606231,969.9642051606231,0
2025-10-28T08:15:00,969.9642051606231,969.9642051606231,0
2025-10-28T08:30:00,969.9642051606231,969.9642051606231,0
2025-10-28T08:45:00,969.9642051606231,969.9642051606231,0
2025-10-28T09:00:00,969.9642051606231,969.9642051606231,0
2025-10-28T09:15:00,969.9642051606231,969.9642051606231,0
2025-10-28T09:30:00,969.9642051606231,969.9642051606231,0
2025-10-28T09:45:00,969.9642051606231,969.9642051606231,0
2025-10-28T10:00:00,969.9642051606231,969.9642051606231,0
2025-10-28T10:15:00,969.9642051606231,969.9642051606231,0
2025-10-28T10:30:00,969.9642051606231,969.9642051606231,0
2025-10-28T10:45:00,969.9642051606231,969.9642051606231,0
2025-10-28T11:00:00,969.9642051606231,969.9642051606231,0
2025-10-28T11:15:00,969.9642051606231,969.9642051606231,0
2025-10-28T11:30:00,969.9642051606231,969.9642051606231,0
2025-10-28T11:45:00,969.9642051606231,969.9642051606231,0
2025-10-28T12:00:00,969.9642051606231,969.9642051606231,0
2025-10-28T12:15:00,969.9642051606231,969.9642051606231,0
2025-10-28T12:30:00,969.9642051606231,969.9642051606231,0
2025-10-28T12:45:00,969.9642051606231,969.9642051606231,0
2025-10-28T13:00:00,969.9642051606231,969.9642051606231,0
2025-10-28T13:15:00,969.9642051606231,969.9642051606231,0
2025-10-28T13:30:00,969.9642051606231,969.9642051606231,0
2025-10-28T13:45:00,969.9642051606231,969.9642051606231,0
2025-10-28T14:00:00,969.9642051606231,969.9642051606231,0
2025-10-28T14:15:00,969.9642051606231,969.9642051606231,0
2025-10-28T14:30:00,969.9642051606231,969.9642051606231,0
2025-10-28T14:45:00,969.9642051606231,969.9642051606231,0
2025-10-28T15:00:00,969.9642051606231,969.9642051606231,0
2025-10-28T15:15:00,969.9642051606231,969.9642051606231,0
2025-10-28T15:30:00,969.9642051606231,969.9642051606231,0
2025-10-28T15:45:00,969.9642051606231,969.9642051606231,0
2025-10-28T16:00:00,969.9642051606231,969.9642051606231,0
2025-10-28T16:15:00,969.9642051606231,969.9642051606231,0
2025-10-28T16:30:00,969.9642051606231,969.9642051606231,0
2025-10-28T16:45:00,969.9642051606231,969.9642051606231,0
2025-10-28T17:00:00,969.9642051606231,969.9642051606231,0
2025-10-28T17:15:00,969.9642051606231,969.9642051606231,0
2025-10-28T17:30:00,969.9642051606231,969.9642051606231,0
2025-10-28T17:45:00,969.9642051606231,969.9642051606231,0
2025-10-28T18:00:00,969.9642051606231,969.9642051606231,0
2025-10-28T18:15:00,969.9642051606231,969.9642051606231,0
2025-10-28T18:30:00,969.9642051606231,969.9642051606231,0
2025-10-28T18:45:00,969.9642051606231,969.9642051606231,0
2025-10-28T19:00:00,969.9642051606231,969.9642051606231,0
2025-10-28T19:15:00,969.9642051606231,969.9642051606231,0
2025-10-28T19:30:00,969.9642051606231,969.9642051606231,0
2025-10-28T19:45:00,969.9642051606231,969.9642051606231,0
2025-10-28T20:00:00,968.9309392554475,833.95194445618,1
2025-10-28T20:15:00,973.4262567715589,833.95194445618,1
2025-10-28T20:30:00,972.0275020923697,833.95194445618,1
2025-10-28T20:45:00,972.0098307504556,833.95194445618,1
2025-10-28T21:00:00,974.3234172071903,833.95194445618,1
2025-10-28T21:15:00,974.614314681774,833.95194445618,1
2025-10-28T21:30:00,971.315211079838,833.95194445618,1
2025-10-28T21:45:00,971.5666878686135,833.95194445618,1
2025-10-28T22:00:00,972.1647948257012,833.95194445618,1
2025-10-28T22:15:00,970.0252031201193,833.95194445618,1
2025-10-28T22:30:00,969.9694704263907,833.95194445618,1
2025-10-28T22:45:00,969.4058270933149,969.4058270933149,0
2025-10-28T23:00:00,969.4058270933149,969.4058270933149,0
2025-10-28T23:15:00,969.4058270933149,969.4058270933149,0
2025-10-28T23:30:00,969.4058270933149,969.4058270933149,0
2025-10-28T23:45:00,969.4058270933149,969.4058270933149,0
2025-10-29T00:00:00,969.4058270933149,969.4058270933149,0
2025-10-29T00:15:00,969.4058270933149,969.4058270933149,0
2025-10-29T00:30:00,969.4058270933149,969.4058270933149,0
2025-10-29T00:45:00,969.4058270933149,969.4058270933149,0
2025-10-29T01:00:00,969.4058270933149,969.4058270933149,0
2025-10-29T01:15:00,969.4058270933149,969.4058270933149,0
2025-10-29T01:30:00,969.4058270933149,969.4058270933149,0
2025-10-29T01:45:00,969.4058270933149,969.4058270933149,0
2025-10-29T02:00:00,969.4058270933149,969.4058270933149,0
2025-10-29T02:15:00,969.4058270933149,969.4058270933149,0
2025-10-29T02:30:00,969.4058270933149,969.4058270933149,0
2025-10-29T02:45:00,969.4058270933149,969.4058270933149,0
2025-10-29T03:00:00,969.4058270933149,969.4058270933149,0
2025-10-29T03:15:00,969.4058270933149,969.4058270933149,0
2025-10-29T03:30:00,969.4058270933149,969.4058270933149,0
2025-10-29T03:45:00,969.4058270933149,969.4058270933149,0
2025-10-29T04:00:00,969.4058270933149,969.4058270933149,0
2025-10-29T04:15:00,969.4058270933149,969.4058270933149,0
2025-10-29T04:30:00,969.4058270933149,969.4058270933149,0
2025-10-29T04:45:00,969.4058270933149,969.4058270933149,0
2025-10-29T05:00:00,969.4058270933149,969.4058270933149,0
2025-10-29T05:15:00,969.4058270933149,969.4058270933149,0
2025-10-29T05:30:00,969.4058270933149,969.4058270933149,0
2025-10-29T05:45:00,969.4058270933149,969.4058270933149,0
2025-10-29T06:00:00,969.4058270933149,969.4058270933149,0
2025-10-29T06:15:00,969.4058270933149,969.4058270933149,0
2025-10-29T06:30:00,969.4058270933149,969.4058270933149,0
2025-10-29T06:45:00,969.4058270933149,969.4058270933149,0
2025-10-29T07:00:00,969.4058270933149,969.4058270933149,0
2025-10-29T07:15:00,969.4058270933149,969.4058270933149,0
2025-10-29T07:30:00,969.4058270933149,969.4058270933149,0
2025-10-29T07:45:00,969.4058270933149,969.4058270933149,0
2025-10-29T08:00:00,969.4058270933149,969.4058270933149,0
2025-10-29T08:15:00,969.4058270933149,969.4058270933149,0
2025-10-29T08:30:00,969.4058270933149,969.4058270933149,0
2025-10-29T08:45:00,969.4058270933149,969.4058270933149,0
2025-10-29T09:00:00,968.3731560070161,833.4718643949819,1
2025-10-29T09:15:00,968.1063953156901,833.4718643949819,1
2025-10-29T09:30:00,967.5388483346546,833.4718643949819,1
2025-10-29T09:45:00,968.0043185205398,833.4718643949819,1
2025-10-29T10:00:00,968.4466512995243,833.4718643949819,1
2025-10-29T10:15:00,967.9457944913203,833.4718643949819,1
2025-10-29T10:30:00,967.7348357813431,833.4718643949819,1
2025-10-29T10:45:00,969.1339683868694,833.4718643949819,1
2025-10-29T11:00:00,967.342860887966,833.4718643949819,1
2025-10-29T11:15:00,965.9492846348909,965.9492846348909,0
2025-10-29T11:30:00,965.9492846348909,965.9492846348909,0
2025-10-29T11:45:00,965.9492846348909,965.9492846348909,0
2025-10-29T12:00:00,965.9492846348909,965.9492846348909,0
2025-10-29T12:15:00,965.9492846348909,965.9492846348909,0
2025-10-29T12:30:00,965.9492846348909,965.9492846348909,0
2025-10-29T12:45:00,965.9492846348909,965.9492846348909,0
2025-10-29T13:00:00,965.9492846348909,965.9492846348909,0
2025-10-29T13:15:00,965.9492846348909,965.9492846348909,0
2025-10-29T13:30:00,965.9492846348909,965.9492846348909,0
2025-10-29T13:45:00,965.9492846348909,965.9492846348909,0
2025-10-29T14:00:00,965.9492846348909,965.9492846348909,0
2025-10-29T14:15:00,965.9492846348909,965.9492846348909,0
2025-10-29T14:30:00,965.9492846348909,965.9492846348909,0
2025-10-29T14:45:00,965.9492846348909,965.9492846348909,0
2025-10-29T15:00:00,965.9492846348909,965.9492846348909,0
2025-10-29T15:15:00,965.9492846348909,965.9492846348909,0
2025-10-29T15:30:00,965.9492846348909,965.9492846348909,0
2025-10-29T15:45:00,965.9492846348909,965.9492846348909,0
2025-10-29T16:00:00,965.9492846348909,965.9492846348909,0
2025-10-29T16:15:00,965.9492846348909,965.9492846348909,0
2025-10-29T16:30:00,965.9492846348909,965.9492846348909,0
2025-10-29T16:45:00,965.9492846348909,965.9492846348909,0
2025-10-29T17:00:00,965.9492846348909,965.9492846348909,0
2025-10-29T17:15:00,965.9492846348909,965.9492846348909,0
2025-10-29T17:30:00,965.9492846348909,965.9492846348909,0
2025-10-29T17:45:00,965.9492846348909,965.9492846348909,0
2025-10-29T18:00:00,965.9492846348909,965.9492846348909,0
2025-10-29T18:15:00,965.9492846348909,965.9492846348909,0
2025-10-29T18:30:00,964.9202956715541,830.500012146248,1
2025-10-29T18:45:00,959.7382704800002,830.500012146248,1
2025-10-29T19:00:00,957.3002452739117,830.500012146248,1
2025-10-29T19:15:00,959.041571978483,830.500012146248,1
2025-10-29T19:30:00,961.8168654000067,830.500012146248,1
2025-10-29T19:45:00,960.5595010622349,830.500012146248,1
2025-10-29T20:00:00,960.8174991541534,830.500012146248,1
2025-10-29T20:15:00,956.7177197480099,956.7177197480099,0
2025-10-29T20:30:00,956.7177197480099,956.7177197480099,0
2025-10-29T20:45:00,956.7177197480099,956.7177197480099,0
2025-10-29T21:00:00,956.7177197480099,956.7177197480099,0
2025-10-29T21:15:00,956.7177197480099,956.7177197480099,0
2025-10-29T21:30:00,956.7177197480099,956.7177197480099,0
2025-10-29T21:45:00,956.7177197480099,956.7177197480099,0
2025-10-29T22:00:00,956.7177197480099,956.7177197480099,0
2025-10-29T22:15:00,956.7177197480099,956.7177197480099,0
2025-10-29T22:30:00,956.7177197480099,956.7177197480099,0
2025-10-29T22:45:00,956.7177197480099,956.7177197480099,0
2025-10-29T23:00:00,956.7177197480099,956.7177197480099,0
2025-10-29T23:15:00,956.7177197480099,956.7177197480099,0
2025-10-29T23:30:00,956.7177197480099,956.7177197480099,0
2025-10-29T23:45:00,956.7177197480099,956.7177197480099,0
2025-10-30T00:00:00,956.7177197480099,956.7177197480099,0
2025-10-30T00:15:00,956.7177197480099,956.7177197480099,0
2025-10-30T00:30:00,956.7177197480099,956.7177197480099,0
2025-10-30T00:45:00,956.7177197480099,956.7177197480099,0
2025-10-30T01:00:00,956.7177197480099,956.7177197480099,0
2025-10-30T01:15:00,956.7177197480099,956.7177197480099,0
2025-10-30T01:30:00,956.7177197480099,956.7177197480099,0
2025-10-30T01:45:00,956.7177197480099,956.7177197480099,0
2025-10-30T02:00:00,956.7177197480099,956.7177197480099,0
2025-10-30T02:15:00,956.7177197480099,956.7177197480099,0
2025-10-30T02:30:00,956.7177197480099,956.7177197480099,0
2025-10-30T02:45:00,956.7177197480099,956.7177197480099,0
2025-10-30T03:00:00,956.7177197480099,956.7177197480099,0
2025-10-30T03:15:00,956.7177197480099,956.7177197480099,0
2025-10-30T03:30:00,956.7177197480099,956.7177197480099,0
2025-10-30T03:45:00,956.7177197480099,956.7177197480099,0
2025-10-30T04:00:00,956.7177197480099,956.7177197480099,0
2025-10-30T04:15:00,956.7177197480099,956.7177197480099,0
2025-10-30T04:30:00,956.7177197480099,956.7177197480099,0
2025-10-30T04:45:00,956.7177197480099,956.7177197480099,0
2025-10-30T05:00:00,956.7177197480099,956.7177197480099,0
2025-10-30T05:15:00,956.7177197480099,956.7177197480099,0
2025-10-30T05:30:00,956.7177197480099,956.7177197480099,0
2025-10-30T05:45:00,956.7177197480099,956.7177197480099,0
2025-10-30T06:00:00,956.7177197480099,956.7177197480099,0
2025-10-30T06:15:00,956.7177197480099,956.7177197480099,0
2025-10-30T06:30:00,956.7177197480099,956.7177197480099,0
2025-10-30T06:45:00,956.7177197480099,956.7177197480099,0
2025-10-30T07:00:00,956.7177197480099,956.7177197480099,0
2025-10-30T07:15:00,956.7177197480099,956.7177197480099,0
2025-10-30T07:30:00,956.7177197480099,956.7177197480099,0
2025-10-30T07:45:00,956.7177197480099,956.7177197480099,0
2025-10-30T08:00:00,956.7177197480099,956.7177197480099,0
2025-10-30T08:15:00,956.7177197480099,956.7177197480099,0
2025-10-30T08:30:00,956.7177197480099,956.7177197480099,0
2025-10-30T08:45:00,956.7177197480099,956.7177197480099,0
2025-10-30T09:00:00,956.7177197480099,956.7177197480099,0
2025-10-30T09:15:00,956.7177197480099,956.7177197480099,0
2025-10-30T09:30:00,956.7177197480099,956.7177197480099,0
2025-10-30T09:45:00,956.7177197480099,956.7177197480099,0
2025-10-30T10:00:00,956.7177197480099,956.7177197480099,0
2025-10-30T10:15:00,956.7177197480099,956.7177197480099,0
2025-10-30T10:30:00,956.7177197480099,956.7177197480099,0
2025-10-30T10:45:00,956.7177197480099,956.7177197480099,0
2025-10-30T11:00:00,956.7177197480099,956.7177197480099,0
2025-10-30T11:15:00,956.7177197480099,956.7177197480099,0
2025-10-30T11:30:00,956.7177197480099,956.7177197480099,0
2025-10-30T11:45:00,956.7177197480099,956.7177197480099,0
2025-10-30T12:00:00,956.7177197480099,956.7177197480099,0
2025-10-30T12:15:00,955.6985648189584,822.562934214065,1
2025-10-30T12:30:00,961.5720929602321,822.562934214065,1
2025-10-30T12:45:00,960.6992078821144,822.562934214065,1
2025-10-30T13:00:00,959.1469481339466,822.562934214065,1
2025-10-30T13:15:00,960.4277364463362,822.562934214065,1
2025-10-30T13:30:00,965.6928901392249,822.562934214065,1
2025-10-30T13:45:00,967.8827597211694,822.562934214065,1
2025-10-30T14:00:00,963.9930613028904,822.562934214065,1
2025-10-30T14:15:00,966.0186558621588,822.562934214065,1
2025-10-30T14:30:00,963.6130012928008,822.562934214065,1
2025-10-30T14:45:00,963.0547446479441,822.562934214065,1
2025-10-30T15:00:00,964.7768480636245,822.562934214065,1
2025-10-30T15:15:00,965.4924189251118,822.562934214065,1
2025-10-30T15:30:00,967.2270517916743,822.562934214065,1
2025-10-30T15:45:00,966.9068547135769,822.562934214065,1
2025-10-30T16:00:00,964.1872071657261,964.1872071657261,0
2025-10-30T16:15:00,964.1872071657261,964.1872071657261,0
2025-10-30T16:30:00,964.1872071657261,964.1872071657261,0
2025-10-30T16:45:00,964.1872071657261,964.1872071657261,0
2025-10-30T17:00:00,964.1872071657261,964.1872071657261,0
2025-10-30T17:15:00,964.1872071657261,964.1872071657261,0
2025-10-30T17:30:00,964.1872071657261,964.1872071657261,0
2025-10-30T17:45:00,964.1872071657261,964.1872071657261,0
2025-10-30T18:00:00,964.1872071657261,964.1872071657261,0
2025-10-30T18:15:00,964.1872071657261,964.1872071657261,0
2025-10-30T18:30:00,964.1872071657261,964.1872071657261,0
2025-10-30T18:45:00,964.1872071657261,964.1872071657261,0
2025-10-30T19:00:00,964.1872071657261,964.1872071657261,0
2025-10-30T19:15:00,964.1872071657261,964.1872071657261,0
2025-10-30T19:30:00,964.1872071657261,964.1872071657261,0
2025-10-30T19:45:00,964.1872071657261,964.1872071657261,0
2025-10-30T20:00:00,964.1872071657261,964.1872071657261,0
2025-10-30T20:15:00,964.1872071657261,964.1872071657261,0
2025-10-30T20:30:00,964.1872071657261,964.1872071657261,0
2025-10-30T20:45:00,964.1872071657261,964.1872071657261,0
2025-10-30T21:00:00,964.1872071657261,964.1872071657261,0
2025-10-30T21:15:00,964.1872071657261,964.1872071657261,0
2025-10-30T21:30:00,964.1872071657261,964.1872071657261,0
2025-10-30T21:45:00,964.1872071657261,964.1872071657261,0
2025-10-30T22:00:00,964.1872071657261,964.1872071657261,0
2025-10-30T22:15:00,964.1872071657261,964.1872071657261,0
2025-10-30T22:30:00,964.1872071657261,964.1872071657261,0
2025-10-30T22:45:00,964.1872071657261,964.1872071657261,0
2025-10-30T23:00:00,964.1872071657261,964.1872071657261,0
2025-10-30T23:15:00,964.1872071657261,964.1872071657261,0
2025-10-30T23:30:00,964.1872071657261,964.1872071657261,0
2025-10-30T23:45:00,964.1872071657261,964.1872071657261,0
2025-10-31T00:00:00,964.1872071657261,964.1872071657261,0
2025-10-31T00:15:00,964.1872071657261,964.1872071657261,0
2025-10-31T00:30:00,964.1872071657261,964.1872071657261,0
2025-10-31T00:45:00,964.1872071657261,964.1872071657261,0
2025-10-31T01:00:00,964.1872071657261,964.1872071657261,0
2025-10-31T01:15:00,964.1872071657261,964.1872071657261,0
2025-10-31T01:30:00,964.1872071657261,964.1872071657261,0
2025-10-31T01:45:00,964.1872071657261,964.1872071657261,0
2025-10-31T02:00:00,964.1872071657261,964.1872071657261,0
2025-10-31T02:15:00,964.1872071657261,964.1872071657261,0
2025-10-31T02:30:00,964.1872071657261,964.1872071657261,0
2025-10-31T02:45:00,964.1872071657261,964.1872071657261,0
2025-10-31T03:00:00,964.1872071657261,964.1872071657261,0
2025-10-31T03:15:00,964.1872071657261,964.1872071657261,0
2025-10-31T03:30:00,964.1872071657261,964.1872071657261,0
2025-10-31T03:45:00,964.1872071657261,964.1872071657261,0
2025-10-31T04:00:00,964.1872071657261,964.1872071657261,0
2025-10-31T04:15:00,964.1872071657261,964.1872071657261,0
2025-10-31T04:30:00,964.1872071657261,964.1872071657261,0
2025-10-31T04:45:00,964.1872071657261,964.1872071657261,0
2025-10-31T05:00:00,964.1872071657261,964.1872071657261,0
2025-10-31T05:15:00,964.1872071657261,964.1872071657261,0
2025-10-31T05:30:00,964.1872071657261,964.1872071657261,0
2025-10-31T05:45:00,964.1872071657261,964.1872071657261,0
2025-10-31T06:00:00,964.1872071657261,964.1872071657261,0
2025-10-31T06:15:00,964.1872071657261,964.1872071657261,0
2025-10-31T06:30:00,964.1872071657261,964.1872071657261,0
2025-10-31T06:45:00,964.1872071657261,964.1872071657261,0
2025-10-31T07:00:00,964.1872071657261,964.1872071657261,0
2025-10-31T07:15:00,964.1872071657261,964.1872071657261,0
2025-10-31T07:30:00,964.1872071657261,964.1872071657261,0
2025-10-31T07:45:00,964.1872071657261,964.1872071657261,0
2025-10-31T08:00:00,964.1872071657261,964.1872071657261,0
2025-10-31T08:15:00,964.1872071657261,964.1872071657261,0
2025-10-31T08:30:00,964.1872071657261,964.1872071657261,0
2025-10-31T08:45:00,964.1872071657261,964.1872071657261,0
2025-10-31T09:00:00,964.1872071657261,964.1872071657261,0
2025-10-31T09:15:00,964.1872071657261,964.1872071657261,0
2025-10-31T09:30:00,964.1872071657261,964.1872071657261,0
2025-10-31T09:45:00,964.1872071657261,964.1872071657261,0
2025-10-31T10:00:00,964.1872071657261,964.1872071657261,0
2025-10-31T10:15:00,964.1872071657261,964.1872071657261,0
2025-10-31T10:30:00,964.1872071657261,964.1872071657261,0
2025-10-31T10:45:00,964.1872071657261,964.1872071657261,0
2025-10-31T11:00:00,964.1872071657261,964.1872071657261,0
2025-10-31T11:15:00,964.1872071657261,964.1872071657261,0
2025-10-31T11:30:00,964.1872071657261,964.1872071657261,0
2025-10-31T11:45:00,963.1625250335983,828.9850202281193,1
2025-10-31T12:00:00,961.9857728717669,828.9850202281193,1
2025-10-31T12:15:00,961.9636538373557,828.9850202281193,1
2025-10-31T12:30:00,959.5709906520918,959.5709906520918,0
2025-10-31T12:45:00,959.5709906520918,959.5709906520918,0
2025-10-31T13:00:00,959.5709906520918,959.5709906520918,0
2025-10-31T13:15:00,959.5709906520918,959.5709906520918,0
2025-10-31T13:30:00,959.5709906520918,959.5709906520918,0
2025-10-31T13:45:00,959.5709906520918,959.5709906520918,0
2025-10-31T14:00:00,959.5709906520918,959.5709906520918,0
2025-10-31T14:15:00,959.5709906520918,959.5709906520918,0
2025-10-31T14:30:00,959.5709906520918,959.5709906520918,0
2025-10-31T14:45:00,959.5709906520918,959.5709906520918,0
2025-10-31T15:00:00,959.5709906520918,959.5709906520918,0
2025-10-31T15:15:00,959.5709906520918,959.5709906520918,0
2025-10-31T15:30:00,959.5709906520918,959.5709906520918,0
2025-10-31T15:45:00,959.5709906520918,959.5709906520918,0
2025-10-31T16:00:00,959.5709906520918,959.5709906520918,0
2025-10-31T16:15:00,959.5709906520918,959.5709906520918,0
2025-10-31T16:30:00,959.5709906520918,959.5709906520918,0
2025-10-31T16:45:00,959.5709906520918,959.5709906520918,0
2025-10-31T17:00:00,959.5709906520918,959.5709906520918,0
2025-10-31T17:15:00,959.5709906520918,959.5709906520918,0
2025-10-31T17:30:00,959.5709906520918,959.5709906520918,0
2025-10-31T17:45:00,959.5709906520918,959.5709906520918,0
2025-10-31T18:00:00,959.5709906520918,959.5709906520918,0
2025-10-31T18:15:00,959.5709906520918,959.5709906520918,0
2025-10-31T18:30:00,959.5709906520918,959.5709906520918,0
2025-10-31T18:45:00,959.5709906520918,959.5709906520918,0
2025-10-31T19:00:00,959.5709906520918,959.5709906520918,0
2025-10-31T19:15:00,959.5709906520918,959.5709906520918,0
2025-10-31T19:30:00,959.5709906520918,959.5709906520918,0
2025-10-31T19:45:00,959.5709906520918,959.5709906520918,0
2025-10-31T20:00:00,959.5709906520918,959.5709906520918,0
2025-10-31T20:15:00,959.5709906520918,959.5709906520918,0
2025-10-31T20:30:00,959.5709906520918,959.5709906520918,0
2025-10-31T20:45:00,959.5709906520918,959.5709906520918,0
2025-10-31T21:00:00,959.5709906520918,959.5709906520918,0
2025-10-31T21:15:00,959.5709906520918,959.5709906520918,0
2025-10-31T21:30:00,959.5709906520918,959.5709906520918,0
2025-10-31T21:45:00,959.5709906520918,959.5709906520918,0
2025-10-31T22:00:00,959.5709906520918,959.5709906520918,0
2025-10-31T22:15:00,959.5709906520918,959.5709906520918,0
2025-10-31T22:30:00,959.5709906520918,959.5709906520918,0
2025-10-31T22:45:00,959.5709906520918,959.5709906520918,0
2025-10-31T23:00:00,959.5709906520918,959.5709906520918,0
2025-10-31T23:15:00,959.5709906520918,959.5709906520918,0
2025-10-31T23:30:00,959.5709906520918,959.5709906520918,0
2025-10-31T23:45:00,959.5709906520918,959.5709906520918,0
2025-11-01T00:00:00,959.5709906520918,959.5709906520918,0
2025-11-01T00:15:00,959.5709906520918,959.5709906520918,0
2025-11-01T00:30:00,959.5709906520918,959.5709906520918,0
2025-11-01T00:45:00,959.5709906520918,959.5709906520918,0
2025-11-01T01:00:00,959.5709906520918,959.5709906520918,0
2025-11-01T01:15:00,959.5709906520918,959.5709906520918,0
2025-11-01T01:30:00,959.5709906520918,959.5709906520918,0
2025-11-01T01:45:00,959.5709906520918,959.5709906520918,0
2025-11-01T02:00:00,959.5709906520918,959.5709906520918,0
2025-11-01T02:15:00,959.5709906520918,959.5709906520918,0
2025-11-01T02:30:00,959.5709906520918,959.5709906520918,0
2025-11-01T02:45:00,959.5709906520918,959.5709906520918,0
2025-11-01T03:00:00,959.5709906520918,959.5709906520918,0
2025-11-01T03:15:00,959.5709906520918,959.5709906520918,0
2025-11-01T03:30:00,959.5709906520918,959.5709906520918,0
2025-11-01T03:45:00,959.5709906520918,959.5709906520918,0
2025-11-01T04:00:00,959.5709906520918,959.5709906520918,0
2025-11-01T04:15:00,959.5709906520918,959.5709906520918,0
2025-11-01T04:30:00,959.5709906520918,959.5709906520918,0
2025-11-01T04:45:00,959.5709906520918,959.5709906520918,0
2025-11-01T05:00:00,959.5709906520918,959.5709906520918,0
2025-11-01T05:15:00,959.5709906520918,959.5709906520918,0
2025-11-01T05:30:00,959.5709906520918,959.5709906520918,0
2025-11-01T05:45:00,959.5709906520918,959.5709906520918,0
2025-11-01T06:00:00,959.5709906520918,959.5709906520918,0
2025-11-01T06:15:00,959.5709906520918,959.5709906520918,0
2025-11-01T06:30:00,959.5709906520918,959.5709906520918,0
2025-11-01T06:45:00,959.5709906520918,959.5709906520918,0
2025-11-01T07:00:00,959.5709906520918,959.5709906520918,0
2025-11-01T07:15:00,959.5709906520918,959.5709906520918,0
2025-11-01T07:30:00,959.5709906520918,959.5709906520918,0
2025-11-01T07:45:00,959.5709906520918,959.5709906520918,0
2025-11-01T08:00:00,959.5709906520918,959.5709906520918,0
2025-11-01T08:15:00,959.5709906520918,959.5709906520918,0
2025-11-01T08:30:00,959.5709906520918,959.5709906520918,0
2025-11-01T08:45:00,959.5709906520918,959.5709906520918,0
2025-11-01T09:00:00,958.5512143666133,825.0161080588929,1
2025-11-01T09:15:00,957.8656377577164,825.0161080588929,1
2025-11-01T09:30:00,957.1925010469647,825.0161080588929,1
2025-11-01T09:45:00,957.650012856531,825.0161080588929,1
2025-11-01T10:00:00,957.363895199189,825.0161080588929,1
2025-11-01T10:15:00,957.4385345880607,825.0161080588929,1
2025-11-01T10:30:00,958.2236303821202,825.0161080588929,1
2025-11-01T10:45:00,957.851815648666,825.0161080588929,1
2025-11-01T11:00:00,958.1033780333822,825.0161080588929,1
2025-11-01T11:15:00,956.8118366921574,956.8118366921574,0
2025-11-01T11:30:00,956.8118366921574,956.8118366921574,0
2025-11-01T11:45:00,956.8118366921574,956.8118366921574,0
2025-11-01T12:00:00,956.8118366921574,956.8118366921574,0
2025-11-01T12:15:00,956.8118366921574,956.8118366921574,0
2025-11-01T12:30:00,956.8118366921574,956.8118366921574,0
2025-11-01T12:45:00,956.8118366921574,956.8118366921574,0
2025-11-01T13:00:00,956.8118366921574,956.8118366921574,0
2025-11-01T13:15:00,956.8118366921574,956.8118366921574,0
2025-11-01T13:30:00,956.8118366921574,956.8118366921574,0
2025-11-01T13:45:00,956.8118366921574,956.8118366921574,0
2025-11-01T14:00:00,956.8118366921574,956.8118366921574,0
2025-11-01T14:15:00,956.8118366921574,956.8118366921574,0
2025-11-01T14:30:00,956.8118366921574,956.8118366921574,0
2025-11-01T14:45:00,956.8118366921574,956.8118366921574,0
2025-11-01T15:00:00,956.8118366921574,956.8118366921574,0
2025-11-01T15:15:00,956.8118366921574,956.8118366921574,0
2025-11-01T15:30:00,956.8118366921574,956.8118366921574,0
2025-11-01T15:45:00,956.8118366921574,956.8118366921574,0
2025-11-01T16:00:00,956.8118366921574,956.8118366921574,0
2025-11-01T16:15:00,956.8118366921574,956.8118366921574,0
2025-11-01T16:30:00,956.8118366921574,956.8118366921574,0
2025-11-01T16:45:00,956.8118366921574,956.8118366921574,0
2025-11-01T17:00:00,956.8118366921574,956.8118366921574,0
2025-11-01T17:15:00,956.8118366921574,956.8118366921574,0
2025-11-01T17:30:00,956.8118366921574,956.8118366921574,0
2025-11-01T17:45:00,956.8118366921574,956.8118366921574,0
2025-11-01T18:00:00,956.8118366921574,956.8118366921574,0
2025-11-01T18:15:00,956.8118366921574,956.8118366921574,0
2025-11-01T18:30:00,956.8118366921574,956.8118366921574,0
2025-11-01T18:45:00,956.8118366921574,956.8118366921574,0
2025-11-01T19:00:00,956.8118366921574,956.8118366921574,0
2025-11-01T19:15:00,956.8118366921574,956.8118366921574,0
2025-11-01T19:30:00,956.8118366921574,956.8118366921574,0
2025-11-01T19:45:00,956.8118366921574,956.8118366921574,0
2025-11-01T20:00:00,956.8118366921574,956.8118366921574,0
2025-11-01T20:15:00,956.8118366921574,956.8118366921574,0
2025-11-01T20:30:00,956.8118366921574,956.8118366921574,0
2025-11-01T20:45:00,956.8118366921574,956.8118366921574,0
2025-11-01T21:00:00,956.8118366921574,956.8118366921574,0
2025-11-01T21:15:00,956.8118366921574,956.8118366921574,0
2025-11-01T21:30:00,956.8118366921574,956.8118366921574,0
2025-11-01T21:45:00,956.8118366921574,956.8118366921574,0
2025-11-01T22:00:00,956.8118366921574,956.8118366921574,0
2025-11-01T22:15:00,956.8118366921574,956.8118366921574,0
2025-11-01T22:30:00,956.8118366921574,956.8118366921574,0
2025-11-01T22:45:00,956.8118366921574,956.8118366921574,0
2025-11-01T23:00:00,956.8118366921574,956.8118366921574,0
2025-11-01T23:15:00,956.8118366921574,956.8118366921574,0
2025-11-01T23:30:00,956.8118366921574,956.8118366921574,0
2025-11-01T23:45:00,956.8118366921574,956.8118366921574,0
2025-11-02T00:00:00,956.8118366921574,956.8118366921574,0
2025-11-02T00:15:00,956.8118366921574,956.8118366921574,0
2025-11-02T00:30:00,956.8118366921574,956.8118366921574,0
2025-11-02T00:45:00,956.8118366921574,956.8118366921574,0
2025-11-02T01:00:00,956.8118366921574,956.8118366921574,0
2025-11-02T01:15:00,956.8118366921574,956.8118366921574,0
2025-11-02T01:30:00,956.8118366921574,956.8118366921574,0
2025-11-02T01:45:00,956.8118366921574,956.8118366921574,0
2025-11-02T02:00:00,956.8118366921574,956.8118366921574,0
2025-11-02T02:15:00,956.8118366921574,956.8118366921574,0
2025-11-02T02:30:00,956.8118366921574,956.8118366921574,0
2025-11-02T02:45:00,956.8118366921574,956.8118366921574,0
2025-11-02T03:00:00,956.8118366921574,956.8118366921574,0
2025-11-02T03:15:00,956.8118366921574,956.8118366921574,0
2025-11-02T03:30:00,956.8118366921574,956.8118366921574,0
2025-11-02T03:45:00,956.8118366921574,956.8118366921574,0
2025-11-02T04:00:00,956.8118366921574,956.8118366921574,0
2025-11-02T04:15:00,956.8118366921574,956.8118366921574,0
2025-11-02T04:30:00,956.8118366921574,956.8118366921574,0
2025-11-02T04:45:00,956.8118366921574,956.8118366921574,0
2025-11-02T05:00:00,956.8118366921574,956.8118366921574,0
2025-11-02T05:15:00,956.8118366921574,956.8118366921574,0
2025-11-02T05:30:00,956.8118366921574,956.8118366921574,0
2025-11-02T05:45:00,956.8118366921574,956.8118366921574,0
2025-11-02T06:00:00,956.8118366921574,956.8118366921574,0
2025-11-02T06:15:00,956.8118366921574,956.8118366921574,0
2025-11-02T06:30:00,956.8118366921574,956.8118366921574,0
2025-11-02T06:45:00,956.8118366921574,956.8118366921574,0
2025-11-02T07:00:00,956.8118366921574,956.8118366921574,0
2025-11-02T07:15:00,956.8118366921574,956.8118366921574,0
2025-11-02T07:30:00,956.8118366921574,956.8118366921574,0
2025-11-02T07:45:00,956.8118366921574,956.8118366921574,0
2025-11-02T08:00:00,956.8118366921574,956.8118366921574,0
2025-11-02T08:15:00,956.8118366921574,956.8118366921574,0
2025-11-02T08:30:00,956.8118366921574,956.8118366921574,0
2025-11-02T08:45:00,956.8118366921574,956.8118366921574,0
2025-11-02T09:00:00,956.8118366921574,956.8118366921574,0
2025-11-02T09:15:00,956.8118366921574,956.8118366921574,0
2025-11-02T09:30:00,956.8118366921574,956.8118366921574,0
2025-11-02T09:45:00,956.8118366921574,956.8118366921574,0
2025-11-02T10:00:00,956.8118366921574,956.8118366921574,0
2025-11-02T10:15:00,956.8118366921574,956.8118366921574,0
2025-11-02T10:30:00,956.8118366921574,956.8118366921574,0
2025-11-02T10:45:00,956.8118366921574,956.8118366921574,0
2025-11-02T11:00:00,956.8118366921574,956.8118366921574,0
2025-11-02T11:15:00,956.8118366921574,956.8118366921574,0
2025-11-02T11:30:00,956.8118366921574,956.8118366921574,0
2025-11-02T11:45:00,956.8118366921574,956.8118366921574,0
2025-11-02T12:00:00,956.8118366921574,956.8118366921574,0
2025-11-02T12:15:00,956.8118366921574,956.8118366921574,0
2025-11-02T12:30:00,956.8118366921574,956.8118366921574,0
2025-11-02T12:45:00,956.8118366921574,956.8118366921574,0
2025-11-02T13:00:00,956.8118366921574,956.8118366921574,0
2025-11-02T13:15:00,956.8118366921574,956.8118366921574,0
2025-11-02T13:30:00,956.8118366921574,956.8118366921574,0
2025-11-02T13:45:00,956.8118366921574,956.8118366921574,0
2025-11-02T14:00:00,956.8118366921574,956.8118366921574,0
2025-11-02T14:15:00,956.8118366921574,956.8118366921574,0
2025-11-02T14:30:00,956.8118366921574,956.8118366921574,0
2025-11-02T14:45:00,956.8118366921574,956.8118366921574,0
2025-11-02T15:00:00,956.8118366921574,956.8118366921574,0
2025-11-02T15:15:00,956.8118366921574,956.8118366921574,0
2025-11-02T15:30:00,956.8118366921574,956.8118366921574,0
2025-11-02T15:45:00,956.8118366921574,956.8118366921574,0
2025-11-02T16:00:00,956.8118366921574,956.8118366921574,0
2025-11-02T16:15:00,956.8118366921574,956.8118366921574,0
2025-11-02T16:30:00,956.8118366921574,956.8118366921574,0
2025-11-02T16:45:00,956.8118366921574,956.8118366921574,0
2025-11-02T17:00:00,956.8118366921574,956.8118366921574,0
2025-11-02T17:15:00,956.8118366921574,956.8118366921574,0
2025-11-02T17:30:00,956.8118366921574,956.8118366921574,0
2025-11-02T17:45:00,956.8118366921574,956.8118366921574,0
2025-11-02T18:00:00,956.8118366921574,956.8118366921574,0
2025-11-02T18:15:00,956.8118366921574,956.8118366921574,0
2025-11-02T18:30:00,956.8118366921574,956.8118366921574,0
2025-11-02T18:45:00,956.8118366921574,956.8118366921574,0
2025-11-02T19:00:00,956.8118366921574,956.8118366921574,0
2025-11-02T19:15:00,956.8118366921574,956.8118366921574,0
2025-11-02T19:30:00,956.8118366921574,956.8118366921574,0
2025-11-02T19:45:00,956.8118366921574,956.8118366921574,0
2025-11-02T20:00:00,956.8118366921574,956.8118366921574,0
2025-11-02T20:15:00,956.8118366921574,956.8118366921574,0
2025-11-02T20:30:00,956.8118366921574,956.8118366921574,0
2025-11-02T20:45:00,956.8118366921574,956.8118366921574,0
2025-11-02T21:00:00,956.8118366921574,956.8118366921574,0
2025-11-02T21:15:00,956.8118366921574,956.8118366921574,0
2025-11-02T21:30:00,956.8118366921574,956.8118366921574,0
2025-11-02T21:45:00,956.8118366921574,956.8118366921574,0
2025-11-02T22:00:00,956.8118366921574,956.8118366921574,0
2025-11-02T22:15:00,956.8118366921574,956.8118366921574,0
2025-11-02T22:30:00,956.8118366921574,956.8118366921574,0
2025-11-02T22:45:00,956.8118366921574,956.8118366921574,0
2025-11-02T23:00:00,956.8118366921574,956.8118366921574,0
2025-11-02T23:15:00,956.8118366921574,956.8118366921574,0
2025-11-02T23:30:00,956.8118366921574,956.8118366921574,0
2025-11-02T23:45:00,956.8118366921574,956.8118366921574,0
2025-11-03T00:00:00,956.8118366921574,956.8118366921574,0
2025-11-03T00:15:00,956.8118366921574,956.8118366921574,0
2025-11-03T00:30:00,956.8118366921574,956.8118366921574,0
2025-11-03T00:45:00,956.8118366921574,956.8118366921574,0
2025-11-03T01:00:00,956.8118366921574,956.8118366921574,0
2025-11-03T01:15:00,956.8118366921574,956.8118366921574,0
2025-11-03T01:30:00,956.8118366921574,956.8118366921574,0
2025-11-03T01:45:00,956.8118366921574,956.8118366921574,0
2025-11-03T02:00:00,956.8118366921574,956.8118366921574,0
2025-11-03T02:15:00,956.8118366921574,956.8118366921574,0
2025-11-03T02:30:00,956.8118366921574,956.8118366921574,0
2025-11-03T02:45:00,956.8118366921574,956.8118366921574,0
2025-11-03T03:00:00,956.8118366921574,956.8118366921574,0
2025-11-03T03:15:00,956.8118366921574,956.8118366921574,0
2025-11-03T03:30:00,956.8118366921574,956.8118366921574,0
2025-11-03T03:45:00,956.8118366921574,956.8118366921574,0
2025-11-03T04:00:00,956.8118366921574,956.8118366921574,0
2025-11-03T04:15:00,956.8118366921574,956.8118366921574,0
2025-11-03T04:30:00,956.8118366921574,956.8118366921574,0
2025-11-03T04:45:00,956.8118366921574,956.8118366921574,0
2025-11-03T05:00:00,956.8118366921574,956.8118366921574,0
2025-11-03T05:15:00,956.8118366921574,956.8118366921574,0
2025-11-03T05:30:00,956.8118366921574,956.8118366921574,0
2025-11-03T05:45:00,956.8118366921574,956.8118366921574,0
2025-11-03T06:00:00,956.8118366921574,956.8118366921574,0
2025-11-03T06:15:00,956.8118366921574,956.8118366921574,0
2025-11-03T06:30:00,956.8118366921574,956.8118366921574,0
2025-11-03T06:45:00,956.8118366921574,956.8118366921574,0
2025-11-03T07:00:00,956.8118366921574,956.8118366921574,0
2025-11-03T07:15:00,956.8118366921574,956.8118366921574,0
2025-11-03T07:30:00,956.8118366921574,956.8118366921574,0
2025-11-03T07:45:00,956.8118366921574,956.8118366921574,0
2025-11-03T08:00:00,956.8118366921574,956.8118366921574,0
2025-11-03T08:15:00,956.8118366921574,956.8118366921574,0
2025-11-03T08:30:00,956.8118366921574,956.8118366921574,0
2025-11-03T08:45:00,956.8118366921574,956.8118366921574,0
2025-11-03T09:00:00,956.8118366921574,956.8118366921574,0
2025-11-03T09:15:00,956.8118366921574,956.8118366921574,0
2025-11-03T09:30:00,956.8118366921574,956.8118366921574,0
2025-11-03T09:45:00,956.8118366921574,956.8118366921574,0
2025-11-03T10:00:00,956.8118366921574,956.8118366921574,0
2025-11-03T10:15:00,956.8118366921574,956.8118366921574,0
2025-11-03T10:30:00,956.8118366921574,956.8118366921574,0
2025-11-03T10:45:00,956.8118366921574,956.8118366921574,0
2025-11-03T11:00:00,955.7925815039117,822.6438537038363,1
2025-11-03T11:15:00,954.326328518674,822.6438537038363,1
2025-11-03T11:30:00,953.6890165775658,822.6438537038363,1
2025-11-03T11:45:00,953.5743294628788,822.6438537038363,1
2025-11-03T12:00:00,951.9629029147462,822.6438537038363,1
2025-11-03T12:15:00,951.0647515126674,951.0647515126674,0
2025-11-03T12:30:00,951.0647515126674,951.0647515126674,0
2025-11-03T12:45:00,951.0647515126674,951.0647515126674,0
2025-11-03T13:00:00,951.0647515126674,951.0647515126674,0
2025-11-03T13:15:00,951.0647515126674,951.0647515126674,0
2025-11-03T13:30:00,951.0647515126674,951.0647515126674,0
2025-11-03T13:45:00,951.0647515126674,951.0647515126674,0
2025-11-03T14:00:00,951.0647515126674,951.0647515126674,0
2025-11-03T14:15:00,951.0647515126674,951.0647515126674,0
2025-11-03T14:30:00,951.0647515126674,951.0647515126674,0
2025-11-03T14:45:00,951.0647515126674,951.0647515126674,0
2025-11-03T15:00:00,951.0647515126674,951.0647515126674,0
2025-11-03T15:15:00,951.0647515126674,951.0647515126674,0
2025-11-03T15:30:00,951.0647515126674,951.0647515126674,0
2025-11-03T15:45:00,951.0647515126674,951.0647515126674,0
2025-11-03T16:00:00,951.0647515126674,951.0647515126674,0
2025-11-03T16:15:00,951.0647515126674,951.0647515126674,0
2025-11-03T16:30:00,951.0647515126674,951.0647515126674,0
2025-11-03T16:45:00,951.0647515126674,951.0647515126674,0
2025-11-03T17:00:00,951.0647515126674,951.0647515126674,0
2025-11-03T17:15:00,951.0647515126674,951.0647515126674,0
2025-11-03T17:30:00,951.0647515126674,951.0647515126674,0
2025-11-03T17:45:00,951.0647515126674,951.0647515126674,0
2025-11-03T18:00:00,951.0647515126674,951.0647515126674,0
2025-11-03T18:15:00,951.0647515126674,951.0647515126674,0
2025-11-03T18:30:00,951.0647515126674,951.0647515126674,0
2025-11-03T18:45:00,951.0647515126674,951.0647515126674,0
2025-11-03T19:00:00,951.0647515126674,951.0647515126674,0
2025-11-03T19:15:00,951.0647515126674,951.0647515126674,0
2025-11-03T19:30:00,951.0647515126674,951.0647515126674,0
2025-11-03T19:45:00,951.0647515126674,951.0647515126674,0
2025-11-03T20:00:00,951.0647515126674,951.0647515126674,0
2025-11-03T20:15:00,951.0647515126674,951.0647515126674,0
2025-11-03T20:30:00,951.0647515126674,951.0647515126674,0
2025-11-03T20:45:00,951.0647515126674,951.0647515126674,0
2025-11-03T21:00:00,951.0647515126674,951.0647515126674,0
2025-11-03T21:15:00,951.0647515126674,951.0647515126674,0
2025-11-03T21:30:00,951.0647515126674,951.0647515126674,0
2025-11-03T21:45:00,951.0647515126674,951.0647515126674,0
2025-11-03T22:00:00,951.0647515126674,951.0647515126674,0
2025-11-03T22:15:00,951.0647515126674,951.0647515126674,0
2025-11-03T22:30:00,951.0647515126674,951.0647515126674,0
2025-11-03T22:45:00,951.0647515126674,951.0647515126674,0
2025-11-03T23:00:00,951.0647515126674,951.0647515126674,0
2025-11-03T23:15:00,951.0647515126674,951.0647515126674,0
2025-11-03T23:30:00,951.0647515126674,951.0647515126674,0
2025-11-03T23:45:00,951.0647515126674,951.0647515126674,0
2025-11-04T00:00:00,951.0647515126674,951.0647515126674,0
2025-11-04T00:15:00,950.0516184752582,817.7026477965551,1
2025-11-04T00:30:00,945.1828755108036,945.1828755108036,0
2025-11-04T00:45:00,945.1828755108036,945.1828755108036,0
2025-11-04T01:00:00,945.1828755108036,945.1828755108036,0
2025-11-04T01:15:00,945.1828755108036,945.1828755108036,0
2025-11-04T01:30:00,945.1828755108036,945.1828755108036,0
2025-11-04T01:45:00,945.1828755108036,945.1828755108036,0
2025-11-04T02:00:00,945.1828755108036,945.1828755108036,0
2025-11-04T02:15:00,945.1828755108036,945.1828755108036,0
2025-11-04T02:30:00,945.1828755108036,945.1828755108036,0
2025-11-04T02:45:00,945.1828755108036,945.1828755108036,0
2025-11-04T03:00:00,945.1828755108036,945.1828755108036,0
2025-11-04T03:15:00,945.1828755108036,945.1828755108036,0
2025-11-04T03:30:00,945.1828755108036,945.1828755108036,0
2025-11-04T03:45:00,945.1828755108036,945.1828755108036,0
2025-11-04T04:00:00,945.1828755108036,945.1828755108036,0
2025-11-04T04:15:00,945.1828755108036,945.1828755108036,0
2025-11-04T04:30:00,945.1828755108036,945.1828755108036,0
2025-11-04T04:45:00,945.1828755108036,945.1828755108036,0
2025-11-04T05:00:00,945.1828755108036,945.1828755108036,0
2025-11-04T05:15:00,945.1828755108036,945.1828755108036,0
2025-11-04T05:30:00,945.1828755108036,945.1828755108036,0
2025-11-04T05:45:00,945.1828755108036,945.1828755108036,0
2025-11-04T06:00:00,944.1760082117578,812.6455519751767,1
2025-11-04T06:15:00,941.9586633773089,812.6455519751767,1
2025-11-04T06:30:00,946.5620640662191,812.6455519751767,1
2025-11-04T06:45:00,945.1822489382605,812.6455519751767,1
2025-11-04T07:00:00,948.0036394782895,812.6455519751767,1
2025-11-04T07:15:00,949.4663037678615,812.6455519751767,1
2025-11-04T07:30:00,949.9513479503971,812.6455519751767,1
2025-11-04T07:45:00,947.8710808197084,812.6455519751767,1
2025-11-04T08:00:00,951.5525962921222,812.6455519751767,1
2025-11-04T08:15:00,948.3998091056401,812.6455519751767,1
2025-11-04T08:30:00,946.0604500513608,812.6455519751767,1
2025-11-04T08:45:00,947.6797745738014,812.6455519751767,1
2025-11-04T09:00:00,949.110805547121,812.6455519751767,1
2025-11-04T09:15:00,947.9973290013551,947.9973290013551,0
2025-11-04T09:30:00,947.9973290013551,947.9973290013551,0
2025-11-04T09:45:00,947.9973290013551,947.9973290013551,0
2025-11-04T10:00:00,947.9973290013551,947.9973290013551,0
2025-11-04T10:15:00,947.9973290013551,947.9973290013551,0
2025-11-04T10:30:00,947.9973290013551,947.9973290013551,0
2025-11-04T10:45:00,947.9973290013551,947.9973290013551,0
2025-11-04T11:00:00,947.9973290013551,947.9973290013551,0
2025-11-04T11:15:00,947.9973290013551,947.9973290013551,0
2025-11-04T11:30:00,947.9973290013551,947.9973290013551,0
2025-11-04T11:45:00,947.9973290013551,947.9973290013551,0
2025-11-04T12:00:00,947.9973290013551,947.9973290013551,0
2025-11-04T12:15:00,947.9973290013551,947.9973290013551,0
2025-11-04T12:30:00,947.9973290013551,947.9973290013551,0
2025-11-04T12:45:00,947.9973290013551,947.9973290013551,0
2025-11-04T13:00:00,947.9973290013551,947.9973290013551,0
2025-11-04T13:15:00,947.9973290013551,947.9973290013551,0
2025-11-04T13:30:00,947.9973290013551,947.9973290013551,0
2025-11-04T13:45:00,947.9973290013551,947.9973290013551,0
2025-11-04T14:00:00,947.9973290013551,947.9973290013551,0
2025-11-04T14:15:00,947.9973290013551,947.9973290013551,0
2025-11-04T14:30:00,947.9973290013551,947.9973290013551,0
2025-11-04T14:45:00,947.9973290013551,947.9973290013551,0
2025-11-04T15:00:00,947.9973290013551,947.9973290013551,0
2025-11-04T15:15:00,947.9973290013551,947.9973290013551,0
2025-11-04T15:30:00,947.9973290013551,947.9973290013551,0
2025-11-04T15:45:00,947.9973290013551,947.9973290013551,0
2025-11-04T16:00:00,947.9973290013551,947.9973290013551,0
2025-11-04T16:15:00,947.9973290013551,947.9973290013551,0
2025-11-04T16:30:00,947.9973290013551,947.9973290013551,0
2025-11-04T16:45:00,947.9973290013551,947.9973290013551,0
2025-11-04T17:00:00,946.9874635722565,815.065351539469,1
2025-11-04T17:15:00,946.9262107557032,815.065351539469,1
2025-11-04T17:30:00,946.2351533381782,815.065351539469,1
2025-11-04T17:45:00,948.8533185995741,815.065351539469,1
2025-11-04T18:00:00,952.164111863535,815.065351539469,1
2025-11-04T18:15:00,957.1679958004321,815.065351539469,1
2025-11-04T18:30:00,957.7192711494123,815.065351539469,1
2025-11-04T18:45:00,959.8521256335009,815.065351539469,1
2025-11-04T19:00:00,959.4877499042605,815.065351539469,1
2025-11-04T19:15:00,961.4965281702025,815.065351539469,1
2025-11-04T19:30:00,964.6062865490651,815.065351539469,1
2025-11-04T19:45:00,971.2168789817081,815.065351539469,1
2025-11-04T20:00:00,971.5341371597535,815.065351539469,1
2025-11-04T20:15:00,978.490258301159,815.065351539469,1
2025-11-04T20:30:00,973.5272095752973,815.065351539469,1
2025-11-04T20:45:00,973.9528381210912,815.065351539469,1
2025-11-04T21:00:00,978.38817027357,815.065351539469,1
2025-11-04T21:15:00,981.6314283808182,815.065351539469,1
2025-11-04T21:30:00,990.6057512984046,815.065351539469,1
2025-11-04T21:45:00,973.7408091407142,815.065351539469,1
2025-11-04T22:00:00,964.8749324699229,964.8749324699229,0
2025-11-04T22:15:00,964.8749324699229,964.8749324699229,0
2025-11-04T22:30:00,964.8749324699229,964.8749324699229,0
2025-11-04T22:45:00,964.8749324699229,964.8749324699229,0
2025-11-04T23:00:00,964.8749324699229,964.8749324699229,0
2025-11-04T23:15:00,964.8749324699229,964.8749324699229,0
2025-11-04T23:30:00,964.8749324699229,964.8749324699229,0
2025-11-04T23:45:00,964.8749324699229,964.8749324699229,0
2025-11-05T00:00:00,964.8749324699229,964.8749324699229,0
2025-11-05T00:15:00,964.8749324699229,964.8749324699229,0
2025-11-05T00:30:00,964.8749324699229,964.8749324699229,0
2025-11-05T00:45:00,964.8749324699229,964.8749324699229,0
2025-11-05T01:00:00,964.8749324699229,964.8749324699229,0
2025-11-05T01:15:00,964.8749324699229,964.8749324699229,0
2025-11-05T01:30:00,964.8749324699229,964.8749324699229,0
2025-11-05T01:45:00,964.8749324699229,964.8749324699229,0
2025-11-05T02:00:00,964.8749324699229,964.8749324699229,0
2025-11-05T02:15:00,964.8749324699229,964.8749324699229,0
2025-11-05T02:30:00,964.8749324699229,964.8749324699229,0
2025-11-05T02:45:00,964.8749324699229,964.8749324699229,0
2025-11-05T03:00:00,964.8749324699229,964.8749324699229,0
2025-11-05T03:15:00,964.8749324699229,964.8749324699229,0
2025-11-05T03:30:00,964.8749324699229,964.8749324699229,0
2025-11-05T03:45:00,964.8749324699229,964.8749324699229,0
2025-11-05T04:00:00,964.8749324699229,964.8749324699229,0
2025-11-05T04:15:00,964.8749324699229,964.8749324699229,0
2025-11-05T04:30:00,964.8749324699229,964.8749324699229,0
2025-11-05T04:45:00,964.8749324699229,964.8749324699229,0
2025-11-05T05:00:00,964.8749324699229,964.8749324699229,0
2025-11-05T05:15:00,964.8749324699229,964.8749324699229,0
2025-11-05T05:30:00,964.8749324699229,964.8749324699229,0
2025-11-05T05:45:00,964.8749324699229,964.8749324699229,0
2025-11-05T06:00:00,964.8749324699229,964.8749324699229,0
2025-11-05T06:15:00,964.8749324699229,964.8749324699229,0
2025-11-05T06:30:00,964.8749324699229,964.8749324699229,0
2025-11-05T06:45:00,964.8749324699229,964.8749324699229,0
2025-11-05T07:00:00,964.8749324699229,964.8749324699229,0
2025-11-05T07:15:00,964.8749324699229,964.8749324699229,0
2025-11-05T07:30:00,964.8749324699229,964.8749324699229,0
2025-11-05T07:45:00,964.8749324699229,964.8749324699229,0
2025-11-05T08:00:00,964.8749324699229,964.8749324699229,0
2025-11-05T08:15:00,964.8749324699229,964.8749324699229,0
2025-11-05T08:30:00,964.8749324699229,964.8749324699229,0
2025-11-05T08:45:00,964.8749324699229,964.8749324699229,0
2025-11-05T09:00:00,964.8749324699229,964.8749324699229,0
2025-11-05T09:15:00,964.8749324699229,964.8749324699229,0
2025-11-05T09:30:00,964.8749324699229,964.8749324699229,0
2025-11-05T09:45:00,964.8749324699229,964.8749324699229,0
2025-11-05T10:00:00,964.8749324699229,964.8749324699229,0
2025-11-05T10:15:00,964.8749324699229,964.8749324699229,0
2025-11-05T10:30:00,964.8749324699229,964.8749324699229,0
2025-11-05T10:45:00,964.8749324699229,964.8749324699229,0
2025-11-05T11:00:00,963.8470879730069,829.5763099392605,1
2025-11-05T11:15:00,962.958465246076,829.5763099392605,1
2025-11-05T11:30:00,961.3769153288529,961.3769153288529,0
2025-11-05T11:45:00,961.3769153288529,961.3769153288529,0
2025-11-05T12:00:00,961.3769153288529,961.3769153288529,0
2025-11-05T12:15:00,961.3769153288529,961.3769153288529,0
2025-11-05T12:30:00,961.3769153288529,961.3769153288529,0
2025-11-05T12:45:00,961.3769153288529,961.3769153288529,0
2025-11-05T13:00:00,961.3769153288529,961.3769153288529,0
2025-11-05T13:15:00,961.3769153288529,961.3769153288529,0
2025-11-05T13:30:00,961.3769153288529,961.3769153288529,0
2025-11-05T13:45:00,961.3769153288529,961.3769153288529,0
2025-11-05T14:00:00,961.3769153288529,961.3769153288529,0
2025-11-05T14:15:00,961.3769153288529,961.3769153288529,0
2025-11-05T14:30:00,961.3769153288529,961.3769153288529,0
2025-11-05T14:45:00,961.3769153288529,961.3769153288529,0
2025-11-05T15:00:00,961.3769153288529,961.3769153288529,0
2025-11-05T15:15:00,961.3769153288529,961.3769153288529,0
2025-11-05T15:30:00,961.3769153288529,961.3769153288529,0
2025-11-05T15:45:00,961.3769153288529,961.3769153288529,0
2025-11-05T16:00:00,961.3769153288529,961.3769153288529,0
2025-11-05T16:15:00,961.3769153288529,961.3769153288529,0
2025-11-05T16:30:00,961.3769153288529,961.3769153288529,0
2025-11-05T16:45:00,961.3769153288529,961.3769153288529,0
2025-11-05T17:00:00,961.3769153288529,961.3769153288529,0
2025-11-05T17:15:00,961.3769153288529,961.3769153288529,0
2025-11-05T17:30:00,961.3769153288529,961.3769153288529,0
2025-11-05T17:45:00,961.3769153288529,961.3769153288529,0
2025-11-05T18:00:00,961.3769153288529,961.3769153288529,0
2025-11-05T18:15:00,961.3769153288529,961.3769153288529,0
2025-11-05T18:30:00,961.3769153288529,961.3769153288529,0
2025-11-05T18:45:00,961.3769153288529,961.3769153288529,0
2025-11-05T19:00:00,961.3769153288529,961.3769153288529,0
2025-11-05T19:15:00,961.3769153288529,961.3769153288529,0
2025-11-05T19:30:00,961.3769153288529,961.3769153288529,0
2025-11-05T19:45:00,961.3769153288529,961.3769153288529,0
2025-11-05T20:00:00,961.3769153288529,961.3769153288529,0
2025-11-05T20:15:00,961.3769153288529,961.3769153288529,0
2025-11-05T20:30:00,961.3769153288529,961.3769153288529,0
2025-11-05T20:45:00,961.3769153288529,961.3769153288529,0
2025-11-05T21:00:00,961.3769153288529,961.3769153288529,0
2025-11-05T21:15:00,961.3769153288529,961.3769153288529,0
2025-11-05T21:30:00,961.3769153288529,961.3769153288529,0
2025-11-05T21:45:00,961.3769153288529,961.3769153288529,0
2025-11-05T22:00:00,961.3769153288529,961.3769153288529,0
2025-11-05T22:15:00,961.3769153288529,961.3769153288529,0
2025-11-05T22:30:00,961.3769153288529,961.3769153288529,0
2025-11-05T22:45:00,961.3769153288529,961.3769153288529,0
2025-11-05T23:00:00,961.3769153288529,961.3769153288529,0
2025-11-05T23:15:00,961.3769153288529,961.3769153288529,0
2025-11-05T23:30:00,961.3769153288529,961.3769153288529,0
2025-11-05T23:45:00,961.3769153288529,961.3769153288529,0
2025-11-06T00:00:00,961.3769153288529,961.3769153288529,0
2025-11-06T00:15:00,961.3769153288529,961.3769153288529,0
2025-11-06T00:30:00,961.3769153288529,961.3769153288529,0
2025-11-06T00:45:00,961.3769153288529,961.3769153288529,0
2025-11-06T01:00:00,961.3769153288529,961.3769153288529,0
2025-11-06T01:15:00,961.3769153288529,961.3769153288529,0
2025-11-06T01:30:00,961.3769153288529,961.3769153288529,0
2025-11-06T01:45:00,961.3769153288529,961.3769153288529,0
2025-11-06T02:00:00,961.3769153288529,961.3769153288529,0
2025-11-06T02:15:00,961.3769153288529,961.3769153288529,0
2025-11-06T02:30:00,961.3769153288529,961.3769153288529,0
2025-11-06T02:45:00,961.3769153288529,961.3769153288529,0
2025-11-06T03:00:00,961.3769153288529,961.3769153288529,0
2025-11-06T03:15:00,961.3769153288529,961.3769153288529,0
2025-11-06T03:30:00,961.3769153288529,961.3769153288529,0
2025-11-06T03:45:00,961.3769153288529,961.3769153288529,0
2025-11-06T04:00:00,961.3769153288529,961.3769153288529,0
2025-11-06T04:15:00,961.3769153288529,961.3769153288529,0
2025-11-06T04:30:00,961.3769153288529,961.3769153288529,0
2025-11-06T04:45:00,961.3769153288529,961.3769153288529,0
2025-11-06T05:00:00,961.3769153288529,961.3769153288529,0
2025-11-06T05:15:00,961.3769153288529,961.3769153288529,0
2025-11-06T05:30:00,961.3769153288529,961.3769153288529,0
2025-11-06T05:45:00,961.3769153288529,961.3769153288529,0
2025-11-06T06:00:00,961.3769153288529,961.3769153288529,0
2025-11-06T06:15:00,961.3769153288529,961.3769153288529,0
2025-11-06T06:30:00,961.3769153288529,961.3769153288529,0
2025-11-06T06:45:00,961.3769153288529,961.3769153288529,0
2025-11-06T07:00:00,961.3769153288529,961.3769153288529,0
2025-11-06T07:15:00,961.3769153288529,961.3769153288529,0
2025-11-06T07:30:00,961.3769153288529,961.3769153288529,0
2025-11-06T07:45:00,961.3769153288529,961.3769153288529,0
2025-11-06T08:00:00,961.3769153288529,961.3769153288529,0
2025-11-06T08:15:00,961.3769153288529,961.3769153288529,0
2025-11-06T08:30:00,961.3769153288529,961.3769153288529,0
2025-11-06T08:45:00,961.3769153288529,961.3769153288529,0
2025-11-06T09:00:00,961.3769153288529,961.3769153288529,0
2025-11-06T09:15:00,961.3769153288529,961.3769153288529,0
2025-11-06T09:30:00,961.3769153288529,961.3769153288529,0
2025-11-06T09:45:00,961.3769153288529,961.3769153288529,0
2025-11-06T10:00:00,961.3769153288529,961.3769153288529,0
2025-11-06T10:15:00,961.3769153288529,961.3769153288529,0
2025-11-06T10:30:00,961.3769153288529,961.3769153288529,0
2025-11-06T10:45:00,961.3769153288529,961.3769153288529,0
2025-11-06T11:00:00,961.3769153288529,961.3769153288529,0
2025-11-06T11:15:00,961.3769153288529,961.3769153288529,0
2025-11-06T11:30:00,961.3769153288529,961.3769153288529,0
2025-11-06T11:45:00,961.3769153288529,961.3769153288529,0
2025-11-06T12:00:00,961.3769153288529,961.3769153288529,0
2025-11-06T12:15:00,961.3769153288529,961.3769153288529,0
2025-11-06T12:30:00,961.3769153288529,961.3769153288529,0
2025-11-06T12:45:00,961.3769153288529,961.3769153288529,0
2025-11-06T13:00:00,961.3769153288529,961.3769153288529,0
2025-11-06T13:15:00,961.3769153288529,961.3769153288529,0
2025-11-06T13:30:00,961.3769153288529,961.3769153288529,0
2025-11-06T13:45:00,961.3769153288529,961.3769153288529,0
2025-11-06T14:00:00,961.3769153288529,961.3769153288529,0
2025-11-06T14:15:00,961.3769153288529,961.3769153288529,0
2025-11-06T14:30:00,961.3769153288529,961.3769153288529,0
2025-11-06T14:45:00,961.3769153288529,961.3769153288529,0
2025-11-06T15:00:00,961.3769153288529,961.3769153288529,0
2025-11-06T15:15:00,961.3769153288529,961.3769153288529,0
2025-11-06T15:30:00,961.3769153288529,961.3769153288529,0
2025-11-06T15:45:00,961.3769153288529,961.3769153288529,0
2025-11-06T16:00:00,961.3769153288529,961.3769153288529,0
2025-11-06T16:15:00,961.3769153288529,961.3769153288529,0
2025-11-06T16:30:00,961.3769153288529,961.3769153288529,0
2025-11-06T16:45:00,961.3769153288529,961.3769153288529,0
2025-11-06T17:00:00,961.3769153288529,961.3769153288529,0
2025-11-06T17:15:00,961.3769153288529,961.3769153288529,0
2025-11-06T17:30:00,961.3769153288529,961.3769153288529,0
2025-11-06T17:45:00,961.3769153288529,961.3769153288529,0
2025-11-06T18:00:00,961.3769153288529,961.3769153288529,0
2025-11-06T18:15:00,961.3769153288529,961.3769153288529,0
2025-11-06T18:30:00,961.3769153288529,961.3769153288529,0
2025-11-06T18:45:00,961.3769153288529,961.3769153288529,0
2025-11-06T19:00:00,961.3769153288529,961.3769153288529,0
2025-11-06T19:15:00,961.3769153288529,961.3769153288529,0
2025-11-06T19:30:00,961.3769153288529,961.3769153288529,0
2025-11-06T19:45:00,961.3769153288529,961.3769153288529,0
2025-11-06T20:00:00,961.3769153288529,961.3769153288529,0
2025-11-06T20:15:00,961.3769153288529,961.3769153288529,0
2025-11-06T20:30:00,961.3769153288529,961.3769153288529,0
2025-11-06T20:45:00,961.3769153288529,961.3769153288529,0
2025-11-06T21:00:00,961.3769153288529,961.3769153288529,0
2025-11-06T21:15:00,961.3769153288529,961.3769153288529,0
2025-11-06T21:30:00,961.3769153288529,961.3769153288529,0
2025-11-06T21:45:00,961.3769153288529,961.3769153288529,0
2025-11-06T22:00:00,961.3769153288529,961.3769153288529,0
2025-11-06T22:15:00,961.3769153288529,961.3769153288529,0
2025-11-06T22:30:00,961.3769153288529,961.3769153288529,0
2025-11-06T22:45:00,961.3769153288529,961.3769153288529,0
2025-11-06T23:00:00,961.3769153288529,961.3769153288529,0
2025-11-06T23:15:00,961.3769153288529,961.3769153288529,0
2025-11-06T23:30:00,961.3769153288529,961.3769153288529,0
2025-11-06T23:45:00,961.3769153288529,961.3769153288529,0
2025-11-07T00:00:00,961.3769153288529,961.3769153288529,0
2025-11-07T00:15:00,961.3769153288529,961.3769153288529,0
2025-11-07T00:30:00,961.3769153288529,961.3769153288529,0
2025-11-07T00:45:00,961.3769153288529,961.3769153288529,0
2025-11-07T01:00:00,961.3769153288529,961.3769153288529,0
2025-11-07T01:15:00,961.3769153288529,961.3769153288529,0
2025-11-07T01:30:00,961.3769153288529,961.3769153288529,0
2025-11-07T01:45:00,961.3769153288529,961.3769153288529,0
2025-11-07T02:00:00,961.3769153288529,961.3769153288529,0
2025-11-07T02:15:00,961.3769153288529,961.3769153288529,0
2025-11-07T02:30:00,961.3769153288529,961.3769153288529,0
2025-11-07T02:45:00,961.3769153288529,961.3769153288529,0
2025-11-07T03:00:00,961.3769153288529,961.3769153288529,0
2025-11-07T03:15:00,961.3769153288529,961.3769153288529,0
2025-11-07T03:30:00,961.3769153288529,961.3769153288529,0
2025-11-07T03:45:00,961.3769153288529,961.3769153288529,0
2025-11-07T04:00:00,961.3769153288529,961.3769153288529,0
2025-11-07T04:15:00,961.3769153288529,961.3769153288529,0
2025-11-07T04:30:00,961.3769153288529,961.3769153288529,0
2025-11-07T04:45:00,961.3769153288529,961.3769153288529,0
2025-11-07T05:00:00,961.3769153288529,961.3769153288529,0
2025-11-07T05:15:00,961.3769153288529,961.3769153288529,0
2025-11-07T05:30:00,961.3769153288529,961.3769153288529,0
2025-11-07T05:45:00,961.3769153288529,961.3769153288529,0
2025-11-07T06:00:00,961.3769153288529,961.3769153288529,0
2025-11-07T06:15:00,961.3769153288529,961.3769153288529,0
2025-11-07T06:30:00,961.3769153288529,961.3769153288529,0
2025-11-07T06:45:00,961.3769153288529,961.3769153288529,0
2025-11-07T07:00:00,961.3769153288529,961.3769153288529,0
2025-11-07T07:15:00,961.3769153288529,961.3769153288529,0
2025-11-07T07:30:00,961.3769153288529,961.3769153288529,0
2025-11-07T07:45:00,961.3769153288529,961.3769153288529,0
2025-11-07T08:00:00,961.3769153288529,961.3769153288529,0
2025-11-07T08:15:00,961.3769153288529,961.3769153288529,0
2025-11-07T08:30:00,961.3769153288529,961.3769153288529,0
2025-11-07T08:45:00,961.3769153288529,961.3769153288529,0
2025-11-07T09:00:00,960.3527971362977,826.5687987537798,1
2025-11-07T09:15:00,962.292751199087,826.5687987537798,1
2025-11-07T09:30:00,962.642680126762,826.5687987537798,1
2025-11-07T09:45:00,962.2533915081797,826.5687987537798,1
2025-11-07T10:00:00,962.5470999043829,826.5687987537798,1
2025-11-07T10:15:00,964.0902125430373,826.5687987537798,1
2025-11-07T10:30:00,962.6193834448466,826.5687987537798,1
2025-11-07T10:45:00,963.5448680688844,826.5687987537798,1
2025-11-07T11:00:00,967.0950589999566,826.5687987537798,1
2025-11-07T11:15:00,968.0809660684143,826.5687987537798,1
2025-11-07T11:30:00,966.820392183949,826.5687987537798,1
2025-11-07T11:45:00,965.4541322105202,826.5687987537798,1
2025-11-07T12:00:00,966.0838340762665,826.5687987537798,1
2025-11-07T12:15:00,968.0065549770909,826.5687987537798,1
2025-11-07T12:30:00,968.7088063271583,826.5687987537798,1
2025-11-07T12:45:00,969.5688687622555,826.5687987537798,1
2025-11-07T13:00:00,967.4130746647338,826.5687987537798,1
2025-11-07T13:15:00,966.8985264892773,826.5687987537798,1
2025-11-07T13:30:00,966.1334644476449,966.1334644476449,0
2025-11-07T13:45:00,966.1334644476449,966.1334644476449,0
2025-11-07T14:00:00,966.1334644476449,966.1334644476449,0
2025-11-07T14:15:00,966.1334644476449,966.1334644476449,0
2025-11-07T14:30:00,966.1334644476449,966.1334644476449,0
2025-11-07T14:45:00,966.1334644476449,966.1334644476449,0
2025-11-07T15:00:00,966.1334644476449,966.1334644476449,0
2025-11-07T15:15:00,966.1334644476449,966.1334644476449,0
2025-11-07T15:30:00,966.1334644476449,966.1334644476449,0
2025-11-07T15:45:00,966.1334644476449,966.1334644476449,0
2025-11-07T16:00:00,966.1334644476449,966.1334644476449,0
2025-11-07T16:15:00,966.1334644476449,966.1334644476449,0
2025-11-07T16:30:00,966.1334644476449,966.1334644476449,0
2025-11-07T16:45:00,966.1334644476449,966.1334644476449,0
2025-11-07T17:00:00,966.1334644476449,966.1334644476449,0
2025-11-07T17:15:00,966.1334644476449,966.1334644476449,0
2025-11-07T17:30:00,966.1334644476449,966.1334644476449,0
2025-11-07T17:45:00,966.1334644476449,966.1334644476449,0
2025-11-07T18:00:00,966.1334644476449,966.1334644476449,0
2025-11-07T18:15:00,966.1334644476449,966.1334644476449,0
2025-11-07T18:30:00,966.1334644476449,966.1334644476449,0
2025-11-07T18:45:00,966.1334644476449,966.1334644476449,0
2025-11-07T19:00:00,966.1334644476449,966.1334644476449,0
2025-11-07T19:15:00,966.1334644476449,966.1334644476449,0
2025-11-07T19:30:00,966.1334644476449,966.1334644476449,0
2025-11-07T19:45:00,966.1334644476449,966.1334644476449,0
2025-11-07T20:00:00,966.1334644476449,966.1334644476449,0
2025-11-07T20:15:00,966.1334644476449,966.1334644476449,0
2025-11-07T20:30:00,966.1334644476449,966.1334644476449,0
2025-11-07T20:45:00,966.1334644476449,966.1334644476449,0
2025-11-07T21:00:00,966.1334644476449,966.1334644476449,0
2025-11-07T21:15:00,966.1334644476449,966.1334644476449,0
2025-11-07T21:30:00,966.1334644476449,966.1334644476449,0
2025-11-07T21:45:00,966.1334644476449,966.1334644476449,0
2025-11-07T22:00:00,966.1334644476449,966.1334644476449,0
2025-11-07T22:15:00,966.1334644476449,966.1334644476449,0
2025-11-07T22:30:00,966.1334644476449,966.1334644476449,0
2025-11-07T22:45:00,966.1334644476449,966.1334644476449,0
2025-11-07T23:00:00,966.1334644476449,966.1334644476449,0
2025-11-07T23:15:00,966.1334644476449,966.1334644476449,0
2025-11-07T23:30:00,966.1334644476449,966.1334644476449,0
2025-11-07T23:45:00,966.1334644476449,966.1334644476449,0
2025-11-08T00:00:00,966.1334644476449,966.1334644476449,0
2025-11-08T00:15:00,966.1334644476449,966.1334644476449,0
2025-11-08T00:30:00,966.1334644476449,966.1334644476449,0
2025-11-08T00:45:00,966.1334644476449,966.1334644476449,0
2025-11-08T01:00:00,966.1334644476449,966.1334644476449,0
2025-11-08T01:15:00,966.1334644476449,966.1334644476449,0
2025-11-08T01:30:00,966.1334644476449,966.1334644476449,0
2025-11-08T01:45:00,966.1334644476449,966.1334644476449,0
2025-11-08T02:00:00,966.1334644476449,966.1334644476449,0
2025-11-08T02:15:00,966.1334644476449,966.1334644476449,0
2025-11-08T02:30:00,966.1334644476449,966.1334644476449,0
2025-11-08T02:45:00,966.1334644476449,966.1334644476449,0
2025-11-08T03:00:00,966.1334644476449,966.1334644476449,0
2025-11-08T03:15:00,966.1334644476449,966.1334644476449,0
2025-11-08T03:30:00,966.1334644476449,966.1334644476449,0
2025-11-08T03:45:00,966.1334644476449,966.1334644476449,0
2025-11-08T04:00:00,966.1334644476449,966.1334644476449,0
2025-11-08T04:15:00,966.1334644476449,966.1334644476449,0
2025-11-08T04:30:00,966.1334644476449,966.1334644476449,0
2025-11-08T04:45:00,966.1334644476449,966.1334644476449,0
2025-11-08T05:00:00,966.1334644476449,966.1334644476449,0
2025-11-08T05:15:00,966.1334644476449,966.1334644476449,0
2025-11-08T05:30:00,966.1334644476449,966.1334644476449,0
2025-11-08T05:45:00,966.1334644476449,966.1334644476449,0
2025-11-08T06:00:00,966.1334644476449,966.1334644476449,0
2025-11-08T06:15:00,966.1334644476449,966.1334644476449,0
2025-11-08T06:30:00,966.1334644476449,966.1334644476449,0
2025-11-08T06:45:00,966.1334644476449,966.1334644476449,0
2025-11-08T07:00:00,966.1334644476449,966.1334644476449,0
2025-11-08T07:15:00,966.1334644476449,966.1334644476449,0
2025-11-08T07:30:00,966.1334644476449,966.1334644476449,0
2025-11-08T07:45:00,966.1334644476449,966.1334644476449,0
2025-11-08T08:00:00,966.1334644476449,966.1334644476449,0
2025-11-08T08:15:00,966.1334644476449,966.1334644476449,0
2025-11-08T08:30:00,966.1334644476449,966.1334644476449,0
2025-11-08T08:45:00,966.1334644476449,966.1334644476449,0
2025-11-08T09:00:00,966.1334644476449,966.1334644476449,0
2025-11-08T09:15:00,966.1334644476449,966.1334644476449,0
2025-11-08T09:30:00,966.1334644476449,966.1334644476449,0
2025-11-08T09:45:00,966.1334644476449,966.1334644476449,0
2025-11-08T10:00:00,966.1334644476449,966.1334644476449,0
2025-11-08T10:15:00,966.1334644476449,966.1334644476449,0
2025-11-08T10:30:00,966.1334644476449,966.1334644476449,0
2025-11-08T10:45:00,966.1334644476449,966.1334644476449,0
2025-11-08T11:00:00,966.1334644476449,966.1334644476449,0
2025-11-08T11:15:00,966.1334644476449,966.1334644476449,0
2025-11-08T11:30:00,966.1334644476449,966.1334644476449,0
2025-11-08T11:45:00,966.1334644476449,966.1334644476449,0
2025-11-08T12:00:00,966.1334644476449,966.1334644476449,0
2025-11-08T12:15:00,966.1334644476449,966.1334644476449,0
2025-11-08T12:30:00,966.1334644476449,966.1334644476449,0
2025-11-08T12:45:00,966.1334644476449,966.1334644476449,0
2025-11-08T13:00:00,966.1334644476449,966.1334644476449,0
2025-11-08T13:15:00,966.1334644476449,966.1334644476449,0
2025-11-08T13:30:00,966.1334644476449,966.1334644476449,0
2025-11-08T13:45:00,966.1334644476449,966.1334644476449,0
2025-11-08T14:00:00,966.1334644476449,966.1334644476449,0
2025-11-08T14:15:00,966.1334644476449,966.1334644476449,0
2025-11-08T14:30:00,966.1334644476449,966.1334644476449,0
2025-11-08T14:45:00,966.1334644476449,966.1334644476449,0
2025-11-08T15:00:00,966.1334644476449,966.1334644476449,0
2025-11-08T15:15:00,966.1334644476449,966.1334644476449,0
2025-11-08T15:30:00,966.1334644476449,966.1334644476449,0
2025-11-08T15:45:00,966.1334644476449,966.1334644476449,0
2025-11-08T16:00:00,966.1334644476449,966.1334644476449,0
2025-11-08T16:15:00,966.1334644476449,966.1334644476449,0
2025-11-08T16:30:00,966.1334644476449,966.1334644476449,0
2025-11-08T16:45:00,966.1334644476449,966.1334644476449,0
2025-11-08T17:00:00,966.1334644476449,966.1334644476449,0
2025-11-08T17:15:00,966.1334644476449,966.1334644476449,0
2025-11-08T17:30:00,966.1334644476449,966.1334644476449,0
2025-11-08T17:45:00,966.1334644476449,966.1334644476449,0
2025-11-08T18:00:00,966.1334644476449,966.1334644476449,0
2025-11-08T18:15:00,966.1334644476449,966.1334644476449,0
2025-11-08T18:30:00,966.1334644476449,966.1334644476449,0
2025-11-08T18:45:00,966.1334644476449,966.1334644476449,0
2025-11-08T19:00:00,966.1334644476449,966.1334644476449,0
2025-11-08T19:15:00,966.1334644476449,966.1334644476449,0
2025-11-08T19:30:00,966.1334644476449,966.1334644476449,0
2025-11-08T19:45:00,966.1334644476449,966.1334644476449,0
2025-11-08T20:00:00,966.1334644476449,966.1334644476449,0
2025-11-08T20:15:00,966.1334644476449,966.1334644476449,0
2025-11-08T20:30:00,966.1334644476449,966.1334644476449,0
2025-11-08T20:45:00,966.1334644476449,966.1334644476449,0
2025-11-08T21:00:00,966.1334644476449,966.1334644476449,0
2025-11-08T21:15:00,966.1334644476449,966.1334644476449,0
2025-11-08T21:30:00,966.1334644476449,966.1334644476449,0
2025-11-08T21:45:00,966.1334644476449,966.1334644476449,0
2025-11-08T22:00:00,966.1334644476449,966.1334644476449,0
2025-11-08T22:15:00,966.1334644476449,966.1334644476449,0
2025-11-08T22:30:00,966.1334644476449,966.1334644476449,0
2025-11-08T22:45:00,966.1334644476449,966.1334644476449,0
2025-11-08T23:00:00,966.1334644476449,966.1334644476449,0
2025-11-08T23:15:00,966.1334644476449,966.1334644476449,0
2025-11-08T23:30:00,966.1334644476449,966.1334644476449,0
2025-11-08T23:45:00,966.1334644476449,966.1334644476449,0
2025-11-09T00:00:00,966.1334644476449,966.1334644476449,0
2025-11-09T00:15:00,966.1334644476449,966.1334644476449,0
2025-11-09T00:30:00,966.1334644476449,966.1334644476449,0
2025-11-09T00:45:00,966.1334644476449,966.1334644476449,0
2025-11-09T01:00:00,966.1334644476449,966.1334644476449,0
2025-11-09T01:15:00,966.1334644476449,966.1334644476449,0
2025-11-09T01:30:00,966.1334644476449,966.1334644476449,0
2025-11-09T01:45:00,966.1334644476449,966.1334644476449,0
2025-11-09T02:00:00,966.1334644476449,966.1334644476449,0
2025-11-09T02:15:00,966.1334644476449,966.1334644476449,0
2025-11-09T02:30:00,966.1334644476449,966.1334644476449,0
2025-11-09T02:45:00,966.1334644476449,966.1334644476449,0
2025-11-09T03:00:00,966.1334644476449,966.1334644476449,0
2025-11-09T03:15:00,966.1334644476449,966.1334644476449,0
2025-11-09T03:30:00,966.1334644476449,966.1334644476449,0
2025-11-09T03:45:00,966.1334644476449,966.1334644476449,0
2025-11-09T04:00:00,966.1334644476449,966.1334644476449,0
2025-11-09T04:15:00,966.1334644476449,966.1334644476449,0
2025-11-09T04:30:00,966.1334644476449,966.1334644476449,0
2025-11-09T04:45:00,966.1334644476449,966.1334644476449,0
2025-11-09T05:00:00,966.1334644476449,966.1334644476449,0
2025-11-09T05:15:00,966.1334644476449,966.1334644476449,0
2025-11-09T05:30:00,966.1334644476449,966.1334644476449,0
2025-11-09T05:45:00,966.1334644476449,966.1334644476449,0
2025-11-09T06:00:00,966.1334644476449,966.1334644476449,0
2025-11-09T06:15:00,966.1334644476449,966.1334644476449,0
2025-11-09T06:30:00,966.1334644476449,966.1334644476449,0
2025-11-09T06:45:00,966.1334644476449,966.1334644476449,0
2025-11-09T07:00:00,966.1334644476449,966.1334644476449,0
2025-11-09T07:15:00,966.1334644476449,966.1334644476449,0
2025-11-09T07:30:00,966.1334644476449,966.1334644476449,0
2025-11-09T07:45:00,966.1334644476449,966.1334644476449,0
2025-11-09T08:00:00,966.1334644476449,966.1334644476449,0
2025-11-09T08:15:00,966.1334644476449,966.1334644476449,0
2025-11-09T08:30:00,966.1334644476449,966.1334644476449,0
2025-11-09T08:45:00,966.1334644476449,966.1334644476449,0
2025-11-09T09:00:00,966.1334644476449,966.1334644476449,0
2025-11-09T09:15:00,966.1334644476449,966.1334644476449,0
2025-11-09T09:30:00,966.1334644476449,966.1334644476449,0
2025-11-09T09:45:00,966.1334644476449,966.1334644476449,0
2025-11-09T10:00:00,966.1334644476449,966.1334644476449,0
2025-11-09T10:15:00,966.1334644476449,966.1334644476449,0
2025-11-09T10:30:00,966.1334644476449,966.1334644476449,0
2025-11-09T10:45:00,966.1334644476449,966.1334644476449,0
2025-11-09T11:00:00,966.1334644476449,966.1334644476449,0
2025-11-09T11:15:00,966.1334644476449,966.1334644476449,0
2025-11-09T11:30:00,966.1334644476449,966.1334644476449,0
2025-11-09T11:45:00,966.1334644476449,966.1334644476449,0
2025-11-09T12:00:00,966.1334644476449,966.1334644476449,0
2025-11-09T12:15:00,966.1334644476449,966.1334644476449,0
2025-11-09T12:30:00,966.1334644476449,966.1334644476449,0
2025-11-09T12:45:00,966.1334644476449,966.1334644476449,0
2025-11-09T13:00:00,966.1334644476449,966.1334644476449,0
2025-11-09T13:15:00,966.1334644476449,966.1334644476449,0
2025-11-09T13:30:00,966.1334644476449,966.1334644476449,0
2025-11-09T13:45:00,966.1334644476449,966.1334644476449,0
2025-11-09T14:00:00,966.1334644476449,966.1334644476449,0
2025-11-09T14:15:00,966.1334644476449,966.1334644476449,0
2025-11-09T14:30:00,966.1334644476449,966.1334644476449,0
2025-11-09T14:45:00,966.1334644476449,966.1334644476449,0
2025-11-09T15:00:00,966.1334644476449,966.1334644476449,0
2025-11-09T15:15:00,966.1334644476449,966.1334644476449,0
2025-11-09T15:30:00,966.1334644476449,966.1334644476449,0
2025-11-09T15:45:00,966.1334644476449,966.1334644476449,0
2025-11-09T16:00:00,966.1334644476449,966.1334644476449,0
2025-11-09T16:15:00,966.1334644476449,966.1334644476449,0
2025-11-09T16:30:00,966.1334644476449,966.1334644476449,0
2025-11-09T16:45:00,966.1334644476449,966.1334644476449,0
2025-11-09T17:00:00,966.1334644476449,966.1334644476449,0
2025-11-09T17:15:00,966.1334644476449,966.1334644476449,0
2025-11-09T17:30:00,966.1334644476449,966.1334644476449,0
2025-11-09T17:45:00,966.1334644476449,966.1334644476449,0
2025-11-09T18:00:00,966.1334644476449,966.1334644476449,0
2025-11-09T18:15:00,966.1334644476449,966.1334644476449,0
2025-11-09T18:30:00,966.1334644476449,966.1334644476449,0
2025-11-09T18:45:00,965.1067139463804,830.6583655289382,1
2025-11-09T19:00:00,963.653246830045,830.6583655289382,1
2025-11-09T19:15:00,966.2638947968161,830.6583655289382,1
2025-11-09T19:30:00,965.9584594260551,830.6583655289382,1
2025-11-09T19:45:00,966.6208132661179,830.6583655289382,1
2025-11-09T20:00:00,965.2562527054955,830.6583655289382,1
2025-11-09T20:15:00,965.0502169316162,830.6583655289382,1
2025-11-09T20:30:00,965.2997755659086,830.6583655289382,1
2025-11-09T20:45:00,965.7294216653779,830.6583655289382,1
2025-11-09T21:00:00,964.00287260684,964.00287260684,0
2025-11-09T21:15:00,964.00287260684,964.00287260684,0
2025-11-09T21:30:00,964.00287260684,964.00287260684,0
2025-11-09T21:45:00,964.00287260684,964.00287260684,0
2025-11-09T22:00:00,964.00287260684,964.00287260684,0
2025-11-09T22:15:00,964.00287260684,964.00287260684,0
2025-11-09T22:30:00,964.00287260684,964.00287260684,0
2025-11-09T22:45:00,964.00287260684,964.00287260684,0
2025-11-09T23:00:00,964.00287260684,964.00287260684,0
2025-11-09T23:15:00,964.00287260684,964.00287260684,0
2025-11-09T23:30:00,964.00287260684,964.00287260684,0
2025-11-09T23:45:00,964.00287260684,964.00287260684,0
2025-11-10T00:00:00,964.00287260684,964.00287260684,0
2025-11-10T00:15:00,964.00287260684,964.00287260684,0
2025-11-10T00:30:00,962.9783863747693,828.8265337984185,1
2025-11-10T00:45:00,963.7860755665256,828.8265337984185,1
2025-11-10T01:00:00,964.3131521530579,828.8265337984185,1
2025-11-10T01:15:00,964.9248579379911,828.8265337984185,1
2025-11-10T01:30:00,962.9531460875269,828.8265337984185,1
2025-11-10T01:45:00,962.8848488396945,828.8265337984185,1
2025-11-10T02:00:00,963.0986489198654,828.8265337984185,1
2025-11-10T02:15:00,962.2553263814137,828.8265337984185,1
2025-11-10T02:30:00,960.9335884044071,960.9335884044071,0
2025-11-10T02:45:00,960.9335884044071,960.9335884044071,0
2025-11-10T03:00:00,960.9335884044071,960.9335884044071,0
2025-11-10T03:15:00,960.9335884044071,960.9335884044071,0
2025-11-10T03:30:00,960.9335884044071,960.9335884044071,0
2025-11-10T03:45:00,960.9335884044071,960.9335884044071,0
2025-11-10T04:00:00,960.9335884044071,960.9335884044071,0
2025-11-10T04:15:00,960.9335884044071,960.9335884044071,0
2025-11-10T04:30:00,960.9335884044071,960.9335884044071,0
2025-11-10T04:45:00,960.9335884044071,960.9335884044071,0
2025-11-10T05:00:00,960.9335884044071,960.9335884044071,0
2025-11-10T05:15:00,960.9335884044071,960.9335884044071,0
2025-11-10T05:30:00,960.9335884044071,960.9335884044071,0
2025-11-10T05:45:00,960.9335884044071,960.9335884044071,0
2025-11-10T06:00:00,960.9335884044071,960.9335884044071,0
2025-11-10T06:15:00,960.9335884044071,960.9335884044071,0
2025-11-10T06:30:00,960.9335884044071,960.9335884044071,0
2025-11-10T06:45:00,960.9335884044071,960.9335884044071,0
2025-11-10T07:00:00,960.9335884044071,960.9335884044071,0
2025-11-10T07:15:00,960.9335884044071,960.9335884044071,0
2025-11-10T07:30:00,960.9335884044071,960.9335884044071,0
2025-11-10T07:45:00,960.9335884044071,960.9335884044071,0
2025-11-10T08:00:00,960.9335884044071,960.9335884044071,0
2025-11-10T08:15:00,960.9335884044071,960.9335884044071,0
2025-11-10T08:30:00,960.9335884044071,960.9335884044071,0
2025-11-10T08:45:00,960.9335884044071,960.9335884044071,0
2025-11-10T09:00:00,960.9335884044071,960.9335884044071,0
2025-11-10T09:15:00,960.9335884044071,960.9335884044071,0
2025-11-10T09:30:00,960.9335884044071,960.9335884044071,0
2025-11-10T09:45:00,959.912364029222,826.1876369039876,1
2025-11-10T10:00:00,958.9754145008935,826.1876369039876,1
2025-11-10T10:15:00,958.3438630783178,826.1876369039876,1
2025-11-10T10:30:00,957.882800889536,826.1876369039876,1
2025-11-10T10:45:00,956.8680776394641,956.8680776394641,0
2025-11-10T11:00:00,956.8680776394641,956.8680776394641,0
2025-11-10T11:15:00,956.8680776394641,956.8680776394641,0
2025-11-10T11:30:00,956.8680776394641,956.8680776394641,0
2025-11-10T11:45:00,956.8680776394641,956.8680776394641,0
2025-11-10T12:00:00,956.8680776394641,956.8680776394641,0
2025-11-10T12:15:00,956.8680776394641,956.8680776394641,0
2025-11-10T12:30:00,956.8680776394641,956.8680776394641,0
2025-11-10T12:45:00,956.8680776394641,956.8680776394641,0
2025-11-10T13:00:00,956.8680776394641,956.8680776394641,0
2025-11-10T13:15:00,956.8680776394641,956.8680776394641,0
2025-11-10T13:30:00,956.8680776394641,956.8680776394641,0
2025-11-10T13:45:00,956.8680776394641,956.8680776394641,0
2025-11-10T14:00:00,956.8680776394641,956.8680776394641,0
2025-11-10T14:15:00,956.8680776394641,956.8680776394641,0
2025-11-10T14:30:00,956.8680776394641,956.8680776394641,0
2025-11-10T14:45:00,956.8680776394641,956.8680776394641,0
2025-11-10T15:00:00,956.8680776394641,956.8680776394641,0
2025-11-10T15:15:00,956.8680776394641,956.8680776394641,0
2025-11-10T15:30:00,956.8680776394641,956.8680776394641,0
2025-11-10T15:45:00,956.8680776394641,956.8680776394641,0
2025-11-10T16:00:00,956.8680776394641,956.8680776394641,0
2025-11-10T16:15:00,956.8680776394641,956.8680776394641,0
2025-11-10T16:30:00,956.8680776394641,956.8680776394641,0
2025-11-10T16:45:00,956.8680776394641,956.8680776394641,0
2025-11-10T17:00:00,956.8680776394641,956.8680776394641,0
2025-11-10T17:15:00,956.8680776394641,956.8680776394641,0
2025-11-10T17:30:00,956.8680776394641,956.8680776394641,0
2025-11-10T17:45:00,956.8680776394641,956.8680776394641,0
2025-11-10T18:00:00,956.8680776394641,956.8680776394641,0
2025-11-10T18:15:00,956.8680776394641,956.8680776394641,0
2025-11-10T18:30:00,956.8680776394641,956.8680776394641,0
2025-11-10T18:45:00,956.8680776394641,956.8680776394641,0
2025-11-10T19:00:00,956.8680776394641,956.8680776394641,0
2025-11-10T19:15:00,956.8680776394641,956.8680776394641,0
2025-11-10T19:30:00,956.8680776394641,956.8680776394641,0
2025-11-10T19:45:00,956.8680776394641,956.8680776394641,0
2025-11-10T20:00:00,955.8511738528615,822.6922083205479,1
2025-11-10T20:15:00,954.8489836497013,822.6922083205479,1
2025-11-10T20:30:00,955.9517504564955,822.6922083205479,1
2025-11-10T20:45:00,954.7184405567523,822.6922083205479,1
2025-11-10T21:00:00,952.1925646819229,952.1925646819229,0
2025-11-10T21:15:00,952.1925646819229,952.1925646819229,0
2025-11-10T21:30:00,952.1925646819229,952.1925646819229,0
2025-11-10T21:45:00,952.1925646819229,952.1925646819229,0
2025-11-10T22:00:00,952.1925646819229,952.1925646819229,0
2025-11-10T22:15:00,952.1925646819229,952.1925646819229,0
2025-11-10T22:30:00,952.1925646819229,952.1925646819229,0
2025-11-10T22:45:00,952.1925646819229,952.1925646819229,0
2025-11-10T23:00:00,952.1925646819229,952.1925646819229,0
2025-11-10T23:15:00,952.1925646819229,952.1925646819229,0
2025-11-10T23:30:00,952.1925646819229,952.1925646819229,0
2025-11-10T23:45:00,952.1925646819229,952.1925646819229,0
2025-11-11T00:00:00,952.1925646819229,952.1925646819229,0
2025-11-11T00:15:00,952.1925646819229,952.1925646819229,0
2025-11-11T00:30:00,952.1925646819229,952.1925646819229,0
2025-11-11T00:45:00,952.1925646819229,952.1925646819229,0
2025-11-11T01:00:00,952.1925646819229,952.1925646819229,0
2025-11-11T01:15:00,952.1925646819229,952.1925646819229,0
2025-11-11T01:30:00,952.1925646819229,952.1925646819229,0
2025-11-11T01:45:00,952.1925646819229,952.1925646819229,0
2025-11-11T02:00:00,952.1925646819229,952.1925646819229,0
2025-11-11T02:15:00,952.1925646819229,952.1925646819229,0
2025-11-11T02:30:00,952.1925646819229,952.1925646819229,0
2025-11-11T02:45:00,952.1925646819229,952.1925646819229,0
2025-11-11T03:00:00,952.1925646819229,952.1925646819229,0
2025-11-11T03:15:00,952.1925646819229,952.1925646819229,0
2025-11-11T03:30:00,952.1925646819229,952.1925646819229,0
2025-11-11T03:45:00,952.1925646819229,952.1925646819229,0
2025-11-11T04:00:00,952.1925646819229,952.1925646819229,0
2025-11-11T04:15:00,952.1925646819229,952.1925646819229,0
2025-11-11T04:30:00,952.1925646819229,952.1925646819229,0
2025-11-11T04:45:00,952.1925646819229,952.1925646819229,0
2025-11-11T05:00:00,952.1925646819229,952.1925646819229,0
2025-11-11T05:15:00,952.1925646819229,952.1925646819229,0
2025-11-11T05:30:00,952.1925646819229,952.1925646819229,0
2025-11-11T05:45:00,952.1925646819229,952.1925646819229,0
2025-11-11T06:00:00,952.1925646819229,952.1925646819229,0
2025-11-11T06:15:00,952.1925646819229,952.1925646819229,0
2025-11-11T06:30:00,952.1925646819229,952.1925646819229,0
2025-11-11T06:45:00,952.1925646819229,952.1925646819229,0
2025-11-11T07:00:00,952.1925646819229,952.1925646819229,0
2025-11-11T07:15:00,952.1925646819229,952.1925646819229,0
2025-11-11T07:30:00,952.1925646819229,952.1925646819229,0
2025-11-11T07:45:00,952.1925646819229,952.1925646819229,0
2025-11-11T08:00:00,952.1925646819229,952.1925646819229,0
2025-11-11T08:15:00,952.1925646819229,952.1925646819229,0
2025-11-11T08:30:00,952.1925646819229,952.1925646819229,0
2025-11-11T08:45:00,952.1925646819229,952.1925646819229,0
2025-11-11T09:00:00,952.1925646819229,952.1925646819229,0
2025-11-11T09:15:00,952.1925646819229,952.1925646819229,0
2025-11-11T09:30:00,952.1925646819229,952.1925646819229,0
2025-11-11T09:45:00,952.1925646819229,952.1925646819229,0
2025-11-11T10:00:00,952.1925646819229,952.1925646819229,0
2025-11-11T10:15:00,952.1925646819229,952.1925646819229,0
2025-11-11T10:30:00,952.1925646819229,952.1925646819229,0
2025-11-11T10:45:00,952.1925646819229,952.1925646819229,0
2025-11-11T11:00:00,952.1925646819229,952.1925646819229,0
2025-11-11T11:15:00,952.1925646819229,952.1925646819229,0
2025-11-11T11:30:00,952.1925646819229,952.1925646819229,0
2025-11-11T11:45:00,952.1925646819229,952.1925646819229,0
2025-11-11T12:00:00,952.1925646819229,952.1925646819229,0
2025-11-11T12:15:00,952.1925646819229,952.1925646819229,0
2025-11-11T12:30:00,952.1925646819229,952.1925646819229,0
2025-11-11T12:45:00,952.1925646819229,952.1925646819229,0
2025-11-11T13:00:00,952.1925646819229,952.1925646819229,0
2025-11-11T13:15:00,952.1925646819229,952.1925646819229,0
2025-11-11T13:30:00,952.1925646819229,952.1925646819229,0
2025-11-11T13:45:00,952.1925646819229,952.1925646819229,0
2025-11-11T14:00:00,952.1925646819229,952.1925646819229,0
2025-11-11T14:15:00,952.1925646819229,952.1925646819229,0
2025-11-11T14:30:00,952.1925646819229,952.1925646819229,0
2025-11-11T14:45:00,952.1925646819229,952.1925646819229,0
2025-11-11T15:00:00,952.1925646819229,952.1925646819229,0
2025-11-11T15:15:00,952.1925646819229,952.1925646819229,0
2025-11-11T15:30:00,952.1925646819229,952.1925646819229,0
2025-11-11T15:45:00,952.1925646819229,952.1925646819229,0
2025-11-11T16:00:00,952.1925646819229,952.1925646819229,0
2025-11-11T16:15:00,952.1925646819229,952.1925646819229,0
2025-11-11T16:30:00,952.1925646819229,952.1925646819229,0
2025-11-11T16:45:00,952.1925646819229,952.1925646819229,0
2025-11-11T17:00:00,952.1925646819229,952.1925646819229,0
2025-11-11T17:15:00,952.1925646819229,952.1925646819229,0
2025-11-11T17:30:00,952.1925646819229,952.1925646819229,0
2025-11-11T17:45:00,952.1925646819229,952.1925646819229,0
2025-11-11T18:00:00,952.1925646819229,952.1925646819229,0
2025-11-11T18:15:00,952.1925646819229,952.1925646819229,0
2025-11-11T18:30:00,952.1925646819229,952.1925646819229,0
2025-11-11T18:45:00,952.1925646819229,952.1925646819229,0
2025-11-11T19:00:00,952.1925646819229,952.1925646819229,0
2025-11-11T19:15:00,952.1925646819229,952.1925646819229,0
2025-11-11T19:30:00,952.1925646819229,952.1925646819229,0
2025-11-11T19:45:00,952.1925646819229,952.1925646819229,0
2025-11-11T20:00:00,952.1925646819229,952.1925646819229,0
2025-11-11T20:15:00,952.1925646819229,952.1925646819229,0
2025-11-11T20:30:00,951.1782302281224,818.6723144919649,1
2025-11-11T20:45:00,950.4254240532357,818.6723144919649,1
2025-11-11T21:00:00,949.7534978806096,818.6723144919649,1
2025-11-11T21:15:00,949.9266439310754,949.9266439310754,0
2025-11-11T21:30:00,949.9266439310754,949.9266439310754,0
2025-11-11T21:45:00,949.9266439310754,949.9266439310754,0
2025-11-11T22:00:00,949.9266439310754,949.9266439310754,0
2025-11-11T22:15:00,949.9266439310754,949.9266439310754,0
2025-11-11T22:30:00,949.9266439310754,949.9266439310754,0
2025-11-11T22:45:00,949.9266439310754,949.9266439310754,0
2025-11-11T23:00:00,949.9266439310754,949.9266439310754,0
2025-11-11T23:15:00,949.9266439310754,949.9266439310754,0
2025-11-11T23:30:00,949.9266439310754,949.9266439310754,0
2025-11-11T23:45:00,949.9266439310754,949.9266439310754,0
2025-11-12T00:00:00,949.9266439310754,949.9266439310754,0
2025-11-12T00:15:00,949.9266439310754,949.9266439310754,0
2025-11-12T00:30:00,949.9266439310754,949.9266439310754,0
2025-11-12T00:45:00,949.9266439310754,949.9266439310754,0
2025-11-12T01:00:00,949.9266439310754,949.9266439310754,0
2025-11-12T01:15:00,949.9266439310754,949.9266439310754,0
2025-11-12T01:30:00,949.9266439310754,949.9266439310754,0
2025-11-12T01:45:00,949.9266439310754,949.9266439310754,0
2025-11-12T02:00:00,949.9266439310754,949.9266439310754,0
2025-11-12T02:15:00,949.9266439310754,949.9266439310754,0
2025-11-12T02:30:00,949.9266439310754,949.9266439310754,0
2025-11-12T02:45:00,949.9266439310754,949.9266439310754,0
2025-11-12T03:00:00,949.9266439310754,949.9266439310754,0
2025-11-12T03:15:00,949.9266439310754,949.9266439310754,0
2025-11-12T03:30:00,949.9266439310754,949.9266439310754,0
2025-11-12T03:45:00,949.9266439310754,949.9266439310754,0
2025-11-12T04:00:00,949.9266439310754,949.9266439310754,0
2025-11-12T04:15:00,949.9266439310754,949.9266439310754,0
2025-11-12T04:30:00,949.9266439310754,949.9266439310754,0
2025-11-12T04:45:00,949.9266439310754,949.9266439310754,0
2025-11-12T05:00:00,949.9266439310754,949.9266439310754,0
2025-11-12T05:15:00,949.9266439310754,949.9266439310754,0
2025-11-12T05:30:00,949.9266439310754,949.9266439310754,0
2025-11-12T05:45:00,949.9266439310754,949.9266439310754,0
2025-11-12T06:00:00,949.9266439310754,949.9266439310754,0
2025-11-12T06:15:00,949.9266439310754,949.9266439310754,0
2025-11-12T06:30:00,949.9266439310754,949.9266439310754,0
2025-11-12T06:45:00,949.9266439310754,949.9266439310754,0
2025-11-12T07:00:00,949.9266439310754,949.9266439310754,0
2025-11-12T07:15:00,949.9266439310754,949.9266439310754,0
2025-11-12T07:30:00,949.9266439310754,949.9266439310754,0
2025-11-12T07:45:00,948.914723276303,816.7241302124843,1
2025-11-12T08:00:00,947.4632569923007,816.7241302124843,1
2025-11-12T08:15:00,943.6087774629857,943.6087774629857,0
2025-11-12T08:30:00,943.6087774629857,943.6087774629857,0
2025-11-12T08:45:00,943.6087774629857,943.6087774629857,0
2025-11-12T09:00:00,943.6087774629857,943.6087774629857,0
2025-11-12T09:15:00,943.6087774629857,943.6087774629857,0
2025-11-12T09:30:00,943.6087774629857,943.6087774629857,0
2025-11-12T09:45:00,943.6087774629857,943.6087774629857,0
2025-11-12T10:00:00,943.6087774629857,943.6087774629857,0
2025-11-12T10:15:00,943.6087774629857,943.6087774629857,0
2025-11-12T10:30:00,943.6087774629857,943.6087774629857,0
2025-11-12T10:45:00,943.6087774629857,943.6087774629857,0
2025-11-12T11:00:00,943.6087774629857,943.6087774629857,0
2025-11-12T11:15:00,943.6087774629857,943.6087774629857,0
2025-11-12T11:30:00,943.6087774629857,943.6087774629857,0
2025-11-12T11:45:00,943.6087774629857,943.6087774629857,0
2025-11-12T12:00:00,943.6087774629857,943.6087774629857,0
2025-11-12T12:15:00,943.6087774629857,943.6087774629857,0
2025-11-12T12:30:00,943.6087774629857,943.6087774629857,0
2025-11-12T12:45:00,943.6087774629857,943.6087774629857,0
2025-11-12T13:00:00,943.6087774629857,943.6087774629857,0
2025-11-12T13:15:00,943.6087774629857,943.6087774629857,0
2025-11-12T13:30:00,943.6087774629857,943.6087774629857,0
2025-11-12T13:45:00,943.6087774629857,943.6087774629857,0
2025-11-12T14:00:00,943.6087774629857,943.6087774629857,0
2025-11-12T14:15:00,943.6087774629857,943.6087774629857,0
2025-11-12T14:30:00,943.6087774629857,943.6087774629857,0
2025-11-12T14:45:00,943.6087774629857,943.6087774629857,0
2025-11-12T15:00:00,943.6087774629857,943.6087774629857,0
2025-11-12T15:15:00,943.6087774629857,943.6087774629857,0
2025-11-12T15:30:00,943.6087774629857,943.6087774629857,0
2025-11-12T15:45:00,943.6087774629857,943.6087774629857,0
2025-11-12T16:00:00,943.6087774629857,943.6087774629857,0
2025-11-12T16:15:00,943.6087774629857,943.6087774629857,0
2025-11-12T16:30:00,943.6087774629857,943.6087774629857,0
2025-11-12T16:45:00,943.6087774629857,943.6087774629857,0
2025-11-12T17:00:00,943.6087774629857,943.6087774629857,0
2025-11-12T17:15:00,943.6087774629857,943.6087774629857,0
2025-11-12T17:30:00,943.6087774629857,943.6087774629857,0
2025-11-12T17:45:00,943.6087774629857,943.6087774629857,0
2025-11-12T18:00:00,943.6087774629857,943.6087774629857,0
2025-11-12T18:15:00,943.6087774629857,943.6087774629857,0
2025-11-12T18:30:00,943.6087774629857,943.6087774629857,0
2025-11-12T18:45:00,943.6087774629857,943.6087774629857,0
2025-11-12T19:00:00,943.6087774629857,943.6087774629857,0
2025-11-12T19:15:00,943.6087774629857,943.6087774629857,0
2025-11-12T19:30:00,943.6087774629857,943.6087774629857,0
2025-11-12T19:45:00,943.6087774629857,943.6087774629857,0
2025-11-12T20:00:00,943.6087774629857,943.6087774629857,0
2025-11-12T20:15:00,943.6087774629857,943.6087774629857,0
2025-11-12T20:30:00,943.6087774629857,943.6087774629857,0
2025-11-12T20:45:00,943.6087774629857,943.6087774629857,0
2025-11-12T21:00:00,943.6087774629857,943.6087774629857,0
2025-11-12T21:15:00,943.6087774629857,943.6087774629857,0
2025-11-12T21:30:00,943.6087774629857,943.6087774629857,0
2025-11-12T21:45:00,943.6087774629857,943.6087774629857,0
2025-11-12T22:00:00,943.6087774629857,943.6087774629857,0
2025-11-12T22:15:00,943.6087774629857,943.6087774629857,0
2025-11-12T22:30:00,943.6087774629857,943.6087774629857,0
2025-11-12T22:45:00,943.6087774629857,943.6087774629857,0
2025-11-12T23:00:00,943.6087774629857,943.6087774629857,0
2025-11-12T23:15:00,943.6087774629857,943.6087774629857,0
2025-11-12T23:30:00,943.6087774629857,943.6087774629857,0
2025-11-12T23:45:00,943.6087774629857,943.6087774629857,0
2025-11-13T00:00:00,943.6087774629857,943.6087774629857,0
2025-11-13T00:15:00,943.6087774629857,943.6087774629857,0
2025-11-13T00:30:00,943.6087774629857,943.6087774629857,0
2025-11-13T00:45:00,943.6087774629857,943.6087774629857,0
2025-11-13T01:00:00,943.6087774629857,943.6087774629857,0
2025-11-13T01:15:00,943.6087774629857,943.6087774629857,0
2025-11-13T01:30:00,943.6087774629857,943.6087774629857,0
2025-11-13T01:45:00,943.6087774629857,943.6087774629857,0
2025-11-13T02:00:00,943.6087774629857,943.6087774629857,0
2025-11-13T02:15:00,943.6087774629857,943.6087774629857,0
2025-11-13T02:30:00,943.6087774629857,943.6087774629857,0
2025-11-13T02:45:00,943.6087774629857,943.6087774629857,0
2025-11-13T03:00:00,943.6087774629857,943.6087774629857,0
2025-11-13T03:15:00,943.6087774629857,943.6087774629857,0
2025-11-13T03:30:00,943.6087774629857,943.6087774629857,0
2025-11-13T03:45:00,943.6087774629857,943.6087774629857,0
2025-11-13T04:00:00,943.6087774629857,943.6087774629857,0
2025-11-13T04:15:00,943.6087774629857,943.6087774629857,0
2025-11-13T04:30:00,943.6087774629857,943.6087774629857,0
2025-11-13T04:45:00,943.6087774629857,943.6087774629857,0
2025-11-13T05:00:00,943.6087774629857,943.6087774629857,0
2025-11-13T05:15:00,943.6087774629857,943.6087774629857,0
2025-11-13T05:30:00,943.6087774629857,943.6087774629857,0
2025-11-13T05:45:00,943.6087774629857,943.6087774629857,0
2025-11-13T06:00:00,942.6059648900753,811.292180252016,1
2025-11-13T06:15:00,943.4066505932947,811.292180252016,1
2025-11-13T06:30:00,943.9907328879941,811.292180252016,1
2025-11-13T06:45:00,943.9384493066271,811.292180252016,1
2025-11-13T07:00:00,944.8705908715692,811.292180252016,1
2025-11-13T07:15:00,945.3187358547145,811.292180252016,1
2025-11-13T07:30:00,944.1610279815893,811.292180252016,1
2025-11-13T07:45:00,943.5993529360471,811.292180252016,1
2025-11-13T08:00:00,943.4469836417778,811.292180252016,1
2025-11-13T08:15:00,944.2596198778813,811.292180252016,1
2025-11-13T08:30:00,944.3128751490103,944.3128751490103,0
2025-11-13T08:45:00,944.3128751490103,944.3128751490103,0
2025-11-13T09:00:00,944.3128751490103,944.3128751490103,0
2025-11-13T09:15:00,944.3128751490103,944.3128751490103,0
2025-11-13T09:30:00,944.3128751490103,944.3128751490103,0
2025-11-13T09:45:00,944.3128751490103,944.3128751490103,0
2025-11-13T10:00:00,944.3128751490103,944.3128751490103,0
2025-11-13T10:15:00,944.3128751490103,944.3128751490103,0
2025-11-13T10:30:00,944.3128751490103,944.3128751490103,0
2025-11-13T10:45:00,944.3128751490103,944.3128751490103,0
2025-11-13T11:00:00,944.3128751490103,944.3128751490103,0
2025-11-13T11:15:00,944.3128751490103,944.3128751490103,0
2025-11-13T11:30:00,944.3128751490103,944.3128751490103,0
2025-11-13T11:45:00,944.3128751490103,944.3128751490103,0
2025-11-13T12:00:00,944.3128751490103,944.3128751490103,0
2025-11-13T12:15:00,944.3128751490103,944.3128751490103,0
2025-11-13T12:30:00,944.3128751490103,944.3128751490103,0
2025-11-13T12:45:00,944.3128751490103,944.3128751490103,0
2025-11-13T13:00:00,944.3128751490103,944.3128751490103,0
2025-11-13T13:15:00,944.3128751490103,944.3128751490103,0
2025-11-13T13:30:00,944.3128751490103,944.3128751490103,0
2025-11-13T13:45:00,944.3128751490103,944.3128751490103,0
2025-11-13T14:00:00,944.3128751490103,944.3128751490103,0
2025-11-13T14:15:00,944.3128751490103,944.3128751490103,0
2025-11-13T14:30:00,944.3128751490103,944.3128751490103,0
2025-11-13T14:45:00,944.3128751490103,944.3128751490103,0
2025-11-13T15:00:00,944.3128751490103,944.3128751490103,0
2025-11-13T15:15:00,944.3128751490103,944.3128751490103,0
2025-11-13T15:30:00,944.3128751490103,944.3128751490103,0
2025-11-13T15:45:00,944.3128751490103,944.3128751490103,0
2025-11-13T16:00:00,944.3128751490103,944.3128751490103,0
2025-11-13T16:15:00,944.3128751490103,944.3128751490103,0
2025-11-13T16:30:00,944.3128751490103,944.3128751490103,0
2025-11-13T16:45:00,944.3128751490103,944.3128751490103,0
2025-11-13T17:00:00,943.3069346281966,811.8975465441155,1
2025-11-13T17:15:00,941.143675194691,811.8975465441155,1
2025-11-13T17:30:00,945.9764546274928,811.8975465441155,1
2025-11-13T17:45:00,949.7002823447532,811.8975465441155,1
2025-11-13T18:00:00,952.8937418502328,811.8975465441155,1
2025-11-13T18:15:00,952.2364067029047,811.8975465441155,1
2025-11-13T18:30:00,954.5057397787664,811.8975465441155,1
2025-11-13T18:45:00,956.415065341177,811.8975465441155,1
2025-11-13T19:00:00,956.9582909641523,811.8975465441155,1
2025-11-13T19:15:00,953.4128598272182,811.8975465441155,1
2025-11-13T19:30:00,956.6593561538759,811.8975465441155,1
2025-11-13T19:45:00,958.9913691093117,811.8975465441155,1
2025-11-13T20:00:00,962.0273253276564,811.8975465441155,1
2025-11-13T20:15:00,962.5689437742325,811.8975465441155,1
2025-11-13T20:30:00,961.2623093615728,811.8975465441155,1
2025-11-13T20:45:00,963.1764564531813,811.8975465441155,1
2025-11-13T21:00:00,959.5952381856462,959.5952381856462,0
2025-11-13T21:15:00,959.5952381856462,959.5952381856462,0
2025-11-13T21:30:00,959.5952381856462,959.5952381856462,0
2025-11-13T21:45:00,959.5952381856462,959.5952381856462,0
2025-11-13T22:00:00,959.5952381856462,959.5952381856462,0
2025-11-13T22:15:00,959.5952381856462,959.5952381856462,0
2025-11-13T22:30:00,959.5952381856462,959.5952381856462,0
2025-11-13T22:45:00,959.5952381856462,959.5952381856462,0
2025-11-13T23:00:00,959.5952381856462,959.5952381856462,0
2025-11-13T23:15:00,959.5952381856462,959.5952381856462,0
2025-11-13T23:30:00,959.5952381856462,959.5952381856462,0
2025-11-13T23:45:00,959.5952381856462,959.5952381856462,0
2025-11-14T00:00:00,959.5952381856462,959.5952381856462,0
2025-11-14T00:15:00,959.5952381856462,959.5952381856462,0
2025-11-14T00:30:00,959.5952381856462,959.5952381856462,0
2025-11-14T00:45:00,959.5952381856462,959.5952381856462,0
2025-11-14T01:00:00,959.5952381856462,959.5952381856462,0
2025-11-14T01:15:00,959.5952381856462,959.5952381856462,0
2025-11-14T01:30:00,959.5952381856462,959.5952381856462,0
2025-11-14T01:45:00,959.5952381856462,959.5952381856462,0
2025-11-14T02:00:00,959.5952381856462,959.5952381856462,0
2025-11-14T02:15:00,959.5952381856462,959.5952381856462,0
2025-11-14T02:30:00,959.5952381856462,959.5952381856462,0
2025-11-14T02:45:00,959.5952381856462,959.5952381856462,0
2025-11-14T03:00:00,959.5952381856462,959.5952381856462,0
2025-11-14T03:15:00,959.5952381856462,959.5952381856462,0
2025-11-14T03:30:00,959.5952381856462,959.5952381856462,0
2025-11-14T03:45:00,959.5952381856462,959.5952381856462,0
2025-11-14T04:00:00,959.5952381856462,959.5952381856462,0
2025-11-14T04:15:00,959.5952381856462,959.5952381856462,0
2025-11-14T04:30:00,959.5952381856462,959.5952381856462,0
2025-11-14T04:45:00,959.5952381856462,959.5952381856462,0
2025-11-14T05:00:00,959.5952381856462,959.5952381856462,0
2025-11-14T05:15:00,959.5952381856462,959.5952381856462,0
2025-11-14T05:30:00,959.5952381856462,959.5952381856462,0
2025-11-14T05:45:00,959.5952381856462,959.5952381856462,0
2025-11-14T06:00:00,959.5952381856462,959.5952381856462,0
2025-11-14T06:15:00,959.5952381856462,959.5952381856462,0
2025-11-14T06:30:00,959.5952381856462,959.5952381856462,0
2025-11-14T06:45:00,959.5952381856462,959.5952381856462,0
2025-11-14T07:00:00,959.5952381856462,959.5952381856462,0
2025-11-14T07:15:00,959.5952381856462,959.5952381856462,0
2025-11-14T07:30:00,959.5952381856462,959.5952381856462,0
2025-11-14T07:45:00,959.5952381856462,959.5952381856462,0
2025-11-14T08:00:00,959.5952381856462,959.5952381856462,0
2025-11-14T08:15:00,959.5952381856462,959.5952381856462,0
2025-11-14T08:30:00,959.5952381856462,959.5952381856462,0
2025-11-14T08:45:00,959.5952381856462,959.5952381856462,0
2025-11-14T09:00:00,959.5952381856462,959.5952381856462,0
2025-11-14T09:15:00,959.5952381856462,959.5952381856462,0
2025-11-14T09:30:00,959.5952381856462,959.5952381856462,0
2025-11-14T09:45:00,959.5952381856462,959.5952381856462,0
2025-11-14T10:00:00,959.5952381856462,959.5952381856462,0
2025-11-14T10:15:00,959.5952381856462,959.5952381856462,0
2025-11-14T10:30:00,959.5952381856462,959.5952381856462,0
2025-11-14T10:45:00,959.5952381856462,959.5952381856462,0
2025-11-14T11:00:00,959.5952381856462,959.5952381856462,0
2025-11-14T11:15:00,959.5952381856462,959.5952381856462,0
2025-11-14T11:30:00,958.573017945857,825.0369555063021,1
2025-11-14T11:45:00,957.4392803530802,825.0369555063021,1
2025-11-14T12:00:00,961.36190951296,825.0369555063021,1
2025-11-14T12:15:00,961.4236561897225,825.0369555063021,1
2025-11-14T12:30:00,967.8967661369837,825.0369555063021,1
2025-11-14T12:45:00,960.5146078929422,825.0369555063021,1
2025-11-14T13:00:00,961.6723580822378,825.0369555063021,1
2025-11-14T13:15:00,964.3257499975566,825.0369555063021,1
2025-11-14T13:30:00,967.1026352664003,825.0369555063021,1
2025-11-14T13:45:00,961.3173146908539,825.0369555063021,1
2025-11-14T14:00:00,959.0069598686596,825.0369555063021,1
2025-11-14T14:15:00,958.7038863643049,958.7038863643049,0
2025-11-14T14:30:00,958.7038863643049,958.7038863643049,0
2025-11-14T14:45:00,958.7038863643049,958.7038863643049,0
2025-11-14T15:00:00,958.7038863643049,958.7038863643049,0
2025-11-14T15:15:00,958.7038863643049,958.7038863643049,0
2025-11-14T15:30:00,958.7038863643049,958.7038863643049,0
2025-11-14T15:45:00,958.7038863643049,958.7038863643049,0
2025-11-14T16:00:00,958.7038863643049,958.7038863643049,0
2025-11-14T16:15:00,958.7038863643049,958.7038863643049,0
2025-11-14T16:30:00,958.7038863643049,958.7038863643049,0
2025-11-14T16:45:00,958.7038863643049,958.7038863643049,0
2025-11-14T17:00:00,958.7038863643049,958.7038863643049,0
2025-11-14T17:15:00,958.7038863643049,958.7038863643049,0
2025-11-14T17:30:00,958.7038863643049,958.7038863643049,0
2025-11-14T17:45:00,958.7038863643049,958.7038863643049,0
2025-11-14T18:00:00,958.7038863643049,958.7038863643049,0
2025-11-14T18:15:00,958.7038863643049,958.7038863643049,0
2025-11-14T18:30:00,958.7038863643049,958.7038863643049,0
2025-11-14T18:45:00,958.7038863643049,958.7038863643049,0
2025-11-14T19:00:00,958.7038863643049,958.7038863643049,0
2025-11-14T19:15:00,958.7038863643049,958.7038863643049,0
2025-11-14T19:30:00,958.7038863643049,958.7038863643049,0
2025-11-14T19:45:00,958.7038863643049,958.7038863643049,0
2025-11-14T20:00:00,958.7038863643049,958.7038863643049,0
2025-11-14T20:15:00,958.7038863643049,958.7038863643049,0
2025-11-14T20:30:00,957.6826156476441,824.2705926027566,1
2025-11-14T20:45:00,956.4098420933947,824.2705926027566,1
2025-11-14T21:00:00,952.6842741592963,824.2705926027566,1
2025-11-14T21:15:00,952.6344625087252,824.2705926027566,1
2025-11-14T21:30:00,951.0336191179553,824.2705926027566,1
2025-11-14T21:45:00,951.3101596607814,824.2705926027566,1
2025-11-14T22:00:00,955.0305746655104,824.2705926027566,1
2025-11-14T22:15:00,951.0319014748322,824.2705926027566,1
2025-11-14T22:30:00,950.1473152664132,824.2705926027566,1
2025-11-14T22:45:00,952.7838974604385,824.2705926027566,1
2025-11-14T23:00:00,959.164941662917,824.2705926027566,1
2025-11-14T23:15:00,961.6915946970612,824.2705926027566,1
2025-11-14T23:30:00,959.3470118339702,824.2705926027566,1
2025-11-14T23:45:00,960.7640674105637,824.2705926027566,1
2025-11-15T00:00:00,955.408456152602,824.2705926027566,1
2025-11-15T00:15:00,955.1989036915785,824.2705926027566,1
2025-11-15T00:30:00,956.8615822347815,824.2705926027566,1
2025-11-15T00:45:00,955.8069493571713,824.2705926027566,1
2025-11-15T01:00:00,954.4106755797646,954.4106755797646,0
2025-11-15T01:15:00,954.4106755797646,954.4106755797646,0
2025-11-15T01:30:00,954.4106755797646,954.4106755797646,0
2025-11-15T01:45:00,954.4106755797646,954.4106755797646,0
2025-11-15T02:00:00,954.4106755797646,954.4106755797646,0
2025-11-15T02:15:00,954.4106755797646,954.4106755797646,0
2025-11-15T02:30:00,954.4106755797646,954.4106755797646,0
2025-11-15T02:45:00,954.4106755797646,954.4106755797646,0
2025-11-15T03:00:00,954.4106755797646,954.4106755797646,0
2025-11-15T03:15:00,954.4106755797646,954.4106755797646,0
2025-11-15T03:30:00,954.4106755797646,954.4106755797646,0
2025-11-15T03:45:00,954.4106755797646,954.4106755797646,0
2025-11-15T04:00:00,954.4106755797646,954.4106755797646,0
2025-11-15T04:15:00,954.4106755797646,954.4106755797646,0
2025-11-15T04:30:00,954.4106755797646,954.4106755797646,0
2025-11-15T04:45:00,954.4106755797646,954.4106755797646,0
2025-11-15T05:00:00,954.4106755797646,954.4106755797646,0
2025-11-15T05:15:00,954.4106755797646,954.4106755797646,0
2025-11-15T05:30:00,954.4106755797646,954.4106755797646,0
2025-11-15T05:45:00,954.4106755797646,954.4106755797646,0
2025-11-15T06:00:00,954.4106755797646,954.4106755797646,0
2025-11-15T06:15:00,954.4106755797646,954.4106755797646,0
2025-11-15T06:30:00,954.4106755797646,954.4106755797646,0
2025-11-15T06:45:00,954.4106755797646,954.4106755797646,0
2025-11-15T07:00:00,954.4106755797646,954.4106755797646,0
2025-11-15T07:15:00,954.4106755797646,954.4106755797646,0
2025-11-15T07:30:00,954.4106755797646,954.4106755797646,0
2025-11-15T07:45:00,954.4106755797646,954.4106755797646,0
2025-11-15T08:00:00,954.4106755797646,954.4106755797646,0
2025-11-15T08:15:00,954.4106755797646,954.4106755797646,0
2025-11-15T08:30:00,953.3939782569506,820.5793930072678,1
2025-11-15T08:45:00,954.3136064210518,820.5793930072678,1
2025-11-15T09:00:00,951.5122252483369,820.5793930072678,1
2025-11-15T09:15:00,951.5785200697786,820.5793930072678,1
2025-11-15T09:30:00,951.219848087107,820.5793930072678,1
2025-11-15T09:45:00,952.7004324326377,820.5793930072678,1
2025-11-15T10:00:00,952.9316143740753,820.5793930072678,1
2025-11-15T10:15:00,951.7111097126619,820.5793930072678,1
2025-11-15T10:30:00,949.6908272739659,949.6908272739659,0
2025-11-15T10:45:00,949.6908272739659,949.6908272739659,0
2025-11-15T11:00:00,949.6908272739659,949.6908272739659,0
2025-11-15T11:15:00,949.6908272739659,949.6908272739659,0
2025-11-15T11:30:00,949.6908272739659,949.6908272739659,0
2025-11-15T11:45:00,949.6908272739659,949.6908272739659,0
2025-11-15T12:00:00,949.6908272739659,949.6908272739659,0
2025-11-15T12:15:00,949.6908272739659,949.6908272739659,0
2025-11-15T12:30:00,949.6908272739659,949.6908272739659,0
2025-11-15T12:45:00,949.6908272739659,949.6908272739659,0
2025-11-15T13:00:00,949.6908272739659,949.6908272739659,0
2025-11-15T13:15:00,949.6908272739659,949.6908272739659,0
2025-11-15T13:30:00,949.6908272739659,949.6908272739659,0
2025-11-15T13:45:00,949.6908272739659,949.6908272739659,0
2025-11-15T14:00:00,949.6908272739659,949.6908272739659,0
2025-11-15T14:15:00,949.6908272739659,949.6908272739659,0
2025-11-15T14:30:00,949.6908272739659,949.6908272739659,0
2025-11-15T14:45:00,949.6908272739659,949.6908272739659,0
2025-11-15T15:00:00,949.6908272739659,949.6908272739659,0
2025-11-15T15:15:00,949.6908272739659,949.6908272739659,0
2025-11-15T15:30:00,949.6908272739659,949.6908272739659,0
2025-11-15T15:45:00,949.6908272739659,949.6908272739659,0
2025-11-15T16:00:00,949.6908272739659,949.6908272739659,0
2025-11-15T16:15:00,949.6908272739659,949.6908272739659,0
2025-11-15T16:30:00,949.6908272739659,949.6908272739659,0
2025-11-15T16:45:00,949.6908272739659,949.6908272739659,0
2025-11-15T17:00:00,949.6908272739659,949.6908272739659,0
2025-11-15T17:15:00,949.6908272739659,949.6908272739659,0
2025-11-15T17:30:00,949.6908272739659,949.6908272739659,0
2025-11-15T17:45:00,949.6908272739659,949.6908272739659,0
2025-11-15T18:00:00,948.6815510519614,816.5213807103013,1
2025-11-15T18:15:00,945.8866546425049,816.5213807103013,1
2025-11-15T18:30:00,945.9063833230423,816.5213807103013,1
2025-11-15T18:45:00,945.0810668538969,816.5213807103013,1
2025-11-15T19:00:00,945.6877237804201,816.5213807103013,1
2025-11-15T19:15:00,944.0831244300498,816.5213807103013,1
2025-11-15T19:30:00,942.8545553747779,942.8545553747779,0
2025-11-15T19:45:00,942.8545553747779,942.8545553747779,0
2025-11-15T20:00:00,941.8501683464472,810.643718201905,1
2025-11-15T20:15:00,942.6707731050627,810.643718201905,1
2025-11-15T20:30:00,944.1815948249173,810.643718201905,1
2025-11-15T20:45:00,945.1331940923185,810.643718201905,1
2025-11-15T21:00:00,943.5653966555899,810.643718201905,1
2025-11-15T21:15:00,944.3685722500892,810.643718201905,1
2025-11-15T21:30:00,945.4208304558204,810.643718201905,1
2025-11-15T21:45:00,945.1195706634047,810.643718201905,1
2025-11-15T22:00:00,943.6573410118617,810.643718201905,1
2025-11-15T22:15:00,943.285592384824,810.643718201905,1
2025-11-15T22:30:00,943.9715623661992,810.643718201905,1
2025-11-15T22:45:00,943.2463216099796,810.643718201905,1
2025-11-15T23:00:00,943.2631572980962,943.2631572980962,0
2025-11-15T23:15:00,943.2631572980962,943.2631572980962,0
2025-11-15T23:30:00,943.2631572980962,943.2631572980962,0
2025-11-15T23:45:00,943.2631572980962,943.2631572980962,0
2025-11-16T00:00:00,943.2631572980962,943.2631572980962,0
2025-11-16T00:15:00,943.2631572980962,943.2631572980962,0
2025-11-16T00:30:00,943.2631572980962,943.2631572980962,0
2025-11-16T00:45:00,943.2631572980962,943.2631572980962,0
2025-11-16T01:00:00,943.2631572980962,943.2631572980962,0
2025-11-16T01:15:00,943.2631572980962,943.2631572980962,0
2025-11-16T01:30:00,943.2631572980962,943.2631572980962,0
2025-11-16T01:45:00,943.2631572980962,943.2631572980962,0
2025-11-16T02:00:00,943.2631572980962,943.2631572980962,0
2025-11-16T02:15:00,943.2631572980962,943.2631572980962,0
2025-11-16T02:30:00,943.2631572980962,943.2631572980962,0
2025-11-16T02:45:00,943.2631572980962,943.2631572980962,0
2025-11-16T03:00:00,943.2631572980962,943.2631572980962,0
2025-11-16T03:15:00,943.2631572980962,943.2631572980962,0
2025-11-16T03:30:00,943.2631572980962,943.2631572980962,0
2025-11-16T03:45:00,943.2631572980962,943.2631572980962,0
2025-11-16T04:00:00,943.2631572980962,943.2631572980962,0
2025-11-16T04:15:00,943.2631572980962,943.2631572980962,0
2025-11-16T04:30:00,943.2631572980962,943.2631572980962,0
2025-11-16T04:45:00,943.2631572980962,943.2631572980962,0
2025-11-16T05:00:00,943.2631572980962,943.2631572980962,0
2025-11-16T05:15:00,943.2631572980962,943.2631572980962,0
2025-11-16T05:30:00,943.2631572980962,943.2631572980962,0
2025-11-16T05:45:00,943.2631572980962,943.2631572980962,0
2025-11-16T06:00:00,943.2631572980962,943.2631572980962,0
2025-11-16T06:15:00,943.2631572980962,943.2631572980962,0
2025-11-16T06:30:00,943.2631572980962,943.2631572980962,0
2025-11-16T06:45:00,943.2631572980962,943.2631572980962,0
2025-11-16T07:00:00,943.2631572980962,943.2631572980962,0
2025-11-16T07:15:00,943.2631572980962,943.2631572980962,0
2025-11-16T07:30:00,943.2631572980962,943.2631572980962,0
2025-11-16T07:45:00,942.2607120302121,810.995024329128,1
2025-11-16T08:00:00,940.4219448131286,940.4219448131286,0
2025-11-16T08:15:00,940.4219448131286,940.4219448131286,0
2025-11-16T08:30:00,940.4219448131286,940.4219448131286,0
2025-11-16T08:45:00,940.4219448131286,940.4219448131286,0
2025-11-16T09:00:00,940.4219448131286,940.4219448131286,0
2025-11-16T09:15:00,940.4219448131286,940.4219448131286,0
2025-11-16T09:30:00,940.4219448131286,940.4219448131286,0
2025-11-16T09:45:00,940.4219448131286,940.4219448131286,0
2025-11-16T10:00:00,940.4219448131286,940.4219448131286,0
2025-11-16T10:15:00,940.4219448131286,940.4219448131286,0
2025-11-16T10:30:00,940.4219448131286,940.4219448131286,0
2025-11-16T10:45:00,940.4219448131286,940.4219448131286,0
2025-11-16T11:00:00,940.4219448131286,940.4219448131286,0
2025-11-16T11:15:00,940.4219448131286,940.4219448131286,0
2025-11-16T11:30:00,940.4219448131286,940.4219448131286,0
2025-11-16T11:45:00,940.4219448131286,940.4219448131286,0
2025-11-16T12:00:00,940.4219448131286,940.4219448131286,0
2025-11-16T12:15:00,940.4219448131286,940.4219448131286,0
2025-11-16T12:30:00,940.4219448131286,940.4219448131286,0
2025-11-16T12:45:00,940.4219448131286,940.4219448131286,0
2025-11-16T13:00:00,940.4219448131286,940.4219448131286,0
2025-11-16T13:15:00,940.4219448131286,940.4219448131286,0
2025-11-16T13:30:00,940.4219448131286,940.4219448131286,0
2025-11-16T13:45:00,940.4219448131286,940.4219448131286,0
2025-11-16T14:00:00,940.4219448131286,940.4219448131286,0
2025-11-16T14:15:00,940.4219448131286,940.4219448131286,0
2025-11-16T14:30:00,940.4219448131286,940.4219448131286,0
2025-11-16T14:45:00,940.4219448131286,940.4219448131286,0
2025-11-16T15:00:00,940.4219448131286,940.4219448131286,0
2025-11-16T15:15:00,940.4219448131286,940.4219448131286,0
2025-11-16T15:30:00,940.4219448131286,940.4219448131286,0
2025-11-16T15:45:00,940.4219448131286,940.4219448131286,0
2025-11-16T16:00:00,940.4219448131286,940.4219448131286,0
2025-11-16T16:15:00,940.4219448131286,940.4219448131286,0
2025-11-16T16:30:00,940.4219448131286,940.4219448131286,0
2025-11-16T16:45:00,940.4219448131286,940.4219448131286,0
2025-11-16T17:00:00,939.4201491521294,808.5522180236524,1
2025-11-16T17:15:00,938.2571205727263,808.5522180236524,1
2025-11-16T17:30:00,941.0225440837513,808.5522180236524,1
2025-11-16T17:45:00,936.1895142093431,808.5522180236524,1
2025-11-16T18:00:00,929.76442743513,808.5522180236524,1
2025-11-16T18:15:00,933.2465551014087,933.2465551014087,0
2025-11-16T18:30:00,933.2465551014087,933.2465551014087,0
2025-11-16T18:45:00,933.2465551014087,933.2465551014087,0
2025-11-16T19:00:00,933.2465551014087,933.2465551014087,0
2025-11-16T19:15:00,933.2465551014087,933.2465551014087,0
2025-11-16T19:30:00,933.2465551014087,933.2465551014087,0
2025-11-16T19:45:00,933.2465551014087,933.2465551014087,0
2025-11-16T20:00:00,933.2465551014087,933.2465551014087,0
2025-11-16T20:15:00,933.2465551014087,933.2465551014087,0
2025-11-16T20:30:00,933.2465551014087,933.2465551014087,0
2025-11-16T20:45:00,933.2465551014087,933.2465551014087,0
2025-11-16T21:00:00,933.2465551014087,933.2465551014087,0
2025-11-16T21:15:00,933.2465551014087,933.2465551014087,0
2025-11-16T21:30:00,933.2465551014087,933.2465551014087,0
2025-11-16T21:45:00,933.2465551014087,933.2465551014087,0
2025-11-16T22:00:00,933.2465551014087,933.2465551014087,0
2025-11-16T22:15:00,933.2465551014087,933.2465551014087,0
2025-11-16T22:30:00,933.2465551014087,933.2465551014087,0
2025-11-16T22:45:00,933.2465551014087,933.2465551014087,0
2025-11-16T23:00:00,933.2465551014087,933.2465551014087,0
2025-11-16T23:15:00,933.2465551014087,933.2465551014087,0
2025-11-16T23:30:00,933.2465551014087,933.2465551014087,0
2025-11-16T23:45:00,933.2465551014087,933.2465551014087,0
2025-11-17T00:00:00,933.2465551014087,933.2465551014087,0
2025-11-17T00:15:00,933.2465551014087,933.2465551014087,0
2025-11-17T00:30:00,933.2465551014087,933.2465551014087,0
2025-11-17T00:45:00,933.2465551014087,933.2465551014087,0
2025-11-17T01:00:00,933.2465551014087,933.2465551014087,0
2025-11-17T01:15:00,933.2465551014087,933.2465551014087,0
2025-11-17T01:30:00,933.2465551014087,933.2465551014087,0
2025-11-17T01:45:00,933.2465551014087,933.2465551014087,0
2025-11-17T02:00:00,933.2465551014087,933.2465551014087,0
2025-11-17T02:15:00,933.2465551014087,933.2465551014087,0
2025-11-17T02:30:00,933.2465551014087,933.2465551014087,0
2025-11-17T02:45:00,933.2465551014087,933.2465551014087,0
2025-11-17T03:00:00,933.2465551014087,933.2465551014087,0
2025-11-17T03:15:00,933.2465551014087,933.2465551014087,0
2025-11-17T03:30:00,933.2465551014087,933.2465551014087,0
2025-11-17T03:45:00,933.2465551014087,933.2465551014087,0
2025-11-17T04:00:00,933.2465551014087,933.2465551014087,0
2025-11-17T04:15:00,933.2465551014087,933.2465551014087,0
2025-11-17T04:30:00,933.2465551014087,933.2465551014087,0
2025-11-17T04:45:00,933.2465551014087,933.2465551014087,0
2025-11-17T05:00:00,933.2465551014087,933.2465551014087,0
2025-11-17T05:15:00,933.2465551014087,933.2465551014087,0
2025-11-17T05:30:00,933.2465551014087,933.2465551014087,0
2025-11-17T05:45:00,933.2465551014087,933.2465551014087,0
2025-11-17T06:00:00,933.2465551014087,933.2465551014087,0
